started_at=2026-09-09T16:22:40Z
warning: binary `fuzz_bind` should have a kebab-case name
   |
 1 | /Users/user/code/rsWordParser/fuzz/target/.../fuzz_bind
   |                                               ^^^^^^^^^
   |
   = note: `cargo::non_kebab_case_bins` is set to `warn` by default
help: to change the binary name to `fuzz-bind`, convert `bin.name`
  --> Cargo.toml:58:8
   |
58 - name = "fuzz_bind"
58 + name = "fuzz-bind"
   |
warning: binary `fuzz_edit` should have a kebab-case name
   |
 1 | /Users/user/code/rsWordParser/fuzz/target/.../fuzz_edit
   |                                               ^^^^^^^^^
   |
help: to change the binary name to `fuzz-edit`, convert `bin.name`
  --> Cargo.toml:51:8
   |
51 - name = "fuzz_edit"
51 + name = "fuzz-edit"
   |
warning: binary `fuzz_embedded` should have a kebab-case name
   |
 1 | /Users/user/code/rsWordParser/fuzz/target/.../fuzz_embedded
   |                                               ^^^^^^^^^^^^^
   |
help: to change the binary name to `fuzz-embedded`, convert `bin.name`
  --> Cargo.toml:44:8
   |
44 - name = "fuzz_embedded"
44 + name = "fuzz-embedded"
   |
warning: binary `fuzz_instr` should have a kebab-case name
   |
 1 | /Users/user/code/rsWordParser/fuzz/target/.../fuzz_instr
   |                                               ^^^^^^^^^^
   |
help: to change the binary name to `fuzz-instr`, convert `bin.name`
  --> Cargo.toml:37:8
   |
37 - name = "fuzz_instr"
37 + name = "fuzz-instr"
   |
warning: binary `fuzz_xml` should have a kebab-case name
   |
 1 | /Users/user/code/rsWordParser/fuzz/target/.../fuzz_xml
   |                                               ^^^^^^^^
   |
help: to change the binary name to `fuzz-xml`, convert `bin.name`
  --> Cargo.toml:23:8
   |
23 - name = "fuzz_xml"
23 + name = "fuzz-xml"
   |
warning: binary `fuzz_zip` should have a kebab-case name
   |
 1 | /Users/user/code/rsWordParser/fuzz/target/.../fuzz_zip
   |                                               ^^^^^^^^
   |
help: to change the binary name to `fuzz-zip`, convert `bin.name`
  --> Cargo.toml:30:8
   |
30 - name = "fuzz_zip"
30 + name = "fuzz-zip"
   |
warning: `rsword-fuzz` (manifest) generated 6 warnings
warning: binary `rsword_e2e_driver` should have a kebab-case name
  |
1 | /Users/user/code/rsWordParser/fuzz/target/.../rsword_e2e_driver
  |                                               ^^^^^^^^^^^^^^^^^
  |
  = note: `cargo::non_kebab_case_bins` is set to `warn` by default
help: to change the binary name to `rsword-e2e-driver`, convert the file stem
  |
1 - src/bin/rsword_e2e_driver.rs
1 + src/bin/rsword-e2e-driver.rs
  |
warning: `rsword` (manifest) generated 1 warning
    Blocking waiting for file lock on package cache
    Blocking waiting for file lock on package cache
    Blocking waiting for file lock on package cache
    Blocking waiting for file lock on build directory
    Finished `release` profile [optimized + debuginfo] target(s) in 0.09s
warning: binary `fuzz_bind` should have a kebab-case name
   |
 1 | /Users/user/code/rsWordParser/fuzz/target/.../fuzz_bind
   |                                               ^^^^^^^^^
   |
   = note: `cargo::non_kebab_case_bins` is set to `warn` by default
help: to change the binary name to `fuzz-bind`, convert `bin.name`
  --> Cargo.toml:58:8
   |
58 - name = "fuzz_bind"
58 + name = "fuzz-bind"
   |
warning: binary `fuzz_edit` should have a kebab-case name
   |
 1 | /Users/user/code/rsWordParser/fuzz/target/.../fuzz_edit
   |                                               ^^^^^^^^^
   |
help: to change the binary name to `fuzz-edit`, convert `bin.name`
  --> Cargo.toml:51:8
   |
51 - name = "fuzz_edit"
51 + name = "fuzz-edit"
   |
warning: binary `fuzz_embedded` should have a kebab-case name
   |
 1 | /Users/user/code/rsWordParser/fuzz/target/.../fuzz_embedded
   |                                               ^^^^^^^^^^^^^
   |
help: to change the binary name to `fuzz-embedded`, convert `bin.name`
  --> Cargo.toml:44:8
   |
44 - name = "fuzz_embedded"
44 + name = "fuzz-embedded"
   |
warning: binary `fuzz_instr` should have a kebab-case name
   |
 1 | /Users/user/code/rsWordParser/fuzz/target/.../fuzz_instr
   |                                               ^^^^^^^^^^
   |
help: to change the binary name to `fuzz-instr`, convert `bin.name`
  --> Cargo.toml:37:8
   |
37 - name = "fuzz_instr"
37 + name = "fuzz-instr"
   |
warning: binary `fuzz_xml` should have a kebab-case name
   |
 1 | /Users/user/code/rsWordParser/fuzz/target/.../fuzz_xml
   |                                               ^^^^^^^^
   |
help: to change the binary name to `fuzz-xml`, convert `bin.name`
  --> Cargo.toml:23:8
   |
23 - name = "fuzz_xml"
23 + name = "fuzz-xml"
   |
warning: binary `fuzz_zip` should have a kebab-case name
   |
 1 | /Users/user/code/rsWordParser/fuzz/target/.../fuzz_zip
   |                                               ^^^^^^^^
   |
help: to change the binary name to `fuzz-zip`, convert `bin.name`
  --> Cargo.toml:30:8
   |
30 - name = "fuzz_zip"
30 + name = "fuzz-zip"
   |
warning: `rsword-fuzz` (manifest) generated 6 warnings
warning: binary `rsword_e2e_driver` should have a kebab-case name
  |
1 | /Users/user/code/rsWordParser/fuzz/target/.../rsword_e2e_driver
  |                                               ^^^^^^^^^^^^^^^^^
  |
  = note: `cargo::non_kebab_case_bins` is set to `warn` by default
help: to change the binary name to `rsword-e2e-driver`, convert the file stem
  |
1 - src/bin/rsword_e2e_driver.rs
1 + src/bin/rsword-e2e-driver.rs
  |
warning: `rsword` (manifest) generated 1 warning
    Blocking waiting for file lock on package cache
    Blocking waiting for file lock on package cache
    Blocking waiting for file lock on package cache
    Blocking waiting for file lock on package cache
    Finished `release` profile [optimized + debuginfo] target(s) in 0.05s
     Running `target/aarch64-apple-darwin/release/fuzz_instr -artifact_prefix=/Users/user/code/rsWordParser/fuzz/artifacts/fuzz_instr/ -max_total_time=600 -timeout=20 -rss_limit_mb=4096 -artifact_prefix=/tmp/rsword-fuzz-long-artifacts-fuzz_instr.jDPFfn/ /tmp/rsword-fuzz-long-fuzz_instr.hAQbLV`
INFO: Running with entropic power schedule (0xFF, 100).
INFO: Seed: 1121464261
INFO: Loaded 1 modules   (524898 inline 8-bit counters): 524898 [0x1020b5f30, 0x102136192), 
INFO: Loaded 1 PC tables (524898 PCs): 524898 [0x102136198,0x1029387b8), 
INFO:       15 files found in /tmp/rsword-fuzz-long-fuzz_instr.hAQbLV
INFO: -max_len is not provided; libFuzzer will not generate inputs larger than 4096 bytes
INFO: seed corpus: files: 15 min: 6b max: 45b total: 371b rss: 47Mb
#16	INITED cov: 307 ft: 601 corp: 15/371b exec/s: 0 rss: 49Mb
#17	NEW    cov: 316 ft: 619 corp: 16/395b lim: 45 exec/s: 0 rss: 49Mb L: 24/45 MS: 1 ChangeBit-
#18	NEW    cov: 318 ft: 623 corp: 17/419b lim: 45 exec/s: 0 rss: 49Mb L: 24/45 MS: 1 ChangeBit-
#20	NEW    cov: 319 ft: 627 corp: 18/459b lim: 45 exec/s: 0 rss: 49Mb L: 40/45 MS: 2 ChangeBit-ChangeBit-
#21	NEW    cov: 321 ft: 630 corp: 19/483b lim: 45 exec/s: 0 rss: 49Mb L: 24/45 MS: 1 CrossOver-
#26	NEW    cov: 324 ft: 642 corp: 20/502b lim: 45 exec/s: 0 rss: 49Mb L: 19/45 MS: 5 ChangeByte-ChangeBinInt-ChangeByte-ShuffleBytes-EraseBytes-
#27	NEW    cov: 328 ft: 657 corp: 21/518b lim: 45 exec/s: 0 rss: 49Mb L: 16/45 MS: 1 ChangeBinInt-
#28	NEW    cov: 328 ft: 663 corp: 22/528b lim: 45 exec/s: 0 rss: 49Mb L: 10/45 MS: 1 CrossOver-
#29	NEW    cov: 333 ft: 675 corp: 23/552b lim: 45 exec/s: 0 rss: 49Mb L: 24/45 MS: 1 ChangeBinInt-
#30	NEW    cov: 335 ft: 688 corp: 24/580b lim: 45 exec/s: 0 rss: 49Mb L: 28/45 MS: 1 InsertRepeatedBytes-
#31	NEW    cov: 345 ft: 708 corp: 25/611b lim: 45 exec/s: 0 rss: 49Mb L: 31/45 MS: 1 CMP- DE: "\377\377\377\377"-
#32	NEW    cov: 349 ft: 713 corp: 26/634b lim: 45 exec/s: 0 rss: 49Mb L: 23/45 MS: 1 InsertRepeatedBytes-
#33	NEW    cov: 349 ft: 714 corp: 27/665b lim: 45 exec/s: 0 rss: 49Mb L: 31/45 MS: 1 CopyPart-
#35	NEW    cov: 350 ft: 715 corp: 28/689b lim: 45 exec/s: 0 rss: 49Mb L: 24/45 MS: 2 ShuffleBytes-CrossOver-
#36	NEW    cov: 350 ft: 727 corp: 29/730b lim: 45 exec/s: 0 rss: 50Mb L: 41/45 MS: 1 CopyPart-
#37	NEW    cov: 352 ft: 734 corp: 30/745b lim: 45 exec/s: 0 rss: 50Mb L: 15/45 MS: 1 InsertByte-
#38	NEW    cov: 358 ft: 746 corp: 31/769b lim: 45 exec/s: 0 rss: 50Mb L: 24/45 MS: 1 CrossOver-
#39	NEW    cov: 361 ft: 757 corp: 32/789b lim: 45 exec/s: 0 rss: 50Mb L: 20/45 MS: 1 EraseBytes-
#41	NEW    cov: 362 ft: 758 corp: 33/834b lim: 45 exec/s: 0 rss: 50Mb L: 45/45 MS: 2 CopyPart-ChangeBit-
#43	NEW    cov: 364 ft: 765 corp: 34/870b lim: 45 exec/s: 0 rss: 50Mb L: 36/45 MS: 2 EraseBytes-PersAutoDict- DE: "\377\377\377\377"-
#44	NEW    cov: 366 ft: 777 corp: 35/894b lim: 45 exec/s: 0 rss: 50Mb L: 24/45 MS: 1 ChangeBinInt-
#45	NEW    cov: 366 ft: 784 corp: 36/929b lim: 45 exec/s: 0 rss: 50Mb L: 35/45 MS: 1 CopyPart-
#46	NEW    cov: 366 ft: 785 corp: 37/953b lim: 45 exec/s: 0 rss: 50Mb L: 24/45 MS: 1 ChangeBinInt-
#47	NEW    cov: 366 ft: 786 corp: 38/969b lim: 45 exec/s: 0 rss: 50Mb L: 16/45 MS: 1 ChangeBinInt-
#48	NEW    cov: 368 ft: 788 corp: 39/994b lim: 45 exec/s: 0 rss: 50Mb L: 25/45 MS: 1 InsertByte-
#49	NEW    cov: 369 ft: 789 corp: 40/1017b lim: 45 exec/s: 0 rss: 50Mb L: 23/45 MS: 1 ChangeBinInt-
#50	NEW    cov: 369 ft: 790 corp: 41/1041b lim: 45 exec/s: 0 rss: 50Mb L: 24/45 MS: 1 ChangeByte-
#52	NEW    cov: 369 ft: 792 corp: 42/1068b lim: 45 exec/s: 0 rss: 50Mb L: 27/45 MS: 2 ChangeBit-CopyPart-
#57	NEW    cov: 369 ft: 793 corp: 43/1083b lim: 45 exec/s: 0 rss: 50Mb L: 15/45 MS: 5 ShuffleBytes-PersAutoDict-InsertByte-ShuffleBytes-ChangeByte- DE: "\377\377\377\377"-
#58	NEW    cov: 370 ft: 794 corp: 44/1089b lim: 45 exec/s: 0 rss: 50Mb L: 6/45 MS: 1 ShuffleBytes-
#62	NEW    cov: 373 ft: 801 corp: 45/1110b lim: 45 exec/s: 0 rss: 50Mb L: 21/45 MS: 4 InsertByte-PersAutoDict-ShuffleBytes-ChangeBinInt- DE: "\377\377\377\377"-
#64	NEW    cov: 373 ft: 804 corp: 46/1145b lim: 45 exec/s: 0 rss: 50Mb L: 35/45 MS: 2 ChangeBit-ShuffleBytes-
#65	NEW    cov: 374 ft: 833 corp: 47/1186b lim: 45 exec/s: 0 rss: 50Mb L: 41/45 MS: 1 CrossOver-
#66	NEW    cov: 375 ft: 839 corp: 48/1192b lim: 45 exec/s: 0 rss: 50Mb L: 6/45 MS: 1 ChangeBinInt-
#68	NEW    cov: 376 ft: 841 corp: 49/1214b lim: 45 exec/s: 0 rss: 50Mb L: 22/45 MS: 2 ChangeByte-InsertRepeatedBytes-
#72	NEW    cov: 376 ft: 843 corp: 50/1249b lim: 45 exec/s: 0 rss: 50Mb L: 35/45 MS: 4 ChangeByte-PersAutoDict-ChangeBit-CrossOver- DE: "\377\377\377\377"-
#76	REDUCE cov: 376 ft: 843 corp: 50/1241b lim: 45 exec/s: 0 rss: 50Mb L: 32/45 MS: 4 ChangeBinInt-PersAutoDict-EraseBytes-CrossOver- DE: "\377\377\377\377"-
#81	NEW    cov: 377 ft: 846 corp: 51/1253b lim: 45 exec/s: 0 rss: 50Mb L: 12/45 MS: 5 ChangeBit-InsertByte-ChangeBit-CopyPart-CopyPart-
#82	NEW    cov: 378 ft: 847 corp: 52/1294b lim: 45 exec/s: 0 rss: 50Mb L: 41/45 MS: 1 ShuffleBytes-
#85	NEW    cov: 378 ft: 857 corp: 53/1337b lim: 45 exec/s: 0 rss: 50Mb L: 43/45 MS: 3 PersAutoDict-ShuffleBytes-InsertRepeatedBytes- DE: "\377\377\377\377"-
#86	NEW    cov: 379 ft: 858 corp: 54/1377b lim: 45 exec/s: 0 rss: 50Mb L: 40/45 MS: 1 ChangeBinInt-
#87	NEW    cov: 379 ft: 860 corp: 55/1382b lim: 45 exec/s: 0 rss: 50Mb L: 5/45 MS: 1 CrossOver-
#88	NEW    cov: 379 ft: 873 corp: 56/1427b lim: 45 exec/s: 0 rss: 50Mb L: 45/45 MS: 1 CopyPart-
#91	NEW    cov: 381 ft: 885 corp: 57/1440b lim: 45 exec/s: 0 rss: 50Mb L: 13/45 MS: 3 PersAutoDict-InsertByte-ChangeBit- DE: "\377\377\377\377"-
#92	NEW    cov: 381 ft: 887 corp: 58/1475b lim: 45 exec/s: 0 rss: 50Mb L: 35/45 MS: 1 EraseBytes-
#95	NEW    cov: 381 ft: 889 corp: 59/1500b lim: 45 exec/s: 0 rss: 50Mb L: 25/45 MS: 3 ChangeBit-ChangeByte-InsertByte-
#99	NEW    cov: 381 ft: 894 corp: 60/1516b lim: 45 exec/s: 0 rss: 50Mb L: 16/45 MS: 4 ChangeBit-ChangeByte-ShuffleBytes-ChangeBinInt-
#100	NEW    cov: 382 ft: 900 corp: 61/1538b lim: 45 exec/s: 0 rss: 50Mb L: 22/45 MS: 1 InsertByte-
#105	NEW    cov: 383 ft: 902 corp: 62/1562b lim: 45 exec/s: 0 rss: 50Mb L: 24/45 MS: 5 ChangeBit-PersAutoDict-ChangeBit-ChangeByte-CrossOver- DE: "\377\377\377\377"-
#110	NEW    cov: 383 ft: 920 corp: 63/1605b lim: 45 exec/s: 0 rss: 50Mb L: 43/45 MS: 5 ChangeByte-EraseBytes-InsertByte-ChangeBinInt-InsertRepeatedBytes-
#113	NEW    cov: 383 ft: 922 corp: 64/1626b lim: 45 exec/s: 0 rss: 50Mb L: 21/45 MS: 3 ShuffleBytes-ShuffleBytes-CopyPart-
#116	NEW    cov: 383 ft: 923 corp: 65/1650b lim: 45 exec/s: 0 rss: 50Mb L: 24/45 MS: 3 PersAutoDict-InsertByte-ChangeBinInt- DE: "\377\377\377\377"-
#117	NEW    cov: 417 ft: 970 corp: 66/1690b lim: 45 exec/s: 0 rss: 50Mb L: 40/45 MS: 1 InsertRepeatedBytes-
#120	NEW    cov: 417 ft: 971 corp: 67/1708b lim: 45 exec/s: 0 rss: 50Mb L: 18/45 MS: 3 ChangeBinInt-ShuffleBytes-CMP- DE: "]\000"-
#121	NEW    cov: 419 ft: 974 corp: 68/1718b lim: 45 exec/s: 0 rss: 50Mb L: 10/45 MS: 1 PersAutoDict- DE: "]\000"-
#128	NEW    cov: 419 ft: 978 corp: 69/1736b lim: 45 exec/s: 0 rss: 51Mb L: 18/45 MS: 2 ChangeBit-CMP- DE: "\377\377\377\377\377\377\377\377"-
#129	NEW    cov: 419 ft: 980 corp: 70/1771b lim: 45 exec/s: 0 rss: 51Mb L: 35/45 MS: 1 ChangeByte-
#131	NEW    cov: 419 ft: 981 corp: 71/1800b lim: 45 exec/s: 0 rss: 51Mb L: 29/45 MS: 2 ChangeByte-CrossOver-
#137	NEW    cov: 419 ft: 982 corp: 72/1840b lim: 45 exec/s: 0 rss: 51Mb L: 40/45 MS: 1 PersAutoDict- DE: "]\000"-
#139	NEW    cov: 419 ft: 997 corp: 73/1880b lim: 45 exec/s: 0 rss: 51Mb L: 40/45 MS: 2 ChangeBit-CopyPart-
#149	NEW    cov: 420 ft: 998 corp: 74/1912b lim: 45 exec/s: 0 rss: 51Mb L: 32/45 MS: 5 ShuffleBytes-CopyPart-ShuffleBytes-ChangeByte-CrossOver-
#152	NEW    cov: 420 ft: 999 corp: 75/1933b lim: 45 exec/s: 0 rss: 51Mb L: 21/45 MS: 3 PersAutoDict-ChangeByte-CrossOver- DE: "\377\377\377\377"-
#158	NEW    cov: 420 ft: 1003 corp: 76/1968b lim: 45 exec/s: 0 rss: 51Mb L: 35/45 MS: 1 PersAutoDict- DE: "\377\377\377\377"-
#162	NEW    cov: 420 ft: 1008 corp: 77/2010b lim: 45 exec/s: 0 rss: 51Mb L: 42/45 MS: 4 ShuffleBytes-ChangeByte-InsertByte-CopyPart-
#163	NEW    cov: 420 ft: 1010 corp: 78/2042b lim: 45 exec/s: 0 rss: 51Mb L: 32/45 MS: 1 PersAutoDict- DE: "\377\377\377\377\377\377\377\377"-
#168	NEW    cov: 420 ft: 1016 corp: 79/2081b lim: 45 exec/s: 0 rss: 51Mb L: 39/45 MS: 5 ChangeASCIIInt-ChangeByte-ShuffleBytes-ChangeByte-CopyPart-
#169	NEW    cov: 420 ft: 1018 corp: 80/2091b lim: 45 exec/s: 0 rss: 51Mb L: 10/45 MS: 1 CrossOver-
#170	NEW    cov: 423 ft: 1024 corp: 81/2133b lim: 45 exec/s: 0 rss: 51Mb L: 42/45 MS: 1 InsertRepeatedBytes-
#176	NEW    cov: 424 ft: 1025 corp: 82/2143b lim: 45 exec/s: 0 rss: 51Mb L: 10/45 MS: 1 ChangeBinInt-
#190	REDUCE cov: 424 ft: 1025 corp: 82/2138b lim: 45 exec/s: 0 rss: 51Mb L: 19/45 MS: 4 InsertByte-ChangeByte-InsertByte-EraseBytes-
#192	NEW    cov: 424 ft: 1026 corp: 83/2173b lim: 45 exec/s: 0 rss: 51Mb L: 35/45 MS: 2 CMP-CMP- DE: "d\000\000\000"-"\000\000\000\000\000\000\000\000"-
#200	NEW    cov: 425 ft: 1027 corp: 84/2201b lim: 45 exec/s: 0 rss: 51Mb L: 28/45 MS: 3 ChangeBinInt-InsertRepeatedBytes-ShuffleBytes-
#215	NEW    cov: 425 ft: 1030 corp: 85/2243b lim: 45 exec/s: 0 rss: 51Mb L: 42/45 MS: 5 InsertByte-CopyPart-InsertRepeatedBytes-InsertRepeatedBytes-ChangeByte-
#216	NEW    cov: 425 ft: 1034 corp: 86/2262b lim: 45 exec/s: 0 rss: 51Mb L: 19/45 MS: 1 EraseBytes-
#218	NEW    cov: 425 ft: 1043 corp: 87/2304b lim: 45 exec/s: 0 rss: 51Mb L: 42/45 MS: 2 ChangeBit-CrossOver-
#224	NEW    cov: 425 ft: 1047 corp: 88/2326b lim: 45 exec/s: 0 rss: 51Mb L: 22/45 MS: 1 EraseBytes-
#225	NEW    cov: 425 ft: 1049 corp: 89/2347b lim: 45 exec/s: 0 rss: 51Mb L: 21/45 MS: 1 PersAutoDict- DE: "\000\000\000\000\000\000\000\000"-
#230	NEW    cov: 425 ft: 1055 corp: 90/2392b lim: 45 exec/s: 0 rss: 51Mb L: 45/45 MS: 5 InsertByte-CopyPart-PersAutoDict-ChangeByte-CopyPart- DE: "\377\377\377\377\377\377\377\377"-
#234	NEW    cov: 426 ft: 1056 corp: 91/2412b lim: 45 exec/s: 0 rss: 51Mb L: 20/45 MS: 4 ChangeBit-ChangeBit-EraseBytes-ChangeBinInt-
#236	NEW    cov: 428 ft: 1058 corp: 92/2457b lim: 45 exec/s: 0 rss: 51Mb L: 45/45 MS: 2 ChangeByte-ChangeByte-
#249	NEW    cov: 428 ft: 1059 corp: 93/2464b lim: 45 exec/s: 0 rss: 51Mb L: 7/45 MS: 3 ChangeByte-CopyPart-InsertByte-
#253	NEW    cov: 428 ft: 1063 corp: 94/2508b lim: 45 exec/s: 0 rss: 51Mb L: 44/45 MS: 4 ShuffleBytes-ShuffleBytes-CrossOver-CopyPart-
#254	NEW    cov: 430 ft: 1066 corp: 95/2540b lim: 45 exec/s: 0 rss: 51Mb L: 32/45 MS: 1 CopyPart-
#275	REDUCE cov: 430 ft: 1066 corp: 95/2533b lim: 45 exec/s: 0 rss: 51Mb L: 17/45 MS: 1 EraseBytes-
#283	REDUCE cov: 430 ft: 1066 corp: 95/2531b lim: 45 exec/s: 0 rss: 51Mb L: 43/45 MS: 3 CrossOver-EraseBytes-InsertRepeatedBytes-
#288	NEW    cov: 430 ft: 1070 corp: 96/2574b lim: 45 exec/s: 0 rss: 51Mb L: 43/45 MS: 5 ShuffleBytes-ChangeByte-CopyPart-InsertRepeatedBytes-InsertRepeatedBytes-
#294	NEW    cov: 430 ft: 1073 corp: 97/2616b lim: 45 exec/s: 0 rss: 51Mb L: 42/45 MS: 1 PersAutoDict- DE: "]\000"-
#296	NEW    cov: 430 ft: 1074 corp: 98/2656b lim: 45 exec/s: 0 rss: 51Mb L: 40/45 MS: 2 ChangeBinInt-ChangeBit-
#302	NEW    cov: 432 ft: 1076 corp: 99/2671b lim: 45 exec/s: 0 rss: 51Mb L: 15/45 MS: 1 EraseBytes-
#307	NEW    cov: 433 ft: 1089 corp: 100/2672b lim: 45 exec/s: 0 rss: 51Mb L: 1/45 MS: 5 ChangeBinInt-EraseBytes-ChangeBit-InsertByte-CrossOver-
#310	NEW    cov: 433 ft: 1091 corp: 101/2716b lim: 45 exec/s: 0 rss: 51Mb L: 44/45 MS: 3 ChangeByte-CrossOver-ChangeBinInt-
#311	REDUCE cov: 433 ft: 1091 corp: 101/2715b lim: 45 exec/s: 0 rss: 51Mb L: 5/45 MS: 1 EraseBytes-
#329	NEW    cov: 433 ft: 1092 corp: 102/2760b lim: 45 exec/s: 0 rss: 51Mb L: 45/45 MS: 3 ShuffleBytes-ChangeByte-CopyPart-
#346	NEW    cov: 433 ft: 1093 corp: 103/2805b lim: 45 exec/s: 0 rss: 51Mb L: 45/45 MS: 2 CrossOver-ChangeBit-
#358	NEW    cov: 433 ft: 1095 corp: 104/2844b lim: 45 exec/s: 0 rss: 52Mb L: 39/45 MS: 2 CopyPart-CopyPart-
#369	NEW    cov: 433 ft: 1100 corp: 105/2884b lim: 45 exec/s: 0 rss: 52Mb L: 40/45 MS: 1 CopyPart-
#370	NEW    cov: 433 ft: 1103 corp: 106/2888b lim: 45 exec/s: 0 rss: 52Mb L: 4/45 MS: 1 CrossOver-
#380	REDUCE cov: 433 ft: 1104 corp: 107/2914b lim: 45 exec/s: 0 rss: 52Mb L: 26/45 MS: 5 ChangeBinInt-ChangeBinInt-InsertRepeatedBytes-CrossOver-EraseBytes-
#389	REDUCE cov: 433 ft: 1104 corp: 107/2912b lim: 45 exec/s: 0 rss: 52Mb L: 41/45 MS: 4 ChangeBinInt-ShuffleBytes-EraseBytes-ChangeBit-
#404	REDUCE cov: 433 ft: 1104 corp: 107/2906b lim: 45 exec/s: 0 rss: 52Mb L: 29/45 MS: 5 ChangeBit-ChangeBit-ChangeBit-PersAutoDict-EraseBytes- DE: "\377\377\377\377"-
#406	NEW    cov: 433 ft: 1105 corp: 108/2943b lim: 45 exec/s: 0 rss: 52Mb L: 37/45 MS: 2 ShuffleBytes-CrossOver-
#413	NEW    cov: 433 ft: 1106 corp: 109/2983b lim: 45 exec/s: 0 rss: 52Mb L: 40/45 MS: 2 ShuffleBytes-InsertByte-
#417	NEW    cov: 435 ft: 1108 corp: 110/3027b lim: 45 exec/s: 0 rss: 52Mb L: 44/45 MS: 4 InsertRepeatedBytes-ChangeBit-ChangeByte-CopyPart-
#425	NEW    cov: 435 ft: 1109 corp: 111/3065b lim: 45 exec/s: 0 rss: 52Mb L: 38/45 MS: 3 CrossOver-ChangeBinInt-CopyPart-
#446	REDUCE cov: 435 ft: 1109 corp: 111/3057b lim: 45 exec/s: 0 rss: 52Mb L: 27/45 MS: 1 EraseBytes-
#448	REDUCE cov: 435 ft: 1109 corp: 111/3044b lim: 45 exec/s: 0 rss: 52Mb L: 32/45 MS: 2 ShuffleBytes-EraseBytes-
#454	NEW    cov: 435 ft: 1110 corp: 112/3066b lim: 45 exec/s: 0 rss: 52Mb L: 22/45 MS: 1 CopyPart-
#460	NEW    cov: 435 ft: 1116 corp: 113/3069b lim: 45 exec/s: 0 rss: 52Mb L: 3/45 MS: 1 EraseBytes-
#472	REDUCE cov: 435 ft: 1116 corp: 113/3066b lim: 45 exec/s: 0 rss: 52Mb L: 32/45 MS: 2 ShuffleBytes-EraseBytes-
#476	NEW    cov: 435 ft: 1121 corp: 114/3068b lim: 45 exec/s: 0 rss: 52Mb L: 2/45 MS: 4 CrossOver-ShuffleBytes-ChangeBit-EraseBytes-
#490	NEW    cov: 435 ft: 1122 corp: 115/3105b lim: 45 exec/s: 0 rss: 52Mb L: 37/45 MS: 4 InsertByte-ChangeBinInt-PersAutoDict-InsertRepeatedBytes- DE: "d\000\000\000"-
#503	REDUCE cov: 435 ft: 1122 corp: 115/3102b lim: 45 exec/s: 0 rss: 52Mb L: 7/45 MS: 3 ChangeBit-InsertByte-EraseBytes-
#518	REDUCE cov: 435 ft: 1122 corp: 115/3098b lim: 45 exec/s: 0 rss: 52Mb L: 3/45 MS: 5 InsertByte-EraseBytes-ChangeBinInt-CrossOver-CrossOver-
#528	NEW    cov: 435 ft: 1123 corp: 116/3108b lim: 45 exec/s: 0 rss: 52Mb L: 10/45 MS: 5 CopyPart-CrossOver-ChangeBit-ChangeBinInt-ChangeBinInt-
#537	NEW    cov: 435 ft: 1125 corp: 117/3148b lim: 45 exec/s: 0 rss: 52Mb L: 40/45 MS: 4 EraseBytes-CrossOver-CrossOver-InsertRepeatedBytes-
#558	NEW    cov: 435 ft: 1139 corp: 118/3193b lim: 45 exec/s: 0 rss: 52Mb L: 45/45 MS: 1 CopyPart-
#578	NEW    cov: 435 ft: 1140 corp: 119/3238b lim: 45 exec/s: 0 rss: 52Mb L: 45/45 MS: 5 ChangeByte-InsertRepeatedBytes-CrossOver-ChangeBinInt-CMP- DE: "\001\000\000\000\000\000\000,"-
#606	REDUCE cov: 435 ft: 1140 corp: 119/3229b lim: 45 exec/s: 0 rss: 52Mb L: 9/45 MS: 3 ShuffleBytes-CrossOver-ChangeBinInt-
#607	REDUCE cov: 442 ft: 1147 corp: 120/3231b lim: 45 exec/s: 0 rss: 52Mb L: 2/45 MS: 1 EraseBytes-
#658	NEW    cov: 442 ft: 1149 corp: 121/3276b lim: 45 exec/s: 0 rss: 52Mb L: 45/45 MS: 1 CopyPart-
#662	NEW    cov: 442 ft: 1151 corp: 122/3320b lim: 45 exec/s: 0 rss: 52Mb L: 44/45 MS: 4 CopyPart-ShuffleBytes-CrossOver-CopyPart-
#663	NEW    cov: 442 ft: 1157 corp: 123/3352b lim: 45 exec/s: 0 rss: 52Mb L: 32/45 MS: 1 CopyPart-
#737	NEW    cov: 442 ft: 1158 corp: 124/3380b lim: 45 exec/s: 0 rss: 53Mb L: 28/45 MS: 4 ChangeBinInt-EraseBytes-InsertRepeatedBytes-CopyPart-
#779	REDUCE cov: 442 ft: 1158 corp: 124/3374b lim: 45 exec/s: 0 rss: 53Mb L: 21/45 MS: 2 ChangeBit-EraseBytes-
#790	NEW    cov: 442 ft: 1159 corp: 125/3419b lim: 45 exec/s: 0 rss: 53Mb L: 45/45 MS: 1 ChangeBinInt-
#799	REDUCE cov: 442 ft: 1159 corp: 125/3404b lim: 45 exec/s: 0 rss: 53Mb L: 17/45 MS: 4 EraseBytes-ChangeByte-ChangeBit-CrossOver-
#810	NEW    cov: 442 ft: 1163 corp: 126/3421b lim: 45 exec/s: 0 rss: 53Mb L: 17/45 MS: 1 CopyPart-
#811	NEW    cov: 443 ft: 1164 corp: 127/3461b lim: 45 exec/s: 0 rss: 53Mb L: 40/45 MS: 1 InsertRepeatedBytes-
#822	REDUCE cov: 443 ft: 1164 corp: 127/3447b lim: 45 exec/s: 0 rss: 53Mb L: 17/45 MS: 1 EraseBytes-
#858	NEW    cov: 443 ft: 1169 corp: 128/3492b lim: 45 exec/s: 0 rss: 53Mb L: 45/45 MS: 1 CMP- DE: "\001\032"-
#859	REDUCE cov: 443 ft: 1170 corp: 129/3536b lim: 45 exec/s: 0 rss: 53Mb L: 44/45 MS: 1 InsertRepeatedBytes-
#861	NEW    cov: 446 ft: 1173 corp: 130/3563b lim: 45 exec/s: 0 rss: 53Mb L: 27/45 MS: 2 ShuffleBytes-EraseBytes-
#903	REDUCE cov: 446 ft: 1173 corp: 130/3541b lim: 45 exec/s: 0 rss: 53Mb L: 22/45 MS: 2 CrossOver-EraseBytes-
#922	NEW    cov: 446 ft: 1176 corp: 131/3556b lim: 45 exec/s: 0 rss: 53Mb L: 15/45 MS: 4 ChangeByte-EraseBytes-CMP-CopyPart- DE: "\200\000\000\000\000\000\000\001"-
#939	REDUCE cov: 446 ft: 1176 corp: 131/3545b lim: 45 exec/s: 0 rss: 53Mb L: 29/45 MS: 2 ShuffleBytes-CrossOver-
#965	NEW    cov: 446 ft: 1178 corp: 132/3590b lim: 45 exec/s: 0 rss: 53Mb L: 45/45 MS: 1 CopyPart-
#981	REDUCE cov: 446 ft: 1178 corp: 132/3583b lim: 45 exec/s: 0 rss: 53Mb L: 30/45 MS: 1 EraseBytes-
#990	NEW    cov: 447 ft: 1179 corp: 133/3598b lim: 45 exec/s: 0 rss: 53Mb L: 15/45 MS: 4 CrossOver-InsertByte-CrossOver-CrossOver-
#1012	NEW    cov: 447 ft: 1180 corp: 134/3643b lim: 45 exec/s: 0 rss: 53Mb L: 45/45 MS: 2 InsertRepeatedBytes-ChangeBinInt-
#1044	NEW    cov: 447 ft: 1181 corp: 135/3682b lim: 45 exec/s: 0 rss: 53Mb L: 39/45 MS: 2 CrossOver-CrossOver-
#1047	REDUCE cov: 447 ft: 1181 corp: 135/3666b lim: 45 exec/s: 0 rss: 53Mb L: 28/45 MS: 3 InsertByte-ShuffleBytes-EraseBytes-
#1056	NEW    cov: 447 ft: 1182 corp: 136/3711b lim: 45 exec/s: 0 rss: 53Mb L: 45/45 MS: 4 ChangeByte-PersAutoDict-ChangeByte-CrossOver- DE: "d\000\000\000"-
#1078	NEW    cov: 447 ft: 1183 corp: 137/3756b lim: 45 exec/s: 0 rss: 53Mb L: 45/45 MS: 2 CrossOver-ChangeByte-
#1093	NEW    cov: 447 ft: 1186 corp: 138/3779b lim: 45 exec/s: 0 rss: 53Mb L: 23/45 MS: 5 ChangeByte-ChangeByte-CrossOver-PersAutoDict-InsertRepeatedBytes- DE: "\377\377\377\377"-
#1100	NEW    cov: 447 ft: 1187 corp: 139/3822b lim: 45 exec/s: 0 rss: 53Mb L: 43/45 MS: 2 CrossOver-PersAutoDict- DE: "\377\377\377\377"-
#1134	NEW    cov: 448 ft: 1190 corp: 140/3860b lim: 45 exec/s: 0 rss: 53Mb L: 38/45 MS: 4 ChangeBinInt-PersAutoDict-InsertByte-InsertRepeatedBytes- DE: "\377\377\377\377"-
#1176	REDUCE cov: 448 ft: 1190 corp: 140/3854b lim: 45 exec/s: 0 rss: 54Mb L: 18/45 MS: 2 CopyPart-EraseBytes-
#1261	NEW    cov: 452 ft: 1194 corp: 141/3899b lim: 45 exec/s: 0 rss: 54Mb L: 45/45 MS: 5 ChangeByte-ShuffleBytes-CopyPart-CopyPart-ChangeBit-
#1308	NEW    cov: 454 ft: 1196 corp: 142/3909b lim: 45 exec/s: 0 rss: 54Mb L: 10/45 MS: 2 ChangeByte-ChangeByte-
#1329	NEW    cov: 454 ft: 1202 corp: 143/3953b lim: 45 exec/s: 0 rss: 54Mb L: 44/45 MS: 1 ChangeBit-
#1332	NEW    cov: 454 ft: 1203 corp: 144/3998b lim: 45 exec/s: 0 rss: 54Mb L: 45/45 MS: 3 ChangeByte-ShuffleBytes-PersAutoDict- DE: "\000\000\000\000\000\000\000\000"-
#1344	NEW    cov: 454 ft: 1207 corp: 145/4028b lim: 45 exec/s: 0 rss: 54Mb L: 30/45 MS: 2 InsertByte-CopyPart-
#1355	NEW    cov: 454 ft: 1209 corp: 146/4053b lim: 45 exec/s: 0 rss: 54Mb L: 25/45 MS: 1 ChangeBit-
#1377	REDUCE cov: 456 ft: 1211 corp: 147/4097b lim: 45 exec/s: 0 rss: 54Mb L: 44/45 MS: 2 CMP-InsertRepeatedBytes- DE: "\200\000\000\000\000\000\000\000"-
#1403	NEW    cov: 465 ft: 1220 corp: 148/4139b lim: 45 exec/s: 0 rss: 54Mb L: 42/45 MS: 1 CopyPart-
#1422	REDUCE cov: 465 ft: 1220 corp: 148/4131b lim: 45 exec/s: 0 rss: 54Mb L: 27/45 MS: 4 PersAutoDict-ChangeByte-PersAutoDict-EraseBytes- DE: "\001\000\000\000\000\000\000,"-"\377\377\377\377\377\377\377\377"-
#1439	REDUCE cov: 465 ft: 1220 corp: 148/4130b lim: 45 exec/s: 0 rss: 54Mb L: 21/45 MS: 2 ChangeBit-EraseBytes-
#1482	REDUCE cov: 465 ft: 1220 corp: 148/4127b lim: 45 exec/s: 0 rss: 54Mb L: 25/45 MS: 3 PersAutoDict-EraseBytes-EraseBytes- DE: "\001\032"-
#1538	REDUCE cov: 465 ft: 1220 corp: 148/4121b lim: 45 exec/s: 0 rss: 54Mb L: 33/45 MS: 1 EraseBytes-
#1624	REDUCE cov: 465 ft: 1220 corp: 148/4110b lim: 45 exec/s: 0 rss: 55Mb L: 13/45 MS: 1 EraseBytes-
#1690	NEW    cov: 465 ft: 1222 corp: 149/4153b lim: 45 exec/s: 0 rss: 55Mb L: 43/45 MS: 1 PersAutoDict- DE: "\377\377\377\377\377\377\377\377"-
#1746	REDUCE cov: 465 ft: 1222 corp: 149/4140b lim: 45 exec/s: 0 rss: 55Mb L: 27/45 MS: 1 EraseBytes-
#1752	REDUCE cov: 465 ft: 1222 corp: 149/4134b lim: 45 exec/s: 0 rss: 55Mb L: 39/45 MS: 1 EraseBytes-
#1757	REDUCE cov: 465 ft: 1222 corp: 149/4123b lim: 45 exec/s: 0 rss: 55Mb L: 27/45 MS: 5 CopyPart-ChangeBit-ChangeByte-CopyPart-EraseBytes-
#1818	NEW    cov: 465 ft: 1223 corp: 150/4165b lim: 45 exec/s: 0 rss: 55Mb L: 42/45 MS: 1 ChangeBit-
#1825	REDUCE cov: 466 ft: 1224 corp: 151/4186b lim: 45 exec/s: 0 rss: 55Mb L: 21/45 MS: 2 ShuffleBytes-CrossOver-
#1861	REDUCE cov: 466 ft: 1224 corp: 151/4183b lim: 45 exec/s: 0 rss: 55Mb L: 29/45 MS: 1 EraseBytes-
#1878	REDUCE cov: 466 ft: 1224 corp: 151/4174b lim: 45 exec/s: 0 rss: 55Mb L: 34/45 MS: 2 ChangeBit-EraseBytes-
#1929	NEW    cov: 466 ft: 1228 corp: 152/4215b lim: 45 exec/s: 0 rss: 55Mb L: 41/45 MS: 1 CrossOver-
#1942	REDUCE cov: 466 ft: 1228 corp: 152/4205b lim: 45 exec/s: 0 rss: 55Mb L: 35/45 MS: 3 CopyPart-ChangeBit-EraseBytes-
#2002	REDUCE cov: 466 ft: 1229 corp: 153/4241b lim: 45 exec/s: 0 rss: 55Mb L: 36/45 MS: 5 ChangeByte-InsertRepeatedBytes-CrossOver-ChangeBit-CrossOver-
#2026	REDUCE cov: 466 ft: 1231 corp: 154/4286b lim: 45 exec/s: 0 rss: 55Mb L: 45/45 MS: 4 PersAutoDict-InsertRepeatedBytes-ShuffleBytes-InsertByte- DE: "\200\000\000\000\000\000\000\000"-
#2058	REDUCE cov: 466 ft: 1231 corp: 154/4282b lim: 45 exec/s: 0 rss: 55Mb L: 24/45 MS: 2 CopyPart-CrossOver-
#2059	NEW    cov: 467 ft: 1232 corp: 155/4307b lim: 45 exec/s: 0 rss: 55Mb L: 25/45 MS: 1 ChangeBinInt-
#2064	NEW    cov: 468 ft: 1233 corp: 156/4335b lim: 45 exec/s: 0 rss: 56Mb L: 28/45 MS: 5 ChangeBit-ChangeByte-ChangeBit-EraseBytes-PersAutoDict- DE: "\200\000\000\000\000\000\000\000"-
#2106	REDUCE cov: 468 ft: 1233 corp: 156/4329b lim: 45 exec/s: 0 rss: 56Mb L: 17/45 MS: 2 ChangeByte-EraseBytes-
#2122	REDUCE cov: 468 ft: 1233 corp: 156/4328b lim: 45 exec/s: 0 rss: 56Mb L: 44/45 MS: 1 EraseBytes-
#2128	REDUCE cov: 468 ft: 1233 corp: 156/4327b lim: 45 exec/s: 0 rss: 56Mb L: 34/45 MS: 1 EraseBytes-
#2141	NEW    cov: 468 ft: 1237 corp: 157/4353b lim: 45 exec/s: 0 rss: 56Mb L: 26/45 MS: 3 ShuffleBytes-ShuffleBytes-EraseBytes-
#2183	REDUCE cov: 468 ft: 1242 corp: 158/4380b lim: 45 exec/s: 0 rss: 56Mb L: 27/45 MS: 2 PersAutoDict-CopyPart- DE: "d\000\000\000"-
#2199	REDUCE cov: 468 ft: 1242 corp: 158/4379b lim: 45 exec/s: 0 rss: 56Mb L: 36/45 MS: 1 EraseBytes-
#2215	REDUCE cov: 468 ft: 1245 corp: 159/4406b lim: 45 exec/s: 0 rss: 56Mb L: 27/45 MS: 1 ChangeByte-
#2219	NEW    cov: 468 ft: 1246 corp: 160/4437b lim: 45 exec/s: 0 rss: 56Mb L: 31/45 MS: 4 ChangeByte-CrossOver-ChangeBit-CopyPart-
#2323	NEW    cov: 468 ft: 1247 corp: 161/4466b lim: 45 exec/s: 0 rss: 56Mb L: 29/45 MS: 4 InsertByte-InsertByte-InsertByte-ChangeBinInt-
#2368	REDUCE cov: 468 ft: 1247 corp: 161/4465b lim: 45 exec/s: 0 rss: 56Mb L: 15/45 MS: 5 InsertByte-PersAutoDict-PersAutoDict-EraseBytes-CopyPart- DE: "d\000\000\000"-"\377\377\377\377"-
#2381	NEW    cov: 468 ft: 1248 corp: 162/4510b lim: 45 exec/s: 0 rss: 56Mb L: 45/45 MS: 3 ChangeByte-ChangeBinInt-CrossOver-
#2437	REDUCE cov: 468 ft: 1248 corp: 162/4508b lim: 45 exec/s: 0 rss: 56Mb L: 37/45 MS: 1 EraseBytes-
#2455	REDUCE cov: 468 ft: 1248 corp: 162/4495b lim: 45 exec/s: 0 rss: 56Mb L: 16/45 MS: 3 ChangeByte-ChangeByte-EraseBytes-
#2456	NEW    cov: 468 ft: 1250 corp: 163/4534b lim: 45 exec/s: 0 rss: 56Mb L: 39/45 MS: 1 CopyPart-
#2457	REDUCE cov: 468 ft: 1251 corp: 164/4550b lim: 45 exec/s: 0 rss: 56Mb L: 16/45 MS: 1 EraseBytes-
#2467	NEW    cov: 468 ft: 1252 corp: 165/4569b lim: 45 exec/s: 0 rss: 56Mb L: 19/45 MS: 5 ChangeByte-ChangeBinInt-CrossOver-CopyPart-CopyPart-
#2468	NEW    cov: 468 ft: 1254 corp: 166/4613b lim: 45 exec/s: 0 rss: 56Mb L: 44/45 MS: 1 CopyPart-
#2510	REDUCE cov: 468 ft: 1254 corp: 166/4607b lim: 45 exec/s: 0 rss: 56Mb L: 39/45 MS: 2 EraseBytes-CrossOver-
#2518	NEW    cov: 468 ft: 1255 corp: 167/4624b lim: 45 exec/s: 0 rss: 56Mb L: 17/45 MS: 3 EraseBytes-ShuffleBytes-PersAutoDict- DE: "\377\377\377\377"-
#2526	REDUCE cov: 468 ft: 1255 corp: 167/4618b lim: 45 exec/s: 0 rss: 56Mb L: 39/45 MS: 3 ChangeBit-ChangeBinInt-EraseBytes-
#2554	NEW    cov: 468 ft: 1264 corp: 168/4655b lim: 45 exec/s: 0 rss: 56Mb L: 37/45 MS: 3 InsertByte-CopyPart-CopyPart-
#2632	REDUCE cov: 468 ft: 1264 corp: 168/4654b lim: 45 exec/s: 0 rss: 57Mb L: 16/45 MS: 3 ChangeBit-ChangeByte-EraseBytes-
#2676	REDUCE cov: 468 ft: 1264 corp: 168/4645b lim: 45 exec/s: 0 rss: 57Mb L: 19/45 MS: 4 InsertByte-PersAutoDict-CopyPart-EraseBytes- DE: "d\000\000\000"-
#2734	NEW    cov: 469 ft: 1265 corp: 169/4670b lim: 45 exec/s: 0 rss: 57Mb L: 25/45 MS: 3 ShuffleBytes-ChangeByte-CMP- DE: "z\000"-
#2798	NEW    cov: 469 ft: 1267 corp: 170/4703b lim: 45 exec/s: 0 rss: 57Mb L: 33/45 MS: 4 ShuffleBytes-CMP-ShuffleBytes-CopyPart- DE: "\000\000\000\000\000\000\000\000"-
#2824	REDUCE cov: 469 ft: 1267 corp: 170/4701b lim: 45 exec/s: 0 rss: 57Mb L: 33/45 MS: 1 EraseBytes-
#2921	REDUCE cov: 469 ft: 1267 corp: 170/4696b lim: 45 exec/s: 0 rss: 57Mb L: 37/45 MS: 2 ShuffleBytes-EraseBytes-
#2924	NEW    cov: 469 ft: 1268 corp: 171/4741b lim: 45 exec/s: 0 rss: 57Mb L: 45/45 MS: 3 CopyPart-InsertRepeatedBytes-ShuffleBytes-
#2952	REDUCE cov: 469 ft: 1268 corp: 171/4740b lim: 45 exec/s: 0 rss: 57Mb L: 16/45 MS: 3 InsertByte-ShuffleBytes-EraseBytes-
#2955	NEW    cov: 470 ft: 1270 corp: 172/4752b lim: 45 exec/s: 0 rss: 57Mb L: 12/45 MS: 3 ChangeBit-ChangeByte-EraseBytes-
#2992	NEW    cov: 470 ft: 1271 corp: 173/4793b lim: 45 exec/s: 0 rss: 57Mb L: 41/45 MS: 2 ShuffleBytes-ShuffleBytes-
#3048	REDUCE cov: 470 ft: 1271 corp: 173/4786b lim: 45 exec/s: 0 rss: 57Mb L: 17/45 MS: 1 EraseBytes-
#3104	REDUCE cov: 470 ft: 1271 corp: 173/4785b lim: 45 exec/s: 0 rss: 57Mb L: 6/45 MS: 1 EraseBytes-
#3191	REDUCE cov: 470 ft: 1271 corp: 173/4783b lim: 45 exec/s: 0 rss: 58Mb L: 25/45 MS: 2 ShuffleBytes-EraseBytes-
#3255	NEW    cov: 471 ft: 1272 corp: 174/4827b lim: 45 exec/s: 0 rss: 58Mb L: 44/45 MS: 4 CopyPart-ChangeBinInt-ChangeBinInt-ChangeBinInt-
#3382	REDUCE cov: 471 ft: 1272 corp: 174/4826b lim: 45 exec/s: 0 rss: 58Mb L: 4/45 MS: 2 ChangeBinInt-EraseBytes-
#3538	NEW    cov: 471 ft: 1274 corp: 175/4871b lim: 45 exec/s: 0 rss: 58Mb L: 45/45 MS: 1 PersAutoDict- DE: "\001\032"-
#3670	NEW    cov: 473 ft: 1277 corp: 176/4916b lim: 45 exec/s: 0 rss: 58Mb L: 45/45 MS: 2 CopyPart-CopyPart-
#3672	NEW    cov: 473 ft: 1279 corp: 177/4947b lim: 45 exec/s: 0 rss: 58Mb L: 31/45 MS: 2 CrossOver-CopyPart-
#3712	REDUCE cov: 473 ft: 1279 corp: 177/4936b lim: 45 exec/s: 0 rss: 59Mb L: 29/45 MS: 5 ChangeByte-ShuffleBytes-ChangeByte-ChangeBinInt-CrossOver-
#3725	NEW    cov: 473 ft: 1280 corp: 178/4980b lim: 45 exec/s: 0 rss: 59Mb L: 44/45 MS: 3 PersAutoDict-ChangeBinInt-CopyPart- DE: "\001\032"-
#3746	REDUCE cov: 473 ft: 1280 corp: 178/4966b lim: 45 exec/s: 0 rss: 59Mb L: 30/45 MS: 1 EraseBytes-
#3762	REDUCE cov: 473 ft: 1280 corp: 178/4956b lim: 45 exec/s: 0 rss: 59Mb L: 15/45 MS: 1 EraseBytes-
#3774	REDUCE cov: 473 ft: 1280 corp: 178/4953b lim: 45 exec/s: 0 rss: 59Mb L: 24/45 MS: 2 ChangeBinInt-EraseBytes-
#3845	REDUCE cov: 473 ft: 1280 corp: 178/4952b lim: 45 exec/s: 0 rss: 59Mb L: 40/45 MS: 1 EraseBytes-
#3907	NEW    cov: 473 ft: 1281 corp: 179/4994b lim: 45 exec/s: 0 rss: 59Mb L: 42/45 MS: 2 CrossOver-InsertRepeatedBytes-
#3917	REDUCE cov: 473 ft: 1281 corp: 179/4988b lim: 45 exec/s: 0 rss: 59Mb L: 23/45 MS: 5 ChangeByte-CopyPart-PersAutoDict-PersAutoDict-EraseBytes- DE: "\377\377\377\377"-"\377\377\377\377\377\377\377\377"-
#3934	REDUCE cov: 473 ft: 1281 corp: 179/4984b lim: 45 exec/s: 0 rss: 59Mb L: 23/45 MS: 2 ChangeASCIIInt-EraseBytes-
#3939	NEW    cov: 473 ft: 1294 corp: 180/5020b lim: 45 exec/s: 0 rss: 59Mb L: 36/45 MS: 5 ChangeBit-ChangeBit-ShuffleBytes-InsertByte-CopyPart-
#3960	REDUCE cov: 473 ft: 1294 corp: 180/5013b lim: 45 exec/s: 0 rss: 59Mb L: 14/45 MS: 1 EraseBytes-
#4034	REDUCE cov: 473 ft: 1294 corp: 180/5010b lim: 45 exec/s: 0 rss: 59Mb L: 27/45 MS: 4 InsertRepeatedBytes-ChangeBit-ChangeBit-EraseBytes-
#4070	REDUCE cov: 473 ft: 1294 corp: 180/5005b lim: 45 exec/s: 0 rss: 59Mb L: 40/45 MS: 1 EraseBytes-
#4088	NEW    cov: 473 ft: 1295 corp: 181/5048b lim: 45 exec/s: 0 rss: 59Mb L: 43/45 MS: 3 CopyPart-PersAutoDict-InsertRepeatedBytes- DE: "d\000\000\000"-
#4119	REDUCE cov: 473 ft: 1295 corp: 181/5047b lim: 45 exec/s: 0 rss: 59Mb L: 14/45 MS: 1 EraseBytes-
#4199	REDUCE cov: 473 ft: 1296 corp: 182/5092b lim: 45 exec/s: 0 rss: 60Mb L: 45/45 MS: 5 EraseBytes-CrossOver-CrossOver-ShuffleBytes-CrossOver-
#4345	REDUCE cov: 473 ft: 1296 corp: 182/5089b lim: 45 exec/s: 0 rss: 60Mb L: 22/45 MS: 1 EraseBytes-
#4391	NEW    cov: 473 ft: 1304 corp: 183/5131b lim: 45 exec/s: 0 rss: 60Mb L: 42/45 MS: 1 CopyPart-
#4392	REDUCE cov: 473 ft: 1304 corp: 183/5126b lim: 45 exec/s: 0 rss: 60Mb L: 36/45 MS: 1 EraseBytes-
#4413	REDUCE cov: 473 ft: 1305 corp: 184/5155b lim: 45 exec/s: 0 rss: 60Mb L: 29/45 MS: 1 CrossOver-
#4424	REDUCE cov: 473 ft: 1306 corp: 185/5200b lim: 45 exec/s: 0 rss: 60Mb L: 45/45 MS: 1 InsertRepeatedBytes-
#4525	REDUCE cov: 473 ft: 1306 corp: 185/5198b lim: 45 exec/s: 0 rss: 60Mb L: 19/45 MS: 1 EraseBytes-
#4544	REDUCE cov: 473 ft: 1311 corp: 186/5241b lim: 45 exec/s: 0 rss: 60Mb L: 43/45 MS: 4 CopyPart-InsertByte-CrossOver-CrossOver-
#4560	NEW    cov: 477 ft: 1315 corp: 187/5277b lim: 45 exec/s: 0 rss: 60Mb L: 36/45 MS: 1 CopyPart-
#4638	REDUCE cov: 477 ft: 1315 corp: 187/5269b lim: 45 exec/s: 0 rss: 60Mb L: 37/45 MS: 3 EraseBytes-CMP-CopyPart- DE: "\377\204"-
#4649	REDUCE cov: 481 ft: 1319 corp: 188/5306b lim: 45 exec/s: 0 rss: 60Mb L: 37/45 MS: 1 ChangeByte-
#4664	REDUCE cov: 481 ft: 1319 corp: 188/5303b lim: 45 exec/s: 0 rss: 60Mb L: 42/45 MS: 5 CrossOver-EraseBytes-ChangeBit-ShuffleBytes-PersAutoDict- DE: "\000\000\000\000\000\000\000\000"-
#4865	REDUCE cov: 481 ft: 1319 corp: 188/5294b lim: 45 exec/s: 0 rss: 61Mb L: 10/45 MS: 1 EraseBytes-
#4895	REDUCE cov: 481 ft: 1319 corp: 188/5291b lim: 45 exec/s: 0 rss: 61Mb L: 11/45 MS: 5 ChangeBit-PersAutoDict-CopyPart-ChangeByte-EraseBytes- DE: "\001\032"-
#4982	NEW    cov: 481 ft: 1320 corp: 189/5320b lim: 45 exec/s: 0 rss: 61Mb L: 29/45 MS: 2 ChangeBit-ChangeBit-
#5002	NEW    cov: 481 ft: 1321 corp: 190/5357b lim: 45 exec/s: 0 rss: 61Mb L: 37/45 MS: 5 ShuffleBytes-CopyPart-PersAutoDict-CopyPart-CrossOver- DE: "\001\032"-
#5012	REDUCE cov: 481 ft: 1321 corp: 190/5348b lim: 45 exec/s: 0 rss: 61Mb L: 36/45 MS: 5 ShuffleBytes-CopyPart-ChangeBit-CopyPart-EraseBytes-
#5017	REDUCE cov: 481 ft: 1321 corp: 190/5343b lim: 45 exec/s: 0 rss: 61Mb L: 20/45 MS: 5 CMP-ChangeBit-ShuffleBytes-ChangeByte-EraseBytes- DE: "\001\205"-
#5035	REDUCE cov: 481 ft: 1321 corp: 190/5341b lim: 45 exec/s: 0 rss: 61Mb L: 9/45 MS: 3 ChangeByte-ChangeByte-EraseBytes-
#5122	REDUCE cov: 481 ft: 1321 corp: 190/5339b lim: 45 exec/s: 0 rss: 61Mb L: 27/45 MS: 2 InsertByte-EraseBytes-
#5173	REDUCE cov: 481 ft: 1321 corp: 190/5331b lim: 45 exec/s: 0 rss: 61Mb L: 37/45 MS: 1 EraseBytes-
#5248	REDUCE cov: 481 ft: 1321 corp: 190/5330b lim: 45 exec/s: 0 rss: 61Mb L: 35/45 MS: 5 InsertRepeatedBytes-CopyPart-ShuffleBytes-ChangeBit-EraseBytes-
#5327	REDUCE cov: 481 ft: 1321 corp: 190/5320b lim: 45 exec/s: 0 rss: 62Mb L: 27/45 MS: 4 PersAutoDict-ChangeASCIIInt-InsertRepeatedBytes-EraseBytes- DE: "]\000"-
#5356	NEW    cov: 481 ft: 1322 corp: 191/5321b lim: 45 exec/s: 0 rss: 62Mb L: 1/45 MS: 4 ChangeBit-CopyPart-CrossOver-ChangeBinInt-
#5357	REDUCE cov: 481 ft: 1322 corp: 191/5316b lim: 45 exec/s: 0 rss: 62Mb L: 35/45 MS: 1 EraseBytes-
#5448	REDUCE cov: 481 ft: 1322 corp: 191/5308b lim: 45 exec/s: 0 rss: 62Mb L: 16/45 MS: 1 EraseBytes-
#5461	REDUCE cov: 481 ft: 1322 corp: 191/5300b lim: 45 exec/s: 0 rss: 62Mb L: 34/45 MS: 3 ChangeBinInt-CopyPart-EraseBytes-
#5473	REDUCE cov: 481 ft: 1322 corp: 191/5295b lim: 45 exec/s: 0 rss: 62Mb L: 17/45 MS: 2 ChangeBit-EraseBytes-
#5511	REDUCE cov: 481 ft: 1325 corp: 192/5336b lim: 45 exec/s: 0 rss: 62Mb L: 41/45 MS: 3 ChangeByte-CMP-InsertRepeatedBytes- DE: "\201\000\000\000\000\000\000N"-
#5529	REDUCE cov: 481 ft: 1325 corp: 192/5329b lim: 45 exec/s: 0 rss: 62Mb L: 28/45 MS: 3 CopyPart-InsertRepeatedBytes-EraseBytes-
#5540	REDUCE cov: 481 ft: 1325 corp: 192/5327b lim: 45 exec/s: 0 rss: 62Mb L: 43/45 MS: 1 EraseBytes-
#5600	REDUCE cov: 481 ft: 1325 corp: 192/5323b lim: 45 exec/s: 0 rss: 62Mb L: 41/45 MS: 5 ChangeBit-CopyPart-CopyPart-CrossOver-EraseBytes-
#5603	REDUCE cov: 481 ft: 1325 corp: 192/5315b lim: 45 exec/s: 0 rss: 62Mb L: 26/45 MS: 3 EraseBytes-ChangeBit-PersAutoDict- DE: "\377\377\377\377"-
#5674	REDUCE cov: 481 ft: 1325 corp: 192/5313b lim: 45 exec/s: 0 rss: 62Mb L: 19/45 MS: 1 EraseBytes-
#5689	NEW    cov: 481 ft: 1326 corp: 193/5357b lim: 45 exec/s: 0 rss: 62Mb L: 44/45 MS: 5 ChangeByte-EraseBytes-EraseBytes-PersAutoDict-InsertRepeatedBytes- DE: "\200\000\000\000\000\000\000\001"-
#5707	NEW    cov: 481 ft: 1327 corp: 194/5401b lim: 45 exec/s: 0 rss: 62Mb L: 44/45 MS: 3 CopyPart-EraseBytes-CopyPart-
#5709	REDUCE cov: 481 ft: 1327 corp: 194/5399b lim: 45 exec/s: 0 rss: 62Mb L: 17/45 MS: 2 ShuffleBytes-EraseBytes-
#5897	REDUCE cov: 481 ft: 1327 corp: 194/5391b lim: 45 exec/s: 0 rss: 63Mb L: 19/45 MS: 3 ChangeByte-EraseBytes-InsertByte-
#5913	NEW    cov: 483 ft: 1332 corp: 195/5436b lim: 45 exec/s: 0 rss: 63Mb L: 45/45 MS: 1 CrossOver-
#6197	REDUCE cov: 483 ft: 1332 corp: 195/5427b lim: 45 exec/s: 0 rss: 63Mb L: 33/45 MS: 4 ChangeBit-ChangeByte-CrossOver-EraseBytes-
#6226	REDUCE cov: 483 ft: 1332 corp: 195/5419b lim: 45 exec/s: 0 rss: 63Mb L: 29/45 MS: 4 InsertByte-InsertByte-ChangeBit-EraseBytes-
#6275	NEW    cov: 483 ft: 1333 corp: 196/5444b lim: 45 exec/s: 0 rss: 63Mb L: 25/45 MS: 4 InsertByte-ChangeBit-CMP-CMP- DE: "\007\000"-"\011\000\000\000\000\000\000\000"-
#6321	REDUCE cov: 483 ft: 1333 corp: 196/5443b lim: 45 exec/s: 0 rss: 63Mb L: 2/45 MS: 1 EraseBytes-
#6545	NEW    cov: 483 ft: 1334 corp: 197/5481b lim: 45 exec/s: 0 rss: 64Mb L: 38/45 MS: 4 ChangeByte-InsertRepeatedBytes-ShuffleBytes-InsertRepeatedBytes-
#6560	NEW    cov: 483 ft: 1335 corp: 198/5524b lim: 45 exec/s: 0 rss: 64Mb L: 43/45 MS: 5 InsertRepeatedBytes-PersAutoDict-ShuffleBytes-CopyPart-PersAutoDict- DE: "\001\000\000\000\000\000\000,"-"]\000"-
#6561	NEW    cov: 483 ft: 1336 corp: 199/5569b lim: 45 exec/s: 0 rss: 64Mb L: 45/45 MS: 1 CrossOver-
#6618	NEW    cov: 483 ft: 1337 corp: 200/5611b lim: 45 exec/s: 0 rss: 64Mb L: 42/45 MS: 2 InsertByte-CopyPart-
#6689	REDUCE cov: 483 ft: 1337 corp: 200/5592b lim: 45 exec/s: 0 rss: 64Mb L: 26/45 MS: 1 EraseBytes-
#6807	NEW    cov: 483 ft: 1338 corp: 201/5637b lim: 45 exec/s: 0 rss: 64Mb L: 45/45 MS: 3 CrossOver-ChangeByte-CrossOver-
#6811	REDUCE cov: 483 ft: 1338 corp: 201/5633b lim: 45 exec/s: 0 rss: 64Mb L: 39/45 MS: 4 ChangeBinInt-ShuffleBytes-InsertByte-EraseBytes-
#6837	REDUCE cov: 483 ft: 1338 corp: 201/5630b lim: 45 exec/s: 0 rss: 64Mb L: 27/45 MS: 1 EraseBytes-
#6843	REDUCE cov: 483 ft: 1338 corp: 201/5625b lim: 45 exec/s: 0 rss: 64Mb L: 31/45 MS: 1 CrossOver-
#6897	REDUCE cov: 483 ft: 1338 corp: 201/5615b lim: 45 exec/s: 0 rss: 65Mb L: 23/45 MS: 4 CopyPart-CrossOver-InsertByte-PersAutoDict- DE: "\377\204"-
#6938	REDUCE cov: 483 ft: 1338 corp: 201/5614b lim: 45 exec/s: 0 rss: 65Mb L: 36/45 MS: 1 EraseBytes-
#7019	REDUCE cov: 483 ft: 1338 corp: 201/5607b lim: 45 exec/s: 0 rss: 65Mb L: 20/45 MS: 1 EraseBytes-
#7151	NEW    cov: 483 ft: 1339 corp: 202/5650b lim: 45 exec/s: 0 rss: 65Mb L: 43/45 MS: 2 CrossOver-CopyPart-
#7283	NEW    cov: 485 ft: 1352 corp: 203/5695b lim: 45 exec/s: 0 rss: 65Mb L: 45/45 MS: 2 ChangeByte-CopyPart-
#7331	REDUCE cov: 485 ft: 1352 corp: 203/5689b lim: 45 exec/s: 0 rss: 65Mb L: 9/45 MS: 3 ChangeASCIIInt-EraseBytes-ChangeBinInt-
#7463	REDUCE cov: 485 ft: 1353 corp: 204/5731b lim: 45 exec/s: 0 rss: 65Mb L: 42/45 MS: 2 PersAutoDict-CopyPart- DE: "\001\205"-
#7499	REDUCE cov: 485 ft: 1353 corp: 204/5724b lim: 45 exec/s: 0 rss: 65Mb L: 20/45 MS: 1 EraseBytes-
#7591	REDUCE cov: 485 ft: 1353 corp: 204/5723b lim: 45 exec/s: 0 rss: 66Mb L: 1/45 MS: 2 ChangeBit-EraseBytes-
#7668	REDUCE cov: 485 ft: 1353 corp: 204/5720b lim: 45 exec/s: 0 rss: 66Mb L: 6/45 MS: 2 InsertByte-EraseBytes-
#7684	REDUCE cov: 485 ft: 1353 corp: 204/5714b lim: 45 exec/s: 0 rss: 66Mb L: 11/45 MS: 1 EraseBytes-
#7972	REDUCE cov: 485 ft: 1353 corp: 204/5707b lim: 45 exec/s: 0 rss: 66Mb L: 11/45 MS: 3 ShuffleBytes-ChangeASCIIInt-EraseBytes-
#8069	REDUCE cov: 485 ft: 1353 corp: 204/5704b lim: 45 exec/s: 0 rss: 66Mb L: 3/45 MS: 2 EraseBytes-ChangeBinInt-
#8098	REDUCE cov: 485 ft: 1353 corp: 204/5699b lim: 45 exec/s: 0 rss: 67Mb L: 10/45 MS: 4 InsertByte-ChangeByte-CopyPart-EraseBytes-
#8279	REDUCE cov: 485 ft: 1353 corp: 204/5697b lim: 45 exec/s: 0 rss: 67Mb L: 27/45 MS: 1 EraseBytes-
#8301	REDUCE cov: 485 ft: 1353 corp: 204/5694b lim: 45 exec/s: 0 rss: 67Mb L: 42/45 MS: 2 ShuffleBytes-EraseBytes-
#8358	REDUCE cov: 485 ft: 1353 corp: 204/5686b lim: 45 exec/s: 0 rss: 67Mb L: 11/45 MS: 2 CopyPart-EraseBytes-
#8516	NEW    cov: 485 ft: 1354 corp: 205/5731b lim: 45 exec/s: 0 rss: 67Mb L: 45/45 MS: 3 CopyPart-CopyPart-CopyPart-
#8542	REDUCE cov: 485 ft: 1354 corp: 205/5729b lim: 45 exec/s: 0 rss: 67Mb L: 8/45 MS: 1 EraseBytes-
#8589	REDUCE cov: 485 ft: 1354 corp: 205/5724b lim: 45 exec/s: 0 rss: 67Mb L: 12/45 MS: 2 ChangeASCIIInt-EraseBytes-
#8604	NEW    cov: 485 ft: 1355 corp: 206/5767b lim: 45 exec/s: 0 rss: 67Mb L: 43/45 MS: 5 CrossOver-EraseBytes-InsertByte-PersAutoDict-CopyPart- DE: "\377\377\377\377\377\377\377\377"-
#8712	REDUCE cov: 485 ft: 1355 corp: 206/5764b lim: 45 exec/s: 0 rss: 68Mb L: 14/45 MS: 3 EraseBytes-CrossOver-PersAutoDict- DE: "\377\377\377\377\377\377\377\377"-
#8760	REDUCE cov: 485 ft: 1355 corp: 206/5758b lim: 45 exec/s: 0 rss: 68Mb L: 17/45 MS: 3 ChangeBit-ChangeBit-EraseBytes-
#8776	NEW    cov: 485 ft: 1356 corp: 207/5796b lim: 45 exec/s: 0 rss: 68Mb L: 38/45 MS: 1 CopyPart-
#8807	REDUCE cov: 485 ft: 1356 corp: 207/5787b lim: 45 exec/s: 0 rss: 68Mb L: 17/45 MS: 1 EraseBytes-
#8816	REDUCE cov: 485 ft: 1356 corp: 207/5786b lim: 45 exec/s: 0 rss: 68Mb L: 20/45 MS: 4 CopyPart-ChangeByte-PersAutoDict-EraseBytes- DE: "\000\000\000\000\000\000\000\000"-
#8844	NEW    cov: 485 ft: 1357 corp: 208/5831b lim: 45 exec/s: 0 rss: 68Mb L: 45/45 MS: 3 CopyPart-InsertByte-InsertRepeatedBytes-
#8882	REDUCE cov: 489 ft: 1361 corp: 209/5852b lim: 45 exec/s: 0 rss: 68Mb L: 21/45 MS: 3 CrossOver-EraseBytes-CrossOver-
#8902	REDUCE cov: 489 ft: 1361 corp: 209/5851b lim: 45 exec/s: 0 rss: 68Mb L: 38/45 MS: 5 InsertByte-ShuffleBytes-ChangeBit-InsertByte-EraseBytes-
#8988	REDUCE cov: 489 ft: 1361 corp: 209/5845b lim: 45 exec/s: 0 rss: 68Mb L: 10/45 MS: 1 EraseBytes-
#9007	REDUCE cov: 489 ft: 1361 corp: 209/5835b lim: 45 exec/s: 0 rss: 68Mb L: 30/45 MS: 4 ChangeBit-ShuffleBytes-ChangeBinInt-EraseBytes-
#9073	REDUCE cov: 489 ft: 1361 corp: 209/5832b lim: 45 exec/s: 0 rss: 68Mb L: 40/45 MS: 1 EraseBytes-
#9106	NEW    cov: 491 ft: 1363 corp: 210/5857b lim: 45 exec/s: 0 rss: 68Mb L: 25/45 MS: 3 InsertByte-ShuffleBytes-ChangeByte-
#9127	REDUCE cov: 491 ft: 1363 corp: 210/5856b lim: 45 exec/s: 0 rss: 68Mb L: 20/45 MS: 1 EraseBytes-
#9136	REDUCE cov: 491 ft: 1363 corp: 210/5855b lim: 45 exec/s: 0 rss: 68Mb L: 5/45 MS: 4 ShuffleBytes-ChangeASCIIInt-ChangeBit-EraseBytes-
#9209	REDUCE cov: 491 ft: 1363 corp: 210/5850b lim: 45 exec/s: 0 rss: 68Mb L: 37/45 MS: 3 ChangeByte-ChangeBinInt-EraseBytes-
#9245	REDUCE cov: 491 ft: 1363 corp: 210/5847b lim: 45 exec/s: 0 rss: 69Mb L: 10/45 MS: 1 EraseBytes-
#9269	REDUCE cov: 491 ft: 1363 corp: 210/5831b lim: 45 exec/s: 0 rss: 69Mb L: 23/45 MS: 4 InsertRepeatedBytes-ShuffleBytes-CopyPart-EraseBytes-
#9280	REDUCE cov: 491 ft: 1363 corp: 210/5830b lim: 45 exec/s: 0 rss: 69Mb L: 44/45 MS: 1 EraseBytes-
#9311	REDUCE cov: 491 ft: 1363 corp: 210/5829b lim: 45 exec/s: 0 rss: 69Mb L: 27/45 MS: 1 EraseBytes-
#9388	REDUCE cov: 491 ft: 1363 corp: 210/5826b lim: 45 exec/s: 0 rss: 69Mb L: 41/45 MS: 2 ChangeByte-EraseBytes-
#9466	REDUCE cov: 491 ft: 1363 corp: 210/5822b lim: 45 exec/s: 0 rss: 69Mb L: 21/45 MS: 3 InsertRepeatedBytes-ShuffleBytes-EraseBytes-
#9514	REDUCE cov: 491 ft: 1363 corp: 210/5813b lim: 45 exec/s: 0 rss: 69Mb L: 7/45 MS: 3 InsertRepeatedBytes-InsertByte-CrossOver-
#9600	REDUCE cov: 491 ft: 1363 corp: 210/5812b lim: 45 exec/s: 0 rss: 69Mb L: 6/45 MS: 1 EraseBytes-
#9726	REDUCE cov: 491 ft: 1363 corp: 210/5811b lim: 45 exec/s: 0 rss: 69Mb L: 10/45 MS: 1 EraseBytes-
#9829	REDUCE cov: 491 ft: 1363 corp: 210/5810b lim: 45 exec/s: 0 rss: 70Mb L: 34/45 MS: 3 PersAutoDict-InsertRepeatedBytes-EraseBytes- DE: "\001\032"-
#9861	REDUCE cov: 491 ft: 1363 corp: 210/5807b lim: 45 exec/s: 0 rss: 70Mb L: 18/45 MS: 2 ChangeBit-EraseBytes-
#9979	REDUCE cov: 491 ft: 1365 corp: 211/5852b lim: 45 exec/s: 0 rss: 70Mb L: 45/45 MS: 3 InsertRepeatedBytes-InsertByte-CopyPart-
#10012	REDUCE cov: 491 ft: 1365 corp: 211/5840b lim: 45 exec/s: 0 rss: 70Mb L: 8/45 MS: 3 ChangeBinInt-InsertRepeatedBytes-CrossOver-
#10118	REDUCE cov: 491 ft: 1365 corp: 211/5839b lim: 45 exec/s: 0 rss: 70Mb L: 37/45 MS: 1 EraseBytes-
#10221	REDUCE cov: 491 ft: 1365 corp: 211/5836b lim: 45 exec/s: 0 rss: 70Mb L: 5/45 MS: 3 CopyPart-InsertByte-EraseBytes-
#10275	REDUCE cov: 491 ft: 1365 corp: 211/5835b lim: 45 exec/s: 0 rss: 70Mb L: 43/45 MS: 4 ChangeByte-EraseBytes-ChangeBinInt-InsertRepeatedBytes-
#10298	REDUCE cov: 491 ft: 1365 corp: 211/5831b lim: 45 exec/s: 0 rss: 70Mb L: 29/45 MS: 3 ChangeBit-ChangeByte-EraseBytes-
#10301	REDUCE cov: 491 ft: 1365 corp: 211/5823b lim: 45 exec/s: 0 rss: 70Mb L: 26/45 MS: 3 InsertByte-PersAutoDict-EraseBytes- DE: "d\000\000\000"-
#10457	REDUCE cov: 491 ft: 1365 corp: 211/5820b lim: 45 exec/s: 0 rss: 71Mb L: 8/45 MS: 1 EraseBytes-
#10458	REDUCE cov: 491 ft: 1365 corp: 211/5817b lim: 45 exec/s: 0 rss: 71Mb L: 20/45 MS: 1 EraseBytes-
#10493	REDUCE cov: 491 ft: 1365 corp: 211/5813b lim: 45 exec/s: 0 rss: 71Mb L: 38/45 MS: 5 ChangeByte-ChangeBit-ChangeASCIIInt-ChangeASCIIInt-EraseBytes-
#10552	NEW    cov: 493 ft: 1399 corp: 212/5856b lim: 45 exec/s: 0 rss: 71Mb L: 43/45 MS: 4 ChangeBit-CopyPart-CMP-InsertRepeatedBytes- DE: "\323\377\377\377"-
#10587	NEW    cov: 494 ft: 1400 corp: 213/5881b lim: 45 exec/s: 0 rss: 71Mb L: 25/45 MS: 5 CopyPart-EraseBytes-ChangeBinInt-InsertByte-CopyPart-
#10691	REDUCE cov: 494 ft: 1400 corp: 213/5880b lim: 45 exec/s: 0 rss: 71Mb L: 36/45 MS: 4 CopyPart-InsertByte-ChangeBinInt-EraseBytes-
#10871	REDUCE cov: 494 ft: 1400 corp: 213/5873b lim: 45 exec/s: 0 rss: 71Mb L: 38/45 MS: 5 ChangeBinInt-ShuffleBytes-ChangeBit-ChangeBinInt-EraseBytes-
#10892	REDUCE cov: 494 ft: 1400 corp: 213/5861b lim: 45 exec/s: 0 rss: 71Mb L: 26/45 MS: 1 CrossOver-
#10919	NEW    cov: 494 ft: 1401 corp: 214/5906b lim: 45 exec/s: 0 rss: 72Mb L: 45/45 MS: 2 ShuffleBytes-CopyPart-
#11065	REDUCE cov: 494 ft: 1401 corp: 214/5901b lim: 45 exec/s: 0 rss: 72Mb L: 20/45 MS: 1 EraseBytes-
#11137	REDUCE cov: 494 ft: 1401 corp: 214/5895b lim: 45 exec/s: 0 rss: 72Mb L: 11/45 MS: 2 CopyPart-EraseBytes-
#11154	REDUCE cov: 494 ft: 1401 corp: 214/5887b lim: 45 exec/s: 0 rss: 72Mb L: 20/45 MS: 2 ChangeBinInt-EraseBytes-
#11235	REDUCE cov: 494 ft: 1404 corp: 215/5931b lim: 45 exec/s: 0 rss: 72Mb L: 44/45 MS: 1 CrossOver-
#11504	REDUCE cov: 494 ft: 1407 corp: 216/5971b lim: 45 exec/s: 0 rss: 72Mb L: 40/45 MS: 4 InsertRepeatedBytes-PersAutoDict-CMP-ChangeBinInt- DE: "z\000"-"\000\000\000\000\000\000\000\032"-
#11583	REDUCE cov: 494 ft: 1407 corp: 216/5968b lim: 45 exec/s: 0 rss: 73Mb L: 17/45 MS: 4 CopyPart-CopyPart-ChangeBinInt-CrossOver-
#11628	REDUCE cov: 494 ft: 1407 corp: 216/5958b lim: 45 exec/s: 0 rss: 73Mb L: 32/45 MS: 5 CrossOver-CopyPart-CopyPart-ShuffleBytes-EraseBytes-
#11724	REDUCE cov: 494 ft: 1407 corp: 216/5957b lim: 45 exec/s: 0 rss: 73Mb L: 2/45 MS: 1 EraseBytes-
#11865	REDUCE cov: 494 ft: 1407 corp: 216/5949b lim: 45 exec/s: 0 rss: 73Mb L: 19/45 MS: 1 CrossOver-
#12026	REDUCE cov: 494 ft: 1407 corp: 216/5947b lim: 45 exec/s: 0 rss: 74Mb L: 8/45 MS: 1 EraseBytes-
#12049	REDUCE cov: 494 ft: 1407 corp: 216/5937b lim: 45 exec/s: 0 rss: 74Mb L: 27/45 MS: 3 InsertByte-CrossOver-EraseBytes-
#12155	REDUCE cov: 494 ft: 1407 corp: 216/5929b lim: 45 exec/s: 0 rss: 74Mb L: 12/45 MS: 1 CrossOver-
#12157	NEW    cov: 494 ft: 1410 corp: 217/5966b lim: 45 exec/s: 0 rss: 74Mb L: 37/45 MS: 2 ChangeBinInt-CopyPart-
#12360	REDUCE cov: 494 ft: 1410 corp: 217/5955b lim: 45 exec/s: 0 rss: 74Mb L: 22/45 MS: 3 EraseBytes-ChangeBinInt-PersAutoDict- DE: "\000\000\000\000\000\000\000\000"-
#12383	REDUCE cov: 494 ft: 1410 corp: 217/5954b lim: 45 exec/s: 0 rss: 74Mb L: 42/45 MS: 3 CopyPart-ShuffleBytes-CrossOver-
#12384	REDUCE cov: 494 ft: 1410 corp: 217/5951b lim: 45 exec/s: 0 rss: 74Mb L: 42/45 MS: 1 EraseBytes-
#12420	NEW    cov: 494 ft: 1411 corp: 218/5967b lim: 45 exec/s: 0 rss: 74Mb L: 16/45 MS: 1 CrossOver-
#12421	REDUCE cov: 494 ft: 1411 corp: 218/5966b lim: 45 exec/s: 0 rss: 74Mb L: 40/45 MS: 1 EraseBytes-
#12423	REDUCE cov: 494 ft: 1411 corp: 218/5957b lim: 45 exec/s: 0 rss: 74Mb L: 36/45 MS: 2 ChangeBit-EraseBytes-
#12479	REDUCE cov: 494 ft: 1411 corp: 218/5955b lim: 45 exec/s: 0 rss: 74Mb L: 43/45 MS: 1 EraseBytes-
#12484	NEW    cov: 494 ft: 1412 corp: 219/5994b lim: 45 exec/s: 0 rss: 74Mb L: 39/45 MS: 5 CrossOver-EraseBytes-InsertByte-CopyPart-InsertRepeatedBytes-
#12631	REDUCE cov: 494 ft: 1412 corp: 219/5992b lim: 45 exec/s: 0 rss: 75Mb L: 8/45 MS: 2 ChangeByte-EraseBytes-
#12698	REDUCE cov: 494 ft: 1412 corp: 219/5987b lim: 45 exec/s: 0 rss: 75Mb L: 12/45 MS: 2 EraseBytes-CopyPart-
#12749	NEW    cov: 494 ft: 1415 corp: 220/6027b lim: 45 exec/s: 0 rss: 75Mb L: 40/45 MS: 1 ChangeByte-
#12883	REDUCE cov: 494 ft: 1415 corp: 220/6024b lim: 45 exec/s: 0 rss: 75Mb L: 13/45 MS: 4 CopyPart-InsertByte-ChangeBit-EraseBytes-
#12955	REDUCE cov: 494 ft: 1415 corp: 220/6014b lim: 45 exec/s: 0 rss: 75Mb L: 13/45 MS: 2 ChangeBinInt-EraseBytes-
#12986	REDUCE cov: 494 ft: 1415 corp: 220/6013b lim: 45 exec/s: 0 rss: 75Mb L: 23/45 MS: 1 EraseBytes-
#13012	REDUCE cov: 494 ft: 1415 corp: 220/6004b lim: 45 exec/s: 0 rss: 75Mb L: 10/45 MS: 1 EraseBytes-
#13119	REDUCE cov: 494 ft: 1428 corp: 221/6049b lim: 45 exec/s: 0 rss: 76Mb L: 45/45 MS: 2 CopyPart-CopyPart-
#13146	REDUCE cov: 494 ft: 1428 corp: 221/6043b lim: 45 exec/s: 0 rss: 76Mb L: 39/45 MS: 2 ChangeBit-EraseBytes-
#13150	REDUCE cov: 494 ft: 1428 corp: 221/6029b lim: 45 exec/s: 0 rss: 76Mb L: 18/45 MS: 4 CMP-InsertByte-InsertByte-EraseBytes- DE: "\376\377"-
#13185	REDUCE cov: 494 ft: 1428 corp: 221/6026b lim: 45 exec/s: 0 rss: 76Mb L: 28/45 MS: 5 ChangeBinInt-ChangeBinInt-InsertByte-ShuffleBytes-EraseBytes-
#13211	REDUCE cov: 494 ft: 1428 corp: 221/6018b lim: 45 exec/s: 0 rss: 76Mb L: 17/45 MS: 1 EraseBytes-
#13226	REDUCE cov: 494 ft: 1428 corp: 221/5997b lim: 45 exec/s: 0 rss: 76Mb L: 22/45 MS: 5 ShuffleBytes-ChangeBit-ShuffleBytes-ChangeBit-EraseBytes-
#13368	REDUCE cov: 494 ft: 1428 corp: 221/5994b lim: 45 exec/s: 0 rss: 76Mb L: 19/45 MS: 2 ChangeByte-EraseBytes-
#13376	REDUCE cov: 494 ft: 1428 corp: 221/5985b lim: 45 exec/s: 0 rss: 76Mb L: 34/45 MS: 3 ShuffleBytes-PersAutoDict-EraseBytes- DE: "\001\032"-
#13482	REDUCE cov: 494 ft: 1428 corp: 221/5982b lim: 45 exec/s: 0 rss: 76Mb L: 24/45 MS: 1 EraseBytes-
#13555	REDUCE cov: 494 ft: 1428 corp: 221/5981b lim: 45 exec/s: 0 rss: 76Mb L: 7/45 MS: 3 ChangeByte-CopyPart-EraseBytes-
#13620	NEW    cov: 494 ft: 1440 corp: 222/6025b lim: 45 exec/s: 0 rss: 76Mb L: 44/45 MS: 5 EraseBytes-ChangeByte-EraseBytes-CrossOver-CopyPart-
#13671	REDUCE cov: 494 ft: 1440 corp: 222/6022b lim: 45 exec/s: 0 rss: 76Mb L: 20/45 MS: 1 EraseBytes-
#13880	REDUCE cov: 494 ft: 1440 corp: 222/6020b lim: 45 exec/s: 0 rss: 77Mb L: 15/45 MS: 4 CrossOver-InsertByte-EraseBytes-EraseBytes-
#14036	REDUCE cov: 494 ft: 1440 corp: 222/6014b lim: 45 exec/s: 0 rss: 77Mb L: 11/45 MS: 1 EraseBytes-
#14048	REDUCE cov: 494 ft: 1440 corp: 222/6013b lim: 45 exec/s: 0 rss: 77Mb L: 16/45 MS: 2 ShuffleBytes-EraseBytes-
#14086	REDUCE cov: 494 ft: 1440 corp: 222/6003b lim: 45 exec/s: 0 rss: 77Mb L: 12/45 MS: 3 InsertByte-InsertByte-EraseBytes-
#14116	REDUCE cov: 494 ft: 1440 corp: 222/6000b lim: 45 exec/s: 0 rss: 77Mb L: 20/45 MS: 5 InsertByte-PersAutoDict-CMP-ChangeByte-EraseBytes- DE: "\001\032"-"\001\000\000\000\000\000\000\011"-
#14207	REDUCE cov: 494 ft: 1440 corp: 222/5999b lim: 45 exec/s: 0 rss: 77Mb L: 24/45 MS: 1 EraseBytes-
#14213	REDUCE cov: 494 ft: 1440 corp: 222/5998b lim: 45 exec/s: 0 rss: 77Mb L: 17/45 MS: 1 EraseBytes-
#14325	REDUCE cov: 494 ft: 1440 corp: 222/5997b lim: 45 exec/s: 0 rss: 77Mb L: 10/45 MS: 2 ChangeByte-EraseBytes-
#14383	NEW    cov: 494 ft: 1442 corp: 223/6042b lim: 45 exec/s: 0 rss: 77Mb L: 45/45 MS: 3 ChangeASCIIInt-ChangeBit-CopyPart-
#14420	REDUCE cov: 494 ft: 1442 corp: 223/6039b lim: 45 exec/s: 0 rss: 78Mb L: 33/45 MS: 2 ChangeBinInt-EraseBytes-
#14503	REDUCE cov: 494 ft: 1442 corp: 223/6032b lim: 45 exec/s: 0 rss: 78Mb L: 13/45 MS: 3 CMP-EraseBytes-EraseBytes- DE: "(\000"-
#14510	REDUCE cov: 494 ft: 1443 corp: 224/6072b lim: 45 exec/s: 0 rss: 78Mb L: 40/45 MS: 2 InsertByte-CopyPart-
#14541	REDUCE cov: 494 ft: 1443 corp: 224/6062b lim: 45 exec/s: 0 rss: 78Mb L: 34/45 MS: 1 EraseBytes-
#14660	REDUCE cov: 494 ft: 1443 corp: 224/6058b lim: 45 exec/s: 0 rss: 78Mb L: 11/45 MS: 4 EraseBytes-ChangeBit-ChangeBit-PersAutoDict- DE: "z\000"-
#14667	REDUCE cov: 494 ft: 1443 corp: 224/6057b lim: 45 exec/s: 0 rss: 78Mb L: 28/45 MS: 2 InsertRepeatedBytes-EraseBytes-
#14827	REDUCE cov: 494 ft: 1443 corp: 224/6056b lim: 45 exec/s: 0 rss: 78Mb L: 39/45 MS: 5 InsertByte-CopyPart-CopyPart-InsertByte-EraseBytes-
#14849	REDUCE cov: 494 ft: 1443 corp: 224/6049b lim: 45 exec/s: 0 rss: 78Mb L: 22/45 MS: 2 InsertByte-EraseBytes-
#15141	REDUCE cov: 494 ft: 1443 corp: 224/6043b lim: 45 exec/s: 0 rss: 79Mb L: 28/45 MS: 2 ChangeBinInt-EraseBytes-
#15217	REDUCE cov: 494 ft: 1443 corp: 224/6034b lim: 45 exec/s: 0 rss: 79Mb L: 35/45 MS: 1 EraseBytes-
#15223	REDUCE cov: 494 ft: 1443 corp: 224/6032b lim: 45 exec/s: 0 rss: 79Mb L: 35/45 MS: 1 EraseBytes-
#15241	REDUCE cov: 494 ft: 1443 corp: 224/6029b lim: 45 exec/s: 0 rss: 79Mb L: 15/45 MS: 3 ChangeByte-CMP-EraseBytes- DE: "\205\000"-
#15263	REDUCE cov: 494 ft: 1443 corp: 224/6027b lim: 45 exec/s: 0 rss: 79Mb L: 3/45 MS: 2 EraseBytes-ChangeByte-
#15354	REDUCE cov: 494 ft: 1445 corp: 225/6067b lim: 45 exec/s: 0 rss: 79Mb L: 40/45 MS: 1 CopyPart-
#15489	REDUCE cov: 494 ft: 1445 corp: 225/6056b lim: 45 exec/s: 0 rss: 79Mb L: 21/45 MS: 5 ShuffleBytes-ShuffleBytes-ShuffleBytes-InsertRepeatedBytes-EraseBytes-
#15506	REDUCE cov: 494 ft: 1445 corp: 225/6041b lim: 45 exec/s: 0 rss: 79Mb L: 30/45 MS: 2 ChangeBinInt-CrossOver-
#15562	REDUCE cov: 494 ft: 1445 corp: 225/6039b lim: 45 exec/s: 15562 rss: 80Mb L: 17/45 MS: 1 EraseBytes-
#15574	REDUCE cov: 494 ft: 1445 corp: 225/6037b lim: 45 exec/s: 15574 rss: 80Mb L: 10/45 MS: 2 ChangeBit-EraseBytes-
#15830	REDUCE cov: 494 ft: 1445 corp: 225/6035b lim: 45 exec/s: 15830 rss: 83Mb L: 18/45 MS: 3 ChangeBinInt-CopyPart-CrossOver-
#15832	REDUCE cov: 494 ft: 1445 corp: 225/6032b lim: 45 exec/s: 15832 rss: 83Mb L: 32/45 MS: 2 CopyPart-EraseBytes-
#15853	REDUCE cov: 494 ft: 1445 corp: 225/6027b lim: 45 exec/s: 15853 rss: 83Mb L: 19/45 MS: 1 EraseBytes-
#15869	REDUCE cov: 494 ft: 1445 corp: 225/6020b lim: 45 exec/s: 15869 rss: 83Mb L: 36/45 MS: 1 EraseBytes-
#15885	REDUCE cov: 494 ft: 1446 corp: 226/6059b lim: 45 exec/s: 15885 rss: 83Mb L: 39/45 MS: 1 CrossOver-
#15942	REDUCE cov: 494 ft: 1446 corp: 226/6045b lim: 45 exec/s: 15942 rss: 83Mb L: 26/45 MS: 2 ShuffleBytes-EraseBytes-
#16008	REDUCE cov: 494 ft: 1446 corp: 226/6037b lim: 45 exec/s: 16008 rss: 83Mb L: 14/45 MS: 1 EraseBytes-
#16035	REDUCE cov: 494 ft: 1446 corp: 226/6029b lim: 45 exec/s: 16035 rss: 84Mb L: 10/45 MS: 2 InsertByte-EraseBytes-
#16165	REDUCE cov: 494 ft: 1446 corp: 226/6027b lim: 45 exec/s: 16165 rss: 84Mb L: 35/45 MS: 5 ChangeBinInt-InsertRepeatedBytes-ChangeBit-ChangeBinInt-EraseBytes-
#16166	REDUCE cov: 494 ft: 1446 corp: 226/6025b lim: 45 exec/s: 16166 rss: 84Mb L: 22/45 MS: 1 EraseBytes-
#16653	REDUCE cov: 494 ft: 1446 corp: 226/6023b lim: 45 exec/s: 16653 rss: 84Mb L: 18/45 MS: 2 CrossOver-EraseBytes-
#16679	REDUCE cov: 494 ft: 1446 corp: 226/6014b lim: 45 exec/s: 16679 rss: 84Mb L: 31/45 MS: 1 EraseBytes-
#16760	NEW    cov: 494 ft: 1448 corp: 227/6034b lim: 45 exec/s: 16760 rss: 85Mb L: 20/45 MS: 1 CopyPart-
#16781	REDUCE cov: 494 ft: 1448 corp: 227/6029b lim: 45 exec/s: 16781 rss: 85Mb L: 19/45 MS: 1 CrossOver-
#16818	REDUCE cov: 494 ft: 1448 corp: 227/6028b lim: 45 exec/s: 16818 rss: 85Mb L: 18/45 MS: 2 CrossOver-EraseBytes-
#16849	REDUCE cov: 494 ft: 1448 corp: 227/6023b lim: 45 exec/s: 16849 rss: 85Mb L: 30/45 MS: 1 EraseBytes-
#16876	REDUCE cov: 494 ft: 1448 corp: 227/6018b lim: 45 exec/s: 16876 rss: 85Mb L: 34/45 MS: 2 PersAutoDict-EraseBytes- DE: "\201\000\000\000\000\000\000N"-
#17023	NEW    cov: 494 ft: 1450 corp: 228/6055b lim: 45 exec/s: 17023 rss: 85Mb L: 37/45 MS: 2 ChangeBinInt-EraseBytes-
#17074	REDUCE cov: 494 ft: 1450 corp: 228/6054b lim: 45 exec/s: 17074 rss: 85Mb L: 9/45 MS: 1 EraseBytes-
#17077	REDUCE cov: 494 ft: 1450 corp: 228/6053b lim: 45 exec/s: 17077 rss: 85Mb L: 39/45 MS: 3 CopyPart-ChangeBinInt-EraseBytes-
#17245	REDUCE cov: 494 ft: 1450 corp: 228/6050b lim: 45 exec/s: 17245 rss: 86Mb L: 39/45 MS: 3 ShuffleBytes-CrossOver-EraseBytes-
#17432	REDUCE cov: 494 ft: 1450 corp: 228/6049b lim: 45 exec/s: 17432 rss: 86Mb L: 22/45 MS: 2 EraseBytes-CopyPart-
#17447	REDUCE cov: 494 ft: 1450 corp: 228/6048b lim: 45 exec/s: 17447 rss: 86Mb L: 28/45 MS: 5 CopyPart-CrossOver-ChangeByte-PersAutoDict-CrossOver- DE: "\323\377\377\377"-
#17471	REDUCE cov: 494 ft: 1450 corp: 228/6040b lim: 45 exec/s: 17471 rss: 86Mb L: 24/45 MS: 4 CopyPart-ChangeBinInt-PersAutoDict-EraseBytes- DE: "\001\000\000\000\000\000\000,"-
#17734	REDUCE cov: 494 ft: 1450 corp: 228/6039b lim: 45 exec/s: 17734 rss: 86Mb L: 27/45 MS: 3 PersAutoDict-CrossOver-EraseBytes- DE: "\001\205"-
#17789	REDUCE cov: 494 ft: 1450 corp: 228/6035b lim: 45 exec/s: 17789 rss: 87Mb L: 36/45 MS: 5 CMP-CrossOver-ChangeByte-ChangeBit-EraseBytes- DE: "\377\377"-
#17809	REDUCE cov: 494 ft: 1450 corp: 228/6028b lim: 45 exec/s: 17809 rss: 87Mb L: 17/45 MS: 5 ChangeBit-PersAutoDict-CopyPart-ChangeBinInt-EraseBytes- DE: "\205\000"-
#17845	REDUCE cov: 494 ft: 1450 corp: 228/6025b lim: 45 exec/s: 17845 rss: 87Mb L: 16/45 MS: 1 EraseBytes-
#17885	REDUCE cov: 494 ft: 1450 corp: 228/6024b lim: 45 exec/s: 17885 rss: 87Mb L: 23/45 MS: 5 ChangeByte-ChangeBit-ShuffleBytes-ChangeASCIIInt-EraseBytes-
#17941	REDUCE cov: 494 ft: 1450 corp: 228/6019b lim: 45 exec/s: 17941 rss: 87Mb L: 11/45 MS: 1 EraseBytes-
#18137	REDUCE cov: 494 ft: 1450 corp: 228/6012b lim: 45 exec/s: 18137 rss: 87Mb L: 38/45 MS: 1 EraseBytes-
#18185	REDUCE cov: 494 ft: 1450 corp: 228/6004b lim: 45 exec/s: 18185 rss: 87Mb L: 22/45 MS: 3 EraseBytes-InsertByte-InsertRepeatedBytes-
#18265	REDUCE cov: 494 ft: 1450 corp: 228/6003b lim: 45 exec/s: 18265 rss: 87Mb L: 21/45 MS: 5 ShuffleBytes-ShuffleBytes-CopyPart-EraseBytes-CopyPart-
#18381	REDUCE cov: 494 ft: 1450 corp: 228/5982b lim: 45 exec/s: 18381 rss: 88Mb L: 21/45 MS: 1 EraseBytes-
#18520	REDUCE cov: 494 ft: 1450 corp: 228/5981b lim: 45 exec/s: 18520 rss: 88Mb L: 19/45 MS: 4 ChangeASCIIInt-ShuffleBytes-ChangeBinInt-EraseBytes-
#18530	REDUCE cov: 494 ft: 1450 corp: 228/5972b lim: 45 exec/s: 18530 rss: 88Mb L: 15/45 MS: 5 ShuffleBytes-PersAutoDict-ChangeBinInt-ShuffleBytes-EraseBytes- DE: "(\000"-
#18764	REDUCE cov: 494 ft: 1450 corp: 228/5970b lim: 45 exec/s: 18764 rss: 88Mb L: 23/45 MS: 4 InsertByte-ChangeBit-ChangeBinInt-CrossOver-
#18802	REDUCE cov: 494 ft: 1450 corp: 228/5969b lim: 45 exec/s: 18802 rss: 88Mb L: 8/45 MS: 3 CrossOver-ChangeBit-EraseBytes-
#18825	REDUCE cov: 494 ft: 1451 corp: 229/6010b lim: 45 exec/s: 18825 rss: 88Mb L: 41/45 MS: 3 InsertRepeatedBytes-ChangeByte-CopyPart-
#18958	REDUCE cov: 494 ft: 1451 corp: 229/6009b lim: 45 exec/s: 18958 rss: 89Mb L: 40/45 MS: 3 ChangeBinInt-CrossOver-EraseBytes-
#18982	REDUCE cov: 494 ft: 1451 corp: 229/6007b lim: 45 exec/s: 18982 rss: 89Mb L: 10/45 MS: 4 PersAutoDict-EraseBytes-InsertRepeatedBytes-EraseBytes- DE: "\377\377\377\377"-
#19006	NEW    cov: 494 ft: 1452 corp: 230/6049b lim: 45 exec/s: 19006 rss: 89Mb L: 42/45 MS: 4 ChangeBit-PersAutoDict-PersAutoDict-InsertByte- DE: "\007\000"-"\377\377"-
#19251	REDUCE cov: 494 ft: 1452 corp: 230/6037b lim: 45 exec/s: 19251 rss: 89Mb L: 19/45 MS: 5 CopyPart-ChangeBinInt-ChangeBit-ShuffleBytes-EraseBytes-
#19324	NEW    cov: 494 ft: 1453 corp: 231/6082b lim: 45 exec/s: 19324 rss: 89Mb L: 45/45 MS: 3 ChangeByte-ChangeASCIIInt-CopyPart-
#19546	REDUCE cov: 494 ft: 1453 corp: 231/6074b lim: 45 exec/s: 19546 rss: 90Mb L: 29/45 MS: 2 PersAutoDict-EraseBytes- DE: "\011\000\000\000\000\000\000\000"-
#19669	REDUCE cov: 494 ft: 1453 corp: 231/6073b lim: 45 exec/s: 19669 rss: 90Mb L: 12/45 MS: 3 EraseBytes-CopyPart-CopyPart-
#19692	REDUCE cov: 494 ft: 1453 corp: 231/6066b lim: 45 exec/s: 19692 rss: 90Mb L: 20/45 MS: 3 PersAutoDict-EraseBytes-EraseBytes- DE: "\201\000\000\000\000\000\000N"-
#19794	REDUCE cov: 494 ft: 1453 corp: 231/6060b lim: 45 exec/s: 19794 rss: 90Mb L: 9/45 MS: 2 ShuffleBytes-EraseBytes-
#19840	REDUCE cov: 494 ft: 1453 corp: 231/6048b lim: 45 exec/s: 19840 rss: 90Mb L: 17/45 MS: 1 EraseBytes-
#19883	REDUCE cov: 494 ft: 1453 corp: 231/6045b lim: 45 exec/s: 19883 rss: 90Mb L: 16/45 MS: 3 CopyPart-ChangeBit-EraseBytes-
#19921	REDUCE cov: 494 ft: 1453 corp: 231/6044b lim: 45 exec/s: 19921 rss: 90Mb L: 17/45 MS: 3 InsertByte-ChangeBit-EraseBytes-
#19928	REDUCE cov: 494 ft: 1453 corp: 231/6038b lim: 45 exec/s: 19928 rss: 90Mb L: 16/45 MS: 2 ChangeByte-EraseBytes-
#19939	REDUCE cov: 494 ft: 1453 corp: 231/6037b lim: 45 exec/s: 19939 rss: 90Mb L: 9/45 MS: 1 EraseBytes-
#19980	REDUCE cov: 494 ft: 1453 corp: 231/6035b lim: 45 exec/s: 19980 rss: 90Mb L: 31/45 MS: 1 EraseBytes-
#20008	NEW    cov: 494 ft: 1454 corp: 232/6079b lim: 45 exec/s: 20008 rss: 90Mb L: 44/45 MS: 3 ShuffleBytes-ChangeBinInt-CMP- DE: "\001\000\000\000\000\000\000\000"-
#20289	REDUCE cov: 494 ft: 1454 corp: 232/6078b lim: 45 exec/s: 20289 rss: 91Mb L: 9/45 MS: 1 EraseBytes-
#20348	REDUCE cov: 494 ft: 1456 corp: 233/6100b lim: 45 exec/s: 20348 rss: 91Mb L: 22/45 MS: 4 ChangeBinInt-CMP-ChangeBinInt-CopyPart- DE: "\"\000\000\000"-
#20369	NEW    cov: 494 ft: 1457 corp: 234/6144b lim: 45 exec/s: 20369 rss: 91Mb L: 44/45 MS: 1 CopyPart-
#20390	REDUCE cov: 494 ft: 1457 corp: 234/6143b lim: 45 exec/s: 20390 rss: 91Mb L: 33/45 MS: 1 EraseBytes-
#20438	REDUCE cov: 494 ft: 1457 corp: 234/6142b lim: 45 exec/s: 20438 rss: 91Mb L: 33/45 MS: 3 PersAutoDict-ShuffleBytes-EraseBytes- DE: "\001\032"-
#20449	REDUCE cov: 494 ft: 1457 corp: 234/6137b lim: 45 exec/s: 20449 rss: 91Mb L: 8/45 MS: 1 EraseBytes-
#20466	REDUCE cov: 494 ft: 1457 corp: 234/6127b lim: 45 exec/s: 20466 rss: 91Mb L: 29/45 MS: 2 ChangeByte-EraseBytes-
#20510	REDUCE cov: 494 ft: 1457 corp: 234/6123b lim: 45 exec/s: 20510 rss: 91Mb L: 29/45 MS: 4 InsertByte-PersAutoDict-CopyPart-EraseBytes- DE: "\200\000\000\000\000\000\000\000"-
#20556	REDUCE cov: 494 ft: 1458 corp: 235/6164b lim: 45 exec/s: 20556 rss: 91Mb L: 41/45 MS: 1 CrossOver-
#20570	NEW    cov: 494 ft: 1459 corp: 236/6206b lim: 45 exec/s: 20570 rss: 91Mb L: 42/45 MS: 4 ChangeASCIIInt-CrossOver-InsertByte-CrossOver-
#20659	REDUCE cov: 494 ft: 1459 corp: 236/6195b lim: 45 exec/s: 20659 rss: 92Mb L: 9/45 MS: 4 PersAutoDict-PersAutoDict-CrossOver-CrossOver- DE: "\377\377"-"\377\377\377\377\377\377\377\377"-
#20723	REDUCE cov: 494 ft: 1459 corp: 236/6193b lim: 45 exec/s: 20723 rss: 92Mb L: 18/45 MS: 4 ChangeByte-EraseBytes-ChangeBit-ChangeBit-
#20729	NEW    cov: 494 ft: 1461 corp: 237/6236b lim: 45 exec/s: 20729 rss: 92Mb L: 43/45 MS: 1 CopyPart-
#20797	REDUCE cov: 494 ft: 1461 corp: 237/6234b lim: 45 exec/s: 20797 rss: 92Mb L: 22/45 MS: 3 ShuffleBytes-ShuffleBytes-EraseBytes-
#21013	REDUCE cov: 494 ft: 1461 corp: 237/6233b lim: 45 exec/s: 21013 rss: 92Mb L: 15/45 MS: 1 EraseBytes-
#21024	NEW    cov: 494 ft: 1463 corp: 238/6277b lim: 45 exec/s: 21024 rss: 92Mb L: 44/45 MS: 1 CopyPart-
#21115	REDUCE cov: 494 ft: 1463 corp: 238/6273b lim: 45 exec/s: 21115 rss: 92Mb L: 7/45 MS: 1 EraseBytes-
#21116	REDUCE cov: 494 ft: 1464 corp: 239/6308b lim: 45 exec/s: 21116 rss: 92Mb L: 35/45 MS: 1 CopyPart-
#21295	REDUCE cov: 494 ft: 1464 corp: 239/6304b lim: 45 exec/s: 21295 rss: 93Mb L: 24/45 MS: 4 ChangeBinInt-ChangeByte-ChangeBinInt-EraseBytes-
#21306	REDUCE cov: 494 ft: 1464 corp: 239/6302b lim: 45 exec/s: 21306 rss: 93Mb L: 4/45 MS: 1 EraseBytes-
#21319	REDUCE cov: 494 ft: 1464 corp: 239/6300b lim: 45 exec/s: 21319 rss: 93Mb L: 9/45 MS: 3 PersAutoDict-EraseBytes-CMP- DE: "\007\000"-"\377\377\377K"-
#21385	REDUCE cov: 494 ft: 1464 corp: 239/6298b lim: 45 exec/s: 21385 rss: 93Mb L: 24/45 MS: 1 EraseBytes-
#21411	REDUCE cov: 494 ft: 1464 corp: 239/6294b lim: 45 exec/s: 21411 rss: 93Mb L: 8/45 MS: 1 EraseBytes-
#21417	NEW    cov: 494 ft: 1466 corp: 240/6334b lim: 45 exec/s: 21417 rss: 93Mb L: 40/45 MS: 1 CopyPart-
#21608	REDUCE cov: 494 ft: 1466 corp: 240/6322b lim: 45 exec/s: 21608 rss: 93Mb L: 23/45 MS: 1 EraseBytes-
#21802	REDUCE cov: 494 ft: 1466 corp: 240/6308b lim: 45 exec/s: 21802 rss: 94Mb L: 14/45 MS: 4 ChangeBinInt-InsertByte-ChangeBit-CrossOver-
#22006	REDUCE cov: 494 ft: 1466 corp: 240/6305b lim: 45 exec/s: 22006 rss: 94Mb L: 39/45 MS: 4 EraseBytes-ChangeASCIIInt-InsertRepeatedBytes-CopyPart-
#22157	REDUCE cov: 494 ft: 1466 corp: 240/6303b lim: 45 exec/s: 22157 rss: 94Mb L: 30/45 MS: 1 EraseBytes-
#22403	REDUCE cov: 494 ft: 1469 corp: 241/6347b lim: 45 exec/s: 22403 rss: 95Mb L: 44/45 MS: 1 CopyPart-
#22484	REDUCE cov: 494 ft: 1469 corp: 241/6346b lim: 45 exec/s: 22484 rss: 95Mb L: 21/45 MS: 1 EraseBytes-
#22559	REDUCE cov: 494 ft: 1469 corp: 241/6342b lim: 45 exec/s: 22559 rss: 95Mb L: 29/45 MS: 5 CopyPart-EraseBytes-CopyPart-InsertByte-CMP- DE: "\377\377\377\007"-
#22685	REDUCE cov: 494 ft: 1469 corp: 241/6340b lim: 45 exec/s: 22685 rss: 95Mb L: 21/45 MS: 1 EraseBytes-
#22696	REDUCE cov: 494 ft: 1469 corp: 241/6338b lim: 45 exec/s: 22696 rss: 95Mb L: 12/45 MS: 1 EraseBytes-
#22782	REDUCE cov: 494 ft: 1469 corp: 241/6335b lim: 45 exec/s: 22782 rss: 95Mb L: 6/45 MS: 1 EraseBytes-
#22785	REDUCE cov: 494 ft: 1469 corp: 241/6333b lim: 45 exec/s: 22785 rss: 95Mb L: 1/45 MS: 3 CopyPart-EraseBytes-EraseBytes-
#22923	REDUCE cov: 494 ft: 1469 corp: 241/6331b lim: 45 exec/s: 22923 rss: 96Mb L: 4/45 MS: 3 ShuffleBytes-CopyPart-EraseBytes-
#22944	REDUCE cov: 494 ft: 1469 corp: 241/6327b lim: 45 exec/s: 22944 rss: 96Mb L: 6/45 MS: 1 EraseBytes-
#23020	REDUCE cov: 494 ft: 1469 corp: 241/6326b lim: 45 exec/s: 23020 rss: 96Mb L: 5/45 MS: 1 EraseBytes-
#23331	REDUCE cov: 494 ft: 1469 corp: 241/6323b lim: 45 exec/s: 23331 rss: 96Mb L: 5/45 MS: 1 EraseBytes-
#23360	REDUCE cov: 494 ft: 1469 corp: 241/6315b lim: 45 exec/s: 23360 rss: 96Mb L: 37/45 MS: 4 EraseBytes-EraseBytes-CopyPart-CopyPart-
#23377	REDUCE cov: 494 ft: 1473 corp: 242/6360b lim: 45 exec/s: 23377 rss: 96Mb L: 45/45 MS: 2 PersAutoDict-InsertRepeatedBytes- DE: "\001\205"-
#23399	REDUCE cov: 494 ft: 1474 corp: 243/6405b lim: 45 exec/s: 23399 rss: 96Mb L: 45/45 MS: 2 CopyPart-PersAutoDict- DE: "\377\377\377\377"-
#23400	REDUCE cov: 494 ft: 1474 corp: 243/6399b lim: 45 exec/s: 23400 rss: 96Mb L: 10/45 MS: 1 EraseBytes-
#23418	REDUCE cov: 494 ft: 1474 corp: 243/6392b lim: 45 exec/s: 23418 rss: 96Mb L: 32/45 MS: 3 ShuffleBytes-ShuffleBytes-EraseBytes-
#23465	REDUCE cov: 494 ft: 1479 corp: 244/6422b lim: 45 exec/s: 23465 rss: 97Mb L: 30/45 MS: 2 CMP-CopyPart- DE: "\000\032"-
#23481	REDUCE cov: 494 ft: 1479 corp: 244/6420b lim: 45 exec/s: 23481 rss: 97Mb L: 19/45 MS: 1 EraseBytes-
#23588	REDUCE cov: 494 ft: 1479 corp: 244/6419b lim: 45 exec/s: 23588 rss: 97Mb L: 16/45 MS: 2 ChangeBit-EraseBytes-
#23684	REDUCE cov: 494 ft: 1479 corp: 244/6418b lim: 45 exec/s: 23684 rss: 97Mb L: 23/45 MS: 1 EraseBytes-
#23860	NEW    cov: 494 ft: 1484 corp: 245/6448b lim: 45 exec/s: 23860 rss: 97Mb L: 30/45 MS: 1 CMP- DE: "\010\000\000\000"-
#23892	REDUCE cov: 494 ft: 1484 corp: 245/6443b lim: 45 exec/s: 23892 rss: 97Mb L: 40/45 MS: 2 EraseBytes-CopyPart-
#23903	REDUCE cov: 494 ft: 1484 corp: 245/6438b lim: 45 exec/s: 23903 rss: 97Mb L: 12/45 MS: 1 CrossOver-
#23975	REDUCE cov: 494 ft: 1484 corp: 245/6437b lim: 45 exec/s: 23975 rss: 98Mb L: 32/45 MS: 2 ShuffleBytes-EraseBytes-
#23996	REDUCE cov: 494 ft: 1484 corp: 245/6435b lim: 45 exec/s: 23996 rss: 98Mb L: 14/45 MS: 1 EraseBytes-
#23999	REDUCE cov: 494 ft: 1484 corp: 245/6423b lim: 45 exec/s: 23999 rss: 98Mb L: 27/45 MS: 3 CopyPart-ChangeBit-EraseBytes-
#24015	REDUCE cov: 494 ft: 1484 corp: 245/6420b lim: 45 exec/s: 24015 rss: 98Mb L: 8/45 MS: 1 EraseBytes-
#24041	REDUCE cov: 494 ft: 1484 corp: 245/6416b lim: 45 exec/s: 24041 rss: 98Mb L: 33/45 MS: 1 EraseBytes-
#24042	REDUCE cov: 494 ft: 1484 corp: 245/6415b lim: 45 exec/s: 24042 rss: 98Mb L: 4/45 MS: 1 EraseBytes-
#24057	REDUCE cov: 494 ft: 1484 corp: 245/6411b lim: 45 exec/s: 24057 rss: 98Mb L: 38/45 MS: 5 EraseBytes-InsertByte-CopyPart-ChangeBit-ChangeByte-
#24094	REDUCE cov: 494 ft: 1484 corp: 245/6408b lim: 45 exec/s: 24094 rss: 98Mb L: 16/45 MS: 2 EraseBytes-CopyPart-
#24109	REDUCE cov: 494 ft: 1487 corp: 246/6451b lim: 45 exec/s: 24109 rss: 98Mb L: 43/45 MS: 5 ChangeASCIIInt-ShuffleBytes-CopyPart-CrossOver-CopyPart-
#24308	REDUCE cov: 494 ft: 1487 corp: 246/6450b lim: 45 exec/s: 24308 rss: 98Mb L: 14/45 MS: 4 ChangeBit-ShuffleBytes-ChangeBit-EraseBytes-
#24425	NEW    cov: 494 ft: 1489 corp: 247/6494b lim: 45 exec/s: 24425 rss: 98Mb L: 44/45 MS: 2 PersAutoDict-ChangeByte- DE: "\323\377\377\377"-
#24513	REDUCE cov: 494 ft: 1489 corp: 247/6493b lim: 45 exec/s: 24513 rss: 99Mb L: 3/45 MS: 3 ChangeBit-EraseBytes-CopyPart-
#24877	REDUCE cov: 494 ft: 1489 corp: 247/6492b lim: 45 exec/s: 24877 rss: 99Mb L: 15/45 MS: 4 ChangeBit-CrossOver-ChangeBinInt-EraseBytes-
#24884	REDUCE cov: 494 ft: 1489 corp: 247/6478b lim: 45 exec/s: 24884 rss: 99Mb L: 24/45 MS: 2 CopyPart-EraseBytes-
#24891	REDUCE cov: 494 ft: 1489 corp: 247/6469b lim: 45 exec/s: 24891 rss: 99Mb L: 30/45 MS: 2 ChangeByte-EraseBytes-
#25002	REDUCE cov: 494 ft: 1489 corp: 247/6464b lim: 45 exec/s: 25002 rss: 99Mb L: 39/45 MS: 1 EraseBytes-
#25063	REDUCE cov: 494 ft: 1492 corp: 248/6501b lim: 45 exec/s: 25063 rss: 99Mb L: 37/45 MS: 1 InsertRepeatedBytes-
#25087	REDUCE cov: 494 ft: 1492 corp: 248/6495b lim: 45 exec/s: 25087 rss: 100Mb L: 16/45 MS: 4 ShuffleBytes-ChangeASCIIInt-ChangeASCIIInt-EraseBytes-
#25100	REDUCE cov: 494 ft: 1492 corp: 248/6491b lim: 45 exec/s: 25100 rss: 100Mb L: 19/45 MS: 3 ChangeBinInt-ChangeBinInt-EraseBytes-
#25126	REDUCE cov: 494 ft: 1492 corp: 248/6485b lim: 45 exec/s: 25126 rss: 100Mb L: 16/45 MS: 1 EraseBytes-
#25274	REDUCE cov: 494 ft: 1492 corp: 248/6484b lim: 45 exec/s: 25274 rss: 100Mb L: 10/45 MS: 3 InsertRepeatedBytes-ShuffleBytes-EraseBytes-
#25355	REDUCE cov: 494 ft: 1492 corp: 248/6479b lim: 45 exec/s: 25355 rss: 100Mb L: 22/45 MS: 1 EraseBytes-
#25440	REDUCE cov: 494 ft: 1492 corp: 248/6471b lim: 45 exec/s: 25440 rss: 100Mb L: 32/45 MS: 5 ChangeBit-EraseBytes-ChangeBit-PersAutoDict-PersAutoDict- DE: "\007\000"-"\000\000\000\000\000\000\000\000"-
#25443	REDUCE cov: 494 ft: 1492 corp: 248/6468b lim: 45 exec/s: 25443 rss: 100Mb L: 16/45 MS: 3 ChangeBit-ChangeBit-EraseBytes-
#25555	REDUCE cov: 494 ft: 1492 corp: 248/6467b lim: 45 exec/s: 25555 rss: 100Mb L: 25/45 MS: 2 ChangeBinInt-EraseBytes-
#25612	REDUCE cov: 494 ft: 1492 corp: 248/6465b lim: 45 exec/s: 25612 rss: 100Mb L: 20/45 MS: 2 ShuffleBytes-EraseBytes-
#25665	REDUCE cov: 494 ft: 1492 corp: 248/6461b lim: 45 exec/s: 25665 rss: 101Mb L: 12/45 MS: 3 CopyPart-CopyPart-EraseBytes-
#25776	REDUCE cov: 494 ft: 1492 corp: 248/6460b lim: 45 exec/s: 25776 rss: 101Mb L: 20/45 MS: 1 EraseBytes-
#25779	REDUCE cov: 494 ft: 1492 corp: 248/6457b lim: 45 exec/s: 25779 rss: 101Mb L: 29/45 MS: 3 ChangeBit-ChangeBinInt-EraseBytes-
#25784	REDUCE cov: 494 ft: 1492 corp: 248/6454b lim: 45 exec/s: 25784 rss: 101Mb L: 22/45 MS: 5 ChangeByte-ChangeByte-CrossOver-InsertByte-EraseBytes-
#25824	REDUCE cov: 494 ft: 1492 corp: 248/6452b lim: 45 exec/s: 25824 rss: 101Mb L: 33/45 MS: 5 EraseBytes-PersAutoDict-InsertRepeatedBytes-PersAutoDict-CrossOver- DE: "\000\000\000\000\000\000\000\032"-"\001\032"-
#25859	REDUCE cov: 494 ft: 1492 corp: 248/6445b lim: 45 exec/s: 25859 rss: 101Mb L: 12/45 MS: 5 EraseBytes-CopyPart-ChangeBinInt-CopyPart-ShuffleBytes-
#26036	NEW    cov: 495 ft: 1493 corp: 249/6447b lim: 45 exec/s: 26036 rss: 101Mb L: 2/45 MS: 2 ChangeByte-InsertByte-
#26123	REDUCE cov: 495 ft: 1493 corp: 249/6443b lim: 45 exec/s: 26123 rss: 101Mb L: 16/45 MS: 2 ShuffleBytes-EraseBytes-
#26480	REDUCE cov: 495 ft: 1500 corp: 250/6488b lim: 45 exec/s: 26480 rss: 102Mb L: 45/45 MS: 2 ChangeBit-CopyPart-
#26552	REDUCE cov: 495 ft: 1500 corp: 250/6487b lim: 45 exec/s: 26552 rss: 102Mb L: 32/45 MS: 2 InsertByte-EraseBytes-
#26575	REDUCE cov: 495 ft: 1500 corp: 250/6485b lim: 45 exec/s: 26575 rss: 102Mb L: 41/45 MS: 3 InsertByte-InsertByte-EraseBytes-
#26711	REDUCE cov: 495 ft: 1500 corp: 250/6481b lim: 45 exec/s: 26711 rss: 102Mb L: 10/45 MS: 1 EraseBytes-
#26747	REDUCE cov: 495 ft: 1500 corp: 250/6474b lim: 45 exec/s: 26747 rss: 102Mb L: 12/45 MS: 1 EraseBytes-
#26948	REDUCE cov: 495 ft: 1500 corp: 250/6470b lim: 45 exec/s: 26948 rss: 103Mb L: 27/45 MS: 1 CrossOver-
#26965	REDUCE cov: 495 ft: 1500 corp: 250/6469b lim: 45 exec/s: 26965 rss: 103Mb L: 26/45 MS: 2 ChangeByte-EraseBytes-
#26985	REDUCE cov: 495 ft: 1500 corp: 250/6467b lim: 45 exec/s: 26985 rss: 103Mb L: 20/45 MS: 5 ChangeByte-EraseBytes-ChangeBinInt-CrossOver-PersAutoDict- DE: "\377\377\377\377"-
#27063	REDUCE cov: 495 ft: 1500 corp: 250/6458b lim: 45 exec/s: 27063 rss: 103Mb L: 34/45 MS: 3 EraseBytes-PersAutoDict-PersAutoDict- DE: "\377\377\377\007"-"\377\377\377\007"-
#27084	REDUCE cov: 495 ft: 1501 corp: 251/6497b lim: 45 exec/s: 27084 rss: 103Mb L: 39/45 MS: 1 ChangeBinInt-
#27195	REDUCE cov: 495 ft: 1501 corp: 251/6494b lim: 45 exec/s: 27195 rss: 103Mb L: 40/45 MS: 1 EraseBytes-
#27281	REDUCE cov: 495 ft: 1501 corp: 251/6492b lim: 45 exec/s: 27281 rss: 103Mb L: 42/45 MS: 1 EraseBytes-
#27331	REDUCE cov: 495 ft: 1501 corp: 251/6488b lim: 45 exec/s: 27331 rss: 103Mb L: 38/45 MS: 5 ShuffleBytes-ChangeByte-ChangeBinInt-ShuffleBytes-EraseBytes-
#27332	REDUCE cov: 495 ft: 1501 corp: 251/6487b lim: 45 exec/s: 27332 rss: 103Mb L: 7/45 MS: 1 EraseBytes-
#27436	REDUCE cov: 495 ft: 1501 corp: 251/6485b lim: 45 exec/s: 27436 rss: 104Mb L: 16/45 MS: 4 PersAutoDict-EraseBytes-ChangeBit-CopyPart- DE: "\377\377\377\377\377\377\377\377"-
#27542	REDUCE cov: 495 ft: 1501 corp: 251/6484b lim: 45 exec/s: 27542 rss: 104Mb L: 29/45 MS: 1 EraseBytes-
#27581	REDUCE cov: 496 ft: 1502 corp: 252/6508b lim: 45 exec/s: 27581 rss: 104Mb L: 24/45 MS: 4 CMP-CopyPart-CopyPart-CrossOver- DE: "\000\000\000\000\000\000\000\000"-
#27638	REDUCE cov: 496 ft: 1502 corp: 252/6507b lim: 45 exec/s: 27638 rss: 104Mb L: 34/45 MS: 2 InsertRepeatedBytes-EraseBytes-
#28019	REDUCE cov: 496 ft: 1502 corp: 252/6503b lim: 45 exec/s: 28019 rss: 105Mb L: 5/45 MS: 1 EraseBytes-
#28090	REDUCE cov: 496 ft: 1502 corp: 252/6494b lim: 45 exec/s: 28090 rss: 105Mb L: 26/45 MS: 1 EraseBytes-
#28102	REDUCE cov: 496 ft: 1502 corp: 252/6492b lim: 45 exec/s: 28102 rss: 105Mb L: 37/45 MS: 2 InsertByte-EraseBytes-
#28186	REDUCE cov: 496 ft: 1502 corp: 252/6490b lim: 45 exec/s: 28186 rss: 105Mb L: 21/45 MS: 4 ShuffleBytes-InsertByte-CopyPart-CrossOver-
#28272	REDUCE cov: 496 ft: 1502 corp: 252/6487b lim: 45 exec/s: 28272 rss: 105Mb L: 11/45 MS: 1 EraseBytes-
#28410	NEW    cov: 496 ft: 1505 corp: 253/6531b lim: 45 exec/s: 28410 rss: 105Mb L: 44/45 MS: 3 InsertRepeatedBytes-PersAutoDict-CopyPart- DE: "\011\000\000\000\000\000\000\000"-
#28418	REDUCE cov: 496 ft: 1505 corp: 253/6529b lim: 45 exec/s: 28418 rss: 105Mb L: 20/45 MS: 3 ChangeBinInt-ShuffleBytes-EraseBytes-
#28425	REDUCE cov: 496 ft: 1505 corp: 253/6528b lim: 45 exec/s: 28425 rss: 105Mb L: 4/45 MS: 2 ChangeByte-EraseBytes-
#28514	REDUCE cov: 496 ft: 1505 corp: 253/6525b lim: 45 exec/s: 28514 rss: 105Mb L: 24/45 MS: 4 ChangeBit-InsertRepeatedBytes-ChangeByte-EraseBytes-
#28541	REDUCE cov: 496 ft: 1508 corp: 254/6564b lim: 45 exec/s: 28541 rss: 106Mb L: 39/45 MS: 2 ChangeByte-CopyPart-
#28626	REDUCE cov: 496 ft: 1508 corp: 254/6563b lim: 45 exec/s: 28626 rss: 106Mb L: 21/45 MS: 5 ChangeBinInt-CopyPart-ChangeBit-InsertByte-CrossOver-
#28747	REDUCE cov: 496 ft: 1508 corp: 254/6561b lim: 45 exec/s: 28747 rss: 106Mb L: 19/45 MS: 1 EraseBytes-
#28781	REDUCE cov: 496 ft: 1508 corp: 254/6559b lim: 45 exec/s: 28781 rss: 106Mb L: 11/45 MS: 4 InsertByte-InsertByte-CrossOver-CrossOver-
#28794	REDUCE cov: 496 ft: 1508 corp: 254/6558b lim: 45 exec/s: 28794 rss: 106Mb L: 16/45 MS: 3 CrossOver-ChangeBinInt-EraseBytes-
#28831	NEW    cov: 496 ft: 1509 corp: 255/6599b lim: 45 exec/s: 28831 rss: 106Mb L: 41/45 MS: 2 ChangeBit-InsertByte-
#28864	NEW    cov: 497 ft: 1510 corp: 256/6639b lim: 45 exec/s: 28864 rss: 106Mb L: 40/45 MS: 3 ChangeBinInt-PersAutoDict-EraseBytes- DE: "\000\032"-
#29079	REDUCE cov: 497 ft: 1510 corp: 256/6637b lim: 45 exec/s: 29079 rss: 107Mb L: 42/45 MS: 5 ChangeASCIIInt-ShuffleBytes-ChangeASCIIInt-InsertByte-EraseBytes-
#29092	REDUCE cov: 499 ft: 1512 corp: 257/6675b lim: 45 exec/s: 29092 rss: 107Mb L: 38/45 MS: 3 CMP-CopyPart-CrossOver- DE: "\000\000\000\000\000\000\000\000"-
#29148	REDUCE cov: 499 ft: 1512 corp: 257/6674b lim: 45 exec/s: 29148 rss: 107Mb L: 43/45 MS: 1 EraseBytes-
#29303	REDUCE cov: 499 ft: 1512 corp: 257/6673b lim: 45 exec/s: 29303 rss: 107Mb L: 9/45 MS: 5 CopyPart-ChangeByte-InsertByte-CopyPart-EraseBytes-
#29487	REDUCE cov: 499 ft: 1514 corp: 258/6713b lim: 45 exec/s: 29487 rss: 107Mb L: 40/45 MS: 4 ShuffleBytes-ChangeBinInt-ShuffleBytes-PersAutoDict- DE: "\323\377\377\377"-
#29644	REDUCE cov: 499 ft: 1514 corp: 258/6712b lim: 45 exec/s: 29644 rss: 108Mb L: 9/45 MS: 2 ChangeBit-EraseBytes-
#29659	REDUCE cov: 499 ft: 1514 corp: 258/6705b lim: 45 exec/s: 29659 rss: 108Mb L: 13/45 MS: 5 CopyPart-PersAutoDict-EraseBytes-CMP-CrossOver- DE: "\010\000\000\000"-"\001\000\377\375"-
#29706	REDUCE cov: 499 ft: 1514 corp: 258/6695b lim: 45 exec/s: 29706 rss: 108Mb L: 28/45 MS: 2 ChangeBit-EraseBytes-
#29773	REDUCE cov: 499 ft: 1514 corp: 258/6693b lim: 45 exec/s: 29773 rss: 108Mb L: 39/45 MS: 2 CMP-EraseBytes- DE: "\001\000\000\000\000\000\000\001"-
#29834	REDUCE cov: 499 ft: 1514 corp: 258/6692b lim: 45 exec/s: 29834 rss: 108Mb L: 33/45 MS: 1 EraseBytes-
#29942	REDUCE cov: 499 ft: 1514 corp: 258/6691b lim: 45 exec/s: 29942 rss: 108Mb L: 3/45 MS: 3 CopyPart-ChangeBinInt-EraseBytes-
#29978	REDUCE cov: 499 ft: 1514 corp: 258/6678b lim: 45 exec/s: 29978 rss: 108Mb L: 15/45 MS: 1 EraseBytes-
#30218	REDUCE cov: 499 ft: 1514 corp: 258/6672b lim: 45 exec/s: 30218 rss: 109Mb L: 30/45 MS: 5 InsertByte-ChangeBit-EraseBytes-ChangeBit-CMP- DE: "\373\377\000\000"-
#30219	REDUCE cov: 499 ft: 1514 corp: 258/6670b lim: 45 exec/s: 30219 rss: 109Mb L: 8/45 MS: 1 EraseBytes-
#30238	REDUCE cov: 499 ft: 1514 corp: 258/6663b lim: 45 exec/s: 30238 rss: 109Mb L: 36/45 MS: 4 ChangeBinInt-ChangeBit-PersAutoDict-EraseBytes- DE: "\007\000"-
#30315	REDUCE cov: 499 ft: 1514 corp: 258/6662b lim: 45 exec/s: 30315 rss: 109Mb L: 41/45 MS: 2 CopyPart-EraseBytes-
#30352	REDUCE cov: 499 ft: 1516 corp: 259/6685b lim: 45 exec/s: 30352 rss: 109Mb L: 23/45 MS: 2 CopyPart-ShuffleBytes-
#30379	REDUCE cov: 499 ft: 1516 corp: 259/6676b lim: 45 exec/s: 30379 rss: 109Mb L: 31/45 MS: 2 InsertRepeatedBytes-EraseBytes-
#30382	REDUCE cov: 499 ft: 1516 corp: 259/6671b lim: 45 exec/s: 30382 rss: 109Mb L: 11/45 MS: 3 ShuffleBytes-ChangeBit-EraseBytes-
#30439	REDUCE cov: 499 ft: 1516 corp: 259/6660b lim: 45 exec/s: 30439 rss: 109Mb L: 18/45 MS: 2 InsertByte-EraseBytes-
#30583	NEW    cov: 499 ft: 1518 corp: 260/6703b lim: 45 exec/s: 30583 rss: 109Mb L: 43/45 MS: 4 InsertRepeatedBytes-PersAutoDict-ChangeBinInt-ChangeBinInt- DE: "\377\377\377K"-
#30615	REDUCE cov: 499 ft: 1518 corp: 260/6702b lim: 45 exec/s: 30615 rss: 109Mb L: 28/45 MS: 2 ChangeBinInt-EraseBytes-
#30686	REDUCE cov: 499 ft: 1518 corp: 260/6698b lim: 45 exec/s: 30686 rss: 110Mb L: 28/45 MS: 1 EraseBytes-
#30722	REDUCE cov: 499 ft: 1518 corp: 260/6691b lim: 45 exec/s: 30722 rss: 110Mb L: 19/45 MS: 1 EraseBytes-
#31108	REDUCE cov: 499 ft: 1518 corp: 260/6690b lim: 45 exec/s: 31108 rss: 110Mb L: 43/45 MS: 1 EraseBytes-
#31112	REDUCE cov: 499 ft: 1518 corp: 260/6689b lim: 45 exec/s: 31112 rss: 110Mb L: 16/45 MS: 4 ChangeByte-CrossOver-ChangeBinInt-EraseBytes-
#31200	REDUCE cov: 499 ft: 1518 corp: 260/6684b lim: 45 exec/s: 31200 rss: 110Mb L: 31/45 MS: 3 EraseBytes-ShuffleBytes-CopyPart-
#31236	REDUCE cov: 499 ft: 1518 corp: 260/6682b lim: 45 exec/s: 31236 rss: 110Mb L: 27/45 MS: 1 EraseBytes-
#31287	REDUCE cov: 499 ft: 1518 corp: 260/6680b lim: 45 exec/s: 31287 rss: 110Mb L: 27/45 MS: 1 EraseBytes-
#31313	REDUCE cov: 499 ft: 1520 corp: 261/6717b lim: 45 exec/s: 31313 rss: 110Mb L: 37/45 MS: 1 InsertRepeatedBytes-
#31534	REDUCE cov: 499 ft: 1520 corp: 261/6715b lim: 45 exec/s: 31534 rss: 111Mb L: 5/45 MS: 1 EraseBytes-
#31536	NEW    cov: 499 ft: 1521 corp: 262/6759b lim: 45 exec/s: 31536 rss: 111Mb L: 44/45 MS: 2 ChangeByte-CopyPart-
#31774	REDUCE cov: 499 ft: 1521 corp: 262/6758b lim: 45 exec/s: 31774 rss: 111Mb L: 40/45 MS: 3 PersAutoDict-CrossOver-EraseBytes- DE: "\000\032"-
#31911	REDUCE cov: 499 ft: 1521 corp: 262/6756b lim: 45 exec/s: 31911 rss: 111Mb L: 23/45 MS: 2 CrossOver-CrossOver-
#31994	REDUCE cov: 499 ft: 1521 corp: 262/6755b lim: 45 exec/s: 31994 rss: 112Mb L: 7/45 MS: 3 ChangeBinInt-ChangeByte-EraseBytes-
#31998	REDUCE cov: 499 ft: 1521 corp: 262/6753b lim: 45 exec/s: 31998 rss: 112Mb L: 10/45 MS: 4 InsertByte-CMP-ChangeBit-CrossOver- DE: "\204\000\000\000"-
#32079	REDUCE cov: 499 ft: 1521 corp: 262/6752b lim: 45 exec/s: 32079 rss: 112Mb L: 7/45 MS: 1 EraseBytes-
#32215	REDUCE cov: 499 ft: 1521 corp: 262/6749b lim: 45 exec/s: 32215 rss: 112Mb L: 24/45 MS: 1 EraseBytes-
#32456	REDUCE cov: 499 ft: 1521 corp: 262/6746b lim: 45 exec/s: 32456 rss: 112Mb L: 20/45 MS: 1 EraseBytes-
#32948	REDUCE cov: 499 ft: 1521 corp: 262/6737b lim: 45 exec/s: 16474 rss: 113Mb L: 30/45 MS: 2 ChangeASCIIInt-EraseBytes-
#33079	REDUCE cov: 499 ft: 1521 corp: 262/6735b lim: 45 exec/s: 16539 rss: 113Mb L: 7/45 MS: 1 EraseBytes-
#33098	REDUCE cov: 499 ft: 1521 corp: 262/6733b lim: 45 exec/s: 16549 rss: 113Mb L: 22/45 MS: 4 ShuffleBytes-ChangeBinInt-EraseBytes-CopyPart-
#33144	REDUCE cov: 499 ft: 1521 corp: 262/6732b lim: 45 exec/s: 16572 rss: 113Mb L: 40/45 MS: 1 EraseBytes-
#33213	REDUCE cov: 499 ft: 1521 corp: 262/6731b lim: 45 exec/s: 16606 rss: 116Mb L: 9/45 MS: 3 ChangeBit-CopyPart-EraseBytes-
#33494	REDUCE cov: 499 ft: 1521 corp: 262/6723b lim: 45 exec/s: 16747 rss: 116Mb L: 13/45 MS: 1 EraseBytes-
#33605	REDUCE cov: 499 ft: 1521 corp: 262/6719b lim: 45 exec/s: 16802 rss: 116Mb L: 13/45 MS: 1 EraseBytes-
#33836	REDUCE cov: 499 ft: 1521 corp: 262/6717b lim: 45 exec/s: 16918 rss: 117Mb L: 6/45 MS: 1 EraseBytes-
#33892	REDUCE cov: 499 ft: 1521 corp: 262/6716b lim: 45 exec/s: 16946 rss: 117Mb L: 23/45 MS: 1 EraseBytes-
#33920	REDUCE cov: 499 ft: 1521 corp: 262/6714b lim: 45 exec/s: 16960 rss: 117Mb L: 43/45 MS: 3 ChangeBinInt-EraseBytes-PersAutoDict- DE: "\377\377\377K"-
#34072	REDUCE cov: 499 ft: 1521 corp: 262/6712b lim: 45 exec/s: 17036 rss: 117Mb L: 43/45 MS: 2 ShuffleBytes-EraseBytes-
#34168	REDUCE cov: 499 ft: 1521 corp: 262/6711b lim: 45 exec/s: 17084 rss: 117Mb L: 4/45 MS: 1 EraseBytes-
#34177	REDUCE cov: 499 ft: 1521 corp: 262/6708b lim: 45 exec/s: 17088 rss: 117Mb L: 25/45 MS: 4 PersAutoDict-EraseBytes-ChangeBit-ChangeByte- DE: "\377\377"-
#34339	REDUCE cov: 499 ft: 1521 corp: 262/6707b lim: 45 exec/s: 17169 rss: 118Mb L: 2/45 MS: 2 ShuffleBytes-EraseBytes-
#34465	NEW    cov: 499 ft: 1522 corp: 263/6724b lim: 45 exec/s: 17232 rss: 118Mb L: 17/45 MS: 1 InsertRepeatedBytes-
#34482	REDUCE cov: 499 ft: 1522 corp: 263/6718b lim: 45 exec/s: 17241 rss: 118Mb L: 36/45 MS: 2 EraseBytes-ChangeByte-
#34571	REDUCE cov: 499 ft: 1522 corp: 263/6716b lim: 45 exec/s: 17285 rss: 118Mb L: 14/45 MS: 4 ChangeBinInt-ChangeBinInt-ChangeBit-EraseBytes-
#34578	REDUCE cov: 499 ft: 1522 corp: 263/6715b lim: 45 exec/s: 17289 rss: 118Mb L: 14/45 MS: 2 CopyPart-EraseBytes-
#34593	REDUCE cov: 499 ft: 1522 corp: 263/6711b lim: 45 exec/s: 17296 rss: 118Mb L: 39/45 MS: 5 ChangeASCIIInt-ShuffleBytes-CrossOver-InsertByte-EraseBytes-
#34599	REDUCE cov: 499 ft: 1522 corp: 263/6710b lim: 45 exec/s: 17299 rss: 118Mb L: 42/45 MS: 1 EraseBytes-
#34630	REDUCE cov: 499 ft: 1522 corp: 263/6708b lim: 45 exec/s: 17315 rss: 118Mb L: 3/45 MS: 1 EraseBytes-
#34686	REDUCE cov: 499 ft: 1522 corp: 263/6707b lim: 45 exec/s: 17343 rss: 118Mb L: 2/45 MS: 1 EraseBytes-
#34843	REDUCE cov: 499 ft: 1522 corp: 263/6690b lim: 45 exec/s: 17421 rss: 119Mb L: 7/45 MS: 2 ShuffleBytes-CrossOver-
#34954	REDUCE cov: 499 ft: 1522 corp: 263/6687b lim: 45 exec/s: 17477 rss: 119Mb L: 40/45 MS: 1 EraseBytes-
#34970	REDUCE cov: 499 ft: 1522 corp: 263/6686b lim: 45 exec/s: 17485 rss: 119Mb L: 38/45 MS: 1 EraseBytes-
#34976	REDUCE cov: 499 ft: 1522 corp: 263/6685b lim: 45 exec/s: 17488 rss: 119Mb L: 6/45 MS: 1 EraseBytes-
#35062	REDUCE cov: 499 ft: 1522 corp: 263/6681b lim: 45 exec/s: 17531 rss: 119Mb L: 8/45 MS: 1 EraseBytes-
#35189	REDUCE cov: 499 ft: 1522 corp: 263/6679b lim: 45 exec/s: 17594 rss: 119Mb L: 34/45 MS: 2 ChangeBinInt-EraseBytes-
#35246	REDUCE cov: 499 ft: 1522 corp: 263/6678b lim: 45 exec/s: 17623 rss: 119Mb L: 43/45 MS: 2 CopyPart-EraseBytes-
#35297	REDUCE cov: 499 ft: 1522 corp: 263/6677b lim: 45 exec/s: 17648 rss: 119Mb L: 9/45 MS: 1 EraseBytes-
#35460	REDUCE cov: 499 ft: 1526 corp: 264/6721b lim: 45 exec/s: 17730 rss: 120Mb L: 44/45 MS: 3 ChangeByte-ChangeBit-CrossOver-
#35481	REDUCE cov: 499 ft: 1526 corp: 264/6707b lim: 45 exec/s: 17740 rss: 120Mb L: 31/45 MS: 1 EraseBytes-
#35595	REDUCE cov: 499 ft: 1526 corp: 264/6706b lim: 45 exec/s: 17797 rss: 120Mb L: 26/45 MS: 4 CopyPart-ChangeByte-CrossOver-EraseBytes-
#35706	NEW    cov: 499 ft: 1527 corp: 265/6740b lim: 45 exec/s: 17853 rss: 120Mb L: 34/45 MS: 1 CopyPart-
#35707	REDUCE cov: 499 ft: 1527 corp: 265/6737b lim: 45 exec/s: 17853 rss: 120Mb L: 42/45 MS: 1 EraseBytes-
#35948	REDUCE cov: 499 ft: 1527 corp: 265/6736b lim: 45 exec/s: 17974 rss: 120Mb L: 18/45 MS: 1 EraseBytes-
#36100	REDUCE cov: 499 ft: 1527 corp: 265/6733b lim: 45 exec/s: 18050 rss: 121Mb L: 42/45 MS: 2 ChangeByte-EraseBytes-
#36192	REDUCE cov: 499 ft: 1527 corp: 265/6731b lim: 45 exec/s: 18096 rss: 121Mb L: 13/45 MS: 2 ChangeBit-EraseBytes-
#36484	REDUCE cov: 499 ft: 1527 corp: 265/6729b lim: 45 exec/s: 18242 rss: 121Mb L: 32/45 MS: 2 ShuffleBytes-EraseBytes-
#36575	REDUCE cov: 499 ft: 1527 corp: 265/6727b lim: 45 exec/s: 18287 rss: 122Mb L: 41/45 MS: 1 EraseBytes-
#36651	REDUCE cov: 499 ft: 1527 corp: 265/6725b lim: 45 exec/s: 18325 rss: 122Mb L: 23/45 MS: 1 EraseBytes-
#37187	NEW    cov: 499 ft: 1528 corp: 266/6764b lim: 50 exec/s: 18593 rss: 123Mb L: 39/45 MS: 1 CrossOver-
#37221	NEW    cov: 499 ft: 1530 corp: 267/6813b lim: 50 exec/s: 18610 rss: 123Mb L: 49/49 MS: 4 ShuffleBytes-EraseBytes-ChangeASCIIInt-CopyPart-
#37282	NEW    cov: 499 ft: 1532 corp: 268/6863b lim: 50 exec/s: 18641 rss: 123Mb L: 50/50 MS: 1 CopyPart-
#37503	REDUCE cov: 499 ft: 1532 corp: 268/6861b lim: 50 exec/s: 18751 rss: 123Mb L: 11/50 MS: 1 EraseBytes-
#37661	REDUCE cov: 499 ft: 1532 corp: 268/6860b lim: 50 exec/s: 18830 rss: 123Mb L: 14/50 MS: 3 CMP-EraseBytes-CrossOver- DE: "\001\000\000\000\000\000\000\200"-
#37692	NEW    cov: 499 ft: 1534 corp: 269/6910b lim: 50 exec/s: 18846 rss: 123Mb L: 50/50 MS: 1 CopyPart-
#37728	REDUCE cov: 499 ft: 1534 corp: 269/6907b lim: 50 exec/s: 18864 rss: 124Mb L: 12/50 MS: 1 EraseBytes-
#37791	REDUCE cov: 499 ft: 1534 corp: 269/6906b lim: 50 exec/s: 18895 rss: 124Mb L: 15/50 MS: 3 CopyPart-ChangeBit-EraseBytes-
#37893	REDUCE cov: 499 ft: 1534 corp: 269/6904b lim: 50 exec/s: 18946 rss: 124Mb L: 7/50 MS: 2 InsertByte-EraseBytes-
#37927	REDUCE cov: 499 ft: 1534 corp: 269/6902b lim: 50 exec/s: 18963 rss: 124Mb L: 16/50 MS: 4 ShuffleBytes-ChangeBit-PersAutoDict-EraseBytes- DE: "\001\000\000\000\000\000\000\011"-
#38243	REDUCE cov: 499 ft: 1535 corp: 270/6952b lim: 50 exec/s: 19121 rss: 125Mb L: 50/50 MS: 1 CopyPart-
#38414	REDUCE cov: 499 ft: 1535 corp: 270/6950b lim: 50 exec/s: 19207 rss: 125Mb L: 35/50 MS: 1 EraseBytes-
#38499	REDUCE cov: 499 ft: 1535 corp: 270/6940b lim: 50 exec/s: 19249 rss: 125Mb L: 24/50 MS: 5 InsertRepeatedBytes-ChangeBinInt-InsertByte-EraseBytes-EraseBytes-
#38720	REDUCE cov: 499 ft: 1538 corp: 271/6980b lim: 50 exec/s: 19360 rss: 125Mb L: 40/50 MS: 1 InsertRepeatedBytes-
#39003	REDUCE cov: 499 ft: 1538 corp: 271/6979b lim: 50 exec/s: 19501 rss: 126Mb L: 10/50 MS: 3 InsertByte-InsertByte-EraseBytes-
#39079	REDUCE cov: 499 ft: 1538 corp: 271/6978b lim: 50 exec/s: 19539 rss: 126Mb L: 23/50 MS: 1 EraseBytes-
#39775	REDUCE cov: 499 ft: 1538 corp: 271/6976b lim: 55 exec/s: 19887 rss: 127Mb L: 9/50 MS: 1 EraseBytes-
#39781	REDUCE cov: 499 ft: 1538 corp: 271/6975b lim: 55 exec/s: 19890 rss: 127Mb L: 44/50 MS: 1 EraseBytes-
#39928	REDUCE cov: 499 ft: 1538 corp: 271/6972b lim: 55 exec/s: 19964 rss: 127Mb L: 9/50 MS: 2 ChangeBinInt-EraseBytes-
#40043	REDUCE cov: 499 ft: 1538 corp: 271/6970b lim: 55 exec/s: 20021 rss: 128Mb L: 43/50 MS: 5 ChangeByte-PersAutoDict-ChangeBit-InsertByte-EraseBytes- DE: "\377\377"-
#40284	REDUCE cov: 499 ft: 1538 corp: 271/6969b lim: 55 exec/s: 20142 rss: 128Mb L: 42/50 MS: 1 EraseBytes-
#40317	NEW    cov: 499 ft: 1540 corp: 272/7009b lim: 55 exec/s: 20158 rss: 128Mb L: 40/50 MS: 3 ChangeBit-ChangeBinInt-CopyPart-
#40434	REDUCE cov: 499 ft: 1544 corp: 273/7063b lim: 55 exec/s: 20217 rss: 128Mb L: 54/54 MS: 2 ChangeBinInt-CrossOver-
#40462	REDUCE cov: 499 ft: 1544 corp: 273/7061b lim: 55 exec/s: 20231 rss: 128Mb L: 18/54 MS: 3 EraseBytes-ChangeBinInt-InsertByte-
#40584	REDUCE cov: 499 ft: 1544 corp: 273/7060b lim: 55 exec/s: 20292 rss: 129Mb L: 11/54 MS: 2 ShuffleBytes-EraseBytes-
#40754	REDUCE cov: 499 ft: 1544 corp: 273/7059b lim: 55 exec/s: 20377 rss: 129Mb L: 42/54 MS: 5 ShuffleBytes-InsertByte-ShuffleBytes-InsertByte-EraseBytes-
#40770	REDUCE cov: 499 ft: 1544 corp: 273/7056b lim: 55 exec/s: 20385 rss: 129Mb L: 3/54 MS: 1 EraseBytes-
#40777	REDUCE cov: 499 ft: 1544 corp: 273/7055b lim: 55 exec/s: 20388 rss: 129Mb L: 13/54 MS: 2 ChangeBinInt-CrossOver-
#40909	REDUCE cov: 499 ft: 1544 corp: 273/7052b lim: 55 exec/s: 20454 rss: 129Mb L: 36/54 MS: 2 ChangeBinInt-EraseBytes-
#40971	REDUCE cov: 499 ft: 1544 corp: 273/7051b lim: 55 exec/s: 20485 rss: 129Mb L: 14/54 MS: 2 ChangeBinInt-EraseBytes-
#41307	REDUCE cov: 499 ft: 1544 corp: 273/7049b lim: 55 exec/s: 20653 rss: 130Mb L: 22/54 MS: 1 EraseBytes-
#41374	REDUCE cov: 499 ft: 1544 corp: 273/7044b lim: 55 exec/s: 20687 rss: 130Mb L: 14/54 MS: 2 ChangeBit-EraseBytes-
#41510	REDUCE cov: 499 ft: 1544 corp: 273/7037b lim: 55 exec/s: 20755 rss: 130Mb L: 10/54 MS: 1 EraseBytes-
#41672	NEW    cov: 499 ft: 1545 corp: 274/7061b lim: 55 exec/s: 20836 rss: 131Mb L: 24/54 MS: 2 EraseBytes-CopyPart-
#41676	REDUCE cov: 499 ft: 1545 corp: 274/7060b lim: 55 exec/s: 20838 rss: 131Mb L: 36/54 MS: 4 ShuffleBytes-ShuffleBytes-CopyPart-EraseBytes-
#41858	REDUCE cov: 499 ft: 1545 corp: 274/7057b lim: 55 exec/s: 20929 rss: 131Mb L: 7/54 MS: 2 ChangeBit-EraseBytes-
#41874	REDUCE cov: 499 ft: 1545 corp: 274/7055b lim: 55 exec/s: 20937 rss: 131Mb L: 14/54 MS: 1 EraseBytes-
#41880	REDUCE cov: 499 ft: 1545 corp: 274/7051b lim: 55 exec/s: 20940 rss: 131Mb L: 26/54 MS: 1 EraseBytes-
#42067	REDUCE cov: 499 ft: 1545 corp: 274/7048b lim: 55 exec/s: 21033 rss: 131Mb L: 4/54 MS: 2 InsertByte-EraseBytes-
#42113	REDUCE cov: 499 ft: 1545 corp: 274/7043b lim: 55 exec/s: 21056 rss: 131Mb L: 36/54 MS: 1 EraseBytes-
#42210	REDUCE cov: 499 ft: 1545 corp: 274/7037b lim: 55 exec/s: 21105 rss: 132Mb L: 20/54 MS: 2 ChangeBit-EraseBytes-
#42522	REDUCE cov: 499 ft: 1545 corp: 274/7031b lim: 55 exec/s: 21261 rss: 132Mb L: 31/54 MS: 2 ChangeByte-EraseBytes-
#42543	NEW    cov: 499 ft: 1546 corp: 275/7054b lim: 55 exec/s: 21271 rss: 132Mb L: 23/54 MS: 1 ShuffleBytes-
#42846	NEW    cov: 499 ft: 1547 corp: 276/7109b lim: 55 exec/s: 21423 rss: 133Mb L: 55/55 MS: 3 ShuffleBytes-InsertByte-ShuffleBytes-
#42897	REDUCE cov: 499 ft: 1547 corp: 276/7107b lim: 55 exec/s: 21448 rss: 133Mb L: 20/55 MS: 1 EraseBytes-
#43206	REDUCE cov: 499 ft: 1547 corp: 276/7098b lim: 55 exec/s: 21603 rss: 133Mb L: 31/55 MS: 4 ChangeBinInt-EraseBytes-PersAutoDict-ShuffleBytes- DE: "\"\000\000\000"-
#43271	REDUCE cov: 499 ft: 1547 corp: 276/7095b lim: 55 exec/s: 21635 rss: 133Mb L: 34/55 MS: 5 CopyPart-InsertRepeatedBytes-ShuffleBytes-ChangeByte-EraseBytes-
#43429	REDUCE cov: 499 ft: 1547 corp: 276/7093b lim: 55 exec/s: 21714 rss: 134Mb L: 7/55 MS: 3 CopyPart-ChangeByte-CrossOver-
#43430	REDUCE cov: 499 ft: 1547 corp: 276/7092b lim: 55 exec/s: 21715 rss: 134Mb L: 31/55 MS: 1 EraseBytes-
#43441	REDUCE cov: 499 ft: 1547 corp: 276/7084b lim: 55 exec/s: 21720 rss: 134Mb L: 37/55 MS: 1 EraseBytes-
#43448	REDUCE cov: 499 ft: 1547 corp: 276/7083b lim: 55 exec/s: 21724 rss: 134Mb L: 22/55 MS: 2 InsertByte-EraseBytes-
#44115	NEW    cov: 499 ft: 1548 corp: 277/7140b lim: 60 exec/s: 22057 rss: 135Mb L: 57/57 MS: 2 ChangeASCIIInt-InsertRepeatedBytes-
#44456	REDUCE cov: 499 ft: 1548 corp: 277/7138b lim: 60 exec/s: 22228 rss: 135Mb L: 10/57 MS: 1 EraseBytes-
#44489	REDUCE cov: 499 ft: 1548 corp: 277/7136b lim: 60 exec/s: 22244 rss: 136Mb L: 23/57 MS: 3 CrossOver-ChangeBit-CopyPart-
#44522	REDUCE cov: 499 ft: 1548 corp: 277/7135b lim: 60 exec/s: 22261 rss: 136Mb L: 23/57 MS: 3 ChangeByte-ShuffleBytes-EraseBytes-
#44875	REDUCE cov: 499 ft: 1548 corp: 277/7134b lim: 60 exec/s: 22437 rss: 136Mb L: 19/57 MS: 3 EraseBytes-ChangeByte-CopyPart-
#44991	REDUCE cov: 500 ft: 1549 corp: 278/7140b lim: 60 exec/s: 22495 rss: 136Mb L: 6/57 MS: 1 EraseBytes-
#45209	REDUCE cov: 500 ft: 1549 corp: 278/7134b lim: 60 exec/s: 22604 rss: 137Mb L: 21/57 MS: 3 ShuffleBytes-CMP-EraseBytes- DE: "\000\000\000\000\000\000\000\010"-
#45276	REDUCE cov: 500 ft: 1549 corp: 278/7132b lim: 60 exec/s: 22638 rss: 137Mb L: 27/57 MS: 2 ChangeASCIIInt-EraseBytes-
#45350	REDUCE cov: 500 ft: 1549 corp: 278/7130b lim: 60 exec/s: 22675 rss: 137Mb L: 14/57 MS: 4 InsertByte-ChangeBit-ChangeBit-EraseBytes-
#45441	REDUCE cov: 500 ft: 1549 corp: 278/7129b lim: 60 exec/s: 22720 rss: 137Mb L: 13/57 MS: 1 EraseBytes-
#45444	NEW    cov: 500 ft: 1554 corp: 279/7176b lim: 60 exec/s: 22722 rss: 137Mb L: 47/57 MS: 3 InsertRepeatedBytes-CopyPart-CopyPart-
#45475	REDUCE cov: 500 ft: 1554 corp: 279/7173b lim: 60 exec/s: 22737 rss: 137Mb L: 10/57 MS: 1 EraseBytes-
#45592	REDUCE cov: 500 ft: 1554 corp: 279/7171b lim: 60 exec/s: 22796 rss: 138Mb L: 35/57 MS: 2 ChangeASCIIInt-EraseBytes-
#45913	REDUCE cov: 500 ft: 1554 corp: 279/7163b lim: 60 exec/s: 22956 rss: 138Mb L: 23/57 MS: 1 EraseBytes-
#45950	REDUCE cov: 500 ft: 1554 corp: 279/7162b lim: 60 exec/s: 22975 rss: 138Mb L: 22/57 MS: 2 CopyPart-EraseBytes-
#45991	REDUCE cov: 506 ft: 1560 corp: 280/7181b lim: 60 exec/s: 22995 rss: 138Mb L: 19/57 MS: 1 ChangeByte-
#46039	REDUCE cov: 506 ft: 1560 corp: 280/7166b lim: 60 exec/s: 23019 rss: 138Mb L: 24/57 MS: 3 InsertByte-ShuffleBytes-EraseBytes-
#46341	REDUCE cov: 506 ft: 1562 corp: 281/7208b lim: 60 exec/s: 23170 rss: 139Mb L: 42/57 MS: 2 ChangeASCIIInt-CopyPart-
#46347	REDUCE cov: 506 ft: 1562 corp: 281/7205b lim: 60 exec/s: 23173 rss: 139Mb L: 6/57 MS: 1 EraseBytes-
#46420	REDUCE cov: 506 ft: 1562 corp: 281/7204b lim: 60 exec/s: 23210 rss: 139Mb L: 32/57 MS: 3 ShuffleBytes-PersAutoDict-EraseBytes- DE: "\001\000\000\000\000\000\000\011"-
#46457	REDUCE cov: 506 ft: 1562 corp: 281/7203b lim: 60 exec/s: 23228 rss: 139Mb L: 33/57 MS: 2 EraseBytes-CMP- DE: "\002\000\000\000\000\000\000\000"-
#46589	REDUCE cov: 506 ft: 1562 corp: 281/7202b lim: 60 exec/s: 23294 rss: 139Mb L: 3/57 MS: 2 PersAutoDict-EraseBytes- DE: "\373\377\000\000"-
#46666	REDUCE cov: 506 ft: 1562 corp: 281/7189b lim: 60 exec/s: 23333 rss: 139Mb L: 27/57 MS: 2 CopyPart-EraseBytes-
#46792	REDUCE cov: 506 ft: 1562 corp: 281/7185b lim: 60 exec/s: 23396 rss: 140Mb L: 38/57 MS: 1 EraseBytes-
#47054	REDUCE cov: 506 ft: 1562 corp: 281/7184b lim: 60 exec/s: 23527 rss: 140Mb L: 9/57 MS: 2 ShuffleBytes-EraseBytes-
#47196	REDUCE cov: 506 ft: 1562 corp: 281/7179b lim: 60 exec/s: 23598 rss: 140Mb L: 8/57 MS: 2 CopyPart-EraseBytes-
#47211	REDUCE cov: 506 ft: 1562 corp: 281/7171b lim: 60 exec/s: 23605 rss: 140Mb L: 13/57 MS: 5 ChangeBinInt-InsertByte-EraseBytes-EraseBytes-InsertByte-
#47212	NEW    cov: 510 ft: 1566 corp: 282/7196b lim: 60 exec/s: 23606 rss: 140Mb L: 25/57 MS: 1 CopyPart-
#47214	REDUCE cov: 510 ft: 1566 corp: 282/7193b lim: 60 exec/s: 23607 rss: 141Mb L: 35/57 MS: 2 ShuffleBytes-EraseBytes-
#47425	REDUCE cov: 510 ft: 1568 corp: 283/7231b lim: 60 exec/s: 23712 rss: 141Mb L: 38/57 MS: 1 CopyPart-
#47646	NEW    cov: 510 ft: 1574 corp: 284/7269b lim: 60 exec/s: 23823 rss: 141Mb L: 38/57 MS: 1 CopyPart-
#47718	REDUCE cov: 510 ft: 1574 corp: 284/7268b lim: 60 exec/s: 23859 rss: 141Mb L: 25/57 MS: 2 ChangeBinInt-EraseBytes-
#47870	REDUCE cov: 510 ft: 1574 corp: 284/7263b lim: 60 exec/s: 23935 rss: 142Mb L: 21/57 MS: 2 CrossOver-EraseBytes-
#47893	REDUCE cov: 510 ft: 1574 corp: 284/7261b lim: 60 exec/s: 23946 rss: 142Mb L: 6/57 MS: 3 CopyPart-ChangeBinInt-EraseBytes-
#48034	REDUCE cov: 510 ft: 1574 corp: 284/7260b lim: 60 exec/s: 24017 rss: 142Mb L: 6/57 MS: 1 EraseBytes-
#48039	REDUCE cov: 510 ft: 1574 corp: 284/7258b lim: 60 exec/s: 24019 rss: 142Mb L: 30/57 MS: 5 CrossOver-ChangeBit-EraseBytes-CopyPart-CopyPart-
#48135	REDUCE cov: 510 ft: 1574 corp: 284/7257b lim: 60 exec/s: 24067 rss: 142Mb L: 23/57 MS: 1 EraseBytes-
#48866	REDUCE cov: 510 ft: 1574 corp: 284/7256b lim: 65 exec/s: 24433 rss: 143Mb L: 29/57 MS: 1 EraseBytes-
#48955	REDUCE cov: 510 ft: 1574 corp: 284/7255b lim: 65 exec/s: 24477 rss: 144Mb L: 26/57 MS: 4 CMP-ShuffleBytes-CopyPart-EraseBytes- DE: "\001\200"-
#48998	REDUCE cov: 510 ft: 1574 corp: 284/7252b lim: 65 exec/s: 24499 rss: 144Mb L: 35/57 MS: 3 ChangeByte-PersAutoDict-EraseBytes- DE: "\377\377\377K"-
#49319	REDUCE cov: 510 ft: 1574 corp: 284/7248b lim: 65 exec/s: 24659 rss: 144Mb L: 5/57 MS: 1 EraseBytes-
#49559	REDUCE cov: 510 ft: 1578 corp: 285/7290b lim: 65 exec/s: 24779 rss: 145Mb L: 42/57 MS: 5 EraseBytes-CrossOver-CopyPart-ChangeBinInt-ChangeByte-
#49709	REDUCE cov: 510 ft: 1578 corp: 285/7283b lim: 65 exec/s: 24854 rss: 145Mb L: 25/57 MS: 5 CopyPart-InsertByte-EraseBytes-ChangeByte-InsertByte-
#49755	REDUCE cov: 510 ft: 1579 corp: 286/7337b lim: 65 exec/s: 24877 rss: 145Mb L: 54/57 MS: 1 CopyPart-
#49788	REDUCE cov: 510 ft: 1579 corp: 286/7328b lim: 65 exec/s: 24894 rss: 145Mb L: 16/57 MS: 3 ChangeBit-CrossOver-EraseBytes-
#49928	REDUCE cov: 510 ft: 1579 corp: 286/7327b lim: 65 exec/s: 24964 rss: 145Mb L: 35/57 MS: 5 ChangeBit-ChangeBit-CopyPart-EraseBytes-ShuffleBytes-
#50027	REDUCE cov: 512 ft: 1581 corp: 287/7349b lim: 65 exec/s: 25013 rss: 146Mb L: 22/57 MS: 4 PersAutoDict-ChangeBinInt-EraseBytes-ShuffleBytes- DE: "\001\205"-
#50135	REDUCE cov: 512 ft: 1581 corp: 287/7346b lim: 65 exec/s: 25067 rss: 146Mb L: 12/57 MS: 3 ChangeBinInt-ChangeBinInt-EraseBytes-
#50181	REDUCE cov: 512 ft: 1581 corp: 287/7342b lim: 65 exec/s: 25090 rss: 146Mb L: 15/57 MS: 1 EraseBytes-
#50261	NEW    cov: 512 ft: 1582 corp: 288/7398b lim: 65 exec/s: 25130 rss: 146Mb L: 56/57 MS: 5 CrossOver-EraseBytes-ShuffleBytes-InsertRepeatedBytes-CopyPart-
#50267	REDUCE cov: 512 ft: 1582 corp: 288/7395b lim: 65 exec/s: 25133 rss: 146Mb L: 26/57 MS: 1 EraseBytes-
#50383	REDUCE cov: 514 ft: 1584 corp: 289/7410b lim: 65 exec/s: 25191 rss: 146Mb L: 15/57 MS: 1 EraseBytes-
#50638	NEW    cov: 515 ft: 1585 corp: 290/7432b lim: 65 exec/s: 25319 rss: 147Mb L: 22/57 MS: 5 ChangeBinInt-ShuffleBytes-ShuffleBytes-ChangeByte-CrossOver-
#50692	REDUCE cov: 515 ft: 1585 corp: 290/7430b lim: 65 exec/s: 25346 rss: 147Mb L: 5/57 MS: 4 CopyPart-ChangeByte-ChangeByte-EraseBytes-
#50757	REDUCE cov: 515 ft: 1585 corp: 290/7428b lim: 65 exec/s: 25378 rss: 147Mb L: 41/57 MS: 5 InsertByte-ChangeBinInt-ChangeBinInt-InsertByte-EraseBytes-
#50988	REDUCE cov: 515 ft: 1585 corp: 290/7427b lim: 65 exec/s: 16996 rss: 147Mb L: 20/57 MS: 1 EraseBytes-
#51091	REDUCE cov: 515 ft: 1585 corp: 290/7417b lim: 65 exec/s: 17030 rss: 148Mb L: 12/57 MS: 3 InsertByte-ChangeByte-EraseBytes-
#51121	NEW    cov: 515 ft: 1586 corp: 291/7467b lim: 65 exec/s: 17040 rss: 148Mb L: 50/57 MS: 5 CopyPart-ShuffleBytes-CopyPart-CrossOver-CopyPart-
#51425	REDUCE cov: 515 ft: 1588 corp: 292/7532b lim: 65 exec/s: 17141 rss: 150Mb L: 65/65 MS: 4 PersAutoDict-CopyPart-PersAutoDict-CopyPart- DE: "\377\377"-"z\000"-
#51876	REDUCE cov: 515 ft: 1588 corp: 292/7526b lim: 65 exec/s: 17292 rss: 151Mb L: 59/59 MS: 1 EraseBytes-
#52222	REDUCE cov: 515 ft: 1588 corp: 292/7515b lim: 65 exec/s: 17407 rss: 152Mb L: 32/59 MS: 1 EraseBytes-
#52238	NEW    cov: 517 ft: 1608 corp: 293/7580b lim: 65 exec/s: 17412 rss: 152Mb L: 65/65 MS: 1 CopyPart-
#52496	REDUCE cov: 517 ft: 1608 corp: 293/7579b lim: 65 exec/s: 17498 rss: 152Mb L: 39/65 MS: 3 ChangeBinInt-EraseBytes-CopyPart-
#52505	REDUCE cov: 517 ft: 1608 corp: 293/7577b lim: 65 exec/s: 17501 rss: 152Mb L: 5/65 MS: 4 ChangeBit-PersAutoDict-InsertByte-EraseBytes- DE: "z\000"-
#52588	REDUCE cov: 517 ft: 1608 corp: 293/7576b lim: 65 exec/s: 17529 rss: 152Mb L: 9/65 MS: 3 CopyPart-ShuffleBytes-EraseBytes-
#52615	REDUCE cov: 517 ft: 1608 corp: 293/7574b lim: 65 exec/s: 17538 rss: 152Mb L: 30/65 MS: 2 ChangeByte-EraseBytes-
#52856	REDUCE cov: 517 ft: 1608 corp: 293/7573b lim: 65 exec/s: 17618 rss: 153Mb L: 24/65 MS: 1 EraseBytes-
#52883	NEW    cov: 517 ft: 1609 corp: 294/7638b lim: 65 exec/s: 17627 rss: 153Mb L: 65/65 MS: 2 ChangeByte-ChangeBinInt-
#53164	REDUCE cov: 517 ft: 1609 corp: 294/7635b lim: 65 exec/s: 17721 rss: 153Mb L: 20/65 MS: 1 EraseBytes-
#53351	REDUCE cov: 517 ft: 1609 corp: 294/7634b lim: 65 exec/s: 17783 rss: 154Mb L: 37/65 MS: 2 PersAutoDict-EraseBytes- DE: "\000\000\000\000\000\000\000\032"-
#53502	REDUCE cov: 517 ft: 1609 corp: 294/7632b lim: 65 exec/s: 17834 rss: 154Mb L: 7/65 MS: 1 EraseBytes-
#53682	REDUCE cov: 518 ft: 1610 corp: 295/7644b lim: 65 exec/s: 17894 rss: 154Mb L: 12/65 MS: 5 ChangeBinInt-ChangeBit-ChangeBinInt-EraseBytes-ChangeBinInt-
#53828	NEW    cov: 518 ft: 1612 corp: 296/7704b lim: 65 exec/s: 17942 rss: 155Mb L: 60/65 MS: 1 CopyPart-
#53930	NEW    cov: 518 ft: 1614 corp: 297/7750b lim: 65 exec/s: 17976 rss: 155Mb L: 46/65 MS: 2 EraseBytes-CopyPart-
#53931	REDUCE cov: 518 ft: 1614 corp: 297/7746b lim: 65 exec/s: 17977 rss: 155Mb L: 26/65 MS: 1 EraseBytes-
#53957	REDUCE cov: 518 ft: 1614 corp: 297/7742b lim: 65 exec/s: 17985 rss: 155Mb L: 55/65 MS: 1 EraseBytes-
#53963	REDUCE cov: 518 ft: 1614 corp: 297/7738b lim: 65 exec/s: 17987 rss: 155Mb L: 8/65 MS: 1 EraseBytes-
#54088	REDUCE cov: 518 ft: 1615 corp: 298/7787b lim: 65 exec/s: 18029 rss: 155Mb L: 49/65 MS: 5 EraseBytes-CrossOver-CopyPart-EraseBytes-CopyPart-
#54204	REDUCE cov: 518 ft: 1615 corp: 298/7786b lim: 65 exec/s: 18068 rss: 155Mb L: 13/65 MS: 1 EraseBytes-
#54235	REDUCE cov: 518 ft: 1615 corp: 298/7779b lim: 65 exec/s: 18078 rss: 155Mb L: 37/65 MS: 1 EraseBytes-
#54269	REDUCE cov: 518 ft: 1618 corp: 299/7819b lim: 65 exec/s: 18089 rss: 156Mb L: 40/65 MS: 4 ShuffleBytes-CrossOver-InsertByte-CopyPart-
#54380	REDUCE cov: 518 ft: 1618 corp: 299/7816b lim: 65 exec/s: 18126 rss: 156Mb L: 12/65 MS: 1 EraseBytes-
#54510	REDUCE cov: 518 ft: 1618 corp: 299/7814b lim: 65 exec/s: 18170 rss: 156Mb L: 11/65 MS: 5 InsertByte-ChangeBit-ChangeBit-ChangeBit-EraseBytes-
#54696	NEW    cov: 518 ft: 1622 corp: 300/7877b lim: 65 exec/s: 18232 rss: 156Mb L: 63/65 MS: 1 CopyPart-
#54714	REDUCE cov: 518 ft: 1622 corp: 300/7876b lim: 65 exec/s: 18238 rss: 156Mb L: 44/65 MS: 3 CrossOver-ChangeBit-EraseBytes-
#54760	NEW    cov: 518 ft: 1626 corp: 301/7941b lim: 65 exec/s: 18253 rss: 156Mb L: 65/65 MS: 1 CopyPart-
#54896	REDUCE cov: 518 ft: 1626 corp: 301/7938b lim: 65 exec/s: 18298 rss: 157Mb L: 54/65 MS: 1 EraseBytes-
#55027	REDUCE cov: 518 ft: 1626 corp: 301/7937b lim: 65 exec/s: 18342 rss: 157Mb L: 5/65 MS: 1 EraseBytes-
#55049	REDUCE cov: 518 ft: 1626 corp: 301/7930b lim: 65 exec/s: 18349 rss: 157Mb L: 21/65 MS: 2 ChangeByte-EraseBytes-
#55303	REDUCE cov: 518 ft: 1626 corp: 301/7928b lim: 65 exec/s: 18434 rss: 158Mb L: 29/65 MS: 4 EraseBytes-PersAutoDict-InsertByte-CopyPart- DE: "\001\000\000\000\000\000\000\000"-
#55345	REDUCE cov: 518 ft: 1626 corp: 301/7924b lim: 65 exec/s: 18448 rss: 158Mb L: 26/65 MS: 2 PersAutoDict-EraseBytes- DE: "\001\000\000\000\000\000\000\000"-
#55552	REDUCE cov: 518 ft: 1626 corp: 301/7922b lim: 65 exec/s: 18517 rss: 158Mb L: 2/65 MS: 2 ChangeByte-EraseBytes-
#55630	REDUCE cov: 518 ft: 1626 corp: 301/7921b lim: 65 exec/s: 18543 rss: 158Mb L: 34/65 MS: 3 ChangeByte-InsertByte-EraseBytes-
#55837	REDUCE cov: 518 ft: 1627 corp: 302/7982b lim: 65 exec/s: 18612 rss: 159Mb L: 61/65 MS: 2 ChangeASCIIInt-CopyPart-
#56070	REDUCE cov: 518 ft: 1627 corp: 302/7978b lim: 65 exec/s: 18690 rss: 159Mb L: 18/65 MS: 3 ChangeBinInt-InsertByte-EraseBytes-
#56238	REDUCE cov: 520 ft: 1629 corp: 303/7988b lim: 65 exec/s: 18746 rss: 159Mb L: 10/65 MS: 3 PersAutoDict-ChangeByte-CopyPart- DE: "]\000"-
#56254	REDUCE cov: 520 ft: 1629 corp: 303/7987b lim: 65 exec/s: 18751 rss: 159Mb L: 10/65 MS: 1 EraseBytes-
#56489	REDUCE cov: 520 ft: 1629 corp: 303/7976b lim: 65 exec/s: 18829 rss: 160Mb L: 27/65 MS: 5 InsertRepeatedBytes-ChangeBinInt-ChangeASCIIInt-ShuffleBytes-EraseBytes-
#56505	NEW    cov: 520 ft: 1632 corp: 304/8027b lim: 65 exec/s: 18835 rss: 160Mb L: 51/65 MS: 1 CopyPart-
#56657	REDUCE cov: 520 ft: 1632 corp: 304/8018b lim: 65 exec/s: 18885 rss: 160Mb L: 33/65 MS: 2 PersAutoDict-EraseBytes- DE: "\001\000\000\000\000\000\000\011"-
#56699	REDUCE cov: 520 ft: 1632 corp: 304/8015b lim: 65 exec/s: 18899 rss: 160Mb L: 18/65 MS: 2 InsertByte-EraseBytes-
#56995	REDUCE cov: 520 ft: 1632 corp: 304/8012b lim: 65 exec/s: 18998 rss: 161Mb L: 12/65 MS: 1 EraseBytes-
#57457	REDUCE cov: 520 ft: 1636 corp: 305/8063b lim: 65 exec/s: 19152 rss: 162Mb L: 51/65 MS: 2 CrossOver-CopyPart-
#57519	NEW    cov: 522 ft: 1638 corp: 306/8126b lim: 65 exec/s: 19173 rss: 162Mb L: 63/65 MS: 2 ChangeByte-InsertRepeatedBytes-
#57615	REDUCE cov: 523 ft: 1639 corp: 307/8138b lim: 65 exec/s: 19205 rss: 162Mb L: 12/65 MS: 1 PersAutoDict- DE: "\376\377"-
#57657	REDUCE cov: 523 ft: 1673 corp: 308/8203b lim: 65 exec/s: 19219 rss: 162Mb L: 65/65 MS: 2 ChangeBit-InsertRepeatedBytes-
#57695	REDUCE cov: 523 ft: 1673 corp: 308/8196b lim: 65 exec/s: 19231 rss: 162Mb L: 14/65 MS: 3 PersAutoDict-CrossOver-EraseBytes- DE: "\205\000"-
#57734	REDUCE cov: 523 ft: 1674 corp: 309/8251b lim: 65 exec/s: 19244 rss: 163Mb L: 55/65 MS: 4 EraseBytes-CopyPart-ChangeBinInt-CopyPart-
#57880	REDUCE cov: 523 ft: 1674 corp: 309/8247b lim: 65 exec/s: 19293 rss: 163Mb L: 40/65 MS: 1 EraseBytes-
#57906	REDUCE cov: 523 ft: 1674 corp: 309/8245b lim: 65 exec/s: 19302 rss: 163Mb L: 40/65 MS: 1 EraseBytes-
#58035	NEW    cov: 523 ft: 1676 corp: 310/8309b lim: 65 exec/s: 19345 rss: 163Mb L: 64/65 MS: 4 PersAutoDict-EraseBytes-ChangeBinInt-CopyPart- DE: "d\000\000\000"-
#58053	NEW    cov: 523 ft: 1678 corp: 311/8361b lim: 65 exec/s: 19351 rss: 163Mb L: 52/65 MS: 3 InsertByte-ChangeByte-ChangeByte-
#58169	REDUCE cov: 523 ft: 1678 corp: 311/8358b lim: 65 exec/s: 19389 rss: 163Mb L: 6/65 MS: 1 EraseBytes-
#58235	REDUCE cov: 523 ft: 1678 corp: 311/8355b lim: 65 exec/s: 19411 rss: 164Mb L: 37/65 MS: 1 EraseBytes-
#58546	REDUCE cov: 523 ft: 1678 corp: 311/8348b lim: 65 exec/s: 19515 rss: 164Mb L: 12/65 MS: 1 EraseBytes-
#58617	REDUCE cov: 523 ft: 1678 corp: 311/8346b lim: 65 exec/s: 19539 rss: 164Mb L: 3/65 MS: 1 EraseBytes-
#58618	REDUCE cov: 523 ft: 1678 corp: 311/8344b lim: 65 exec/s: 19539 rss: 164Mb L: 10/65 MS: 1 EraseBytes-
#58660	REDUCE cov: 523 ft: 1678 corp: 311/8340b lim: 65 exec/s: 19553 rss: 165Mb L: 12/65 MS: 2 EraseBytes-PersAutoDict- DE: "d\000\000\000"-
#58736	REDUCE cov: 523 ft: 1678 corp: 311/8335b lim: 65 exec/s: 19578 rss: 165Mb L: 35/65 MS: 1 EraseBytes-
#58752	REDUCE cov: 523 ft: 1678 corp: 311/8332b lim: 65 exec/s: 19584 rss: 165Mb L: 52/65 MS: 1 EraseBytes-
#58944	REDUCE cov: 523 ft: 1678 corp: 311/8329b lim: 65 exec/s: 19648 rss: 165Mb L: 16/65 MS: 2 InsertByte-EraseBytes-
#59101	REDUCE cov: 523 ft: 1678 corp: 311/8327b lim: 65 exec/s: 19700 rss: 165Mb L: 12/65 MS: 2 ShuffleBytes-EraseBytes-
#59152	REDUCE cov: 523 ft: 1678 corp: 311/8326b lim: 65 exec/s: 19717 rss: 166Mb L: 7/65 MS: 1 EraseBytes-
#59193	REDUCE cov: 523 ft: 1678 corp: 311/8325b lim: 65 exec/s: 19731 rss: 166Mb L: 8/65 MS: 1 EraseBytes-
#59422	REDUCE cov: 523 ft: 1678 corp: 311/8324b lim: 65 exec/s: 19807 rss: 166Mb L: 10/65 MS: 4 CMP-InsertByte-ChangeBit-EraseBytes- DE: "\031\000"-
#59509	REDUCE cov: 523 ft: 1678 corp: 311/8310b lim: 65 exec/s: 19836 rss: 166Mb L: 21/65 MS: 2 ChangeBit-EraseBytes-
#59670	REDUCE cov: 523 ft: 1678 corp: 311/8308b lim: 65 exec/s: 19890 rss: 167Mb L: 2/65 MS: 1 EraseBytes-
#59721	REDUCE cov: 523 ft: 1678 corp: 311/8305b lim: 65 exec/s: 19907 rss: 167Mb L: 10/65 MS: 1 EraseBytes-
#59857	NEW    cov: 523 ft: 1679 corp: 312/8370b lim: 65 exec/s: 19952 rss: 167Mb L: 65/65 MS: 1 CopyPart-
#60054	REDUCE cov: 523 ft: 1679 corp: 312/8363b lim: 65 exec/s: 20018 rss: 167Mb L: 29/65 MS: 2 CopyPart-EraseBytes-
#60274	REDUCE cov: 523 ft: 1679 corp: 312/8361b lim: 65 exec/s: 20091 rss: 168Mb L: 19/65 MS: 5 CrossOver-ShuffleBytes-CopyPart-PersAutoDict-EraseBytes- DE: "\373\377\000\000"-
#60345	REDUCE cov: 523 ft: 1679 corp: 312/8360b lim: 65 exec/s: 20115 rss: 168Mb L: 13/65 MS: 1 EraseBytes-
#60612	REDUCE cov: 523 ft: 1679 corp: 312/8359b lim: 65 exec/s: 20204 rss: 168Mb L: 9/65 MS: 2 InsertByte-EraseBytes-
#60634	REDUCE cov: 524 ft: 1680 corp: 313/8397b lim: 65 exec/s: 20211 rss: 168Mb L: 38/65 MS: 2 CrossOver-CrossOver-
#60767	REDUCE cov: 524 ft: 1685 corp: 314/8444b lim: 65 exec/s: 20255 rss: 169Mb L: 47/65 MS: 3 CopyPart-ShuffleBytes-InsertRepeatedBytes-
#60918	REDUCE cov: 524 ft: 1685 corp: 314/8443b lim: 65 exec/s: 20306 rss: 169Mb L: 25/65 MS: 1 EraseBytes-
#61097	REDUCE cov: 524 ft: 1685 corp: 314/8438b lim: 65 exec/s: 20365 rss: 169Mb L: 30/65 MS: 4 ShuffleBytes-ChangeByte-ChangeBit-EraseBytes-
#61453	REDUCE cov: 524 ft: 1685 corp: 314/8437b lim: 65 exec/s: 20484 rss: 170Mb L: 6/65 MS: 1 EraseBytes-
#61521	REDUCE cov: 524 ft: 1686 corp: 315/8493b lim: 65 exec/s: 20507 rss: 170Mb L: 56/65 MS: 3 CopyPart-CopyPart-PersAutoDict- DE: "\323\377\377\377"-
#61602	REDUCE cov: 524 ft: 1686 corp: 315/8490b lim: 65 exec/s: 20534 rss: 170Mb L: 9/65 MS: 1 CrossOver-
#61978	REDUCE cov: 524 ft: 1686 corp: 315/8489b lim: 65 exec/s: 20659 rss: 171Mb L: 43/65 MS: 1 EraseBytes-
#62080	REDUCE cov: 524 ft: 1686 corp: 315/8486b lim: 65 exec/s: 20693 rss: 171Mb L: 5/65 MS: 2 InsertByte-EraseBytes-
#62321	REDUCE cov: 524 ft: 1686 corp: 315/8483b lim: 65 exec/s: 20773 rss: 172Mb L: 4/65 MS: 1 EraseBytes-
#62395	REDUCE cov: 524 ft: 1686 corp: 315/8477b lim: 65 exec/s: 20798 rss: 172Mb L: 48/65 MS: 4 ChangeBinInt-ChangeByte-CrossOver-EraseBytes-
#62410	REDUCE cov: 525 ft: 1688 corp: 316/8498b lim: 65 exec/s: 20803 rss: 172Mb L: 21/65 MS: 5 EraseBytes-PersAutoDict-InsertByte-CrossOver-CopyPart- DE: "\001\000\000\000\000\000\000\200"-
#62731	REDUCE cov: 525 ft: 1688 corp: 316/8493b lim: 65 exec/s: 20910 rss: 172Mb L: 34/65 MS: 1 EraseBytes-
#62918	REDUCE cov: 525 ft: 1688 corp: 316/8489b lim: 65 exec/s: 20972 rss: 173Mb L: 23/65 MS: 2 ShuffleBytes-EraseBytes-
#63038	REDUCE cov: 525 ft: 1688 corp: 316/8485b lim: 65 exec/s: 21012 rss: 173Mb L: 34/65 MS: 5 ChangeByte-ChangeByte-ShuffleBytes-ShuffleBytes-EraseBytes-
#63394	REDUCE cov: 525 ft: 1688 corp: 316/8480b lim: 65 exec/s: 21131 rss: 174Mb L: 17/65 MS: 1 EraseBytes-
#63429	REDUCE cov: 525 ft: 1688 corp: 316/8476b lim: 65 exec/s: 21143 rss: 174Mb L: 33/65 MS: 5 PersAutoDict-ChangeByte-PersAutoDict-EraseBytes-CopyPart- DE: "\377\377\377\007"-"d\000\000\000"-
#63496	NEW    cov: 525 ft: 1691 corp: 317/8541b lim: 65 exec/s: 21165 rss: 174Mb L: 65/65 MS: 2 ChangeByte-ChangeBit-
#63504	REDUCE cov: 525 ft: 1691 corp: 317/8540b lim: 65 exec/s: 21168 rss: 174Mb L: 43/65 MS: 3 ChangeBit-ChangeBit-EraseBytes-
#63520	REDUCE cov: 525 ft: 1691 corp: 317/8537b lim: 65 exec/s: 21173 rss: 174Mb L: 20/65 MS: 1 EraseBytes-
#63522	NEW    cov: 525 ft: 1693 corp: 318/8581b lim: 65 exec/s: 21174 rss: 174Mb L: 44/65 MS: 2 PersAutoDict-CopyPart- DE: "\376\377"-
#63524	REDUCE cov: 525 ft: 1696 corp: 319/8636b lim: 65 exec/s: 21174 rss: 174Mb L: 55/65 MS: 2 InsertByte-InsertRepeatedBytes-
#63525	REDUCE cov: 525 ft: 1696 corp: 319/8635b lim: 65 exec/s: 21175 rss: 174Mb L: 40/65 MS: 1 EraseBytes-
#63542	REDUCE cov: 525 ft: 1696 corp: 319/8631b lim: 65 exec/s: 21180 rss: 174Mb L: 11/65 MS: 2 InsertByte-EraseBytes-
#63579	REDUCE cov: 525 ft: 1696 corp: 319/8629b lim: 65 exec/s: 21193 rss: 174Mb L: 48/65 MS: 2 CopyPart-EraseBytes-
#63866	NEW    cov: 525 ft: 1697 corp: 320/8694b lim: 65 exec/s: 21288 rss: 175Mb L: 65/65 MS: 2 ShuffleBytes-ChangeByte-
#64012	NEW    cov: 525 ft: 1699 corp: 321/8759b lim: 65 exec/s: 21337 rss: 175Mb L: 65/65 MS: 1 CopyPart-
#64133	REDUCE cov: 525 ft: 1699 corp: 321/8758b lim: 65 exec/s: 21377 rss: 175Mb L: 33/65 MS: 1 EraseBytes-
#64485	REDUCE cov: 525 ft: 1699 corp: 321/8757b lim: 65 exec/s: 21495 rss: 176Mb L: 9/65 MS: 2 ChangeByte-EraseBytes-
#64614	REDUCE cov: 525 ft: 1700 corp: 322/8817b lim: 65 exec/s: 21538 rss: 176Mb L: 60/65 MS: 4 ChangeByte-PersAutoDict-CrossOver-CopyPart- DE: "\377\204"-
#64815	REDUCE cov: 525 ft: 1701 corp: 323/8855b lim: 65 exec/s: 21605 rss: 177Mb L: 38/65 MS: 1 CopyPart-
#64974	REDUCE cov: 525 ft: 1701 corp: 323/8848b lim: 65 exec/s: 21658 rss: 177Mb L: 48/65 MS: 4 CopyPart-ShuffleBytes-ChangeByte-EraseBytes-
#65002	REDUCE cov: 525 ft: 1701 corp: 323/8799b lim: 65 exec/s: 21667 rss: 177Mb L: 14/65 MS: 3 PersAutoDict-ChangeByte-CrossOver- DE: "\205\000"-
#65073	NEW    cov: 525 ft: 1705 corp: 324/8862b lim: 65 exec/s: 21691 rss: 177Mb L: 63/65 MS: 1 CopyPart-
#65205	REDUCE cov: 525 ft: 1705 corp: 324/8860b lim: 65 exec/s: 21735 rss: 178Mb L: 4/65 MS: 2 ChangeBit-EraseBytes-
#65286	REDUCE cov: 525 ft: 1705 corp: 324/8859b lim: 65 exec/s: 21762 rss: 178Mb L: 5/65 MS: 1 EraseBytes-
#65396	REDUCE cov: 525 ft: 1705 corp: 324/8857b lim: 65 exec/s: 21798 rss: 178Mb L: 24/65 MS: 5 CrossOver-ChangeBit-InsertRepeatedBytes-PersAutoDict-CrossOver- DE: "d\000\000\000"-
#65399	REDUCE cov: 525 ft: 1705 corp: 324/8855b lim: 65 exec/s: 21799 rss: 178Mb L: 8/65 MS: 3 ChangeBinInt-ChangeBit-EraseBytes-
#65536	pulse  cov: 525 ft: 1705 corp: 324/8855b lim: 65 exec/s: 21845 rss: 178Mb
#65635	REDUCE cov: 525 ft: 1705 corp: 324/8844b lim: 65 exec/s: 21878 rss: 178Mb L: 23/65 MS: 1 EraseBytes-
#65707	REDUCE cov: 525 ft: 1705 corp: 324/8837b lim: 65 exec/s: 21902 rss: 179Mb L: 35/65 MS: 2 ChangeBit-EraseBytes-
#65778	REDUCE cov: 525 ft: 1705 corp: 324/8836b lim: 65 exec/s: 21926 rss: 179Mb L: 6/65 MS: 1 EraseBytes-
#65801	REDUCE cov: 525 ft: 1707 corp: 325/8888b lim: 65 exec/s: 21933 rss: 179Mb L: 52/65 MS: 3 InsertByte-CopyPart-ChangeByte-
#65827	REDUCE cov: 525 ft: 1707 corp: 325/8886b lim: 65 exec/s: 21942 rss: 179Mb L: 15/65 MS: 1 EraseBytes-
#65888	REDUCE cov: 525 ft: 1707 corp: 325/8885b lim: 65 exec/s: 21962 rss: 179Mb L: 7/65 MS: 1 EraseBytes-
#65954	REDUCE cov: 525 ft: 1707 corp: 325/8883b lim: 65 exec/s: 21984 rss: 179Mb L: 32/65 MS: 1 EraseBytes-
#65989	REDUCE cov: 525 ft: 1707 corp: 325/8882b lim: 65 exec/s: 21996 rss: 179Mb L: 31/65 MS: 5 CMP-InsertRepeatedBytes-ShuffleBytes-CopyPart-EraseBytes- DE: "\000\000\000\000\000\000\000\000"-
#66050	REDUCE cov: 525 ft: 1707 corp: 325/8881b lim: 65 exec/s: 22016 rss: 179Mb L: 9/65 MS: 1 EraseBytes-
#66053	REDUCE cov: 525 ft: 1707 corp: 325/8877b lim: 65 exec/s: 22017 rss: 179Mb L: 2/65 MS: 3 ChangeBinInt-EraseBytes-EraseBytes-
#66055	NEW    cov: 525 ft: 1708 corp: 326/8942b lim: 65 exec/s: 22018 rss: 179Mb L: 65/65 MS: 2 ChangeBit-InsertByte-
#66158	REDUCE cov: 525 ft: 1708 corp: 326/8936b lim: 65 exec/s: 22052 rss: 180Mb L: 59/65 MS: 3 ChangeBit-ChangeBit-EraseBytes-
#66648	REDUCE cov: 525 ft: 1708 corp: 326/8932b lim: 65 exec/s: 22216 rss: 180Mb L: 13/65 MS: 5 InsertByte-ChangeBit-InsertByte-CrossOver-EraseBytes-
#66924	REDUCE cov: 525 ft: 1708 corp: 326/8930b lim: 65 exec/s: 22308 rss: 181Mb L: 27/65 MS: 1 EraseBytes-
#67000	REDUCE cov: 525 ft: 1708 corp: 326/8928b lim: 65 exec/s: 22333 rss: 181Mb L: 37/65 MS: 1 EraseBytes-
#67297	REDUCE cov: 525 ft: 1708 corp: 326/8926b lim: 65 exec/s: 22432 rss: 182Mb L: 38/65 MS: 2 ChangeBit-EraseBytes-
#67339	REDUCE cov: 525 ft: 1708 corp: 326/8924b lim: 65 exec/s: 22446 rss: 182Mb L: 10/65 MS: 2 CopyPart-EraseBytes-
#67511	REDUCE cov: 525 ft: 1708 corp: 326/8923b lim: 65 exec/s: 22503 rss: 182Mb L: 20/65 MS: 2 ChangeByte-EraseBytes-
#67518	REDUCE cov: 526 ft: 1709 corp: 327/8941b lim: 65 exec/s: 22506 rss: 182Mb L: 18/65 MS: 2 ChangeByte-EraseBytes-
#67529	REDUCE cov: 526 ft: 1709 corp: 327/8940b lim: 65 exec/s: 22509 rss: 182Mb L: 9/65 MS: 1 EraseBytes-
#67701	REDUCE cov: 526 ft: 1709 corp: 327/8937b lim: 65 exec/s: 22567 rss: 183Mb L: 32/65 MS: 2 ShuffleBytes-EraseBytes-
#67927	REDUCE cov: 526 ft: 1709 corp: 327/8932b lim: 65 exec/s: 16981 rss: 183Mb L: 15/65 MS: 1 EraseBytes-
#68053	REDUCE cov: 526 ft: 1709 corp: 327/8927b lim: 65 exec/s: 17013 rss: 183Mb L: 11/65 MS: 1 EraseBytes-
#68070	REDUCE cov: 527 ft: 1710 corp: 328/8933b lim: 65 exec/s: 17017 rss: 183Mb L: 6/65 MS: 2 ChangeBit-ChangeBinInt-
#68086	REDUCE cov: 527 ft: 1710 corp: 328/8932b lim: 65 exec/s: 17021 rss: 183Mb L: 8/65 MS: 1 EraseBytes-
#68110	NEW    cov: 528 ft: 1711 corp: 329/8997b lim: 65 exec/s: 17027 rss: 183Mb L: 65/65 MS: 4 ChangeByte-InsertRepeatedBytes-ShuffleBytes-ChangeBinInt-
#68357	REDUCE cov: 528 ft: 1711 corp: 329/8996b lim: 65 exec/s: 17089 rss: 185Mb L: 5/65 MS: 2 CopyPart-EraseBytes-
#68583	REDUCE cov: 528 ft: 1711 corp: 329/8992b lim: 65 exec/s: 17145 rss: 186Mb L: 9/65 MS: 1 EraseBytes-
#68589	REDUCE cov: 528 ft: 1711 corp: 329/8991b lim: 65 exec/s: 17147 rss: 186Mb L: 17/65 MS: 1 CrossOver-
#68825	REDUCE cov: 528 ft: 1711 corp: 329/8990b lim: 65 exec/s: 17206 rss: 186Mb L: 6/65 MS: 1 EraseBytes-
#68833	REDUCE cov: 528 ft: 1711 corp: 329/8987b lim: 65 exec/s: 17208 rss: 186Mb L: 26/65 MS: 3 ChangeBit-ChangeBinInt-EraseBytes-
#68849	REDUCE cov: 528 ft: 1711 corp: 329/8985b lim: 65 exec/s: 17212 rss: 186Mb L: 3/65 MS: 1 EraseBytes-
#68970	REDUCE cov: 528 ft: 1711 corp: 329/8984b lim: 65 exec/s: 17242 rss: 187Mb L: 5/65 MS: 1 EraseBytes-
#68983	REDUCE cov: 528 ft: 1711 corp: 329/8983b lim: 65 exec/s: 17245 rss: 187Mb L: 59/65 MS: 3 InsertRepeatedBytes-InsertByte-EraseBytes-
#69219	REDUCE cov: 530 ft: 1713 corp: 330/8992b lim: 65 exec/s: 17304 rss: 187Mb L: 9/65 MS: 1 EraseBytes-
#69290	REDUCE cov: 530 ft: 1713 corp: 330/8990b lim: 65 exec/s: 17322 rss: 187Mb L: 33/65 MS: 1 EraseBytes-
#69321	REDUCE cov: 530 ft: 1713 corp: 330/8988b lim: 65 exec/s: 17330 rss: 188Mb L: 24/65 MS: 1 CrossOver-
#69389	REDUCE cov: 530 ft: 1713 corp: 330/8986b lim: 65 exec/s: 17347 rss: 188Mb L: 11/65 MS: 3 EraseBytes-ChangeBit-PersAutoDict- DE: "\001\000\000\000\000\000\000\200"-
#69395	REDUCE cov: 530 ft: 1713 corp: 330/8985b lim: 65 exec/s: 17348 rss: 188Mb L: 2/65 MS: 1 EraseBytes-
#69596	REDUCE cov: 530 ft: 1713 corp: 330/8982b lim: 65 exec/s: 17399 rss: 188Mb L: 6/65 MS: 1 EraseBytes-
#69702	REDUCE cov: 530 ft: 1713 corp: 330/8981b lim: 65 exec/s: 17425 rss: 188Mb L: 4/65 MS: 1 EraseBytes-
#69749	NEW    cov: 530 ft: 1716 corp: 331/9020b lim: 65 exec/s: 17437 rss: 188Mb L: 39/65 MS: 2 CopyPart-CopyPart-
#69838	REDUCE cov: 530 ft: 1716 corp: 331/9019b lim: 65 exec/s: 17459 rss: 189Mb L: 30/65 MS: 4 ChangeASCIIInt-ChangeBinInt-ChangeByte-EraseBytes-
#69954	REDUCE cov: 530 ft: 1716 corp: 331/9017b lim: 65 exec/s: 17488 rss: 189Mb L: 10/65 MS: 1 EraseBytes-
#69985	REDUCE cov: 530 ft: 1716 corp: 331/9016b lim: 65 exec/s: 17496 rss: 189Mb L: 11/65 MS: 1 EraseBytes-
#69990	REDUCE cov: 530 ft: 1716 corp: 331/9008b lim: 65 exec/s: 17497 rss: 189Mb L: 12/65 MS: 5 InsertByte-InsertByte-EraseBytes-ChangeByte-ChangeBinInt-
#70082	REDUCE cov: 530 ft: 1716 corp: 331/9005b lim: 65 exec/s: 17520 rss: 189Mb L: 11/65 MS: 2 ShuffleBytes-EraseBytes-
#70304	REDUCE cov: 530 ft: 1716 corp: 331/9004b lim: 65 exec/s: 17576 rss: 190Mb L: 9/65 MS: 2 ChangeBit-EraseBytes-
#70452	REDUCE cov: 530 ft: 1716 corp: 331/9001b lim: 65 exec/s: 17613 rss: 190Mb L: 62/65 MS: 3 EraseBytes-ChangeByte-CopyPart-
#70688	REDUCE cov: 530 ft: 1716 corp: 331/8994b lim: 65 exec/s: 17672 rss: 190Mb L: 9/65 MS: 1 EraseBytes-
#70894	REDUCE cov: 530 ft: 1716 corp: 331/8990b lim: 65 exec/s: 17723 rss: 191Mb L: 17/65 MS: 1 EraseBytes-
#70905	REDUCE cov: 530 ft: 1716 corp: 331/8988b lim: 65 exec/s: 17726 rss: 191Mb L: 5/65 MS: 1 EraseBytes-
#71311	REDUCE cov: 530 ft: 1716 corp: 331/8985b lim: 65 exec/s: 17827 rss: 191Mb L: 39/65 MS: 1 EraseBytes-
#71537	REDUCE cov: 530 ft: 1716 corp: 331/8980b lim: 65 exec/s: 17884 rss: 192Mb L: 47/65 MS: 1 EraseBytes-
#71699	REDUCE cov: 530 ft: 1716 corp: 331/8970b lim: 65 exec/s: 17924 rss: 192Mb L: 29/65 MS: 2 ChangeBinInt-EraseBytes-
#72046	REDUCE cov: 530 ft: 1716 corp: 331/8962b lim: 65 exec/s: 18011 rss: 193Mb L: 15/65 MS: 2 ShuffleBytes-EraseBytes-
#72073	REDUCE cov: 530 ft: 1716 corp: 331/8961b lim: 65 exec/s: 18018 rss: 193Mb L: 7/65 MS: 2 CopyPart-EraseBytes-
#72387	REDUCE cov: 530 ft: 1716 corp: 331/8960b lim: 65 exec/s: 18096 rss: 194Mb L: 39/65 MS: 4 ShuffleBytes-PersAutoDict-PersAutoDict-EraseBytes- DE: "\377\377\377\377"-"\323\377\377\377"-
#72442	NEW    cov: 530 ft: 1718 corp: 332/9018b lim: 65 exec/s: 18110 rss: 194Mb L: 58/65 MS: 5 CrossOver-InsertRepeatedBytes-PersAutoDict-CMP-CopyPart- DE: "\377\377"-"\001\000\377\374"-
#72463	REDUCE cov: 530 ft: 1718 corp: 332/9017b lim: 65 exec/s: 18115 rss: 194Mb L: 33/65 MS: 1 EraseBytes-
#72670	REDUCE cov: 530 ft: 1718 corp: 332/9016b lim: 65 exec/s: 18167 rss: 194Mb L: 4/65 MS: 2 ChangeBinInt-EraseBytes-
#72961	REDUCE cov: 530 ft: 1718 corp: 332/9015b lim: 65 exec/s: 18240 rss: 195Mb L: 24/65 MS: 1 EraseBytes-
#73224	REDUCE cov: 530 ft: 1718 corp: 332/9003b lim: 65 exec/s: 18306 rss: 195Mb L: 47/65 MS: 3 ShuffleBytes-CrossOver-EraseBytes-
#73243	REDUCE cov: 530 ft: 1718 corp: 332/9002b lim: 65 exec/s: 18310 rss: 195Mb L: 38/65 MS: 4 PersAutoDict-InsertByte-CopyPart-EraseBytes- DE: "\001\000\000\000\000\000\000\001"-
#73300	REDUCE cov: 530 ft: 1718 corp: 332/8999b lim: 65 exec/s: 18325 rss: 195Mb L: 20/65 MS: 2 ChangeByte-EraseBytes-
#73366	REDUCE cov: 530 ft: 1718 corp: 332/8995b lim: 65 exec/s: 18341 rss: 195Mb L: 18/65 MS: 1 EraseBytes-
#73424	NEW    cov: 530 ft: 1720 corp: 333/9054b lim: 65 exec/s: 18356 rss: 196Mb L: 59/65 MS: 3 ChangeByte-InsertByte-ShuffleBytes-
#73570	REDUCE cov: 530 ft: 1720 corp: 333/9051b lim: 65 exec/s: 18392 rss: 196Mb L: 24/65 MS: 1 EraseBytes-
#73736	REDUCE cov: 530 ft: 1720 corp: 333/9049b lim: 65 exec/s: 18434 rss: 196Mb L: 25/65 MS: 1 EraseBytes-
#73792	REDUCE cov: 530 ft: 1720 corp: 333/9042b lim: 65 exec/s: 18448 rss: 196Mb L: 29/65 MS: 1 EraseBytes-
#73848	REDUCE cov: 530 ft: 1721 corp: 334/9052b lim: 65 exec/s: 18462 rss: 196Mb L: 10/65 MS: 1 CopyPart-
#73959	REDUCE cov: 530 ft: 1721 corp: 334/9049b lim: 65 exec/s: 18489 rss: 197Mb L: 17/65 MS: 1 EraseBytes-
#74200	REDUCE cov: 530 ft: 1721 corp: 334/9046b lim: 65 exec/s: 18550 rss: 197Mb L: 27/65 MS: 1 EraseBytes-
#74354	REDUCE cov: 530 ft: 1721 corp: 334/9043b lim: 65 exec/s: 18588 rss: 198Mb L: 33/65 MS: 4 ShuffleBytes-PersAutoDict-EraseBytes-CopyPart- DE: "\000\000\000\000\000\000\000\010"-
#74457	REDUCE cov: 530 ft: 1721 corp: 334/9041b lim: 65 exec/s: 18614 rss: 198Mb L: 27/65 MS: 3 ChangeBit-ShuffleBytes-EraseBytes-
#74483	REDUCE cov: 530 ft: 1721 corp: 334/9038b lim: 65 exec/s: 18620 rss: 198Mb L: 18/65 MS: 1 EraseBytes-
#74711	REDUCE cov: 530 ft: 1721 corp: 334/9034b lim: 65 exec/s: 18677 rss: 198Mb L: 27/65 MS: 3 ChangeBit-ChangeByte-EraseBytes-
#74757	REDUCE cov: 530 ft: 1721 corp: 334/9033b lim: 65 exec/s: 18689 rss: 198Mb L: 19/65 MS: 1 EraseBytes-
#74803	REDUCE cov: 530 ft: 1722 corp: 335/9098b lim: 65 exec/s: 18700 rss: 198Mb L: 65/65 MS: 1 CopyPart-
#75051	REDUCE cov: 530 ft: 1722 corp: 335/9089b lim: 65 exec/s: 18762 rss: 199Mb L: 50/65 MS: 3 CrossOver-InsertByte-EraseBytes-
#75142	REDUCE cov: 530 ft: 1722 corp: 335/9088b lim: 65 exec/s: 18785 rss: 199Mb L: 8/65 MS: 1 EraseBytes-
#75153	REDUCE cov: 530 ft: 1722 corp: 335/9086b lim: 65 exec/s: 18788 rss: 199Mb L: 40/65 MS: 1 EraseBytes-
#75209	REDUCE cov: 530 ft: 1722 corp: 335/9085b lim: 65 exec/s: 18802 rss: 199Mb L: 3/65 MS: 1 EraseBytes-
#75246	REDUCE cov: 530 ft: 1722 corp: 335/9079b lim: 65 exec/s: 18811 rss: 199Mb L: 23/65 MS: 2 CopyPart-EraseBytes-
#75442	REDUCE cov: 530 ft: 1722 corp: 335/9069b lim: 65 exec/s: 18860 rss: 200Mb L: 33/65 MS: 1 EraseBytes-
#75575	REDUCE cov: 530 ft: 1722 corp: 335/9068b lim: 65 exec/s: 18893 rss: 200Mb L: 23/65 MS: 3 CopyPart-PersAutoDict-EraseBytes- DE: "\"\000\000\000"-
#75625	REDUCE cov: 530 ft: 1722 corp: 335/9065b lim: 65 exec/s: 18906 rss: 200Mb L: 30/65 MS: 5 InsertRepeatedBytes-ChangeBit-ChangeBinInt-PersAutoDict-EraseBytes- DE: "\001\205"-
#75781	REDUCE cov: 530 ft: 1722 corp: 335/9059b lim: 65 exec/s: 18945 rss: 200Mb L: 42/65 MS: 1 EraseBytes-
#76122	REDUCE cov: 530 ft: 1722 corp: 335/9057b lim: 65 exec/s: 19030 rss: 201Mb L: 7/65 MS: 1 EraseBytes-
#76513	REDUCE cov: 530 ft: 1722 corp: 335/9055b lim: 65 exec/s: 19128 rss: 202Mb L: 48/65 MS: 1 EraseBytes-
#76529	REDUCE cov: 530 ft: 1722 corp: 335/9054b lim: 65 exec/s: 19132 rss: 202Mb L: 9/65 MS: 1 EraseBytes-
#76551	REDUCE cov: 530 ft: 1722 corp: 335/9053b lim: 65 exec/s: 19137 rss: 202Mb L: 23/65 MS: 2 CopyPart-EraseBytes-
#77094	REDUCE cov: 530 ft: 1722 corp: 335/9052b lim: 65 exec/s: 19273 rss: 203Mb L: 23/65 MS: 3 ChangeBit-ShuffleBytes-EraseBytes-
#77235	REDUCE cov: 530 ft: 1722 corp: 335/9048b lim: 65 exec/s: 19308 rss: 203Mb L: 23/65 MS: 1 EraseBytes-
#77646	REDUCE cov: 530 ft: 1722 corp: 335/9046b lim: 65 exec/s: 19411 rss: 204Mb L: 4/65 MS: 1 EraseBytes-
#77833	REDUCE cov: 530 ft: 1722 corp: 335/9045b lim: 65 exec/s: 19458 rss: 204Mb L: 22/65 MS: 2 ShuffleBytes-EraseBytes-
#78051	REDUCE cov: 530 ft: 1722 corp: 335/9044b lim: 65 exec/s: 19512 rss: 205Mb L: 19/65 MS: 3 CopyPart-InsertByte-EraseBytes-
#78087	REDUCE cov: 530 ft: 1722 corp: 335/9043b lim: 65 exec/s: 19521 rss: 205Mb L: 11/65 MS: 1 EraseBytes-
#78614	REDUCE cov: 531 ft: 1723 corp: 336/9051b lim: 65 exec/s: 19653 rss: 206Mb L: 8/65 MS: 2 ShuffleBytes-CopyPart-
#78933	REDUCE cov: 531 ft: 1723 corp: 336/9047b lim: 65 exec/s: 19733 rss: 207Mb L: 19/65 MS: 4 EraseBytes-ChangeBit-ChangeASCIIInt-CrossOver-
#78959	REDUCE cov: 531 ft: 1723 corp: 336/9043b lim: 65 exec/s: 19739 rss: 207Mb L: 13/65 MS: 1 EraseBytes-
#78999	NEW    cov: 531 ft: 1724 corp: 337/9108b lim: 65 exec/s: 19749 rss: 207Mb L: 65/65 MS: 5 ChangeBinInt-ShuffleBytes-ChangeByte-ChangeByte-CopyPart-
#79119	REDUCE cov: 531 ft: 1725 corp: 338/9168b lim: 65 exec/s: 19779 rss: 207Mb L: 60/65 MS: 5 PersAutoDict-InsertRepeatedBytes-CopyPart-EraseBytes-ChangeBit- DE: "\001\000\000\000\000\000\000,"-
#79120	REDUCE cov: 531 ft: 1725 corp: 338/9166b lim: 65 exec/s: 19780 rss: 207Mb L: 31/65 MS: 1 EraseBytes-
#79166	REDUCE cov: 531 ft: 1725 corp: 338/9163b lim: 65 exec/s: 19791 rss: 207Mb L: 49/65 MS: 1 EraseBytes-
#79312	NEW    cov: 531 ft: 1726 corp: 339/9228b lim: 65 exec/s: 19828 rss: 207Mb L: 65/65 MS: 1 CopyPart-
#79498	REDUCE cov: 531 ft: 1726 corp: 339/9224b lim: 65 exec/s: 19874 rss: 208Mb L: 26/65 MS: 1 EraseBytes-
#79614	REDUCE cov: 531 ft: 1727 corp: 340/9284b lim: 65 exec/s: 19903 rss: 208Mb L: 60/65 MS: 1 CopyPart-
#79816	NEW    cov: 531 ft: 1728 corp: 341/9349b lim: 65 exec/s: 19954 rss: 208Mb L: 65/65 MS: 2 ChangeBinInt-ChangeBinInt-
#79877	REDUCE cov: 531 ft: 1728 corp: 341/9344b lim: 65 exec/s: 19969 rss: 209Mb L: 6/65 MS: 1 EraseBytes-
#80053	REDUCE cov: 532 ft: 1729 corp: 342/9356b lim: 65 exec/s: 20013 rss: 209Mb L: 12/65 MS: 1 CopyPart-
#80079	REDUCE cov: 532 ft: 1729 corp: 342/9354b lim: 65 exec/s: 20019 rss: 209Mb L: 8/65 MS: 1 EraseBytes-
#80080	REDUCE cov: 532 ft: 1729 corp: 342/9333b lim: 65 exec/s: 20020 rss: 209Mb L: 39/65 MS: 1 EraseBytes-
#80092	REDUCE cov: 532 ft: 1732 corp: 343/9372b lim: 65 exec/s: 20023 rss: 209Mb L: 39/65 MS: 2 CrossOver-CrossOver-
#80843	NEW    cov: 532 ft: 1736 corp: 344/9435b lim: 71 exec/s: 20210 rss: 211Mb L: 63/65 MS: 1 CopyPart-
#80923	REDUCE cov: 532 ft: 1736 corp: 344/9429b lim: 71 exec/s: 20230 rss: 211Mb L: 42/65 MS: 5 PersAutoDict-InsertByte-InsertRepeatedBytes-ChangeByte-EraseBytes- DE: "\377\204"-
#81009	REDUCE cov: 532 ft: 1736 corp: 344/9426b lim: 71 exec/s: 20252 rss: 211Mb L: 28/65 MS: 1 EraseBytes-
#81070	REDUCE cov: 532 ft: 1736 corp: 344/9418b lim: 71 exec/s: 20267 rss: 211Mb L: 22/65 MS: 1 EraseBytes-
#81281	REDUCE cov: 532 ft: 1736 corp: 344/9416b lim: 71 exec/s: 20320 rss: 212Mb L: 11/65 MS: 1 EraseBytes-
#81575	REDUCE cov: 532 ft: 1736 corp: 344/9414b lim: 71 exec/s: 20393 rss: 212Mb L: 18/65 MS: 4 InsertByte-ChangeByte-ChangeBit-EraseBytes-
#81637	REDUCE cov: 532 ft: 1736 corp: 344/9412b lim: 71 exec/s: 20409 rss: 212Mb L: 3/65 MS: 2 ChangeByte-EraseBytes-
#81644	REDUCE cov: 532 ft: 1736 corp: 344/9407b lim: 71 exec/s: 20411 rss: 212Mb L: 10/65 MS: 2 ChangeBit-EraseBytes-
#81659	REDUCE cov: 532 ft: 1740 corp: 345/9453b lim: 71 exec/s: 20414 rss: 212Mb L: 46/65 MS: 5 ChangeBinInt-InsertByte-InsertByte-CrossOver-CrossOver-
#82106	REDUCE cov: 532 ft: 1742 corp: 346/9512b lim: 71 exec/s: 20526 rss: 213Mb L: 59/65 MS: 2 ChangeBinInt-CrossOver-
#82118	REDUCE cov: 532 ft: 1742 corp: 346/9511b lim: 71 exec/s: 20529 rss: 213Mb L: 43/65 MS: 2 CopyPart-EraseBytes-
#82254	REDUCE cov: 532 ft: 1742 corp: 346/9510b lim: 71 exec/s: 20563 rss: 213Mb L: 38/65 MS: 1 EraseBytes-
#82407	REDUCE cov: 532 ft: 1742 corp: 346/9504b lim: 71 exec/s: 20601 rss: 214Mb L: 43/65 MS: 3 CopyPart-CopyPart-EraseBytes-
#82409	REDUCE cov: 532 ft: 1742 corp: 346/9495b lim: 71 exec/s: 20602 rss: 214Mb L: 56/65 MS: 2 InsertRepeatedBytes-EraseBytes-
#82621	REDUCE cov: 532 ft: 1742 corp: 346/9494b lim: 71 exec/s: 20655 rss: 214Mb L: 6/65 MS: 2 ChangeBit-EraseBytes-
#82657	REDUCE cov: 532 ft: 1742 corp: 346/9488b lim: 71 exec/s: 20664 rss: 214Mb L: 21/65 MS: 1 EraseBytes-
#82728	REDUCE cov: 532 ft: 1743 corp: 347/9552b lim: 71 exec/s: 20682 rss: 214Mb L: 64/65 MS: 1 CopyPart-
#82775	REDUCE cov: 532 ft: 1743 corp: 347/9550b lim: 71 exec/s: 20693 rss: 215Mb L: 63/65 MS: 2 ChangeBit-CrossOver-
#82826	REDUCE cov: 532 ft: 1743 corp: 347/9548b lim: 71 exec/s: 20706 rss: 215Mb L: 49/65 MS: 1 EraseBytes-
#82974	REDUCE cov: 532 ft: 1743 corp: 347/9547b lim: 71 exec/s: 20743 rss: 215Mb L: 35/65 MS: 3 PersAutoDict-ChangeByte-EraseBytes- DE: "\377\377\377\377"-
#83340	REDUCE cov: 532 ft: 1743 corp: 347/9545b lim: 71 exec/s: 20835 rss: 216Mb L: 2/65 MS: 1 EraseBytes-
#83380	REDUCE cov: 532 ft: 1744 corp: 348/9610b lim: 71 exec/s: 20845 rss: 216Mb L: 65/65 MS: 5 CopyPart-InsertByte-ChangeBit-PersAutoDict-CopyPart- DE: "\323\377\377\377"-
#84018	NEW    cov: 532 ft: 1746 corp: 349/9647b lim: 77 exec/s: 21004 rss: 217Mb L: 37/65 MS: 3 InsertByte-CrossOver-CopyPart-
#84139	REDUCE cov: 532 ft: 1746 corp: 349/9643b lim: 77 exec/s: 21034 rss: 217Mb L: 31/65 MS: 1 EraseBytes-
#84315	REDUCE cov: 532 ft: 1746 corp: 349/9636b lim: 77 exec/s: 21078 rss: 218Mb L: 19/65 MS: 1 EraseBytes-
#84813	REDUCE cov: 532 ft: 1746 corp: 349/9629b lim: 77 exec/s: 21203 rss: 219Mb L: 20/65 MS: 3 ChangeBit-ChangeBinInt-EraseBytes-
#84875	REDUCE cov: 532 ft: 1746 corp: 349/9622b lim: 77 exec/s: 21218 rss: 219Mb L: 31/65 MS: 2 ChangeByte-EraseBytes-
#85040	REDUCE cov: 532 ft: 1746 corp: 349/9618b lim: 77 exec/s: 21260 rss: 219Mb L: 35/65 MS: 5 ShuffleBytes-ChangeByte-ChangeBinInt-InsertByte-EraseBytes-
#85185	NEW    cov: 532 ft: 1767 corp: 350/9695b lim: 77 exec/s: 21296 rss: 220Mb L: 77/77 MS: 5 ChangeByte-PersAutoDict-InsertByte-ChangeByte-CopyPart- DE: "\007\000"-
#85236	REDUCE cov: 532 ft: 1767 corp: 350/9688b lim: 77 exec/s: 21309 rss: 220Mb L: 40/77 MS: 1 EraseBytes-
#85272	REDUCE cov: 532 ft: 1767 corp: 350/9687b lim: 77 exec/s: 21318 rss: 220Mb L: 36/77 MS: 1 EraseBytes-
#85278	NEW    cov: 532 ft: 1768 corp: 351/9758b lim: 77 exec/s: 21319 rss: 220Mb L: 71/77 MS: 1 CopyPart-
#85399	REDUCE cov: 532 ft: 1768 corp: 351/9754b lim: 77 exec/s: 21349 rss: 220Mb L: 58/77 MS: 1 EraseBytes-
#85511	REDUCE cov: 532 ft: 1781 corp: 352/9817b lim: 77 exec/s: 21377 rss: 220Mb L: 63/77 MS: 2 CopyPart-CopyPart-
#85538	REDUCE cov: 532 ft: 1781 corp: 352/9813b lim: 77 exec/s: 21384 rss: 221Mb L: 51/77 MS: 2 ShuffleBytes-EraseBytes-
#85633	REDUCE cov: 532 ft: 1782 corp: 353/9890b lim: 77 exec/s: 21408 rss: 221Mb L: 77/77 MS: 5 CrossOver-CopyPart-ChangeByte-ChangeBit-CopyPart-
#85679	NEW    cov: 532 ft: 1784 corp: 354/9960b lim: 77 exec/s: 21419 rss: 221Mb L: 70/77 MS: 1 CopyPart-
#85705	NEW    cov: 532 ft: 1786 corp: 355/10035b lim: 77 exec/s: 21426 rss: 221Mb L: 75/77 MS: 1 CrossOver-
#85840	REDUCE cov: 532 ft: 1786 corp: 355/10034b lim: 77 exec/s: 17168 rss: 221Mb L: 50/77 MS: 5 ChangeASCIIInt-ChangeASCIIInt-ShuffleBytes-ChangeASCIIInt-EraseBytes-
#86336	REDUCE cov: 532 ft: 1786 corp: 355/10029b lim: 77 exec/s: 17267 rss: 222Mb L: 32/77 MS: 1 EraseBytes-
#86427	REDUCE cov: 532 ft: 1788 corp: 356/10057b lim: 77 exec/s: 17285 rss: 223Mb L: 28/77 MS: 1 CopyPart-
#86494	REDUCE cov: 532 ft: 1788 corp: 356/10051b lim: 77 exec/s: 17298 rss: 224Mb L: 6/77 MS: 2 ChangeByte-EraseBytes-
#86680	REDUCE cov: 532 ft: 1788 corp: 356/10046b lim: 77 exec/s: 17336 rss: 225Mb L: 13/77 MS: 1 EraseBytes-
#86756	REDUCE cov: 532 ft: 1788 corp: 356/10037b lim: 77 exec/s: 17351 rss: 225Mb L: 29/77 MS: 1 EraseBytes-
#86772	REDUCE cov: 533 ft: 1789 corp: 357/10058b lim: 77 exec/s: 17354 rss: 225Mb L: 21/77 MS: 1 CopyPart-
#86939	REDUCE cov: 533 ft: 1789 corp: 357/10057b lim: 77 exec/s: 17387 rss: 225Mb L: 22/77 MS: 2 ChangeByte-EraseBytes-
#86973	REDUCE cov: 533 ft: 1791 corp: 358/10110b lim: 77 exec/s: 17394 rss: 225Mb L: 53/77 MS: 4 ChangeByte-CrossOver-CopyPart-EraseBytes-
#87017	REDUCE cov: 533 ft: 1791 corp: 358/10108b lim: 77 exec/s: 17403 rss: 225Mb L: 21/77 MS: 4 CMP-ChangeBit-EraseBytes-CopyPart- DE: "\001\000\000\000\000\000\000\000"-
#87086	REDUCE cov: 533 ft: 1791 corp: 358/10102b lim: 77 exec/s: 17417 rss: 226Mb L: 38/77 MS: 4 ChangeASCIIInt-ChangeBinInt-ShuffleBytes-EraseBytes-
#87229	REDUCE cov: 533 ft: 1791 corp: 358/10100b lim: 77 exec/s: 17445 rss: 226Mb L: 68/77 MS: 3 ChangeBit-ChangeBit-EraseBytes-
#87310	REDUCE cov: 533 ft: 1791 corp: 358/10098b lim: 77 exec/s: 17462 rss: 226Mb L: 30/77 MS: 1 EraseBytes-
#87645	REDUCE cov: 533 ft: 1791 corp: 358/10097b lim: 77 exec/s: 17529 rss: 227Mb L: 3/77 MS: 5 ChangeBit-InsertByte-ChangeASCIIInt-ShuffleBytes-EraseBytes-
#87801	REDUCE cov: 533 ft: 1791 corp: 358/10096b lim: 77 exec/s: 17560 rss: 227Mb L: 19/77 MS: 1 EraseBytes-
#87887	REDUCE cov: 533 ft: 1791 corp: 358/10092b lim: 77 exec/s: 17577 rss: 227Mb L: 14/77 MS: 1 EraseBytes-
#88101	REDUCE cov: 533 ft: 1792 corp: 359/10135b lim: 77 exec/s: 17620 rss: 228Mb L: 43/77 MS: 4 ChangeBinInt-CrossOver-CMP-CrossOver- DE: "\016\000\000\000\000\000\000\000"-
#88803	NEW    cov: 536 ft: 1806 corp: 360/10213b lim: 83 exec/s: 17760 rss: 229Mb L: 78/78 MS: 2 CrossOver-CopyPart-
#88824	REDUCE cov: 536 ft: 1806 corp: 360/10211b lim: 83 exec/s: 17764 rss: 229Mb L: 6/78 MS: 1 EraseBytes-
#88988	REDUCE cov: 536 ft: 1806 corp: 360/10202b lim: 83 exec/s: 17797 rss: 230Mb L: 23/78 MS: 4 InsertByte-PersAutoDict-PersAutoDict-EraseBytes- DE: "\204\000\000\000"-"\001\032"-
#89084	REDUCE cov: 536 ft: 1806 corp: 360/10201b lim: 83 exec/s: 17816 rss: 230Mb L: 43/78 MS: 1 EraseBytes-
#89090	NEW    cov: 536 ft: 1807 corp: 361/10279b lim: 83 exec/s: 17818 rss: 230Mb L: 78/78 MS: 1 CMP- DE: "\001\000\000'"-
#89136	NEW    cov: 536 ft: 1811 corp: 362/10357b lim: 83 exec/s: 17827 rss: 230Mb L: 78/78 MS: 1 CrossOver-
#89373	REDUCE cov: 536 ft: 1811 corp: 362/10356b lim: 83 exec/s: 17874 rss: 231Mb L: 5/78 MS: 2 ChangeBit-EraseBytes-
#89398	REDUCE cov: 536 ft: 1811 corp: 362/10355b lim: 83 exec/s: 17879 rss: 231Mb L: 34/78 MS: 5 ShuffleBytes-EraseBytes-CopyPart-CopyPart-EraseBytes-
#89454	REDUCE cov: 536 ft: 1811 corp: 362/10335b lim: 83 exec/s: 17890 rss: 231Mb L: 55/78 MS: 1 EraseBytes-
#89615	REDUCE cov: 536 ft: 1811 corp: 362/10334b lim: 83 exec/s: 17923 rss: 231Mb L: 6/78 MS: 1 EraseBytes-
#89641	REDUCE cov: 536 ft: 1811 corp: 362/10331b lim: 83 exec/s: 17928 rss: 231Mb L: 23/78 MS: 1 EraseBytes-
#89670	REDUCE cov: 536 ft: 1813 corp: 363/10409b lim: 83 exec/s: 17934 rss: 231Mb L: 78/78 MS: 4 InsertByte-ChangeByte-CopyPart-CopyPart-
#89802	REDUCE cov: 536 ft: 1813 corp: 363/10401b lim: 83 exec/s: 17960 rss: 232Mb L: 13/78 MS: 2 ChangeBit-EraseBytes-
#89906	NEW    cov: 537 ft: 1814 corp: 364/10425b lim: 83 exec/s: 17981 rss: 232Mb L: 24/78 MS: 4 CopyPart-CopyPart-CMP-ChangeBinInt- DE: "\010\000\000\000"-
#89947	REDUCE cov: 537 ft: 1820 corp: 365/10496b lim: 83 exec/s: 17989 rss: 232Mb L: 71/78 MS: 1 CopyPart-
#90090	REDUCE cov: 537 ft: 1820 corp: 365/10492b lim: 83 exec/s: 18018 rss: 232Mb L: 42/78 MS: 3 ShuffleBytes-CrossOver-EraseBytes-
#90156	NEW    cov: 537 ft: 1821 corp: 366/10570b lim: 83 exec/s: 18031 rss: 232Mb L: 78/78 MS: 1 ChangeBinInt-
#90469	REDUCE cov: 537 ft: 1821 corp: 366/10568b lim: 83 exec/s: 18093 rss: 233Mb L: 20/78 MS: 3 InsertRepeatedBytes-ChangeBit-EraseBytes-
#90655	REDUCE cov: 537 ft: 1823 corp: 367/10641b lim: 83 exec/s: 18131 rss: 233Mb L: 73/78 MS: 1 CopyPart-
#90726	REDUCE cov: 537 ft: 1823 corp: 367/10638b lim: 83 exec/s: 18145 rss: 234Mb L: 41/78 MS: 1 EraseBytes-
#90827	REDUCE cov: 537 ft: 1823 corp: 367/10603b lim: 83 exec/s: 18165 rss: 234Mb L: 42/78 MS: 1 EraseBytes-
#90948	REDUCE cov: 537 ft: 1823 corp: 367/10597b lim: 83 exec/s: 18189 rss: 234Mb L: 18/78 MS: 1 EraseBytes-
#91125	NEW    cov: 537 ft: 1824 corp: 368/10648b lim: 83 exec/s: 18225 rss: 235Mb L: 51/78 MS: 2 PersAutoDict-CopyPart- DE: "\016\000\000\000\000\000\000\000"-
#91172	NEW    cov: 538 ft: 1825 corp: 369/10673b lim: 83 exec/s: 18234 rss: 235Mb L: 25/78 MS: 2 PersAutoDict-CrossOver- DE: "\031\000"-
#91192	REDUCE cov: 538 ft: 1825 corp: 369/10671b lim: 83 exec/s: 18238 rss: 235Mb L: 18/78 MS: 5 ChangeBinInt-CopyPart-PersAutoDict-ChangeByte-EraseBytes- DE: "\323\377\377\377"-
#91528	REDUCE cov: 538 ft: 1825 corp: 369/10655b lim: 83 exec/s: 18305 rss: 236Mb L: 52/78 MS: 1 EraseBytes-
#91556	REDUCE cov: 538 ft: 1825 corp: 369/10649b lim: 83 exec/s: 18311 rss: 236Mb L: 13/78 MS: 3 PersAutoDict-EraseBytes-CopyPart- DE: "\000\000\000\000\000\000\000\010"-
#91798	NEW    cov: 538 ft: 1828 corp: 370/10727b lim: 83 exec/s: 18359 rss: 236Mb L: 78/78 MS: 2 CopyPart-CopyPart-
#91809	REDUCE cov: 538 ft: 1828 corp: 370/10723b lim: 83 exec/s: 18361 rss: 236Mb L: 21/78 MS: 1 EraseBytes-
#92137	REDUCE cov: 538 ft: 1828 corp: 370/10722b lim: 83 exec/s: 18427 rss: 237Mb L: 8/78 MS: 3 ShuffleBytes-EraseBytes-CopyPart-
#92300	NEW    cov: 538 ft: 1829 corp: 371/10800b lim: 83 exec/s: 18460 rss: 237Mb L: 78/78 MS: 3 CrossOver-ShuffleBytes-ChangeBinInt-
#92315	REDUCE cov: 538 ft: 1829 corp: 371/10799b lim: 83 exec/s: 18463 rss: 237Mb L: 77/78 MS: 5 PersAutoDict-ChangeBit-ShuffleBytes-CrossOver-CopyPart- DE: "\323\377\377\377"-
#92317	REDUCE cov: 538 ft: 1829 corp: 371/10798b lim: 83 exec/s: 18463 rss: 237Mb L: 64/78 MS: 2 PersAutoDict-EraseBytes- DE: "\000\000\000\000\000\000\000\010"-
#92504	REDUCE cov: 538 ft: 1829 corp: 371/10796b lim: 83 exec/s: 18500 rss: 238Mb L: 22/78 MS: 2 InsertByte-EraseBytes-
#92505	REDUCE cov: 538 ft: 1829 corp: 371/10793b lim: 83 exec/s: 18501 rss: 238Mb L: 28/78 MS: 1 EraseBytes-
#92756	REDUCE cov: 538 ft: 1829 corp: 371/10792b lim: 83 exec/s: 18551 rss: 238Mb L: 62/78 MS: 1 EraseBytes-
#92852	REDUCE cov: 538 ft: 1829 corp: 371/10785b lim: 83 exec/s: 18570 rss: 239Mb L: 31/78 MS: 1 EraseBytes-
#93399	REDUCE cov: 538 ft: 1829 corp: 371/10784b lim: 83 exec/s: 18679 rss: 240Mb L: 26/78 MS: 2 InsertByte-EraseBytes-
#93438	REDUCE cov: 538 ft: 1829 corp: 371/10778b lim: 83 exec/s: 18687 rss: 240Mb L: 17/78 MS: 4 ChangeByte-CrossOver-EraseBytes-EraseBytes-
#93486	REDUCE cov: 538 ft: 1829 corp: 371/10773b lim: 83 exec/s: 18697 rss: 240Mb L: 19/78 MS: 3 CopyPart-PersAutoDict-CrossOver- DE: "\001\000\000\000\000\000\000\001"-
#93502	REDUCE cov: 538 ft: 1830 corp: 372/10851b lim: 83 exec/s: 18700 rss: 240Mb L: 78/78 MS: 1 CopyPart-
#93679	REDUCE cov: 538 ft: 1830 corp: 372/10847b lim: 83 exec/s: 18735 rss: 241Mb L: 26/78 MS: 2 ChangeBinInt-EraseBytes-
#93790	REDUCE cov: 538 ft: 1830 corp: 372/10846b lim: 83 exec/s: 18758 rss: 241Mb L: 29/78 MS: 1 EraseBytes-
#93822	REDUCE cov: 538 ft: 1830 corp: 372/10843b lim: 83 exec/s: 18764 rss: 241Mb L: 14/78 MS: 2 CopyPart-EraseBytes-
#93911	REDUCE cov: 538 ft: 1830 corp: 372/10842b lim: 83 exec/s: 18782 rss: 241Mb L: 14/78 MS: 4 EraseBytes-InsertByte-ShuffleBytes-CopyPart-
#94222	REDUCE cov: 538 ft: 1830 corp: 372/10841b lim: 83 exec/s: 18844 rss: 242Mb L: 9/78 MS: 1 EraseBytes-
#94239	REDUCE cov: 538 ft: 1830 corp: 372/10840b lim: 83 exec/s: 18847 rss: 242Mb L: 76/78 MS: 2 ChangeByte-EraseBytes-
#94295	REDUCE cov: 538 ft: 1830 corp: 372/10835b lim: 83 exec/s: 18859 rss: 242Mb L: 9/78 MS: 1 EraseBytes-
#94776	REDUCE cov: 538 ft: 1830 corp: 372/10821b lim: 83 exec/s: 18955 rss: 243Mb L: 44/78 MS: 1 EraseBytes-
#94912	REDUCE cov: 538 ft: 1830 corp: 372/10820b lim: 83 exec/s: 18982 rss: 243Mb L: 8/78 MS: 1 EraseBytes-
#95023	REDUCE cov: 538 ft: 1830 corp: 372/10805b lim: 83 exec/s: 19004 rss: 244Mb L: 32/78 MS: 1 EraseBytes-
#95074	REDUCE cov: 538 ft: 1830 corp: 372/10802b lim: 83 exec/s: 19014 rss: 244Mb L: 40/78 MS: 1 EraseBytes-
#95095	REDUCE cov: 538 ft: 1830 corp: 372/10798b lim: 83 exec/s: 19019 rss: 244Mb L: 11/78 MS: 1 EraseBytes-
#95152	REDUCE cov: 542 ft: 1834 corp: 373/10817b lim: 83 exec/s: 19030 rss: 244Mb L: 19/78 MS: 2 InsertByte-ChangeBinInt-
#95349	NEW    cov: 542 ft: 1835 corp: 374/10897b lim: 83 exec/s: 19069 rss: 245Mb L: 80/80 MS: 2 CopyPart-CopyPart-
#95569	REDUCE cov: 542 ft: 1835 corp: 374/10894b lim: 83 exec/s: 19113 rss: 245Mb L: 59/80 MS: 5 InsertByte-ChangeBinInt-CMP-ChangeByte-EraseBytes- DE: "\001h"-
#95855	REDUCE cov: 542 ft: 1835 corp: 374/10886b lim: 83 exec/s: 19171 rss: 246Mb L: 32/80 MS: 1 EraseBytes-
#96161	REDUCE cov: 542 ft: 1835 corp: 374/10885b lim: 83 exec/s: 19232 rss: 246Mb L: 18/80 MS: 1 EraseBytes-
#96308	REDUCE cov: 542 ft: 1835 corp: 374/10878b lim: 83 exec/s: 19261 rss: 247Mb L: 45/80 MS: 2 CopyPart-EraseBytes-
#96454	REDUCE cov: 542 ft: 1835 corp: 374/10877b lim: 83 exec/s: 19290 rss: 247Mb L: 7/80 MS: 1 EraseBytes-
#96722	NEW    cov: 544 ft: 1839 corp: 375/10923b lim: 83 exec/s: 19344 rss: 248Mb L: 46/80 MS: 3 ChangeBit-CMP-CopyPart- DE: "\000\000\000\000\000\000\000\010"-
#96853	REDUCE cov: 544 ft: 1839 corp: 375/10914b lim: 83 exec/s: 19370 rss: 248Mb L: 9/80 MS: 1 EraseBytes-
#97024	REDUCE cov: 544 ft: 1839 corp: 375/10910b lim: 83 exec/s: 19404 rss: 248Mb L: 51/80 MS: 1 EraseBytes-
#97090	REDUCE cov: 544 ft: 1839 corp: 375/10908b lim: 83 exec/s: 19418 rss: 249Mb L: 28/80 MS: 1 EraseBytes-
#97102	REDUCE cov: 544 ft: 1839 corp: 375/10906b lim: 83 exec/s: 19420 rss: 249Mb L: 44/80 MS: 2 CMP-CrossOver- DE: "\377\377\377\015"-
#97318	REDUCE cov: 544 ft: 1839 corp: 375/10892b lim: 83 exec/s: 19463 rss: 249Mb L: 28/80 MS: 1 EraseBytes-
#97377	REDUCE cov: 544 ft: 1839 corp: 375/10880b lim: 83 exec/s: 19475 rss: 249Mb L: 43/80 MS: 4 ShuffleBytes-CopyPart-InsertRepeatedBytes-EraseBytes-
#97439	REDUCE cov: 544 ft: 1839 corp: 375/10879b lim: 83 exec/s: 19487 rss: 249Mb L: 21/80 MS: 2 ChangeBinInt-EraseBytes-
#97526	REDUCE cov: 544 ft: 1839 corp: 375/10875b lim: 83 exec/s: 19505 rss: 249Mb L: 14/80 MS: 2 CMP-EraseBytes- DE: "\201\000\000\000"-
#97697	REDUCE cov: 544 ft: 1839 corp: 375/10874b lim: 83 exec/s: 19539 rss: 250Mb L: 15/80 MS: 1 EraseBytes-
#98487	REDUCE cov: 544 ft: 1843 corp: 376/10963b lim: 89 exec/s: 19697 rss: 252Mb L: 89/89 MS: 5 InsertRepeatedBytes-ShuffleBytes-PersAutoDict-PersAutoDict-CopyPart- DE: "\000\000\000\000\000\000\000\010"-"\010\000\000\000"-
#98610	REDUCE cov: 544 ft: 1843 corp: 376/10962b lim: 89 exec/s: 19722 rss: 252Mb L: 18/89 MS: 3 ShuffleBytes-ChangeBit-EraseBytes-
#98647	REDUCE cov: 544 ft: 1843 corp: 376/10961b lim: 89 exec/s: 19729 rss: 252Mb L: 44/89 MS: 2 CrossOver-CopyPart-
#98653	REDUCE cov: 544 ft: 1843 corp: 376/10960b lim: 89 exec/s: 19730 rss: 252Mb L: 76/89 MS: 1 EraseBytes-
#98750	REDUCE cov: 544 ft: 1843 corp: 376/10959b lim: 89 exec/s: 19750 rss: 252Mb L: 32/89 MS: 2 CopyPart-EraseBytes-
#98811	REDUCE cov: 544 ft: 1843 corp: 376/10957b lim: 89 exec/s: 19762 rss: 252Mb L: 12/89 MS: 1 EraseBytes-
#98905	REDUCE cov: 544 ft: 1844 corp: 377/11019b lim: 89 exec/s: 19781 rss: 253Mb L: 62/89 MS: 4 ChangeBinInt-ChangeBit-InsertByte-CopyPart-
#99305	REDUCE cov: 544 ft: 1844 corp: 377/11017b lim: 89 exec/s: 19861 rss: 253Mb L: 26/89 MS: 5 ChangeByte-EraseBytes-ChangeBit-CMP-ChangeByte- DE: "\000\000\000\000\000\000\000\000"-
#99491	REDUCE cov: 544 ft: 1844 corp: 377/11016b lim: 89 exec/s: 19898 rss: 254Mb L: 8/89 MS: 1 EraseBytes-
#99679	REDUCE cov: 544 ft: 1844 corp: 377/11015b lim: 89 exec/s: 19935 rss: 254Mb L: 5/89 MS: 3 ShuffleBytes-CopyPart-EraseBytes-
#100180	REDUCE cov: 544 ft: 1844 corp: 377/11011b lim: 89 exec/s: 20036 rss: 255Mb L: 55/89 MS: 1 EraseBytes-
#100481	REDUCE cov: 544 ft: 1844 corp: 377/11008b lim: 89 exec/s: 20096 rss: 256Mb L: 27/89 MS: 1 EraseBytes-
#100633	REDUCE cov: 544 ft: 1844 corp: 377/11007b lim: 89 exec/s: 20126 rss: 256Mb L: 5/89 MS: 2 ChangeBit-EraseBytes-
#100919	REDUCE cov: 544 ft: 1844 corp: 377/11005b lim: 89 exec/s: 20183 rss: 257Mb L: 19/89 MS: 1 EraseBytes-
#101010	REDUCE cov: 544 ft: 1844 corp: 377/11004b lim: 89 exec/s: 20202 rss: 257Mb L: 10/89 MS: 1 EraseBytes-
#101047	NEW    cov: 544 ft: 1846 corp: 378/11082b lim: 89 exec/s: 20209 rss: 257Mb L: 78/89 MS: 2 CMP-EraseBytes- DE: "\012\000\000\000\000\000\000\000"-
#101099	REDUCE cov: 544 ft: 1846 corp: 378/11080b lim: 89 exec/s: 20219 rss: 258Mb L: 26/89 MS: 2 ChangeBinInt-EraseBytes-
#101147	REDUCE cov: 544 ft: 1848 corp: 379/11162b lim: 89 exec/s: 20229 rss: 258Mb L: 82/89 MS: 3 InsertByte-InsertRepeatedBytes-ShuffleBytes-
#101201	REDUCE cov: 544 ft: 1849 corp: 380/11242b lim: 89 exec/s: 20240 rss: 258Mb L: 80/89 MS: 4 InsertRepeatedBytes-ChangeBinInt-InsertByte-CopyPart-
#101712	REDUCE cov: 544 ft: 1849 corp: 380/11241b lim: 89 exec/s: 20342 rss: 259Mb L: 8/89 MS: 1 EraseBytes-
#101955	REDUCE cov: 544 ft: 1849 corp: 380/11238b lim: 89 exec/s: 20391 rss: 260Mb L: 3/89 MS: 3 ChangeBinInt-ChangeBinInt-EraseBytes-
#102310	REDUCE cov: 544 ft: 1851 corp: 381/11310b lim: 89 exec/s: 20462 rss: 260Mb L: 72/89 MS: 5 ChangeByte-ChangeByte-CopyPart-ShuffleBytes-CopyPart-
#102382	REDUCE cov: 545 ft: 1852 corp: 382/11342b lim: 89 exec/s: 20476 rss: 261Mb L: 32/89 MS: 2 ShuffleBytes-ShuffleBytes-
#102493	REDUCE cov: 545 ft: 1852 corp: 382/11335b lim: 89 exec/s: 17082 rss: 261Mb L: 14/89 MS: 1 EraseBytes-
#102744	REDUCE cov: 545 ft: 1852 corp: 382/11331b lim: 89 exec/s: 17124 rss: 261Mb L: 35/89 MS: 1 EraseBytes-
#102960	REDUCE cov: 545 ft: 1852 corp: 382/11329b lim: 89 exec/s: 17160 rss: 262Mb L: 23/89 MS: 1 EraseBytes-
#102988	NEW    cov: 545 ft: 1854 corp: 383/11411b lim: 89 exec/s: 17164 rss: 262Mb L: 82/89 MS: 3 CrossOver-InsertByte-CopyPart-
#103009	REDUCE cov: 545 ft: 1854 corp: 383/11407b lim: 89 exec/s: 17168 rss: 262Mb L: 29/89 MS: 1 EraseBytes-
#103110	REDUCE cov: 545 ft: 1854 corp: 383/11403b lim: 89 exec/s: 17185 rss: 262Mb L: 5/89 MS: 1 EraseBytes-
#103193	REDUCE cov: 545 ft: 1854 corp: 383/11398b lim: 89 exec/s: 17198 rss: 264Mb L: 26/89 MS: 3 ChangeByte-ChangeBit-EraseBytes-
#103299	REDUCE cov: 545 ft: 1854 corp: 383/11394b lim: 89 exec/s: 17216 rss: 264Mb L: 31/89 MS: 1 EraseBytes-
#103453	REDUCE cov: 545 ft: 1854 corp: 383/11389b lim: 89 exec/s: 17242 rss: 265Mb L: 40/89 MS: 4 InsertByte-ShuffleBytes-ChangeBinInt-EraseBytes-
#103555	REDUCE cov: 545 ft: 1854 corp: 383/11377b lim: 89 exec/s: 17259 rss: 265Mb L: 32/89 MS: 2 ChangeByte-EraseBytes-
#103933	REDUCE cov: 545 ft: 1854 corp: 383/11364b lim: 89 exec/s: 17322 rss: 266Mb L: 30/89 MS: 3 CrossOver-ChangeBit-EraseBytes-
#103961	REDUCE cov: 545 ft: 1854 corp: 383/11361b lim: 89 exec/s: 17326 rss: 266Mb L: 16/89 MS: 3 CrossOver-EraseBytes-ChangeBit-
#104127	REDUCE cov: 545 ft: 1854 corp: 383/11360b lim: 89 exec/s: 17354 rss: 266Mb L: 15/89 MS: 1 EraseBytes-
#104348	REDUCE cov: 545 ft: 1854 corp: 383/11354b lim: 89 exec/s: 17391 rss: 267Mb L: 58/89 MS: 1 EraseBytes-
#104445	REDUCE cov: 545 ft: 1854 corp: 383/11353b lim: 89 exec/s: 17407 rss: 267Mb L: 35/89 MS: 2 ShuffleBytes-EraseBytes-
#104671	REDUCE cov: 545 ft: 1854 corp: 383/11345b lim: 89 exec/s: 17445 rss: 267Mb L: 81/82 MS: 1 EraseBytes-
#104764	REDUCE cov: 545 ft: 1854 corp: 383/11343b lim: 89 exec/s: 17460 rss: 268Mb L: 47/82 MS: 3 InsertByte-InsertByte-EraseBytes-
#104851	REDUCE cov: 545 ft: 1859 corp: 384/11416b lim: 89 exec/s: 17475 rss: 268Mb L: 73/82 MS: 2 CopyPart-CopyPart-
#105208	REDUCE cov: 545 ft: 1859 corp: 384/11415b lim: 89 exec/s: 17534 rss: 269Mb L: 36/82 MS: 2 ChangeBit-EraseBytes-
#105289	REDUCE cov: 545 ft: 1859 corp: 384/11413b lim: 89 exec/s: 17548 rss: 269Mb L: 27/82 MS: 1 EraseBytes-
#105290	REDUCE cov: 545 ft: 1859 corp: 384/11412b lim: 89 exec/s: 17548 rss: 269Mb L: 11/82 MS: 1 EraseBytes-
#105431	REDUCE cov: 545 ft: 1859 corp: 384/11411b lim: 89 exec/s: 17571 rss: 269Mb L: 41/82 MS: 1 EraseBytes-
#105537	REDUCE cov: 545 ft: 1859 corp: 384/11410b lim: 89 exec/s: 17589 rss: 269Mb L: 9/82 MS: 1 EraseBytes-
#105599	REDUCE cov: 545 ft: 1859 corp: 384/11409b lim: 89 exec/s: 17599 rss: 270Mb L: 52/82 MS: 2 CopyPart-EraseBytes-
#106094	REDUCE cov: 545 ft: 1859 corp: 384/11401b lim: 89 exec/s: 17682 rss: 271Mb L: 35/82 MS: 5 ChangeBinInt-ChangeBinInt-InsertByte-ChangeByte-EraseBytes-
#106375	NEW    cov: 545 ft: 1863 corp: 385/11484b lim: 89 exec/s: 17729 rss: 271Mb L: 83/83 MS: 1 InsertRepeatedBytes-
#106679	NEW    cov: 545 ft: 1864 corp: 386/11532b lim: 89 exec/s: 17779 rss: 272Mb L: 48/83 MS: 4 ShuffleBytes-ChangeByte-InsertByte-CopyPart-
#106740	REDUCE cov: 545 ft: 1864 corp: 386/11527b lim: 89 exec/s: 17790 rss: 272Mb L: 30/83 MS: 1 EraseBytes-
#106868	REDUCE cov: 545 ft: 1864 corp: 386/11523b lim: 89 exec/s: 17811 rss: 272Mb L: 24/83 MS: 3 CopyPart-EraseBytes-ChangeBinInt-
#106965	REDUCE cov: 545 ft: 1864 corp: 386/11521b lim: 89 exec/s: 17827 rss: 273Mb L: 42/83 MS: 2 CopyPart-EraseBytes-
#107151	REDUCE cov: 545 ft: 1864 corp: 386/11512b lim: 89 exec/s: 17858 rss: 273Mb L: 64/83 MS: 1 EraseBytes-
#107179	REDUCE cov: 545 ft: 1865 corp: 387/11594b lim: 89 exec/s: 17863 rss: 273Mb L: 82/83 MS: 3 ChangeBinInt-CrossOver-CrossOver-
#107197	REDUCE cov: 545 ft: 1865 corp: 387/11590b lim: 89 exec/s: 17866 rss: 273Mb L: 78/83 MS: 3 InsertByte-InsertRepeatedBytes-EraseBytes-
#107314	REDUCE cov: 545 ft: 1865 corp: 387/11589b lim: 89 exec/s: 17885 rss: 273Mb L: 27/83 MS: 2 ChangeBinInt-EraseBytes-
#107401	REDUCE cov: 545 ft: 1865 corp: 387/11587b lim: 89 exec/s: 17900 rss: 274Mb L: 22/83 MS: 2 ShuffleBytes-EraseBytes-
#107472	REDUCE cov: 546 ft: 1866 corp: 388/11595b lim: 89 exec/s: 17912 rss: 274Mb L: 8/83 MS: 1 ChangeByte-
#107579	REDUCE cov: 546 ft: 1866 corp: 388/11591b lim: 89 exec/s: 17929 rss: 274Mb L: 8/83 MS: 2 InsertByte-EraseBytes-
#107710	REDUCE cov: 547 ft: 1867 corp: 389/11596b lim: 89 exec/s: 17951 rss: 274Mb L: 5/83 MS: 1 EraseBytes-
#107716	REDUCE cov: 547 ft: 1867 corp: 389/11592b lim: 89 exec/s: 17952 rss: 275Mb L: 74/83 MS: 1 EraseBytes-
#107907	REDUCE cov: 547 ft: 1867 corp: 389/11591b lim: 89 exec/s: 17984 rss: 275Mb L: 59/83 MS: 1 EraseBytes-
#107913	REDUCE cov: 547 ft: 1867 corp: 389/11587b lim: 89 exec/s: 17985 rss: 275Mb L: 24/83 MS: 1 EraseBytes-
#107980	REDUCE cov: 547 ft: 1869 corp: 390/11660b lim: 89 exec/s: 17996 rss: 275Mb L: 73/83 MS: 2 ChangeByte-CopyPart-
#108056	REDUCE cov: 547 ft: 1869 corp: 390/11659b lim: 89 exec/s: 18009 rss: 275Mb L: 38/83 MS: 1 EraseBytes-
#108173	REDUCE cov: 547 ft: 1869 corp: 390/11657b lim: 89 exec/s: 18028 rss: 276Mb L: 3/83 MS: 2 CopyPart-EraseBytes-
#108299	REDUCE cov: 547 ft: 1869 corp: 390/11656b lim: 89 exec/s: 18049 rss: 276Mb L: 2/83 MS: 1 EraseBytes-
#108411	REDUCE cov: 547 ft: 1869 corp: 390/11653b lim: 89 exec/s: 18068 rss: 276Mb L: 40/83 MS: 2 EraseBytes-CopyPart-
#108767	REDUCE cov: 547 ft: 1869 corp: 390/11652b lim: 89 exec/s: 18127 rss: 277Mb L: 75/83 MS: 1 EraseBytes-
#108824	REDUCE cov: 547 ft: 1873 corp: 391/11736b lim: 89 exec/s: 18137 rss: 277Mb L: 84/84 MS: 2 InsertByte-CopyPart-
#108835	REDUCE cov: 547 ft: 1873 corp: 391/11735b lim: 89 exec/s: 18139 rss: 277Mb L: 8/84 MS: 1 EraseBytes-
#108851	NEW    cov: 547 ft: 1877 corp: 392/11819b lim: 89 exec/s: 18141 rss: 277Mb L: 84/84 MS: 1 ChangeBinInt-
#108853	REDUCE cov: 547 ft: 1877 corp: 392/11814b lim: 89 exec/s: 18142 rss: 277Mb L: 6/84 MS: 2 ChangeByte-EraseBytes-
#109246	REDUCE cov: 547 ft: 1877 corp: 392/11809b lim: 89 exec/s: 18207 rss: 278Mb L: 33/84 MS: 3 CopyPart-ChangeBinInt-CrossOver-
#109672	REDUCE cov: 547 ft: 1877 corp: 392/11808b lim: 89 exec/s: 18278 rss: 279Mb L: 26/84 MS: 1 EraseBytes-
#110014	REDUCE cov: 547 ft: 1877 corp: 392/11807b lim: 89 exec/s: 18335 rss: 280Mb L: 5/84 MS: 2 CMP-EraseBytes- DE: "\001\000\000\016"-
#110175	REDUCE cov: 547 ft: 1877 corp: 392/11806b lim: 89 exec/s: 18362 rss: 280Mb L: 7/84 MS: 1 EraseBytes-
#110297	REDUCE cov: 547 ft: 1878 corp: 393/11885b lim: 89 exec/s: 18382 rss: 280Mb L: 79/84 MS: 2 CopyPart-CopyPart-
#110493	REDUCE cov: 547 ft: 1878 corp: 393/11882b lim: 89 exec/s: 18415 rss: 281Mb L: 8/84 MS: 1 EraseBytes-
#110846	REDUCE cov: 547 ft: 1878 corp: 393/11881b lim: 89 exec/s: 18474 rss: 282Mb L: 41/84 MS: 3 CMP-EraseBytes-CopyPart- DE: "\377\377\377\377\377\377\377\377"-
#111037	REDUCE cov: 547 ft: 1878 corp: 393/11879b lim: 89 exec/s: 18506 rss: 282Mb L: 77/84 MS: 1 EraseBytes-
#111233	REDUCE cov: 547 ft: 1878 corp: 393/11877b lim: 89 exec/s: 18538 rss: 283Mb L: 18/84 MS: 1 EraseBytes-
#111594	REDUCE cov: 547 ft: 1878 corp: 393/11875b lim: 89 exec/s: 18599 rss: 283Mb L: 17/84 MS: 1 EraseBytes-
#111650	REDUCE cov: 547 ft: 1878 corp: 393/11874b lim: 89 exec/s: 18608 rss: 284Mb L: 38/84 MS: 1 EraseBytes-
#111955	NEW    cov: 547 ft: 1880 corp: 394/11961b lim: 89 exec/s: 18659 rss: 284Mb L: 87/87 MS: 5 ChangeBinInt-InsertByte-CrossOver-ChangeBit-CopyPart-
#112383	REDUCE cov: 547 ft: 1880 corp: 394/11959b lim: 89 exec/s: 18730 rss: 285Mb L: 9/87 MS: 3 ChangeByte-CrossOver-EraseBytes-
#112690	REDUCE cov: 547 ft: 1880 corp: 394/11950b lim: 89 exec/s: 18781 rss: 286Mb L: 69/87 MS: 2 InsertByte-EraseBytes-
#112751	REDUCE cov: 547 ft: 1880 corp: 394/11946b lim: 89 exec/s: 18791 rss: 286Mb L: 7/87 MS: 1 EraseBytes-
#112777	NEW    cov: 547 ft: 1881 corp: 395/12025b lim: 89 exec/s: 18796 rss: 286Mb L: 79/87 MS: 1 CopyPart-
#113508	REDUCE cov: 547 ft: 1881 corp: 395/12023b lim: 95 exec/s: 18918 rss: 288Mb L: 11/87 MS: 1 EraseBytes-
#113737	NEW    cov: 547 ft: 1882 corp: 396/12118b lim: 95 exec/s: 18956 rss: 288Mb L: 95/95 MS: 4 ShuffleBytes-CMP-InsertRepeatedBytes-CopyPart- DE: "\000\000\000\001"-
#113773	REDUCE cov: 547 ft: 1882 corp: 396/12115b lim: 95 exec/s: 18962 rss: 289Mb L: 5/95 MS: 1 EraseBytes-
#113834	REDUCE cov: 547 ft: 1882 corp: 396/12112b lim: 95 exec/s: 18972 rss: 289Mb L: 18/95 MS: 1 EraseBytes-
#113837	REDUCE cov: 547 ft: 1882 corp: 396/12089b lim: 95 exec/s: 18972 rss: 289Mb L: 27/95 MS: 3 PersAutoDict-ChangeByte-EraseBytes- DE: "\001\205"-
#113918	REDUCE cov: 547 ft: 1882 corp: 396/12080b lim: 95 exec/s: 18986 rss: 289Mb L: 39/95 MS: 1 EraseBytes-
#114084	REDUCE cov: 547 ft: 1882 corp: 396/12071b lim: 95 exec/s: 19014 rss: 289Mb L: 72/95 MS: 1 EraseBytes-
#114259	REDUCE cov: 547 ft: 1916 corp: 397/12162b lim: 95 exec/s: 19043 rss: 290Mb L: 91/95 MS: 5 ChangeBit-ShuffleBytes-ShuffleBytes-ChangeByte-InsertRepeatedBytes-
#114270	REDUCE cov: 547 ft: 1916 corp: 397/12160b lim: 95 exec/s: 19045 rss: 290Mb L: 60/95 MS: 1 EraseBytes-
#114336	NEW    cov: 547 ft: 1918 corp: 398/12247b lim: 95 exec/s: 19056 rss: 290Mb L: 87/95 MS: 1 CMP- DE: "\001\000\000\000\000\000\000\006"-
#114549	REDUCE cov: 547 ft: 1918 corp: 398/12246b lim: 95 exec/s: 19091 rss: 290Mb L: 6/95 MS: 3 ShuffleBytes-ShuffleBytes-EraseBytes-
#114600	REDUCE cov: 547 ft: 1918 corp: 398/12244b lim: 95 exec/s: 19100 rss: 291Mb L: 13/95 MS: 1 EraseBytes-
#114691	REDUCE cov: 547 ft: 1918 corp: 398/12242b lim: 95 exec/s: 19115 rss: 291Mb L: 16/95 MS: 1 EraseBytes-
#114772	REDUCE cov: 547 ft: 1918 corp: 398/12238b lim: 95 exec/s: 19128 rss: 291Mb L: 22/95 MS: 1 EraseBytes-
#114789	NEW    cov: 547 ft: 1927 corp: 399/12333b lim: 95 exec/s: 19131 rss: 291Mb L: 95/95 MS: 2 ShuffleBytes-CopyPart-
#114986	REDUCE cov: 547 ft: 1927 corp: 399/12332b lim: 95 exec/s: 19164 rss: 291Mb L: 15/95 MS: 2 ChangeByte-EraseBytes-
#115108	REDUCE cov: 547 ft: 1927 corp: 399/12331b lim: 95 exec/s: 19184 rss: 292Mb L: 17/95 MS: 2 ChangeBit-EraseBytes-
#115303	REDUCE cov: 547 ft: 1927 corp: 399/12326b lim: 95 exec/s: 19217 rss: 292Mb L: 69/95 MS: 5 ShuffleBytes-ChangeByte-ChangeASCIIInt-ShuffleBytes-EraseBytes-
#115499	REDUCE cov: 547 ft: 1927 corp: 399/12325b lim: 95 exec/s: 19249 rss: 293Mb L: 1/95 MS: 1 EraseBytes-
#115555	REDUCE cov: 547 ft: 1927 corp: 399/12321b lim: 95 exec/s: 19259 rss: 293Mb L: 48/95 MS: 1 EraseBytes-
#115774	REDUCE cov: 547 ft: 1927 corp: 399/12320b lim: 95 exec/s: 19295 rss: 293Mb L: 9/95 MS: 4 InsertByte-EraseBytes-ShuffleBytes-ShuffleBytes-
#116105	REDUCE cov: 547 ft: 1927 corp: 399/12319b lim: 95 exec/s: 19350 rss: 294Mb L: 6/95 MS: 1 EraseBytes-
#116147	REDUCE cov: 547 ft: 1927 corp: 399/12313b lim: 95 exec/s: 19357 rss: 294Mb L: 33/95 MS: 2 CopyPart-EraseBytes-
#116168	REDUCE cov: 547 ft: 1927 corp: 399/12312b lim: 95 exec/s: 19361 rss: 294Mb L: 46/95 MS: 1 EraseBytes-
#116183	REDUCE cov: 547 ft: 1927 corp: 399/12305b lim: 95 exec/s: 19363 rss: 294Mb L: 56/95 MS: 5 CopyPart-ChangeByte-EraseBytes-InsertByte-EraseBytes-
#116509	REDUCE cov: 547 ft: 1927 corp: 399/12301b lim: 95 exec/s: 19418 rss: 295Mb L: 27/95 MS: 1 EraseBytes-
#116720	REDUCE cov: 547 ft: 1927 corp: 399/12296b lim: 95 exec/s: 19453 rss: 296Mb L: 49/95 MS: 1 EraseBytes-
#117001	REDUCE cov: 547 ft: 1927 corp: 399/12295b lim: 95 exec/s: 19500 rss: 296Mb L: 8/95 MS: 1 EraseBytes-
#117082	REDUCE cov: 547 ft: 1927 corp: 399/12293b lim: 95 exec/s: 19513 rss: 296Mb L: 16/95 MS: 1 EraseBytes-
#117296	REDUCE cov: 547 ft: 1927 corp: 399/12288b lim: 95 exec/s: 19549 rss: 297Mb L: 39/95 MS: 4 EraseBytes-PersAutoDict-ChangeBit-CopyPart- DE: "\377\377\377\015"-
#118081	REDUCE cov: 547 ft: 1927 corp: 399/12281b lim: 101 exec/s: 19680 rss: 299Mb L: 25/95 MS: 5 ChangeBit-InsertByte-ChangeBit-ChangeBit-EraseBytes-
#118217	REDUCE cov: 547 ft: 1927 corp: 399/12276b lim: 101 exec/s: 19702 rss: 299Mb L: 21/95 MS: 1 EraseBytes-
#118234	REDUCE cov: 547 ft: 1928 corp: 400/12283b lim: 101 exec/s: 19705 rss: 299Mb L: 7/95 MS: 2 ChangeBit-CopyPart-
#118271	REDUCE cov: 547 ft: 1928 corp: 400/12276b lim: 101 exec/s: 19711 rss: 299Mb L: 16/95 MS: 2 ChangeBit-EraseBytes-
#118272	REDUCE cov: 547 ft: 1928 corp: 400/12275b lim: 101 exec/s: 19712 rss: 299Mb L: 46/95 MS: 1 EraseBytes-
#118298	REDUCE cov: 547 ft: 1928 corp: 400/12274b lim: 101 exec/s: 19716 rss: 299Mb L: 5/95 MS: 1 EraseBytes-
#118368	REDUCE cov: 547 ft: 1928 corp: 400/12267b lim: 101 exec/s: 19728 rss: 300Mb L: 13/95 MS: 5 CrossOver-CrossOver-CopyPart-CopyPart-EraseBytes-
#118534	REDUCE cov: 547 ft: 1928 corp: 400/12266b lim: 101 exec/s: 19755 rss: 300Mb L: 3/95 MS: 1 EraseBytes-
#118535	REDUCE cov: 547 ft: 1928 corp: 400/12265b lim: 101 exec/s: 19755 rss: 300Mb L: 19/95 MS: 1 EraseBytes-
#118578	REDUCE cov: 547 ft: 1928 corp: 400/12260b lim: 101 exec/s: 19763 rss: 300Mb L: 28/95 MS: 3 ShuffleBytes-ChangeBit-EraseBytes-
#118639	REDUCE cov: 547 ft: 1928 corp: 400/12259b lim: 101 exec/s: 19773 rss: 300Mb L: 31/95 MS: 1 EraseBytes-
#118835	REDUCE cov: 547 ft: 1928 corp: 400/12258b lim: 101 exec/s: 19805 rss: 301Mb L: 11/95 MS: 1 EraseBytes-
#118906	REDUCE cov: 547 ft: 1928 corp: 400/12256b lim: 101 exec/s: 19817 rss: 301Mb L: 39/95 MS: 1 EraseBytes-
#119132	NEW    cov: 547 ft: 1929 corp: 401/12357b lim: 101 exec/s: 17018 rss: 302Mb L: 101/101 MS: 1 CopyPart-
#119270	REDUCE cov: 547 ft: 1933 corp: 402/12436b lim: 101 exec/s: 17038 rss: 302Mb L: 79/101 MS: 3 CopyPart-CopyPart-CrossOver-
#119374	REDUCE cov: 547 ft: 1935 corp: 403/12532b lim: 101 exec/s: 17053 rss: 302Mb L: 96/101 MS: 4 InsertByte-ChangeBit-ShuffleBytes-CopyPart-
#119547	REDUCE cov: 547 ft: 1938 corp: 404/12623b lim: 101 exec/s: 17078 rss: 303Mb L: 91/101 MS: 3 CopyPart-ChangeBinInt-CopyPart-
#119593	REDUCE cov: 547 ft: 1938 corp: 404/12617b lim: 101 exec/s: 17084 rss: 303Mb L: 66/101 MS: 1 EraseBytes-
#119759	REDUCE cov: 547 ft: 1938 corp: 404/12616b lim: 101 exec/s: 17108 rss: 305Mb L: 16/101 MS: 1 EraseBytes-
#119775	REDUCE cov: 547 ft: 1938 corp: 404/12614b lim: 101 exec/s: 17110 rss: 305Mb L: 12/101 MS: 1 EraseBytes-
#119973	REDUCE cov: 547 ft: 1939 corp: 405/12711b lim: 101 exec/s: 17139 rss: 305Mb L: 97/101 MS: 3 InsertByte-InsertRepeatedBytes-CopyPart-
#120059	REDUCE cov: 547 ft: 1939 corp: 405/12709b lim: 101 exec/s: 17151 rss: 305Mb L: 7/101 MS: 1 EraseBytes-
#120140	REDUCE cov: 547 ft: 1939 corp: 405/12701b lim: 101 exec/s: 17162 rss: 305Mb L: 75/101 MS: 1 EraseBytes-
#120211	REDUCE cov: 547 ft: 1939 corp: 405/12696b lim: 101 exec/s: 17173 rss: 306Mb L: 38/101 MS: 1 EraseBytes-
#120270	REDUCE cov: 547 ft: 1939 corp: 405/12695b lim: 101 exec/s: 17181 rss: 306Mb L: 38/101 MS: 4 ShuffleBytes-ChangeBinInt-ShuffleBytes-EraseBytes-
#120361	REDUCE cov: 547 ft: 1939 corp: 405/12694b lim: 101 exec/s: 17194 rss: 306Mb L: 14/101 MS: 1 EraseBytes-
#120423	REDUCE cov: 547 ft: 1939 corp: 405/12692b lim: 101 exec/s: 17203 rss: 306Mb L: 35/101 MS: 2 ChangeBinInt-EraseBytes-
#120478	NEW    cov: 547 ft: 1940 corp: 406/12793b lim: 101 exec/s: 17211 rss: 306Mb L: 101/101 MS: 5 CopyPart-InsertByte-ChangeBinInt-ChangeByte-CopyPart-
#120560	NEW    cov: 547 ft: 1942 corp: 407/12884b lim: 101 exec/s: 17222 rss: 307Mb L: 91/101 MS: 2 PersAutoDict-CopyPart- DE: "\010\000\000\000"-
#120561	NEW    cov: 547 ft: 1943 corp: 408/12978b lim: 101 exec/s: 17223 rss: 307Mb L: 94/101 MS: 1 CopyPart-
#120583	NEW    cov: 547 ft: 1944 corp: 409/13076b lim: 101 exec/s: 17226 rss: 307Mb L: 98/101 MS: 2 ChangeByte-CopyPart-
#120619	REDUCE cov: 547 ft: 1944 corp: 409/13071b lim: 101 exec/s: 17231 rss: 307Mb L: 93/101 MS: 1 EraseBytes-
#120802	NEW    cov: 547 ft: 1945 corp: 410/13155b lim: 101 exec/s: 17257 rss: 308Mb L: 84/101 MS: 3 CrossOver-CrossOver-CrossOver-
#121156	REDUCE cov: 547 ft: 1945 corp: 410/13154b lim: 101 exec/s: 17308 rss: 308Mb L: 39/101 MS: 4 ShuffleBytes-ChangeByte-CrossOver-EraseBytes-
#121377	REDUCE cov: 547 ft: 1945 corp: 410/13152b lim: 101 exec/s: 17339 rss: 309Mb L: 24/101 MS: 1 EraseBytes-
#121506	REDUCE cov: 547 ft: 1945 corp: 410/13123b lim: 101 exec/s: 17358 rss: 309Mb L: 72/101 MS: 4 ChangeByte-CrossOver-ChangeByte-EraseBytes-
#121807	REDUCE cov: 547 ft: 1945 corp: 410/13113b lim: 101 exec/s: 17401 rss: 310Mb L: 33/101 MS: 1 EraseBytes-
#122443	REDUCE cov: 547 ft: 1945 corp: 410/13112b lim: 107 exec/s: 17491 rss: 312Mb L: 4/101 MS: 1 EraseBytes-
#122644	REDUCE cov: 547 ft: 1945 corp: 410/13105b lim: 107 exec/s: 17520 rss: 312Mb L: 18/101 MS: 1 EraseBytes-
#122935	REDUCE cov: 547 ft: 1945 corp: 410/13104b lim: 107 exec/s: 17562 rss: 313Mb L: 16/101 MS: 1 EraseBytes-
#123088	REDUCE cov: 547 ft: 1945 corp: 410/13103b lim: 107 exec/s: 17584 rss: 313Mb L: 31/101 MS: 3 ChangeBit-ChangeASCIIInt-EraseBytes-
#123444	REDUCE cov: 547 ft: 1945 corp: 410/13097b lim: 107 exec/s: 17634 rss: 314Mb L: 15/101 MS: 1 EraseBytes-
#123995	REDUCE cov: 547 ft: 1945 corp: 410/13095b lim: 107 exec/s: 17713 rss: 315Mb L: 9/101 MS: 1 EraseBytes-
#124240	REDUCE cov: 547 ft: 1945 corp: 410/13094b lim: 107 exec/s: 17748 rss: 316Mb L: 5/101 MS: 5 ChangeBinInt-CrossOver-ChangeBinInt-InsertRepeatedBytes-CrossOver-
#124286	REDUCE cov: 547 ft: 1945 corp: 410/13091b lim: 107 exec/s: 17755 rss: 316Mb L: 7/101 MS: 1 EraseBytes-
#124379	REDUCE cov: 547 ft: 1945 corp: 410/13087b lim: 107 exec/s: 17768 rss: 316Mb L: 12/101 MS: 3 PersAutoDict-ChangeByte-EraseBytes- DE: "\323\377\377\377"-
#124546	REDUCE cov: 547 ft: 1945 corp: 410/13086b lim: 107 exec/s: 17792 rss: 317Mb L: 39/101 MS: 2 ChangeBit-EraseBytes-
#124602	REDUCE cov: 547 ft: 1945 corp: 410/13084b lim: 107 exec/s: 17800 rss: 317Mb L: 17/101 MS: 1 EraseBytes-
#124964	NEW    cov: 547 ft: 1951 corp: 411/13190b lim: 107 exec/s: 17852 rss: 318Mb L: 106/106 MS: 2 InsertRepeatedBytes-CopyPart-
#125080	REDUCE cov: 547 ft: 1951 corp: 411/13186b lim: 107 exec/s: 17868 rss: 318Mb L: 40/106 MS: 1 EraseBytes-
#125133	REDUCE cov: 547 ft: 1951 corp: 411/13180b lim: 107 exec/s: 17876 rss: 318Mb L: 27/106 MS: 3 ShuffleBytes-EraseBytes-PersAutoDict- DE: "\012\000\000\000\000\000\000\000"-
#125315	NEW    cov: 547 ft: 1952 corp: 412/13272b lim: 107 exec/s: 17902 rss: 319Mb L: 92/106 MS: 2 ChangeBit-CopyPart-
#125390	REDUCE cov: 547 ft: 1952 corp: 412/13269b lim: 107 exec/s: 17912 rss: 319Mb L: 57/106 MS: 5 EraseBytes-InsertByte-CMP-CMP-ShuffleBytes- DE: "\000\000\000\000\000\000\000\017"-"\011\000\000\000\000\000\000\000"-
#125469	REDUCE cov: 547 ft: 1952 corp: 412/13266b lim: 107 exec/s: 17924 rss: 319Mb L: 21/106 MS: 4 ChangeByte-InsertByte-ChangeByte-EraseBytes-
#125705	REDUCE cov: 547 ft: 1952 corp: 412/13263b lim: 107 exec/s: 17957 rss: 320Mb L: 17/106 MS: 1 EraseBytes-
#125706	REDUCE cov: 547 ft: 1952 corp: 412/13260b lim: 107 exec/s: 17958 rss: 320Mb L: 11/106 MS: 1 EraseBytes-
#125750	REDUCE cov: 547 ft: 1952 corp: 412/13252b lim: 107 exec/s: 17964 rss: 320Mb L: 27/106 MS: 4 CrossOver-CrossOver-CrossOver-EraseBytes-
#125776	REDUCE cov: 547 ft: 1952 corp: 412/13250b lim: 107 exec/s: 17968 rss: 320Mb L: 6/106 MS: 1 EraseBytes-
#125997	REDUCE cov: 547 ft: 1952 corp: 412/13239b lim: 107 exec/s: 17999 rss: 321Mb L: 82/106 MS: 1 EraseBytes-
#126138	REDUCE cov: 547 ft: 1952 corp: 412/13238b lim: 107 exec/s: 18019 rss: 321Mb L: 18/106 MS: 1 EraseBytes-
#126499	REDUCE cov: 547 ft: 1952 corp: 412/13237b lim: 107 exec/s: 18071 rss: 322Mb L: 17/106 MS: 1 EraseBytes-
#126595	REDUCE cov: 547 ft: 1952 corp: 412/13230b lim: 107 exec/s: 18085 rss: 322Mb L: 52/106 MS: 1 EraseBytes-
#126627	REDUCE cov: 547 ft: 1952 corp: 412/13229b lim: 107 exec/s: 18089 rss: 322Mb L: 2/106 MS: 2 ChangeBinInt-EraseBytes-
#126973	REDUCE cov: 547 ft: 1952 corp: 412/13223b lim: 107 exec/s: 18139 rss: 323Mb L: 10/106 MS: 1 EraseBytes-
#127009	REDUCE cov: 547 ft: 1952 corp: 412/13221b lim: 107 exec/s: 18144 rss: 323Mb L: 16/106 MS: 1 EraseBytes-
#127105	REDUCE cov: 547 ft: 1952 corp: 412/13220b lim: 107 exec/s: 18157 rss: 323Mb L: 16/106 MS: 1 EraseBytes-
#127746	NEW    cov: 556 ft: 1982 corp: 413/13331b lim: 113 exec/s: 18249 rss: 325Mb L: 111/111 MS: 1 CopyPart-
#128074	REDUCE cov: 556 ft: 1983 corp: 414/13361b lim: 113 exec/s: 18296 rss: 326Mb L: 30/111 MS: 3 ChangeBinInt-ChangeBit-CopyPart-
#128086	NEW    cov: 557 ft: 1985 corp: 415/13474b lim: 113 exec/s: 18298 rss: 326Mb L: 113/113 MS: 2 PersAutoDict-CrossOver- DE: "\001h"-
#128217	REDUCE cov: 557 ft: 1985 corp: 415/13473b lim: 113 exec/s: 18316 rss: 326Mb L: 4/113 MS: 1 EraseBytes-
#128248	REDUCE cov: 557 ft: 1987 corp: 416/13581b lim: 113 exec/s: 18321 rss: 326Mb L: 108/113 MS: 1 InsertRepeatedBytes-
#128479	REDUCE cov: 557 ft: 1987 corp: 416/13580b lim: 113 exec/s: 18354 rss: 327Mb L: 10/113 MS: 1 EraseBytes-
#128575	REDUCE cov: 557 ft: 1987 corp: 416/13579b lim: 113 exec/s: 18367 rss: 327Mb L: 5/113 MS: 1 EraseBytes-
#128881	REDUCE cov: 557 ft: 1987 corp: 416/13576b lim: 113 exec/s: 18411 rss: 328Mb L: 9/113 MS: 1 EraseBytes-
#128922	REDUCE cov: 557 ft: 1987 corp: 416/13575b lim: 113 exec/s: 18417 rss: 328Mb L: 8/113 MS: 1 EraseBytes-
#128976	REDUCE cov: 557 ft: 1988 corp: 417/13631b lim: 113 exec/s: 18425 rss: 328Mb L: 56/113 MS: 4 ChangeBinInt-ChangeBit-CopyPart-CopyPart-
#129162	REDUCE cov: 557 ft: 1988 corp: 417/13627b lim: 113 exec/s: 18451 rss: 329Mb L: 17/113 MS: 1 EraseBytes-
#129368	REDUCE cov: 557 ft: 1988 corp: 417/13625b lim: 113 exec/s: 18481 rss: 329Mb L: 3/113 MS: 1 EraseBytes-
#129370	NEW    cov: 557 ft: 1990 corp: 418/13717b lim: 113 exec/s: 18481 rss: 329Mb L: 92/113 MS: 2 InsertByte-CopyPart-
#129408	REDUCE cov: 557 ft: 1994 corp: 419/13807b lim: 113 exec/s: 18486 rss: 329Mb L: 90/113 MS: 3 CMP-PersAutoDict-CopyPart- DE: " \000\000\000\000\000\000\000"-"\031\000"-
#129480	REDUCE cov: 557 ft: 1994 corp: 419/13802b lim: 113 exec/s: 18497 rss: 330Mb L: 58/113 MS: 2 ChangeBit-EraseBytes-
#129581	REDUCE cov: 557 ft: 1994 corp: 419/13776b lim: 113 exec/s: 18511 rss: 330Mb L: 65/113 MS: 1 EraseBytes-
#129625	REDUCE cov: 557 ft: 1994 corp: 419/13766b lim: 113 exec/s: 18517 rss: 330Mb L: 70/113 MS: 4 ChangeBit-ChangeByte-InsertRepeatedBytes-EraseBytes-
#129758	REDUCE cov: 557 ft: 1994 corp: 419/13764b lim: 113 exec/s: 18536 rss: 331Mb L: 89/113 MS: 3 CopyPart-ChangeByte-EraseBytes-
#129760	REDUCE cov: 557 ft: 1994 corp: 419/13760b lim: 113 exec/s: 18537 rss: 331Mb L: 11/113 MS: 2 ChangeByte-EraseBytes-
#129841	REDUCE cov: 557 ft: 1994 corp: 419/13757b lim: 113 exec/s: 18548 rss: 331Mb L: 48/113 MS: 1 EraseBytes-
#130410	REDUCE cov: 557 ft: 1994 corp: 419/13755b lim: 113 exec/s: 18630 rss: 332Mb L: 38/113 MS: 4 ChangeBit-ShuffleBytes-ChangeByte-EraseBytes-
#131006	REDUCE cov: 557 ft: 1994 corp: 419/13751b lim: 113 exec/s: 18715 rss: 334Mb L: 18/113 MS: 1 EraseBytes-
#131072	pulse  cov: 557 ft: 1994 corp: 419/13751b lim: 113 exec/s: 18724 rss: 334Mb
#131457	REDUCE cov: 557 ft: 1994 corp: 419/13748b lim: 113 exec/s: 18779 rss: 335Mb L: 21/113 MS: 1 EraseBytes-
#131533	REDUCE cov: 557 ft: 1994 corp: 419/13747b lim: 113 exec/s: 18790 rss: 335Mb L: 30/113 MS: 1 EraseBytes-
#131729	NEW    cov: 557 ft: 1996 corp: 420/13829b lim: 113 exec/s: 18818 rss: 336Mb L: 82/113 MS: 1 ChangeBinInt-
#132000	REDUCE cov: 557 ft: 1996 corp: 420/13827b lim: 113 exec/s: 18857 rss: 337Mb L: 28/113 MS: 1 EraseBytes-
#132107	REDUCE cov: 557 ft: 1996 corp: 420/13825b lim: 113 exec/s: 18872 rss: 337Mb L: 34/113 MS: 2 PersAutoDict-EraseBytes- DE: "\205\000"-
#132148	REDUCE cov: 557 ft: 1996 corp: 420/13822b lim: 113 exec/s: 18878 rss: 337Mb L: 33/113 MS: 1 EraseBytes-
#132421	REDUCE cov: 557 ft: 1996 corp: 420/13819b lim: 113 exec/s: 18917 rss: 338Mb L: 15/113 MS: 3 ShuffleBytes-InsertByte-EraseBytes-
#132503	REDUCE cov: 557 ft: 1996 corp: 420/13818b lim: 113 exec/s: 18929 rss: 338Mb L: 11/113 MS: 2 CopyPart-EraseBytes-
#132785	REDUCE cov: 557 ft: 1996 corp: 420/13817b lim: 113 exec/s: 18969 rss: 339Mb L: 9/113 MS: 2 ChangeByte-EraseBytes-
#132797	REDUCE cov: 557 ft: 1996 corp: 420/13816b lim: 113 exec/s: 18971 rss: 339Mb L: 4/113 MS: 2 ChangeBit-EraseBytes-
#132954	REDUCE cov: 557 ft: 1996 corp: 420/13815b lim: 113 exec/s: 18993 rss: 339Mb L: 3/113 MS: 2 InsertByte-EraseBytes-
#133215	REDUCE cov: 557 ft: 1996 corp: 420/13809b lim: 113 exec/s: 19030 rss: 340Mb L: 52/113 MS: 1 EraseBytes-
#133255	REDUCE cov: 557 ft: 1996 corp: 420/13796b lim: 113 exec/s: 19036 rss: 340Mb L: 66/113 MS: 5 EraseBytes-ChangeBit-ChangeByte-ChangeBit-CopyPart-
#133346	REDUCE cov: 557 ft: 1996 corp: 420/13790b lim: 113 exec/s: 19049 rss: 340Mb L: 105/113 MS: 1 EraseBytes-
#133407	NEW    cov: 557 ft: 1997 corp: 421/13892b lim: 113 exec/s: 19058 rss: 340Mb L: 102/113 MS: 1 CopyPart-
#133678	REDUCE cov: 557 ft: 1997 corp: 421/13890b lim: 113 exec/s: 19096 rss: 341Mb L: 13/113 MS: 1 EraseBytes-
#134647	NEW    cov: 557 ft: 1999 corp: 422/14007b lim: 119 exec/s: 19235 rss: 344Mb L: 117/117 MS: 4 ShuffleBytes-PersAutoDict-CrossOver-CopyPart- DE: "]\000"-
#134985	NEW    cov: 557 ft: 2001 corp: 423/14117b lim: 119 exec/s: 19283 rss: 345Mb L: 110/117 MS: 3 ShuffleBytes-ChangeBit-CopyPart-
#135121	REDUCE cov: 557 ft: 2001 corp: 423/14114b lim: 119 exec/s: 19303 rss: 345Mb L: 70/117 MS: 1 EraseBytes-
#135212	REDUCE cov: 557 ft: 2001 corp: 423/14113b lim: 119 exec/s: 19316 rss: 345Mb L: 4/117 MS: 1 EraseBytes-
#135248	REDUCE cov: 557 ft: 2001 corp: 423/14112b lim: 119 exec/s: 19321 rss: 345Mb L: 15/117 MS: 1 EraseBytes-
#135350	REDUCE cov: 557 ft: 2001 corp: 423/14111b lim: 119 exec/s: 19335 rss: 346Mb L: 16/117 MS: 2 ShuffleBytes-EraseBytes-
#135906	REDUCE cov: 557 ft: 2001 corp: 423/14110b lim: 119 exec/s: 19415 rss: 347Mb L: 36/117 MS: 1 EraseBytes-
#135937	REDUCE cov: 557 ft: 2001 corp: 423/14108b lim: 119 exec/s: 19419 rss: 347Mb L: 15/117 MS: 1 EraseBytes-
#136113	REDUCE cov: 557 ft: 2001 corp: 423/14091b lim: 119 exec/s: 17014 rss: 348Mb L: 42/117 MS: 1 EraseBytes-
#136136	REDUCE cov: 557 ft: 2001 corp: 423/14089b lim: 119 exec/s: 17017 rss: 348Mb L: 30/117 MS: 3 CMP-ShuffleBytes-EraseBytes- DE: "\377\377\007\000"-
#136198	REDUCE cov: 557 ft: 2001 corp: 423/14088b lim: 119 exec/s: 17024 rss: 348Mb L: 18/117 MS: 2 ChangeBit-EraseBytes-
#136200	REDUCE cov: 557 ft: 2001 corp: 423/14087b lim: 119 exec/s: 17025 rss: 348Mb L: 20/117 MS: 2 ChangeBinInt-EraseBytes-
#136261	REDUCE cov: 557 ft: 2001 corp: 423/14085b lim: 119 exec/s: 17032 rss: 348Mb L: 9/117 MS: 1 EraseBytes-
#136332	REDUCE cov: 558 ft: 2002 corp: 424/14094b lim: 119 exec/s: 17041 rss: 348Mb L: 9/117 MS: 1 ChangeByte-
#136533	REDUCE cov: 558 ft: 2002 corp: 424/14092b lim: 119 exec/s: 17066 rss: 349Mb L: 12/117 MS: 1 EraseBytes-
#136621	REDUCE cov: 558 ft: 2002 corp: 424/14091b lim: 119 exec/s: 17077 rss: 349Mb L: 4/117 MS: 3 CMP-ChangeByte-EraseBytes- DE: " \000"-
#136703	REDUCE cov: 558 ft: 2002 corp: 424/14067b lim: 119 exec/s: 17087 rss: 349Mb L: 93/113 MS: 2 ChangeByte-EraseBytes-
#137064	REDUCE cov: 558 ft: 2002 corp: 424/14060b lim: 119 exec/s: 17133 rss: 352Mb L: 45/113 MS: 1 EraseBytes-
#137205	REDUCE cov: 558 ft: 2002 corp: 424/14057b lim: 119 exec/s: 17150 rss: 352Mb L: 98/113 MS: 1 EraseBytes-
#137228	REDUCE cov: 558 ft: 2002 corp: 424/14050b lim: 119 exec/s: 17153 rss: 352Mb L: 32/113 MS: 3 PersAutoDict-InsertByte-EraseBytes- DE: " \000"-
#137359	REDUCE cov: 558 ft: 2002 corp: 424/14047b lim: 119 exec/s: 17169 rss: 353Mb L: 68/113 MS: 1 EraseBytes-
#137510	REDUCE cov: 558 ft: 2002 corp: 424/14046b lim: 119 exec/s: 17188 rss: 353Mb L: 20/113 MS: 1 EraseBytes-
#137686	REDUCE cov: 558 ft: 2002 corp: 424/14045b lim: 119 exec/s: 17210 rss: 354Mb L: 5/113 MS: 1 EraseBytes-
#137697	REDUCE cov: 558 ft: 2002 corp: 424/14042b lim: 119 exec/s: 17212 rss: 354Mb L: 24/113 MS: 1 EraseBytes-
#137779	REDUCE cov: 558 ft: 2002 corp: 424/14040b lim: 119 exec/s: 17222 rss: 354Mb L: 42/113 MS: 2 InsertByte-EraseBytes-
#138044	REDUCE cov: 559 ft: 2003 corp: 425/14155b lim: 119 exec/s: 17255 rss: 355Mb L: 115/115 MS: 5 CMP-ChangeByte-EraseBytes-InsertRepeatedBytes-CrossOver- DE: "\001\205"-
#138155	REDUCE cov: 559 ft: 2003 corp: 425/14148b lim: 119 exec/s: 17269 rss: 355Mb L: 44/115 MS: 1 EraseBytes-
#138269	REDUCE cov: 559 ft: 2003 corp: 425/14145b lim: 119 exec/s: 17283 rss: 355Mb L: 5/115 MS: 4 CrossOver-ChangeByte-ChangeByte-EraseBytes-
#138346	REDUCE cov: 559 ft: 2003 corp: 425/14144b lim: 119 exec/s: 17293 rss: 356Mb L: 12/115 MS: 2 InsertByte-EraseBytes-
#138424	REDUCE cov: 559 ft: 2003 corp: 425/14143b lim: 119 exec/s: 17303 rss: 356Mb L: 37/115 MS: 3 ChangeBit-ChangeBinInt-EraseBytes-
#138496	REDUCE cov: 559 ft: 2010 corp: 426/14244b lim: 119 exec/s: 17312 rss: 356Mb L: 101/115 MS: 2 CopyPart-CopyPart-
#138528	NEW    cov: 559 ft: 2013 corp: 427/14355b lim: 119 exec/s: 17316 rss: 356Mb L: 111/115 MS: 2 ShuffleBytes-CopyPart-
#138682	REDUCE cov: 559 ft: 2013 corp: 427/14351b lim: 119 exec/s: 17335 rss: 357Mb L: 25/115 MS: 4 ChangeBinInt-ChangeByte-ChangeByte-EraseBytes-
#138721	REDUCE cov: 559 ft: 2013 corp: 427/14339b lim: 119 exec/s: 17340 rss: 357Mb L: 89/115 MS: 4 ShuffleBytes-ChangeASCIIInt-ShuffleBytes-EraseBytes-
#139132	REDUCE cov: 560 ft: 2014 corp: 428/14374b lim: 119 exec/s: 17391 rss: 358Mb L: 35/115 MS: 1 CrossOver-
#139183	REDUCE cov: 560 ft: 2014 corp: 428/14373b lim: 119 exec/s: 17397 rss: 358Mb L: 77/115 MS: 1 EraseBytes-
#139320	REDUCE cov: 560 ft: 2014 corp: 428/14372b lim: 119 exec/s: 17415 rss: 358Mb L: 29/115 MS: 2 ChangeBinInt-EraseBytes-
#139321	REDUCE cov: 560 ft: 2014 corp: 428/14368b lim: 119 exec/s: 17415 rss: 358Mb L: 27/115 MS: 1 EraseBytes-
#139380	REDUCE cov: 560 ft: 2019 corp: 429/14444b lim: 119 exec/s: 17422 rss: 359Mb L: 76/115 MS: 4 CopyPart-ChangeBinInt-EraseBytes-CopyPart-
#139421	NEW    cov: 560 ft: 2021 corp: 430/14459b lim: 119 exec/s: 17427 rss: 359Mb L: 15/115 MS: 1 CopyPart-
#139652	REDUCE cov: 560 ft: 2021 corp: 430/14456b lim: 119 exec/s: 17456 rss: 359Mb L: 28/115 MS: 1 EraseBytes-
#139734	REDUCE cov: 560 ft: 2023 corp: 431/14540b lim: 119 exec/s: 17466 rss: 359Mb L: 84/115 MS: 2 ChangeBit-CopyPart-
#139783	REDUCE cov: 560 ft: 2026 corp: 432/14630b lim: 119 exec/s: 17472 rss: 360Mb L: 90/115 MS: 4 ShuffleBytes-CrossOver-CrossOver-CopyPart-
#139944	REDUCE cov: 560 ft: 2026 corp: 432/14628b lim: 119 exec/s: 17493 rss: 360Mb L: 54/115 MS: 1 EraseBytes-
#139955	REDUCE cov: 560 ft: 2026 corp: 432/14627b lim: 119 exec/s: 17494 rss: 360Mb L: 4/115 MS: 1 EraseBytes-
#139972	REDUCE cov: 560 ft: 2026 corp: 432/14613b lim: 119 exec/s: 17496 rss: 360Mb L: 21/115 MS: 2 PersAutoDict-EraseBytes- DE: "\031\000"-
#139983	REDUCE cov: 560 ft: 2026 corp: 432/14612b lim: 119 exec/s: 17497 rss: 360Mb L: 96/115 MS: 1 EraseBytes-
#140064	REDUCE cov: 560 ft: 2026 corp: 432/14610b lim: 119 exec/s: 17508 rss: 360Mb L: 25/115 MS: 1 EraseBytes-
#140421	NEW    cov: 560 ft: 2027 corp: 433/14653b lim: 119 exec/s: 17552 rss: 361Mb L: 43/115 MS: 2 ShuffleBytes-CrossOver-
#140537	REDUCE cov: 560 ft: 2027 corp: 433/14649b lim: 119 exec/s: 17567 rss: 362Mb L: 17/115 MS: 1 EraseBytes-
#140538	REDUCE cov: 560 ft: 2027 corp: 433/14648b lim: 119 exec/s: 17567 rss: 362Mb L: 8/115 MS: 1 EraseBytes-
#140642	REDUCE cov: 560 ft: 2029 corp: 434/14728b lim: 119 exec/s: 17580 rss: 362Mb L: 80/115 MS: 4 InsertRepeatedBytes-CopyPart-CopyPart-CopyPart-
#141035	REDUCE cov: 560 ft: 2029 corp: 434/14723b lim: 119 exec/s: 17629 rss: 363Mb L: 79/115 MS: 3 ChangeByte-ChangeASCIIInt-EraseBytes-
#141136	REDUCE cov: 560 ft: 2029 corp: 434/14686b lim: 119 exec/s: 17642 rss: 364Mb L: 78/113 MS: 1 EraseBytes-
#141197	REDUCE cov: 560 ft: 2029 corp: 434/14673b lim: 119 exec/s: 17649 rss: 364Mb L: 39/113 MS: 1 EraseBytes-
#141340	REDUCE cov: 560 ft: 2029 corp: 434/14671b lim: 119 exec/s: 17667 rss: 364Mb L: 11/113 MS: 3 EraseBytes-InsertByte-CMP- DE: "\000\200"-
#141377	REDUCE cov: 560 ft: 2029 corp: 434/14664b lim: 119 exec/s: 17672 rss: 364Mb L: 23/113 MS: 2 CrossOver-EraseBytes-
#141568	REDUCE cov: 562 ft: 2031 corp: 435/14680b lim: 119 exec/s: 17696 rss: 365Mb L: 16/113 MS: 1 CrossOver-
#141660	REDUCE cov: 562 ft: 2031 corp: 435/14678b lim: 119 exec/s: 17707 rss: 365Mb L: 63/113 MS: 2 ChangeBit-EraseBytes-
#142371	REDUCE cov: 562 ft: 2037 corp: 436/14786b lim: 125 exec/s: 17796 rss: 367Mb L: 108/113 MS: 1 CopyPart-
#142598	NEW    cov: 562 ft: 2039 corp: 437/14902b lim: 125 exec/s: 17824 rss: 367Mb L: 116/116 MS: 2 ChangeBit-CopyPart-
#142946	REDUCE cov: 562 ft: 2039 corp: 437/14893b lim: 125 exec/s: 17868 rss: 368Mb L: 34/116 MS: 3 ChangeByte-ShuffleBytes-EraseBytes-
#143084	REDUCE cov: 562 ft: 2042 corp: 438/14984b lim: 125 exec/s: 17885 rss: 369Mb L: 91/116 MS: 3 InsertByte-ShuffleBytes-CopyPart-
#143188	REDUCE cov: 562 ft: 2043 corp: 439/15106b lim: 125 exec/s: 17898 rss: 369Mb L: 122/122 MS: 4 InsertByte-CopyPart-ChangeBinInt-CopyPart-
#143204	REDUCE cov: 562 ft: 2043 corp: 439/15105b lim: 125 exec/s: 17900 rss: 369Mb L: 11/122 MS: 1 EraseBytes-
#143206	REDUCE cov: 562 ft: 2043 corp: 439/15103b lim: 125 exec/s: 17900 rss: 369Mb L: 37/122 MS: 2 InsertByte-EraseBytes-
#143253	REDUCE cov: 562 ft: 2043 corp: 439/15099b lim: 125 exec/s: 17906 rss: 369Mb L: 60/122 MS: 2 ShuffleBytes-EraseBytes-
#143894	NEW    cov: 562 ft: 2050 corp: 440/15229b lim: 131 exec/s: 17986 rss: 371Mb L: 130/130 MS: 1 CopyPart-
#144006	REDUCE cov: 562 ft: 2051 corp: 441/15360b lim: 131 exec/s: 18000 rss: 371Mb L: 131/131 MS: 2 InsertByte-InsertRepeatedBytes-
#144027	REDUCE cov: 562 ft: 2051 corp: 441/15358b lim: 131 exec/s: 18003 rss: 371Mb L: 18/131 MS: 1 EraseBytes-
#144223	REDUCE cov: 562 ft: 2051 corp: 441/15356b lim: 131 exec/s: 18027 rss: 372Mb L: 46/131 MS: 1 EraseBytes-
#144308	NEW    cov: 562 ft: 2055 corp: 442/15487b lim: 131 exec/s: 18038 rss: 372Mb L: 131/131 MS: 5 InsertByte-CopyPart-InsertRepeatedBytes-ChangeByte-InsertRepeatedBytes-
#144507	REDUCE cov: 562 ft: 2056 corp: 443/15618b lim: 131 exec/s: 18063 rss: 373Mb L: 131/131 MS: 4 InsertRepeatedBytes-ShuffleBytes-InsertRepeatedBytes-CrossOver-
#144676	REDUCE cov: 562 ft: 2056 corp: 443/15615b lim: 131 exec/s: 18084 rss: 373Mb L: 41/131 MS: 4 EraseBytes-CopyPart-PersAutoDict-CrossOver- DE: "\376\377"-
#144704	REDUCE cov: 562 ft: 2056 corp: 443/15613b lim: 131 exec/s: 18088 rss: 374Mb L: 24/131 MS: 3 ChangeBit-CopyPart-EraseBytes-
#145070	REDUCE cov: 562 ft: 2056 corp: 443/15612b lim: 131 exec/s: 18133 rss: 375Mb L: 70/131 MS: 1 EraseBytes-
#145124	REDUCE cov: 562 ft: 2056 corp: 443/15610b lim: 131 exec/s: 18140 rss: 375Mb L: 76/131 MS: 4 PersAutoDict-ShuffleBytes-CMP-EraseBytes- DE: "\377\377\007\000"-"\201\000\000\000\000\000\000\000"-
#145422	REDUCE cov: 562 ft: 2059 corp: 444/15741b lim: 131 exec/s: 18177 rss: 376Mb L: 131/131 MS: 3 ChangeByte-InsertRepeatedBytes-CopyPart-
#145439	REDUCE cov: 562 ft: 2059 corp: 444/15734b lim: 131 exec/s: 18179 rss: 376Mb L: 11/131 MS: 2 CrossOver-EraseBytes-
#145441	REDUCE cov: 562 ft: 2059 corp: 444/15708b lim: 131 exec/s: 18180 rss: 376Mb L: 72/131 MS: 2 PersAutoDict-EraseBytes- DE: "\200\000\000\000\000\000\000\000"-
#145572	REDUCE cov: 563 ft: 2062 corp: 445/15831b lim: 131 exec/s: 18196 rss: 376Mb L: 123/131 MS: 1 CopyPart-
#145574	NEW    cov: 563 ft: 2065 corp: 446/15958b lim: 131 exec/s: 18196 rss: 376Mb L: 127/131 MS: 2 InsertByte-CopyPart-
#145782	REDUCE cov: 563 ft: 2065 corp: 446/15948b lim: 131 exec/s: 18222 rss: 377Mb L: 83/131 MS: 3 ShuffleBytes-EraseBytes-CopyPart-
#145838	NEW    cov: 563 ft: 2069 corp: 447/16079b lim: 131 exec/s: 18229 rss: 377Mb L: 131/131 MS: 1 CrossOver-
#146127	REDUCE cov: 563 ft: 2069 corp: 447/16077b lim: 131 exec/s: 18265 rss: 378Mb L: 66/131 MS: 4 ChangeBinInt-PersAutoDict-ChangeBinInt-EraseBytes- DE: "\201\000\000\000"-
#146259	REDUCE cov: 563 ft: 2069 corp: 447/16076b lim: 131 exec/s: 18282 rss: 378Mb L: 6/131 MS: 2 EraseBytes-CopyPart-
#146260	REDUCE cov: 563 ft: 2069 corp: 447/16075b lim: 131 exec/s: 18282 rss: 378Mb L: 21/131 MS: 1 EraseBytes-
#146526	REDUCE cov: 563 ft: 2069 corp: 447/16073b lim: 131 exec/s: 18315 rss: 379Mb L: 36/131 MS: 1 EraseBytes-
#146623	REDUCE cov: 563 ft: 2069 corp: 447/16072b lim: 131 exec/s: 18327 rss: 379Mb L: 15/131 MS: 2 EraseBytes-ChangeByte-
#146627	REDUCE cov: 563 ft: 2069 corp: 447/16070b lim: 131 exec/s: 18328 rss: 379Mb L: 30/131 MS: 4 ShuffleBytes-ChangeBinInt-PersAutoDict-EraseBytes- DE: "\377\377"-
#146629	REDUCE cov: 565 ft: 2071 corp: 448/16104b lim: 131 exec/s: 18328 rss: 379Mb L: 34/131 MS: 2 CMP-CopyPart- DE: "\001\000\000\000\000\000\000\025"-
#146650	REDUCE cov: 565 ft: 2071 corp: 448/16100b lim: 131 exec/s: 18331 rss: 379Mb L: 40/131 MS: 1 EraseBytes-
#146671	REDUCE cov: 565 ft: 2071 corp: 448/16099b lim: 131 exec/s: 18333 rss: 379Mb L: 25/131 MS: 1 EraseBytes-
#146882	REDUCE cov: 565 ft: 2071 corp: 448/16098b lim: 131 exec/s: 18360 rss: 380Mb L: 18/131 MS: 1 EraseBytes-
#147149	REDUCE cov: 565 ft: 2071 corp: 448/16097b lim: 131 exec/s: 18393 rss: 381Mb L: 4/131 MS: 2 ShuffleBytes-EraseBytes-
#147246	REDUCE cov: 565 ft: 2071 corp: 448/16085b lim: 131 exec/s: 18405 rss: 381Mb L: 15/131 MS: 2 EraseBytes-CopyPart-
#147367	REDUCE cov: 565 ft: 2071 corp: 448/16079b lim: 131 exec/s: 18420 rss: 381Mb L: 14/131 MS: 1 EraseBytes-
#147464	REDUCE cov: 565 ft: 2071 corp: 448/16076b lim: 131 exec/s: 18433 rss: 382Mb L: 6/131 MS: 2 EraseBytes-ShuffleBytes-
#147578	NEW    cov: 565 ft: 2080 corp: 449/16207b lim: 131 exec/s: 18447 rss: 382Mb L: 131/131 MS: 4 CMP-ChangeBit-ShuffleBytes-InsertRepeatedBytes- DE: "\377\377\377\377\377\377\3776"-
#147654	REDUCE cov: 565 ft: 2080 corp: 449/16206b lim: 131 exec/s: 18456 rss: 383Mb L: 43/131 MS: 1 EraseBytes-
#147692	REDUCE cov: 565 ft: 2080 corp: 449/16205b lim: 131 exec/s: 18461 rss: 383Mb L: 19/131 MS: 3 ChangeBinInt-ChangeBit-EraseBytes-
#147774	REDUCE cov: 565 ft: 2082 corp: 450/16319b lim: 131 exec/s: 18471 rss: 383Mb L: 114/131 MS: 2 CopyPart-CopyPart-
#147910	REDUCE cov: 565 ft: 2082 corp: 450/16306b lim: 131 exec/s: 18488 rss: 383Mb L: 71/131 MS: 1 EraseBytes-
#148016	REDUCE cov: 565 ft: 2082 corp: 450/16305b lim: 131 exec/s: 18502 rss: 384Mb L: 4/131 MS: 1 EraseBytes-
#148170	NEW    cov: 565 ft: 2083 corp: 451/16Kb lim: 131 exec/s: 18521 rss: 384Mb L: 130/131 MS: 4 InsertRepeatedBytes-ChangeByte-ChangeByte-CrossOver-
#148250	REDUCE cov: 565 ft: 2083 corp: 451/16Kb lim: 131 exec/s: 18531 rss: 384Mb L: 39/131 MS: 5 CMP-ChangeBinInt-EraseBytes-ShuffleBytes-CopyPart- DE: "\376\377\377\377\377\377\377\377"-
#148285	REDUCE cov: 565 ft: 2083 corp: 451/16Kb lim: 131 exec/s: 18535 rss: 384Mb L: 85/131 MS: 5 ChangeByte-ChangeBit-ChangeBinInt-CrossOver-EraseBytes-
#148296	NEW    cov: 565 ft: 2084 corp: 452/16Kb lim: 131 exec/s: 18537 rss: 385Mb L: 81/131 MS: 1 CopyPart-
#148708	REDUCE cov: 565 ft: 2084 corp: 452/16Kb lim: 131 exec/s: 18588 rss: 386Mb L: 14/131 MS: 2 CrossOver-EraseBytes-
#148723	REDUCE cov: 565 ft: 2084 corp: 452/16Kb lim: 131 exec/s: 18590 rss: 386Mb L: 35/131 MS: 5 InsertByte-ChangeByte-InsertByte-ChangeByte-EraseBytes-
#149020	REDUCE cov: 565 ft: 2085 corp: 453/16Kb lim: 131 exec/s: 18627 rss: 386Mb L: 46/131 MS: 2 InsertByte-CopyPart-
#149139	NEW    cov: 565 ft: 2086 corp: 454/16Kb lim: 131 exec/s: 18642 rss: 387Mb L: 48/131 MS: 4 ChangeBinInt-CMP-ChangeBit-ShuffleBytes- DE: "\000\376"-
#149206	REDUCE cov: 565 ft: 2086 corp: 454/16Kb lim: 131 exec/s: 18650 rss: 387Mb L: 74/131 MS: 2 ChangeByte-EraseBytes-
#149563	REDUCE cov: 565 ft: 2086 corp: 454/16Kb lim: 131 exec/s: 18695 rss: 388Mb L: 12/131 MS: 2 ChangeBit-EraseBytes-
#149580	REDUCE cov: 565 ft: 2086 corp: 454/16Kb lim: 131 exec/s: 18697 rss: 388Mb L: 86/131 MS: 2 ChangeBinInt-EraseBytes-
#149646	REDUCE cov: 565 ft: 2086 corp: 454/16Kb lim: 131 exec/s: 18705 rss: 388Mb L: 45/131 MS: 1 EraseBytes-
#149882	REDUCE cov: 565 ft: 2087 corp: 455/16Kb lim: 131 exec/s: 18735 rss: 389Mb L: 7/131 MS: 1 InsertByte-
#150033	REDUCE cov: 565 ft: 2087 corp: 455/16Kb lim: 131 exec/s: 18754 rss: 390Mb L: 27/131 MS: 1 EraseBytes-
#150065	REDUCE cov: 565 ft: 2087 corp: 455/16Kb lim: 131 exec/s: 18758 rss: 390Mb L: 36/131 MS: 2 InsertByte-EraseBytes-
#150127	REDUCE cov: 565 ft: 2087 corp: 455/16Kb lim: 131 exec/s: 18765 rss: 390Mb L: 78/131 MS: 2 EraseBytes-ChangeBit-
#150128	NEW    cov: 566 ft: 2088 corp: 456/16Kb lim: 131 exec/s: 18766 rss: 390Mb L: 87/131 MS: 1 CrossOver-
#150349	REDUCE cov: 566 ft: 2088 corp: 456/16Kb lim: 131 exec/s: 18793 rss: 391Mb L: 14/131 MS: 1 EraseBytes-
#150450	REDUCE cov: 566 ft: 2088 corp: 456/16Kb lim: 131 exec/s: 18806 rss: 391Mb L: 40/131 MS: 1 EraseBytes-
#150494	REDUCE cov: 566 ft: 2088 corp: 456/16Kb lim: 131 exec/s: 18811 rss: 391Mb L: 9/131 MS: 4 EraseBytes-InsertByte-ChangeASCIIInt-CopyPart-
#150531	REDUCE cov: 566 ft: 2088 corp: 456/16Kb lim: 131 exec/s: 18816 rss: 391Mb L: 36/131 MS: 2 InsertByte-EraseBytes-
#150938	REDUCE cov: 566 ft: 2088 corp: 456/16Kb lim: 131 exec/s: 18867 rss: 392Mb L: 24/131 MS: 2 CrossOver-EraseBytes-
#151014	REDUCE cov: 566 ft: 2089 corp: 457/16Kb lim: 131 exec/s: 18876 rss: 393Mb L: 126/131 MS: 1 InsertRepeatedBytes-
#151050	REDUCE cov: 566 ft: 2089 corp: 457/16Kb lim: 131 exec/s: 18881 rss: 393Mb L: 17/131 MS: 1 EraseBytes-
#151391	REDUCE cov: 566 ft: 2089 corp: 457/16Kb lim: 131 exec/s: 18923 rss: 394Mb L: 5/131 MS: 1 EraseBytes-
#151452	REDUCE cov: 566 ft: 2089 corp: 457/16Kb lim: 131 exec/s: 18931 rss: 394Mb L: 63/131 MS: 1 EraseBytes-
#151493	REDUCE cov: 566 ft: 2089 corp: 457/16Kb lim: 131 exec/s: 18936 rss: 394Mb L: 8/131 MS: 1 EraseBytes-
#151702	REDUCE cov: 566 ft: 2089 corp: 457/16Kb lim: 131 exec/s: 18962 rss: 395Mb L: 32/131 MS: 4 ChangeASCIIInt-ChangeByte-CMP-EraseBytes- DE: "\377g"-
#152050	REDUCE cov: 566 ft: 2089 corp: 457/16Kb lim: 131 exec/s: 19006 rss: 396Mb L: 43/131 MS: 3 PersAutoDict-ChangeBit-EraseBytes- DE: "\031\000"-
#152143	NEW    cov: 567 ft: 2090 corp: 458/16Kb lim: 131 exec/s: 19017 rss: 396Mb L: 59/131 MS: 3 ChangeBinInt-EraseBytes-CrossOver-
#152449	NEW    cov: 567 ft: 2091 corp: 459/16Kb lim: 131 exec/s: 19056 rss: 397Mb L: 14/131 MS: 1 CopyPart-
#152486	REDUCE cov: 567 ft: 2091 corp: 459/16Kb lim: 131 exec/s: 19060 rss: 397Mb L: 7/131 MS: 2 ShuffleBytes-EraseBytes-
#152487	REDUCE cov: 567 ft: 2091 corp: 459/16Kb lim: 131 exec/s: 19060 rss: 397Mb L: 11/131 MS: 1 EraseBytes-
#152799	REDUCE cov: 567 ft: 2091 corp: 459/16Kb lim: 131 exec/s: 16977 rss: 398Mb L: 4/131 MS: 2 CopyPart-EraseBytes-
#152831	REDUCE cov: 567 ft: 2091 corp: 459/16Kb lim: 131 exec/s: 16981 rss: 398Mb L: 24/131 MS: 2 CopyPart-EraseBytes-
#152997	REDUCE cov: 567 ft: 2091 corp: 459/16Kb lim: 131 exec/s: 16999 rss: 398Mb L: 38/131 MS: 1 EraseBytes-
#153070	REDUCE cov: 567 ft: 2091 corp: 459/16Kb lim: 131 exec/s: 17007 rss: 398Mb L: 53/131 MS: 3 ChangeBit-CMP-EraseBytes- DE: "\377\374"-
#153117	REDUCE cov: 567 ft: 2091 corp: 459/16Kb lim: 131 exec/s: 17013 rss: 399Mb L: 6/131 MS: 2 ShuffleBytes-EraseBytes-
#153233	NEW    cov: 567 ft: 2094 corp: 460/16Kb lim: 131 exec/s: 17025 rss: 399Mb L: 92/131 MS: 1 CopyPart-
#153330	REDUCE cov: 567 ft: 2094 corp: 460/16Kb lim: 131 exec/s: 17036 rss: 399Mb L: 39/131 MS: 2 ChangeBit-EraseBytes-
#153437	REDUCE cov: 567 ft: 2094 corp: 460/16Kb lim: 131 exec/s: 17048 rss: 399Mb L: 97/131 MS: 2 ChangeASCIIInt-EraseBytes-
#153694	REDUCE cov: 567 ft: 2094 corp: 460/16Kb lim: 131 exec/s: 17077 rss: 402Mb L: 30/131 MS: 2 ShuffleBytes-EraseBytes-
#153880	NEW    cov: 567 ft: 2095 corp: 461/16Kb lim: 131 exec/s: 17097 rss: 402Mb L: 130/131 MS: 1 CopyPart-
#154096	REDUCE cov: 567 ft: 2095 corp: 461/16Kb lim: 131 exec/s: 17121 rss: 403Mb L: 24/131 MS: 1 EraseBytes-
#154125	REDUCE cov: 567 ft: 2095 corp: 461/16Kb lim: 131 exec/s: 17125 rss: 403Mb L: 16/131 MS: 4 EraseBytes-ChangeByte-PersAutoDict-PersAutoDict- DE: "d\000\000\000"-"\376\377"-
#154299	REDUCE cov: 567 ft: 2095 corp: 461/16Kb lim: 131 exec/s: 17144 rss: 403Mb L: 11/131 MS: 4 ChangeBinInt-CopyPart-ChangeBit-EraseBytes-
#154340	REDUCE cov: 567 ft: 2095 corp: 461/16Kb lim: 131 exec/s: 17148 rss: 404Mb L: 77/131 MS: 1 EraseBytes-
#154611	REDUCE cov: 567 ft: 2095 corp: 461/16Kb lim: 131 exec/s: 17179 rss: 404Mb L: 28/131 MS: 1 EraseBytes-
#154949	REDUCE cov: 567 ft: 2095 corp: 461/16Kb lim: 131 exec/s: 17216 rss: 405Mb L: 18/131 MS: 3 ChangeBit-CMP-EraseBytes- DE: "]\000"-
#154952	REDUCE cov: 567 ft: 2095 corp: 461/16Kb lim: 131 exec/s: 17216 rss: 405Mb L: 27/131 MS: 3 CrossOver-InsertByte-EraseBytes-
#155224	REDUCE cov: 567 ft: 2097 corp: 462/16Kb lim: 131 exec/s: 17247 rss: 406Mb L: 96/131 MS: 2 ChangeBit-CopyPart-
#155255	REDUCE cov: 567 ft: 2097 corp: 462/16Kb lim: 131 exec/s: 17250 rss: 407Mb L: 6/131 MS: 1 EraseBytes-
#156058	REDUCE cov: 567 ft: 2097 corp: 462/16Kb lim: 138 exec/s: 17339 rss: 408Mb L: 12/131 MS: 3 CrossOver-CrossOver-EraseBytes-
#156270	REDUCE cov: 567 ft: 2097 corp: 462/16Kb lim: 138 exec/s: 17363 rss: 409Mb L: 71/131 MS: 2 ChangeByte-EraseBytes-
#156336	REDUCE cov: 567 ft: 2097 corp: 462/16Kb lim: 138 exec/s: 17370 rss: 409Mb L: 26/131 MS: 1 EraseBytes-
#156537	REDUCE cov: 567 ft: 2097 corp: 462/16Kb lim: 138 exec/s: 17393 rss: 410Mb L: 44/131 MS: 1 EraseBytes-
#157069	REDUCE cov: 567 ft: 2104 corp: 463/16Kb lim: 138 exec/s: 17452 rss: 412Mb L: 137/137 MS: 2 InsertByte-InsertRepeatedBytes-
#157095	REDUCE cov: 567 ft: 2104 corp: 463/16Kb lim: 138 exec/s: 17455 rss: 412Mb L: 46/137 MS: 1 EraseBytes-
#157202	REDUCE cov: 567 ft: 2104 corp: 463/16Kb lim: 138 exec/s: 17466 rss: 412Mb L: 98/137 MS: 2 ShuffleBytes-EraseBytes-
#157213	REDUCE cov: 567 ft: 2104 corp: 463/16Kb lim: 138 exec/s: 17468 rss: 412Mb L: 61/137 MS: 1 EraseBytes-
#157960	NEW    cov: 567 ft: 2106 corp: 464/16Kb lim: 145 exec/s: 17551 rss: 414Mb L: 139/139 MS: 2 ChangeByte-InsertRepeatedBytes-
#158256	REDUCE cov: 567 ft: 2106 corp: 464/16Kb lim: 145 exec/s: 17584 rss: 415Mb L: 40/139 MS: 1 EraseBytes-
#158301	NEW    cov: 567 ft: 2109 corp: 465/16Kb lim: 145 exec/s: 17589 rss: 415Mb L: 126/139 MS: 5 EraseBytes-InsertByte-ChangeBinInt-PersAutoDict-CopyPart- DE: "\001\200"-
#158518	REDUCE cov: 567 ft: 2109 corp: 465/16Kb lim: 145 exec/s: 17613 rss: 416Mb L: 18/139 MS: 2 CopyPart-EraseBytes-
#158589	REDUCE cov: 567 ft: 2109 corp: 465/16Kb lim: 145 exec/s: 17621 rss: 416Mb L: 73/139 MS: 1 EraseBytes-
#158699	REDUCE cov: 567 ft: 2112 corp: 466/17Kb lim: 145 exec/s: 17633 rss: 416Mb L: 145/145 MS: 5 InsertRepeatedBytes-ChangeBit-CMP-ShuffleBytes-InsertRepeatedBytes- DE: "\374\377\000\000"-
#158715	REDUCE cov: 567 ft: 2112 corp: 466/17Kb lim: 145 exec/s: 17635 rss: 417Mb L: 79/145 MS: 1 EraseBytes-
#158946	REDUCE cov: 567 ft: 2114 corp: 467/17Kb lim: 145 exec/s: 17660 rss: 417Mb L: 87/145 MS: 1 CopyPart-
#158982	REDUCE cov: 567 ft: 2114 corp: 467/17Kb lim: 145 exec/s: 17664 rss: 417Mb L: 15/145 MS: 1 EraseBytes-
#159108	REDUCE cov: 567 ft: 2114 corp: 467/17Kb lim: 145 exec/s: 17678 rss: 418Mb L: 56/145 MS: 1 CrossOver-
#159134	REDUCE cov: 567 ft: 2114 corp: 467/17Kb lim: 145 exec/s: 17681 rss: 418Mb L: 48/145 MS: 1 EraseBytes-
#159240	REDUCE cov: 567 ft: 2114 corp: 467/17Kb lim: 145 exec/s: 17693 rss: 418Mb L: 75/145 MS: 1 EraseBytes-
#159301	REDUCE cov: 567 ft: 2114 corp: 467/17Kb lim: 145 exec/s: 17700 rss: 418Mb L: 11/145 MS: 1 EraseBytes-
#159323	REDUCE cov: 567 ft: 2114 corp: 467/17Kb lim: 145 exec/s: 17702 rss: 418Mb L: 11/145 MS: 2 ChangeBit-EraseBytes-
#159330	REDUCE cov: 567 ft: 2114 corp: 467/17Kb lim: 145 exec/s: 17703 rss: 419Mb L: 90/145 MS: 2 PersAutoDict-EraseBytes- DE: "\"\000\000\000"-
#159636	NEW    cov: 567 ft: 2115 corp: 468/17Kb lim: 145 exec/s: 17737 rss: 419Mb L: 125/145 MS: 1 CopyPart-
#159683	REDUCE cov: 567 ft: 2115 corp: 468/17Kb lim: 145 exec/s: 17742 rss: 420Mb L: 33/145 MS: 2 ShuffleBytes-EraseBytes-
#159697	REDUCE cov: 567 ft: 2115 corp: 468/17Kb lim: 145 exec/s: 17744 rss: 420Mb L: 35/145 MS: 4 EraseBytes-InsertByte-ShuffleBytes-CopyPart-
#159823	REDUCE cov: 567 ft: 2115 corp: 468/17Kb lim: 145 exec/s: 17758 rss: 420Mb L: 4/145 MS: 1 EraseBytes-
#159855	NEW    cov: 567 ft: 2117 corp: 469/17Kb lim: 145 exec/s: 17761 rss: 420Mb L: 30/145 MS: 2 ChangeByte-CopyPart-
#159859	REDUCE cov: 567 ft: 2119 corp: 470/17Kb lim: 145 exec/s: 17762 rss: 420Mb L: 40/145 MS: 4 CrossOver-ShuffleBytes-InsertByte-CopyPart-
#159906	REDUCE cov: 567 ft: 2120 corp: 471/17Kb lim: 145 exec/s: 17767 rss: 420Mb L: 97/145 MS: 2 PersAutoDict-CopyPart- DE: "\010\000\000\000"-
#159943	REDUCE cov: 567 ft: 2120 corp: 471/17Kb lim: 145 exec/s: 17771 rss: 420Mb L: 103/145 MS: 2 PersAutoDict-CrossOver- DE: "\377\377\377\377"-
#159997	NEW    cov: 567 ft: 2121 corp: 472/17Kb lim: 145 exec/s: 17777 rss: 421Mb L: 138/145 MS: 4 CopyPart-CrossOver-InsertByte-CopyPart-
#160269	REDUCE cov: 567 ft: 2121 corp: 472/17Kb lim: 145 exec/s: 17807 rss: 421Mb L: 10/145 MS: 2 ShuffleBytes-EraseBytes-
#160590	REDUCE cov: 567 ft: 2121 corp: 472/17Kb lim: 145 exec/s: 17843 rss: 422Mb L: 23/145 MS: 1 EraseBytes-
#160599	REDUCE cov: 567 ft: 2121 corp: 472/17Kb lim: 145 exec/s: 17844 rss: 422Mb L: 38/145 MS: 4 ShuffleBytes-InsertByte-EraseBytes-CopyPart-
#160695	REDUCE cov: 567 ft: 2121 corp: 472/17Kb lim: 145 exec/s: 17855 rss: 423Mb L: 77/145 MS: 1 EraseBytes-
#160719	NEW    cov: 567 ft: 2122 corp: 473/17Kb lim: 145 exec/s: 17857 rss: 423Mb L: 144/145 MS: 4 InsertByte-ChangeByte-InsertRepeatedBytes-CopyPart-
#160796	REDUCE cov: 567 ft: 2122 corp: 473/17Kb lim: 145 exec/s: 17866 rss: 423Mb L: 72/145 MS: 2 CopyPart-EraseBytes-
#160862	REDUCE cov: 567 ft: 2122 corp: 473/17Kb lim: 145 exec/s: 17873 rss: 423Mb L: 26/145 MS: 1 CrossOver-
#161292	REDUCE cov: 567 ft: 2122 corp: 473/17Kb lim: 145 exec/s: 17921 rss: 424Mb L: 21/145 MS: 5 ChangeByte-ShuffleBytes-CopyPart-CrossOver-EraseBytes-
#161328	NEW    cov: 567 ft: 2124 corp: 474/17Kb lim: 145 exec/s: 17925 rss: 424Mb L: 30/145 MS: 1 PersAutoDict- DE: "\377\377\377\377"-
#161395	REDUCE cov: 567 ft: 2124 corp: 474/17Kb lim: 145 exec/s: 17932 rss: 425Mb L: 38/145 MS: 2 ShuffleBytes-EraseBytes-
#161403	REDUCE cov: 567 ft: 2124 corp: 474/17Kb lim: 145 exec/s: 17933 rss: 425Mb L: 30/145 MS: 3 ChangeBinInt-ChangeByte-EraseBytes-
#161539	REDUCE cov: 567 ft: 2124 corp: 474/17Kb lim: 145 exec/s: 17948 rss: 425Mb L: 65/145 MS: 1 EraseBytes-
#161642	REDUCE cov: 567 ft: 2125 corp: 475/17Kb lim: 145 exec/s: 17960 rss: 426Mb L: 107/145 MS: 3 CrossOver-PersAutoDict-CopyPart- DE: "\377\374"-
#161723	REDUCE cov: 567 ft: 2125 corp: 475/17Kb lim: 145 exec/s: 17969 rss: 426Mb L: 10/145 MS: 1 EraseBytes-
#161735	NEW    cov: 567 ft: 2126 corp: 476/17Kb lim: 145 exec/s: 17970 rss: 426Mb L: 135/145 MS: 2 ChangeByte-InsertRepeatedBytes-
#161861	REDUCE cov: 567 ft: 2126 corp: 476/17Kb lim: 145 exec/s: 17984 rss: 426Mb L: 14/145 MS: 1 EraseBytes-
#162122	REDUCE cov: 567 ft: 2126 corp: 476/17Kb lim: 145 exec/s: 18013 rss: 427Mb L: 35/145 MS: 1 EraseBytes-
#162569	REDUCE cov: 567 ft: 2126 corp: 476/17Kb lim: 145 exec/s: 18063 rss: 428Mb L: 9/145 MS: 2 EraseBytes-ChangeBit-
#162687	REDUCE cov: 567 ft: 2126 corp: 476/17Kb lim: 145 exec/s: 18076 rss: 429Mb L: 80/145 MS: 3 CopyPart-ChangeByte-EraseBytes-
#163033	REDUCE cov: 567 ft: 2126 corp: 476/17Kb lim: 145 exec/s: 18114 rss: 430Mb L: 56/145 MS: 1 EraseBytes-
#163050	REDUCE cov: 567 ft: 2126 corp: 476/17Kb lim: 145 exec/s: 18116 rss: 430Mb L: 50/145 MS: 2 ChangeByte-EraseBytes-
#163264	REDUCE cov: 567 ft: 2126 corp: 476/17Kb lim: 145 exec/s: 18140 rss: 430Mb L: 5/145 MS: 4 ChangeBinInt-CopyPart-ShuffleBytes-EraseBytes-
#163314	NEW    cov: 567 ft: 2139 corp: 477/17Kb lim: 145 exec/s: 18146 rss: 431Mb L: 137/145 MS: 5 CopyPart-ChangeASCIIInt-CMP-ChangeASCIIInt-CopyPart- DE: "\010\000\000\000\000\000\000\000"-
#163560	REDUCE cov: 567 ft: 2139 corp: 477/17Kb lim: 145 exec/s: 18173 rss: 431Mb L: 14/145 MS: 1 EraseBytes-
#163583	REDUCE cov: 567 ft: 2139 corp: 477/17Kb lim: 145 exec/s: 18175 rss: 431Mb L: 66/145 MS: 3 ChangeASCIIInt-InsertByte-EraseBytes-
#163617	REDUCE cov: 567 ft: 2139 corp: 477/17Kb lim: 145 exec/s: 18179 rss: 432Mb L: 61/145 MS: 4 ChangeBinInt-ChangeByte-PersAutoDict-CrossOver- DE: "\201\000\000\000\000\000\000N"-
#163659	REDUCE cov: 567 ft: 2140 corp: 478/17Kb lim: 145 exec/s: 18184 rss: 432Mb L: 56/145 MS: 2 ChangeByte-CopyPart-
#163786	REDUCE cov: 567 ft: 2140 corp: 478/17Kb lim: 145 exec/s: 18198 rss: 432Mb L: 46/145 MS: 2 ChangeBit-EraseBytes-
#163903	REDUCE cov: 567 ft: 2140 corp: 478/17Kb lim: 145 exec/s: 18211 rss: 433Mb L: 87/145 MS: 2 ChangeBit-EraseBytes-
#163909	REDUCE cov: 567 ft: 2140 corp: 478/17Kb lim: 145 exec/s: 18212 rss: 433Mb L: 28/145 MS: 1 EraseBytes-
#164040	REDUCE cov: 567 ft: 2141 corp: 479/18Kb lim: 145 exec/s: 18226 rss: 433Mb L: 140/145 MS: 1 InsertRepeatedBytes-
#164080	NEW    cov: 567 ft: 2142 corp: 480/18Kb lim: 145 exec/s: 18231 rss: 433Mb L: 88/145 MS: 5 InsertRepeatedBytes-ChangeByte-InsertByte-ShuffleBytes-CopyPart-
#164106	REDUCE cov: 567 ft: 2142 corp: 480/18Kb lim: 145 exec/s: 18234 rss: 433Mb L: 79/145 MS: 1 EraseBytes-
#164405	REDUCE cov: 567 ft: 2142 corp: 480/18Kb lim: 145 exec/s: 18267 rss: 434Mb L: 61/145 MS: 4 ChangeBinInt-InsertByte-PersAutoDict-EraseBytes- DE: "\001\000\000\000\000\000\000\200"-
#164896	REDUCE cov: 567 ft: 2142 corp: 480/18Kb lim: 145 exec/s: 18321 rss: 436Mb L: 4/145 MS: 1 EraseBytes-
#164904	REDUCE cov: 567 ft: 2142 corp: 480/18Kb lim: 145 exec/s: 18322 rss: 436Mb L: 29/145 MS: 3 ChangeByte-ChangeByte-EraseBytes-
#164921	REDUCE cov: 568 ft: 2143 corp: 481/18Kb lim: 145 exec/s: 18324 rss: 436Mb L: 46/145 MS: 2 EraseBytes-CrossOver-
#165082	REDUCE cov: 568 ft: 2148 corp: 482/18Kb lim: 145 exec/s: 18342 rss: 436Mb L: 145/145 MS: 1 CopyPart-
#165118	REDUCE cov: 568 ft: 2148 corp: 482/18Kb lim: 145 exec/s: 18346 rss: 436Mb L: 60/145 MS: 1 EraseBytes-
#165232	REDUCE cov: 568 ft: 2148 corp: 482/18Kb lim: 145 exec/s: 18359 rss: 437Mb L: 55/145 MS: 4 ChangeASCIIInt-ShuffleBytes-EraseBytes-CopyPart-
#165233	REDUCE cov: 568 ft: 2148 corp: 482/18Kb lim: 145 exec/s: 18359 rss: 437Mb L: 83/145 MS: 1 EraseBytes-
#165294	REDUCE cov: 568 ft: 2148 corp: 482/18Kb lim: 145 exec/s: 18366 rss: 437Mb L: 50/145 MS: 1 EraseBytes-
#165531	REDUCE cov: 568 ft: 2148 corp: 482/18Kb lim: 145 exec/s: 18392 rss: 437Mb L: 54/145 MS: 2 EraseBytes-CopyPart-
#165692	REDUCE cov: 568 ft: 2148 corp: 482/18Kb lim: 145 exec/s: 18410 rss: 438Mb L: 8/145 MS: 1 EraseBytes-
#165741	REDUCE cov: 568 ft: 2148 corp: 482/18Kb lim: 145 exec/s: 18415 rss: 438Mb L: 62/145 MS: 4 CopyPart-CopyPart-ChangeByte-EraseBytes-
#165747	REDUCE cov: 568 ft: 2148 corp: 482/18Kb lim: 145 exec/s: 18416 rss: 438Mb L: 26/145 MS: 1 EraseBytes-
#166013	REDUCE cov: 568 ft: 2148 corp: 482/18Kb lim: 145 exec/s: 18445 rss: 439Mb L: 3/145 MS: 1 EraseBytes-
#166519	REDUCE cov: 568 ft: 2148 corp: 482/18Kb lim: 145 exec/s: 18502 rss: 440Mb L: 6/145 MS: 1 EraseBytes-
#166895	REDUCE cov: 568 ft: 2148 corp: 482/18Kb lim: 145 exec/s: 18543 rss: 442Mb L: 15/145 MS: 1 EraseBytes-
#167051	REDUCE cov: 568 ft: 2148 corp: 482/18Kb lim: 145 exec/s: 18561 rss: 442Mb L: 2/145 MS: 1 EraseBytes-
#167282	REDUCE cov: 568 ft: 2148 corp: 482/18Kb lim: 145 exec/s: 18586 rss: 443Mb L: 31/145 MS: 1 EraseBytes-
#167494	REDUCE cov: 568 ft: 2149 corp: 483/18Kb lim: 145 exec/s: 18610 rss: 443Mb L: 9/145 MS: 2 InsertByte-CopyPart-
#167503	NEW    cov: 568 ft: 2152 corp: 484/18Kb lim: 145 exec/s: 18611 rss: 443Mb L: 128/145 MS: 4 CMP-ChangeBit-CopyPart-CopyPart- DE: "'\000\000\000"-
#167567	REDUCE cov: 568 ft: 2153 corp: 485/18Kb lim: 145 exec/s: 18618 rss: 443Mb L: 133/145 MS: 4 ChangeBit-ChangeBit-ChangeBinInt-CopyPart-
#167585	REDUCE cov: 568 ft: 2153 corp: 485/18Kb lim: 145 exec/s: 18620 rss: 444Mb L: 84/145 MS: 3 PersAutoDict-ChangeBit-EraseBytes- DE: "\031\000"-
#167731	REDUCE cov: 568 ft: 2153 corp: 485/18Kb lim: 145 exec/s: 18636 rss: 444Mb L: 11/145 MS: 1 EraseBytes-
#167748	NEW    cov: 568 ft: 2158 corp: 486/18Kb lim: 145 exec/s: 18638 rss: 444Mb L: 145/145 MS: 2 ChangeASCIIInt-ChangeBinInt-
#167885	NEW    cov: 568 ft: 2159 corp: 487/18Kb lim: 145 exec/s: 18653 rss: 444Mb L: 139/145 MS: 2 CopyPart-CopyPart-
#168106	REDUCE cov: 568 ft: 2159 corp: 487/18Kb lim: 145 exec/s: 18678 rss: 445Mb L: 41/145 MS: 1 EraseBytes-
#168651	REDUCE cov: 568 ft: 2159 corp: 487/18Kb lim: 145 exec/s: 18739 rss: 447Mb L: 40/145 MS: 5 PersAutoDict-PersAutoDict-CMP-EraseBytes-CopyPart- DE: "\001\000\000\000\000\000\000\001"-"d\000\000\000"-"\206\000\000\000"-
#168654	REDUCE cov: 568 ft: 2159 corp: 487/18Kb lim: 145 exec/s: 18739 rss: 447Mb L: 72/145 MS: 3 CMP-ChangeBit-EraseBytes- DE: "'\000"-
#168672	REDUCE cov: 568 ft: 2159 corp: 487/18Kb lim: 145 exec/s: 18741 rss: 447Mb L: 38/145 MS: 3 ChangeBit-CMP-EraseBytes- DE: "\376\377\377\377\377\377\377\377"-
#168897	REDUCE cov: 568 ft: 2159 corp: 487/18Kb lim: 145 exec/s: 16889 rss: 448Mb L: 76/145 MS: 5 InsertByte-ShuffleBytes-ShuffleBytes-ChangeBit-EraseBytes-
#168923	REDUCE cov: 568 ft: 2159 corp: 487/18Kb lim: 145 exec/s: 16892 rss: 448Mb L: 114/145 MS: 1 EraseBytes-
#169075	REDUCE cov: 568 ft: 2159 corp: 487/18Kb lim: 145 exec/s: 16907 rss: 448Mb L: 67/145 MS: 2 ShuffleBytes-EraseBytes-
#169086	REDUCE cov: 568 ft: 2159 corp: 487/18Kb lim: 145 exec/s: 16908 rss: 448Mb L: 47/145 MS: 1 EraseBytes-
#169142	REDUCE cov: 568 ft: 2159 corp: 487/18Kb lim: 145 exec/s: 16914 rss: 448Mb L: 51/145 MS: 1 EraseBytes-
#169179	REDUCE cov: 568 ft: 2159 corp: 487/18Kb lim: 145 exec/s: 16917 rss: 449Mb L: 143/145 MS: 2 EraseBytes-InsertRepeatedBytes-
#169347	REDUCE cov: 568 ft: 2160 corp: 488/18Kb lim: 145 exec/s: 16934 rss: 449Mb L: 140/145 MS: 3 PersAutoDict-InsertRepeatedBytes-CopyPart- DE: "\001\205"-
#169548	REDUCE cov: 568 ft: 2160 corp: 488/18Kb lim: 145 exec/s: 16954 rss: 451Mb L: 14/145 MS: 1 EraseBytes-
#169990	REDUCE cov: 568 ft: 2160 corp: 488/18Kb lim: 145 exec/s: 16999 rss: 453Mb L: 24/145 MS: 2 ShuffleBytes-EraseBytes-
#170026	REDUCE cov: 568 ft: 2160 corp: 488/18Kb lim: 145 exec/s: 17002 rss: 453Mb L: 106/145 MS: 1 EraseBytes-
#170173	REDUCE cov: 568 ft: 2160 corp: 488/18Kb lim: 145 exec/s: 17017 rss: 453Mb L: 56/145 MS: 2 ChangeByte-EraseBytes-
#170682	NEW    cov: 568 ft: 2165 corp: 489/18Kb lim: 145 exec/s: 17068 rss: 455Mb L: 127/145 MS: 4 ShuffleBytes-ChangeBinInt-CopyPart-CopyPart-
#170764	REDUCE cov: 568 ft: 2165 corp: 489/18Kb lim: 145 exec/s: 17076 rss: 455Mb L: 28/145 MS: 2 InsertByte-EraseBytes-
#170870	REDUCE cov: 568 ft: 2165 corp: 489/18Kb lim: 145 exec/s: 17087 rss: 455Mb L: 22/145 MS: 1 EraseBytes-
#171071	REDUCE cov: 568 ft: 2165 corp: 489/18Kb lim: 145 exec/s: 17107 rss: 456Mb L: 23/145 MS: 1 EraseBytes-
#171421	REDUCE cov: 568 ft: 2165 corp: 489/18Kb lim: 145 exec/s: 17142 rss: 458Mb L: 5/145 MS: 5 ChangeByte-ChangeBinInt-CopyPart-ChangeByte-EraseBytes-
#172168	REDUCE cov: 568 ft: 2165 corp: 489/18Kb lim: 152 exec/s: 17216 rss: 460Mb L: 73/145 MS: 2 ShuffleBytes-EraseBytes-
#172508	REDUCE cov: 568 ft: 2165 corp: 489/18Kb lim: 152 exec/s: 17250 rss: 461Mb L: 10/145 MS: 5 ChangeBit-EraseBytes-ShuffleBytes-ChangeByte-InsertByte-
#172804	REDUCE cov: 568 ft: 2165 corp: 489/18Kb lim: 152 exec/s: 17280 rss: 462Mb L: 131/145 MS: 1 EraseBytes-
#172996	REDUCE cov: 568 ft: 2165 corp: 489/18Kb lim: 152 exec/s: 17299 rss: 462Mb L: 3/145 MS: 2 ChangeByte-EraseBytes-
#173016	REDUCE cov: 568 ft: 2165 corp: 489/18Kb lim: 152 exec/s: 17301 rss: 462Mb L: 96/145 MS: 5 ChangeByte-ChangeBinInt-CopyPart-EraseBytes-EraseBytes-
#173143	REDUCE cov: 568 ft: 2165 corp: 489/18Kb lim: 152 exec/s: 17314 rss: 463Mb L: 36/145 MS: 2 PersAutoDict-EraseBytes- DE: "\001\200"-
#173474	REDUCE cov: 568 ft: 2165 corp: 489/18Kb lim: 152 exec/s: 17347 rss: 464Mb L: 14/145 MS: 1 EraseBytes-
#173536	REDUCE cov: 568 ft: 2165 corp: 489/18Kb lim: 152 exec/s: 17353 rss: 464Mb L: 22/145 MS: 2 ChangeBinInt-EraseBytes-
#173858	REDUCE cov: 568 ft: 2165 corp: 489/18Kb lim: 152 exec/s: 17385 rss: 465Mb L: 21/145 MS: 2 ShuffleBytes-EraseBytes-
#173979	REDUCE cov: 568 ft: 2165 corp: 489/18Kb lim: 152 exec/s: 17397 rss: 466Mb L: 7/145 MS: 1 EraseBytes-
#174105	REDUCE cov: 568 ft: 2165 corp: 489/18Kb lim: 152 exec/s: 17410 rss: 466Mb L: 12/145 MS: 1 EraseBytes-
#174130	REDUCE cov: 568 ft: 2165 corp: 489/18Kb lim: 152 exec/s: 17413 rss: 466Mb L: 122/145 MS: 5 PersAutoDict-ChangeByte-ChangeBit-InsertRepeatedBytes-EraseBytes- DE: "\001\200"-
#174136	REDUCE cov: 568 ft: 2165 corp: 489/18Kb lim: 152 exec/s: 17413 rss: 466Mb L: 44/145 MS: 1 EraseBytes-
#174649	REDUCE cov: 568 ft: 2165 corp: 489/18Kb lim: 152 exec/s: 17464 rss: 468Mb L: 41/145 MS: 3 InsertByte-ChangeByte-EraseBytes-
#174836	REDUCE cov: 568 ft: 2165 corp: 489/18Kb lim: 152 exec/s: 17483 rss: 468Mb L: 15/145 MS: 2 InsertByte-EraseBytes-
#174842	REDUCE cov: 568 ft: 2165 corp: 489/18Kb lim: 152 exec/s: 17484 rss: 468Mb L: 122/145 MS: 1 EraseBytes-
#175148	REDUCE cov: 568 ft: 2165 corp: 489/18Kb lim: 152 exec/s: 17514 rss: 470Mb L: 72/145 MS: 1 EraseBytes-
#175249	REDUCE cov: 568 ft: 2165 corp: 489/18Kb lim: 152 exec/s: 17524 rss: 470Mb L: 21/145 MS: 1 EraseBytes-
#175310	REDUCE cov: 568 ft: 2165 corp: 489/18Kb lim: 152 exec/s: 17531 rss: 470Mb L: 26/145 MS: 1 EraseBytes-
#175651	REDUCE cov: 568 ft: 2165 corp: 489/18Kb lim: 152 exec/s: 17565 rss: 471Mb L: 4/145 MS: 1 EraseBytes-
#175723	REDUCE cov: 568 ft: 2165 corp: 489/18Kb lim: 152 exec/s: 17572 rss: 471Mb L: 20/145 MS: 2 CrossOver-CopyPart-
#175929	REDUCE cov: 568 ft: 2165 corp: 489/18Kb lim: 152 exec/s: 17592 rss: 472Mb L: 51/145 MS: 1 EraseBytes-
#176100	REDUCE cov: 568 ft: 2165 corp: 489/18Kb lim: 152 exec/s: 17610 rss: 474Mb L: 14/145 MS: 1 EraseBytes-
#176116	REDUCE cov: 568 ft: 2165 corp: 489/18Kb lim: 152 exec/s: 17611 rss: 474Mb L: 26/145 MS: 1 EraseBytes-
#176397	REDUCE cov: 568 ft: 2165 corp: 489/18Kb lim: 152 exec/s: 17639 rss: 474Mb L: 25/145 MS: 1 EraseBytes-
#176544	REDUCE cov: 568 ft: 2165 corp: 489/18Kb lim: 152 exec/s: 17654 rss: 474Mb L: 24/145 MS: 2 ChangeBit-EraseBytes-
#176700	REDUCE cov: 568 ft: 2165 corp: 489/18Kb lim: 152 exec/s: 17670 rss: 474Mb L: 24/145 MS: 1 EraseBytes-
#177271	REDUCE cov: 568 ft: 2165 corp: 489/18Kb lim: 152 exec/s: 17727 rss: 474Mb L: 37/145 MS: 1 EraseBytes-
#177365	REDUCE cov: 568 ft: 2165 corp: 489/18Kb lim: 152 exec/s: 17736 rss: 474Mb L: 67/145 MS: 4 CrossOver-ChangeBit-CopyPart-CopyPart-
#177626	REDUCE cov: 568 ft: 2165 corp: 489/18Kb lim: 152 exec/s: 17762 rss: 474Mb L: 22/145 MS: 1 EraseBytes-
#177790	REDUCE cov: 568 ft: 2166 corp: 490/18Kb lim: 152 exec/s: 17779 rss: 474Mb L: 151/151 MS: 4 ChangeBit-InsertRepeatedBytes-ShuffleBytes-InsertRepeatedBytes-
#177906	REDUCE cov: 568 ft: 2166 corp: 490/18Kb lim: 152 exec/s: 17790 rss: 475Mb L: 14/151 MS: 1 EraseBytes-
#177932	REDUCE cov: 568 ft: 2166 corp: 490/18Kb lim: 152 exec/s: 17793 rss: 475Mb L: 61/151 MS: 1 EraseBytes-
#178104	REDUCE cov: 568 ft: 2166 corp: 490/18Kb lim: 152 exec/s: 17810 rss: 475Mb L: 68/151 MS: 2 CMP-EraseBytes- DE: "!\000"-
#178190	REDUCE cov: 568 ft: 2167 corp: 491/19Kb lim: 152 exec/s: 17819 rss: 475Mb L: 150/151 MS: 1 CopyPart-
#178338	NEW    cov: 569 ft: 2168 corp: 492/19Kb lim: 152 exec/s: 17833 rss: 475Mb L: 26/151 MS: 3 ChangeBinInt-CopyPart-EraseBytes-
#178441	REDUCE cov: 569 ft: 2168 corp: 492/19Kb lim: 152 exec/s: 17844 rss: 475Mb L: 11/151 MS: 3 InsertByte-ShuffleBytes-EraseBytes-
#178677	REDUCE cov: 569 ft: 2168 corp: 492/19Kb lim: 152 exec/s: 17867 rss: 475Mb L: 68/151 MS: 1 EraseBytes-
#178810	REDUCE cov: 569 ft: 2168 corp: 492/19Kb lim: 152 exec/s: 17881 rss: 475Mb L: 37/151 MS: 3 ShuffleBytes-CrossOver-EraseBytes-
#178811	REDUCE cov: 569 ft: 2168 corp: 492/19Kb lim: 152 exec/s: 17881 rss: 475Mb L: 42/151 MS: 1 EraseBytes-
#179011	REDUCE cov: 569 ft: 2171 corp: 493/19Kb lim: 152 exec/s: 17901 rss: 475Mb L: 144/151 MS: 5 CopyPart-CopyPart-InsertRepeatedBytes-InsertByte-CopyPart-
#179026	REDUCE cov: 569 ft: 2171 corp: 493/19Kb lim: 152 exec/s: 17902 rss: 475Mb L: 13/151 MS: 5 EraseBytes-ChangeBinInt-CMP-ChangeBit-CopyPart- DE: "\376\377\377\377\377\377\377\177"-
#179143	REDUCE cov: 569 ft: 2171 corp: 493/19Kb lim: 152 exec/s: 17914 rss: 476Mb L: 26/151 MS: 2 CopyPart-EraseBytes-
#179155	REDUCE cov: 569 ft: 2171 corp: 493/19Kb lim: 152 exec/s: 17915 rss: 476Mb L: 48/151 MS: 2 ChangeBinInt-EraseBytes-
#179196	REDUCE cov: 569 ft: 2171 corp: 493/19Kb lim: 152 exec/s: 17919 rss: 476Mb L: 87/151 MS: 1 EraseBytes-
#179278	REDUCE cov: 569 ft: 2171 corp: 493/19Kb lim: 152 exec/s: 17927 rss: 476Mb L: 44/151 MS: 2 CopyPart-EraseBytes-
#179369	REDUCE cov: 569 ft: 2171 corp: 493/19Kb lim: 152 exec/s: 17936 rss: 476Mb L: 106/151 MS: 1 EraseBytes-
#179370	REDUCE cov: 569 ft: 2173 corp: 494/19Kb lim: 152 exec/s: 17937 rss: 476Mb L: 145/151 MS: 1 CopyPart-
#179414	REDUCE cov: 569 ft: 2173 corp: 494/19Kb lim: 152 exec/s: 17941 rss: 476Mb L: 62/151 MS: 4 InsertByte-ChangeBit-ShuffleBytes-EraseBytes-
#179480	REDUCE cov: 569 ft: 2173 corp: 494/19Kb lim: 152 exec/s: 17948 rss: 476Mb L: 5/151 MS: 1 EraseBytes-
#179641	REDUCE cov: 569 ft: 2173 corp: 494/19Kb lim: 152 exec/s: 17964 rss: 476Mb L: 109/151 MS: 1 EraseBytes-
#179902	REDUCE cov: 569 ft: 2173 corp: 494/19Kb lim: 152 exec/s: 17990 rss: 476Mb L: 32/151 MS: 1 EraseBytes-
#179931	REDUCE cov: 569 ft: 2174 corp: 495/19Kb lim: 152 exec/s: 17993 rss: 476Mb L: 33/151 MS: 4 CopyPart-ShuffleBytes-CrossOver-CopyPart-
#180024	REDUCE cov: 569 ft: 2174 corp: 495/19Kb lim: 152 exec/s: 18002 rss: 476Mb L: 14/151 MS: 3 ShuffleBytes-ShuffleBytes-EraseBytes-
#180405	REDUCE cov: 569 ft: 2174 corp: 495/19Kb lim: 152 exec/s: 18040 rss: 477Mb L: 60/151 MS: 1 EraseBytes-
#180546	REDUCE cov: 569 ft: 2174 corp: 495/19Kb lim: 152 exec/s: 18054 rss: 477Mb L: 63/151 MS: 1 EraseBytes-
#180672	REDUCE cov: 569 ft: 2174 corp: 495/19Kb lim: 152 exec/s: 18067 rss: 477Mb L: 3/151 MS: 1 EraseBytes-
#180793	REDUCE cov: 569 ft: 2174 corp: 495/19Kb lim: 152 exec/s: 18079 rss: 477Mb L: 20/151 MS: 1 EraseBytes-
#180944	REDUCE cov: 569 ft: 2174 corp: 495/19Kb lim: 152 exec/s: 18094 rss: 477Mb L: 28/151 MS: 1 EraseBytes-
#181167	REDUCE cov: 569 ft: 2174 corp: 495/19Kb lim: 152 exec/s: 18116 rss: 478Mb L: 121/151 MS: 3 CopyPart-ChangeBinInt-EraseBytes-
#181379	NEW    cov: 569 ft: 2176 corp: 496/19Kb lim: 152 exec/s: 18137 rss: 478Mb L: 85/151 MS: 2 ChangeByte-CopyPart-
#181380	REDUCE cov: 569 ft: 2176 corp: 496/19Kb lim: 152 exec/s: 18138 rss: 478Mb L: 6/151 MS: 1 EraseBytes-
#181541	REDUCE cov: 569 ft: 2176 corp: 496/19Kb lim: 152 exec/s: 18154 rss: 478Mb L: 75/151 MS: 1 EraseBytes-
#181742	REDUCE cov: 569 ft: 2176 corp: 496/19Kb lim: 152 exec/s: 18174 rss: 478Mb L: 25/151 MS: 1 EraseBytes-
#181758	REDUCE cov: 569 ft: 2176 corp: 496/19Kb lim: 152 exec/s: 18175 rss: 478Mb L: 42/151 MS: 1 EraseBytes-
#182314	REDUCE cov: 569 ft: 2176 corp: 496/19Kb lim: 152 exec/s: 18231 rss: 479Mb L: 10/151 MS: 1 EraseBytes-
#182422	NEW    cov: 569 ft: 2177 corp: 497/19Kb lim: 152 exec/s: 18242 rss: 479Mb L: 130/151 MS: 3 ChangeByte-ChangeBit-CopyPart-
#182458	REDUCE cov: 569 ft: 2177 corp: 497/19Kb lim: 152 exec/s: 18245 rss: 479Mb L: 30/151 MS: 1 EraseBytes-
#182460	REDUCE cov: 569 ft: 2178 corp: 498/19Kb lim: 152 exec/s: 18246 rss: 479Mb L: 120/151 MS: 2 ShuffleBytes-CopyPart-
#182618	REDUCE cov: 569 ft: 2178 corp: 498/19Kb lim: 152 exec/s: 18261 rss: 479Mb L: 8/151 MS: 3 ChangeBinInt-EraseBytes-ShuffleBytes-
#182676	REDUCE cov: 569 ft: 2178 corp: 498/19Kb lim: 152 exec/s: 18267 rss: 479Mb L: 58/151 MS: 3 ChangeByte-ChangeBit-EraseBytes-
#182677	REDUCE cov: 569 ft: 2178 corp: 498/19Kb lim: 152 exec/s: 18267 rss: 479Mb L: 86/151 MS: 1 EraseBytes-
#182705	REDUCE cov: 569 ft: 2178 corp: 498/19Kb lim: 152 exec/s: 18270 rss: 479Mb L: 24/151 MS: 3 CrossOver-ChangeBit-EraseBytes-
#183036	REDUCE cov: 569 ft: 2178 corp: 498/19Kb lim: 152 exec/s: 18303 rss: 480Mb L: 78/151 MS: 1 EraseBytes-
#183223	REDUCE cov: 569 ft: 2178 corp: 498/19Kb lim: 152 exec/s: 18322 rss: 480Mb L: 33/151 MS: 2 ChangeByte-EraseBytes-
#183376	REDUCE cov: 569 ft: 2178 corp: 498/19Kb lim: 152 exec/s: 18337 rss: 480Mb L: 33/151 MS: 3 InsertByte-EraseBytes-CopyPart-
#183422	REDUCE cov: 569 ft: 2178 corp: 498/19Kb lim: 152 exec/s: 18342 rss: 480Mb L: 28/151 MS: 1 EraseBytes-
#183574	REDUCE cov: 569 ft: 2178 corp: 498/19Kb lim: 152 exec/s: 18357 rss: 480Mb L: 25/151 MS: 2 InsertByte-EraseBytes-
#183705	REDUCE cov: 569 ft: 2178 corp: 498/19Kb lim: 152 exec/s: 18370 rss: 481Mb L: 8/151 MS: 1 EraseBytes-
#184376	REDUCE cov: 569 ft: 2178 corp: 498/19Kb lim: 152 exec/s: 16761 rss: 481Mb L: 29/151 MS: 1 EraseBytes-
#184427	REDUCE cov: 569 ft: 2178 corp: 498/19Kb lim: 152 exec/s: 16766 rss: 481Mb L: 33/151 MS: 1 EraseBytes-
#184503	REDUCE cov: 569 ft: 2182 corp: 499/19Kb lim: 152 exec/s: 16773 rss: 482Mb L: 143/151 MS: 1 InsertRepeatedBytes-
#184594	REDUCE cov: 569 ft: 2182 corp: 499/19Kb lim: 152 exec/s: 16781 rss: 482Mb L: 3/151 MS: 1 EraseBytes-
#184772	REDUCE cov: 569 ft: 2184 corp: 500/19Kb lim: 152 exec/s: 16797 rss: 482Mb L: 86/151 MS: 3 InsertByte-ChangeBinInt-CopyPart-
#184815	REDUCE cov: 569 ft: 2184 corp: 500/19Kb lim: 152 exec/s: 16801 rss: 482Mb L: 104/151 MS: 3 PersAutoDict-EraseBytes-ShuffleBytes- DE: "\376\377"-
#184853	REDUCE cov: 569 ft: 2184 corp: 500/19Kb lim: 152 exec/s: 16804 rss: 482Mb L: 106/151 MS: 3 ShuffleBytes-ChangeBinInt-EraseBytes-
#185329	REDUCE cov: 569 ft: 2184 corp: 500/19Kb lim: 152 exec/s: 16848 rss: 482Mb L: 25/151 MS: 1 EraseBytes-
#185357	REDUCE cov: 569 ft: 2184 corp: 500/19Kb lim: 152 exec/s: 16850 rss: 482Mb L: 36/151 MS: 3 ChangeBinInt-ChangeBit-EraseBytes-
#185409	REDUCE cov: 569 ft: 2184 corp: 500/19Kb lim: 152 exec/s: 16855 rss: 482Mb L: 7/151 MS: 2 ChangeByte-EraseBytes-
#185425	REDUCE cov: 569 ft: 2184 corp: 500/19Kb lim: 152 exec/s: 16856 rss: 482Mb L: 8/151 MS: 1 EraseBytes-
#185526	REDUCE cov: 569 ft: 2184 corp: 500/19Kb lim: 152 exec/s: 16866 rss: 483Mb L: 23/151 MS: 1 EraseBytes-
#185787	REDUCE cov: 569 ft: 2184 corp: 500/19Kb lim: 152 exec/s: 16889 rss: 483Mb L: 37/151 MS: 1 EraseBytes-
#185853	REDUCE cov: 569 ft: 2184 corp: 500/19Kb lim: 152 exec/s: 16895 rss: 483Mb L: 3/151 MS: 1 EraseBytes-
#185860	REDUCE cov: 569 ft: 2184 corp: 500/19Kb lim: 152 exec/s: 16896 rss: 483Mb L: 49/151 MS: 2 ChangeBinInt-EraseBytes-
#186018	REDUCE cov: 569 ft: 2184 corp: 500/19Kb lim: 152 exec/s: 16910 rss: 483Mb L: 16/151 MS: 3 InsertByte-ChangeBit-EraseBytes-
#186057	REDUCE cov: 569 ft: 2184 corp: 500/19Kb lim: 152 exec/s: 16914 rss: 483Mb L: 39/151 MS: 4 CMP-ChangeByte-InsertByte-EraseBytes- DE: "\000\000\000\000"-
#186218	REDUCE cov: 569 ft: 2184 corp: 500/19Kb lim: 152 exec/s: 16928 rss: 484Mb L: 14/151 MS: 1 EraseBytes-
#186226	REDUCE cov: 569 ft: 2184 corp: 500/19Kb lim: 152 exec/s: 16929 rss: 484Mb L: 4/151 MS: 3 CopyPart-ShuffleBytes-EraseBytes-
#186244	REDUCE cov: 569 ft: 2184 corp: 500/19Kb lim: 152 exec/s: 16931 rss: 484Mb L: 85/151 MS: 3 CopyPart-InsertRepeatedBytes-EraseBytes-
#186670	REDUCE cov: 569 ft: 2184 corp: 500/19Kb lim: 152 exec/s: 16970 rss: 484Mb L: 52/151 MS: 1 EraseBytes-
#186702	REDUCE cov: 569 ft: 2184 corp: 500/19Kb lim: 152 exec/s: 16972 rss: 484Mb L: 115/151 MS: 2 PersAutoDict-EraseBytes- DE: "!\000"-
#186724	NEW    cov: 569 ft: 2186 corp: 501/19Kb lim: 152 exec/s: 16974 rss: 484Mb L: 146/151 MS: 2 ChangeBinInt-CopyPart-
#186893	REDUCE cov: 569 ft: 2186 corp: 501/19Kb lim: 152 exec/s: 16990 rss: 484Mb L: 141/151 MS: 4 InsertRepeatedBytes-ChangeBit-InsertByte-EraseBytes-
#187039	REDUCE cov: 569 ft: 2186 corp: 501/19Kb lim: 152 exec/s: 17003 rss: 485Mb L: 6/151 MS: 1 EraseBytes-
#187375	REDUCE cov: 569 ft: 2186 corp: 501/19Kb lim: 152 exec/s: 17034 rss: 485Mb L: 53/151 MS: 1 EraseBytes-
#188107	REDUCE cov: 569 ft: 2186 corp: 501/19Kb lim: 159 exec/s: 17100 rss: 487Mb L: 55/151 MS: 2 PersAutoDict-EraseBytes- DE: "\000\000\000\000\000\000\000\010"-
#188891	REDUCE cov: 569 ft: 2186 corp: 501/19Kb lim: 166 exec/s: 17171 rss: 488Mb L: 26/151 MS: 4 InsertByte-ChangeBinInt-EraseBytes-CrossOver-
#188992	REDUCE cov: 569 ft: 2186 corp: 501/19Kb lim: 166 exec/s: 17181 rss: 488Mb L: 31/151 MS: 1 EraseBytes-
#189115	REDUCE cov: 569 ft: 2186 corp: 501/19Kb lim: 166 exec/s: 17192 rss: 489Mb L: 38/151 MS: 3 ChangeByte-ChangeASCIIInt-EraseBytes-
#189128	NEW    cov: 569 ft: 2187 corp: 502/19Kb lim: 166 exec/s: 17193 rss: 489Mb L: 149/151 MS: 3 CopyPart-ChangeBit-CopyPart-
#189216	REDUCE cov: 569 ft: 2187 corp: 502/19Kb lim: 166 exec/s: 17201 rss: 489Mb L: 41/151 MS: 3 CopyPart-ChangeBinInt-EraseBytes-
#189249	REDUCE cov: 569 ft: 2187 corp: 502/19Kb lim: 166 exec/s: 17204 rss: 489Mb L: 66/151 MS: 3 CopyPart-PersAutoDict-CrossOver- DE: "\206\000\000\000"-
#189457	REDUCE cov: 569 ft: 2187 corp: 502/19Kb lim: 166 exec/s: 17223 rss: 489Mb L: 127/151 MS: 3 InsertRepeatedBytes-ChangeByte-EraseBytes-
#189511	REDUCE cov: 569 ft: 2187 corp: 502/19Kb lim: 166 exec/s: 17228 rss: 489Mb L: 75/151 MS: 4 ChangeByte-ShuffleBytes-EraseBytes-CopyPart-
#189573	REDUCE cov: 569 ft: 2187 corp: 502/19Kb lim: 166 exec/s: 17233 rss: 489Mb L: 45/151 MS: 2 CopyPart-EraseBytes-
#189604	REDUCE cov: 569 ft: 2187 corp: 502/19Kb lim: 166 exec/s: 17236 rss: 489Mb L: 74/151 MS: 1 EraseBytes-
#189700	REDUCE cov: 569 ft: 2187 corp: 502/19Kb lim: 166 exec/s: 17245 rss: 489Mb L: 27/151 MS: 1 EraseBytes-
#189856	REDUCE cov: 569 ft: 2187 corp: 502/19Kb lim: 166 exec/s: 17259 rss: 489Mb L: 9/151 MS: 1 EraseBytes-
#190297	REDUCE cov: 569 ft: 2187 corp: 502/19Kb lim: 166 exec/s: 17299 rss: 489Mb L: 123/151 MS: 1 EraseBytes-
#190473	REDUCE cov: 569 ft: 2187 corp: 502/19Kb lim: 166 exec/s: 17315 rss: 489Mb L: 28/151 MS: 1 EraseBytes-
#191060	REDUCE cov: 569 ft: 2188 corp: 503/20Kb lim: 166 exec/s: 17369 rss: 490Mb L: 127/151 MS: 2 CopyPart-CopyPart-
#191176	REDUCE cov: 569 ft: 2188 corp: 503/20Kb lim: 166 exec/s: 17379 rss: 490Mb L: 18/151 MS: 1 EraseBytes-
#191590	REDUCE cov: 569 ft: 2188 corp: 503/20Kb lim: 166 exec/s: 17417 rss: 490Mb L: 26/151 MS: 4 ChangeByte-ChangeBit-ChangeByte-EraseBytes-
#191992	REDUCE cov: 569 ft: 2188 corp: 503/20Kb lim: 166 exec/s: 17453 rss: 490Mb L: 70/151 MS: 2 ShuffleBytes-EraseBytes-
#192217	REDUCE cov: 569 ft: 2188 corp: 503/20Kb lim: 166 exec/s: 17474 rss: 490Mb L: 31/151 MS: 5 InsertByte-ChangeBit-ChangeBit-InsertByte-EraseBytes-
#192248	REDUCE cov: 569 ft: 2188 corp: 503/20Kb lim: 166 exec/s: 17477 rss: 490Mb L: 22/151 MS: 1 EraseBytes-
#192409	REDUCE cov: 569 ft: 2188 corp: 503/20Kb lim: 166 exec/s: 17491 rss: 490Mb L: 85/151 MS: 1 EraseBytes-
#192513	REDUCE cov: 570 ft: 2189 corp: 504/20Kb lim: 166 exec/s: 17501 rss: 490Mb L: 149/151 MS: 4 InsertRepeatedBytes-InsertRepeatedBytes-ShuffleBytes-ChangeByte-
#192814	REDUCE cov: 570 ft: 2189 corp: 504/20Kb lim: 166 exec/s: 17528 rss: 491Mb L: 22/151 MS: 1 EraseBytes-
#192846	NEW    cov: 570 ft: 2190 corp: 505/20Kb lim: 166 exec/s: 17531 rss: 491Mb L: 60/151 MS: 2 ChangeByte-CopyPart-
#192927	REDUCE cov: 570 ft: 2190 corp: 505/20Kb lim: 166 exec/s: 17538 rss: 491Mb L: 28/151 MS: 1 EraseBytes-
#192948	REDUCE cov: 570 ft: 2190 corp: 505/20Kb lim: 166 exec/s: 17540 rss: 491Mb L: 8/151 MS: 1 EraseBytes-
#193636	REDUCE cov: 570 ft: 2190 corp: 505/20Kb lim: 166 exec/s: 17603 rss: 491Mb L: 41/151 MS: 3 InsertByte-ChangeASCIIInt-EraseBytes-
#193667	REDUCE cov: 570 ft: 2190 corp: 505/20Kb lim: 166 exec/s: 17606 rss: 491Mb L: 75/151 MS: 1 EraseBytes-
#193988	REDUCE cov: 570 ft: 2190 corp: 505/20Kb lim: 166 exec/s: 17635 rss: 491Mb L: 12/151 MS: 1 EraseBytes-
#194024	REDUCE cov: 570 ft: 2190 corp: 505/20Kb lim: 166 exec/s: 17638 rss: 491Mb L: 140/151 MS: 1 EraseBytes-
#194256	REDUCE cov: 570 ft: 2190 corp: 505/20Kb lim: 166 exec/s: 17659 rss: 492Mb L: 6/151 MS: 2 ChangeBit-EraseBytes-
#194265	NEW    cov: 572 ft: 2192 corp: 506/20Kb lim: 166 exec/s: 17660 rss: 492Mb L: 8/151 MS: 4 ChangeBinInt-EraseBytes-ShuffleBytes-ChangeBinInt-
#194653	REDUCE cov: 572 ft: 2193 corp: 507/20Kb lim: 166 exec/s: 17695 rss: 492Mb L: 134/151 MS: 3 CMP-InsertByte-CopyPart- DE: "\377\377\377\377\377\377\377A"-
#194889	REDUCE cov: 572 ft: 2193 corp: 507/20Kb lim: 166 exec/s: 17717 rss: 492Mb L: 9/151 MS: 1 EraseBytes-
#195236	REDUCE cov: 572 ft: 2193 corp: 507/20Kb lim: 166 exec/s: 17748 rss: 492Mb L: 37/151 MS: 2 ChangeByte-EraseBytes-
#195345	REDUCE cov: 572 ft: 2193 corp: 507/20Kb lim: 166 exec/s: 17758 rss: 492Mb L: 59/151 MS: 4 CMP-EraseBytes-CopyPart-CopyPart- DE: "\246\000"-
#195476	REDUCE cov: 572 ft: 2193 corp: 507/20Kb lim: 166 exec/s: 17770 rss: 493Mb L: 27/151 MS: 1 EraseBytes-
#195477	REDUCE cov: 572 ft: 2195 corp: 508/20Kb lim: 166 exec/s: 17770 rss: 493Mb L: 4/151 MS: 1 CopyPart-
#195488	REDUCE cov: 572 ft: 2195 corp: 508/20Kb lim: 166 exec/s: 17771 rss: 493Mb L: 90/151 MS: 1 CrossOver-
#196014	REDUCE cov: 572 ft: 2195 corp: 508/20Kb lim: 166 exec/s: 17819 rss: 493Mb L: 97/151 MS: 1 EraseBytes-
#196732	REDUCE cov: 572 ft: 2195 corp: 508/20Kb lim: 173 exec/s: 17884 rss: 494Mb L: 37/151 MS: 3 ChangeBinInt-InsertByte-EraseBytes-
#196854	REDUCE cov: 572 ft: 2195 corp: 508/20Kb lim: 173 exec/s: 17895 rss: 494Mb L: 35/151 MS: 2 CopyPart-EraseBytes-
#196961	REDUCE cov: 572 ft: 2195 corp: 508/20Kb lim: 173 exec/s: 17905 rss: 494Mb L: 24/151 MS: 2 ChangeByte-EraseBytes-
#197028	REDUCE cov: 572 ft: 2195 corp: 508/20Kb lim: 173 exec/s: 17911 rss: 494Mb L: 121/151 MS: 2 ChangeByte-EraseBytes-
#197134	REDUCE cov: 572 ft: 2195 corp: 508/20Kb lim: 173 exec/s: 17921 rss: 494Mb L: 62/151 MS: 1 EraseBytes-
#197165	REDUCE cov: 572 ft: 2195 corp: 508/20Kb lim: 173 exec/s: 17924 rss: 494Mb L: 80/151 MS: 1 EraseBytes-
#197211	REDUCE cov: 572 ft: 2195 corp: 508/20Kb lim: 173 exec/s: 17928 rss: 494Mb L: 46/151 MS: 1 EraseBytes-
#197417	REDUCE cov: 572 ft: 2195 corp: 508/20Kb lim: 173 exec/s: 17947 rss: 495Mb L: 26/151 MS: 1 EraseBytes-
#197511	REDUCE cov: 572 ft: 2195 corp: 508/20Kb lim: 173 exec/s: 17955 rss: 495Mb L: 82/151 MS: 4 ChangeBit-CopyPart-CrossOver-EraseBytes-
#197513	REDUCE cov: 572 ft: 2195 corp: 508/20Kb lim: 173 exec/s: 17955 rss: 495Mb L: 21/151 MS: 2 InsertByte-EraseBytes-
#197854	REDUCE cov: 572 ft: 2195 corp: 508/20Kb lim: 173 exec/s: 17986 rss: 495Mb L: 24/151 MS: 1 EraseBytes-
#197865	REDUCE cov: 572 ft: 2195 corp: 508/20Kb lim: 173 exec/s: 17987 rss: 495Mb L: 69/151 MS: 1 EraseBytes-
#197968	REDUCE cov: 572 ft: 2195 corp: 508/20Kb lim: 173 exec/s: 17997 rss: 495Mb L: 23/151 MS: 3 InsertByte-ChangeByte-EraseBytes-
#198085	REDUCE cov: 572 ft: 2195 corp: 508/20Kb lim: 173 exec/s: 18007 rss: 495Mb L: 31/151 MS: 2 ChangeBit-EraseBytes-
#198261	REDUCE cov: 572 ft: 2195 corp: 508/20Kb lim: 173 exec/s: 18023 rss: 496Mb L: 50/151 MS: 1 EraseBytes-
#198567	REDUCE cov: 572 ft: 2195 corp: 508/20Kb lim: 173 exec/s: 18051 rss: 496Mb L: 46/151 MS: 1 EraseBytes-
#199293	REDUCE cov: 572 ft: 2195 corp: 508/20Kb lim: 180 exec/s: 18117 rss: 497Mb L: 12/151 MS: 1 EraseBytes-
#199344	REDUCE cov: 572 ft: 2195 corp: 508/20Kb lim: 180 exec/s: 18122 rss: 497Mb L: 92/151 MS: 1 EraseBytes-
#199625	REDUCE cov: 572 ft: 2195 corp: 508/20Kb lim: 180 exec/s: 16635 rss: 497Mb L: 89/151 MS: 1 EraseBytes-
#199652	REDUCE cov: 572 ft: 2197 corp: 509/20Kb lim: 180 exec/s: 16637 rss: 497Mb L: 179/179 MS: 2 ChangeBinInt-CopyPart-
#199688	REDUCE cov: 572 ft: 2197 corp: 509/20Kb lim: 180 exec/s: 16640 rss: 497Mb L: 30/179 MS: 1 EraseBytes-
#199993	REDUCE cov: 572 ft: 2229 corp: 510/20Kb lim: 180 exec/s: 16666 rss: 498Mb L: 176/179 MS: 5 ShuffleBytes-InsertRepeatedBytes-InsertByte-InsertByte-CopyPart-
#200229	REDUCE cov: 572 ft: 2229 corp: 510/20Kb lim: 180 exec/s: 16685 rss: 498Mb L: 133/179 MS: 1 EraseBytes-
#200242	REDUCE cov: 572 ft: 2229 corp: 510/20Kb lim: 180 exec/s: 16686 rss: 498Mb L: 21/179 MS: 3 ChangeBit-ChangeByte-EraseBytes-
#200543	REDUCE cov: 572 ft: 2229 corp: 510/20Kb lim: 180 exec/s: 16711 rss: 499Mb L: 21/179 MS: 1 EraseBytes-
#200747	REDUCE cov: 572 ft: 2229 corp: 510/20Kb lim: 180 exec/s: 16728 rss: 499Mb L: 7/179 MS: 4 ChangeByte-EraseBytes-CMP-PersAutoDict- DE: "\377\377"-"\377\377\377\015"-
#201303	REDUCE cov: 572 ft: 2229 corp: 510/20Kb lim: 180 exec/s: 16775 rss: 500Mb L: 99/179 MS: 1 EraseBytes-
#201514	REDUCE cov: 572 ft: 2229 corp: 510/20Kb lim: 180 exec/s: 16792 rss: 500Mb L: 41/179 MS: 1 EraseBytes-
#201575	REDUCE cov: 572 ft: 2229 corp: 510/20Kb lim: 180 exec/s: 16797 rss: 500Mb L: 28/179 MS: 1 EraseBytes-
#201746	REDUCE cov: 572 ft: 2234 corp: 511/20Kb lim: 180 exec/s: 16812 rss: 500Mb L: 117/179 MS: 1 CopyPart-
#201827	NEW    cov: 572 ft: 2235 corp: 512/20Kb lim: 180 exec/s: 16818 rss: 500Mb L: 166/179 MS: 1 CopyPart-
#201868	REDUCE cov: 572 ft: 2235 corp: 512/20Kb lim: 180 exec/s: 16822 rss: 500Mb L: 138/179 MS: 1 EraseBytes-
#202074	REDUCE cov: 573 ft: 2236 corp: 513/20Kb lim: 180 exec/s: 16839 rss: 500Mb L: 2/179 MS: 1 ChangeBit-
#202335	REDUCE cov: 573 ft: 2236 corp: 513/20Kb lim: 180 exec/s: 16861 rss: 500Mb L: 34/179 MS: 1 EraseBytes-
#202462	REDUCE cov: 573 ft: 2236 corp: 513/20Kb lim: 180 exec/s: 16871 rss: 500Mb L: 22/179 MS: 2 ChangeBinInt-EraseBytes-
#202664	REDUCE cov: 573 ft: 2236 corp: 513/20Kb lim: 180 exec/s: 16888 rss: 500Mb L: 17/179 MS: 2 InsertByte-EraseBytes-
#202779	REDUCE cov: 573 ft: 2236 corp: 513/20Kb lim: 180 exec/s: 16898 rss: 500Mb L: 149/179 MS: 5 CMP-ChangeBinInt-ChangeByte-InsertRepeatedBytes-EraseBytes- DE: "\001\000\000\000\000\000\000\027"-
#202840	NEW    cov: 573 ft: 2237 corp: 514/20Kb lim: 180 exec/s: 16903 rss: 500Mb L: 179/179 MS: 1 CopyPart-
#202971	REDUCE cov: 573 ft: 2237 corp: 514/20Kb lim: 180 exec/s: 16914 rss: 500Mb L: 109/179 MS: 1 EraseBytes-
#202992	REDUCE cov: 573 ft: 2239 corp: 515/21Kb lim: 180 exec/s: 16916 rss: 500Mb L: 134/179 MS: 1 CopyPart-
#203124	NEW    cov: 573 ft: 2240 corp: 516/21Kb lim: 180 exec/s: 16927 rss: 500Mb L: 179/179 MS: 2 PersAutoDict-CopyPart- DE: "\377\377\377\377"-
#203205	REDUCE cov: 573 ft: 2240 corp: 516/21Kb lim: 180 exec/s: 16933 rss: 500Mb L: 22/179 MS: 1 EraseBytes-
#203226	REDUCE cov: 573 ft: 2240 corp: 516/21Kb lim: 180 exec/s: 16935 rss: 500Mb L: 114/179 MS: 1 EraseBytes-
#203290	NEW    cov: 573 ft: 2242 corp: 517/21Kb lim: 180 exec/s: 16940 rss: 500Mb L: 175/179 MS: 4 PersAutoDict-ChangeBinInt-ChangeBit-CopyPart- DE: "\000\376"-
#203516	REDUCE cov: 573 ft: 2242 corp: 517/21Kb lim: 180 exec/s: 16959 rss: 501Mb L: 20/179 MS: 1 EraseBytes-
#203538	REDUCE cov: 573 ft: 2242 corp: 517/21Kb lim: 180 exec/s: 16961 rss: 501Mb L: 10/179 MS: 2 ChangeBit-EraseBytes-
#203800	REDUCE cov: 573 ft: 2242 corp: 517/21Kb lim: 180 exec/s: 16983 rss: 501Mb L: 37/179 MS: 2 PersAutoDict-EraseBytes- DE: "\377g"-
#203867	REDUCE cov: 573 ft: 2242 corp: 517/21Kb lim: 180 exec/s: 16988 rss: 501Mb L: 39/179 MS: 2 CrossOver-EraseBytes-
#204090	REDUCE cov: 573 ft: 2242 corp: 517/21Kb lim: 180 exec/s: 17007 rss: 501Mb L: 49/179 MS: 3 CopyPart-CopyPart-EraseBytes-
#204131	REDUCE cov: 573 ft: 2242 corp: 517/21Kb lim: 180 exec/s: 17010 rss: 501Mb L: 5/179 MS: 1 EraseBytes-
#204277	REDUCE cov: 573 ft: 2242 corp: 517/21Kb lim: 180 exec/s: 17023 rss: 501Mb L: 109/179 MS: 1 EraseBytes-
#204368	REDUCE cov: 573 ft: 2242 corp: 517/21Kb lim: 180 exec/s: 17030 rss: 501Mb L: 27/179 MS: 1 EraseBytes-
#204454	NEW    cov: 573 ft: 2243 corp: 518/21Kb lim: 180 exec/s: 17037 rss: 501Mb L: 99/179 MS: 1 CopyPart-
#204757	REDUCE cov: 573 ft: 2243 corp: 518/21Kb lim: 180 exec/s: 17063 rss: 501Mb L: 5/179 MS: 3 ChangeByte-PersAutoDict-EraseBytes- DE: "\000\000\000\000"-
#204775	REDUCE cov: 573 ft: 2243 corp: 518/21Kb lim: 180 exec/s: 17064 rss: 501Mb L: 24/179 MS: 3 ChangeBinInt-CopyPart-EraseBytes-
#204994	REDUCE cov: 573 ft: 2243 corp: 518/21Kb lim: 180 exec/s: 17082 rss: 501Mb L: 19/179 MS: 4 ChangeByte-ChangeBinInt-ChangeByte-EraseBytes-
#205000	REDUCE cov: 573 ft: 2243 corp: 518/21Kb lim: 180 exec/s: 17083 rss: 501Mb L: 12/179 MS: 1 EraseBytes-
#206226	REDUCE cov: 573 ft: 2243 corp: 518/21Kb lim: 187 exec/s: 17185 rss: 502Mb L: 91/179 MS: 1 EraseBytes-
#206269	REDUCE cov: 573 ft: 2243 corp: 518/21Kb lim: 187 exec/s: 17189 rss: 502Mb L: 135/179 MS: 3 ChangeBit-PersAutoDict-EraseBytes- DE: "\001\000\000\000\000\000\000\200"-
#206310	REDUCE cov: 573 ft: 2243 corp: 518/21Kb lim: 187 exec/s: 17192 rss: 502Mb L: 64/179 MS: 1 EraseBytes-
#206955	REDUCE cov: 573 ft: 2247 corp: 519/21Kb lim: 187 exec/s: 17246 rss: 503Mb L: 154/179 MS: 5 PersAutoDict-ChangeByte-ChangeBit-CopyPart-CopyPart- DE: "'\000\000\000"-
#207073	REDUCE cov: 573 ft: 2247 corp: 519/21Kb lim: 187 exec/s: 17256 rss: 503Mb L: 12/179 MS: 3 PersAutoDict-ChangeBit-EraseBytes- DE: "\377\377\377\007"-
#207149	REDUCE cov: 573 ft: 2247 corp: 519/21Kb lim: 187 exec/s: 17262 rss: 503Mb L: 8/179 MS: 1 EraseBytes-
#207692	REDUCE cov: 573 ft: 2247 corp: 519/21Kb lim: 187 exec/s: 17307 rss: 504Mb L: 58/179 MS: 3 ShuffleBytes-ShuffleBytes-EraseBytes-
#208093	REDUCE cov: 573 ft: 2247 corp: 519/21Kb lim: 187 exec/s: 17341 rss: 504Mb L: 26/179 MS: 1 EraseBytes-
#208211	REDUCE cov: 573 ft: 2247 corp: 519/21Kb lim: 187 exec/s: 17350 rss: 504Mb L: 106/179 MS: 3 CopyPart-ChangeBit-EraseBytes-
#208502	REDUCE cov: 573 ft: 2247 corp: 519/21Kb lim: 187 exec/s: 17375 rss: 504Mb L: 7/179 MS: 1 EraseBytes-
#208674	REDUCE cov: 573 ft: 2247 corp: 519/21Kb lim: 187 exec/s: 17389 rss: 504Mb L: 19/179 MS: 2 ChangeByte-EraseBytes-
#208975	REDUCE cov: 573 ft: 2247 corp: 519/21Kb lim: 187 exec/s: 17414 rss: 505Mb L: 4/179 MS: 1 EraseBytes-
#209036	REDUCE cov: 573 ft: 2247 corp: 519/21Kb lim: 187 exec/s: 17419 rss: 505Mb L: 41/179 MS: 1 EraseBytes-
#209497	REDUCE cov: 573 ft: 2247 corp: 519/21Kb lim: 187 exec/s: 17458 rss: 505Mb L: 17/179 MS: 1 EraseBytes-
#209574	REDUCE cov: 573 ft: 2247 corp: 519/21Kb lim: 187 exec/s: 17464 rss: 505Mb L: 27/179 MS: 2 CopyPart-EraseBytes-
#209578	REDUCE cov: 573 ft: 2247 corp: 519/21Kb lim: 187 exec/s: 17464 rss: 505Mb L: 25/179 MS: 4 ChangeBit-ShuffleBytes-EraseBytes-CopyPart-
#209612	NEW    cov: 573 ft: 2248 corp: 520/21Kb lim: 187 exec/s: 17467 rss: 505Mb L: 182/182 MS: 4 CopyPart-ChangeBit-ChangeBit-CopyPart-
#209693	REDUCE cov: 573 ft: 2248 corp: 520/21Kb lim: 187 exec/s: 17474 rss: 505Mb L: 61/182 MS: 1 EraseBytes-
#209745	REDUCE cov: 573 ft: 2248 corp: 520/21Kb lim: 187 exec/s: 17478 rss: 505Mb L: 20/182 MS: 2 EraseBytes-ChangeByte-
#209873	REDUCE cov: 573 ft: 2248 corp: 520/21Kb lim: 187 exec/s: 17489 rss: 505Mb L: 58/182 MS: 3 ShuffleBytes-ChangeBinInt-EraseBytes-
#210330	REDUCE cov: 573 ft: 2248 corp: 520/21Kb lim: 187 exec/s: 17527 rss: 506Mb L: 36/182 MS: 2 PersAutoDict-EraseBytes- DE: "\376\377\377\377\377\377\377\377"-
#210406	REDUCE cov: 573 ft: 2248 corp: 520/21Kb lim: 187 exec/s: 17533 rss: 506Mb L: 13/182 MS: 1 EraseBytes-
#210422	REDUCE cov: 573 ft: 2249 corp: 521/21Kb lim: 187 exec/s: 17535 rss: 506Mb L: 56/182 MS: 1 CopyPart-
#210504	REDUCE cov: 573 ft: 2249 corp: 521/21Kb lim: 187 exec/s: 17542 rss: 506Mb L: 38/182 MS: 2 ChangeBinInt-EraseBytes-
#210785	REDUCE cov: 573 ft: 2249 corp: 521/21Kb lim: 187 exec/s: 17565 rss: 507Mb L: 11/182 MS: 1 EraseBytes-
#210799	NEW    cov: 573 ft: 2250 corp: 522/21Kb lim: 187 exec/s: 17566 rss: 507Mb L: 186/186 MS: 4 ChangeByte-CopyPart-ChangeBit-CopyPart-
#210932	NEW    cov: 573 ft: 2251 corp: 523/21Kb lim: 187 exec/s: 17577 rss: 507Mb L: 57/186 MS: 3 ChangeBit-CrossOver-ChangeByte-
#211978	REDUCE cov: 573 ft: 2251 corp: 523/21Kb lim: 194 exec/s: 17664 rss: 508Mb L: 48/186 MS: 1 EraseBytes-
#212154	REDUCE cov: 573 ft: 2251 corp: 523/21Kb lim: 194 exec/s: 17679 rss: 508Mb L: 9/186 MS: 1 EraseBytes-
#212180	REDUCE cov: 573 ft: 2251 corp: 523/21Kb lim: 194 exec/s: 17681 rss: 508Mb L: 95/186 MS: 1 EraseBytes-
#212312	REDUCE cov: 573 ft: 2251 corp: 523/21Kb lim: 194 exec/s: 17692 rss: 508Mb L: 56/186 MS: 2 CopyPart-EraseBytes-
#212469	REDUCE cov: 573 ft: 2252 corp: 524/21Kb lim: 194 exec/s: 17705 rss: 509Mb L: 73/186 MS: 2 InsertByte-CopyPart-
#212688	REDUCE cov: 573 ft: 2252 corp: 524/21Kb lim: 194 exec/s: 17724 rss: 509Mb L: 55/186 MS: 4 ChangeByte-ChangeBinInt-CopyPart-EraseBytes-
#212891	REDUCE cov: 573 ft: 2253 corp: 525/22Kb lim: 194 exec/s: 17740 rss: 509Mb L: 178/186 MS: 3 ChangeByte-InsertRepeatedBytes-CrossOver-
#213492	REDUCE cov: 573 ft: 2253 corp: 525/22Kb lim: 194 exec/s: 17791 rss: 510Mb L: 11/186 MS: 1 EraseBytes-
#213521	REDUCE cov: 573 ft: 2253 corp: 525/22Kb lim: 194 exec/s: 17793 rss: 510Mb L: 9/186 MS: 4 ChangeBinInt-CrossOver-PersAutoDict-CrossOver- DE: "\246\000"-
#213674	REDUCE cov: 573 ft: 2253 corp: 525/22Kb lim: 194 exec/s: 17806 rss: 510Mb L: 47/186 MS: 3 InsertRepeatedBytes-EraseBytes-EraseBytes-
#213780	REDUCE cov: 573 ft: 2253 corp: 525/22Kb lim: 194 exec/s: 17815 rss: 510Mb L: 54/186 MS: 1 EraseBytes-
#213795	REDUCE cov: 573 ft: 2253 corp: 525/22Kb lim: 194 exec/s: 17816 rss: 510Mb L: 143/186 MS: 5 PersAutoDict-ChangeByte-ChangeByte-CopyPart-EraseBytes- DE: "\001\000\000\000\000\000\000\027"-
#213991	REDUCE cov: 573 ft: 2253 corp: 525/22Kb lim: 194 exec/s: 17832 rss: 510Mb L: 19/186 MS: 1 EraseBytes-
#214077	REDUCE cov: 573 ft: 2253 corp: 525/22Kb lim: 194 exec/s: 17839 rss: 510Mb L: 51/186 MS: 1 EraseBytes-
#214145	REDUCE cov: 573 ft: 2253 corp: 525/22Kb lim: 194 exec/s: 17845 rss: 510Mb L: 49/186 MS: 3 ChangeBit-ChangeBinInt-EraseBytes-
#214317	REDUCE cov: 573 ft: 2253 corp: 525/22Kb lim: 194 exec/s: 17859 rss: 510Mb L: 23/186 MS: 2 CopyPart-EraseBytes-
#214329	NEW    cov: 573 ft: 2254 corp: 526/22Kb lim: 194 exec/s: 17860 rss: 510Mb L: 128/186 MS: 2 CopyPart-CrossOver-
#214375	REDUCE cov: 573 ft: 2254 corp: 526/22Kb lim: 194 exec/s: 17864 rss: 510Mb L: 17/186 MS: 1 EraseBytes-
#214531	REDUCE cov: 573 ft: 2254 corp: 526/22Kb lim: 194 exec/s: 17877 rss: 510Mb L: 36/186 MS: 1 EraseBytes-
#214877	REDUCE cov: 573 ft: 2254 corp: 526/22Kb lim: 194 exec/s: 17906 rss: 511Mb L: 18/186 MS: 1 EraseBytes-
#214884	REDUCE cov: 573 ft: 2254 corp: 526/22Kb lim: 194 exec/s: 17907 rss: 511Mb L: 64/186 MS: 2 ChangeBinInt-EraseBytes-
#214940	REDUCE cov: 573 ft: 2254 corp: 526/22Kb lim: 194 exec/s: 17911 rss: 511Mb L: 72/186 MS: 1 EraseBytes-
#215016	REDUCE cov: 574 ft: 2255 corp: 527/22Kb lim: 194 exec/s: 17918 rss: 511Mb L: 60/186 MS: 1 CrossOver-
#215147	REDUCE cov: 574 ft: 2255 corp: 527/22Kb lim: 194 exec/s: 16549 rss: 511Mb L: 25/186 MS: 1 EraseBytes-
#215178	REDUCE cov: 574 ft: 2255 corp: 527/22Kb lim: 194 exec/s: 16552 rss: 511Mb L: 6/186 MS: 1 EraseBytes-
#215359	REDUCE cov: 574 ft: 2255 corp: 527/22Kb lim: 194 exec/s: 16566 rss: 511Mb L: 141/186 MS: 1 EraseBytes-
#215450	REDUCE cov: 574 ft: 2255 corp: 527/22Kb lim: 194 exec/s: 16573 rss: 511Mb L: 8/186 MS: 1 EraseBytes-
#216173	REDUCE cov: 574 ft: 2255 corp: 527/22Kb lim: 201 exec/s: 16628 rss: 511Mb L: 129/186 MS: 3 EraseBytes-ChangeBinInt-InsertRepeatedBytes-
#216670	REDUCE cov: 574 ft: 2255 corp: 527/22Kb lim: 201 exec/s: 16666 rss: 511Mb L: 75/186 MS: 2 ChangeByte-EraseBytes-
#216896	REDUCE cov: 574 ft: 2255 corp: 527/22Kb lim: 201 exec/s: 16684 rss: 511Mb L: 70/186 MS: 1 EraseBytes-
#217094	REDUCE cov: 574 ft: 2255 corp: 527/22Kb lim: 201 exec/s: 16699 rss: 511Mb L: 144/186 MS: 3 CopyPart-CopyPart-EraseBytes-
#217103	REDUCE cov: 574 ft: 2255 corp: 527/22Kb lim: 201 exec/s: 16700 rss: 511Mb L: 156/186 MS: 4 ChangeByte-ChangeByte-ShuffleBytes-EraseBytes-
#217319	REDUCE cov: 574 ft: 2255 corp: 527/22Kb lim: 201 exec/s: 16716 rss: 512Mb L: 79/186 MS: 1 EraseBytes-
#217716	REDUCE cov: 574 ft: 2255 corp: 527/22Kb lim: 201 exec/s: 16747 rss: 512Mb L: 26/186 MS: 2 CrossOver-EraseBytes-
#217894	REDUCE cov: 574 ft: 2255 corp: 527/22Kb lim: 201 exec/s: 16761 rss: 512Mb L: 15/186 MS: 3 CMP-ChangeBit-EraseBytes- DE: "\005\000\000\000\000\000\000\000"-
#217982	REDUCE cov: 574 ft: 2255 corp: 527/22Kb lim: 201 exec/s: 16767 rss: 512Mb L: 59/186 MS: 3 ChangeBinInt-ShuffleBytes-EraseBytes-
#218138	REDUCE cov: 574 ft: 2255 corp: 527/22Kb lim: 201 exec/s: 16779 rss: 512Mb L: 9/186 MS: 1 EraseBytes-
#218154	REDUCE cov: 574 ft: 2255 corp: 527/22Kb lim: 201 exec/s: 16781 rss: 512Mb L: 42/186 MS: 1 EraseBytes-
#218156	REDUCE cov: 574 ft: 2255 corp: 527/22Kb lim: 201 exec/s: 16781 rss: 512Mb L: 166/186 MS: 2 ChangeBinInt-EraseBytes-
#218184	REDUCE cov: 574 ft: 2255 corp: 527/22Kb lim: 201 exec/s: 16783 rss: 512Mb L: 19/186 MS: 3 InsertByte-ChangeBinInt-EraseBytes-
#218425	REDUCE cov: 574 ft: 2255 corp: 527/22Kb lim: 201 exec/s: 16801 rss: 512Mb L: 21/186 MS: 1 EraseBytes-
#218449	REDUCE cov: 574 ft: 2256 corp: 528/22Kb lim: 201 exec/s: 16803 rss: 512Mb L: 138/186 MS: 4 ChangeBinInt-CopyPart-InsertByte-CopyPart-
#218654	REDUCE cov: 574 ft: 2258 corp: 529/22Kb lim: 201 exec/s: 16819 rss: 513Mb L: 201/201 MS: 5 ChangeByte-CopyPart-CrossOver-InsertByte-CopyPart-
#218818	REDUCE cov: 574 ft: 2258 corp: 529/22Kb lim: 201 exec/s: 16832 rss: 513Mb L: 36/201 MS: 4 ChangeBinInt-EraseBytes-ShuffleBytes-CopyPart-
#218928	REDUCE cov: 574 ft: 2258 corp: 529/22Kb lim: 201 exec/s: 16840 rss: 513Mb L: 141/201 MS: 5 InsertRepeatedBytes-CopyPart-CopyPart-InsertByte-EraseBytes-
#219862	REDUCE cov: 574 ft: 2258 corp: 529/22Kb lim: 208 exec/s: 16912 rss: 513Mb L: 87/201 MS: 4 InsertByte-ChangeBit-CopyPart-EraseBytes-
#220001	REDUCE cov: 574 ft: 2258 corp: 529/22Kb lim: 208 exec/s: 16923 rss: 513Mb L: 6/201 MS: 4 ShuffleBytes-ChangeBinInt-EraseBytes-ChangeByte-
#220438	REDUCE cov: 574 ft: 2258 corp: 529/22Kb lim: 208 exec/s: 16956 rss: 514Mb L: 50/201 MS: 2 ShuffleBytes-EraseBytes-
#220645	REDUCE cov: 574 ft: 2259 corp: 530/22Kb lim: 208 exec/s: 16972 rss: 514Mb L: 93/201 MS: 2 CrossOver-CopyPart-
#221329	REDUCE cov: 574 ft: 2259 corp: 530/22Kb lim: 208 exec/s: 17025 rss: 514Mb L: 141/201 MS: 4 PersAutoDict-ChangeByte-ChangeByte-EraseBytes- DE: "\001\032"-
#221844	REDUCE cov: 574 ft: 2261 corp: 531/22Kb lim: 208 exec/s: 17064 rss: 515Mb L: 164/201 MS: 5 ChangeByte-ChangeBit-CopyPart-ChangeByte-CopyPart-
#221880	REDUCE cov: 574 ft: 2261 corp: 531/22Kb lim: 208 exec/s: 17067 rss: 515Mb L: 107/201 MS: 1 EraseBytes-
#221928	REDUCE cov: 574 ft: 2262 corp: 532/22Kb lim: 208 exec/s: 17071 rss: 515Mb L: 25/201 MS: 3 CrossOver-ShuffleBytes-CopyPart-
#222059	REDUCE cov: 574 ft: 2262 corp: 532/22Kb lim: 208 exec/s: 17081 rss: 515Mb L: 8/201 MS: 1 EraseBytes-
#222095	REDUCE cov: 574 ft: 2262 corp: 532/22Kb lim: 208 exec/s: 17084 rss: 515Mb L: 59/201 MS: 1 EraseBytes-
#222136	REDUCE cov: 574 ft: 2262 corp: 532/22Kb lim: 208 exec/s: 17087 rss: 515Mb L: 58/201 MS: 1 EraseBytes-
#222273	REDUCE cov: 574 ft: 2264 corp: 533/22Kb lim: 208 exec/s: 17097 rss: 515Mb L: 108/201 MS: 2 ChangeBit-CopyPart-
#222374	NEW    cov: 574 ft: 2266 corp: 534/22Kb lim: 208 exec/s: 17105 rss: 516Mb L: 197/201 MS: 1 InsertRepeatedBytes-
#222575	REDUCE cov: 574 ft: 2266 corp: 534/22Kb lim: 208 exec/s: 17121 rss: 516Mb L: 13/201 MS: 1 EraseBytes-
#222862	REDUCE cov: 574 ft: 2266 corp: 534/22Kb lim: 208 exec/s: 17143 rss: 516Mb L: 79/201 MS: 2 InsertByte-CrossOver-
#223074	REDUCE cov: 574 ft: 2266 corp: 534/22Kb lim: 208 exec/s: 17159 rss: 516Mb L: 130/201 MS: 2 ChangeBinInt-EraseBytes-
#223340	REDUCE cov: 574 ft: 2266 corp: 534/22Kb lim: 208 exec/s: 17180 rss: 517Mb L: 23/201 MS: 1 EraseBytes-
#223397	REDUCE cov: 574 ft: 2268 corp: 535/23Kb lim: 208 exec/s: 17184 rss: 517Mb L: 184/201 MS: 2 CrossOver-CopyPart-
#223543	REDUCE cov: 574 ft: 2268 corp: 535/23Kb lim: 208 exec/s: 17195 rss: 517Mb L: 37/201 MS: 1 EraseBytes-
#223829	REDUCE cov: 574 ft: 2268 corp: 535/23Kb lim: 208 exec/s: 17217 rss: 517Mb L: 66/201 MS: 1 EraseBytes-
#223910	REDUCE cov: 574 ft: 2268 corp: 535/23Kb lim: 208 exec/s: 17223 rss: 517Mb L: 18/201 MS: 1 EraseBytes-
#224397	REDUCE cov: 574 ft: 2268 corp: 535/23Kb lim: 208 exec/s: 17261 rss: 518Mb L: 72/201 MS: 2 ShuffleBytes-EraseBytes-
#224503	REDUCE cov: 574 ft: 2268 corp: 535/23Kb lim: 208 exec/s: 17269 rss: 518Mb L: 36/201 MS: 1 EraseBytes-
#224570	REDUCE cov: 574 ft: 2268 corp: 535/23Kb lim: 208 exec/s: 17274 rss: 519Mb L: 14/201 MS: 2 PersAutoDict-EraseBytes- DE: "\377\377\377\007"-
#224677	REDUCE cov: 574 ft: 2268 corp: 535/23Kb lim: 208 exec/s: 17282 rss: 519Mb L: 39/201 MS: 2 PersAutoDict-EraseBytes- DE: "\001\200"-
#225628	REDUCE cov: 574 ft: 2268 corp: 535/23Kb lim: 215 exec/s: 17356 rss: 519Mb L: 104/201 MS: 1 EraseBytes-
#225721	REDUCE cov: 574 ft: 2269 corp: 536/23Kb lim: 215 exec/s: 17363 rss: 519Mb L: 212/212 MS: 3 CrossOver-InsertByte-CopyPart-
#225869	NEW    cov: 574 ft: 2271 corp: 537/23Kb lim: 215 exec/s: 17374 rss: 519Mb L: 127/212 MS: 3 CrossOver-InsertByte-CopyPart-
#226308	NEW    cov: 574 ft: 2273 corp: 538/23Kb lim: 215 exec/s: 17408 rss: 519Mb L: 213/213 MS: 4 ChangeByte-PersAutoDict-InsertByte-CrossOver- DE: "\007\000"-
#226637	REDUCE cov: 574 ft: 2273 corp: 538/23Kb lim: 215 exec/s: 17433 rss: 519Mb L: 172/213 MS: 4 ChangeByte-PersAutoDict-ShuffleBytes-EraseBytes- DE: "\246\000"-
#226787	REDUCE cov: 574 ft: 2273 corp: 538/23Kb lim: 215 exec/s: 17445 rss: 519Mb L: 24/213 MS: 5 ShuffleBytes-ChangeByte-PersAutoDict-PersAutoDict-EraseBytes- DE: "\201\000\000\000\000\000\000N"-"\000\000\000\000\000\000\000\032"-
#227000	REDUCE cov: 574 ft: 2273 corp: 538/23Kb lim: 215 exec/s: 17461 rss: 519Mb L: 24/213 MS: 3 CMP-InsertByte-EraseBytes- DE: "t\000"-
#227373	REDUCE cov: 574 ft: 2274 corp: 539/23Kb lim: 215 exec/s: 17490 rss: 520Mb L: 186/213 MS: 3 ChangeByte-ChangeBit-CopyPart-
#227569	REDUCE cov: 574 ft: 2274 corp: 539/23Kb lim: 215 exec/s: 17505 rss: 520Mb L: 31/213 MS: 1 EraseBytes-
#227596	REDUCE cov: 574 ft: 2274 corp: 539/23Kb lim: 215 exec/s: 17507 rss: 520Mb L: 19/213 MS: 2 ChangeBit-EraseBytes-
#227832	REDUCE cov: 574 ft: 2274 corp: 539/23Kb lim: 215 exec/s: 17525 rss: 520Mb L: 8/213 MS: 1 EraseBytes-
#228013	NEW    cov: 574 ft: 2276 corp: 540/23Kb lim: 215 exec/s: 17539 rss: 520Mb L: 172/213 MS: 1 CopyPart-
#228292	REDUCE cov: 574 ft: 2277 corp: 541/24Kb lim: 215 exec/s: 17560 rss: 520Mb L: 161/213 MS: 4 CopyPart-CrossOver-ChangeBinInt-InsertRepeatedBytes-
#228358	REDUCE cov: 574 ft: 2279 corp: 542/24Kb lim: 215 exec/s: 17566 rss: 520Mb L: 15/213 MS: 1 CopyPart-
#228602	REDUCE cov: 574 ft: 2279 corp: 542/24Kb lim: 215 exec/s: 17584 rss: 520Mb L: 132/213 MS: 4 CrossOver-ChangeBit-ShuffleBytes-EraseBytes-
#229107	REDUCE cov: 574 ft: 2279 corp: 542/24Kb lim: 215 exec/s: 17623 rss: 520Mb L: 23/213 MS: 5 CopyPart-CMP-InsertByte-CopyPart-EraseBytes- DE: "\007\000\000\000"-
#229599	REDUCE cov: 574 ft: 2279 corp: 542/24Kb lim: 215 exec/s: 17661 rss: 520Mb L: 20/213 MS: 2 ChangeASCIIInt-EraseBytes-
#229855	REDUCE cov: 574 ft: 2279 corp: 542/24Kb lim: 215 exec/s: 17681 rss: 521Mb L: 7/213 MS: 1 EraseBytes-
#230004	REDUCE cov: 574 ft: 2279 corp: 542/24Kb lim: 215 exec/s: 17692 rss: 521Mb L: 195/213 MS: 4 ChangeBit-ChangeByte-InsertByte-EraseBytes-
#230036	NEW    cov: 575 ft: 2303 corp: 543/24Kb lim: 215 exec/s: 17695 rss: 521Mb L: 199/213 MS: 2 InsertByte-CopyPart-
#230347	REDUCE cov: 575 ft: 2303 corp: 543/24Kb lim: 215 exec/s: 17719 rss: 521Mb L: 36/213 MS: 1 EraseBytes-
#230524	REDUCE cov: 575 ft: 2303 corp: 543/24Kb lim: 215 exec/s: 17732 rss: 521Mb L: 56/213 MS: 2 ShuffleBytes-EraseBytes-
#230763	REDUCE cov: 575 ft: 2303 corp: 543/24Kb lim: 215 exec/s: 17751 rss: 521Mb L: 7/213 MS: 4 ChangeByte-ChangeBinInt-PersAutoDict-EraseBytes- DE: "\001h"-
#231092	REDUCE cov: 575 ft: 2303 corp: 543/24Kb lim: 215 exec/s: 17776 rss: 522Mb L: 87/213 MS: 4 ChangeByte-EraseBytes-ChangeBit-CopyPart-
#231208	REDUCE cov: 575 ft: 2303 corp: 543/24Kb lim: 215 exec/s: 17785 rss: 522Mb L: 105/213 MS: 1 EraseBytes-
#231271	REDUCE cov: 575 ft: 2303 corp: 543/24Kb lim: 215 exec/s: 17790 rss: 522Mb L: 50/213 MS: 3 ShuffleBytes-CrossOver-EraseBytes-
#231402	NEW    cov: 575 ft: 2305 corp: 544/24Kb lim: 215 exec/s: 17800 rss: 522Mb L: 127/213 MS: 1 CopyPart-
#231423	REDUCE cov: 575 ft: 2305 corp: 544/24Kb lim: 215 exec/s: 17801 rss: 522Mb L: 35/213 MS: 1 EraseBytes-
#231520	REDUCE cov: 575 ft: 2305 corp: 544/24Kb lim: 215 exec/s: 17809 rss: 522Mb L: 10/213 MS: 2 InsertByte-EraseBytes-
#231576	NEW    cov: 575 ft: 2306 corp: 545/24Kb lim: 215 exec/s: 16541 rss: 522Mb L: 199/213 MS: 1 ShuffleBytes-
#231597	REDUCE cov: 575 ft: 2306 corp: 545/24Kb lim: 215 exec/s: 16542 rss: 522Mb L: 36/213 MS: 1 EraseBytes-
#231623	REDUCE cov: 575 ft: 2306 corp: 545/24Kb lim: 215 exec/s: 16544 rss: 522Mb L: 177/213 MS: 1 EraseBytes-
#231629	REDUCE cov: 575 ft: 2306 corp: 545/24Kb lim: 215 exec/s: 16544 rss: 522Mb L: 24/213 MS: 1 EraseBytes-
#231910	REDUCE cov: 575 ft: 2306 corp: 545/24Kb lim: 215 exec/s: 16565 rss: 522Mb L: 63/213 MS: 1 EraseBytes-
#232001	REDUCE cov: 575 ft: 2306 corp: 545/24Kb lim: 215 exec/s: 16571 rss: 522Mb L: 11/213 MS: 1 EraseBytes-
#232345	REDUCE cov: 575 ft: 2308 corp: 546/24Kb lim: 215 exec/s: 16596 rss: 523Mb L: 135/213 MS: 4 ChangeASCIIInt-PersAutoDict-ChangeByte-CopyPart- DE: "\001\000\000\000\000\000\000\027"-
#232526	REDUCE cov: 575 ft: 2308 corp: 546/24Kb lim: 215 exec/s: 16609 rss: 523Mb L: 81/213 MS: 1 EraseBytes-
#232573	REDUCE cov: 575 ft: 2308 corp: 546/24Kb lim: 215 exec/s: 16612 rss: 523Mb L: 123/213 MS: 2 InsertByte-EraseBytes-
#232605	REDUCE cov: 575 ft: 2308 corp: 546/24Kb lim: 215 exec/s: 16614 rss: 523Mb L: 35/213 MS: 2 CopyPart-EraseBytes-
#232841	REDUCE cov: 575 ft: 2308 corp: 546/24Kb lim: 215 exec/s: 16631 rss: 523Mb L: 10/213 MS: 1 EraseBytes-
#232955	REDUCE cov: 575 ft: 2308 corp: 546/24Kb lim: 215 exec/s: 16639 rss: 523Mb L: 56/213 MS: 4 CMP-CMP-ShuffleBytes-EraseBytes- DE: "\377\377\377/"-"\377\375"-
#233063	REDUCE cov: 575 ft: 2308 corp: 546/24Kb lim: 215 exec/s: 16647 rss: 523Mb L: 28/213 MS: 3 CopyPart-PersAutoDict-EraseBytes- DE: "\001\200"-
#233101	REDUCE cov: 575 ft: 2308 corp: 546/24Kb lim: 215 exec/s: 16650 rss: 523Mb L: 19/213 MS: 3 ChangeByte-ChangeByte-EraseBytes-
#233190	REDUCE cov: 575 ft: 2308 corp: 546/24Kb lim: 215 exec/s: 16656 rss: 523Mb L: 134/213 MS: 4 ChangeByte-ShuffleBytes-ShuffleBytes-EraseBytes-
#233258	REDUCE cov: 575 ft: 2308 corp: 546/24Kb lim: 215 exec/s: 16661 rss: 524Mb L: 70/213 MS: 3 EraseBytes-CopyPart-EraseBytes-
#233279	REDUCE cov: 575 ft: 2308 corp: 546/24Kb lim: 215 exec/s: 16662 rss: 524Mb L: 92/213 MS: 1 EraseBytes-
#233526	REDUCE cov: 575 ft: 2308 corp: 546/24Kb lim: 215 exec/s: 16680 rss: 524Mb L: 156/213 MS: 2 ChangeByte-EraseBytes-
#233591	REDUCE cov: 575 ft: 2309 corp: 547/24Kb lim: 215 exec/s: 16685 rss: 524Mb L: 185/213 MS: 5 InsertByte-CopyPart-ChangeByte-CopyPart-CrossOver-
#233728	REDUCE cov: 575 ft: 2309 corp: 547/24Kb lim: 215 exec/s: 16694 rss: 524Mb L: 45/213 MS: 2 EraseBytes-InsertByte-
#234046	REDUCE cov: 575 ft: 2309 corp: 547/24Kb lim: 215 exec/s: 16717 rss: 525Mb L: 37/213 MS: 3 ShuffleBytes-ChangeByte-EraseBytes-
#234173	REDUCE cov: 575 ft: 2309 corp: 547/24Kb lim: 215 exec/s: 16726 rss: 525Mb L: 44/213 MS: 2 CopyPart-EraseBytes-
#234510	REDUCE cov: 575 ft: 2309 corp: 547/24Kb lim: 215 exec/s: 16750 rss: 525Mb L: 121/213 MS: 2 PersAutoDict-EraseBytes- DE: "\204\000\000\000"-
#234657	REDUCE cov: 575 ft: 2309 corp: 547/24Kb lim: 215 exec/s: 16761 rss: 525Mb L: 68/213 MS: 2 ChangeBit-EraseBytes-
#234988	REDUCE cov: 575 ft: 2309 corp: 547/24Kb lim: 215 exec/s: 16784 rss: 526Mb L: 19/213 MS: 1 EraseBytes-
#235023	REDUCE cov: 575 ft: 2309 corp: 547/24Kb lim: 215 exec/s: 16787 rss: 526Mb L: 176/213 MS: 5 InsertRepeatedBytes-InsertRepeatedBytes-PersAutoDict-ChangeBinInt-EraseBytes- DE: "\001\000\000\000\000\000\000\027"-
#235107	REDUCE cov: 575 ft: 2311 corp: 548/24Kb lim: 215 exec/s: 16793 rss: 526Mb L: 205/213 MS: 4 InsertByte-CopyPart-CopyPart-CopyPart-
#235248	REDUCE cov: 575 ft: 2311 corp: 548/24Kb lim: 215 exec/s: 16803 rss: 526Mb L: 52/213 MS: 1 EraseBytes-
#235296	REDUCE cov: 575 ft: 2312 corp: 549/25Kb lim: 215 exec/s: 16806 rss: 526Mb L: 170/213 MS: 3 CopyPart-ChangeASCIIInt-CopyPart-
#235567	REDUCE cov: 575 ft: 2312 corp: 549/25Kb lim: 215 exec/s: 16826 rss: 527Mb L: 138/213 MS: 1 EraseBytes-
#235868	REDUCE cov: 575 ft: 2312 corp: 549/25Kb lim: 215 exec/s: 16847 rss: 527Mb L: 82/213 MS: 1 EraseBytes-
#236089	REDUCE cov: 575 ft: 2312 corp: 549/25Kb lim: 215 exec/s: 16863 rss: 527Mb L: 62/213 MS: 1 EraseBytes-
#236110	REDUCE cov: 575 ft: 2312 corp: 549/25Kb lim: 215 exec/s: 16865 rss: 527Mb L: 192/213 MS: 1 CrossOver-
#236391	REDUCE cov: 575 ft: 2312 corp: 549/25Kb lim: 215 exec/s: 16885 rss: 527Mb L: 17/213 MS: 1 EraseBytes-
#237002	REDUCE cov: 575 ft: 2312 corp: 549/25Kb lim: 215 exec/s: 16928 rss: 528Mb L: 24/213 MS: 1 EraseBytes-
#237036	REDUCE cov: 575 ft: 2312 corp: 549/25Kb lim: 215 exec/s: 16931 rss: 528Mb L: 40/213 MS: 4 InsertByte-ChangeBit-ChangeBinInt-EraseBytes-
#237261	REDUCE cov: 575 ft: 2312 corp: 549/25Kb lim: 215 exec/s: 16947 rss: 528Mb L: 41/213 MS: 5 ShuffleBytes-ChangeByte-InsertByte-ShuffleBytes-EraseBytes-
#237339	REDUCE cov: 575 ft: 2312 corp: 549/25Kb lim: 215 exec/s: 16952 rss: 528Mb L: 101/213 MS: 3 CopyPart-PersAutoDict-EraseBytes- DE: "\000\000\000\000"-
#237340	REDUCE cov: 575 ft: 2312 corp: 549/25Kb lim: 215 exec/s: 16952 rss: 528Mb L: 74/213 MS: 1 EraseBytes-
#237346	REDUCE cov: 575 ft: 2312 corp: 549/25Kb lim: 215 exec/s: 16953 rss: 528Mb L: 92/213 MS: 1 EraseBytes-
#237374	REDUCE cov: 575 ft: 2312 corp: 549/25Kb lim: 215 exec/s: 16955 rss: 528Mb L: 61/213 MS: 3 EraseBytes-EraseBytes-ShuffleBytes-
#237512	REDUCE cov: 575 ft: 2313 corp: 550/25Kb lim: 215 exec/s: 16965 rss: 528Mb L: 60/213 MS: 3 CopyPart-ChangeBinInt-ChangeBit-
#237728	REDUCE cov: 575 ft: 2313 corp: 550/25Kb lim: 215 exec/s: 16980 rss: 528Mb L: 134/213 MS: 1 EraseBytes-
#238368	REDUCE cov: 575 ft: 2313 corp: 550/25Kb lim: 215 exec/s: 17026 rss: 528Mb L: 71/213 MS: 5 CrossOver-CopyPart-ChangeByte-ShuffleBytes-EraseBytes-
#238500	REDUCE cov: 575 ft: 2313 corp: 550/25Kb lim: 215 exec/s: 17035 rss: 528Mb L: 6/213 MS: 2 ChangeByte-EraseBytes-
#238617	REDUCE cov: 575 ft: 2313 corp: 550/25Kb lim: 215 exec/s: 17044 rss: 528Mb L: 99/213 MS: 2 ChangeByte-EraseBytes-
#238860	REDUCE cov: 575 ft: 2313 corp: 550/25Kb lim: 215 exec/s: 17061 rss: 528Mb L: 141/213 MS: 3 PersAutoDict-CrossOver-EraseBytes- DE: "\377\204"-
#238861	REDUCE cov: 575 ft: 2313 corp: 550/25Kb lim: 215 exec/s: 17061 rss: 528Mb L: 57/213 MS: 1 CrossOver-
#238912	REDUCE cov: 575 ft: 2313 corp: 550/25Kb lim: 215 exec/s: 17065 rss: 528Mb L: 9/213 MS: 1 EraseBytes-
#238983	REDUCE cov: 575 ft: 2313 corp: 550/25Kb lim: 215 exec/s: 17070 rss: 528Mb L: 34/213 MS: 1 EraseBytes-
#239160	REDUCE cov: 575 ft: 2315 corp: 551/25Kb lim: 215 exec/s: 17082 rss: 528Mb L: 207/213 MS: 2 ChangeBit-CopyPart-
#239256	REDUCE cov: 575 ft: 2315 corp: 551/25Kb lim: 215 exec/s: 17089 rss: 528Mb L: 16/213 MS: 1 EraseBytes-
#239315	REDUCE cov: 575 ft: 2315 corp: 551/25Kb lim: 215 exec/s: 17093 rss: 528Mb L: 80/213 MS: 4 ChangeByte-InsertByte-ChangeBit-EraseBytes-
#240445	REDUCE cov: 575 ft: 2315 corp: 551/25Kb lim: 222 exec/s: 17174 rss: 529Mb L: 68/213 MS: 5 ChangeBinInt-ChangeBit-ChangeByte-ChangeBit-EraseBytes-
#240456	REDUCE cov: 575 ft: 2315 corp: 551/25Kb lim: 222 exec/s: 17175 rss: 529Mb L: 5/213 MS: 1 EraseBytes-
#240830	REDUCE cov: 575 ft: 2315 corp: 551/25Kb lim: 222 exec/s: 17202 rss: 529Mb L: 20/213 MS: 4 ChangeByte-CMP-PersAutoDict-EraseBytes- DE: "\001\000\000\000"-"\377\375"-
#240891	REDUCE cov: 575 ft: 2315 corp: 551/25Kb lim: 222 exec/s: 17206 rss: 529Mb L: 23/213 MS: 1 EraseBytes-
#240917	REDUCE cov: 575 ft: 2315 corp: 551/25Kb lim: 222 exec/s: 17208 rss: 529Mb L: 41/213 MS: 1 EraseBytes-
#241293	REDUCE cov: 575 ft: 2315 corp: 551/25Kb lim: 222 exec/s: 17235 rss: 530Mb L: 6/213 MS: 1 EraseBytes-
#241354	REDUCE cov: 575 ft: 2315 corp: 551/25Kb lim: 222 exec/s: 17239 rss: 530Mb L: 25/213 MS: 1 EraseBytes-
#241455	REDUCE cov: 575 ft: 2315 corp: 551/25Kb lim: 222 exec/s: 17246 rss: 530Mb L: 63/213 MS: 1 EraseBytes-
#241637	REDUCE cov: 575 ft: 2315 corp: 551/25Kb lim: 222 exec/s: 17259 rss: 530Mb L: 22/213 MS: 2 InsertByte-EraseBytes-
#241779	REDUCE cov: 575 ft: 2315 corp: 551/25Kb lim: 222 exec/s: 17269 rss: 530Mb L: 34/213 MS: 2 ChangeBinInt-EraseBytes-
#241960	REDUCE cov: 575 ft: 2315 corp: 551/25Kb lim: 222 exec/s: 17282 rss: 530Mb L: 72/213 MS: 1 EraseBytes-
#242117	REDUCE cov: 575 ft: 2315 corp: 551/25Kb lim: 222 exec/s: 17294 rss: 530Mb L: 5/213 MS: 2 ChangeBinInt-EraseBytes-
#242234	REDUCE cov: 575 ft: 2315 corp: 551/25Kb lim: 222 exec/s: 17302 rss: 530Mb L: 44/213 MS: 2 CopyPart-EraseBytes-
#242475	REDUCE cov: 575 ft: 2315 corp: 551/25Kb lim: 222 exec/s: 17319 rss: 531Mb L: 54/213 MS: 1 EraseBytes-
#242679	REDUCE cov: 575 ft: 2315 corp: 551/25Kb lim: 222 exec/s: 17334 rss: 531Mb L: 158/213 MS: 4 CopyPart-InsertByte-ChangeByte-EraseBytes-
#242825	REDUCE cov: 575 ft: 2315 corp: 551/25Kb lim: 222 exec/s: 17344 rss: 531Mb L: 12/213 MS: 1 EraseBytes-
#243292	REDUCE cov: 575 ft: 2315 corp: 551/25Kb lim: 222 exec/s: 17378 rss: 531Mb L: 127/213 MS: 2 InsertByte-EraseBytes-
#243490	REDUCE cov: 575 ft: 2315 corp: 551/25Kb lim: 222 exec/s: 17392 rss: 531Mb L: 139/213 MS: 3 ChangeBit-ChangeBit-EraseBytes-
#243633	REDUCE cov: 575 ft: 2315 corp: 551/25Kb lim: 222 exec/s: 17402 rss: 532Mb L: 108/213 MS: 3 ChangeBinInt-ChangeBit-EraseBytes-
#243659	REDUCE cov: 575 ft: 2315 corp: 551/25Kb lim: 222 exec/s: 17404 rss: 532Mb L: 3/213 MS: 1 EraseBytes-
#243771	REDUCE cov: 575 ft: 2315 corp: 551/25Kb lim: 222 exec/s: 17412 rss: 532Mb L: 15/213 MS: 2 EraseBytes-CopyPart-
#244298	REDUCE cov: 575 ft: 2315 corp: 551/25Kb lim: 222 exec/s: 17449 rss: 532Mb L: 8/213 MS: 2 EraseBytes-InsertByte-
#244600	REDUCE cov: 575 ft: 2315 corp: 551/25Kb lim: 222 exec/s: 17471 rss: 533Mb L: 105/213 MS: 2 ChangeASCIIInt-EraseBytes-
#244656	REDUCE cov: 575 ft: 2315 corp: 551/25Kb lim: 222 exec/s: 17475 rss: 533Mb L: 123/213 MS: 1 EraseBytes-
#245122	REDUCE cov: 575 ft: 2316 corp: 552/25Kb lim: 222 exec/s: 17508 rss: 534Mb L: 102/213 MS: 1 CopyPart-
#245728	REDUCE cov: 575 ft: 2316 corp: 552/25Kb lim: 222 exec/s: 17552 rss: 535Mb L: 34/213 MS: 1 EraseBytes-
#245764	NEW    cov: 575 ft: 2318 corp: 553/25Kb lim: 222 exec/s: 17554 rss: 535Mb L: 6/213 MS: 1 CopyPart-
#245875	REDUCE cov: 575 ft: 2318 corp: 553/25Kb lim: 222 exec/s: 17562 rss: 535Mb L: 32/213 MS: 1 EraseBytes-
#245992	REDUCE cov: 575 ft: 2318 corp: 553/25Kb lim: 222 exec/s: 17570 rss: 535Mb L: 100/213 MS: 2 ShuffleBytes-EraseBytes-
#246000	REDUCE cov: 575 ft: 2318 corp: 553/25Kb lim: 222 exec/s: 17571 rss: 535Mb L: 157/213 MS: 3 CopyPart-CopyPart-EraseBytes-
#246262	REDUCE cov: 575 ft: 2318 corp: 553/25Kb lim: 222 exec/s: 17590 rss: 535Mb L: 15/213 MS: 2 ChangeBit-EraseBytes-
#246308	REDUCE cov: 575 ft: 2318 corp: 553/25Kb lim: 222 exec/s: 17593 rss: 535Mb L: 10/213 MS: 1 EraseBytes-
#246804	REDUCE cov: 575 ft: 2319 corp: 554/25Kb lim: 222 exec/s: 17628 rss: 536Mb L: 218/218 MS: 1 CopyPart-
#246930	REDUCE cov: 575 ft: 2319 corp: 554/25Kb lim: 222 exec/s: 17637 rss: 536Mb L: 97/218 MS: 1 EraseBytes-
#247296	REDUCE cov: 575 ft: 2319 corp: 554/25Kb lim: 222 exec/s: 17664 rss: 536Mb L: 72/218 MS: 1 EraseBytes-
#247748	REDUCE cov: 575 ft: 2319 corp: 554/25Kb lim: 222 exec/s: 16516 rss: 536Mb L: 8/218 MS: 2 ChangeBit-EraseBytes-
#248099	REDUCE cov: 575 ft: 2319 corp: 554/25Kb lim: 222 exec/s: 16539 rss: 536Mb L: 183/218 MS: 1 EraseBytes-
#248535	REDUCE cov: 575 ft: 2319 corp: 554/25Kb lim: 222 exec/s: 16569 rss: 537Mb L: 8/218 MS: 1 EraseBytes-
#248685	REDUCE cov: 575 ft: 2319 corp: 554/25Kb lim: 222 exec/s: 16579 rss: 537Mb L: 49/218 MS: 5 ChangeBit-ShuffleBytes-CopyPart-InsertByte-EraseBytes-
#248971	REDUCE cov: 575 ft: 2319 corp: 554/25Kb lim: 222 exec/s: 16598 rss: 537Mb L: 87/218 MS: 1 EraseBytes-
#249152	REDUCE cov: 575 ft: 2319 corp: 554/25Kb lim: 222 exec/s: 16610 rss: 537Mb L: 7/218 MS: 1 EraseBytes-
#249439	REDUCE cov: 575 ft: 2319 corp: 554/25Kb lim: 222 exec/s: 16629 rss: 537Mb L: 31/218 MS: 2 EraseBytes-ChangeByte-
#250946	REDUCE cov: 575 ft: 2319 corp: 554/25Kb lim: 236 exec/s: 16729 rss: 537Mb L: 56/218 MS: 2 ChangeByte-EraseBytes-
#251037	REDUCE cov: 575 ft: 2319 corp: 554/25Kb lim: 236 exec/s: 16735 rss: 537Mb L: 10/218 MS: 1 EraseBytes-
#251273	REDUCE cov: 575 ft: 2319 corp: 554/25Kb lim: 236 exec/s: 16751 rss: 538Mb L: 45/218 MS: 1 EraseBytes-
#251690	REDUCE cov: 575 ft: 2319 corp: 554/25Kb lim: 236 exec/s: 16779 rss: 538Mb L: 163/218 MS: 2 ChangeBinInt-EraseBytes-
#251808	REDUCE cov: 575 ft: 2319 corp: 554/25Kb lim: 236 exec/s: 16787 rss: 538Mb L: 57/218 MS: 3 InsertByte-InsertByte-EraseBytes-
#252065	REDUCE cov: 575 ft: 2320 corp: 555/25Kb lim: 236 exec/s: 16804 rss: 538Mb L: 231/231 MS: 2 CopyPart-CopyPart-
#252080	REDUCE cov: 575 ft: 2320 corp: 555/25Kb lim: 236 exec/s: 16805 rss: 538Mb L: 57/231 MS: 5 ChangeBit-ChangeBinInt-EraseBytes-EraseBytes-CopyPart-
#252082	REDUCE cov: 575 ft: 2320 corp: 555/25Kb lim: 236 exec/s: 16805 rss: 538Mb L: 76/231 MS: 2 ShuffleBytes-EraseBytes-
#252286	REDUCE cov: 575 ft: 2320 corp: 555/25Kb lim: 236 exec/s: 16819 rss: 538Mb L: 35/231 MS: 4 ChangeBit-InsertByte-ChangeBit-EraseBytes-
#252357	REDUCE cov: 575 ft: 2320 corp: 555/25Kb lim: 236 exec/s: 16823 rss: 538Mb L: 15/231 MS: 1 EraseBytes-
#252748	REDUCE cov: 575 ft: 2320 corp: 555/25Kb lim: 236 exec/s: 16849 rss: 539Mb L: 68/231 MS: 1 EraseBytes-
#252834	REDUCE cov: 575 ft: 2321 corp: 556/25Kb lim: 236 exec/s: 16855 rss: 539Mb L: 94/231 MS: 1 CopyPart-
#253465	REDUCE cov: 575 ft: 2321 corp: 556/25Kb lim: 236 exec/s: 16897 rss: 539Mb L: 20/231 MS: 1 EraseBytes-
#253801	REDUCE cov: 575 ft: 2321 corp: 556/25Kb lim: 236 exec/s: 16920 rss: 539Mb L: 17/231 MS: 1 EraseBytes-
#253918	REDUCE cov: 575 ft: 2321 corp: 556/25Kb lim: 236 exec/s: 16927 rss: 540Mb L: 55/231 MS: 2 CMP-EraseBytes- DE: "\000\000\000\000\000\000\000\000"-
#254135	REDUCE cov: 575 ft: 2321 corp: 556/25Kb lim: 236 exec/s: 16942 rss: 540Mb L: 53/231 MS: 2 ChangeBit-EraseBytes-
#254381	REDUCE cov: 575 ft: 2321 corp: 556/25Kb lim: 236 exec/s: 16958 rss: 540Mb L: 45/231 MS: 1 EraseBytes-
#254477	REDUCE cov: 575 ft: 2322 corp: 557/25Kb lim: 236 exec/s: 16965 rss: 540Mb L: 18/231 MS: 1 CopyPart-
#254498	REDUCE cov: 575 ft: 2322 corp: 557/25Kb lim: 236 exec/s: 16966 rss: 540Mb L: 59/231 MS: 1 EraseBytes-
#254659	REDUCE cov: 575 ft: 2322 corp: 557/25Kb lim: 236 exec/s: 16977 rss: 540Mb L: 56/231 MS: 1 EraseBytes-
#254767	REDUCE cov: 575 ft: 2322 corp: 557/25Kb lim: 236 exec/s: 16984 rss: 541Mb L: 63/231 MS: 3 ShuffleBytes-InsertByte-EraseBytes-
#255193	REDUCE cov: 575 ft: 2322 corp: 557/25Kb lim: 236 exec/s: 17012 rss: 541Mb L: 94/231 MS: 1 EraseBytes-
#255400	REDUCE cov: 575 ft: 2322 corp: 557/25Kb lim: 236 exec/s: 17026 rss: 541Mb L: 4/231 MS: 2 ChangeBit-EraseBytes-
#255412	REDUCE cov: 575 ft: 2322 corp: 557/25Kb lim: 236 exec/s: 17027 rss: 541Mb L: 23/231 MS: 2 CopyPart-EraseBytes-
#255570	REDUCE cov: 575 ft: 2322 corp: 557/25Kb lim: 236 exec/s: 17038 rss: 542Mb L: 4/231 MS: 3 InsertByte-CopyPart-EraseBytes-
#256127	REDUCE cov: 575 ft: 2322 corp: 557/25Kb lim: 236 exec/s: 17075 rss: 542Mb L: 204/231 MS: 2 ShuffleBytes-EraseBytes-
#256258	REDUCE cov: 575 ft: 2322 corp: 557/25Kb lim: 236 exec/s: 17083 rss: 543Mb L: 30/231 MS: 1 EraseBytes-
#256539	REDUCE cov: 575 ft: 2322 corp: 557/25Kb lim: 236 exec/s: 17102 rss: 543Mb L: 32/231 MS: 1 EraseBytes-
#256640	REDUCE cov: 575 ft: 2322 corp: 557/25Kb lim: 236 exec/s: 17109 rss: 543Mb L: 26/231 MS: 1 EraseBytes-
#256729	REDUCE cov: 575 ft: 2323 corp: 558/25Kb lim: 236 exec/s: 17115 rss: 544Mb L: 197/231 MS: 4 ChangeByte-CopyPart-CMP-CopyPart- DE: "\000\000\000\007"-
#256820	REDUCE cov: 575 ft: 2323 corp: 558/25Kb lim: 236 exec/s: 17121 rss: 544Mb L: 36/231 MS: 1 EraseBytes-
#256874	REDUCE cov: 575 ft: 2323 corp: 558/25Kb lim: 236 exec/s: 17124 rss: 544Mb L: 8/231 MS: 4 ChangeBit-CrossOver-EraseBytes-CMP- DE: "\000\000\000\000\000\000\000\000"-
#256978	REDUCE cov: 575 ft: 2323 corp: 558/25Kb lim: 236 exec/s: 17131 rss: 544Mb L: 18/231 MS: 4 ChangeByte-ChangeBit-PersAutoDict-EraseBytes- DE: " \000\000\000\000\000\000\000"-
#257034	REDUCE cov: 575 ft: 2323 corp: 558/25Kb lim: 236 exec/s: 17135 rss: 544Mb L: 16/231 MS: 1 EraseBytes-
#257140	REDUCE cov: 575 ft: 2323 corp: 558/25Kb lim: 236 exec/s: 17142 rss: 544Mb L: 120/231 MS: 1 EraseBytes-
#257223	NEW    cov: 575 ft: 2329 corp: 559/25Kb lim: 236 exec/s: 17148 rss: 544Mb L: 224/231 MS: 3 ShuffleBytes-CopyPart-CopyPart-
#257385	REDUCE cov: 575 ft: 2329 corp: 559/25Kb lim: 236 exec/s: 17159 rss: 544Mb L: 48/231 MS: 2 ChangeByte-EraseBytes-
#257611	REDUCE cov: 575 ft: 2329 corp: 559/25Kb lim: 236 exec/s: 17174 rss: 544Mb L: 7/231 MS: 1 EraseBytes-
#257686	REDUCE cov: 575 ft: 2330 corp: 560/26Kb lim: 236 exec/s: 17179 rss: 544Mb L: 212/231 MS: 5 ChangeByte-ShuffleBytes-ChangeByte-ShuffleBytes-CopyPart-
#257847	REDUCE cov: 575 ft: 2330 corp: 560/26Kb lim: 236 exec/s: 17189 rss: 544Mb L: 15/231 MS: 1 EraseBytes-
#257928	REDUCE cov: 575 ft: 2330 corp: 560/26Kb lim: 236 exec/s: 17195 rss: 544Mb L: 221/224 MS: 1 EraseBytes-
#258064	REDUCE cov: 575 ft: 2330 corp: 560/26Kb lim: 236 exec/s: 17204 rss: 545Mb L: 90/224 MS: 1 EraseBytes-
#258135	REDUCE cov: 575 ft: 2330 corp: 560/26Kb lim: 236 exec/s: 17209 rss: 545Mb L: 185/224 MS: 1 EraseBytes-
#258228	REDUCE cov: 575 ft: 2330 corp: 560/26Kb lim: 236 exec/s: 17215 rss: 545Mb L: 5/224 MS: 3 ShuffleBytes-EraseBytes-CopyPart-
#258322	REDUCE cov: 575 ft: 2330 corp: 560/25Kb lim: 236 exec/s: 17221 rss: 545Mb L: 102/224 MS: 4 InsertByte-ChangeBinInt-ChangeByte-EraseBytes-
#258733	REDUCE cov: 575 ft: 2330 corp: 560/25Kb lim: 236 exec/s: 17248 rss: 545Mb L: 2/224 MS: 1 EraseBytes-
#258750	REDUCE cov: 575 ft: 2330 corp: 560/25Kb lim: 236 exec/s: 17250 rss: 545Mb L: 146/224 MS: 2 ChangeByte-EraseBytes-
#258781	REDUCE cov: 575 ft: 2330 corp: 560/25Kb lim: 236 exec/s: 17252 rss: 545Mb L: 118/224 MS: 1 EraseBytes-
#258858	REDUCE cov: 575 ft: 2330 corp: 560/25Kb lim: 236 exec/s: 17257 rss: 545Mb L: 185/224 MS: 2 InsertByte-EraseBytes-
#258975	REDUCE cov: 575 ft: 2330 corp: 560/25Kb lim: 236 exec/s: 17265 rss: 545Mb L: 27/224 MS: 2 ChangeBit-EraseBytes-
#259403	REDUCE cov: 575 ft: 2330 corp: 560/25Kb lim: 236 exec/s: 17293 rss: 545Mb L: 207/224 MS: 3 PersAutoDict-ChangeByte-EraseBytes- DE: "\010\000\000\000\000\000\000\000"-
#259664	REDUCE cov: 575 ft: 2330 corp: 560/25Kb lim: 236 exec/s: 17310 rss: 545Mb L: 27/224 MS: 1 EraseBytes-
#259730	REDUCE cov: 575 ft: 2330 corp: 560/25Kb lim: 236 exec/s: 17315 rss: 545Mb L: 31/224 MS: 1 EraseBytes-
#259926	REDUCE cov: 575 ft: 2330 corp: 560/25Kb lim: 236 exec/s: 17328 rss: 545Mb L: 8/224 MS: 1 EraseBytes-
#260442	REDUCE cov: 575 ft: 2330 corp: 560/25Kb lim: 236 exec/s: 17362 rss: 545Mb L: 3/224 MS: 1 EraseBytes-
#260467	REDUCE cov: 575 ft: 2331 corp: 561/26Kb lim: 236 exec/s: 17364 rss: 545Mb L: 236/236 MS: 5 ChangeByte-CMP-InsertByte-CrossOver-CopyPart- DE: "\001\000\000-"-
#261216	REDUCE cov: 575 ft: 2331 corp: 561/26Kb lim: 243 exec/s: 17414 rss: 545Mb L: 62/236 MS: 4 InsertByte-CopyPart-ChangeByte-EraseBytes-
#261395	REDUCE cov: 575 ft: 2331 corp: 561/26Kb lim: 243 exec/s: 17426 rss: 545Mb L: 90/236 MS: 4 ChangeBit-EraseBytes-EraseBytes-CopyPart-
#261860	REDUCE cov: 575 ft: 2333 corp: 562/26Kb lim: 243 exec/s: 17457 rss: 545Mb L: 223/236 MS: 5 InsertByte-CrossOver-InsertByte-InsertByte-CopyPart-
#261941	REDUCE cov: 575 ft: 2333 corp: 562/26Kb lim: 243 exec/s: 17462 rss: 546Mb L: 56/236 MS: 1 EraseBytes-
#262101	REDUCE cov: 575 ft: 2333 corp: 562/26Kb lim: 243 exec/s: 17473 rss: 546Mb L: 136/236 MS: 5 CMP-CrossOver-PersAutoDict-ChangeByte-EraseBytes- DE: "\201\000\000\000\000\000\000\000"-"\001h"-
#262138	REDUCE cov: 575 ft: 2333 corp: 562/26Kb lim: 243 exec/s: 17475 rss: 546Mb L: 16/236 MS: 2 EraseBytes-ChangeBit-
#262144	pulse  cov: 575 ft: 2333 corp: 562/26Kb lim: 243 exec/s: 17476 rss: 546Mb
#262200	REDUCE cov: 575 ft: 2333 corp: 562/26Kb lim: 243 exec/s: 17480 rss: 546Mb L: 173/236 MS: 2 EraseBytes-CopyPart-
#262723	REDUCE cov: 575 ft: 2333 corp: 562/26Kb lim: 243 exec/s: 17514 rss: 546Mb L: 47/236 MS: 3 ChangeBinInt-ChangeBit-EraseBytes-
#263110	REDUCE cov: 575 ft: 2333 corp: 562/26Kb lim: 243 exec/s: 17540 rss: 546Mb L: 33/236 MS: 2 InsertByte-EraseBytes-
#263173	REDUCE cov: 575 ft: 2336 corp: 563/26Kb lim: 243 exec/s: 17544 rss: 546Mb L: 223/236 MS: 3 CMP-CopyPart-CopyPart- DE: "\377\377\377\377\377\377\377\377"-
#263364	REDUCE cov: 575 ft: 2337 corp: 564/26Kb lim: 243 exec/s: 17557 rss: 546Mb L: 122/236 MS: 1 CopyPart-
#263469	REDUCE cov: 575 ft: 2337 corp: 564/26Kb lim: 243 exec/s: 17564 rss: 546Mb L: 11/236 MS: 5 ShuffleBytes-CopyPart-ChangeByte-CopyPart-EraseBytes-
#263740	REDUCE cov: 575 ft: 2337 corp: 564/26Kb lim: 243 exec/s: 16483 rss: 546Mb L: 60/236 MS: 1 EraseBytes-
#263961	REDUCE cov: 575 ft: 2337 corp: 564/26Kb lim: 243 exec/s: 16497 rss: 547Mb L: 10/236 MS: 1 EraseBytes-
#264119	REDUCE cov: 575 ft: 2337 corp: 564/26Kb lim: 243 exec/s: 16507 rss: 547Mb L: 178/236 MS: 3 ChangeBit-ChangeByte-EraseBytes-
#264292	REDUCE cov: 575 ft: 2337 corp: 564/26Kb lim: 243 exec/s: 16518 rss: 547Mb L: 41/236 MS: 3 ShuffleBytes-CopyPart-EraseBytes-
#264675	REDUCE cov: 575 ft: 2337 corp: 564/26Kb lim: 243 exec/s: 16542 rss: 547Mb L: 30/236 MS: 3 ChangeByte-PersAutoDict-EraseBytes- DE: "'\000\000\000"-
#264722	REDUCE cov: 575 ft: 2337 corp: 564/26Kb lim: 243 exec/s: 16545 rss: 547Mb L: 65/236 MS: 2 ChangeBinInt-EraseBytes-
#264811	REDUCE cov: 575 ft: 2337 corp: 564/26Kb lim: 243 exec/s: 16550 rss: 547Mb L: 225/225 MS: 4 ChangeBit-InsertRepeatedBytes-InsertByte-EraseBytes-
#264948	REDUCE cov: 575 ft: 2337 corp: 564/26Kb lim: 243 exec/s: 16559 rss: 548Mb L: 6/225 MS: 2 ShuffleBytes-EraseBytes-
#266328	REDUCE cov: 575 ft: 2337 corp: 564/26Kb lim: 250 exec/s: 16645 rss: 550Mb L: 185/225 MS: 5 InsertByte-InsertRepeatedBytes-ChangeByte-CopyPart-EraseBytes-
#266338	NEW    cov: 575 ft: 2338 corp: 565/26Kb lim: 250 exec/s: 16646 rss: 550Mb L: 40/225 MS: 5 CMP-ChangeASCIIInt-InsertByte-InsertByte-CopyPart- DE: "\374\377\000\000"-
#266675	REDUCE cov: 575 ft: 2338 corp: 565/26Kb lim: 250 exec/s: 16667 rss: 550Mb L: 117/225 MS: 2 EraseBytes-CopyPart-
#267066	REDUCE cov: 575 ft: 2341 corp: 566/26Kb lim: 250 exec/s: 16691 rss: 551Mb L: 154/225 MS: 1 InsertRepeatedBytes-
#267382	REDUCE cov: 575 ft: 2341 corp: 566/26Kb lim: 250 exec/s: 16711 rss: 551Mb L: 75/225 MS: 1 EraseBytes-
#267498	REDUCE cov: 575 ft: 2341 corp: 566/26Kb lim: 250 exec/s: 16718 rss: 551Mb L: 90/225 MS: 1 EraseBytes-
#267574	REDUCE cov: 575 ft: 2341 corp: 566/26Kb lim: 250 exec/s: 16723 rss: 552Mb L: 125/225 MS: 1 EraseBytes-
#267714	REDUCE cov: 575 ft: 2342 corp: 567/26Kb lim: 250 exec/s: 16732 rss: 552Mb L: 241/241 MS: 5 ChangeBinInt-ChangeBinInt-InsertByte-CopyPart-CopyPart-
#267740	REDUCE cov: 575 ft: 2342 corp: 567/26Kb lim: 250 exec/s: 16733 rss: 552Mb L: 24/241 MS: 1 EraseBytes-
#267802	REDUCE cov: 575 ft: 2342 corp: 567/26Kb lim: 250 exec/s: 16737 rss: 552Mb L: 42/241 MS: 2 CopyPart-EraseBytes-
#267858	REDUCE cov: 575 ft: 2342 corp: 567/26Kb lim: 250 exec/s: 16741 rss: 552Mb L: 26/241 MS: 1 EraseBytes-
#267868	REDUCE cov: 575 ft: 2342 corp: 567/26Kb lim: 250 exec/s: 16741 rss: 552Mb L: 52/241 MS: 5 ChangeASCIIInt-ChangeBinInt-ChangeBit-ShuffleBytes-EraseBytes-
#267966	REDUCE cov: 575 ft: 2342 corp: 567/26Kb lim: 250 exec/s: 16747 rss: 552Mb L: 55/241 MS: 3 InsertByte-ShuffleBytes-EraseBytes-
#268382	REDUCE cov: 575 ft: 2342 corp: 567/26Kb lim: 250 exec/s: 16773 rss: 552Mb L: 11/241 MS: 1 EraseBytes-
#268704	REDUCE cov: 575 ft: 2342 corp: 567/26Kb lim: 250 exec/s: 16794 rss: 552Mb L: 33/241 MS: 2 ChangeBit-EraseBytes-
#269284	REDUCE cov: 575 ft: 2342 corp: 567/26Kb lim: 250 exec/s: 16830 rss: 552Mb L: 31/241 MS: 5 ChangeBinInt-InsertByte-ChangeBit-InsertByte-EraseBytes-
#269361	REDUCE cov: 575 ft: 2342 corp: 567/26Kb lim: 250 exec/s: 16835 rss: 552Mb L: 12/241 MS: 2 PersAutoDict-EraseBytes- DE: "\001\000\000\016"-
#269430	NEW    cov: 577 ft: 2344 corp: 568/27Kb lim: 250 exec/s: 16839 rss: 552Mb L: 157/241 MS: 4 InsertRepeatedBytes-CMP-ChangeByte-ShuffleBytes- DE: "X\026\000\000"-
#269771	REDUCE cov: 577 ft: 2344 corp: 568/27Kb lim: 250 exec/s: 16860 rss: 552Mb L: 222/241 MS: 1 EraseBytes-
#269837	REDUCE cov: 577 ft: 2344 corp: 568/27Kb lim: 250 exec/s: 16864 rss: 552Mb L: 40/241 MS: 1 EraseBytes-
#269998	REDUCE cov: 577 ft: 2344 corp: 568/27Kb lim: 250 exec/s: 16874 rss: 552Mb L: 66/241 MS: 1 EraseBytes-
#270124	REDUCE cov: 577 ft: 2344 corp: 568/27Kb lim: 250 exec/s: 16882 rss: 552Mb L: 25/241 MS: 1 EraseBytes-
#270417	REDUCE cov: 577 ft: 2344 corp: 568/27Kb lim: 250 exec/s: 16901 rss: 552Mb L: 62/241 MS: 3 InsertByte-CopyPart-EraseBytes-
#270793	REDUCE cov: 577 ft: 2344 corp: 568/27Kb lim: 250 exec/s: 16924 rss: 552Mb L: 156/241 MS: 1 EraseBytes-
#270994	REDUCE cov: 577 ft: 2344 corp: 568/27Kb lim: 250 exec/s: 16937 rss: 552Mb L: 46/241 MS: 1 EraseBytes-
#271326	REDUCE cov: 577 ft: 2344 corp: 568/27Kb lim: 250 exec/s: 16957 rss: 552Mb L: 33/241 MS: 2 ShuffleBytes-EraseBytes-
#271414	REDUCE cov: 577 ft: 2344 corp: 568/27Kb lim: 250 exec/s: 16963 rss: 552Mb L: 39/241 MS: 3 ChangeBinInt-PersAutoDict-EraseBytes- DE: "z\000"-
#271465	REDUCE cov: 577 ft: 2344 corp: 568/27Kb lim: 250 exec/s: 16966 rss: 552Mb L: 44/241 MS: 1 EraseBytes-
#271517	REDUCE cov: 577 ft: 2344 corp: 568/27Kb lim: 250 exec/s: 16969 rss: 552Mb L: 19/241 MS: 2 ChangeBit-EraseBytes-
#271594	REDUCE cov: 577 ft: 2344 corp: 568/27Kb lim: 250 exec/s: 16974 rss: 552Mb L: 33/241 MS: 2 ShuffleBytes-EraseBytes-
#272071	REDUCE cov: 577 ft: 2344 corp: 568/27Kb lim: 250 exec/s: 17004 rss: 552Mb L: 9/241 MS: 2 ChangeBit-EraseBytes-
#272302	REDUCE cov: 577 ft: 2344 corp: 568/27Kb lim: 250 exec/s: 17018 rss: 552Mb L: 22/241 MS: 1 EraseBytes-
#272380	REDUCE cov: 577 ft: 2344 corp: 568/27Kb lim: 250 exec/s: 17023 rss: 552Mb L: 174/241 MS: 3 ShuffleBytes-InsertByte-EraseBytes-
#272686	REDUCE cov: 577 ft: 2344 corp: 568/27Kb lim: 250 exec/s: 17042 rss: 552Mb L: 19/241 MS: 1 EraseBytes-
#272914	REDUCE cov: 577 ft: 2344 corp: 568/27Kb lim: 250 exec/s: 17057 rss: 552Mb L: 43/241 MS: 3 InsertByte-ChangeASCIIInt-EraseBytes-
#273311	REDUCE cov: 577 ft: 2344 corp: 568/27Kb lim: 250 exec/s: 17081 rss: 552Mb L: 13/241 MS: 2 ChangeBit-EraseBytes-
#273338	REDUCE cov: 577 ft: 2344 corp: 568/27Kb lim: 250 exec/s: 17083 rss: 552Mb L: 31/241 MS: 2 ChangeBit-EraseBytes-
#273379	REDUCE cov: 577 ft: 2344 corp: 568/27Kb lim: 250 exec/s: 17086 rss: 552Mb L: 30/241 MS: 1 EraseBytes-
#273537	REDUCE cov: 577 ft: 2344 corp: 568/27Kb lim: 250 exec/s: 17096 rss: 552Mb L: 42/241 MS: 3 CopyPart-EraseBytes-EraseBytes-
#273623	REDUCE cov: 577 ft: 2344 corp: 568/27Kb lim: 250 exec/s: 17101 rss: 552Mb L: 2/241 MS: 1 EraseBytes-
#274326	REDUCE cov: 577 ft: 2344 corp: 568/26Kb lim: 250 exec/s: 17145 rss: 553Mb L: 88/241 MS: 3 ChangeBinInt-CopyPart-EraseBytes-
#274422	REDUCE cov: 577 ft: 2344 corp: 568/26Kb lim: 250 exec/s: 17151 rss: 553Mb L: 70/241 MS: 1 EraseBytes-
#274543	REDUCE cov: 577 ft: 2344 corp: 568/26Kb lim: 250 exec/s: 17158 rss: 553Mb L: 35/241 MS: 1 EraseBytes-
#274820	REDUCE cov: 577 ft: 2346 corp: 569/26Kb lim: 250 exec/s: 17176 rss: 553Mb L: 77/241 MS: 2 ChangeByte-CopyPart-
#274941	NEW    cov: 578 ft: 2347 corp: 570/27Kb lim: 250 exec/s: 17183 rss: 553Mb L: 215/241 MS: 1 CrossOver-
#274942	REDUCE cov: 578 ft: 2347 corp: 570/27Kb lim: 250 exec/s: 17183 rss: 553Mb L: 18/241 MS: 1 EraseBytes-
#275059	REDUCE cov: 578 ft: 2347 corp: 570/27Kb lim: 250 exec/s: 17191 rss: 553Mb L: 25/241 MS: 2 CopyPart-EraseBytes-
#275241	REDUCE cov: 578 ft: 2348 corp: 571/27Kb lim: 250 exec/s: 17202 rss: 553Mb L: 248/248 MS: 2 CrossOver-CopyPart-
#275422	REDUCE cov: 578 ft: 2348 corp: 571/27Kb lim: 250 exec/s: 17213 rss: 553Mb L: 13/248 MS: 1 EraseBytes-
#275598	REDUCE cov: 578 ft: 2348 corp: 571/27Kb lim: 250 exec/s: 17224 rss: 554Mb L: 72/248 MS: 1 EraseBytes-
#275804	REDUCE cov: 578 ft: 2348 corp: 571/27Kb lim: 250 exec/s: 17237 rss: 554Mb L: 63/248 MS: 1 EraseBytes-
#275971	REDUCE cov: 578 ft: 2348 corp: 571/27Kb lim: 250 exec/s: 17248 rss: 554Mb L: 221/248 MS: 2 ShuffleBytes-EraseBytes-
#275975	REDUCE cov: 579 ft: 2350 corp: 572/27Kb lim: 250 exec/s: 17248 rss: 554Mb L: 180/248 MS: 4 PersAutoDict-ChangeBit-ChangeBinInt-CopyPart- DE: "\001\205"-
#276067	REDUCE cov: 579 ft: 2350 corp: 572/27Kb lim: 250 exec/s: 17254 rss: 554Mb L: 214/241 MS: 2 PersAutoDict-EraseBytes- DE: "\377\377"-
#276508	REDUCE cov: 579 ft: 2350 corp: 572/27Kb lim: 250 exec/s: 17281 rss: 555Mb L: 150/241 MS: 1 CrossOver-
#276660	REDUCE cov: 579 ft: 2350 corp: 572/27Kb lim: 250 exec/s: 17291 rss: 555Mb L: 10/241 MS: 2 ChangeBinInt-EraseBytes-
#276876	NEW    cov: 579 ft: 2351 corp: 573/27Kb lim: 250 exec/s: 17304 rss: 555Mb L: 60/241 MS: 1 PersAutoDict- DE: "\377\374"-
#277078	REDUCE cov: 579 ft: 2351 corp: 573/27Kb lim: 250 exec/s: 17317 rss: 555Mb L: 140/241 MS: 2 ChangeBit-EraseBytes-
#277327	REDUCE cov: 579 ft: 2351 corp: 573/27Kb lim: 250 exec/s: 17332 rss: 556Mb L: 77/241 MS: 4 PersAutoDict-EraseBytes-CMP-CopyPart- DE: "\377\375"-"\001\000\000\016"-
#277558	REDUCE cov: 579 ft: 2351 corp: 573/27Kb lim: 250 exec/s: 17347 rss: 556Mb L: 10/241 MS: 1 EraseBytes-
#277935	REDUCE cov: 579 ft: 2351 corp: 573/27Kb lim: 250 exec/s: 17370 rss: 557Mb L: 16/241 MS: 2 CopyPart-EraseBytes-
#278094	REDUCE cov: 579 ft: 2351 corp: 573/27Kb lim: 250 exec/s: 17380 rss: 557Mb L: 49/241 MS: 4 ShuffleBytes-ShuffleBytes-ShuffleBytes-EraseBytes-
#278235	REDUCE cov: 579 ft: 2351 corp: 573/27Kb lim: 250 exec/s: 17389 rss: 557Mb L: 8/241 MS: 1 EraseBytes-
#278571	REDUCE cov: 579 ft: 2351 corp: 573/27Kb lim: 250 exec/s: 17410 rss: 557Mb L: 45/241 MS: 1 EraseBytes-
#279059	REDUCE cov: 579 ft: 2351 corp: 573/27Kb lim: 250 exec/s: 17441 rss: 557Mb L: 68/241 MS: 3 ChangeByte-CrossOver-EraseBytes-
#279085	REDUCE cov: 579 ft: 2351 corp: 573/27Kb lim: 250 exec/s: 17442 rss: 557Mb L: 158/241 MS: 1 EraseBytes-
#279531	REDUCE cov: 579 ft: 2351 corp: 573/27Kb lim: 250 exec/s: 17470 rss: 557Mb L: 5/241 MS: 1 EraseBytes-
#279678	REDUCE cov: 579 ft: 2351 corp: 573/27Kb lim: 250 exec/s: 16451 rss: 557Mb L: 8/241 MS: 2 CopyPart-EraseBytes-
#280104	REDUCE cov: 579 ft: 2351 corp: 573/27Kb lim: 250 exec/s: 16476 rss: 557Mb L: 32/241 MS: 1 EraseBytes-
#280630	REDUCE cov: 579 ft: 2351 corp: 573/27Kb lim: 250 exec/s: 16507 rss: 557Mb L: 60/241 MS: 1 EraseBytes-
#280651	REDUCE cov: 579 ft: 2351 corp: 573/27Kb lim: 250 exec/s: 16508 rss: 557Mb L: 239/239 MS: 1 EraseBytes-
#280918	NEW    cov: 579 ft: 2352 corp: 574/27Kb lim: 250 exec/s: 16524 rss: 557Mb L: 239/239 MS: 2 CopyPart-CopyPart-
#281064	REDUCE cov: 579 ft: 2352 corp: 574/27Kb lim: 250 exec/s: 16533 rss: 557Mb L: 169/239 MS: 1 EraseBytes-
#281272	REDUCE cov: 579 ft: 2352 corp: 574/27Kb lim: 250 exec/s: 16545 rss: 557Mb L: 200/239 MS: 3 ChangeBinInt-ChangeByte-EraseBytes-
#281284	REDUCE cov: 579 ft: 2352 corp: 574/27Kb lim: 250 exec/s: 16546 rss: 557Mb L: 10/239 MS: 2 InsertByte-EraseBytes-
#281415	REDUCE cov: 579 ft: 2352 corp: 574/27Kb lim: 250 exec/s: 16553 rss: 557Mb L: 75/239 MS: 1 EraseBytes-
#281459	REDUCE cov: 579 ft: 2352 corp: 574/27Kb lim: 250 exec/s: 16556 rss: 557Mb L: 165/239 MS: 4 InsertRepeatedBytes-CopyPart-ChangeBit-EraseBytes-
#281548	REDUCE cov: 579 ft: 2352 corp: 574/27Kb lim: 250 exec/s: 16561 rss: 557Mb L: 220/239 MS: 4 ChangeBit-ChangeByte-ShuffleBytes-CrossOver-
#281789	REDUCE cov: 579 ft: 2352 corp: 574/27Kb lim: 250 exec/s: 16575 rss: 557Mb L: 35/239 MS: 1 EraseBytes-
#281898	NEW    cov: 579 ft: 2353 corp: 575/27Kb lim: 250 exec/s: 16582 rss: 557Mb L: 250/250 MS: 4 ChangeBit-CrossOver-ShuffleBytes-CopyPart-
#282119	REDUCE cov: 579 ft: 2353 corp: 575/27Kb lim: 250 exec/s: 16595 rss: 557Mb L: 56/250 MS: 1 EraseBytes-
#282300	REDUCE cov: 579 ft: 2353 corp: 575/27Kb lim: 250 exec/s: 16605 rss: 557Mb L: 30/250 MS: 1 EraseBytes-
#282401	REDUCE cov: 579 ft: 2353 corp: 575/27Kb lim: 250 exec/s: 16611 rss: 558Mb L: 175/250 MS: 1 CrossOver-
#282507	REDUCE cov: 579 ft: 2353 corp: 575/27Kb lim: 250 exec/s: 16618 rss: 558Mb L: 115/250 MS: 1 EraseBytes-
#282843	REDUCE cov: 579 ft: 2353 corp: 575/27Kb lim: 250 exec/s: 16637 rss: 558Mb L: 22/250 MS: 1 EraseBytes-
#283169	REDUCE cov: 579 ft: 2353 corp: 575/27Kb lim: 250 exec/s: 16657 rss: 558Mb L: 67/250 MS: 1 EraseBytes-
#283256	REDUCE cov: 579 ft: 2353 corp: 575/27Kb lim: 250 exec/s: 16662 rss: 558Mb L: 13/250 MS: 2 ShuffleBytes-EraseBytes-
#283404	REDUCE cov: 579 ft: 2353 corp: 575/27Kb lim: 250 exec/s: 16670 rss: 558Mb L: 29/250 MS: 3 InsertByte-PersAutoDict-EraseBytes- DE: "\007\000"-
#283691	REDUCE cov: 579 ft: 2353 corp: 575/27Kb lim: 250 exec/s: 16687 rss: 558Mb L: 195/250 MS: 2 ChangeBit-EraseBytes-
#283757	REDUCE cov: 579 ft: 2353 corp: 575/27Kb lim: 250 exec/s: 16691 rss: 558Mb L: 21/250 MS: 1 EraseBytes-
#283780	REDUCE cov: 579 ft: 2353 corp: 575/27Kb lim: 250 exec/s: 16692 rss: 558Mb L: 22/250 MS: 3 EraseBytes-ChangeByte-CopyPart-
#284454	REDUCE cov: 579 ft: 2355 corp: 576/28Kb lim: 250 exec/s: 16732 rss: 558Mb L: 250/250 MS: 4 ChangeBinInt-CopyPart-CopyPart-CopyPart-
#284682	REDUCE cov: 579 ft: 2358 corp: 577/28Kb lim: 250 exec/s: 16746 rss: 559Mb L: 176/250 MS: 3 PersAutoDict-CopyPart-CopyPart- DE: "\000\376"-
#284878	REDUCE cov: 579 ft: 2358 corp: 577/28Kb lim: 250 exec/s: 16757 rss: 559Mb L: 66/250 MS: 1 EraseBytes-
#284933	REDUCE cov: 579 ft: 2358 corp: 577/28Kb lim: 250 exec/s: 16760 rss: 559Mb L: 17/250 MS: 5 InsertByte-ChangeByte-ChangeASCIIInt-ChangeByte-EraseBytes-
#285042	REDUCE cov: 579 ft: 2361 corp: 578/28Kb lim: 250 exec/s: 16767 rss: 559Mb L: 243/250 MS: 4 CMP-InsertByte-EraseBytes-CopyPart- DE: "\377["-
#285072	REDUCE cov: 579 ft: 2361 corp: 578/28Kb lim: 250 exec/s: 16768 rss: 559Mb L: 228/250 MS: 5 ChangeBit-EraseBytes-CMP-ChangeByte-CopyPart- DE: "\364\000\000\000\000\000\000\000"-
#285210	REDUCE cov: 579 ft: 2361 corp: 578/28Kb lim: 250 exec/s: 16777 rss: 559Mb L: 213/250 MS: 3 ChangeBinInt-ChangeByte-EraseBytes-
#285432	REDUCE cov: 579 ft: 2361 corp: 578/28Kb lim: 250 exec/s: 16790 rss: 559Mb L: 12/250 MS: 2 CopyPart-EraseBytes-
#285562	REDUCE cov: 579 ft: 2361 corp: 578/28Kb lim: 250 exec/s: 16797 rss: 560Mb L: 10/250 MS: 5 ChangeBit-EraseBytes-EraseBytes-CopyPart-CopyPart-
#285566	REDUCE cov: 579 ft: 2361 corp: 578/28Kb lim: 250 exec/s: 16798 rss: 560Mb L: 33/250 MS: 4 EraseBytes-CMP-PersAutoDict-ShuffleBytes- DE: "@\000\000\000"-"\377["-
#285972	REDUCE cov: 579 ft: 2361 corp: 578/28Kb lim: 250 exec/s: 16821 rss: 560Mb L: 30/250 MS: 1 EraseBytes-
#286000	REDUCE cov: 579 ft: 2363 corp: 579/28Kb lim: 250 exec/s: 16823 rss: 560Mb L: 224/250 MS: 3 ChangeBinInt-ChangeASCIIInt-CopyPart-
#286180	REDUCE cov: 579 ft: 2363 corp: 579/28Kb lim: 250 exec/s: 16834 rss: 560Mb L: 62/250 MS: 5 InsertByte-PersAutoDict-ChangeByte-ShuffleBytes-EraseBytes- DE: "t\000"-
#286377	REDUCE cov: 579 ft: 2363 corp: 579/28Kb lim: 250 exec/s: 16845 rss: 561Mb L: 56/250 MS: 2 CopyPart-EraseBytes-
#286543	REDUCE cov: 579 ft: 2363 corp: 579/28Kb lim: 250 exec/s: 16855 rss: 561Mb L: 126/250 MS: 1 EraseBytes-
#286604	NEW    cov: 579 ft: 2365 corp: 580/28Kb lim: 250 exec/s: 16859 rss: 561Mb L: 176/250 MS: 1 ChangeByte-
#287066	REDUCE cov: 579 ft: 2365 corp: 580/28Kb lim: 250 exec/s: 16886 rss: 562Mb L: 214/250 MS: 2 ChangeBinInt-EraseBytes-
#287124	REDUCE cov: 579 ft: 2365 corp: 580/28Kb lim: 250 exec/s: 16889 rss: 562Mb L: 207/250 MS: 3 InsertByte-ShuffleBytes-EraseBytes-
#287240	REDUCE cov: 579 ft: 2365 corp: 580/28Kb lim: 250 exec/s: 16896 rss: 562Mb L: 5/250 MS: 1 EraseBytes-
#287306	REDUCE cov: 579 ft: 2365 corp: 580/28Kb lim: 250 exec/s: 16900 rss: 562Mb L: 39/250 MS: 1 EraseBytes-
#287317	REDUCE cov: 579 ft: 2365 corp: 580/28Kb lim: 250 exec/s: 16901 rss: 562Mb L: 41/250 MS: 1 EraseBytes-
#287729	REDUCE cov: 579 ft: 2365 corp: 580/28Kb lim: 250 exec/s: 16925 rss: 562Mb L: 28/250 MS: 2 ChangeBit-EraseBytes-
#287751	REDUCE cov: 579 ft: 2365 corp: 580/28Kb lim: 250 exec/s: 16926 rss: 562Mb L: 73/250 MS: 2 InsertByte-EraseBytes-
#288168	REDUCE cov: 579 ft: 2365 corp: 580/28Kb lim: 250 exec/s: 16951 rss: 562Mb L: 13/250 MS: 2 EraseBytes-CopyPart-
#289231	REDUCE cov: 579 ft: 2365 corp: 580/28Kb lim: 257 exec/s: 17013 rss: 562Mb L: 164/250 MS: 3 InsertRepeatedBytes-ShuffleBytes-EraseBytes-
#289277	REDUCE cov: 579 ft: 2365 corp: 580/28Kb lim: 257 exec/s: 17016 rss: 562Mb L: 4/250 MS: 1 EraseBytes-
#289653	REDUCE cov: 579 ft: 2365 corp: 580/28Kb lim: 257 exec/s: 17038 rss: 562Mb L: 35/250 MS: 1 EraseBytes-
#289820	REDUCE cov: 579 ft: 2365 corp: 580/28Kb lim: 257 exec/s: 17048 rss: 562Mb L: 36/250 MS: 2 ShuffleBytes-EraseBytes-
#291143	REDUCE cov: 579 ft: 2365 corp: 580/28Kb lim: 265 exec/s: 17126 rss: 562Mb L: 106/250 MS: 3 ChangeBit-CopyPart-EraseBytes-
#291374	REDUCE cov: 579 ft: 2365 corp: 580/28Kb lim: 265 exec/s: 17139 rss: 562Mb L: 46/250 MS: 1 EraseBytes-
#291456	REDUCE cov: 579 ft: 2365 corp: 580/28Kb lim: 265 exec/s: 17144 rss: 562Mb L: 124/250 MS: 2 PersAutoDict-EraseBytes- DE: "\377\204"-
#291544	REDUCE cov: 579 ft: 2365 corp: 580/28Kb lim: 265 exec/s: 17149 rss: 563Mb L: 8/250 MS: 3 ChangeBit-ChangeBit-EraseBytes-
#291686	REDUCE cov: 579 ft: 2365 corp: 580/28Kb lim: 265 exec/s: 17158 rss: 563Mb L: 29/250 MS: 2 ChangeByte-EraseBytes-
#291753	REDUCE cov: 579 ft: 2365 corp: 580/28Kb lim: 265 exec/s: 17161 rss: 563Mb L: 33/250 MS: 2 ChangeByte-EraseBytes-
#291815	NEW    cov: 579 ft: 2369 corp: 581/29Kb lim: 265 exec/s: 17165 rss: 563Mb L: 253/253 MS: 2 InsertByte-CopyPart-
#291921	REDUCE cov: 579 ft: 2369 corp: 581/29Kb lim: 265 exec/s: 17171 rss: 563Mb L: 20/253 MS: 1 EraseBytes-
#293068	REDUCE cov: 579 ft: 2369 corp: 581/29Kb lim: 273 exec/s: 17239 rss: 563Mb L: 107/253 MS: 2 InsertRepeatedBytes-EraseBytes-
#293094	REDUCE cov: 579 ft: 2369 corp: 581/29Kb lim: 273 exec/s: 17240 rss: 563Mb L: 94/253 MS: 1 EraseBytes-
#293253	REDUCE cov: 579 ft: 2369 corp: 581/28Kb lim: 273 exec/s: 17250 rss: 563Mb L: 147/253 MS: 4 ChangeBit-EraseBytes-EraseBytes-CopyPart-
#293551	REDUCE cov: 579 ft: 2370 corp: 582/29Kb lim: 273 exec/s: 17267 rss: 563Mb L: 250/253 MS: 3 CrossOver-InsertByte-CopyPart-
#293702	REDUCE cov: 579 ft: 2370 corp: 582/29Kb lim: 273 exec/s: 17276 rss: 563Mb L: 230/253 MS: 1 EraseBytes-
#294140	REDUCE cov: 579 ft: 2370 corp: 582/29Kb lim: 273 exec/s: 17302 rss: 563Mb L: 204/253 MS: 3 ChangeASCIIInt-ShuffleBytes-EraseBytes-
#294527	REDUCE cov: 579 ft: 2370 corp: 582/29Kb lim: 273 exec/s: 17325 rss: 563Mb L: 47/253 MS: 2 ChangeByte-EraseBytes-
#294574	NEW    cov: 579 ft: 2371 corp: 583/29Kb lim: 273 exec/s: 17327 rss: 563Mb L: 256/256 MS: 2 CrossOver-CopyPart-
#294787	REDUCE cov: 579 ft: 2371 corp: 583/29Kb lim: 273 exec/s: 17340 rss: 563Mb L: 7/256 MS: 3 CopyPart-ChangeBinInt-EraseBytes-
#295398	REDUCE cov: 579 ft: 2371 corp: 583/29Kb lim: 273 exec/s: 17376 rss: 564Mb L: 25/256 MS: 1 EraseBytes-
#295709	REDUCE cov: 579 ft: 2371 corp: 583/29Kb lim: 273 exec/s: 16428 rss: 564Mb L: 33/256 MS: 1 EraseBytes-
#295970	REDUCE cov: 579 ft: 2371 corp: 583/29Kb lim: 273 exec/s: 16442 rss: 565Mb L: 98/256 MS: 1 EraseBytes-
#296111	REDUCE cov: 579 ft: 2371 corp: 583/29Kb lim: 273 exec/s: 16450 rss: 565Mb L: 8/256 MS: 1 EraseBytes-
#296958	REDUCE cov: 579 ft: 2371 corp: 583/29Kb lim: 281 exec/s: 16497 rss: 566Mb L: 74/256 MS: 2 EraseBytes-CopyPart-
#297305	REDUCE cov: 579 ft: 2371 corp: 583/29Kb lim: 281 exec/s: 16516 rss: 566Mb L: 168/256 MS: 2 PersAutoDict-EraseBytes- DE: "\001\000\000\000\000\000\000\027"-
#297405	REDUCE cov: 579 ft: 2371 corp: 583/29Kb lim: 281 exec/s: 16522 rss: 566Mb L: 7/256 MS: 5 ChangeBinInt-CrossOver-EraseBytes-ChangeBit-CMP- DE: "\377\242"-
#297527	REDUCE cov: 579 ft: 2371 corp: 583/29Kb lim: 281 exec/s: 16529 rss: 566Mb L: 5/256 MS: 2 ChangeByte-EraseBytes-
#297833	REDUCE cov: 579 ft: 2371 corp: 583/29Kb lim: 281 exec/s: 16546 rss: 566Mb L: 6/256 MS: 1 EraseBytes-
#298129	REDUCE cov: 579 ft: 2371 corp: 583/29Kb lim: 281 exec/s: 16562 rss: 566Mb L: 138/256 MS: 1 EraseBytes-
#298170	REDUCE cov: 579 ft: 2371 corp: 583/29Kb lim: 281 exec/s: 16565 rss: 566Mb L: 24/256 MS: 1 EraseBytes-
#298320	REDUCE cov: 579 ft: 2371 corp: 583/29Kb lim: 281 exec/s: 16573 rss: 566Mb L: 195/256 MS: 5 ChangeBit-ChangeByte-CopyPart-ChangeBinInt-EraseBytes-
#298444	REDUCE cov: 579 ft: 2371 corp: 583/29Kb lim: 281 exec/s: 16580 rss: 566Mb L: 77/256 MS: 4 ChangeBinInt-CrossOver-ChangeBinInt-EraseBytes-
#298455	REDUCE cov: 579 ft: 2371 corp: 583/29Kb lim: 281 exec/s: 16580 rss: 566Mb L: 35/256 MS: 1 EraseBytes-
#298477	REDUCE cov: 579 ft: 2371 corp: 583/29Kb lim: 281 exec/s: 16582 rss: 566Mb L: 52/256 MS: 2 ChangeByte-EraseBytes-
#298529	REDUCE cov: 579 ft: 2371 corp: 583/29Kb lim: 281 exec/s: 16584 rss: 566Mb L: 129/256 MS: 2 ChangeByte-EraseBytes-
#298668	REDUCE cov: 579 ft: 2371 corp: 583/29Kb lim: 281 exec/s: 16592 rss: 566Mb L: 137/256 MS: 4 ChangeByte-ChangeBinInt-PersAutoDict-EraseBytes- DE: "\001\000\000'"-
#298949	REDUCE cov: 579 ft: 2371 corp: 583/29Kb lim: 281 exec/s: 16608 rss: 566Mb L: 20/256 MS: 1 EraseBytes-
#300074	REDUCE cov: 579 ft: 2371 corp: 583/29Kb lim: 289 exec/s: 16670 rss: 567Mb L: 112/256 MS: 5 ChangeBit-EraseBytes-ChangeBinInt-CopyPart-EraseBytes-
#300295	REDUCE cov: 579 ft: 2373 corp: 584/29Kb lim: 289 exec/s: 16683 rss: 567Mb L: 134/256 MS: 1 CopyPart-
#301437	REDUCE cov: 579 ft: 2373 corp: 584/29Kb lim: 297 exec/s: 16746 rss: 567Mb L: 187/256 MS: 2 CopyPart-CrossOver-
#301595	REDUCE cov: 579 ft: 2373 corp: 584/29Kb lim: 297 exec/s: 16755 rss: 567Mb L: 41/256 MS: 3 InsertByte-ChangeByte-EraseBytes-
#301851	REDUCE cov: 579 ft: 2373 corp: 584/29Kb lim: 297 exec/s: 16769 rss: 567Mb L: 138/256 MS: 1 EraseBytes-
#302092	NEW    cov: 579 ft: 2382 corp: 585/29Kb lim: 297 exec/s: 16782 rss: 567Mb L: 296/296 MS: 1 CopyPart-
#302326	NEW    cov: 579 ft: 2383 corp: 586/29Kb lim: 297 exec/s: 16795 rss: 567Mb L: 297/297 MS: 4 ChangeByte-InsertByte-CopyPart-CMP- DE: "\377\377\377\377\377\377\377\003"-
#302693	REDUCE cov: 579 ft: 2383 corp: 586/29Kb lim: 297 exec/s: 16816 rss: 567Mb L: 160/297 MS: 2 EraseBytes-InsertByte-
#302850	REDUCE cov: 579 ft: 2383 corp: 586/29Kb lim: 297 exec/s: 16825 rss: 567Mb L: 54/297 MS: 2 InsertByte-EraseBytes-
#303134	REDUCE cov: 579 ft: 2383 corp: 586/29Kb lim: 297 exec/s: 16840 rss: 567Mb L: 68/297 MS: 4 CopyPart-ChangeBinInt-ChangeBinInt-EraseBytes-
#303701	REDUCE cov: 579 ft: 2383 corp: 586/29Kb lim: 297 exec/s: 16872 rss: 567Mb L: 22/297 MS: 2 ChangeASCIIInt-EraseBytes-
#303958	NEW    cov: 579 ft: 2384 corp: 587/30Kb lim: 297 exec/s: 16886 rss: 567Mb L: 259/297 MS: 2 ChangeASCIIInt-CrossOver-
#304079	REDUCE cov: 579 ft: 2384 corp: 587/30Kb lim: 297 exec/s: 16893 rss: 567Mb L: 55/297 MS: 1 EraseBytes-
#304417	REDUCE cov: 579 ft: 2384 corp: 587/30Kb lim: 297 exec/s: 16912 rss: 568Mb L: 81/297 MS: 3 CopyPart-InsertByte-EraseBytes-
#304533	REDUCE cov: 579 ft: 2384 corp: 587/30Kb lim: 297 exec/s: 16918 rss: 568Mb L: 19/297 MS: 1 EraseBytes-
#304759	REDUCE cov: 579 ft: 2384 corp: 587/30Kb lim: 297 exec/s: 16931 rss: 568Mb L: 30/297 MS: 1 EraseBytes-
#305196	REDUCE cov: 579 ft: 2387 corp: 588/30Kb lim: 297 exec/s: 16955 rss: 568Mb L: 229/297 MS: 2 InsertByte-CopyPart-
#305584	REDUCE cov: 579 ft: 2387 corp: 588/30Kb lim: 297 exec/s: 16976 rss: 569Mb L: 104/297 MS: 3 CrossOver-ShuffleBytes-EraseBytes-
#305635	REDUCE cov: 579 ft: 2387 corp: 588/30Kb lim: 297 exec/s: 16979 rss: 569Mb L: 40/297 MS: 1 EraseBytes-
#305757	REDUCE cov: 579 ft: 2387 corp: 588/30Kb lim: 297 exec/s: 16986 rss: 569Mb L: 62/297 MS: 2 ChangeByte-EraseBytes-
#306131	REDUCE cov: 579 ft: 2387 corp: 588/30Kb lim: 297 exec/s: 17007 rss: 570Mb L: 88/297 MS: 4 CrossOver-ChangeBit-ShuffleBytes-EraseBytes-
#306507	REDUCE cov: 579 ft: 2387 corp: 588/30Kb lim: 297 exec/s: 17028 rss: 570Mb L: 34/297 MS: 1 CrossOver-
#306652	REDUCE cov: 579 ft: 2387 corp: 588/30Kb lim: 297 exec/s: 17036 rss: 570Mb L: 119/297 MS: 5 ChangeByte-ChangeASCIIInt-ChangeByte-CopyPart-EraseBytes-
#307628	REDUCE cov: 579 ft: 2387 corp: 588/30Kb lim: 305 exec/s: 17090 rss: 571Mb L: 106/297 MS: 1 EraseBytes-
#307798	REDUCE cov: 579 ft: 2387 corp: 588/30Kb lim: 305 exec/s: 17099 rss: 571Mb L: 183/297 MS: 5 ChangeASCIIInt-ChangeBinInt-ChangeByte-ChangeBit-EraseBytes-
#307845	REDUCE cov: 579 ft: 2387 corp: 588/30Kb lim: 305 exec/s: 17102 rss: 571Mb L: 214/297 MS: 2 InsertRepeatedBytes-EraseBytes-
#307886	REDUCE cov: 579 ft: 2387 corp: 588/30Kb lim: 305 exec/s: 17104 rss: 571Mb L: 12/297 MS: 1 EraseBytes-
#308067	REDUCE cov: 579 ft: 2387 corp: 588/30Kb lim: 305 exec/s: 17114 rss: 571Mb L: 37/297 MS: 1 EraseBytes-
#308461	REDUCE cov: 579 ft: 2387 corp: 588/30Kb lim: 305 exec/s: 17136 rss: 571Mb L: 39/297 MS: 4 ShuffleBytes-ChangeBit-CopyPart-EraseBytes-
#308513	REDUCE cov: 579 ft: 2387 corp: 588/30Kb lim: 305 exec/s: 17139 rss: 571Mb L: 14/297 MS: 2 ShuffleBytes-EraseBytes-
#308582	REDUCE cov: 579 ft: 2387 corp: 588/30Kb lim: 305 exec/s: 17143 rss: 571Mb L: 14/297 MS: 4 CrossOver-CopyPart-EraseBytes-PersAutoDict- DE: "\377\377\377\015"-
#308724	REDUCE cov: 579 ft: 2387 corp: 588/30Kb lim: 305 exec/s: 17151 rss: 571Mb L: 28/297 MS: 2 PersAutoDict-EraseBytes- DE: "(\000"-
#308887	REDUCE cov: 579 ft: 2387 corp: 588/30Kb lim: 305 exec/s: 17160 rss: 571Mb L: 14/297 MS: 3 CopyPart-ChangeBit-EraseBytes-
#309224	REDUCE cov: 579 ft: 2387 corp: 588/30Kb lim: 305 exec/s: 17179 rss: 571Mb L: 15/297 MS: 2 ShuffleBytes-EraseBytes-
#309800	REDUCE cov: 579 ft: 2387 corp: 588/30Kb lim: 305 exec/s: 17211 rss: 571Mb L: 38/297 MS: 1 EraseBytes-
#309818	REDUCE cov: 579 ft: 2387 corp: 588/30Kb lim: 305 exec/s: 17212 rss: 571Mb L: 279/297 MS: 3 InsertByte-CopyPart-EraseBytes-
#309909	REDUCE cov: 579 ft: 2387 corp: 588/30Kb lim: 305 exec/s: 17217 rss: 571Mb L: 20/297 MS: 1 EraseBytes-
#310331	REDUCE cov: 579 ft: 2387 corp: 588/30Kb lim: 305 exec/s: 17240 rss: 571Mb L: 11/297 MS: 2 ChangeBinInt-EraseBytes-
#310519	REDUCE cov: 579 ft: 2387 corp: 588/30Kb lim: 305 exec/s: 17251 rss: 571Mb L: 33/297 MS: 3 ChangeBit-ChangeByte-EraseBytes-
#310562	REDUCE cov: 579 ft: 2387 corp: 588/30Kb lim: 305 exec/s: 17253 rss: 571Mb L: 210/297 MS: 3 ChangeBit-EraseBytes-InsertByte-
#310829	REDUCE cov: 579 ft: 2387 corp: 588/30Kb lim: 305 exec/s: 17268 rss: 571Mb L: 6/297 MS: 2 ShuffleBytes-EraseBytes-
#311730	REDUCE cov: 579 ft: 2387 corp: 588/30Kb lim: 313 exec/s: 16406 rss: 571Mb L: 5/297 MS: 1 EraseBytes-
#311821	REDUCE cov: 579 ft: 2387 corp: 588/30Kb lim: 313 exec/s: 16411 rss: 571Mb L: 45/297 MS: 1 EraseBytes-
#312374	REDUCE cov: 579 ft: 2387 corp: 588/30Kb lim: 313 exec/s: 16440 rss: 571Mb L: 62/297 MS: 3 ChangeByte-ChangeBit-EraseBytes-
#312695	REDUCE cov: 579 ft: 2387 corp: 588/30Kb lim: 313 exec/s: 16457 rss: 571Mb L: 127/297 MS: 1 EraseBytes-
#313154	REDUCE cov: 579 ft: 2388 corp: 589/30Kb lim: 313 exec/s: 16481 rss: 571Mb L: 162/297 MS: 4 CrossOver-InsertRepeatedBytes-CrossOver-CopyPart-
#313236	REDUCE cov: 579 ft: 2388 corp: 589/30Kb lim: 313 exec/s: 16486 rss: 571Mb L: 40/297 MS: 2 InsertByte-EraseBytes-
#313364	REDUCE cov: 579 ft: 2388 corp: 589/30Kb lim: 313 exec/s: 16492 rss: 571Mb L: 13/297 MS: 3 ChangeBit-CMP-EraseBytes- DE: "\000\010"-
#313965	REDUCE cov: 579 ft: 2388 corp: 589/30Kb lim: 313 exec/s: 16524 rss: 571Mb L: 75/297 MS: 1 EraseBytes-
#314077	REDUCE cov: 579 ft: 2388 corp: 589/30Kb lim: 313 exec/s: 16530 rss: 571Mb L: 136/297 MS: 2 CrossOver-EraseBytes-
#314367	REDUCE cov: 579 ft: 2388 corp: 589/30Kb lim: 313 exec/s: 16545 rss: 572Mb L: 11/297 MS: 5 ShuffleBytes-CopyPart-ChangeBinInt-PersAutoDict-EraseBytes- DE: "\205\000"-
#314609	REDUCE cov: 579 ft: 2388 corp: 589/30Kb lim: 313 exec/s: 16558 rss: 572Mb L: 20/297 MS: 2 ShuffleBytes-EraseBytes-
#314955	REDUCE cov: 579 ft: 2388 corp: 589/30Kb lim: 313 exec/s: 16576 rss: 572Mb L: 58/297 MS: 1 EraseBytes-
#315554	REDUCE cov: 579 ft: 2388 corp: 589/30Kb lim: 313 exec/s: 16608 rss: 573Mb L: 64/297 MS: 4 CopyPart-ChangeBit-CopyPart-EraseBytes-
#315605	REDUCE cov: 579 ft: 2388 corp: 589/30Kb lim: 313 exec/s: 16610 rss: 573Mb L: 47/297 MS: 1 EraseBytes-
#316124	REDUCE cov: 579 ft: 2388 corp: 589/30Kb lim: 313 exec/s: 16638 rss: 573Mb L: 183/297 MS: 4 ChangeBit-ChangeByte-ChangeByte-EraseBytes-
#316246	REDUCE cov: 579 ft: 2388 corp: 589/30Kb lim: 313 exec/s: 16644 rss: 573Mb L: 50/297 MS: 2 ShuffleBytes-EraseBytes-
#316283	REDUCE cov: 579 ft: 2388 corp: 589/30Kb lim: 313 exec/s: 16646 rss: 573Mb L: 212/297 MS: 2 ChangeASCIIInt-EraseBytes-
#316349	REDUCE cov: 579 ft: 2388 corp: 589/30Kb lim: 313 exec/s: 16649 rss: 573Mb L: 248/297 MS: 1 EraseBytes-
#316477	REDUCE cov: 579 ft: 2389 corp: 590/30Kb lim: 313 exec/s: 16656 rss: 573Mb L: 200/297 MS: 3 ChangeByte-ChangeBit-CopyPart-
#317034	REDUCE cov: 579 ft: 2389 corp: 590/30Kb lim: 313 exec/s: 16686 rss: 573Mb L: 170/297 MS: 2 InsertByte-EraseBytes-
#317270	REDUCE cov: 579 ft: 2391 corp: 591/30Kb lim: 313 exec/s: 16698 rss: 573Mb L: 145/297 MS: 1 CopyPart-
#317457	REDUCE cov: 579 ft: 2391 corp: 591/30Kb lim: 313 exec/s: 16708 rss: 573Mb L: 4/297 MS: 2 CopyPart-EraseBytes-
#317558	REDUCE cov: 579 ft: 2391 corp: 591/30Kb lim: 313 exec/s: 16713 rss: 573Mb L: 62/297 MS: 1 EraseBytes-
#318204	REDUCE cov: 579 ft: 2391 corp: 591/30Kb lim: 313 exec/s: 16747 rss: 573Mb L: 143/297 MS: 1 EraseBytes-
#318213	REDUCE cov: 579 ft: 2391 corp: 591/30Kb lim: 313 exec/s: 16748 rss: 573Mb L: 85/297 MS: 4 EraseBytes-ChangeBit-ShuffleBytes-CopyPart-
#318734	REDUCE cov: 579 ft: 2391 corp: 591/30Kb lim: 313 exec/s: 16775 rss: 573Mb L: 23/297 MS: 1 EraseBytes-
#319275	REDUCE cov: 579 ft: 2391 corp: 591/30Kb lim: 313 exec/s: 16803 rss: 573Mb L: 57/297 MS: 1 EraseBytes-
#319377	REDUCE cov: 579 ft: 2391 corp: 591/30Kb lim: 313 exec/s: 16809 rss: 573Mb L: 217/297 MS: 2 PersAutoDict-EraseBytes- DE: "\010\000\000\000"-
#319891	REDUCE cov: 579 ft: 2391 corp: 591/30Kb lim: 313 exec/s: 16836 rss: 573Mb L: 27/297 MS: 4 ChangeBinInt-ChangeBinInt-EraseBytes-CrossOver-
#319893	NEW    cov: 579 ft: 2392 corp: 592/30Kb lim: 313 exec/s: 16836 rss: 573Mb L: 289/297 MS: 2 ChangeASCIIInt-CopyPart-
#320019	REDUCE cov: 579 ft: 2392 corp: 592/30Kb lim: 313 exec/s: 16843 rss: 573Mb L: 209/297 MS: 1 EraseBytes-
#320257	REDUCE cov: 579 ft: 2392 corp: 592/30Kb lim: 313 exec/s: 16855 rss: 573Mb L: 174/297 MS: 3 InsertByte-ChangeByte-EraseBytes-
#320371	REDUCE cov: 579 ft: 2392 corp: 592/30Kb lim: 313 exec/s: 16861 rss: 573Mb L: 29/297 MS: 4 ChangeBit-ChangeByte-ChangeBinInt-EraseBytes-
#320383	REDUCE cov: 579 ft: 2392 corp: 592/30Kb lim: 313 exec/s: 16862 rss: 573Mb L: 131/297 MS: 2 ChangeBinInt-EraseBytes-
#320513	REDUCE cov: 579 ft: 2392 corp: 592/30Kb lim: 313 exec/s: 16869 rss: 573Mb L: 206/297 MS: 5 CopyPart-ChangeBit-CrossOver-CMP-EraseBytes- DE: "\000\000\000\010"-
#320670	REDUCE cov: 579 ft: 2392 corp: 592/30Kb lim: 313 exec/s: 16877 rss: 573Mb L: 62/297 MS: 2 InsertByte-EraseBytes-
#321101	REDUCE cov: 579 ft: 2392 corp: 592/30Kb lim: 313 exec/s: 16900 rss: 573Mb L: 105/297 MS: 1 EraseBytes-
#321517	REDUCE cov: 579 ft: 2393 corp: 593/30Kb lim: 313 exec/s: 16921 rss: 574Mb L: 102/297 MS: 1 CrossOver-
#321549	REDUCE cov: 579 ft: 2393 corp: 593/30Kb lim: 313 exec/s: 16923 rss: 574Mb L: 42/297 MS: 2 ChangeASCIIInt-EraseBytes-
#321702	NEW    cov: 579 ft: 2394 corp: 594/30Kb lim: 313 exec/s: 16931 rss: 574Mb L: 297/297 MS: 3 ChangeBinInt-PersAutoDict-ChangeByte- DE: "\377\377\377\377\377\377\3776"-
#321770	REDUCE cov: 579 ft: 2394 corp: 594/30Kb lim: 313 exec/s: 16935 rss: 574Mb L: 118/297 MS: 3 ChangeBit-InsertByte-EraseBytes-
#323005	REDUCE cov: 579 ft: 2418 corp: 595/31Kb lim: 321 exec/s: 17000 rss: 574Mb L: 311/311 MS: 5 CopyPart-ChangeBit-ShuffleBytes-ShuffleBytes-CopyPart-
#323022	REDUCE cov: 579 ft: 2418 corp: 595/31Kb lim: 321 exec/s: 17001 rss: 574Mb L: 25/311 MS: 2 CopyPart-EraseBytes-
#323203	REDUCE cov: 579 ft: 2418 corp: 595/31Kb lim: 321 exec/s: 17010 rss: 574Mb L: 3/311 MS: 1 EraseBytes-
#323769	REDUCE cov: 579 ft: 2418 corp: 595/31Kb lim: 321 exec/s: 17040 rss: 575Mb L: 13/311 MS: 1 EraseBytes-
#323812	REDUCE cov: 579 ft: 2418 corp: 595/31Kb lim: 321 exec/s: 17042 rss: 575Mb L: 36/311 MS: 3 CopyPart-ChangeByte-EraseBytes-
#323950	REDUCE cov: 579 ft: 2419 corp: 596/31Kb lim: 321 exec/s: 17050 rss: 575Mb L: 239/311 MS: 3 CopyPart-CopyPart-CopyPart-
#324648	REDUCE cov: 579 ft: 2419 corp: 596/31Kb lim: 321 exec/s: 17086 rss: 576Mb L: 61/311 MS: 3 ChangeByte-InsertRepeatedBytes-EraseBytes-
#325097	REDUCE cov: 579 ft: 2419 corp: 596/31Kb lim: 321 exec/s: 17110 rss: 576Mb L: 293/311 MS: 4 ChangeByte-ChangeBinInt-ShuffleBytes-EraseBytes-
#325303	REDUCE cov: 579 ft: 2419 corp: 596/31Kb lim: 321 exec/s: 17121 rss: 576Mb L: 24/311 MS: 1 EraseBytes-
#325304	REDUCE cov: 579 ft: 2419 corp: 596/31Kb lim: 321 exec/s: 17121 rss: 576Mb L: 62/311 MS: 1 EraseBytes-
#326011	REDUCE cov: 579 ft: 2419 corp: 596/31Kb lim: 321 exec/s: 17158 rss: 576Mb L: 41/311 MS: 2 PersAutoDict-EraseBytes- DE: "\377\374"-
#326397	REDUCE cov: 579 ft: 2419 corp: 596/31Kb lim: 321 exec/s: 17178 rss: 576Mb L: 5/311 MS: 1 EraseBytes-
#326800	REDUCE cov: 579 ft: 2419 corp: 596/31Kb lim: 321 exec/s: 17200 rss: 576Mb L: 141/311 MS: 3 ShuffleBytes-PersAutoDict-EraseBytes- DE: "\000\000\000\000\000\000\000\017"-
#327087	REDUCE cov: 579 ft: 2419 corp: 596/31Kb lim: 321 exec/s: 17215 rss: 577Mb L: 42/311 MS: 2 ChangeByte-EraseBytes-
#327699	REDUCE cov: 579 ft: 2419 corp: 596/31Kb lim: 321 exec/s: 17247 rss: 577Mb L: 46/311 MS: 2 ChangeByte-EraseBytes-
#327745	REDUCE cov: 579 ft: 2419 corp: 596/31Kb lim: 321 exec/s: 17249 rss: 577Mb L: 205/311 MS: 1 EraseBytes-
#328266	NEW    cov: 579 ft: 2421 corp: 597/31Kb lim: 321 exec/s: 16413 rss: 577Mb L: 213/311 MS: 1 CopyPart-
#328494	NEW    cov: 579 ft: 2422 corp: 598/31Kb lim: 321 exec/s: 16424 rss: 577Mb L: 300/311 MS: 3 PersAutoDict-InsertByte-CopyPart- DE: "\001\000\000\000\000\000\000\006"-
#328680	REDUCE cov: 579 ft: 2422 corp: 598/31Kb lim: 321 exec/s: 16434 rss: 577Mb L: 40/311 MS: 1 EraseBytes-
#328695	REDUCE cov: 579 ft: 2424 corp: 599/32Kb lim: 321 exec/s: 16434 rss: 577Mb L: 248/311 MS: 5 EraseBytes-PersAutoDict-ChangeBinInt-ChangeByte-CrossOver- DE: "\377\377\007\000"-
#328735	REDUCE cov: 579 ft: 2426 corp: 600/32Kb lim: 321 exec/s: 16436 rss: 577Mb L: 273/311 MS: 5 CopyPart-ChangeASCIIInt-CopyPart-InsertRepeatedBytes-CopyPart-
#328746	NEW    cov: 579 ft: 2428 corp: 601/32Kb lim: 321 exec/s: 16437 rss: 577Mb L: 10/311 MS: 1 CopyPart-
#328757	REDUCE cov: 579 ft: 2428 corp: 601/32Kb lim: 321 exec/s: 16437 rss: 577Mb L: 36/311 MS: 1 EraseBytes-
#329323	REDUCE cov: 579 ft: 2428 corp: 601/32Kb lim: 321 exec/s: 16466 rss: 577Mb L: 33/311 MS: 1 EraseBytes-
#329626	REDUCE cov: 579 ft: 2428 corp: 601/32Kb lim: 321 exec/s: 16481 rss: 577Mb L: 30/311 MS: 3 InsertByte-InsertByte-EraseBytes-
#329765	REDUCE cov: 579 ft: 2430 corp: 602/32Kb lim: 321 exec/s: 16488 rss: 577Mb L: 242/311 MS: 4 CrossOver-ShuffleBytes-CrossOver-CopyPart-
#329766	REDUCE cov: 579 ft: 2430 corp: 602/32Kb lim: 321 exec/s: 16488 rss: 577Mb L: 45/311 MS: 1 EraseBytes-
#330060	REDUCE cov: 579 ft: 2430 corp: 602/32Kb lim: 321 exec/s: 16503 rss: 577Mb L: 62/311 MS: 4 ChangeASCIIInt-CrossOver-EraseBytes-CopyPart-
#330426	REDUCE cov: 579 ft: 2430 corp: 602/32Kb lim: 321 exec/s: 16521 rss: 577Mb L: 22/311 MS: 1 EraseBytes-
#330538	REDUCE cov: 579 ft: 2430 corp: 602/32Kb lim: 321 exec/s: 16526 rss: 577Mb L: 25/311 MS: 2 InsertByte-EraseBytes-
#331309	REDUCE cov: 579 ft: 2430 corp: 602/32Kb lim: 321 exec/s: 16565 rss: 577Mb L: 45/311 MS: 1 EraseBytes-
#331942	REDUCE cov: 579 ft: 2430 corp: 602/32Kb lim: 321 exec/s: 16597 rss: 577Mb L: 283/311 MS: 3 ChangeByte-ShuffleBytes-EraseBytes-
#331984	REDUCE cov: 579 ft: 2430 corp: 602/32Kb lim: 321 exec/s: 16599 rss: 577Mb L: 15/311 MS: 2 ChangeASCIIInt-EraseBytes-
#331992	REDUCE cov: 579 ft: 2430 corp: 602/32Kb lim: 321 exec/s: 16599 rss: 577Mb L: 6/311 MS: 3 ChangeByte-EraseBytes-CopyPart-
#332004	REDUCE cov: 579 ft: 2430 corp: 602/32Kb lim: 321 exec/s: 16600 rss: 577Mb L: 102/311 MS: 2 CrossOver-EraseBytes-
#332386	REDUCE cov: 579 ft: 2430 corp: 602/32Kb lim: 321 exec/s: 16619 rss: 578Mb L: 57/311 MS: 2 ChangeByte-EraseBytes-
#332647	REDUCE cov: 579 ft: 2430 corp: 602/32Kb lim: 321 exec/s: 16632 rss: 578Mb L: 14/311 MS: 1 EraseBytes-
#332718	REDUCE cov: 579 ft: 2430 corp: 602/32Kb lim: 321 exec/s: 16635 rss: 578Mb L: 40/311 MS: 1 EraseBytes-
#332925	REDUCE cov: 580 ft: 2431 corp: 603/32Kb lim: 321 exec/s: 16646 rss: 578Mb L: 275/311 MS: 2 ChangeBit-CrossOver-
#333022	REDUCE cov: 580 ft: 2431 corp: 603/32Kb lim: 321 exec/s: 16651 rss: 578Mb L: 89/311 MS: 2 InsertByte-EraseBytes-
#333058	REDUCE cov: 580 ft: 2431 corp: 603/32Kb lim: 321 exec/s: 16652 rss: 578Mb L: 12/311 MS: 1 EraseBytes-
#333305	REDUCE cov: 580 ft: 2431 corp: 603/32Kb lim: 321 exec/s: 16665 rss: 578Mb L: 147/311 MS: 2 ChangeBit-EraseBytes-
#333556	REDUCE cov: 580 ft: 2431 corp: 603/32Kb lim: 321 exec/s: 16677 rss: 578Mb L: 7/311 MS: 1 EraseBytes-
#333602	REDUCE cov: 580 ft: 2431 corp: 603/32Kb lim: 321 exec/s: 16680 rss: 578Mb L: 12/311 MS: 1 EraseBytes-
#335183	REDUCE cov: 580 ft: 2431 corp: 603/32Kb lim: 329 exec/s: 16759 rss: 579Mb L: 54/311 MS: 1 EraseBytes-
#335344	REDUCE cov: 580 ft: 2431 corp: 603/32Kb lim: 329 exec/s: 16767 rss: 579Mb L: 290/311 MS: 1 EraseBytes-
#335492	REDUCE cov: 580 ft: 2431 corp: 603/32Kb lim: 329 exec/s: 16774 rss: 579Mb L: 258/311 MS: 3 ChangeByte-CrossOver-EraseBytes-
#335546	REDUCE cov: 580 ft: 2435 corp: 604/33Kb lim: 329 exec/s: 16777 rss: 579Mb L: 252/311 MS: 4 ChangeBit-CrossOver-CrossOver-CrossOver-
#335720	REDUCE cov: 580 ft: 2435 corp: 604/33Kb lim: 329 exec/s: 16786 rss: 579Mb L: 49/311 MS: 4 ShuffleBytes-PersAutoDict-InsertByte-EraseBytes- DE: "\000\000\000\000\000\000\000\017"-
#335839	REDUCE cov: 580 ft: 2435 corp: 604/33Kb lim: 329 exec/s: 16791 rss: 579Mb L: 24/311 MS: 4 ChangeByte-ChangeBit-ChangeBinInt-EraseBytes-
#336017	REDUCE cov: 580 ft: 2435 corp: 604/33Kb lim: 329 exec/s: 16800 rss: 579Mb L: 122/311 MS: 3 InsertByte-InsertByte-EraseBytes-
#336114	REDUCE cov: 580 ft: 2435 corp: 604/33Kb lim: 329 exec/s: 16805 rss: 579Mb L: 106/311 MS: 2 CMP-EraseBytes- DE: " \000"-
#336389	REDUCE cov: 580 ft: 2435 corp: 604/33Kb lim: 329 exec/s: 16819 rss: 579Mb L: 103/311 MS: 5 CopyPart-ShuffleBytes-PersAutoDict-EraseBytes-ShuffleBytes- DE: "\000\000\000\000\000\000\000\017"-
#336633	REDUCE cov: 580 ft: 2438 corp: 605/33Kb lim: 329 exec/s: 16831 rss: 579Mb L: 298/311 MS: 4 ChangeByte-ChangeByte-CopyPart-CopyPart-
#336752	REDUCE cov: 580 ft: 2438 corp: 605/33Kb lim: 329 exec/s: 16837 rss: 579Mb L: 49/311 MS: 4 ChangeByte-InsertByte-CopyPart-EraseBytes-
#336848	REDUCE cov: 580 ft: 2438 corp: 605/33Kb lim: 329 exec/s: 16842 rss: 579Mb L: 36/311 MS: 1 EraseBytes-
#336976	REDUCE cov: 580 ft: 2438 corp: 605/33Kb lim: 329 exec/s: 16848 rss: 579Mb L: 68/311 MS: 3 EraseBytes-CopyPart-ShuffleBytes-
#337088	REDUCE cov: 580 ft: 2438 corp: 605/33Kb lim: 329 exec/s: 16854 rss: 579Mb L: 44/311 MS: 2 ChangeBinInt-EraseBytes-
#337144	REDUCE cov: 580 ft: 2438 corp: 605/33Kb lim: 329 exec/s: 16857 rss: 579Mb L: 20/311 MS: 1 EraseBytes-
#337730	REDUCE cov: 580 ft: 2438 corp: 605/33Kb lim: 329 exec/s: 16886 rss: 579Mb L: 105/311 MS: 1 EraseBytes-
#337807	REDUCE cov: 580 ft: 2438 corp: 605/33Kb lim: 329 exec/s: 16890 rss: 579Mb L: 129/311 MS: 2 ShuffleBytes-EraseBytes-
#337985	REDUCE cov: 580 ft: 2438 corp: 605/33Kb lim: 329 exec/s: 16899 rss: 579Mb L: 188/311 MS: 3 InsertByte-EraseBytes-CopyPart-
#338272	REDUCE cov: 580 ft: 2438 corp: 605/33Kb lim: 329 exec/s: 16913 rss: 579Mb L: 25/311 MS: 2 ChangeBinInt-EraseBytes-
#338457	REDUCE cov: 580 ft: 2438 corp: 605/33Kb lim: 329 exec/s: 16922 rss: 579Mb L: 169/311 MS: 5 ChangeASCIIInt-ChangeASCIIInt-InsertByte-InsertByte-EraseBytes-
#338473	REDUCE cov: 580 ft: 2438 corp: 605/33Kb lim: 329 exec/s: 16923 rss: 579Mb L: 20/311 MS: 1 EraseBytes-
#338594	REDUCE cov: 580 ft: 2438 corp: 605/33Kb lim: 329 exec/s: 16929 rss: 579Mb L: 83/311 MS: 1 EraseBytes-
#338680	REDUCE cov: 580 ft: 2438 corp: 605/33Kb lim: 329 exec/s: 16934 rss: 579Mb L: 24/311 MS: 1 EraseBytes-
#339182	REDUCE cov: 580 ft: 2438 corp: 605/33Kb lim: 329 exec/s: 16959 rss: 579Mb L: 200/311 MS: 2 CopyPart-EraseBytes-
#339264	REDUCE cov: 580 ft: 2438 corp: 605/33Kb lim: 329 exec/s: 16963 rss: 579Mb L: 243/311 MS: 2 ChangeBinInt-EraseBytes-
#339750	REDUCE cov: 580 ft: 2438 corp: 605/33Kb lim: 329 exec/s: 16987 rss: 579Mb L: 54/311 MS: 1 EraseBytes-
#339771	REDUCE cov: 580 ft: 2438 corp: 605/33Kb lim: 329 exec/s: 16988 rss: 579Mb L: 44/311 MS: 1 EraseBytes-
#339823	REDUCE cov: 580 ft: 2439 corp: 606/33Kb lim: 329 exec/s: 16991 rss: 579Mb L: 293/311 MS: 2 PersAutoDict-CopyPart- DE: "\001\000\000\000\000\000\000\200"-
#340159	REDUCE cov: 580 ft: 2439 corp: 606/33Kb lim: 329 exec/s: 17007 rss: 580Mb L: 291/311 MS: 1 EraseBytes-
#340261	REDUCE cov: 580 ft: 2439 corp: 606/33Kb lim: 329 exec/s: 17013 rss: 580Mb L: 66/311 MS: 2 EraseBytes-CopyPart-
#340539	REDUCE cov: 580 ft: 2439 corp: 606/33Kb lim: 329 exec/s: 17026 rss: 580Mb L: 276/311 MS: 3 CMP-ChangeByte-EraseBytes- DE: "\001h"-
#340835	REDUCE cov: 580 ft: 2439 corp: 606/33Kb lim: 329 exec/s: 17041 rss: 580Mb L: 87/311 MS: 1 EraseBytes-
#341013	REDUCE cov: 580 ft: 2439 corp: 606/33Kb lim: 329 exec/s: 17050 rss: 580Mb L: 55/311 MS: 3 ChangeBit-InsertByte-EraseBytes-
#341124	REDUCE cov: 580 ft: 2439 corp: 606/33Kb lim: 329 exec/s: 17056 rss: 580Mb L: 132/311 MS: 1 EraseBytes-
#341165	REDUCE cov: 580 ft: 2439 corp: 606/33Kb lim: 329 exec/s: 17058 rss: 580Mb L: 17/311 MS: 1 EraseBytes-
#341281	REDUCE cov: 580 ft: 2439 corp: 606/33Kb lim: 329 exec/s: 17064 rss: 580Mb L: 24/311 MS: 1 EraseBytes-
#341949	NEW    cov: 580 ft: 2442 corp: 607/33Kb lim: 329 exec/s: 17097 rss: 581Mb L: 323/323 MS: 3 ChangeByte-ChangeBinInt-CopyPart-
#342136	REDUCE cov: 580 ft: 2442 corp: 607/33Kb lim: 329 exec/s: 17106 rss: 581Mb L: 9/323 MS: 2 CopyPart-EraseBytes-
#342298	REDUCE cov: 581 ft: 2443 corp: 608/33Kb lim: 329 exec/s: 17114 rss: 581Mb L: 40/323 MS: 2 EraseBytes-EraseBytes-
#342394	REDUCE cov: 581 ft: 2443 corp: 608/33Kb lim: 329 exec/s: 17119 rss: 582Mb L: 14/323 MS: 1 EraseBytes-
#342502	REDUCE cov: 581 ft: 2443 corp: 608/33Kb lim: 329 exec/s: 17125 rss: 582Mb L: 22/323 MS: 3 CopyPart-ChangeBit-EraseBytes-
#343395	REDUCE cov: 581 ft: 2443 corp: 608/33Kb lim: 337 exec/s: 17169 rss: 582Mb L: 8/323 MS: 3 PersAutoDict-InsertByte-EraseBytes- DE: "\001h"-
#343508	REDUCE cov: 581 ft: 2443 corp: 608/33Kb lim: 337 exec/s: 17175 rss: 582Mb L: 45/323 MS: 3 ChangeByte-ShuffleBytes-EraseBytes-
#344374	REDUCE cov: 581 ft: 2443 corp: 608/33Kb lim: 345 exec/s: 17218 rss: 582Mb L: 105/323 MS: 1 EraseBytes-
#344420	REDUCE cov: 581 ft: 2443 corp: 608/33Kb lim: 345 exec/s: 17221 rss: 582Mb L: 6/323 MS: 1 EraseBytes-
#344443	REDUCE cov: 581 ft: 2443 corp: 608/33Kb lim: 345 exec/s: 17222 rss: 582Mb L: 232/323 MS: 3 EraseBytes-PersAutoDict-CopyPart- DE: "\001\200"-
#344477	REDUCE cov: 581 ft: 2443 corp: 608/33Kb lim: 345 exec/s: 17223 rss: 582Mb L: 37/323 MS: 4 ChangeByte-ChangeByte-ChangeBinInt-EraseBytes-
#344479	NEW    cov: 581 ft: 2445 corp: 609/33Kb lim: 345 exec/s: 17223 rss: 582Mb L: 305/323 MS: 2 ChangeBinInt-CopyPart-
#344560	REDUCE cov: 581 ft: 2445 corp: 609/33Kb lim: 345 exec/s: 16407 rss: 582Mb L: 59/323 MS: 1 EraseBytes-
#344587	REDUCE cov: 581 ft: 2445 corp: 609/33Kb lim: 345 exec/s: 16408 rss: 582Mb L: 212/323 MS: 2 CopyPart-EraseBytes-
#344845	REDUCE cov: 581 ft: 2445 corp: 609/33Kb lim: 345 exec/s: 16421 rss: 582Mb L: 99/323 MS: 3 CopyPart-EraseBytes-EraseBytes-
#344851	REDUCE cov: 581 ft: 2445 corp: 609/33Kb lim: 345 exec/s: 16421 rss: 582Mb L: 6/323 MS: 1 EraseBytes-
#345037	REDUCE cov: 581 ft: 2445 corp: 609/33Kb lim: 345 exec/s: 16430 rss: 582Mb L: 200/323 MS: 1 CrossOver-
#345468	REDUCE cov: 581 ft: 2445 corp: 609/33Kb lim: 345 exec/s: 16450 rss: 582Mb L: 233/323 MS: 1 EraseBytes-
#346181	REDUCE cov: 581 ft: 2445 corp: 609/33Kb lim: 345 exec/s: 16484 rss: 582Mb L: 269/323 MS: 3 CMP-ChangeBinInt-EraseBytes- DE: "\000\000\000\000\000\000\000\003"-
#346667	REDUCE cov: 581 ft: 2445 corp: 609/33Kb lim: 345 exec/s: 16507 rss: 583Mb L: 57/323 MS: 1 EraseBytes-
#346838	REDUCE cov: 581 ft: 2445 corp: 609/33Kb lim: 345 exec/s: 16516 rss: 583Mb L: 84/323 MS: 1 EraseBytes-
#346858	REDUCE cov: 581 ft: 2445 corp: 609/33Kb lim: 345 exec/s: 16517 rss: 583Mb L: 71/323 MS: 5 ChangeByte-InsertByte-EraseBytes-CopyPart-CopyPart-
#346934	REDUCE cov: 581 ft: 2445 corp: 609/33Kb lim: 345 exec/s: 16520 rss: 583Mb L: 34/323 MS: 1 EraseBytes-
#347784	REDUCE cov: 581 ft: 2445 corp: 609/33Kb lim: 353 exec/s: 16561 rss: 583Mb L: 57/323 MS: 5 ChangeBinInt-InsertByte-ChangeASCIIInt-InsertByte-EraseBytes-
#347805	REDUCE cov: 581 ft: 2445 corp: 609/33Kb lim: 353 exec/s: 16562 rss: 583Mb L: 164/323 MS: 1 EraseBytes-
#347881	REDUCE cov: 581 ft: 2445 corp: 609/33Kb lim: 353 exec/s: 16565 rss: 583Mb L: 236/323 MS: 1 EraseBytes-
#347919	REDUCE cov: 581 ft: 2445 corp: 609/33Kb lim: 353 exec/s: 16567 rss: 583Mb L: 30/323 MS: 3 ShuffleBytes-CrossOver-EraseBytes-
#348008	REDUCE cov: 581 ft: 2446 corp: 610/34Kb lim: 353 exec/s: 16571 rss: 583Mb L: 317/323 MS: 4 CrossOver-ShuffleBytes-ShuffleBytes-CrossOver-
#348519	REDUCE cov: 581 ft: 2446 corp: 610/34Kb lim: 353 exec/s: 16596 rss: 583Mb L: 6/323 MS: 1 EraseBytes-
#348586	REDUCE cov: 581 ft: 2446 corp: 610/34Kb lim: 353 exec/s: 16599 rss: 583Mb L: 24/323 MS: 2 EraseBytes-InsertByte-
#348677	REDUCE cov: 581 ft: 2446 corp: 610/34Kb lim: 353 exec/s: 16603 rss: 583Mb L: 258/323 MS: 1 EraseBytes-
#349493	REDUCE cov: 581 ft: 2446 corp: 610/34Kb lim: 361 exec/s: 16642 rss: 584Mb L: 9/323 MS: 1 EraseBytes-
#349554	REDUCE cov: 581 ft: 2446 corp: 610/34Kb lim: 361 exec/s: 16645 rss: 584Mb L: 26/323 MS: 1 EraseBytes-
#349746	REDUCE cov: 581 ft: 2446 corp: 610/34Kb lim: 361 exec/s: 16654 rss: 584Mb L: 155/323 MS: 2 ChangeBinInt-EraseBytes-
#349814	REDUCE cov: 581 ft: 2446 corp: 610/33Kb lim: 361 exec/s: 16657 rss: 584Mb L: 70/323 MS: 3 EraseBytes-CopyPart-ChangeByte-
#350025	REDUCE cov: 581 ft: 2446 corp: 610/33Kb lim: 361 exec/s: 16667 rss: 584Mb L: 215/323 MS: 1 EraseBytes-
#350138	REDUCE cov: 581 ft: 2446 corp: 610/33Kb lim: 361 exec/s: 16673 rss: 584Mb L: 16/323 MS: 3 ShuffleBytes-CopyPart-EraseBytes-
#350214	REDUCE cov: 581 ft: 2446 corp: 610/33Kb lim: 361 exec/s: 16676 rss: 584Mb L: 7/323 MS: 1 EraseBytes-
#350225	REDUCE cov: 581 ft: 2446 corp: 610/33Kb lim: 361 exec/s: 16677 rss: 584Mb L: 23/323 MS: 1 EraseBytes-
#350339	REDUCE cov: 581 ft: 2446 corp: 610/33Kb lim: 361 exec/s: 16682 rss: 584Mb L: 21/323 MS: 4 InsertByte-EraseBytes-InsertByte-CopyPart-
#351515	REDUCE cov: 581 ft: 2446 corp: 610/33Kb lim: 369 exec/s: 16738 rss: 585Mb L: 96/323 MS: 1 EraseBytes-
#351866	REDUCE cov: 581 ft: 2446 corp: 610/33Kb lim: 369 exec/s: 16755 rss: 585Mb L: 29/323 MS: 1 EraseBytes-
#351953	REDUCE cov: 581 ft: 2446 corp: 610/33Kb lim: 369 exec/s: 16759 rss: 585Mb L: 16/323 MS: 2 InsertByte-EraseBytes-
#352299	REDUCE cov: 581 ft: 2446 corp: 610/33Kb lim: 369 exec/s: 16776 rss: 585Mb L: 105/323 MS: 1 EraseBytes-
#352338	REDUCE cov: 581 ft: 2446 corp: 610/33Kb lim: 369 exec/s: 16778 rss: 585Mb L: 207/323 MS: 4 CrossOver-ChangeByte-PersAutoDict-EraseBytes- DE: "X\026\000\000"-
#352347	REDUCE cov: 581 ft: 2446 corp: 610/33Kb lim: 369 exec/s: 16778 rss: 585Mb L: 31/323 MS: 4 ChangeBinInt-PersAutoDict-ChangeByte-EraseBytes- DE: "!\000"-
#352386	REDUCE cov: 581 ft: 2446 corp: 610/33Kb lim: 369 exec/s: 16780 rss: 585Mb L: 250/323 MS: 4 ChangeBinInt-ChangeASCIIInt-ShuffleBytes-EraseBytes-
#352479	REDUCE cov: 581 ft: 2446 corp: 610/33Kb lim: 369 exec/s: 16784 rss: 585Mb L: 200/323 MS: 3 CMP-ChangeByte-EraseBytes- DE: "\177\000\000\000\000\000\000\003"-
#352480	REDUCE cov: 581 ft: 2446 corp: 610/33Kb lim: 369 exec/s: 16784 rss: 585Mb L: 19/323 MS: 1 EraseBytes-
#352570	REDUCE cov: 581 ft: 2447 corp: 611/34Kb lim: 369 exec/s: 16789 rss: 586Mb L: 171/323 MS: 5 CMP-ShuffleBytes-CMP-CopyPart-CopyPart- DE: "\001\005"-"\001\000\000\000\000\000\000\001"-
#352586	REDUCE cov: 581 ft: 2447 corp: 611/34Kb lim: 369 exec/s: 16789 rss: 586Mb L: 172/323 MS: 1 EraseBytes-
#352645	REDUCE cov: 581 ft: 2447 corp: 611/34Kb lim: 369 exec/s: 16792 rss: 586Mb L: 203/323 MS: 4 InsertRepeatedBytes-ChangeBit-ShuffleBytes-CrossOver-
#352986	REDUCE cov: 581 ft: 2447 corp: 611/33Kb lim: 369 exec/s: 16808 rss: 586Mb L: 116/323 MS: 1 EraseBytes-
#353052	REDUCE cov: 581 ft: 2447 corp: 611/33Kb lim: 369 exec/s: 16812 rss: 586Mb L: 22/323 MS: 1 EraseBytes-
#353181	REDUCE cov: 581 ft: 2447 corp: 611/33Kb lim: 369 exec/s: 16818 rss: 586Mb L: 212/323 MS: 4 InsertRepeatedBytes-ChangeBinInt-ChangeByte-EraseBytes-
#353932	REDUCE cov: 581 ft: 2447 corp: 611/33Kb lim: 369 exec/s: 16853 rss: 586Mb L: 195/323 MS: 1 EraseBytes-
#353999	REDUCE cov: 581 ft: 2447 corp: 611/33Kb lim: 369 exec/s: 16857 rss: 586Mb L: 21/323 MS: 2 CrossOver-EraseBytes-
#354377	REDUCE cov: 581 ft: 2447 corp: 611/33Kb lim: 369 exec/s: 16875 rss: 586Mb L: 71/323 MS: 3 ChangeBit-ChangeByte-EraseBytes-
#354734	REDUCE cov: 581 ft: 2447 corp: 611/33Kb lim: 369 exec/s: 16892 rss: 586Mb L: 189/323 MS: 2 CrossOver-EraseBytes-
#354800	REDUCE cov: 581 ft: 2447 corp: 611/33Kb lim: 369 exec/s: 16895 rss: 586Mb L: 45/323 MS: 1 EraseBytes-
#355067	REDUCE cov: 581 ft: 2447 corp: 611/33Kb lim: 369 exec/s: 16907 rss: 586Mb L: 183/323 MS: 2 ChangeBit-EraseBytes-
#355127	REDUCE cov: 581 ft: 2447 corp: 611/33Kb lim: 369 exec/s: 16910 rss: 586Mb L: 17/323 MS: 5 CrossOver-ShuffleBytes-CopyPart-ShuffleBytes-EraseBytes-
#355174	REDUCE cov: 581 ft: 2447 corp: 611/33Kb lim: 369 exec/s: 16913 rss: 586Mb L: 92/323 MS: 2 ChangeBit-EraseBytes-
#355323	REDUCE cov: 581 ft: 2447 corp: 611/33Kb lim: 369 exec/s: 16920 rss: 586Mb L: 247/323 MS: 4 ChangeBit-ShuffleBytes-ChangeByte-EraseBytes-
#355450	REDUCE cov: 581 ft: 2447 corp: 611/33Kb lim: 369 exec/s: 16926 rss: 586Mb L: 15/323 MS: 2 InsertByte-EraseBytes-
#355541	REDUCE cov: 581 ft: 2447 corp: 611/33Kb lim: 369 exec/s: 16930 rss: 586Mb L: 22/323 MS: 1 EraseBytes-
#356022	REDUCE cov: 581 ft: 2447 corp: 611/33Kb lim: 369 exec/s: 16953 rss: 586Mb L: 65/323 MS: 1 EraseBytes-
#356639	REDUCE cov: 581 ft: 2447 corp: 611/33Kb lim: 369 exec/s: 16982 rss: 586Mb L: 20/323 MS: 2 InsertByte-EraseBytes-
#356755	REDUCE cov: 581 ft: 2447 corp: 611/33Kb lim: 369 exec/s: 16988 rss: 586Mb L: 13/323 MS: 1 EraseBytes-
#357512	REDUCE cov: 581 ft: 2447 corp: 611/33Kb lim: 369 exec/s: 17024 rss: 587Mb L: 31/323 MS: 2 ChangeByte-EraseBytes-
#357749	REDUCE cov: 581 ft: 2447 corp: 611/33Kb lim: 369 exec/s: 17035 rss: 587Mb L: 88/323 MS: 2 PersAutoDict-EraseBytes- DE: "\000\000\000\001"-
#358021	REDUCE cov: 581 ft: 2447 corp: 611/33Kb lim: 369 exec/s: 17048 rss: 587Mb L: 165/323 MS: 2 ChangeBit-EraseBytes-
#358037	REDUCE cov: 581 ft: 2447 corp: 611/33Kb lim: 369 exec/s: 17049 rss: 587Mb L: 34/323 MS: 1 EraseBytes-
#358313	REDUCE cov: 581 ft: 2447 corp: 611/33Kb lim: 369 exec/s: 17062 rss: 588Mb L: 129/323 MS: 1 EraseBytes-
#358721	NEW    cov: 581 ft: 2448 corp: 612/34Kb lim: 369 exec/s: 17081 rss: 588Mb L: 339/339 MS: 3 PersAutoDict-ChangeBinInt-CopyPart- DE: "\001\000\000\000\000\000\000\025"-
#358804	REDUCE cov: 581 ft: 2448 corp: 612/34Kb lim: 369 exec/s: 17085 rss: 588Mb L: 9/339 MS: 3 ShuffleBytes-InsertByte-EraseBytes-
#358900	REDUCE cov: 581 ft: 2448 corp: 612/34Kb lim: 369 exec/s: 17090 rss: 588Mb L: 6/339 MS: 1 EraseBytes-
#359278	REDUCE cov: 581 ft: 2448 corp: 612/34Kb lim: 369 exec/s: 17108 rss: 589Mb L: 39/339 MS: 3 InsertByte-ChangeBinInt-EraseBytes-
#359410	REDUCE cov: 581 ft: 2448 corp: 612/34Kb lim: 369 exec/s: 17114 rss: 589Mb L: 8/339 MS: 2 ShuffleBytes-EraseBytes-
#359866	REDUCE cov: 581 ft: 2448 corp: 612/34Kb lim: 369 exec/s: 16357 rss: 590Mb L: 303/323 MS: 1 EraseBytes-
#360347	REDUCE cov: 581 ft: 2448 corp: 612/34Kb lim: 369 exec/s: 16379 rss: 590Mb L: 21/323 MS: 1 EraseBytes-
#360616	REDUCE cov: 581 ft: 2448 corp: 612/34Kb lim: 369 exec/s: 16391 rss: 590Mb L: 210/323 MS: 4 CopyPart-ChangeByte-CrossOver-EraseBytes-
#360867	REDUCE cov: 581 ft: 2448 corp: 612/33Kb lim: 369 exec/s: 16403 rss: 590Mb L: 50/323 MS: 1 EraseBytes-
#360919	REDUCE cov: 581 ft: 2448 corp: 612/33Kb lim: 369 exec/s: 16405 rss: 590Mb L: 32/323 MS: 2 ShuffleBytes-EraseBytes-
#361205	REDUCE cov: 581 ft: 2448 corp: 612/33Kb lim: 369 exec/s: 16418 rss: 590Mb L: 8/323 MS: 1 EraseBytes-
#361522	REDUCE cov: 581 ft: 2448 corp: 612/33Kb lim: 369 exec/s: 16432 rss: 590Mb L: 17/323 MS: 2 ChangeByte-EraseBytes-
#361529	REDUCE cov: 581 ft: 2448 corp: 612/33Kb lim: 369 exec/s: 16433 rss: 590Mb L: 18/323 MS: 2 CrossOver-EraseBytes-
#362186	REDUCE cov: 581 ft: 2448 corp: 612/33Kb lim: 369 exec/s: 16463 rss: 590Mb L: 28/323 MS: 2 ChangeBit-EraseBytes-
#362193	REDUCE cov: 581 ft: 2448 corp: 612/33Kb lim: 369 exec/s: 16463 rss: 590Mb L: 76/323 MS: 2 ChangeBinInt-EraseBytes-
#362329	REDUCE cov: 581 ft: 2448 corp: 612/33Kb lim: 369 exec/s: 16469 rss: 590Mb L: 71/323 MS: 1 EraseBytes-
#362466	REDUCE cov: 581 ft: 2448 corp: 612/33Kb lim: 369 exec/s: 16475 rss: 590Mb L: 60/323 MS: 2 ShuffleBytes-EraseBytes-
#362502	REDUCE cov: 581 ft: 2448 corp: 612/33Kb lim: 369 exec/s: 16477 rss: 590Mb L: 70/323 MS: 1 EraseBytes-
#362649	REDUCE cov: 581 ft: 2448 corp: 612/33Kb lim: 369 exec/s: 16484 rss: 590Mb L: 20/323 MS: 2 InsertByte-EraseBytes-
#362945	REDUCE cov: 581 ft: 2448 corp: 612/33Kb lim: 369 exec/s: 16497 rss: 590Mb L: 42/323 MS: 1 EraseBytes-
#363521	REDUCE cov: 581 ft: 2448 corp: 612/33Kb lim: 369 exec/s: 16523 rss: 591Mb L: 248/323 MS: 1 EraseBytes-
#363832	REDUCE cov: 581 ft: 2448 corp: 612/33Kb lim: 369 exec/s: 16537 rss: 591Mb L: 205/323 MS: 1 EraseBytes-
#364048	REDUCE cov: 581 ft: 2448 corp: 612/33Kb lim: 369 exec/s: 16547 rss: 591Mb L: 11/323 MS: 1 EraseBytes-
#364718	REDUCE cov: 581 ft: 2448 corp: 612/33Kb lim: 369 exec/s: 16578 rss: 591Mb L: 127/323 MS: 5 ChangeBit-InsertByte-CrossOver-CMP-EraseBytes- DE: "\0010"-
#365471	REDUCE cov: 581 ft: 2448 corp: 612/33Kb lim: 369 exec/s: 16612 rss: 591Mb L: 244/323 MS: 3 ChangeBit-CopyPart-EraseBytes-
#366243	REDUCE cov: 581 ft: 2448 corp: 612/33Kb lim: 369 exec/s: 16647 rss: 591Mb L: 25/323 MS: 2 ChangeASCIIInt-EraseBytes-
#366624	REDUCE cov: 581 ft: 2448 corp: 612/33Kb lim: 369 exec/s: 16664 rss: 592Mb L: 47/323 MS: 1 EraseBytes-
#366655	REDUCE cov: 581 ft: 2448 corp: 612/33Kb lim: 369 exec/s: 16666 rss: 592Mb L: 228/323 MS: 1 EraseBytes-
#366751	REDUCE cov: 581 ft: 2448 corp: 612/33Kb lim: 369 exec/s: 16670 rss: 592Mb L: 38/323 MS: 1 EraseBytes-
#366852	REDUCE cov: 581 ft: 2448 corp: 612/33Kb lim: 369 exec/s: 16675 rss: 592Mb L: 21/323 MS: 1 EraseBytes-
#366864	REDUCE cov: 581 ft: 2448 corp: 612/33Kb lim: 369 exec/s: 16675 rss: 592Mb L: 127/323 MS: 2 ChangeBit-EraseBytes-
#367030	REDUCE cov: 581 ft: 2448 corp: 612/33Kb lim: 369 exec/s: 16683 rss: 592Mb L: 58/323 MS: 1 EraseBytes-
#367380	REDUCE cov: 581 ft: 2458 corp: 613/34Kb lim: 369 exec/s: 16699 rss: 592Mb L: 337/337 MS: 5 PersAutoDict-ChangeByte-CMP-CopyPart-CopyPart- DE: "\001\000\000\000\000\000\000\001"-"y\000\000\000\000\000\000\000"-
#367406	REDUCE cov: 581 ft: 2458 corp: 613/34Kb lim: 369 exec/s: 16700 rss: 592Mb L: 9/337 MS: 1 EraseBytes-
#367416	REDUCE cov: 581 ft: 2458 corp: 613/34Kb lim: 369 exec/s: 16700 rss: 592Mb L: 163/337 MS: 5 CopyPart-InsertByte-ChangeBit-ShuffleBytes-EraseBytes-
#367677	REDUCE cov: 581 ft: 2458 corp: 613/34Kb lim: 369 exec/s: 16712 rss: 593Mb L: 37/337 MS: 1 EraseBytes-
#367898	REDUCE cov: 581 ft: 2458 corp: 613/34Kb lim: 369 exec/s: 16722 rss: 593Mb L: 30/337 MS: 1 EraseBytes-
#368059	REDUCE cov: 581 ft: 2458 corp: 613/34Kb lim: 369 exec/s: 16729 rss: 593Mb L: 5/337 MS: 1 EraseBytes-
#368142	REDUCE cov: 581 ft: 2458 corp: 613/34Kb lim: 369 exec/s: 16733 rss: 593Mb L: 46/337 MS: 3 ChangeBit-ShuffleBytes-EraseBytes-
#368168	REDUCE cov: 581 ft: 2458 corp: 613/34Kb lim: 369 exec/s: 16734 rss: 593Mb L: 35/337 MS: 1 EraseBytes-
#368307	REDUCE cov: 581 ft: 2458 corp: 613/34Kb lim: 369 exec/s: 16741 rss: 593Mb L: 236/337 MS: 4 InsertByte-ChangeByte-InsertByte-EraseBytes-
#368535	REDUCE cov: 581 ft: 2458 corp: 613/34Kb lim: 369 exec/s: 16751 rss: 593Mb L: 27/337 MS: 3 ShuffleBytes-ShuffleBytes-EraseBytes-
#368586	REDUCE cov: 581 ft: 2458 corp: 613/34Kb lim: 369 exec/s: 16753 rss: 593Mb L: 105/337 MS: 1 EraseBytes-
#368655	REDUCE cov: 581 ft: 2458 corp: 613/34Kb lim: 369 exec/s: 16757 rss: 593Mb L: 19/337 MS: 4 ChangeBinInt-ChangeByte-ShuffleBytes-EraseBytes-
#368831	REDUCE cov: 581 ft: 2458 corp: 613/34Kb lim: 369 exec/s: 16765 rss: 593Mb L: 68/337 MS: 1 EraseBytes-
#368919	NEW    cov: 581 ft: 2460 corp: 614/34Kb lim: 369 exec/s: 16769 rss: 593Mb L: 350/350 MS: 3 ChangeBinInt-ChangeBit-CopyPart-
#368955	REDUCE cov: 581 ft: 2460 corp: 614/34Kb lim: 369 exec/s: 16770 rss: 593Mb L: 157/350 MS: 1 EraseBytes-
#369106	REDUCE cov: 581 ft: 2460 corp: 614/34Kb lim: 369 exec/s: 16777 rss: 593Mb L: 44/350 MS: 1 EraseBytes-
#369195	REDUCE cov: 581 ft: 2460 corp: 614/34Kb lim: 369 exec/s: 16781 rss: 594Mb L: 53/350 MS: 4 CMP-InsertByte-ChangeBinInt-EraseBytes- DE: "\000s"-
#369793	REDUCE cov: 581 ft: 2460 corp: 614/34Kb lim: 369 exec/s: 16808 rss: 594Mb L: 43/350 MS: 3 ChangeBit-ChangeBinInt-EraseBytes-
#369949	REDUCE cov: 581 ft: 2460 corp: 614/34Kb lim: 369 exec/s: 16815 rss: 594Mb L: 60/350 MS: 1 EraseBytes-
#370390	REDUCE cov: 581 ft: 2460 corp: 614/34Kb lim: 369 exec/s: 16835 rss: 594Mb L: 40/350 MS: 1 EraseBytes-
#370457	REDUCE cov: 581 ft: 2460 corp: 614/34Kb lim: 369 exec/s: 16838 rss: 594Mb L: 7/350 MS: 2 InsertByte-EraseBytes-
#370658	REDUCE cov: 581 ft: 2460 corp: 614/34Kb lim: 369 exec/s: 16848 rss: 594Mb L: 56/350 MS: 1 EraseBytes-
#370799	REDUCE cov: 581 ft: 2460 corp: 614/34Kb lim: 369 exec/s: 16854 rss: 594Mb L: 130/350 MS: 1 EraseBytes-
#370940	REDUCE cov: 581 ft: 2460 corp: 614/34Kb lim: 369 exec/s: 16860 rss: 594Mb L: 32/350 MS: 1 EraseBytes-
#371106	REDUCE cov: 581 ft: 2460 corp: 614/34Kb lim: 369 exec/s: 16868 rss: 594Mb L: 132/350 MS: 1 EraseBytes-
#371130	REDUCE cov: 581 ft: 2460 corp: 614/34Kb lim: 369 exec/s: 16869 rss: 594Mb L: 12/350 MS: 4 EraseBytes-ChangeBit-ChangeBit-ChangeBit-
#371327	REDUCE cov: 581 ft: 2460 corp: 614/34Kb lim: 369 exec/s: 16878 rss: 594Mb L: 87/350 MS: 2 ShuffleBytes-EraseBytes-
#371463	REDUCE cov: 581 ft: 2460 corp: 614/34Kb lim: 369 exec/s: 16884 rss: 594Mb L: 60/350 MS: 1 EraseBytes-
#371491	REDUCE cov: 581 ft: 2460 corp: 614/34Kb lim: 369 exec/s: 16885 rss: 594Mb L: 96/350 MS: 3 ChangeASCIIInt-ShuffleBytes-EraseBytes-
#371670	REDUCE cov: 581 ft: 2460 corp: 614/34Kb lim: 369 exec/s: 16894 rss: 594Mb L: 61/350 MS: 4 ChangeBinInt-ChangeBit-InsertByte-EraseBytes-
#371744	REDUCE cov: 581 ft: 2460 corp: 614/34Kb lim: 369 exec/s: 16897 rss: 594Mb L: 5/350 MS: 4 ChangeBinInt-EraseBytes-ShuffleBytes-CopyPart-
#371875	REDUCE cov: 581 ft: 2460 corp: 614/34Kb lim: 369 exec/s: 16903 rss: 594Mb L: 7/350 MS: 1 EraseBytes-
#371938	REDUCE cov: 581 ft: 2460 corp: 614/34Kb lim: 369 exec/s: 16906 rss: 594Mb L: 227/350 MS: 3 CopyPart-ChangeBit-EraseBytes-
#371964	REDUCE cov: 581 ft: 2460 corp: 614/34Kb lim: 369 exec/s: 16907 rss: 594Mb L: 123/350 MS: 1 EraseBytes-
#372070	REDUCE cov: 581 ft: 2460 corp: 614/34Kb lim: 369 exec/s: 16912 rss: 594Mb L: 11/350 MS: 1 EraseBytes-
#372271	REDUCE cov: 581 ft: 2460 corp: 614/34Kb lim: 369 exec/s: 16921 rss: 594Mb L: 84/350 MS: 1 EraseBytes-
#372294	REDUCE cov: 581 ft: 2460 corp: 614/34Kb lim: 369 exec/s: 16922 rss: 594Mb L: 85/350 MS: 3 ChangeBit-PersAutoDict-EraseBytes- DE: "z\000"-
#372831	REDUCE cov: 581 ft: 2460 corp: 614/34Kb lim: 369 exec/s: 16946 rss: 595Mb L: 318/337 MS: 2 PersAutoDict-EraseBytes- DE: "\001\000\000\000"-
#372979	REDUCE cov: 581 ft: 2462 corp: 615/34Kb lim: 369 exec/s: 16953 rss: 595Mb L: 348/348 MS: 3 CopyPart-InsertByte-CopyPart-
#373160	REDUCE cov: 581 ft: 2462 corp: 615/34Kb lim: 369 exec/s: 16961 rss: 595Mb L: 15/348 MS: 1 EraseBytes-
#373389	REDUCE cov: 581 ft: 2466 corp: 616/34Kb lim: 369 exec/s: 16972 rss: 595Mb L: 341/348 MS: 4 ChangeBit-CopyPart-ChangeByte-CopyPart-
#373496	REDUCE cov: 581 ft: 2466 corp: 616/34Kb lim: 369 exec/s: 16977 rss: 595Mb L: 300/348 MS: 2 EraseBytes-CopyPart-
#373663	REDUCE cov: 581 ft: 2466 corp: 616/34Kb lim: 369 exec/s: 16984 rss: 595Mb L: 6/348 MS: 2 CopyPart-EraseBytes-
#373995	NEW    cov: 581 ft: 2468 corp: 617/35Kb lim: 369 exec/s: 16999 rss: 595Mb L: 331/348 MS: 2 InsertRepeatedBytes-CopyPart-
#374181	REDUCE cov: 581 ft: 2468 corp: 617/35Kb lim: 369 exec/s: 17008 rss: 595Mb L: 51/348 MS: 1 EraseBytes-
#374570	REDUCE cov: 581 ft: 2468 corp: 617/35Kb lim: 369 exec/s: 17025 rss: 595Mb L: 137/348 MS: 4 ChangeBinInt-ChangeASCIIInt-ChangeASCIIInt-EraseBytes-
#374626	REDUCE cov: 581 ft: 2468 corp: 617/35Kb lim: 369 exec/s: 17028 rss: 595Mb L: 317/348 MS: 1 CrossOver-
#375125	NEW    cov: 581 ft: 2470 corp: 618/35Kb lim: 369 exec/s: 17051 rss: 596Mb L: 359/359 MS: 4 CopyPart-InsertByte-ChangeBit-ChangeByte-
#375831	REDUCE cov: 581 ft: 2470 corp: 618/35Kb lim: 369 exec/s: 16340 rss: 597Mb L: 17/359 MS: 1 EraseBytes-
#376261	REDUCE cov: 581 ft: 2470 corp: 618/35Kb lim: 369 exec/s: 16359 rss: 597Mb L: 125/359 MS: 5 CrossOver-CMP-InsertRepeatedBytes-EraseBytes-CopyPart- DE: "@\000"-
#376342	REDUCE cov: 581 ft: 2470 corp: 618/35Kb lim: 369 exec/s: 16362 rss: 597Mb L: 11/359 MS: 1 EraseBytes-
#376403	REDUCE cov: 581 ft: 2470 corp: 618/35Kb lim: 369 exec/s: 16365 rss: 597Mb L: 88/359 MS: 1 EraseBytes-
#376534	REDUCE cov: 581 ft: 2470 corp: 618/35Kb lim: 369 exec/s: 16371 rss: 597Mb L: 17/359 MS: 1 EraseBytes-
#376540	REDUCE cov: 581 ft: 2470 corp: 618/35Kb lim: 369 exec/s: 16371 rss: 597Mb L: 6/359 MS: 1 EraseBytes-
#376619	NEW    cov: 581 ft: 2471 corp: 619/35Kb lim: 369 exec/s: 16374 rss: 597Mb L: 293/359 MS: 4 ChangeBinInt-CopyPart-ChangeBit-CopyPart-
#376759	REDUCE cov: 581 ft: 2471 corp: 619/35Kb lim: 369 exec/s: 16380 rss: 597Mb L: 176/359 MS: 5 ShuffleBytes-InsertByte-CrossOver-CopyPart-EraseBytes-
#377094	REDUCE cov: 581 ft: 2471 corp: 619/35Kb lim: 369 exec/s: 16395 rss: 597Mb L: 316/359 MS: 5 ChangeBit-ChangeByte-ChangeBit-ShuffleBytes-CrossOver-
#377125	REDUCE cov: 581 ft: 2471 corp: 619/35Kb lim: 369 exec/s: 16396 rss: 597Mb L: 17/359 MS: 1 EraseBytes-
#377358	REDUCE cov: 581 ft: 2471 corp: 619/35Kb lim: 369 exec/s: 16406 rss: 597Mb L: 294/359 MS: 3 PersAutoDict-ChangeBinInt-EraseBytes- DE: "\377\377\377\015"-
#377884	REDUCE cov: 581 ft: 2471 corp: 619/35Kb lim: 369 exec/s: 16429 rss: 597Mb L: 41/359 MS: 1 EraseBytes-
#377971	REDUCE cov: 581 ft: 2471 corp: 619/35Kb lim: 369 exec/s: 16433 rss: 597Mb L: 61/359 MS: 2 InsertByte-EraseBytes-
#378007	REDUCE cov: 581 ft: 2471 corp: 619/35Kb lim: 369 exec/s: 16435 rss: 597Mb L: 17/359 MS: 1 EraseBytes-
#378106	REDUCE cov: 581 ft: 2471 corp: 619/35Kb lim: 369 exec/s: 16439 rss: 597Mb L: 29/359 MS: 4 ChangeByte-CrossOver-InsertByte-EraseBytes-
#378217	REDUCE cov: 581 ft: 2471 corp: 619/35Kb lim: 369 exec/s: 16444 rss: 597Mb L: 39/359 MS: 1 EraseBytes-
#378378	REDUCE cov: 581 ft: 2471 corp: 619/35Kb lim: 369 exec/s: 16451 rss: 597Mb L: 4/359 MS: 1 EraseBytes-
#378769	REDUCE cov: 581 ft: 2471 corp: 619/35Kb lim: 369 exec/s: 16468 rss: 597Mb L: 63/359 MS: 1 EraseBytes-
#378951	REDUCE cov: 581 ft: 2471 corp: 619/35Kb lim: 369 exec/s: 16476 rss: 598Mb L: 42/359 MS: 2 InsertByte-EraseBytes-
#379292	REDUCE cov: 581 ft: 2471 corp: 619/35Kb lim: 369 exec/s: 16490 rss: 598Mb L: 51/359 MS: 1 EraseBytes-
#379478	REDUCE cov: 581 ft: 2471 corp: 619/35Kb lim: 369 exec/s: 16499 rss: 598Mb L: 16/359 MS: 1 EraseBytes-
#379745	REDUCE cov: 581 ft: 2471 corp: 619/35Kb lim: 369 exec/s: 16510 rss: 598Mb L: 21/359 MS: 2 PersAutoDict-EraseBytes- DE: "\201\000\000\000"-
#379824	REDUCE cov: 581 ft: 2471 corp: 619/35Kb lim: 369 exec/s: 16514 rss: 598Mb L: 6/359 MS: 4 ChangeBinInt-ChangeBit-EraseBytes-EraseBytes-
#379981	REDUCE cov: 581 ft: 2471 corp: 619/35Kb lim: 369 exec/s: 16520 rss: 598Mb L: 17/359 MS: 2 InsertByte-EraseBytes-
#380828	REDUCE cov: 581 ft: 2471 corp: 619/35Kb lim: 377 exec/s: 16557 rss: 598Mb L: 34/359 MS: 2 ShuffleBytes-EraseBytes-
#380834	REDUCE cov: 581 ft: 2471 corp: 619/35Kb lim: 377 exec/s: 16558 rss: 598Mb L: 41/359 MS: 1 EraseBytes-
#381018	REDUCE cov: 581 ft: 2471 corp: 619/35Kb lim: 377 exec/s: 16566 rss: 598Mb L: 114/359 MS: 4 PersAutoDict-PersAutoDict-ChangeBit-EraseBytes- DE: "\000\200"-"\031\000"-
#381020	REDUCE cov: 581 ft: 2471 corp: 619/35Kb lim: 377 exec/s: 16566 rss: 598Mb L: 4/359 MS: 2 InsertByte-EraseBytes-
#381277	REDUCE cov: 581 ft: 2471 corp: 619/35Kb lim: 377 exec/s: 16577 rss: 598Mb L: 15/359 MS: 2 CopyPart-EraseBytes-
#381343	REDUCE cov: 581 ft: 2471 corp: 619/35Kb lim: 377 exec/s: 16580 rss: 598Mb L: 6/359 MS: 1 EraseBytes-
#381534	REDUCE cov: 581 ft: 2471 corp: 619/35Kb lim: 377 exec/s: 16588 rss: 598Mb L: 15/359 MS: 1 EraseBytes-
#381725	REDUCE cov: 581 ft: 2471 corp: 619/35Kb lim: 377 exec/s: 16596 rss: 598Mb L: 19/359 MS: 1 EraseBytes-
#381731	REDUCE cov: 581 ft: 2471 corp: 619/35Kb lim: 377 exec/s: 16597 rss: 598Mb L: 45/359 MS: 1 EraseBytes-
#381879	REDUCE cov: 581 ft: 2471 corp: 619/35Kb lim: 377 exec/s: 16603 rss: 598Mb L: 35/359 MS: 3 ChangeBinInt-InsertByte-EraseBytes-
#381905	REDUCE cov: 581 ft: 2471 corp: 619/35Kb lim: 377 exec/s: 16604 rss: 598Mb L: 37/359 MS: 1 EraseBytes-
#382922	REDUCE cov: 581 ft: 2471 corp: 619/35Kb lim: 385 exec/s: 16648 rss: 598Mb L: 54/359 MS: 2 CMP-EraseBytes- DE: "\373\377"-
#382964	REDUCE cov: 581 ft: 2471 corp: 619/35Kb lim: 385 exec/s: 16650 rss: 599Mb L: 192/359 MS: 2 InsertByte-EraseBytes-
#383332	REDUCE cov: 581 ft: 2472 corp: 620/35Kb lim: 385 exec/s: 16666 rss: 599Mb L: 229/359 MS: 3 ChangeByte-ChangeBinInt-CopyPart-
#383383	REDUCE cov: 581 ft: 2472 corp: 620/35Kb lim: 385 exec/s: 16668 rss: 599Mb L: 44/359 MS: 1 EraseBytes-
#383574	REDUCE cov: 581 ft: 2472 corp: 620/35Kb lim: 385 exec/s: 16677 rss: 599Mb L: 83/359 MS: 1 EraseBytes-
#383847	REDUCE cov: 581 ft: 2472 corp: 620/35Kb lim: 385 exec/s: 16689 rss: 599Mb L: 196/359 MS: 3 ChangeBinInt-CrossOver-EraseBytes-
#384938	REDUCE cov: 581 ft: 2472 corp: 620/35Kb lim: 393 exec/s: 16736 rss: 600Mb L: 150/359 MS: 1 EraseBytes-
#386029	REDUCE cov: 581 ft: 2472 corp: 620/35Kb lim: 401 exec/s: 16783 rss: 600Mb L: 12/359 MS: 1 EraseBytes-
#386076	REDUCE cov: 581 ft: 2472 corp: 620/35Kb lim: 401 exec/s: 16785 rss: 600Mb L: 16/359 MS: 2 ChangeByte-EraseBytes-
#386112	REDUCE cov: 581 ft: 2472 corp: 620/35Kb lim: 401 exec/s: 16787 rss: 600Mb L: 203/359 MS: 1 EraseBytes-
#386629	REDUCE cov: 581 ft: 2472 corp: 620/35Kb lim: 401 exec/s: 16809 rss: 600Mb L: 28/359 MS: 2 EraseBytes-CopyPart-
#386805	REDUCE cov: 581 ft: 2472 corp: 620/35Kb lim: 401 exec/s: 16817 rss: 600Mb L: 14/359 MS: 1 EraseBytes-
#387673	NEW    cov: 581 ft: 2474 corp: 621/36Kb lim: 409 exec/s: 16855 rss: 600Mb L: 388/388 MS: 3 ChangeByte-EraseBytes-CrossOver-
#388011	REDUCE cov: 581 ft: 2475 corp: 622/36Kb lim: 409 exec/s: 16870 rss: 601Mb L: 394/394 MS: 3 ChangeByte-ChangeBinInt-CopyPart-
#388380	REDUCE cov: 581 ft: 2475 corp: 622/36Kb lim: 409 exec/s: 16886 rss: 601Mb L: 48/394 MS: 4 InsertByte-ChangeBinInt-EraseBytes-CMP- DE: "\013\000\000\000\000\000\000\000"-
#388532	REDUCE cov: 581 ft: 2475 corp: 622/36Kb lim: 409 exec/s: 16892 rss: 601Mb L: 18/394 MS: 2 EraseBytes-InsertByte-
#388558	REDUCE cov: 581 ft: 2475 corp: 622/36Kb lim: 409 exec/s: 16893 rss: 601Mb L: 14/394 MS: 1 EraseBytes-
#388629	REDUCE cov: 581 ft: 2475 corp: 622/36Kb lim: 409 exec/s: 16896 rss: 601Mb L: 190/394 MS: 1 EraseBytes-
#389077	REDUCE cov: 581 ft: 2475 corp: 622/36Kb lim: 409 exec/s: 16916 rss: 601Mb L: 21/394 MS: 3 PersAutoDict-InsertByte-EraseBytes- DE: "\012\000\000\000\000\000\000\000"-
#389304	REDUCE cov: 581 ft: 2475 corp: 622/36Kb lim: 409 exec/s: 16926 rss: 601Mb L: 16/394 MS: 2 ChangeBit-EraseBytes-
#389399	REDUCE cov: 581 ft: 2475 corp: 622/36Kb lim: 409 exec/s: 16930 rss: 601Mb L: 180/394 MS: 5 InsertByte-PersAutoDict-ChangeBinInt-ShuffleBytes-EraseBytes- DE: "\001\000\000-"-
#389868	REDUCE cov: 581 ft: 2475 corp: 622/36Kb lim: 409 exec/s: 16950 rss: 601Mb L: 14/394 MS: 4 PersAutoDict-ChangeBinInt-ChangeBit-EraseBytes- DE: "\001\000\377\374"-
#391264	REDUCE cov: 581 ft: 2475 corp: 622/36Kb lim: 417 exec/s: 16302 rss: 601Mb L: 115/394 MS: 1 EraseBytes-
#391302	REDUCE cov: 581 ft: 2475 corp: 622/36Kb lim: 417 exec/s: 16304 rss: 602Mb L: 9/394 MS: 3 InsertByte-ShuffleBytes-EraseBytes-
#391525	REDUCE cov: 581 ft: 2475 corp: 622/36Kb lim: 417 exec/s: 16313 rss: 602Mb L: 11/394 MS: 3 CopyPart-ChangeASCIIInt-EraseBytes-
#391726	REDUCE cov: 581 ft: 2475 corp: 622/36Kb lim: 417 exec/s: 16321 rss: 602Mb L: 311/394 MS: 1 EraseBytes-
#391838	REDUCE cov: 581 ft: 2475 corp: 622/36Kb lim: 417 exec/s: 16326 rss: 602Mb L: 28/394 MS: 2 ChangeByte-EraseBytes-
#391842	REDUCE cov: 581 ft: 2475 corp: 622/36Kb lim: 417 exec/s: 16326 rss: 602Mb L: 115/394 MS: 4 EraseBytes-ChangeBit-ChangeBit-CopyPart-
#391858	REDUCE cov: 581 ft: 2475 corp: 622/36Kb lim: 417 exec/s: 16327 rss: 602Mb L: 19/394 MS: 1 EraseBytes-
#391872	REDUCE cov: 581 ft: 2475 corp: 622/36Kb lim: 417 exec/s: 16328 rss: 602Mb L: 33/394 MS: 4 CrossOver-ChangeByte-CrossOver-CopyPart-
#392292	REDUCE cov: 581 ft: 2475 corp: 622/36Kb lim: 417 exec/s: 16345 rss: 603Mb L: 104/394 MS: 5 ChangeByte-InsertByte-ChangeByte-ChangeBinInt-EraseBytes-
#392424	REDUCE cov: 581 ft: 2475 corp: 622/36Kb lim: 417 exec/s: 16351 rss: 603Mb L: 234/394 MS: 2 ChangeByte-EraseBytes-
#392427	REDUCE cov: 581 ft: 2475 corp: 622/36Kb lim: 417 exec/s: 16351 rss: 603Mb L: 46/394 MS: 3 ChangeBinInt-InsertByte-EraseBytes-
#392563	REDUCE cov: 581 ft: 2475 corp: 622/36Kb lim: 417 exec/s: 16356 rss: 603Mb L: 286/394 MS: 1 EraseBytes-
#393590	REDUCE cov: 581 ft: 2475 corp: 622/36Kb lim: 425 exec/s: 16399 rss: 603Mb L: 24/394 MS: 2 ChangeBinInt-EraseBytes-
#393811	REDUCE cov: 581 ft: 2476 corp: 623/36Kb lim: 425 exec/s: 16408 rss: 603Mb L: 297/394 MS: 1 CopyPart-
#394064	REDUCE cov: 581 ft: 2476 corp: 623/36Kb lim: 425 exec/s: 16419 rss: 603Mb L: 13/394 MS: 3 ChangeBit-ChangeASCIIInt-EraseBytes-
#394285	REDUCE cov: 581 ft: 2476 corp: 623/36Kb lim: 425 exec/s: 16428 rss: 603Mb L: 12/394 MS: 1 EraseBytes-
#394467	REDUCE cov: 581 ft: 2476 corp: 623/36Kb lim: 425 exec/s: 16436 rss: 604Mb L: 18/394 MS: 2 EraseBytes-CopyPart-
#394814	REDUCE cov: 581 ft: 2476 corp: 623/36Kb lim: 425 exec/s: 16450 rss: 604Mb L: 9/394 MS: 2 ShuffleBytes-EraseBytes-
#395101	REDUCE cov: 581 ft: 2477 corp: 624/36Kb lim: 425 exec/s: 16462 rss: 604Mb L: 265/394 MS: 2 ChangeASCIIInt-CopyPart-
#395152	REDUCE cov: 581 ft: 2477 corp: 624/36Kb lim: 425 exec/s: 16464 rss: 604Mb L: 17/394 MS: 1 EraseBytes-
#395684	REDUCE cov: 581 ft: 2477 corp: 624/36Kb lim: 425 exec/s: 16486 rss: 604Mb L: 211/394 MS: 2 ChangeASCIIInt-EraseBytes-
#396261	REDUCE cov: 581 ft: 2477 corp: 624/36Kb lim: 425 exec/s: 16510 rss: 604Mb L: 218/394 MS: 2 ChangeByte-CrossOver-
#396402	REDUCE cov: 581 ft: 2477 corp: 624/36Kb lim: 425 exec/s: 16516 rss: 604Mb L: 88/394 MS: 1 EraseBytes-
#396595	REDUCE cov: 581 ft: 2509 corp: 625/37Kb lim: 425 exec/s: 16524 rss: 604Mb L: 354/394 MS: 3 EraseBytes-PersAutoDict-CopyPart- DE: "\377\242"-
#396764	REDUCE cov: 581 ft: 2509 corp: 625/37Kb lim: 425 exec/s: 16531 rss: 604Mb L: 7/394 MS: 4 CopyPart-CopyPart-ChangeBit-EraseBytes-
#397427	REDUCE cov: 581 ft: 2509 corp: 625/37Kb lim: 425 exec/s: 16559 rss: 604Mb L: 227/394 MS: 3 InsertByte-CopyPart-EraseBytes-
#397445	NEW    cov: 581 ft: 2511 corp: 626/37Kb lim: 425 exec/s: 16560 rss: 604Mb L: 369/394 MS: 3 PersAutoDict-ShuffleBytes-CopyPart- DE: "\201\000\000\000\000\000\000\000"-
#397843	REDUCE cov: 581 ft: 2511 corp: 626/37Kb lim: 425 exec/s: 16576 rss: 604Mb L: 159/394 MS: 3 PersAutoDict-ChangeBinInt-EraseBytes- DE: "\377\377\377\377\377\377\377A"-
#397852	REDUCE cov: 581 ft: 2511 corp: 626/37Kb lim: 425 exec/s: 16577 rss: 604Mb L: 153/394 MS: 4 ChangeBit-ChangeASCIIInt-ChangeBit-EraseBytes-
#398293	REDUCE cov: 581 ft: 2511 corp: 626/37Kb lim: 425 exec/s: 16595 rss: 605Mb L: 21/394 MS: 1 EraseBytes-
#398465	REDUCE cov: 581 ft: 2511 corp: 626/37Kb lim: 425 exec/s: 16602 rss: 605Mb L: 65/394 MS: 2 ChangeByte-EraseBytes-
#399257	REDUCE cov: 581 ft: 2511 corp: 626/37Kb lim: 425 exec/s: 16635 rss: 605Mb L: 33/394 MS: 2 ChangeBinInt-EraseBytes-
#399783	REDUCE cov: 581 ft: 2511 corp: 626/37Kb lim: 425 exec/s: 16657 rss: 605Mb L: 93/394 MS: 1 EraseBytes-
#399894	REDUCE cov: 581 ft: 2511 corp: 626/37Kb lim: 425 exec/s: 16662 rss: 605Mb L: 7/394 MS: 1 EraseBytes-
#399902	REDUCE cov: 581 ft: 2511 corp: 626/37Kb lim: 425 exec/s: 16662 rss: 605Mb L: 68/394 MS: 3 CopyPart-CopyPart-EraseBytes-
#399924	REDUCE cov: 581 ft: 2511 corp: 626/37Kb lim: 425 exec/s: 16663 rss: 605Mb L: 174/394 MS: 2 ChangeBit-EraseBytes-
#400560	REDUCE cov: 581 ft: 2511 corp: 626/37Kb lim: 425 exec/s: 16690 rss: 606Mb L: 162/394 MS: 1 EraseBytes-
#400577	REDUCE cov: 581 ft: 2511 corp: 626/37Kb lim: 425 exec/s: 16690 rss: 606Mb L: 93/394 MS: 2 InsertByte-EraseBytes-
#400629	REDUCE cov: 581 ft: 2511 corp: 626/37Kb lim: 425 exec/s: 16692 rss: 606Mb L: 24/394 MS: 2 ShuffleBytes-EraseBytes-
#400814	REDUCE cov: 581 ft: 2511 corp: 626/37Kb lim: 425 exec/s: 16700 rss: 606Mb L: 76/394 MS: 5 CopyPart-CrossOver-EraseBytes-EraseBytes-CopyPart-
#401651	REDUCE cov: 581 ft: 2511 corp: 626/37Kb lim: 433 exec/s: 16735 rss: 606Mb L: 98/394 MS: 2 InsertByte-EraseBytes-
#401797	REDUCE cov: 581 ft: 2511 corp: 626/37Kb lim: 433 exec/s: 16741 rss: 606Mb L: 8/394 MS: 1 EraseBytes-
#401848	REDUCE cov: 581 ft: 2511 corp: 626/37Kb lim: 433 exec/s: 16743 rss: 606Mb L: 286/394 MS: 1 EraseBytes-
#402529	REDUCE cov: 581 ft: 2511 corp: 626/37Kb lim: 433 exec/s: 16772 rss: 606Mb L: 20/394 MS: 1 EraseBytes-
#403386	REDUCE cov: 581 ft: 2511 corp: 626/37Kb lim: 441 exec/s: 16807 rss: 606Mb L: 69/394 MS: 2 PersAutoDict-EraseBytes- DE: "\001\032"-
#403431	NEW    cov: 581 ft: 2512 corp: 627/37Kb lim: 441 exec/s: 16809 rss: 606Mb L: 406/406 MS: 5 CMP-ChangeByte-ChangeByte-CopyPart-CopyPart- DE: "\0006"-
#403992	REDUCE cov: 581 ft: 2512 corp: 627/37Kb lim: 441 exec/s: 16833 rss: 607Mb L: 149/406 MS: 1 EraseBytes-
#405299	REDUCE cov: 581 ft: 2512 corp: 627/37Kb lim: 449 exec/s: 16887 rss: 607Mb L: 212/406 MS: 2 InsertByte-EraseBytes-
#405341	REDUCE cov: 581 ft: 2512 corp: 627/37Kb lim: 449 exec/s: 16889 rss: 607Mb L: 143/406 MS: 2 PersAutoDict-EraseBytes- DE: "\000\000\000\000\000\000\000\000"-
#405368	REDUCE cov: 581 ft: 2512 corp: 627/37Kb lim: 449 exec/s: 16890 rss: 607Mb L: 37/406 MS: 2 ChangeBinInt-EraseBytes-
#405624	REDUCE cov: 581 ft: 2512 corp: 627/37Kb lim: 449 exec/s: 16901 rss: 607Mb L: 37/406 MS: 1 EraseBytes-
#406090	REDUCE cov: 581 ft: 2512 corp: 627/37Kb lim: 449 exec/s: 16920 rss: 607Mb L: 141/406 MS: 1 EraseBytes-
#406381	REDUCE cov: 581 ft: 2512 corp: 627/37Kb lim: 449 exec/s: 16255 rss: 607Mb L: 13/406 MS: 1 EraseBytes-
#406794	REDUCE cov: 581 ft: 2512 corp: 627/37Kb lim: 449 exec/s: 16271 rss: 608Mb L: 37/406 MS: 3 ChangeBit-CopyPart-EraseBytes-
#407056	REDUCE cov: 581 ft: 2512 corp: 627/37Kb lim: 449 exec/s: 16282 rss: 608Mb L: 59/406 MS: 2 ChangeByte-EraseBytes-
#407721	REDUCE cov: 581 ft: 2512 corp: 627/37Kb lim: 449 exec/s: 16308 rss: 609Mb L: 137/406 MS: 5 CopyPart-PersAutoDict-PersAutoDict-EraseBytes-EraseBytes- DE: "\0006"-"\000\000\000\000"-
#407814	REDUCE cov: 581 ft: 2517 corp: 628/37Kb lim: 449 exec/s: 16312 rss: 609Mb L: 199/406 MS: 3 PersAutoDict-ChangeBit-CopyPart- DE: "\377\242"-
#407890	REDUCE cov: 581 ft: 2517 corp: 628/37Kb lim: 449 exec/s: 16315 rss: 609Mb L: 202/406 MS: 1 EraseBytes-
#407977	REDUCE cov: 581 ft: 2517 corp: 628/37Kb lim: 449 exec/s: 16319 rss: 609Mb L: 314/406 MS: 2 InsertByte-EraseBytes-
#408273	REDUCE cov: 581 ft: 2517 corp: 628/37Kb lim: 449 exec/s: 16330 rss: 609Mb L: 48/406 MS: 1 EraseBytes-
#408308	REDUCE cov: 581 ft: 2517 corp: 628/37Kb lim: 449 exec/s: 16332 rss: 609Mb L: 29/406 MS: 5 EraseBytes-ChangeBinInt-InsertByte-ChangeByte-CopyPart-
#408350	REDUCE cov: 581 ft: 2517 corp: 628/37Kb lim: 449 exec/s: 16334 rss: 609Mb L: 292/406 MS: 2 InsertByte-EraseBytes-
#408746	REDUCE cov: 581 ft: 2517 corp: 628/37Kb lim: 449 exec/s: 16349 rss: 609Mb L: 72/406 MS: 1 EraseBytes-
#408789	REDUCE cov: 581 ft: 2517 corp: 628/37Kb lim: 449 exec/s: 16351 rss: 609Mb L: 188/406 MS: 3 InsertByte-ChangeByte-EraseBytes-
#408872	REDUCE cov: 581 ft: 2517 corp: 628/37Kb lim: 449 exec/s: 16354 rss: 609Mb L: 290/406 MS: 3 ChangeBit-ChangeByte-EraseBytes-
#409188	REDUCE cov: 581 ft: 2517 corp: 628/37Kb lim: 449 exec/s: 16367 rss: 610Mb L: 44/406 MS: 1 EraseBytes-
#409456	REDUCE cov: 581 ft: 2517 corp: 628/37Kb lim: 449 exec/s: 16378 rss: 610Mb L: 126/406 MS: 3 ShuffleBytes-ChangeASCIIInt-EraseBytes-
#409757	REDUCE cov: 581 ft: 2517 corp: 628/37Kb lim: 449 exec/s: 16390 rss: 610Mb L: 135/406 MS: 1 EraseBytes-
#410110	REDUCE cov: 581 ft: 2517 corp: 628/37Kb lim: 449 exec/s: 16404 rss: 610Mb L: 67/406 MS: 3 CrossOver-ChangeByte-EraseBytes-
#410241	REDUCE cov: 581 ft: 2517 corp: 628/37Kb lim: 449 exec/s: 16409 rss: 610Mb L: 102/406 MS: 1 EraseBytes-
#410288	REDUCE cov: 581 ft: 2517 corp: 628/37Kb lim: 449 exec/s: 16411 rss: 610Mb L: 162/406 MS: 2 ChangeByte-EraseBytes-
#410394	REDUCE cov: 581 ft: 2517 corp: 628/37Kb lim: 449 exec/s: 16415 rss: 610Mb L: 10/406 MS: 1 EraseBytes-
#410395	REDUCE cov: 581 ft: 2517 corp: 628/37Kb lim: 449 exec/s: 16415 rss: 610Mb L: 10/406 MS: 1 EraseBytes-
#410842	REDUCE cov: 581 ft: 2517 corp: 628/37Kb lim: 449 exec/s: 16433 rss: 610Mb L: 111/406 MS: 2 ChangeBit-EraseBytes-
#410880	REDUCE cov: 581 ft: 2517 corp: 628/37Kb lim: 449 exec/s: 16435 rss: 610Mb L: 26/406 MS: 3 ChangeBit-EraseBytes-CrossOver-
#411311	REDUCE cov: 581 ft: 2517 corp: 628/37Kb lim: 449 exec/s: 16452 rss: 610Mb L: 36/406 MS: 1 EraseBytes-
#411549	REDUCE cov: 581 ft: 2517 corp: 628/37Kb lim: 449 exec/s: 16461 rss: 610Mb L: 10/406 MS: 3 EraseBytes-ChangeBinInt-PersAutoDict- DE: "\377\377"-
#412025	REDUCE cov: 581 ft: 2517 corp: 628/37Kb lim: 449 exec/s: 16481 rss: 610Mb L: 202/406 MS: 1 EraseBytes-
#412278	REDUCE cov: 581 ft: 2517 corp: 628/37Kb lim: 449 exec/s: 16491 rss: 610Mb L: 190/406 MS: 3 CopyPart-ChangeByte-EraseBytes-
#412965	REDUCE cov: 581 ft: 2517 corp: 628/37Kb lim: 449 exec/s: 16518 rss: 610Mb L: 77/406 MS: 2 InsertByte-EraseBytes-
#413086	REDUCE cov: 581 ft: 2517 corp: 628/37Kb lim: 449 exec/s: 16523 rss: 610Mb L: 53/406 MS: 1 EraseBytes-
#413312	REDUCE cov: 581 ft: 2517 corp: 628/37Kb lim: 449 exec/s: 16532 rss: 610Mb L: 14/406 MS: 1 EraseBytes-
#413363	REDUCE cov: 581 ft: 2517 corp: 628/37Kb lim: 449 exec/s: 16534 rss: 610Mb L: 13/406 MS: 1 EraseBytes-
#413570	REDUCE cov: 581 ft: 2517 corp: 628/37Kb lim: 449 exec/s: 16542 rss: 610Mb L: 76/406 MS: 2 CrossOver-EraseBytes-
#413622	REDUCE cov: 581 ft: 2517 corp: 628/37Kb lim: 449 exec/s: 16544 rss: 610Mb L: 32/406 MS: 2 ChangeByte-EraseBytes-
#414135	REDUCE cov: 581 ft: 2517 corp: 628/37Kb lim: 449 exec/s: 16565 rss: 611Mb L: 24/406 MS: 3 ChangeByte-InsertByte-EraseBytes-
#414168	REDUCE cov: 581 ft: 2517 corp: 628/37Kb lim: 449 exec/s: 16566 rss: 611Mb L: 81/406 MS: 3 ChangeBinInt-PersAutoDict-EraseBytes- DE: "\001\000\000\000\000\000\000\006"-
#414449	REDUCE cov: 581 ft: 2518 corp: 629/37Kb lim: 449 exec/s: 16577 rss: 611Mb L: 302/406 MS: 1 CopyPart-
#414630	REDUCE cov: 581 ft: 2518 corp: 629/37Kb lim: 449 exec/s: 16585 rss: 611Mb L: 20/406 MS: 1 EraseBytes-
#414795	REDUCE cov: 581 ft: 2518 corp: 629/37Kb lim: 449 exec/s: 16591 rss: 611Mb L: 62/406 MS: 5 ChangeASCIIInt-CopyPart-PersAutoDict-EraseBytes-ChangeByte- DE: "\205\000"-
#414818	REDUCE cov: 581 ft: 2518 corp: 629/37Kb lim: 449 exec/s: 16592 rss: 611Mb L: 251/406 MS: 3 CopyPart-ChangeASCIIInt-EraseBytes-
#416123	REDUCE cov: 581 ft: 2518 corp: 629/37Kb lim: 457 exec/s: 16644 rss: 612Mb L: 221/406 MS: 5 ChangeBinInt-ChangeBinInt-ChangeBit-CrossOver-EraseBytes-
#416269	REDUCE cov: 581 ft: 2518 corp: 629/37Kb lim: 457 exec/s: 16650 rss: 612Mb L: 6/406 MS: 1 EraseBytes-
#416573	REDUCE cov: 581 ft: 2518 corp: 629/37Kb lim: 457 exec/s: 16662 rss: 612Mb L: 277/406 MS: 4 CMP-ShuffleBytes-ChangeBinInt-EraseBytes- DE: "\001\016"-
#417098	REDUCE cov: 581 ft: 2518 corp: 629/37Kb lim: 457 exec/s: 16683 rss: 612Mb L: 68/406 MS: 5 ShuffleBytes-InsertByte-ChangeASCIIInt-ChangeASCIIInt-EraseBytes-
#417284	REDUCE cov: 581 ft: 2518 corp: 629/37Kb lim: 457 exec/s: 16691 rss: 612Mb L: 235/406 MS: 1 EraseBytes-
#417471	REDUCE cov: 581 ft: 2518 corp: 629/37Kb lim: 457 exec/s: 16698 rss: 612Mb L: 14/406 MS: 2 EraseBytes-InsertByte-
#417820	REDUCE cov: 581 ft: 2519 corp: 630/38Kb lim: 457 exec/s: 16712 rss: 613Mb L: 142/406 MS: 4 ChangeByte-ChangeByte-ChangeBinInt-CopyPart-
#417892	REDUCE cov: 581 ft: 2519 corp: 630/38Kb lim: 457 exec/s: 16715 rss: 613Mb L: 35/406 MS: 2 CrossOver-EraseBytes-
#419118	REDUCE cov: 581 ft: 2519 corp: 630/38Kb lim: 465 exec/s: 16764 rss: 613Mb L: 16/406 MS: 1 EraseBytes-
#419339	REDUCE cov: 581 ft: 2519 corp: 630/38Kb lim: 465 exec/s: 16773 rss: 613Mb L: 168/406 MS: 1 EraseBytes-
#420594	REDUCE cov: 581 ft: 2519 corp: 630/37Kb lim: 473 exec/s: 16823 rss: 613Mb L: 67/406 MS: 5 PersAutoDict-ChangeByte-CrossOver-InsertByte-EraseBytes- DE: "\001\000\000\000\000\000\000\200"-
#421415	NEW    cov: 581 ft: 2521 corp: 631/38Kb lim: 481 exec/s: 16856 rss: 613Mb L: 427/427 MS: 1 CopyPart-
#421416	REDUCE cov: 581 ft: 2521 corp: 631/38Kb lim: 481 exec/s: 16856 rss: 613Mb L: 280/427 MS: 1 EraseBytes-
#421747	REDUCE cov: 581 ft: 2539 corp: 632/38Kb lim: 481 exec/s: 16869 rss: 613Mb L: 395/427 MS: 1 CopyPart-
#421958	REDUCE cov: 581 ft: 2539 corp: 632/38Kb lim: 481 exec/s: 16878 rss: 613Mb L: 90/427 MS: 1 EraseBytes-
#421974	REDUCE cov: 581 ft: 2539 corp: 632/38Kb lim: 481 exec/s: 16878 rss: 613Mb L: 73/427 MS: 1 EraseBytes-
#422061	REDUCE cov: 581 ft: 2539 corp: 632/38Kb lim: 481 exec/s: 16882 rss: 613Mb L: 51/427 MS: 2 InsertByte-EraseBytes-
#422063	REDUCE cov: 581 ft: 2539 corp: 632/38Kb lim: 481 exec/s: 16882 rss: 613Mb L: 106/427 MS: 2 ChangeBinInt-EraseBytes-
#422980	REDUCE cov: 581 ft: 2539 corp: 632/38Kb lim: 489 exec/s: 16268 rss: 614Mb L: 51/427 MS: 2 CopyPart-EraseBytes-
#423041	REDUCE cov: 581 ft: 2539 corp: 632/38Kb lim: 489 exec/s: 16270 rss: 614Mb L: 27/427 MS: 1 EraseBytes-
#423284	REDUCE cov: 581 ft: 2539 corp: 632/38Kb lim: 489 exec/s: 16280 rss: 614Mb L: 166/427 MS: 3 CopyPart-ChangeByte-EraseBytes-
#423510	REDUCE cov: 581 ft: 2539 corp: 632/38Kb lim: 489 exec/s: 16288 rss: 614Mb L: 34/427 MS: 1 EraseBytes-
#423586	REDUCE cov: 581 ft: 2539 corp: 632/38Kb lim: 489 exec/s: 16291 rss: 614Mb L: 114/427 MS: 1 EraseBytes-
#423869	REDUCE cov: 581 ft: 2539 corp: 632/38Kb lim: 489 exec/s: 16302 rss: 614Mb L: 40/427 MS: 3 InsertByte-ChangeBit-EraseBytes-
#424476	REDUCE cov: 581 ft: 2539 corp: 632/38Kb lim: 489 exec/s: 16326 rss: 615Mb L: 60/427 MS: 2 ChangeByte-EraseBytes-
#424517	REDUCE cov: 581 ft: 2539 corp: 632/38Kb lim: 489 exec/s: 16327 rss: 615Mb L: 36/427 MS: 1 EraseBytes-
#425008	REDUCE cov: 581 ft: 2539 corp: 632/38Kb lim: 489 exec/s: 16346 rss: 615Mb L: 141/427 MS: 1 EraseBytes-
#425444	REDUCE cov: 581 ft: 2539 corp: 632/38Kb lim: 489 exec/s: 16363 rss: 615Mb L: 19/427 MS: 1 EraseBytes-
#425501	REDUCE cov: 581 ft: 2539 corp: 632/38Kb lim: 489 exec/s: 16365 rss: 615Mb L: 45/427 MS: 2 PersAutoDict-EraseBytes- DE: "\000\000\000\000\000\000\000\017"-
#425735	REDUCE cov: 581 ft: 2539 corp: 632/38Kb lim: 489 exec/s: 16374 rss: 615Mb L: 169/427 MS: 4 ChangeByte-InsertByte-CopyPart-EraseBytes-
#425813	NEW    cov: 581 ft: 2541 corp: 633/39Kb lim: 489 exec/s: 16377 rss: 615Mb L: 472/472 MS: 3 ChangeBit-InsertRepeatedBytes-CopyPart-
#426449	REDUCE cov: 581 ft: 2541 corp: 633/39Kb lim: 489 exec/s: 16401 rss: 615Mb L: 61/472 MS: 1 EraseBytes-
#426855	REDUCE cov: 581 ft: 2541 corp: 633/39Kb lim: 489 exec/s: 16417 rss: 615Mb L: 37/472 MS: 1 EraseBytes-
#428315	REDUCE cov: 581 ft: 2541 corp: 633/39Kb lim: 497 exec/s: 16473 rss: 615Mb L: 77/472 MS: 5 ShuffleBytes-InsertByte-ChangeByte-PersAutoDict-EraseBytes- DE: "\377\377\377/"-
#428331	REDUCE cov: 581 ft: 2541 corp: 633/39Kb lim: 497 exec/s: 16474 rss: 615Mb L: 19/472 MS: 1 EraseBytes-
#428562	NEW    cov: 581 ft: 2545 corp: 634/39Kb lim: 497 exec/s: 16483 rss: 615Mb L: 490/490 MS: 1 CopyPart-
#428851	REDUCE cov: 581 ft: 2545 corp: 634/39Kb lim: 497 exec/s: 16494 rss: 615Mb L: 51/490 MS: 4 InsertByte-ChangeBit-ChangeByte-EraseBytes-
#428957	REDUCE cov: 581 ft: 2545 corp: 634/39Kb lim: 497 exec/s: 16498 rss: 615Mb L: 105/490 MS: 1 EraseBytes-
#428968	REDUCE cov: 581 ft: 2545 corp: 634/39Kb lim: 497 exec/s: 16498 rss: 615Mb L: 33/490 MS: 1 EraseBytes-
#428977	NEW    cov: 581 ft: 2547 corp: 635/39Kb lim: 497 exec/s: 16499 rss: 615Mb L: 140/490 MS: 4 EraseBytes-EraseBytes-EraseBytes-InsertRepeatedBytes-
#429633	REDUCE cov: 581 ft: 2547 corp: 635/39Kb lim: 497 exec/s: 16524 rss: 615Mb L: 87/490 MS: 1 EraseBytes-
#429754	REDUCE cov: 581 ft: 2547 corp: 635/39Kb lim: 497 exec/s: 16529 rss: 615Mb L: 23/490 MS: 1 EraseBytes-
#430123	REDUCE cov: 581 ft: 2547 corp: 635/39Kb lim: 497 exec/s: 16543 rss: 615Mb L: 236/490 MS: 4 PersAutoDict-CMP-InsertRepeatedBytes-EraseBytes- DE: "\000\010"-"\005\000"-
#430170	NEW    cov: 581 ft: 2549 corp: 636/39Kb lim: 497 exec/s: 16545 rss: 615Mb L: 333/490 MS: 2 CopyPart-CopyPart-
#430351	REDUCE cov: 581 ft: 2549 corp: 636/39Kb lim: 497 exec/s: 16551 rss: 616Mb L: 291/490 MS: 1 EraseBytes-
#430567	NEW    cov: 581 ft: 2551 corp: 637/40Kb lim: 497 exec/s: 16560 rss: 616Mb L: 453/490 MS: 1 CrossOver-
#430819	REDUCE cov: 581 ft: 2551 corp: 637/40Kb lim: 497 exec/s: 16569 rss: 616Mb L: 19/490 MS: 2 ShuffleBytes-EraseBytes-
#430895	NEW    cov: 581 ft: 2553 corp: 638/40Kb lim: 497 exec/s: 16572 rss: 616Mb L: 428/490 MS: 1 InsertRepeatedBytes-
#431250	REDUCE cov: 581 ft: 2553 corp: 638/40Kb lim: 497 exec/s: 16586 rss: 617Mb L: 113/490 MS: 5 ChangeASCIIInt-ChangeByte-PersAutoDict-ChangeASCIIInt-EraseBytes- DE: "\001\032"-
#431671	REDUCE cov: 581 ft: 2553 corp: 638/40Kb lim: 497 exec/s: 16602 rss: 617Mb L: 131/490 MS: 1 EraseBytes-
#431758	REDUCE cov: 581 ft: 2553 corp: 638/40Kb lim: 497 exec/s: 16606 rss: 617Mb L: 170/490 MS: 2 CopyPart-EraseBytes-
#431774	NEW    cov: 581 ft: 2555 corp: 639/41Kb lim: 497 exec/s: 16606 rss: 617Mb L: 288/490 MS: 1 CopyPart-
#432950	REDUCE cov: 581 ft: 2555 corp: 639/41Kb lim: 505 exec/s: 16651 rss: 617Mb L: 75/490 MS: 1 EraseBytes-
#433571	REDUCE cov: 581 ft: 2555 corp: 639/41Kb lim: 505 exec/s: 16675 rss: 617Mb L: 13/490 MS: 1 EraseBytes-
#433579	REDUCE cov: 581 ft: 2555 corp: 639/41Kb lim: 505 exec/s: 16676 rss: 617Mb L: 6/490 MS: 3 ChangeBit-ChangeByte-EraseBytes-
#433630	REDUCE cov: 581 ft: 2555 corp: 639/41Kb lim: 505 exec/s: 16678 rss: 617Mb L: 15/490 MS: 1 EraseBytes-
#433641	REDUCE cov: 581 ft: 2555 corp: 639/41Kb lim: 505 exec/s: 16678 rss: 617Mb L: 33/490 MS: 1 EraseBytes-
#434098	REDUCE cov: 581 ft: 2555 corp: 639/40Kb lim: 505 exec/s: 16696 rss: 617Mb L: 75/490 MS: 2 InsertByte-EraseBytes-
#434224	REDUCE cov: 581 ft: 2555 corp: 639/40Kb lim: 505 exec/s: 16700 rss: 617Mb L: 38/490 MS: 1 EraseBytes-
#434469	REDUCE cov: 581 ft: 2556 corp: 640/41Kb lim: 505 exec/s: 16710 rss: 617Mb L: 395/490 MS: 5 InsertRepeatedBytes-InsertRepeatedBytes-CrossOver-ChangeBinInt-CrossOver-
#434511	REDUCE cov: 581 ft: 2556 corp: 640/41Kb lim: 505 exec/s: 16711 rss: 617Mb L: 125/490 MS: 2 CMP-EraseBytes- DE: "\377\377\377\377\377\377\377\377"-
#434957	REDUCE cov: 581 ft: 2556 corp: 640/41Kb lim: 505 exec/s: 16729 rss: 617Mb L: 8/490 MS: 1 EraseBytes-
#435049	REDUCE cov: 581 ft: 2557 corp: 641/41Kb lim: 505 exec/s: 16732 rss: 617Mb L: 369/490 MS: 2 ChangeBinInt-CopyPart-
#435122	REDUCE cov: 581 ft: 2557 corp: 641/41Kb lim: 505 exec/s: 16735 rss: 617Mb L: 159/490 MS: 3 InsertByte-ChangeByte-EraseBytes-
#435275	REDUCE cov: 581 ft: 2557 corp: 641/41Kb lim: 505 exec/s: 16741 rss: 617Mb L: 51/490 MS: 3 PersAutoDict-ChangeByte-EraseBytes- DE: "\001\032"-
#435436	REDUCE cov: 581 ft: 2557 corp: 641/41Kb lim: 505 exec/s: 16747 rss: 617Mb L: 14/490 MS: 1 EraseBytes-
#435774	REDUCE cov: 581 ft: 2557 corp: 641/41Kb lim: 505 exec/s: 16760 rss: 617Mb L: 26/490 MS: 3 ChangeASCIIInt-ShuffleBytes-EraseBytes-
#436380	REDUCE cov: 581 ft: 2557 corp: 641/41Kb lim: 505 exec/s: 16783 rss: 617Mb L: 34/490 MS: 1 EraseBytes-
#436416	REDUCE cov: 581 ft: 2557 corp: 641/41Kb lim: 505 exec/s: 16785 rss: 617Mb L: 15/490 MS: 1 EraseBytes-
#436489	REDUCE cov: 581 ft: 2557 corp: 641/41Kb lim: 505 exec/s: 16788 rss: 617Mb L: 199/490 MS: 3 ChangeBinInt-InsertRepeatedBytes-EraseBytes-
#436966	REDUCE cov: 581 ft: 2557 corp: 641/41Kb lim: 505 exec/s: 16183 rss: 617Mb L: 23/490 MS: 2 ShuffleBytes-EraseBytes-
#437090	NEW    cov: 581 ft: 2558 corp: 642/42Kb lim: 505 exec/s: 16188 rss: 618Mb L: 434/490 MS: 4 InsertByte-ChangeByte-CrossOver-CopyPart-
#437159	REDUCE cov: 581 ft: 2558 corp: 642/42Kb lim: 505 exec/s: 16191 rss: 618Mb L: 7/490 MS: 4 ChangeBinInt-ChangeByte-CopyPart-EraseBytes-
#437365	REDUCE cov: 581 ft: 2558 corp: 642/42Kb lim: 505 exec/s: 16198 rss: 618Mb L: 48/490 MS: 1 EraseBytes-
#437502	REDUCE cov: 581 ft: 2558 corp: 642/42Kb lim: 505 exec/s: 16203 rss: 618Mb L: 284/490 MS: 2 ChangeBinInt-EraseBytes-
#437570	REDUCE cov: 581 ft: 2560 corp: 643/42Kb lim: 505 exec/s: 16206 rss: 618Mb L: 231/490 MS: 3 CMP-CopyPart-CopyPart- DE: "\377\013"-
#437629	REDUCE cov: 581 ft: 2560 corp: 643/42Kb lim: 505 exec/s: 16208 rss: 618Mb L: 118/490 MS: 4 ChangeASCIIInt-ChangeByte-InsertByte-EraseBytes-
#437855	REDUCE cov: 581 ft: 2560 corp: 643/42Kb lim: 505 exec/s: 16216 rss: 618Mb L: 35/490 MS: 1 EraseBytes-
#438101	REDUCE cov: 581 ft: 2561 corp: 644/42Kb lim: 505 exec/s: 16225 rss: 619Mb L: 498/498 MS: 1 CopyPart-
#438239	REDUCE cov: 581 ft: 2561 corp: 644/42Kb lim: 505 exec/s: 16231 rss: 619Mb L: 40/498 MS: 3 CrossOver-EraseBytes-PersAutoDict- DE: "\000s"-
#438431	REDUCE cov: 581 ft: 2561 corp: 644/42Kb lim: 505 exec/s: 16238 rss: 619Mb L: 347/498 MS: 2 CopyPart-EraseBytes-
#438816	REDUCE cov: 581 ft: 2561 corp: 644/42Kb lim: 505 exec/s: 16252 rss: 619Mb L: 365/498 MS: 5 CopyPart-ChangeBit-ShuffleBytes-PersAutoDict-EraseBytes- DE: "\031\000"-
#439060	REDUCE cov: 581 ft: 2561 corp: 644/42Kb lim: 505 exec/s: 16261 rss: 619Mb L: 57/498 MS: 4 InsertByte-ChangeBinInt-ShuffleBytes-EraseBytes-
#439658	REDUCE cov: 581 ft: 2561 corp: 644/42Kb lim: 505 exec/s: 16283 rss: 619Mb L: 56/498 MS: 3 CMP-InsertByte-EraseBytes- DE: "\377\377\377\377\377\377\377\377"-
#439680	REDUCE cov: 581 ft: 2561 corp: 644/42Kb lim: 505 exec/s: 16284 rss: 619Mb L: 35/498 MS: 2 ChangeByte-EraseBytes-
#439916	REDUCE cov: 581 ft: 2561 corp: 644/42Kb lim: 505 exec/s: 16293 rss: 619Mb L: 44/498 MS: 1 EraseBytes-
#440102	REDUCE cov: 581 ft: 2561 corp: 644/42Kb lim: 505 exec/s: 16300 rss: 619Mb L: 149/498 MS: 1 EraseBytes-
#440218	REDUCE cov: 581 ft: 2561 corp: 644/42Kb lim: 505 exec/s: 16304 rss: 619Mb L: 8/498 MS: 1 EraseBytes-
#440416	REDUCE cov: 581 ft: 2561 corp: 644/42Kb lim: 505 exec/s: 16311 rss: 619Mb L: 20/498 MS: 3 ChangeBit-CrossOver-EraseBytes-
#440967	REDUCE cov: 581 ft: 2561 corp: 644/42Kb lim: 505 exec/s: 16332 rss: 619Mb L: 123/498 MS: 1 EraseBytes-
#440995	REDUCE cov: 581 ft: 2561 corp: 644/42Kb lim: 505 exec/s: 16333 rss: 619Mb L: 88/498 MS: 3 InsertRepeatedBytes-ChangeBinInt-EraseBytes-
#441008	REDUCE cov: 581 ft: 2562 corp: 645/42Kb lim: 505 exec/s: 16333 rss: 619Mb L: 229/498 MS: 3 ChangeBinInt-CMP-CopyPart- DE: "O\000"-
#441079	REDUCE cov: 581 ft: 2562 corp: 645/42Kb lim: 505 exec/s: 16336 rss: 619Mb L: 31/498 MS: 1 EraseBytes-
#441120	REDUCE cov: 581 ft: 2562 corp: 645/42Kb lim: 505 exec/s: 16337 rss: 619Mb L: 55/498 MS: 1 EraseBytes-
#441216	REDUCE cov: 581 ft: 2562 corp: 645/42Kb lim: 505 exec/s: 16341 rss: 619Mb L: 50/498 MS: 1 EraseBytes-
#441700	REDUCE cov: 581 ft: 2566 corp: 646/43Kb lim: 505 exec/s: 16359 rss: 619Mb L: 370/498 MS: 4 InsertByte-ChangeBit-ChangeASCIIInt-CopyPart-
#442073	REDUCE cov: 581 ft: 2566 corp: 646/43Kb lim: 505 exec/s: 16373 rss: 619Mb L: 114/498 MS: 3 ChangeBinInt-ChangeBit-EraseBytes-
#442133	REDUCE cov: 581 ft: 2566 corp: 646/43Kb lim: 505 exec/s: 16375 rss: 619Mb L: 69/498 MS: 5 InsertByte-EraseBytes-CrossOver-ShuffleBytes-ChangeBit-
#442791	REDUCE cov: 581 ft: 2566 corp: 646/43Kb lim: 505 exec/s: 16399 rss: 620Mb L: 20/498 MS: 3 InsertByte-CrossOver-EraseBytes-
#444167	REDUCE cov: 581 ft: 2566 corp: 646/43Kb lim: 513 exec/s: 16450 rss: 621Mb L: 157/498 MS: 1 EraseBytes-
#444603	REDUCE cov: 581 ft: 2566 corp: 646/43Kb lim: 513 exec/s: 16466 rss: 621Mb L: 58/498 MS: 1 EraseBytes-
#445226	REDUCE cov: 581 ft: 2566 corp: 646/43Kb lim: 513 exec/s: 16489 rss: 622Mb L: 169/498 MS: 3 InsertByte-EraseBytes-CopyPart-
#446132	REDUCE cov: 581 ft: 2566 corp: 646/43Kb lim: 522 exec/s: 16523 rss: 622Mb L: 20/498 MS: 1 EraseBytes-
#446244	REDUCE cov: 581 ft: 2566 corp: 646/43Kb lim: 522 exec/s: 16527 rss: 622Mb L: 283/498 MS: 2 ShuffleBytes-EraseBytes-
#446532	REDUCE cov: 581 ft: 2566 corp: 646/43Kb lim: 522 exec/s: 16538 rss: 622Mb L: 55/498 MS: 3 CrossOver-PersAutoDict-EraseBytes- DE: "\011\000\000\000\000\000\000\000"-
#446939	REDUCE cov: 581 ft: 2566 corp: 646/43Kb lim: 522 exec/s: 16553 rss: 622Mb L: 10/498 MS: 2 InsertByte-EraseBytes-
#448395	REDUCE cov: 581 ft: 2567 corp: 647/43Kb lim: 531 exec/s: 16607 rss: 622Mb L: 252/498 MS: 1 CopyPart-
#448625	REDUCE cov: 581 ft: 2567 corp: 647/43Kb lim: 531 exec/s: 16615 rss: 622Mb L: 76/498 MS: 5 CopyPart-CopyPart-ChangeBit-ChangeBit-EraseBytes-
#448792	REDUCE cov: 581 ft: 2567 corp: 647/43Kb lim: 531 exec/s: 16621 rss: 622Mb L: 5/498 MS: 2 ChangeByte-EraseBytes-
#449184	REDUCE cov: 581 ft: 2567 corp: 647/43Kb lim: 531 exec/s: 16636 rss: 622Mb L: 66/498 MS: 2 ChangeByte-EraseBytes-
#449300	REDUCE cov: 581 ft: 2567 corp: 647/43Kb lim: 531 exec/s: 16640 rss: 622Mb L: 12/498 MS: 1 EraseBytes-
#449507	REDUCE cov: 581 ft: 2567 corp: 647/43Kb lim: 531 exec/s: 16648 rss: 622Mb L: 15/498 MS: 2 ChangeByte-EraseBytes-
#450765	REDUCE cov: 581 ft: 2567 corp: 647/43Kb lim: 540 exec/s: 16695 rss: 623Mb L: 47/498 MS: 3 ShuffleBytes-CopyPart-EraseBytes-
#452016	REDUCE cov: 581 ft: 2568 corp: 648/43Kb lim: 549 exec/s: 16143 rss: 625Mb L: 8/498 MS: 1 CopyPart-
#452432	REDUCE cov: 581 ft: 2568 corp: 648/43Kb lim: 549 exec/s: 16158 rss: 625Mb L: 57/498 MS: 1 EraseBytes-
#452539	NEW    cov: 581 ft: 2570 corp: 649/43Kb lim: 549 exec/s: 16162 rss: 625Mb L: 503/503 MS: 2 InsertByte-CopyPart-
#452690	REDUCE cov: 581 ft: 2570 corp: 649/43Kb lim: 549 exec/s: 16167 rss: 625Mb L: 262/503 MS: 1 EraseBytes-
#452838	REDUCE cov: 581 ft: 2570 corp: 649/43Kb lim: 549 exec/s: 16172 rss: 625Mb L: 25/503 MS: 3 ShuffleBytes-ChangeBit-EraseBytes-
#452936	REDUCE cov: 581 ft: 2570 corp: 649/43Kb lim: 549 exec/s: 16176 rss: 625Mb L: 8/503 MS: 3 EraseBytes-InsertByte-CMP- DE: "\377\377\377\377\377\377\377\377"-
#453502	REDUCE cov: 581 ft: 2570 corp: 649/43Kb lim: 549 exec/s: 16196 rss: 625Mb L: 271/503 MS: 1 EraseBytes-
#453869	REDUCE cov: 581 ft: 2570 corp: 649/43Kb lim: 549 exec/s: 16209 rss: 625Mb L: 34/503 MS: 2 ChangeByte-EraseBytes-
#453886	REDUCE cov: 581 ft: 2570 corp: 649/43Kb lim: 549 exec/s: 16210 rss: 625Mb L: 8/503 MS: 2 CopyPart-EraseBytes-
#455066	REDUCE cov: 581 ft: 2570 corp: 649/43Kb lim: 558 exec/s: 16252 rss: 625Mb L: 486/498 MS: 5 ChangeBit-ShuffleBytes-ShuffleBytes-InsertByte-EraseBytes-
#455137	REDUCE cov: 581 ft: 2570 corp: 649/43Kb lim: 558 exec/s: 16254 rss: 625Mb L: 146/498 MS: 1 EraseBytes-
#455593	REDUCE cov: 581 ft: 2570 corp: 649/43Kb lim: 558 exec/s: 16271 rss: 625Mb L: 70/498 MS: 1 EraseBytes-
#455699	REDUCE cov: 581 ft: 2570 corp: 649/43Kb lim: 558 exec/s: 16274 rss: 625Mb L: 33/498 MS: 1 EraseBytes-
#455700	REDUCE cov: 581 ft: 2570 corp: 649/43Kb lim: 558 exec/s: 16275 rss: 625Mb L: 19/498 MS: 1 EraseBytes-
#455970	REDUCE cov: 581 ft: 2570 corp: 649/43Kb lim: 558 exec/s: 16284 rss: 625Mb L: 224/498 MS: 5 ChangeBit-ChangeASCIIInt-ChangeByte-CrossOver-EraseBytes-
#456368	REDUCE cov: 581 ft: 2570 corp: 649/43Kb lim: 558 exec/s: 16298 rss: 626Mb L: 69/498 MS: 3 CrossOver-ChangeByte-EraseBytes-
#456650	REDUCE cov: 581 ft: 2570 corp: 649/43Kb lim: 558 exec/s: 16308 rss: 626Mb L: 64/498 MS: 2 ChangeBit-EraseBytes-
#456777	REDUCE cov: 581 ft: 2570 corp: 649/43Kb lim: 558 exec/s: 16313 rss: 626Mb L: 185/498 MS: 2 ShuffleBytes-EraseBytes-
#456824	REDUCE cov: 581 ft: 2570 corp: 649/43Kb lim: 558 exec/s: 16315 rss: 626Mb L: 381/498 MS: 2 CMP-EraseBytes- DE: "\204\000"-
#457186	REDUCE cov: 581 ft: 2570 corp: 649/43Kb lim: 558 exec/s: 16328 rss: 626Mb L: 183/498 MS: 2 InsertRepeatedBytes-EraseBytes-
#457237	REDUCE cov: 581 ft: 2570 corp: 649/43Kb lim: 558 exec/s: 16329 rss: 626Mb L: 17/498 MS: 1 EraseBytes-
#457296	NEW    cov: 581 ft: 2576 corp: 650/44Kb lim: 558 exec/s: 16332 rss: 626Mb L: 555/555 MS: 4 CopyPart-InsertRepeatedBytes-InsertByte-CopyPart-
#457508	REDUCE cov: 581 ft: 2576 corp: 650/44Kb lim: 558 exec/s: 16339 rss: 626Mb L: 31/555 MS: 2 CrossOver-EraseBytes-
#457625	REDUCE cov: 581 ft: 2576 corp: 650/44Kb lim: 558 exec/s: 16343 rss: 626Mb L: 34/555 MS: 2 ShuffleBytes-EraseBytes-
#457972	REDUCE cov: 581 ft: 2576 corp: 650/44Kb lim: 558 exec/s: 16356 rss: 627Mb L: 109/555 MS: 2 ChangeBit-EraseBytes-
#458038	REDUCE cov: 581 ft: 2576 corp: 650/44Kb lim: 558 exec/s: 16358 rss: 627Mb L: 46/555 MS: 1 EraseBytes-
#458491	REDUCE cov: 581 ft: 2576 corp: 650/44Kb lim: 558 exec/s: 16374 rss: 627Mb L: 293/555 MS: 3 ChangeByte-CopyPart-EraseBytes-
#458567	REDUCE cov: 581 ft: 2576 corp: 650/44Kb lim: 558 exec/s: 16377 rss: 627Mb L: 54/555 MS: 1 EraseBytes-
#458849	REDUCE cov: 581 ft: 2576 corp: 650/44Kb lim: 558 exec/s: 16387 rss: 627Mb L: 8/555 MS: 2 PersAutoDict-EraseBytes- DE: "\377\377\377/"-
#459895	REDUCE cov: 581 ft: 2576 corp: 650/44Kb lim: 567 exec/s: 16424 rss: 627Mb L: 174/555 MS: 1 EraseBytes-
#460257	REDUCE cov: 581 ft: 2576 corp: 650/44Kb lim: 567 exec/s: 16437 rss: 627Mb L: 37/555 MS: 2 InsertByte-EraseBytes-
#460308	REDUCE cov: 581 ft: 2576 corp: 650/44Kb lim: 567 exec/s: 16439 rss: 627Mb L: 23/555 MS: 1 EraseBytes-
#462029	REDUCE cov: 581 ft: 2576 corp: 650/44Kb lim: 576 exec/s: 16501 rss: 627Mb L: 14/555 MS: 1 EraseBytes-
#462605	REDUCE cov: 581 ft: 2576 corp: 650/44Kb lim: 576 exec/s: 16521 rss: 628Mb L: 13/555 MS: 1 EraseBytes-
#463197	REDUCE cov: 581 ft: 2578 corp: 651/44Kb lim: 576 exec/s: 16542 rss: 628Mb L: 241/555 MS: 2 ChangeByte-CopyPart-
#463243	REDUCE cov: 581 ft: 2578 corp: 651/44Kb lim: 576 exec/s: 16544 rss: 628Mb L: 8/555 MS: 1 EraseBytes-
#463745	REDUCE cov: 581 ft: 2578 corp: 651/44Kb lim: 576 exec/s: 16562 rss: 628Mb L: 145/555 MS: 2 ShuffleBytes-EraseBytes-
#463758	REDUCE cov: 581 ft: 2578 corp: 651/44Kb lim: 576 exec/s: 16562 rss: 628Mb L: 24/555 MS: 3 CopyPart-ChangeBinInt-EraseBytes-
#464496	REDUCE cov: 581 ft: 2578 corp: 651/44Kb lim: 576 exec/s: 16589 rss: 628Mb L: 3/555 MS: 3 ChangeByte-ChangeBinInt-EraseBytes-
#464587	REDUCE cov: 581 ft: 2578 corp: 651/44Kb lim: 576 exec/s: 16592 rss: 628Mb L: 70/555 MS: 1 EraseBytes-
#464609	REDUCE cov: 581 ft: 2578 corp: 651/44Kb lim: 576 exec/s: 16593 rss: 628Mb L: 289/555 MS: 2 InsertByte-EraseBytes-
#464761	NEW    cov: 581 ft: 2579 corp: 652/44Kb lim: 576 exec/s: 16598 rss: 628Mb L: 561/561 MS: 2 InsertByte-CopyPart-
#464983	REDUCE cov: 581 ft: 2579 corp: 652/44Kb lim: 576 exec/s: 16606 rss: 628Mb L: 40/561 MS: 2 ChangeByte-EraseBytes-
#465327	REDUCE cov: 581 ft: 2579 corp: 652/44Kb lim: 576 exec/s: 16618 rss: 628Mb L: 51/561 MS: 4 CMP-CMP-PersAutoDict-EraseBytes- DE: "\004\000\000\000\000\000\000\000"-"c\000\000\000"-"\001\000\000\000\000\000\000\027"-
#465369	REDUCE cov: 581 ft: 2581 corp: 653/45Kb lim: 576 exec/s: 16620 rss: 629Mb L: 334/561 MS: 2 ChangeBit-CopyPart-
#465805	REDUCE cov: 581 ft: 2581 corp: 653/45Kb lim: 576 exec/s: 16635 rss: 629Mb L: 146/561 MS: 1 EraseBytes-
#465861	REDUCE cov: 581 ft: 2581 corp: 653/45Kb lim: 576 exec/s: 16064 rss: 629Mb L: 417/561 MS: 1 EraseBytes-
#466181	REDUCE cov: 581 ft: 2581 corp: 653/45Kb lim: 576 exec/s: 16075 rss: 629Mb L: 31/561 MS: 5 InsertByte-PersAutoDict-InsertByte-ChangeBinInt-EraseBytes- DE: "\001\000\000\000\000\000\000\027"-
#466293	REDUCE cov: 581 ft: 2581 corp: 653/45Kb lim: 576 exec/s: 16079 rss: 629Mb L: 12/561 MS: 2 CopyPart-EraseBytes-
#466779	REDUCE cov: 581 ft: 2581 corp: 653/45Kb lim: 576 exec/s: 16095 rss: 629Mb L: 32/561 MS: 1 EraseBytes-
#468030	REDUCE cov: 581 ft: 2581 corp: 653/45Kb lim: 585 exec/s: 16138 rss: 629Mb L: 187/561 MS: 1 EraseBytes-
#468422	REDUCE cov: 581 ft: 2581 corp: 653/45Kb lim: 585 exec/s: 16152 rss: 630Mb L: 273/561 MS: 2 ShuffleBytes-EraseBytes-
#468465	REDUCE cov: 581 ft: 2581 corp: 653/45Kb lim: 585 exec/s: 16153 rss: 630Mb L: 358/561 MS: 3 EraseBytes-InsertRepeatedBytes-CopyPart-
#468626	REDUCE cov: 581 ft: 2581 corp: 653/45Kb lim: 585 exec/s: 16159 rss: 630Mb L: 155/561 MS: 1 EraseBytes-
#468778	NEW    cov: 581 ft: 2584 corp: 654/45Kb lim: 585 exec/s: 16164 rss: 630Mb L: 584/584 MS: 2 CopyPart-CopyPart-
#468840	REDUCE cov: 581 ft: 2584 corp: 654/45Kb lim: 585 exec/s: 16166 rss: 630Mb L: 10/584 MS: 2 ChangeByte-EraseBytes-
#468946	REDUCE cov: 581 ft: 2584 corp: 654/45Kb lim: 585 exec/s: 16170 rss: 630Mb L: 559/561 MS: 1 EraseBytes-
#468967	REDUCE cov: 581 ft: 2584 corp: 654/45Kb lim: 585 exec/s: 16171 rss: 630Mb L: 30/561 MS: 1 EraseBytes-
#469070	REDUCE cov: 581 ft: 2584 corp: 654/45Kb lim: 585 exec/s: 16174 rss: 630Mb L: 62/561 MS: 3 CrossOver-ChangeBinInt-EraseBytes-
#469348	REDUCE cov: 581 ft: 2584 corp: 654/45Kb lim: 585 exec/s: 16184 rss: 630Mb L: 18/561 MS: 3 InsertByte-ShuffleBytes-EraseBytes-
#469490	REDUCE cov: 581 ft: 2584 corp: 654/45Kb lim: 585 exec/s: 16189 rss: 630Mb L: 189/561 MS: 2 EraseBytes-CopyPart-
#469656	REDUCE cov: 581 ft: 2584 corp: 654/45Kb lim: 585 exec/s: 16195 rss: 630Mb L: 139/561 MS: 1 EraseBytes-
#470347	REDUCE cov: 581 ft: 2584 corp: 654/45Kb lim: 585 exec/s: 16218 rss: 630Mb L: 177/561 MS: 1 EraseBytes-
#470574	REDUCE cov: 581 ft: 2584 corp: 654/45Kb lim: 585 exec/s: 16226 rss: 630Mb L: 199/561 MS: 2 CopyPart-EraseBytes-
#470755	REDUCE cov: 581 ft: 2584 corp: 654/45Kb lim: 585 exec/s: 16232 rss: 630Mb L: 45/561 MS: 1 EraseBytes-
#470835	REDUCE cov: 581 ft: 2584 corp: 654/45Kb lim: 585 exec/s: 16235 rss: 631Mb L: 355/561 MS: 5 ChangeBinInt-ShuffleBytes-ChangeBinInt-ChangeByte-EraseBytes-
#471088	REDUCE cov: 581 ft: 2584 corp: 654/45Kb lim: 585 exec/s: 16244 rss: 631Mb L: 24/561 MS: 3 ChangeBit-ChangeByte-EraseBytes-
#471204	REDUCE cov: 581 ft: 2584 corp: 654/45Kb lim: 585 exec/s: 16248 rss: 631Mb L: 19/561 MS: 1 EraseBytes-
#471345	REDUCE cov: 581 ft: 2584 corp: 654/45Kb lim: 585 exec/s: 16253 rss: 631Mb L: 71/561 MS: 1 EraseBytes-
#471861	REDUCE cov: 581 ft: 2584 corp: 654/45Kb lim: 585 exec/s: 16271 rss: 631Mb L: 11/561 MS: 1 EraseBytes-
#472063	REDUCE cov: 581 ft: 2584 corp: 654/45Kb lim: 585 exec/s: 16278 rss: 632Mb L: 35/561 MS: 2 EraseBytes-CopyPart-
#472289	REDUCE cov: 581 ft: 2584 corp: 654/45Kb lim: 585 exec/s: 16285 rss: 632Mb L: 111/561 MS: 1 EraseBytes-
#472477	REDUCE cov: 581 ft: 2584 corp: 654/45Kb lim: 585 exec/s: 16292 rss: 632Mb L: 10/561 MS: 3 InsertRepeatedBytes-EraseBytes-EraseBytes-
#472909	REDUCE cov: 581 ft: 2584 corp: 654/45Kb lim: 585 exec/s: 16307 rss: 632Mb L: 87/561 MS: 2 InsertByte-EraseBytes-
#472940	REDUCE cov: 581 ft: 2584 corp: 654/45Kb lim: 585 exec/s: 16308 rss: 632Mb L: 28/561 MS: 1 EraseBytes-
#472950	REDUCE cov: 581 ft: 2584 corp: 654/45Kb lim: 585 exec/s: 16308 rss: 632Mb L: 12/561 MS: 5 CopyPart-CopyPart-CopyPart-CopyPart-EraseBytes-
#473281	REDUCE cov: 581 ft: 2584 corp: 654/45Kb lim: 585 exec/s: 16320 rss: 632Mb L: 242/561 MS: 1 EraseBytes-
#473952	REDUCE cov: 581 ft: 2584 corp: 654/45Kb lim: 585 exec/s: 16343 rss: 632Mb L: 16/561 MS: 1 EraseBytes-
#474735	REDUCE cov: 581 ft: 2584 corp: 654/45Kb lim: 585 exec/s: 16370 rss: 632Mb L: 63/561 MS: 3 ChangeBit-ShuffleBytes-EraseBytes-
#475002	REDUCE cov: 581 ft: 2584 corp: 654/45Kb lim: 585 exec/s: 16379 rss: 632Mb L: 137/561 MS: 2 ChangeByte-EraseBytes-
#475189	REDUCE cov: 581 ft: 2584 corp: 654/45Kb lim: 585 exec/s: 16385 rss: 632Mb L: 7/561 MS: 2 CopyPart-EraseBytes-
#475316	REDUCE cov: 581 ft: 2584 corp: 654/45Kb lim: 585 exec/s: 16390 rss: 632Mb L: 130/561 MS: 2 ChangeByte-EraseBytes-
#475683	REDUCE cov: 581 ft: 2584 corp: 654/45Kb lim: 585 exec/s: 16402 rss: 632Mb L: 227/561 MS: 2 EraseBytes-CopyPart-
#476109	REDUCE cov: 581 ft: 2584 corp: 654/45Kb lim: 585 exec/s: 16417 rss: 632Mb L: 219/561 MS: 1 EraseBytes-
#476167	REDUCE cov: 581 ft: 2584 corp: 654/45Kb lim: 585 exec/s: 16419 rss: 632Mb L: 213/561 MS: 3 InsertByte-ChangeByte-EraseBytes-
#476278	REDUCE cov: 581 ft: 2584 corp: 654/45Kb lim: 585 exec/s: 16423 rss: 632Mb L: 78/561 MS: 1 EraseBytes-
#476329	REDUCE cov: 581 ft: 2584 corp: 654/45Kb lim: 585 exec/s: 16425 rss: 632Mb L: 9/561 MS: 1 EraseBytes-
#476760	REDUCE cov: 581 ft: 2584 corp: 654/45Kb lim: 585 exec/s: 16440 rss: 632Mb L: 15/561 MS: 1 EraseBytes-
#476827	REDUCE cov: 581 ft: 2584 corp: 654/45Kb lim: 585 exec/s: 16442 rss: 632Mb L: 43/561 MS: 2 EraseBytes-CopyPart-
#477150	REDUCE cov: 581 ft: 2586 corp: 655/45Kb lim: 585 exec/s: 16453 rss: 632Mb L: 567/567 MS: 3 CopyPart-ShuffleBytes-CopyPart-
#477314	REDUCE cov: 581 ft: 2586 corp: 655/45Kb lim: 585 exec/s: 16459 rss: 633Mb L: 32/567 MS: 4 EraseBytes-ChangeBit-ChangeBit-CopyPart-
#477388	REDUCE cov: 581 ft: 2586 corp: 655/45Kb lim: 585 exec/s: 16461 rss: 633Mb L: 226/567 MS: 4 CopyPart-CMP-InsertRepeatedBytes-EraseBytes- DE: "\377\377\377\377\377\377\377\377"-
#477575	REDUCE cov: 581 ft: 2586 corp: 655/45Kb lim: 585 exec/s: 16468 rss: 633Mb L: 30/567 MS: 2 ChangeByte-EraseBytes-
#477588	REDUCE cov: 581 ft: 2586 corp: 655/45Kb lim: 585 exec/s: 16468 rss: 633Mb L: 144/567 MS: 3 ChangeBit-EraseBytes-CopyPart-
#477603	REDUCE cov: 581 ft: 2586 corp: 655/45Kb lim: 585 exec/s: 16469 rss: 633Mb L: 23/567 MS: 5 InsertByte-ChangeByte-PersAutoDict-CrossOver-EraseBytes- DE: "\000\000\000\000\000\000\000\032"-
#477631	REDUCE cov: 581 ft: 2586 corp: 655/45Kb lim: 585 exec/s: 16470 rss: 633Mb L: 153/567 MS: 3 CopyPart-ChangeBinInt-EraseBytes-
#478151	REDUCE cov: 581 ft: 2586 corp: 655/45Kb lim: 585 exec/s: 16487 rss: 633Mb L: 94/567 MS: 5 CrossOver-ChangeBinInt-ChangeASCIIInt-PersAutoDict-EraseBytes- DE: "\201\000\000\000"-
#478246	NEW    cov: 581 ft: 2588 corp: 656/46Kb lim: 585 exec/s: 16491 rss: 633Mb L: 578/578 MS: 5 ChangeByte-ChangeBinInt-ChangeASCIIInt-CopyPart-CopyPart-
#478358	REDUCE cov: 581 ft: 2588 corp: 656/46Kb lim: 585 exec/s: 16495 rss: 633Mb L: 52/578 MS: 2 InsertByte-EraseBytes-
#478717	REDUCE cov: 581 ft: 2588 corp: 656/46Kb lim: 585 exec/s: 16507 rss: 634Mb L: 475/578 MS: 4 ChangeBit-ChangeBit-ChangeByte-EraseBytes-
#478791	REDUCE cov: 581 ft: 2588 corp: 656/46Kb lim: 585 exec/s: 16510 rss: 634Mb L: 77/578 MS: 4 CopyPart-ChangeByte-PersAutoDict-EraseBytes- DE: "\000\000\000\007"-
#479660	REDUCE cov: 581 ft: 2588 corp: 656/46Kb lim: 585 exec/s: 16540 rss: 634Mb L: 25/578 MS: 4 ShuffleBytes-EraseBytes-ShuffleBytes-CopyPart-
#479696	REDUCE cov: 581 ft: 2588 corp: 656/46Kb lim: 585 exec/s: 16541 rss: 634Mb L: 53/578 MS: 1 EraseBytes-
#480568	REDUCE cov: 581 ft: 2588 corp: 656/46Kb lim: 585 exec/s: 16018 rss: 634Mb L: 32/578 MS: 2 CopyPart-EraseBytes-
#480969	REDUCE cov: 581 ft: 2588 corp: 656/46Kb lim: 585 exec/s: 16032 rss: 634Mb L: 33/578 MS: 1 EraseBytes-
#481782	REDUCE cov: 581 ft: 2588 corp: 656/46Kb lim: 585 exec/s: 16059 rss: 634Mb L: 13/578 MS: 3 CrossOver-CrossOver-EraseBytes-
#481943	REDUCE cov: 581 ft: 2588 corp: 656/46Kb lim: 585 exec/s: 16064 rss: 634Mb L: 140/578 MS: 1 EraseBytes-
#481964	REDUCE cov: 581 ft: 2588 corp: 656/46Kb lim: 585 exec/s: 16065 rss: 634Mb L: 27/578 MS: 1 EraseBytes-
#483846	REDUCE cov: 581 ft: 2588 corp: 656/46Kb lim: 603 exec/s: 16128 rss: 635Mb L: 352/578 MS: 2 InsertByte-EraseBytes-
#483862	REDUCE cov: 581 ft: 2588 corp: 656/46Kb lim: 603 exec/s: 16128 rss: 635Mb L: 78/578 MS: 1 EraseBytes-
#483879	REDUCE cov: 581 ft: 2588 corp: 656/46Kb lim: 603 exec/s: 16129 rss: 635Mb L: 129/578 MS: 2 PersAutoDict-EraseBytes- DE: "\001\005"-
#484140	REDUCE cov: 581 ft: 2588 corp: 656/46Kb lim: 603 exec/s: 16138 rss: 635Mb L: 22/578 MS: 1 EraseBytes-
#484956	REDUCE cov: 581 ft: 2588 corp: 656/46Kb lim: 603 exec/s: 16165 rss: 636Mb L: 42/578 MS: 1 EraseBytes-
#486727	REDUCE cov: 581 ft: 2588 corp: 656/46Kb lim: 612 exec/s: 16224 rss: 636Mb L: 7/578 MS: 1 EraseBytes-
#486958	REDUCE cov: 581 ft: 2588 corp: 656/46Kb lim: 612 exec/s: 16231 rss: 636Mb L: 193/578 MS: 1 EraseBytes-
#487499	REDUCE cov: 581 ft: 2588 corp: 656/46Kb lim: 612 exec/s: 16249 rss: 636Mb L: 11/578 MS: 1 EraseBytes-
#487506	REDUCE cov: 581 ft: 2588 corp: 656/46Kb lim: 612 exec/s: 16250 rss: 636Mb L: 59/578 MS: 2 CMP-EraseBytes- DE: "\377\377\377\377\377\377\377\377"-
#487929	REDUCE cov: 581 ft: 2588 corp: 656/46Kb lim: 612 exec/s: 16264 rss: 636Mb L: 273/578 MS: 3 ChangeBinInt-EraseBytes-EraseBytes-
#487975	REDUCE cov: 581 ft: 2588 corp: 656/46Kb lim: 612 exec/s: 16265 rss: 636Mb L: 26/578 MS: 1 EraseBytes-
#488121	NEW    cov: 581 ft: 2591 corp: 657/46Kb lim: 612 exec/s: 16270 rss: 636Mb L: 612/612 MS: 1 CopyPart-
#488461	REDUCE cov: 581 ft: 2591 corp: 657/46Kb lim: 612 exec/s: 16282 rss: 636Mb L: 27/612 MS: 5 InsertByte-ShuffleBytes-ShuffleBytes-CrossOver-EraseBytes-
#488532	REDUCE cov: 581 ft: 2591 corp: 657/46Kb lim: 612 exec/s: 16284 rss: 636Mb L: 5/612 MS: 1 EraseBytes-
#488700	REDUCE cov: 581 ft: 2591 corp: 657/46Kb lim: 612 exec/s: 16290 rss: 636Mb L: 37/612 MS: 3 ShuffleBytes-InsertByte-EraseBytes-
#489533	REDUCE cov: 581 ft: 2591 corp: 657/46Kb lim: 612 exec/s: 16317 rss: 637Mb L: 163/612 MS: 3 ChangeBinInt-ChangeByte-EraseBytes-
#489789	REDUCE cov: 581 ft: 2591 corp: 657/46Kb lim: 612 exec/s: 16326 rss: 637Mb L: 60/612 MS: 1 EraseBytes-
#489905	REDUCE cov: 581 ft: 2591 corp: 657/46Kb lim: 612 exec/s: 16330 rss: 637Mb L: 284/612 MS: 1 EraseBytes-
#490217	REDUCE cov: 581 ft: 2592 corp: 658/47Kb lim: 612 exec/s: 16340 rss: 637Mb L: 302/612 MS: 2 PersAutoDict-CopyPart- DE: "\204\000\000\000"-
#491343	REDUCE cov: 581 ft: 2592 corp: 658/47Kb lim: 621 exec/s: 16378 rss: 638Mb L: 79/612 MS: 1 EraseBytes-
#491570	REDUCE cov: 581 ft: 2592 corp: 658/47Kb lim: 621 exec/s: 16385 rss: 638Mb L: 14/612 MS: 2 InsertByte-EraseBytes-
#491837	REDUCE cov: 581 ft: 2592 corp: 658/47Kb lim: 621 exec/s: 16394 rss: 638Mb L: 31/612 MS: 2 CrossOver-EraseBytes-
#491845	REDUCE cov: 581 ft: 2592 corp: 658/46Kb lim: 621 exec/s: 16394 rss: 638Mb L: 28/612 MS: 3 CopyPart-EraseBytes-CopyPart-
#492086	REDUCE cov: 581 ft: 2592 corp: 658/46Kb lim: 621 exec/s: 16402 rss: 638Mb L: 8/612 MS: 1 EraseBytes-
#492363	REDUCE cov: 581 ft: 2592 corp: 658/46Kb lim: 621 exec/s: 16412 rss: 638Mb L: 77/612 MS: 2 ChangeBinInt-EraseBytes-
#493065	REDUCE cov: 581 ft: 2592 corp: 658/46Kb lim: 621 exec/s: 16435 rss: 638Mb L: 36/612 MS: 2 ChangeBit-EraseBytes-
#493366	REDUCE cov: 581 ft: 2592 corp: 658/46Kb lim: 621 exec/s: 16445 rss: 638Mb L: 25/612 MS: 1 EraseBytes-
#493582	REDUCE cov: 581 ft: 2592 corp: 658/46Kb lim: 621 exec/s: 16452 rss: 638Mb L: 36/612 MS: 1 EraseBytes-
#494588	REDUCE cov: 581 ft: 2593 corp: 659/47Kb lim: 630 exec/s: 15954 rss: 638Mb L: 53/612 MS: 1 CopyPart-
#495644	REDUCE cov: 581 ft: 2593 corp: 659/47Kb lim: 639 exec/s: 15988 rss: 639Mb L: 391/612 MS: 1 EraseBytes-
#495703	REDUCE cov: 581 ft: 2593 corp: 659/46Kb lim: 639 exec/s: 15990 rss: 639Mb L: 281/612 MS: 4 ChangeBinInt-EraseBytes-ChangeASCIIInt-CopyPart-
#496227	REDUCE cov: 581 ft: 2593 corp: 659/46Kb lim: 639 exec/s: 16007 rss: 639Mb L: 32/612 MS: 4 ChangeByte-ChangeByte-CopyPart-EraseBytes-
#497578	REDUCE cov: 581 ft: 2593 corp: 659/46Kb lim: 648 exec/s: 16050 rss: 639Mb L: 18/612 MS: 1 EraseBytes-
#497774	REDUCE cov: 581 ft: 2593 corp: 659/46Kb lim: 648 exec/s: 16057 rss: 639Mb L: 26/612 MS: 1 EraseBytes-
#498170	REDUCE cov: 581 ft: 2593 corp: 659/46Kb lim: 648 exec/s: 16070 rss: 639Mb L: 8/612 MS: 1 EraseBytes-
#498266	REDUCE cov: 581 ft: 2593 corp: 659/46Kb lim: 648 exec/s: 16073 rss: 639Mb L: 73/612 MS: 1 EraseBytes-
#498334	REDUCE cov: 581 ft: 2593 corp: 659/46Kb lim: 648 exec/s: 16075 rss: 639Mb L: 535/612 MS: 3 PersAutoDict-CMP-EraseBytes- DE: "\000\000\000\000"-"\000\000\000\000\000\000\000x"-
#499533	REDUCE cov: 581 ft: 2593 corp: 659/46Kb lim: 657 exec/s: 16113 rss: 640Mb L: 377/612 MS: 4 InsertByte-ChangeByte-ChangeBit-EraseBytes-
#500200	REDUCE cov: 581 ft: 2593 corp: 659/46Kb lim: 657 exec/s: 16135 rss: 640Mb L: 68/612 MS: 2 CMP-EraseBytes- DE: "\376\377\000\000"-
#500227	REDUCE cov: 581 ft: 2593 corp: 659/46Kb lim: 657 exec/s: 16136 rss: 640Mb L: 16/612 MS: 2 InsertByte-EraseBytes-
#501753	REDUCE cov: 581 ft: 2593 corp: 659/46Kb lim: 666 exec/s: 16185 rss: 640Mb L: 14/612 MS: 1 EraseBytes-
#502184	REDUCE cov: 581 ft: 2593 corp: 659/46Kb lim: 666 exec/s: 16199 rss: 640Mb L: 14/612 MS: 1 EraseBytes-
#502616	REDUCE cov: 581 ft: 2593 corp: 659/46Kb lim: 666 exec/s: 16213 rss: 641Mb L: 105/612 MS: 2 PersAutoDict-EraseBytes- DE: "\377\242"-
#503008	REDUCE cov: 581 ft: 2593 corp: 659/46Kb lim: 666 exec/s: 16226 rss: 641Mb L: 35/612 MS: 2 ChangeASCIIInt-EraseBytes-
#504369	REDUCE cov: 581 ft: 2594 corp: 660/47Kb lim: 675 exec/s: 16269 rss: 641Mb L: 505/612 MS: 1 CopyPart-
#504912	REDUCE cov: 581 ft: 2594 corp: 660/47Kb lim: 675 exec/s: 16287 rss: 641Mb L: 32/612 MS: 3 ChangeBinInt-ShuffleBytes-EraseBytes-
#505519	REDUCE cov: 581 ft: 2594 corp: 660/47Kb lim: 675 exec/s: 16307 rss: 641Mb L: 125/612 MS: 2 CopyPart-EraseBytes-
#505537	REDUCE cov: 581 ft: 2595 corp: 661/47Kb lim: 675 exec/s: 16307 rss: 641Mb L: 521/612 MS: 3 InsertRepeatedBytes-CopyPart-CopyPart-
#505703	REDUCE cov: 581 ft: 2595 corp: 661/47Kb lim: 675 exec/s: 16313 rss: 641Mb L: 29/612 MS: 1 EraseBytes-
#505759	REDUCE cov: 581 ft: 2595 corp: 661/47Kb lim: 675 exec/s: 16314 rss: 641Mb L: 64/612 MS: 1 EraseBytes-
#505899	REDUCE cov: 581 ft: 2595 corp: 661/47Kb lim: 675 exec/s: 16319 rss: 641Mb L: 36/612 MS: 5 CopyPart-CopyPart-InsertByte-InsertByte-EraseBytes-
#506181	REDUCE cov: 581 ft: 2595 corp: 661/47Kb lim: 675 exec/s: 16328 rss: 641Mb L: 124/612 MS: 2 PersAutoDict-EraseBytes- DE: "\000\000\000\001"-
#506387	REDUCE cov: 581 ft: 2595 corp: 661/47Kb lim: 675 exec/s: 16335 rss: 641Mb L: 35/612 MS: 1 EraseBytes-
#506398	REDUCE cov: 581 ft: 2595 corp: 661/47Kb lim: 675 exec/s: 16335 rss: 641Mb L: 38/612 MS: 1 EraseBytes-
#507149	REDUCE cov: 581 ft: 2595 corp: 661/47Kb lim: 675 exec/s: 16359 rss: 641Mb L: 223/612 MS: 1 EraseBytes-
#507665	REDUCE cov: 581 ft: 2595 corp: 661/47Kb lim: 675 exec/s: 16376 rss: 641Mb L: 390/612 MS: 1 CrossOver-
#507752	REDUCE cov: 581 ft: 2595 corp: 661/47Kb lim: 675 exec/s: 16379 rss: 641Mb L: 97/612 MS: 2 ChangeBit-EraseBytes-
#507929	REDUCE cov: 581 ft: 2595 corp: 661/47Kb lim: 675 exec/s: 16384 rss: 641Mb L: 12/612 MS: 2 EraseBytes-CopyPart-
#508147	REDUCE cov: 581 ft: 2595 corp: 661/47Kb lim: 675 exec/s: 16391 rss: 642Mb L: 94/612 MS: 3 InsertByte-CopyPart-EraseBytes-
#508363	REDUCE cov: 581 ft: 2595 corp: 661/47Kb lim: 675 exec/s: 16398 rss: 642Mb L: 4/612 MS: 1 EraseBytes-
#508825	REDUCE cov: 581 ft: 2595 corp: 661/47Kb lim: 675 exec/s: 15900 rss: 642Mb L: 544/612 MS: 2 EraseBytes-InsertByte-
#509202	REDUCE cov: 581 ft: 2595 corp: 661/47Kb lim: 675 exec/s: 15912 rss: 642Mb L: 268/612 MS: 2 ChangeBinInt-EraseBytes-
#509289	REDUCE cov: 581 ft: 2595 corp: 661/47Kb lim: 675 exec/s: 15915 rss: 642Mb L: 188/612 MS: 2 ChangeBit-EraseBytes-
#509476	REDUCE cov: 581 ft: 2595 corp: 661/47Kb lim: 675 exec/s: 15921 rss: 642Mb L: 38/612 MS: 2 InsertByte-EraseBytes-
#509607	REDUCE cov: 581 ft: 2595 corp: 661/47Kb lim: 675 exec/s: 15925 rss: 642Mb L: 433/612 MS: 1 CrossOver-
#509814	REDUCE cov: 581 ft: 2595 corp: 661/47Kb lim: 675 exec/s: 15931 rss: 643Mb L: 50/612 MS: 2 CopyPart-EraseBytes-
#510317	REDUCE cov: 581 ft: 2595 corp: 661/47Kb lim: 675 exec/s: 15947 rss: 643Mb L: 10/612 MS: 3 ChangeByte-InsertRepeatedBytes-EraseBytes-
#510538	REDUCE cov: 581 ft: 2595 corp: 661/47Kb lim: 675 exec/s: 15954 rss: 643Mb L: 113/612 MS: 1 EraseBytes-
#510579	REDUCE cov: 581 ft: 2595 corp: 661/47Kb lim: 675 exec/s: 15955 rss: 643Mb L: 484/612 MS: 1 EraseBytes-
#511344	REDUCE cov: 581 ft: 2596 corp: 662/48Kb lim: 675 exec/s: 15979 rss: 643Mb L: 419/612 MS: 5 PersAutoDict-ChangeBinInt-PersAutoDict-CopyPart-CopyPart- DE: "\377\013"-"\377g"-
#511355	NEW    cov: 581 ft: 2597 corp: 663/48Kb lim: 675 exec/s: 15979 rss: 643Mb L: 103/612 MS: 1 CopyPart-
#511479	REDUCE cov: 581 ft: 2598 corp: 664/48Kb lim: 675 exec/s: 15983 rss: 643Mb L: 550/612 MS: 4 CMP-CopyPart-ChangeBinInt-CopyPart- DE: "/\000"-
#512036	REDUCE cov: 581 ft: 2598 corp: 664/48Kb lim: 675 exec/s: 16001 rss: 643Mb L: 72/612 MS: 2 InsertByte-EraseBytes-
#512794	REDUCE cov: 581 ft: 2598 corp: 664/48Kb lim: 675 exec/s: 16024 rss: 643Mb L: 67/612 MS: 3 ChangeBinInt-ChangeByte-EraseBytes-
#513735	REDUCE cov: 581 ft: 2598 corp: 664/48Kb lim: 684 exec/s: 16054 rss: 643Mb L: 10/612 MS: 1 EraseBytes-
#514986	REDUCE cov: 581 ft: 2598 corp: 664/48Kb lim: 693 exec/s: 16093 rss: 644Mb L: 487/612 MS: 1 EraseBytes-
#515622	REDUCE cov: 581 ft: 2598 corp: 664/48Kb lim: 693 exec/s: 16113 rss: 644Mb L: 15/612 MS: 1 EraseBytes-
#515743	REDUCE cov: 581 ft: 2598 corp: 664/48Kb lim: 693 exec/s: 16116 rss: 644Mb L: 450/612 MS: 1 EraseBytes-
#515991	REDUCE cov: 581 ft: 2599 corp: 665/49Kb lim: 693 exec/s: 16124 rss: 644Mb L: 558/612 MS: 3 ShuffleBytes-CrossOver-CopyPart-
#516198	REDUCE cov: 581 ft: 2599 corp: 665/49Kb lim: 693 exec/s: 16131 rss: 644Mb L: 57/612 MS: 2 CopyPart-EraseBytes-
#516213	REDUCE cov: 581 ft: 2599 corp: 665/49Kb lim: 693 exec/s: 16131 rss: 644Mb L: 480/612 MS: 5 CrossOver-ChangeBit-ChangeByte-ChangeByte-EraseBytes-
#516219	REDUCE cov: 581 ft: 2599 corp: 665/49Kb lim: 693 exec/s: 16131 rss: 644Mb L: 15/612 MS: 1 EraseBytes-
#516306	REDUCE cov: 581 ft: 2599 corp: 665/49Kb lim: 693 exec/s: 16134 rss: 644Mb L: 195/612 MS: 2 ChangeASCIIInt-EraseBytes-
#516932	REDUCE cov: 581 ft: 2599 corp: 665/49Kb lim: 693 exec/s: 16154 rss: 644Mb L: 4/612 MS: 1 EraseBytes-
#517180	REDUCE cov: 581 ft: 2603 corp: 666/49Kb lim: 693 exec/s: 16161 rss: 644Mb L: 581/612 MS: 3 ChangeBit-ChangeBinInt-CrossOver-
#518007	REDUCE cov: 581 ft: 2603 corp: 666/49Kb lim: 693 exec/s: 16187 rss: 644Mb L: 11/612 MS: 2 ChangeByte-EraseBytes-
#518256	REDUCE cov: 581 ft: 2603 corp: 666/49Kb lim: 693 exec/s: 16195 rss: 644Mb L: 503/612 MS: 4 CrossOver-PersAutoDict-PersAutoDict-EraseBytes- DE: "\001h"-"\001h"-
#518854	REDUCE cov: 581 ft: 2607 corp: 667/50Kb lim: 693 exec/s: 16214 rss: 644Mb L: 416/612 MS: 3 CrossOver-ChangeBinInt-CrossOver-
#519441	REDUCE cov: 581 ft: 2607 corp: 667/50Kb lim: 693 exec/s: 16232 rss: 645Mb L: 19/612 MS: 2 ChangeByte-EraseBytes-
#519527	REDUCE cov: 581 ft: 2607 corp: 667/50Kb lim: 693 exec/s: 16235 rss: 645Mb L: 181/612 MS: 1 EraseBytes-
#519823	REDUCE cov: 581 ft: 2607 corp: 667/50Kb lim: 693 exec/s: 16244 rss: 645Mb L: 523/612 MS: 1 EraseBytes-
#519995	REDUCE cov: 581 ft: 2607 corp: 667/50Kb lim: 693 exec/s: 16249 rss: 645Mb L: 303/612 MS: 2 EraseBytes-CopyPart-
#520350	REDUCE cov: 581 ft: 2607 corp: 667/50Kb lim: 693 exec/s: 16260 rss: 645Mb L: 172/612 MS: 5 PersAutoDict-CopyPart-CopyPart-EraseBytes-EraseBytes- DE: "\001\032"-
#520462	REDUCE cov: 581 ft: 2607 corp: 667/50Kb lim: 693 exec/s: 16264 rss: 645Mb L: 175/612 MS: 2 EraseBytes-CopyPart-
#520845	REDUCE cov: 581 ft: 2607 corp: 667/50Kb lim: 693 exec/s: 16276 rss: 646Mb L: 174/612 MS: 3 CMP-ChangeBinInt-EraseBytes- DE: "\177\000\000\000\000\000\000\003"-
#521433	REDUCE cov: 581 ft: 2607 corp: 667/50Kb lim: 693 exec/s: 16294 rss: 646Mb L: 34/612 MS: 3 ChangeBit-PersAutoDict-EraseBytes- DE: "\001\016"-
#521495	REDUCE cov: 581 ft: 2607 corp: 667/50Kb lim: 693 exec/s: 16296 rss: 646Mb L: 307/612 MS: 2 ChangeASCIIInt-EraseBytes-
#521866	REDUCE cov: 581 ft: 2607 corp: 667/50Kb lim: 693 exec/s: 16308 rss: 646Mb L: 405/612 MS: 1 EraseBytes-
#523287	REDUCE cov: 581 ft: 2607 corp: 667/49Kb lim: 702 exec/s: 15857 rss: 646Mb L: 384/612 MS: 1 EraseBytes-
#523448	REDUCE cov: 581 ft: 2607 corp: 667/49Kb lim: 702 exec/s: 15862 rss: 646Mb L: 31/612 MS: 1 EraseBytes-
#523614	REDUCE cov: 581 ft: 2607 corp: 667/49Kb lim: 702 exec/s: 15867 rss: 647Mb L: 64/612 MS: 1 EraseBytes-
#523986	REDUCE cov: 581 ft: 2607 corp: 667/49Kb lim: 702 exec/s: 15878 rss: 647Mb L: 9/612 MS: 2 ChangeBit-EraseBytes-
#524267	REDUCE cov: 581 ft: 2607 corp: 667/49Kb lim: 702 exec/s: 15886 rss: 647Mb L: 21/612 MS: 1 EraseBytes-
#524288	pulse  cov: 581 ft: 2607 corp: 667/49Kb lim: 702 exec/s: 15887 rss: 647Mb
#524333	REDUCE cov: 581 ft: 2607 corp: 667/49Kb lim: 702 exec/s: 15888 rss: 647Mb L: 56/612 MS: 1 EraseBytes-
#524515	REDUCE cov: 581 ft: 2607 corp: 667/49Kb lim: 702 exec/s: 15894 rss: 647Mb L: 71/612 MS: 2 ChangeBit-EraseBytes-
#524971	REDUCE cov: 581 ft: 2607 corp: 667/49Kb lim: 702 exec/s: 15908 rss: 648Mb L: 18/612 MS: 1 EraseBytes-
#526112	REDUCE cov: 581 ft: 2607 corp: 667/49Kb lim: 711 exec/s: 15942 rss: 648Mb L: 29/612 MS: 1 EraseBytes-
#526403	REDUCE cov: 581 ft: 2608 corp: 668/49Kb lim: 711 exec/s: 15951 rss: 648Mb L: 13/612 MS: 1 CopyPart-
#526629	REDUCE cov: 581 ft: 2608 corp: 668/49Kb lim: 711 exec/s: 15958 rss: 648Mb L: 19/612 MS: 1 EraseBytes-
#527330	REDUCE cov: 581 ft: 2608 corp: 668/49Kb lim: 711 exec/s: 15979 rss: 648Mb L: 43/612 MS: 1 EraseBytes-
#527337	NEW    cov: 581 ft: 2609 corp: 669/49Kb lim: 711 exec/s: 15979 rss: 648Mb L: 59/612 MS: 2 CopyPart-InsertRepeatedBytes-
#527422	REDUCE cov: 581 ft: 2609 corp: 669/49Kb lim: 711 exec/s: 15982 rss: 648Mb L: 115/612 MS: 5 ChangeBit-CrossOver-ShuffleBytes-ChangeBit-EraseBytes-
#528319	REDUCE cov: 581 ft: 2609 corp: 669/49Kb lim: 711 exec/s: 16009 rss: 648Mb L: 186/612 MS: 2 ChangeBinInt-EraseBytes-
#529045	REDUCE cov: 581 ft: 2609 corp: 669/49Kb lim: 711 exec/s: 16031 rss: 648Mb L: 33/612 MS: 1 EraseBytes-
#529307	REDUCE cov: 581 ft: 2609 corp: 669/49Kb lim: 711 exec/s: 16039 rss: 648Mb L: 9/612 MS: 2 ChangeByte-EraseBytes-
#529308	REDUCE cov: 581 ft: 2609 corp: 669/49Kb lim: 711 exec/s: 16039 rss: 648Mb L: 50/612 MS: 1 EraseBytes-
#529551	REDUCE cov: 581 ft: 2609 corp: 669/49Kb lim: 711 exec/s: 16047 rss: 648Mb L: 333/612 MS: 3 CopyPart-ChangeBinInt-EraseBytes-
#530117	REDUCE cov: 581 ft: 2609 corp: 669/49Kb lim: 711 exec/s: 16064 rss: 648Mb L: 49/612 MS: 1 EraseBytes-
#531156	REDUCE cov: 581 ft: 2609 corp: 669/49Kb lim: 720 exec/s: 16095 rss: 648Mb L: 29/612 MS: 4 EraseBytes-CMP-CopyPart-CopyPart- DE: "\000\000\000\373"-
#532113	REDUCE cov: 581 ft: 2609 corp: 669/49Kb lim: 729 exec/s: 16124 rss: 649Mb L: 26/612 MS: 2 ChangeASCIIInt-EraseBytes-
#532135	REDUCE cov: 581 ft: 2609 corp: 669/49Kb lim: 729 exec/s: 16125 rss: 649Mb L: 18/612 MS: 2 ChangeByte-EraseBytes-
#532151	REDUCE cov: 581 ft: 2609 corp: 669/49Kb lim: 729 exec/s: 16125 rss: 649Mb L: 6/612 MS: 1 EraseBytes-
#532349	REDUCE cov: 581 ft: 2609 corp: 669/49Kb lim: 729 exec/s: 16131 rss: 649Mb L: 45/612 MS: 3 ShuffleBytes-CopyPart-EraseBytes-
#532362	REDUCE cov: 581 ft: 2609 corp: 669/49Kb lim: 729 exec/s: 16132 rss: 649Mb L: 43/612 MS: 3 CopyPart-EraseBytes-EraseBytes-
#533175	REDUCE cov: 581 ft: 2609 corp: 669/49Kb lim: 729 exec/s: 16156 rss: 649Mb L: 18/612 MS: 3 ChangeBinInt-ChangeBinInt-EraseBytes-
#533188	REDUCE cov: 581 ft: 2609 corp: 669/49Kb lim: 729 exec/s: 16157 rss: 649Mb L: 23/612 MS: 3 CopyPart-ChangeBinInt-EraseBytes-
#533340	REDUCE cov: 581 ft: 2609 corp: 669/49Kb lim: 729 exec/s: 16161 rss: 649Mb L: 6/612 MS: 2 ChangeByte-EraseBytes-
#533447	REDUCE cov: 581 ft: 2609 corp: 669/49Kb lim: 729 exec/s: 16165 rss: 649Mb L: 54/612 MS: 2 ChangeBinInt-EraseBytes-
#533649	REDUCE cov: 581 ft: 2609 corp: 669/49Kb lim: 729 exec/s: 16171 rss: 649Mb L: 45/612 MS: 2 CopyPart-EraseBytes-
#534385	REDUCE cov: 581 ft: 2609 corp: 669/49Kb lim: 729 exec/s: 16193 rss: 649Mb L: 16/612 MS: 1 EraseBytes-
#534773	REDUCE cov: 581 ft: 2609 corp: 669/49Kb lim: 729 exec/s: 16205 rss: 649Mb L: 29/612 MS: 3 CopyPart-EraseBytes-CopyPart-
#534954	REDUCE cov: 581 ft: 2610 corp: 670/49Kb lim: 729 exec/s: 16210 rss: 649Mb L: 193/612 MS: 1 CopyPart-
#535119	REDUCE cov: 581 ft: 2610 corp: 670/49Kb lim: 729 exec/s: 16215 rss: 649Mb L: 351/612 MS: 5 ChangeBinInt-CrossOver-ChangeByte-ChangeASCIIInt-CrossOver-
#536043	REDUCE cov: 581 ft: 2610 corp: 670/49Kb lim: 738 exec/s: 16243 rss: 649Mb L: 54/612 MS: 4 ChangeBinInt-ChangeBit-CrossOver-EraseBytes-
#536162	REDUCE cov: 581 ft: 2610 corp: 670/49Kb lim: 738 exec/s: 16247 rss: 649Mb L: 77/612 MS: 4 InsertByte-ChangeBit-ShuffleBytes-EraseBytes-
#536355	NEW    cov: 581 ft: 2612 corp: 671/50Kb lim: 738 exec/s: 16253 rss: 649Mb L: 736/736 MS: 3 InsertByte-CopyPart-CopyPart-
#536536	REDUCE cov: 581 ft: 2612 corp: 671/50Kb lim: 738 exec/s: 16258 rss: 649Mb L: 111/736 MS: 1 EraseBytes-
#536562	REDUCE cov: 581 ft: 2612 corp: 671/50Kb lim: 738 exec/s: 16259 rss: 649Mb L: 50/736 MS: 1 EraseBytes-
#536609	REDUCE cov: 581 ft: 2612 corp: 671/50Kb lim: 738 exec/s: 16260 rss: 649Mb L: 32/736 MS: 2 ChangeBit-EraseBytes-
#537030	REDUCE cov: 581 ft: 2612 corp: 671/50Kb lim: 738 exec/s: 16273 rss: 649Mb L: 16/736 MS: 1 EraseBytes-
#537165	REDUCE cov: 581 ft: 2613 corp: 672/51Kb lim: 738 exec/s: 15798 rss: 649Mb L: 620/736 MS: 5 InsertByte-InsertByte-ShuffleBytes-PersAutoDict-CopyPart- DE: "O\000"-
#537437	REDUCE cov: 581 ft: 2613 corp: 672/51Kb lim: 738 exec/s: 15806 rss: 649Mb L: 38/736 MS: 2 ChangeByte-EraseBytes-
#537673	REDUCE cov: 581 ft: 2613 corp: 672/51Kb lim: 738 exec/s: 15813 rss: 649Mb L: 53/736 MS: 1 EraseBytes-
#537800	REDUCE cov: 581 ft: 2613 corp: 672/51Kb lim: 738 exec/s: 15817 rss: 649Mb L: 63/736 MS: 2 CopyPart-EraseBytes-
#537813	REDUCE cov: 581 ft: 2613 corp: 672/51Kb lim: 738 exec/s: 15818 rss: 649Mb L: 17/736 MS: 3 ChangeBit-CopyPart-EraseBytes-
#538270	REDUCE cov: 581 ft: 2616 corp: 673/51Kb lim: 738 exec/s: 15831 rss: 649Mb L: 728/736 MS: 2 ShuffleBytes-CopyPart-
#538311	REDUCE cov: 581 ft: 2616 corp: 673/51Kb lim: 738 exec/s: 15832 rss: 649Mb L: 69/736 MS: 1 EraseBytes-
#538332	REDUCE cov: 581 ft: 2616 corp: 673/51Kb lim: 738 exec/s: 15833 rss: 649Mb L: 7/736 MS: 1 EraseBytes-
#538894	REDUCE cov: 581 ft: 2616 corp: 673/51Kb lim: 738 exec/s: 15849 rss: 649Mb L: 40/736 MS: 2 ChangeByte-EraseBytes-
#539281	REDUCE cov: 581 ft: 2616 corp: 673/51Kb lim: 738 exec/s: 15861 rss: 649Mb L: 190/736 MS: 2 PersAutoDict-EraseBytes- DE: "\377g"-
#539547	REDUCE cov: 581 ft: 2616 corp: 673/51Kb lim: 738 exec/s: 15869 rss: 649Mb L: 23/736 MS: 1 EraseBytes-
#539797	REDUCE cov: 581 ft: 2616 corp: 673/51Kb lim: 738 exec/s: 15876 rss: 649Mb L: 198/736 MS: 5 EraseBytes-CopyPart-ChangeBit-PersAutoDict-InsertByte- DE: "\377\204"-
#540063	REDUCE cov: 581 ft: 2616 corp: 673/51Kb lim: 738 exec/s: 15884 rss: 649Mb L: 12/736 MS: 1 EraseBytes-
#540096	REDUCE cov: 581 ft: 2616 corp: 673/51Kb lim: 738 exec/s: 15885 rss: 649Mb L: 106/736 MS: 3 ChangeASCIIInt-ChangeASCIIInt-EraseBytes-
#541122	REDUCE cov: 581 ft: 2616 corp: 673/51Kb lim: 747 exec/s: 15915 rss: 649Mb L: 9/736 MS: 1 EraseBytes-
#541218	REDUCE cov: 581 ft: 2616 corp: 673/51Kb lim: 747 exec/s: 15918 rss: 649Mb L: 179/736 MS: 1 EraseBytes-
#541349	REDUCE cov: 581 ft: 2616 corp: 673/51Kb lim: 747 exec/s: 15922 rss: 649Mb L: 702/736 MS: 1 EraseBytes-
#541370	REDUCE cov: 581 ft: 2616 corp: 673/51Kb lim: 747 exec/s: 15922 rss: 649Mb L: 32/736 MS: 1 EraseBytes-
#541606	NEW    cov: 581 ft: 2617 corp: 674/52Kb lim: 747 exec/s: 15929 rss: 649Mb L: 382/736 MS: 1 CopyPart-
#541814	REDUCE cov: 581 ft: 2617 corp: 674/52Kb lim: 747 exec/s: 15935 rss: 649Mb L: 4/736 MS: 3 ChangeBit-EraseBytes-ChangeByte-
#542024	REDUCE cov: 581 ft: 2617 corp: 674/52Kb lim: 747 exec/s: 15941 rss: 649Mb L: 40/736 MS: 5 ShuffleBytes-ShuffleBytes-ChangeByte-ChangeByte-EraseBytes-
#542110	REDUCE cov: 581 ft: 2617 corp: 674/52Kb lim: 747 exec/s: 15944 rss: 649Mb L: 29/736 MS: 1 EraseBytes-
#542287	REDUCE cov: 581 ft: 2617 corp: 674/52Kb lim: 747 exec/s: 15949 rss: 650Mb L: 297/736 MS: 2 PersAutoDict-EraseBytes- DE: "\323\377\377\377"-
#542469	REDUCE cov: 581 ft: 2617 corp: 674/52Kb lim: 747 exec/s: 15954 rss: 650Mb L: 618/736 MS: 2 ChangeASCIIInt-EraseBytes-
#542671	REDUCE cov: 581 ft: 2617 corp: 674/52Kb lim: 747 exec/s: 15960 rss: 650Mb L: 56/736 MS: 2 ChangeBinInt-EraseBytes-
#543743	REDUCE cov: 581 ft: 2617 corp: 674/52Kb lim: 756 exec/s: 15992 rss: 651Mb L: 26/736 MS: 2 PersAutoDict-EraseBytes- DE: "\000\376"-
#543979	REDUCE cov: 581 ft: 2617 corp: 674/52Kb lim: 756 exec/s: 15999 rss: 651Mb L: 13/736 MS: 1 EraseBytes-
#544016	REDUCE cov: 581 ft: 2617 corp: 674/52Kb lim: 756 exec/s: 16000 rss: 651Mb L: 301/736 MS: 2 ShuffleBytes-CrossOver-
#545074	REDUCE cov: 581 ft: 2617 corp: 674/52Kb lim: 765 exec/s: 16031 rss: 651Mb L: 216/736 MS: 3 InsertRepeatedBytes-ChangeBinInt-EraseBytes-
#545100	REDUCE cov: 581 ft: 2617 corp: 674/52Kb lim: 765 exec/s: 16032 rss: 651Mb L: 608/736 MS: 1 EraseBytes-
#545376	REDUCE cov: 581 ft: 2617 corp: 674/52Kb lim: 765 exec/s: 16040 rss: 651Mb L: 290/736 MS: 1 EraseBytes-
#545402	REDUCE cov: 581 ft: 2617 corp: 674/52Kb lim: 765 exec/s: 16041 rss: 651Mb L: 47/736 MS: 1 EraseBytes-
#545404	REDUCE cov: 581 ft: 2617 corp: 674/52Kb lim: 765 exec/s: 16041 rss: 651Mb L: 54/736 MS: 2 ChangeBit-EraseBytes-
#545772	REDUCE cov: 581 ft: 2617 corp: 674/52Kb lim: 765 exec/s: 16052 rss: 651Mb L: 472/736 MS: 3 CopyPart-ChangeBinInt-EraseBytes-
#546358	REDUCE cov: 581 ft: 2620 corp: 675/52Kb lim: 765 exec/s: 16069 rss: 651Mb L: 753/753 MS: 1 CopyPart-
#546474	REDUCE cov: 581 ft: 2620 corp: 675/52Kb lim: 765 exec/s: 16072 rss: 651Mb L: 34/753 MS: 1 EraseBytes-
#546605	REDUCE cov: 581 ft: 2620 corp: 675/52Kb lim: 765 exec/s: 16076 rss: 651Mb L: 36/753 MS: 1 EraseBytes-
#547120	REDUCE cov: 581 ft: 2620 corp: 675/52Kb lim: 765 exec/s: 16091 rss: 651Mb L: 15/753 MS: 5 CrossOver-CopyPart-ChangeBinInt-ChangeBit-EraseBytes-
#547544	REDUCE cov: 581 ft: 2620 corp: 675/52Kb lim: 765 exec/s: 16104 rss: 651Mb L: 238/753 MS: 4 InsertRepeatedBytes-CopyPart-CMP-EraseBytes- DE: "'\000\000\000"-
#548266	REDUCE cov: 581 ft: 2620 corp: 675/52Kb lim: 765 exec/s: 16125 rss: 651Mb L: 165/753 MS: 2 ShuffleBytes-EraseBytes-
#548288	REDUCE cov: 581 ft: 2620 corp: 675/52Kb lim: 765 exec/s: 16126 rss: 651Mb L: 165/753 MS: 2 ShuffleBytes-EraseBytes-
#550089	REDUCE cov: 581 ft: 2620 corp: 675/52Kb lim: 774 exec/s: 16179 rss: 652Mb L: 17/753 MS: 1 EraseBytes-
#550805	REDUCE cov: 581 ft: 2620 corp: 675/52Kb lim: 774 exec/s: 16200 rss: 652Mb L: 48/753 MS: 1 EraseBytes-
#551036	REDUCE cov: 581 ft: 2620 corp: 675/52Kb lim: 774 exec/s: 15743 rss: 652Mb L: 10/753 MS: 1 EraseBytes-
#551193	REDUCE cov: 581 ft: 2621 corp: 676/52Kb lim: 774 exec/s: 15748 rss: 652Mb L: 198/753 MS: 2 CopyPart-CopyPart-
#551419	REDUCE cov: 581 ft: 2621 corp: 676/52Kb lim: 774 exec/s: 15754 rss: 652Mb L: 4/753 MS: 1 EraseBytes-
#551459	REDUCE cov: 581 ft: 2621 corp: 676/52Kb lim: 774 exec/s: 15755 rss: 652Mb L: 10/753 MS: 5 EraseBytes-ChangeBinInt-ChangeBit-ChangeByte-ChangeByte-
#551696	REDUCE cov: 581 ft: 2621 corp: 676/52Kb lim: 774 exec/s: 15762 rss: 652Mb L: 558/753 MS: 2 ChangeBit-EraseBytes-
#552219	REDUCE cov: 581 ft: 2621 corp: 676/52Kb lim: 774 exec/s: 15777 rss: 652Mb L: 124/753 MS: 3 ChangeByte-ChangeByte-EraseBytes-
#552540	REDUCE cov: 581 ft: 2621 corp: 676/52Kb lim: 774 exec/s: 15786 rss: 652Mb L: 19/753 MS: 1 EraseBytes-
#553795	REDUCE cov: 581 ft: 2621 corp: 676/52Kb lim: 783 exec/s: 15822 rss: 652Mb L: 718/736 MS: 5 ChangeByte-InsertByte-ShuffleBytes-CopyPart-EraseBytes-
#554711	REDUCE cov: 581 ft: 2621 corp: 676/52Kb lim: 792 exec/s: 15848 rss: 653Mb L: 182/736 MS: 1 EraseBytes-
#554867	REDUCE cov: 581 ft: 2621 corp: 676/52Kb lim: 792 exec/s: 15853 rss: 653Mb L: 100/736 MS: 1 EraseBytes-
#555383	REDUCE cov: 581 ft: 2621 corp: 676/52Kb lim: 792 exec/s: 15868 rss: 653Mb L: 70/736 MS: 1 EraseBytes-
#556165	REDUCE cov: 581 ft: 2621 corp: 676/52Kb lim: 792 exec/s: 15890 rss: 653Mb L: 23/736 MS: 2 ChangeByte-EraseBytes-
#556321	REDUCE cov: 581 ft: 2621 corp: 676/52Kb lim: 792 exec/s: 15894 rss: 653Mb L: 31/736 MS: 1 EraseBytes-
#556442	REDUCE cov: 581 ft: 2621 corp: 676/52Kb lim: 792 exec/s: 15898 rss: 653Mb L: 20/736 MS: 1 EraseBytes-
#556979	REDUCE cov: 581 ft: 2621 corp: 676/52Kb lim: 792 exec/s: 15913 rss: 653Mb L: 297/736 MS: 2 CopyPart-EraseBytes-
#557598	REDUCE cov: 581 ft: 2621 corp: 676/52Kb lim: 792 exec/s: 15931 rss: 653Mb L: 375/736 MS: 4 ShuffleBytes-ShuffleBytes-CopyPart-EraseBytes-
#557735	REDUCE cov: 581 ft: 2621 corp: 676/52Kb lim: 792 exec/s: 15935 rss: 653Mb L: 108/736 MS: 2 ChangeBit-EraseBytes-
#558292	REDUCE cov: 581 ft: 2621 corp: 676/52Kb lim: 792 exec/s: 15951 rss: 653Mb L: 192/736 MS: 2 PersAutoDict-EraseBytes- DE: "X\026\000\000"-
#558294	REDUCE cov: 581 ft: 2621 corp: 676/52Kb lim: 792 exec/s: 15951 rss: 653Mb L: 29/736 MS: 2 CopyPart-EraseBytes-
#558380	NEW    cov: 581 ft: 2622 corp: 677/52Kb lim: 792 exec/s: 15953 rss: 653Mb L: 204/736 MS: 1 CopyPart-
#558411	REDUCE cov: 581 ft: 2622 corp: 677/52Kb lim: 792 exec/s: 15954 rss: 653Mb L: 36/736 MS: 1 EraseBytes-
#558457	REDUCE cov: 581 ft: 2622 corp: 677/52Kb lim: 792 exec/s: 15955 rss: 653Mb L: 41/736 MS: 1 EraseBytes-
#558513	REDUCE cov: 581 ft: 2622 corp: 677/52Kb lim: 792 exec/s: 15957 rss: 653Mb L: 217/736 MS: 1 EraseBytes-
#559072	REDUCE cov: 581 ft: 2622 corp: 677/52Kb lim: 792 exec/s: 15973 rss: 653Mb L: 30/736 MS: 4 ChangeByte-ChangeASCIIInt-ChangeBit-EraseBytes-
#560289	NEW    cov: 581 ft: 2623 corp: 678/53Kb lim: 801 exec/s: 16008 rss: 653Mb L: 732/736 MS: 2 CopyPart-CopyPart-
#560665	REDUCE cov: 581 ft: 2623 corp: 678/53Kb lim: 801 exec/s: 16019 rss: 653Mb L: 18/736 MS: 1 EraseBytes-
#561311	REDUCE cov: 581 ft: 2623 corp: 678/53Kb lim: 801 exec/s: 16037 rss: 653Mb L: 61/736 MS: 1 EraseBytes-
#561931	NEW    cov: 581 ft: 2624 corp: 679/54Kb lim: 801 exec/s: 16055 rss: 653Mb L: 566/736 MS: 5 ChangeBinInt-ChangeBinInt-InsertByte-ChangeBinInt-CopyPart-
#561935	REDUCE cov: 581 ft: 2625 corp: 680/54Kb lim: 801 exec/s: 16055 rss: 653Mb L: 795/795 MS: 4 CMP-PersAutoDict-CopyPart-CopyPart- DE: "\377\375"-"\323\377\377\377"-
#562015	REDUCE cov: 581 ft: 2626 corp: 681/55Kb lim: 801 exec/s: 16057 rss: 653Mb L: 435/795 MS: 5 ChangeBinInt-InsertByte-ChangeByte-PersAutoDict-InsertRepeatedBytes- DE: "\377\377\377\377\377\377\377\377"-
#562131	REDUCE cov: 581 ft: 2627 corp: 682/56Kb lim: 801 exec/s: 16060 rss: 653Mb L: 764/795 MS: 1 CopyPart-
#562445	REDUCE cov: 581 ft: 2627 corp: 682/55Kb lim: 801 exec/s: 16069 rss: 653Mb L: 466/764 MS: 4 InsertByte-CrossOver-InsertRepeatedBytes-EraseBytes-
#562637	REDUCE cov: 581 ft: 2627 corp: 682/55Kb lim: 801 exec/s: 16075 rss: 653Mb L: 309/764 MS: 2 ChangeByte-EraseBytes-
#563608	REDUCE cov: 581 ft: 2627 corp: 682/55Kb lim: 810 exec/s: 16103 rss: 653Mb L: 13/764 MS: 1 EraseBytes-
#563654	REDUCE cov: 581 ft: 2627 corp: 682/55Kb lim: 810 exec/s: 16104 rss: 653Mb L: 312/764 MS: 1 EraseBytes-
#563960	REDUCE cov: 581 ft: 2627 corp: 682/55Kb lim: 810 exec/s: 16113 rss: 653Mb L: 71/764 MS: 1 EraseBytes-
#564071	REDUCE cov: 581 ft: 2627 corp: 682/55Kb lim: 810 exec/s: 16116 rss: 653Mb L: 13/764 MS: 1 EraseBytes-
#564142	REDUCE cov: 581 ft: 2627 corp: 682/55Kb lim: 810 exec/s: 16118 rss: 653Mb L: 32/764 MS: 1 EraseBytes-
#564481	REDUCE cov: 581 ft: 2627 corp: 682/55Kb lim: 810 exec/s: 16128 rss: 653Mb L: 99/764 MS: 4 PersAutoDict-ChangeByte-ChangeBit-EraseBytes- DE: "\376\377\000\000"-
#565320	REDUCE cov: 581 ft: 2627 corp: 682/55Kb lim: 810 exec/s: 15703 rss: 654Mb L: 680/764 MS: 4 InsertByte-ChangeByte-InsertRepeatedBytes-EraseBytes-
#565972	REDUCE cov: 581 ft: 2627 corp: 682/55Kb lim: 810 exec/s: 15721 rss: 654Mb L: 611/764 MS: 2 ShuffleBytes-EraseBytes-
#566449	REDUCE cov: 581 ft: 2627 corp: 682/55Kb lim: 810 exec/s: 15734 rss: 654Mb L: 23/764 MS: 2 ChangeByte-EraseBytes-
#567144	REDUCE cov: 581 ft: 2627 corp: 682/55Kb lim: 810 exec/s: 15754 rss: 654Mb L: 723/764 MS: 5 CopyPart-ChangeBinInt-InsertByte-CrossOver-EraseBytes-
#567475	REDUCE cov: 581 ft: 2627 corp: 682/55Kb lim: 810 exec/s: 15763 rss: 654Mb L: 429/764 MS: 1 EraseBytes-
#567916	REDUCE cov: 581 ft: 2627 corp: 682/55Kb lim: 810 exec/s: 15775 rss: 654Mb L: 27/764 MS: 1 EraseBytes-
#567987	REDUCE cov: 581 ft: 2627 corp: 682/55Kb lim: 810 exec/s: 15777 rss: 654Mb L: 23/764 MS: 1 EraseBytes-
#568873	REDUCE cov: 581 ft: 2627 corp: 682/55Kb lim: 810 exec/s: 15802 rss: 654Mb L: 25/764 MS: 1 EraseBytes-
#569104	REDUCE cov: 581 ft: 2627 corp: 682/55Kb lim: 810 exec/s: 15808 rss: 654Mb L: 205/764 MS: 1 EraseBytes-
#569130	REDUCE cov: 581 ft: 2627 corp: 682/55Kb lim: 810 exec/s: 15809 rss: 654Mb L: 13/764 MS: 1 EraseBytes-
#569216	REDUCE cov: 581 ft: 2627 corp: 682/55Kb lim: 810 exec/s: 15811 rss: 654Mb L: 6/764 MS: 1 EraseBytes-
#569222	REDUCE cov: 581 ft: 2627 corp: 682/55Kb lim: 810 exec/s: 15811 rss: 654Mb L: 273/764 MS: 1 EraseBytes-
#569433	REDUCE cov: 581 ft: 2627 corp: 682/55Kb lim: 810 exec/s: 15817 rss: 654Mb L: 419/764 MS: 1 EraseBytes-
#571149	REDUCE cov: 581 ft: 2627 corp: 682/55Kb lim: 819 exec/s: 15865 rss: 655Mb L: 269/764 MS: 1 EraseBytes-
#571346	REDUCE cov: 581 ft: 2627 corp: 682/55Kb lim: 819 exec/s: 15870 rss: 655Mb L: 11/764 MS: 2 ChangeBit-EraseBytes-
#571542	REDUCE cov: 581 ft: 2627 corp: 682/55Kb lim: 819 exec/s: 15876 rss: 655Mb L: 8/764 MS: 1 EraseBytes-
#571546	REDUCE cov: 581 ft: 2627 corp: 682/55Kb lim: 819 exec/s: 15876 rss: 655Mb L: 191/764 MS: 4 ChangeByte-ChangeBit-ChangeBit-EraseBytes-
#571887	REDUCE cov: 581 ft: 2627 corp: 682/55Kb lim: 819 exec/s: 15885 rss: 655Mb L: 32/764 MS: 1 EraseBytes-
#572134	REDUCE cov: 581 ft: 2627 corp: 682/55Kb lim: 819 exec/s: 15892 rss: 655Mb L: 372/764 MS: 2 ChangeBinInt-EraseBytes-
#572385	REDUCE cov: 581 ft: 2627 corp: 682/55Kb lim: 819 exec/s: 15899 rss: 655Mb L: 121/764 MS: 1 EraseBytes-
#572536	REDUCE cov: 581 ft: 2627 corp: 682/55Kb lim: 819 exec/s: 15903 rss: 655Mb L: 15/764 MS: 1 EraseBytes-
#572591	REDUCE cov: 581 ft: 2629 corp: 683/56Kb lim: 819 exec/s: 15905 rss: 655Mb L: 671/764 MS: 5 ChangeBinInt-CopyPart-PersAutoDict-InsertByte-CopyPart- DE: "\0010"-
#572789	REDUCE cov: 581 ft: 2629 corp: 683/56Kb lim: 819 exec/s: 15910 rss: 655Mb L: 476/764 MS: 3 InsertByte-ChangeByte-EraseBytes-
#572800	REDUCE cov: 581 ft: 2629 corp: 683/56Kb lim: 819 exec/s: 15911 rss: 655Mb L: 30/764 MS: 1 EraseBytes-
#573115	REDUCE cov: 581 ft: 2629 corp: 683/56Kb lim: 819 exec/s: 15919 rss: 655Mb L: 118/764 MS: 5 InsertRepeatedBytes-CrossOver-ChangeASCIIInt-InsertRepeatedBytes-EraseBytes-
#573391	REDUCE cov: 581 ft: 2649 corp: 684/56Kb lim: 819 exec/s: 15927 rss: 655Mb L: 778/778 MS: 1 CopyPart-
#575273	REDUCE cov: 581 ft: 2649 corp: 684/56Kb lim: 837 exec/s: 15979 rss: 656Mb L: 35/778 MS: 2 ChangeASCIIInt-EraseBytes-
#575624	REDUCE cov: 581 ft: 2649 corp: 684/56Kb lim: 837 exec/s: 15989 rss: 656Mb L: 46/778 MS: 1 EraseBytes-
#575626	REDUCE cov: 581 ft: 2649 corp: 684/56Kb lim: 837 exec/s: 15989 rss: 656Mb L: 14/778 MS: 2 ChangeBit-EraseBytes-
#575738	REDUCE cov: 581 ft: 2649 corp: 684/56Kb lim: 837 exec/s: 15992 rss: 656Mb L: 21/778 MS: 2 ShuffleBytes-EraseBytes-
#575779	REDUCE cov: 581 ft: 2649 corp: 684/56Kb lim: 837 exec/s: 15993 rss: 656Mb L: 6/778 MS: 1 EraseBytes-
#576465	REDUCE cov: 581 ft: 2649 corp: 684/56Kb lim: 837 exec/s: 16012 rss: 656Mb L: 21/778 MS: 1 EraseBytes-
#576851	REDUCE cov: 581 ft: 2649 corp: 684/56Kb lim: 837 exec/s: 16023 rss: 656Mb L: 7/778 MS: 1 EraseBytes-
#576929	REDUCE cov: 581 ft: 2649 corp: 684/56Kb lim: 837 exec/s: 16025 rss: 656Mb L: 635/778 MS: 3 InsertByte-ChangeBit-EraseBytes-
#577391	REDUCE cov: 581 ft: 2649 corp: 684/56Kb lim: 837 exec/s: 16038 rss: 656Mb L: 10/778 MS: 2 ChangeBit-EraseBytes-
#577472	REDUCE cov: 581 ft: 2649 corp: 684/56Kb lim: 837 exec/s: 16040 rss: 656Mb L: 22/778 MS: 1 EraseBytes-
#577499	REDUCE cov: 581 ft: 2649 corp: 684/56Kb lim: 837 exec/s: 16041 rss: 656Mb L: 408/778 MS: 2 PersAutoDict-EraseBytes- DE: "t\000"-
#577696	REDUCE cov: 581 ft: 2649 corp: 684/56Kb lim: 837 exec/s: 16047 rss: 656Mb L: 571/778 MS: 2 CrossOver-EraseBytes-
#577929	REDUCE cov: 581 ft: 2650 corp: 685/57Kb lim: 837 exec/s: 16053 rss: 656Mb L: 766/778 MS: 3 ChangeBit-InsertByte-CopyPart-
#578085	REDUCE cov: 581 ft: 2651 corp: 686/58Kb lim: 837 exec/s: 15623 rss: 656Mb L: 734/778 MS: 1 CopyPart-
#579971	REDUCE cov: 581 ft: 2651 corp: 686/58Kb lim: 855 exec/s: 15674 rss: 657Mb L: 98/778 MS: 1 EraseBytes-
#580363	REDUCE cov: 581 ft: 2651 corp: 686/58Kb lim: 855 exec/s: 15685 rss: 657Mb L: 175/778 MS: 2 InsertByte-EraseBytes-
#580627	REDUCE cov: 581 ft: 2651 corp: 686/58Kb lim: 855 exec/s: 15692 rss: 657Mb L: 138/778 MS: 4 ChangeBit-ChangeByte-EraseBytes-InsertByte-
#581453	REDUCE cov: 581 ft: 2651 corp: 686/58Kb lim: 855 exec/s: 15714 rss: 657Mb L: 68/778 MS: 1 EraseBytes-
#581495	REDUCE cov: 581 ft: 2651 corp: 686/58Kb lim: 855 exec/s: 15716 rss: 657Mb L: 123/778 MS: 2 ChangeBinInt-EraseBytes-
#582343	REDUCE cov: 581 ft: 2651 corp: 686/58Kb lim: 855 exec/s: 15739 rss: 657Mb L: 344/778 MS: 3 EraseBytes-InsertByte-CopyPart-
#582500	REDUCE cov: 581 ft: 2651 corp: 686/58Kb lim: 855 exec/s: 15743 rss: 657Mb L: 57/778 MS: 2 ShuffleBytes-EraseBytes-
#582751	REDUCE cov: 581 ft: 2651 corp: 686/58Kb lim: 855 exec/s: 15750 rss: 657Mb L: 17/778 MS: 1 EraseBytes-
#582967	REDUCE cov: 581 ft: 2651 corp: 686/58Kb lim: 855 exec/s: 15755 rss: 657Mb L: 101/778 MS: 1 EraseBytes-
#582994	REDUCE cov: 581 ft: 2651 corp: 686/58Kb lim: 855 exec/s: 15756 rss: 657Mb L: 15/778 MS: 2 ChangeBit-EraseBytes-
#583158	REDUCE cov: 581 ft: 2651 corp: 686/58Kb lim: 855 exec/s: 15761 rss: 657Mb L: 174/778 MS: 4 CopyPart-ChangeASCIIInt-ChangeBit-EraseBytes-
#583389	REDUCE cov: 581 ft: 2651 corp: 686/58Kb lim: 855 exec/s: 15767 rss: 657Mb L: 30/778 MS: 1 EraseBytes-
#583483	REDUCE cov: 581 ft: 2651 corp: 686/58Kb lim: 855 exec/s: 15769 rss: 657Mb L: 623/778 MS: 4 PersAutoDict-ChangeByte-CopyPart-EraseBytes- DE: "\177\000\000\000\000\000\000\003"-
#583524	REDUCE cov: 581 ft: 2651 corp: 686/58Kb lim: 855 exec/s: 15770 rss: 657Mb L: 132/778 MS: 1 EraseBytes-
#583868	REDUCE cov: 581 ft: 2651 corp: 686/58Kb lim: 855 exec/s: 15780 rss: 657Mb L: 65/778 MS: 4 ChangeBit-ChangeBinInt-ChangeBit-EraseBytes-
#584229	REDUCE cov: 581 ft: 2651 corp: 686/58Kb lim: 855 exec/s: 15789 rss: 657Mb L: 39/778 MS: 1 EraseBytes-
#585918	REDUCE cov: 581 ft: 2651 corp: 686/58Kb lim: 864 exec/s: 15835 rss: 658Mb L: 421/778 MS: 4 ChangeBinInt-CopyPart-ChangeBit-EraseBytes-
#586659	REDUCE cov: 581 ft: 2651 corp: 686/58Kb lim: 864 exec/s: 15855 rss: 658Mb L: 11/778 MS: 1 EraseBytes-
#586750	NEW    cov: 581 ft: 2652 corp: 687/58Kb lim: 864 exec/s: 15858 rss: 658Mb L: 860/860 MS: 1 CopyPart-
#587351	REDUCE cov: 581 ft: 2652 corp: 687/58Kb lim: 864 exec/s: 15874 rss: 658Mb L: 45/860 MS: 1 EraseBytes-
#587404	REDUCE cov: 581 ft: 2652 corp: 687/58Kb lim: 864 exec/s: 15875 rss: 658Mb L: 7/860 MS: 3 InsertByte-InsertByte-EraseBytes-
#587601	REDUCE cov: 581 ft: 2652 corp: 687/58Kb lim: 864 exec/s: 15881 rss: 658Mb L: 166/860 MS: 2 EraseBytes-CopyPart-
#589100	NEW    cov: 581 ft: 2653 corp: 688/59Kb lim: 873 exec/s: 15921 rss: 659Mb L: 839/860 MS: 4 ChangeBit-CopyPart-CMP-CopyPart- DE: "\377\377\377\377\377\377\377\377"-
#590336	REDUCE cov: 581 ft: 2653 corp: 688/59Kb lim: 882 exec/s: 15955 rss: 661Mb L: 6/860 MS: 1 EraseBytes-
#590708	REDUCE cov: 581 ft: 2653 corp: 688/59Kb lim: 882 exec/s: 15965 rss: 661Mb L: 768/860 MS: 2 ShuffleBytes-EraseBytes-
#590760	REDUCE cov: 581 ft: 2653 corp: 688/59Kb lim: 882 exec/s: 15966 rss: 661Mb L: 22/860 MS: 2 InsertByte-EraseBytes-
#590768	REDUCE cov: 581 ft: 2653 corp: 688/59Kb lim: 882 exec/s: 15966 rss: 661Mb L: 566/860 MS: 3 ChangeBit-InsertByte-EraseBytes-
#591164	REDUCE cov: 581 ft: 2653 corp: 688/59Kb lim: 882 exec/s: 15977 rss: 661Mb L: 118/860 MS: 1 EraseBytes-
#591897	REDUCE cov: 581 ft: 2653 corp: 688/59Kb lim: 882 exec/s: 15576 rss: 661Mb L: 683/860 MS: 3 InsertByte-EraseBytes-InsertByte-
#593179	REDUCE cov: 581 ft: 2653 corp: 688/59Kb lim: 891 exec/s: 15609 rss: 662Mb L: 16/860 MS: 2 ChangeByte-EraseBytes-
#593466	REDUCE cov: 581 ft: 2653 corp: 688/59Kb lim: 891 exec/s: 15617 rss: 662Mb L: 31/860 MS: 2 CopyPart-EraseBytes-
#593504	REDUCE cov: 581 ft: 2653 corp: 688/59Kb lim: 891 exec/s: 15618 rss: 662Mb L: 456/860 MS: 3 ChangeByte-PersAutoDict-EraseBytes- DE: "\0010"-
#593628	REDUCE cov: 581 ft: 2653 corp: 688/59Kb lim: 891 exec/s: 15621 rss: 662Mb L: 39/860 MS: 4 InsertByte-EraseBytes-InsertByte-CMP- DE: "\377\377\377\177"-
#593669	REDUCE cov: 581 ft: 2653 corp: 688/59Kb lim: 891 exec/s: 15622 rss: 662Mb L: 14/860 MS: 1 EraseBytes-
#594390	REDUCE cov: 581 ft: 2653 corp: 688/59Kb lim: 891 exec/s: 15641 rss: 664Mb L: 71/860 MS: 1 EraseBytes-
#595261	REDUCE cov: 581 ft: 2653 corp: 688/59Kb lim: 891 exec/s: 15664 rss: 664Mb L: 25/860 MS: 1 EraseBytes-
#595297	REDUCE cov: 581 ft: 2653 corp: 688/59Kb lim: 891 exec/s: 15665 rss: 664Mb L: 68/860 MS: 1 EraseBytes-
#595644	REDUCE cov: 581 ft: 2653 corp: 688/59Kb lim: 891 exec/s: 15674 rss: 664Mb L: 127/860 MS: 2 InsertByte-EraseBytes-
#595736	REDUCE cov: 581 ft: 2653 corp: 688/59Kb lim: 891 exec/s: 15677 rss: 664Mb L: 11/860 MS: 2 ChangeByte-EraseBytes-
#595967	REDUCE cov: 581 ft: 2653 corp: 688/59Kb lim: 891 exec/s: 15683 rss: 664Mb L: 487/860 MS: 1 EraseBytes-
#596273	REDUCE cov: 581 ft: 2653 corp: 688/59Kb lim: 891 exec/s: 15691 rss: 664Mb L: 12/860 MS: 1 EraseBytes-
#596535	REDUCE cov: 581 ft: 2653 corp: 688/59Kb lim: 891 exec/s: 15698 rss: 664Mb L: 368/860 MS: 2 InsertByte-EraseBytes-
#596662	REDUCE cov: 581 ft: 2653 corp: 688/59Kb lim: 891 exec/s: 15701 rss: 664Mb L: 216/860 MS: 2 CopyPart-EraseBytes-
#596933	REDUCE cov: 581 ft: 2653 corp: 688/59Kb lim: 891 exec/s: 15708 rss: 664Mb L: 77/860 MS: 1 EraseBytes-
#597109	REDUCE cov: 581 ft: 2653 corp: 688/59Kb lim: 891 exec/s: 15713 rss: 664Mb L: 12/860 MS: 1 EraseBytes-
#597446	REDUCE cov: 581 ft: 2653 corp: 688/59Kb lim: 891 exec/s: 15722 rss: 665Mb L: 6/860 MS: 2 ChangeBinInt-EraseBytes-
#597662	REDUCE cov: 581 ft: 2653 corp: 688/59Kb lim: 891 exec/s: 15727 rss: 665Mb L: 280/860 MS: 1 EraseBytes-
#597934	REDUCE cov: 581 ft: 2653 corp: 688/59Kb lim: 891 exec/s: 15735 rss: 665Mb L: 70/860 MS: 2 PersAutoDict-EraseBytes- DE: "\377["-
#597970	REDUCE cov: 581 ft: 2653 corp: 688/59Kb lim: 891 exec/s: 15736 rss: 665Mb L: 267/860 MS: 1 EraseBytes-
#598242	REDUCE cov: 581 ft: 2653 corp: 688/59Kb lim: 891 exec/s: 15743 rss: 665Mb L: 74/860 MS: 2 EraseBytes-CopyPart-
#598583	REDUCE cov: 581 ft: 2653 corp: 688/59Kb lim: 891 exec/s: 15752 rss: 666Mb L: 79/860 MS: 1 EraseBytes-
#599300	REDUCE cov: 581 ft: 2653 corp: 688/59Kb lim: 891 exec/s: 15771 rss: 666Mb L: 96/860 MS: 2 ChangeByte-EraseBytes-
#600571	REDUCE cov: 581 ft: 2653 corp: 688/59Kb lim: 900 exec/s: 15804 rss: 666Mb L: 65/860 MS: 1 EraseBytes-
#601832	REDUCE cov: 581 ft: 2653 corp: 688/59Kb lim: 909 exec/s: 15837 rss: 666Mb L: 172/860 MS: 1 CrossOver-
#603008	REDUCE cov: 581 ft: 2653 corp: 688/59Kb lim: 918 exec/s: 15868 rss: 667Mb L: 33/860 MS: 1 EraseBytes-
#603424	REDUCE cov: 581 ft: 2653 corp: 688/59Kb lim: 918 exec/s: 15879 rss: 668Mb L: 19/860 MS: 1 EraseBytes-
#603590	REDUCE cov: 581 ft: 2653 corp: 688/59Kb lim: 918 exec/s: 15883 rss: 668Mb L: 26/860 MS: 1 EraseBytes-
#603814	REDUCE cov: 581 ft: 2653 corp: 688/59Kb lim: 918 exec/s: 15889 rss: 668Mb L: 272/860 MS: 4 CopyPart-ChangeBinInt-ChangeBinInt-EraseBytes-
#604490	REDUCE cov: 581 ft: 2653 corp: 688/59Kb lim: 918 exec/s: 15907 rss: 668Mb L: 32/860 MS: 1 EraseBytes-
#605081	REDUCE cov: 581 ft: 2653 corp: 688/59Kb lim: 918 exec/s: 15514 rss: 668Mb L: 7/860 MS: 1 EraseBytes-
#605467	REDUCE cov: 581 ft: 2653 corp: 688/59Kb lim: 918 exec/s: 15524 rss: 668Mb L: 15/860 MS: 1 EraseBytes-
#606134	REDUCE cov: 581 ft: 2653 corp: 688/59Kb lim: 918 exec/s: 15541 rss: 668Mb L: 17/860 MS: 2 EraseBytes-PersAutoDict- DE: "\201\000\000\000\000\000\000\000"-
#606190	REDUCE cov: 581 ft: 2653 corp: 688/59Kb lim: 918 exec/s: 15543 rss: 668Mb L: 130/860 MS: 1 EraseBytes-
#606333	REDUCE cov: 581 ft: 2654 corp: 689/60Kb lim: 918 exec/s: 15547 rss: 668Mb L: 895/895 MS: 3 ChangeByte-PersAutoDict-CopyPart- DE: "\200\000\000\000\000\000\000\000"-
#606780	REDUCE cov: 581 ft: 2654 corp: 689/60Kb lim: 918 exec/s: 15558 rss: 668Mb L: 37/895 MS: 2 ShuffleBytes-EraseBytes-
#607687	REDUCE cov: 581 ft: 2654 corp: 689/60Kb lim: 927 exec/s: 15581 rss: 669Mb L: 7/895 MS: 2 ChangeBinInt-EraseBytes-
#608173	REDUCE cov: 581 ft: 2654 corp: 689/60Kb lim: 927 exec/s: 15594 rss: 671Mb L: 25/895 MS: 1 EraseBytes-
#610268	REDUCE cov: 581 ft: 2654 corp: 689/60Kb lim: 945 exec/s: 15647 rss: 671Mb L: 507/895 MS: 5 ChangeASCIIInt-ShuffleBytes-CMP-ChangeBinInt-EraseBytes- DE: "0\000"-
#610387	REDUCE cov: 581 ft: 2654 corp: 689/60Kb lim: 945 exec/s: 15650 rss: 671Mb L: 18/895 MS: 4 ChangeByte-ChangeBit-ShuffleBytes-EraseBytes-
#610840	NEW    cov: 581 ft: 2655 corp: 690/61Kb lim: 945 exec/s: 15662 rss: 671Mb L: 899/899 MS: 3 PersAutoDict-PersAutoDict-CopyPart- DE: "\000\000\000\010"-"t\000"-
#610879	REDUCE cov: 581 ft: 2655 corp: 690/61Kb lim: 945 exec/s: 15663 rss: 671Mb L: 888/899 MS: 4 CopyPart-ChangeASCIIInt-ChangeBinInt-EraseBytes-
#611305	REDUCE cov: 581 ft: 2655 corp: 690/61Kb lim: 945 exec/s: 15674 rss: 671Mb L: 6/899 MS: 1 EraseBytes-
#611869	REDUCE cov: 581 ft: 2655 corp: 690/61Kb lim: 945 exec/s: 15688 rss: 672Mb L: 20/899 MS: 4 PersAutoDict-ChangeBit-ShuffleBytes-EraseBytes- DE: "\373\377\000\000"-
#612058	REDUCE cov: 581 ft: 2657 corp: 691/62Kb lim: 945 exec/s: 15693 rss: 672Mb L: 864/899 MS: 4 InsertRepeatedBytes-PersAutoDict-CopyPart-CopyPart- DE: "\012\000\000\000\000\000\000\000"-
#612130	REDUCE cov: 581 ft: 2660 corp: 692/62Kb lim: 945 exec/s: 15695 rss: 672Mb L: 647/899 MS: 2 ChangeBit-CopyPart-
#612176	NEW    cov: 581 ft: 2661 corp: 693/63Kb lim: 945 exec/s: 15696 rss: 672Mb L: 647/899 MS: 1 CopyPart-
#613755	REDUCE cov: 581 ft: 2661 corp: 693/63Kb lim: 954 exec/s: 15737 rss: 673Mb L: 5/899 MS: 4 ChangeByte-InsertByte-ShuffleBytes-EraseBytes-
#614178	REDUCE cov: 581 ft: 2661 corp: 693/63Kb lim: 954 exec/s: 15748 rss: 673Mb L: 17/899 MS: 3 CrossOver-ChangeByte-EraseBytes-
#614493	REDUCE cov: 581 ft: 2661 corp: 693/63Kb lim: 954 exec/s: 15756 rss: 673Mb L: 352/899 MS: 5 ShuffleBytes-PersAutoDict-CopyPart-ChangeByte-EraseBytes- DE: "\031\000"-
#614572	REDUCE cov: 581 ft: 2661 corp: 693/63Kb lim: 954 exec/s: 15758 rss: 673Mb L: 848/899 MS: 4 EraseBytes-InsertRepeatedBytes-ChangeByte-CopyPart-
#614621	REDUCE cov: 581 ft: 2661 corp: 693/63Kb lim: 954 exec/s: 15759 rss: 673Mb L: 150/899 MS: 4 ChangeBinInt-ShuffleBytes-CopyPart-EraseBytes-
#614847	REDUCE cov: 581 ft: 2661 corp: 693/63Kb lim: 954 exec/s: 15765 rss: 673Mb L: 10/899 MS: 1 EraseBytes-
#615134	REDUCE cov: 581 ft: 2661 corp: 693/63Kb lim: 954 exec/s: 15772 rss: 674Mb L: 21/899 MS: 2 InsertByte-EraseBytes-
#615202	REDUCE cov: 581 ft: 2661 corp: 693/63Kb lim: 954 exec/s: 15774 rss: 674Mb L: 121/899 MS: 3 PersAutoDict-ChangeByte-EraseBytes- DE: "(\000"-
#615870	REDUCE cov: 581 ft: 2661 corp: 693/63Kb lim: 954 exec/s: 15791 rss: 674Mb L: 16/899 MS: 3 CopyPart-InsertByte-EraseBytes-
#616196	REDUCE cov: 581 ft: 2661 corp: 693/63Kb lim: 954 exec/s: 15799 rss: 674Mb L: 102/899 MS: 1 EraseBytes-
#617083	NEW    cov: 581 ft: 2663 corp: 694/63Kb lim: 954 exec/s: 15822 rss: 674Mb L: 736/899 MS: 2 CrossOver-InsertByte-
#617800	REDUCE cov: 581 ft: 2666 corp: 695/64Kb lim: 954 exec/s: 15445 rss: 674Mb L: 924/924 MS: 2 ChangeByte-CopyPart-
#617891	REDUCE cov: 581 ft: 2666 corp: 695/64Kb lim: 954 exec/s: 15447 rss: 674Mb L: 13/924 MS: 1 EraseBytes-
#618442	REDUCE cov: 581 ft: 2666 corp: 695/64Kb lim: 954 exec/s: 15461 rss: 674Mb L: 4/924 MS: 1 EraseBytes-
#618890	NEW    cov: 581 ft: 2670 corp: 696/65Kb lim: 954 exec/s: 15472 rss: 674Mb L: 951/951 MS: 3 CrossOver-InsertRepeatedBytes-CrossOver-
#619234	REDUCE cov: 581 ft: 2672 corp: 697/66Kb lim: 954 exec/s: 15480 rss: 674Mb L: 886/951 MS: 4 CrossOver-ChangeBinInt-CopyPart-CrossOver-
#619785	REDUCE cov: 581 ft: 2672 corp: 697/66Kb lim: 954 exec/s: 15494 rss: 674Mb L: 54/951 MS: 1 EraseBytes-
#620838	REDUCE cov: 581 ft: 2672 corp: 697/66Kb lim: 963 exec/s: 15520 rss: 675Mb L: 17/951 MS: 3 ShuffleBytes-EraseBytes-ChangeBinInt-
#621075	REDUCE cov: 581 ft: 2672 corp: 697/66Kb lim: 963 exec/s: 15526 rss: 675Mb L: 40/951 MS: 2 ShuffleBytes-EraseBytes-
#621631	REDUCE cov: 581 ft: 2672 corp: 697/66Kb lim: 963 exec/s: 15540 rss: 675Mb L: 91/951 MS: 1 EraseBytes-
#621697	REDUCE cov: 581 ft: 2672 corp: 697/66Kb lim: 963 exec/s: 15542 rss: 675Mb L: 37/951 MS: 1 EraseBytes-
#621884	REDUCE cov: 581 ft: 2672 corp: 697/66Kb lim: 963 exec/s: 15547 rss: 675Mb L: 10/951 MS: 2 ChangeBit-EraseBytes-
#622372	REDUCE cov: 581 ft: 2672 corp: 697/66Kb lim: 963 exec/s: 15559 rss: 675Mb L: 9/951 MS: 3 ChangeByte-CopyPart-EraseBytes-
#622963	REDUCE cov: 581 ft: 2672 corp: 697/66Kb lim: 963 exec/s: 15574 rss: 675Mb L: 275/951 MS: 1 EraseBytes-
#623869	REDUCE cov: 581 ft: 2672 corp: 697/66Kb lim: 972 exec/s: 15596 rss: 675Mb L: 64/951 MS: 1 EraseBytes-
#624432	REDUCE cov: 581 ft: 2672 corp: 697/66Kb lim: 972 exec/s: 15610 rss: 675Mb L: 726/951 MS: 3 InsertRepeatedBytes-EraseBytes-PersAutoDict- DE: "\000\032"-
#624440	REDUCE cov: 581 ft: 2672 corp: 697/66Kb lim: 972 exec/s: 15611 rss: 675Mb L: 646/951 MS: 3 ChangeBinInt-ShuffleBytes-EraseBytes-
#625351	REDUCE cov: 581 ft: 2672 corp: 697/66Kb lim: 981 exec/s: 15633 rss: 675Mb L: 18/951 MS: 1 EraseBytes-
#625910	REDUCE cov: 581 ft: 2672 corp: 697/66Kb lim: 981 exec/s: 15647 rss: 676Mb L: 830/951 MS: 4 CrossOver-ShuffleBytes-ChangeByte-EraseBytes-
#627619	REDUCE cov: 581 ft: 2673 corp: 698/67Kb lim: 990 exec/s: 15690 rss: 676Mb L: 989/989 MS: 4 InsertByte-InsertRepeatedBytes-InsertByte-CopyPart-
#627660	REDUCE cov: 581 ft: 2673 corp: 698/67Kb lim: 990 exec/s: 15691 rss: 676Mb L: 31/989 MS: 1 EraseBytes-
#628326	REDUCE cov: 581 ft: 2673 corp: 698/67Kb lim: 990 exec/s: 15708 rss: 676Mb L: 69/989 MS: 1 EraseBytes-
#628392	REDUCE cov: 581 ft: 2673 corp: 698/67Kb lim: 990 exec/s: 15709 rss: 676Mb L: 357/989 MS: 1 EraseBytes-
#628845	REDUCE cov: 581 ft: 2673 corp: 698/67Kb lim: 990 exec/s: 15721 rss: 676Mb L: 808/989 MS: 3 ChangeBit-PersAutoDict-EraseBytes- DE: "\0010"-
#628971	REDUCE cov: 581 ft: 2673 corp: 698/67Kb lim: 990 exec/s: 15724 rss: 676Mb L: 399/989 MS: 1 CrossOver-
#629017	REDUCE cov: 581 ft: 2673 corp: 698/67Kb lim: 990 exec/s: 15725 rss: 676Mb L: 47/989 MS: 1 EraseBytes-
#629796	REDUCE cov: 581 ft: 2673 corp: 698/67Kb lim: 990 exec/s: 15744 rss: 676Mb L: 30/989 MS: 4 ChangeByte-ShuffleBytes-ChangeByte-EraseBytes-
#629982	REDUCE cov: 581 ft: 2673 corp: 698/67Kb lim: 990 exec/s: 15749 rss: 676Mb L: 113/989 MS: 1 EraseBytes-
#630642	REDUCE cov: 581 ft: 2673 corp: 698/67Kb lim: 990 exec/s: 15381 rss: 677Mb L: 160/989 MS: 5 PersAutoDict-EraseBytes-ChangeBinInt-CopyPart-CopyPart- DE: "\001h"-
#631158	REDUCE cov: 581 ft: 2673 corp: 698/67Kb lim: 990 exec/s: 15394 rss: 677Mb L: 411/989 MS: 1 EraseBytes-
#631379	REDUCE cov: 581 ft: 2673 corp: 698/67Kb lim: 990 exec/s: 15399 rss: 677Mb L: 141/989 MS: 1 EraseBytes-
#631528	REDUCE cov: 581 ft: 2673 corp: 698/67Kb lim: 990 exec/s: 15403 rss: 677Mb L: 788/989 MS: 4 InsertByte-CopyPart-CMP-EraseBytes- DE: "\377\377\377\377\377\377\377\377"-
#631686	REDUCE cov: 581 ft: 2673 corp: 698/67Kb lim: 990 exec/s: 15406 rss: 677Mb L: 21/989 MS: 3 CopyPart-InsertByte-EraseBytes-
#632535	REDUCE cov: 581 ft: 2673 corp: 698/67Kb lim: 990 exec/s: 15427 rss: 677Mb L: 96/989 MS: 4 CopyPart-ChangeByte-ChangeBinInt-EraseBytes-
#632746	REDUCE cov: 581 ft: 2673 corp: 698/67Kb lim: 990 exec/s: 15432 rss: 677Mb L: 16/989 MS: 1 EraseBytes-
#633388	REDUCE cov: 581 ft: 2673 corp: 698/67Kb lim: 990 exec/s: 15448 rss: 677Mb L: 26/989 MS: 2 ChangeByte-EraseBytes-
#633909	REDUCE cov: 581 ft: 2673 corp: 698/67Kb lim: 990 exec/s: 15461 rss: 677Mb L: 12/989 MS: 1 EraseBytes-
#634205	REDUCE cov: 581 ft: 2673 corp: 698/67Kb lim: 990 exec/s: 15468 rss: 677Mb L: 161/989 MS: 1 EraseBytes-
#635421	REDUCE cov: 581 ft: 2673 corp: 698/67Kb lim: 999 exec/s: 15498 rss: 678Mb L: 45/989 MS: 1 EraseBytes-
#635499	REDUCE cov: 581 ft: 2673 corp: 698/67Kb lim: 999 exec/s: 15499 rss: 678Mb L: 757/989 MS: 3 ChangeBinInt-InsertByte-EraseBytes-
#635801	REDUCE cov: 581 ft: 2673 corp: 698/67Kb lim: 999 exec/s: 15507 rss: 678Mb L: 30/989 MS: 2 ShuffleBytes-EraseBytes-
#636584	REDUCE cov: 581 ft: 2673 corp: 698/67Kb lim: 999 exec/s: 15526 rss: 678Mb L: 38/989 MS: 3 ChangeASCIIInt-CrossOver-EraseBytes-
#636751	REDUCE cov: 581 ft: 2673 corp: 698/67Kb lim: 999 exec/s: 15530 rss: 678Mb L: 59/989 MS: 2 CopyPart-EraseBytes-
#637270	REDUCE cov: 581 ft: 2674 corp: 699/68Kb lim: 999 exec/s: 15543 rss: 678Mb L: 868/989 MS: 4 EraseBytes-CrossOver-ChangeByte-ChangeBinInt-
#637624	REDUCE cov: 581 ft: 2674 corp: 699/68Kb lim: 999 exec/s: 15551 rss: 678Mb L: 879/989 MS: 4 PersAutoDict-CrossOver-ChangeBinInt-EraseBytes- DE: "'\000"-
#637751	REDUCE cov: 581 ft: 2674 corp: 699/67Kb lim: 999 exec/s: 15554 rss: 678Mb L: 544/989 MS: 2 PersAutoDict-EraseBytes- DE: "\001\200"-
#638397	REDUCE cov: 581 ft: 2674 corp: 699/67Kb lim: 999 exec/s: 15570 rss: 678Mb L: 15/989 MS: 1 EraseBytes-
#638998	REDUCE cov: 581 ft: 2674 corp: 699/67Kb lim: 999 exec/s: 15585 rss: 678Mb L: 57/989 MS: 1 EraseBytes-
#639236	REDUCE cov: 581 ft: 2674 corp: 699/67Kb lim: 999 exec/s: 15591 rss: 679Mb L: 168/989 MS: 3 PersAutoDict-PersAutoDict-EraseBytes- DE: "\377\242"-"\177\000\000\000\000\000\000\003"-
#639975	REDUCE cov: 581 ft: 2674 corp: 699/67Kb lim: 999 exec/s: 15609 rss: 679Mb L: 816/989 MS: 4 EraseBytes-ChangeBit-ChangeASCIIInt-CopyPart-
#640556	REDUCE cov: 581 ft: 2674 corp: 699/67Kb lim: 999 exec/s: 15623 rss: 679Mb L: 49/989 MS: 1 EraseBytes-
#640827	REDUCE cov: 581 ft: 2674 corp: 699/67Kb lim: 999 exec/s: 15629 rss: 679Mb L: 76/989 MS: 1 EraseBytes-
#641465	REDUCE cov: 581 ft: 2674 corp: 699/67Kb lim: 999 exec/s: 15645 rss: 679Mb L: 6/989 MS: 3 ChangeBinInt-ChangeBinInt-EraseBytes-
#641537	REDUCE cov: 581 ft: 2674 corp: 699/67Kb lim: 999 exec/s: 15647 rss: 679Mb L: 481/989 MS: 2 ChangeBinInt-EraseBytes-
#641651	REDUCE cov: 581 ft: 2674 corp: 699/67Kb lim: 999 exec/s: 15650 rss: 679Mb L: 424/989 MS: 4 CopyPart-ChangeBit-ShuffleBytes-EraseBytes-
#642959	REDUCE cov: 581 ft: 2674 corp: 699/67Kb lim: 1008 exec/s: 15681 rss: 679Mb L: 10/989 MS: 3 ChangeByte-ChangeByte-EraseBytes-
#643075	REDUCE cov: 581 ft: 2674 corp: 699/67Kb lim: 1008 exec/s: 15684 rss: 679Mb L: 32/989 MS: 1 EraseBytes-
#643282	REDUCE cov: 581 ft: 2675 corp: 700/68Kb lim: 1008 exec/s: 15316 rss: 679Mb L: 992/992 MS: 2 ShuffleBytes-CopyPart-
#644074	REDUCE cov: 581 ft: 2675 corp: 700/68Kb lim: 1008 exec/s: 15335 rss: 679Mb L: 344/992 MS: 2 ChangeByte-EraseBytes-
#644124	REDUCE cov: 581 ft: 2676 corp: 701/69Kb lim: 1008 exec/s: 15336 rss: 679Mb L: 466/992 MS: 5 CrossOver-PersAutoDict-CrossOver-InsertRepeatedBytes-CopyPart- DE: "X\026\000\000"-
#644192	REDUCE cov: 581 ft: 2676 corp: 701/69Kb lim: 1008 exec/s: 15337 rss: 679Mb L: 17/992 MS: 3 ChangeBit-PersAutoDict-EraseBytes- DE: "\205\000"-
#644584	REDUCE cov: 581 ft: 2676 corp: 701/69Kb lim: 1008 exec/s: 15347 rss: 679Mb L: 12/992 MS: 2 PersAutoDict-EraseBytes- DE: "\013\000\000\000\000\000\000\000"-
#644681	REDUCE cov: 581 ft: 2676 corp: 701/69Kb lim: 1008 exec/s: 15349 rss: 679Mb L: 10/992 MS: 2 CopyPart-EraseBytes-
#645373	REDUCE cov: 581 ft: 2676 corp: 701/69Kb lim: 1008 exec/s: 15366 rss: 679Mb L: 39/992 MS: 2 InsertByte-EraseBytes-
#645415	NEW    cov: 581 ft: 2677 corp: 702/69Kb lim: 1008 exec/s: 15367 rss: 679Mb L: 687/992 MS: 2 ChangeBit-CopyPart-
#645556	REDUCE cov: 581 ft: 2677 corp: 702/69Kb lim: 1008 exec/s: 15370 rss: 679Mb L: 8/992 MS: 1 EraseBytes-
#647277	REDUCE cov: 581 ft: 2677 corp: 702/69Kb lim: 1017 exec/s: 15411 rss: 680Mb L: 16/992 MS: 1 EraseBytes-
#648258	REDUCE cov: 581 ft: 2677 corp: 702/69Kb lim: 1026 exec/s: 15434 rss: 680Mb L: 11/992 MS: 1 EraseBytes-
#648781	REDUCE cov: 581 ft: 2677 corp: 702/69Kb lim: 1026 exec/s: 15447 rss: 680Mb L: 55/992 MS: 3 PersAutoDict-ChangeASCIIInt-EraseBytes- DE: "]\000"-
#649269	REDUCE cov: 581 ft: 2677 corp: 702/69Kb lim: 1026 exec/s: 15458 rss: 680Mb L: 66/992 MS: 3 CopyPart-PersAutoDict-EraseBytes- DE: "\001\000\377\375"-
#649430	REDUCE cov: 581 ft: 2677 corp: 702/69Kb lim: 1026 exec/s: 15462 rss: 680Mb L: 25/992 MS: 1 EraseBytes-
#649709	REDUCE cov: 581 ft: 2678 corp: 703/70Kb lim: 1026 exec/s: 15469 rss: 680Mb L: 361/992 MS: 4 ChangeBit-CopyPart-ChangeBit-CopyPart-
#649845	REDUCE cov: 581 ft: 2678 corp: 703/70Kb lim: 1026 exec/s: 15472 rss: 680Mb L: 106/992 MS: 1 EraseBytes-
#649911	REDUCE cov: 581 ft: 2678 corp: 703/70Kb lim: 1026 exec/s: 15474 rss: 680Mb L: 504/992 MS: 1 CrossOver-
#650113	REDUCE cov: 581 ft: 2678 corp: 703/70Kb lim: 1026 exec/s: 15478 rss: 680Mb L: 27/992 MS: 2 CopyPart-EraseBytes-
#650244	REDUCE cov: 581 ft: 2678 corp: 703/70Kb lim: 1026 exec/s: 15482 rss: 680Mb L: 37/992 MS: 1 EraseBytes-
#650845	REDUCE cov: 581 ft: 2678 corp: 703/70Kb lim: 1026 exec/s: 15496 rss: 680Mb L: 5/992 MS: 1 EraseBytes-
#652236	NEW    cov: 581 ft: 2681 corp: 704/71Kb lim: 1036 exec/s: 15529 rss: 682Mb L: 1029/1029 MS: 1 CopyPart-
#652247	REDUCE cov: 581 ft: 2681 corp: 704/71Kb lim: 1036 exec/s: 15529 rss: 682Mb L: 56/1029 MS: 1 EraseBytes-
#653174	REDUCE cov: 581 ft: 2681 corp: 704/71Kb lim: 1036 exec/s: 15551 rss: 682Mb L: 56/1029 MS: 2 ShuffleBytes-EraseBytes-
#653973	REDUCE cov: 581 ft: 2682 corp: 705/71Kb lim: 1036 exec/s: 15570 rss: 682Mb L: 335/1029 MS: 4 InsertByte-PersAutoDict-InsertRepeatedBytes-CopyPart- DE: "t\000"-
#654350	REDUCE cov: 581 ft: 2682 corp: 705/71Kb lim: 1036 exec/s: 15579 rss: 682Mb L: 19/1029 MS: 2 CopyPart-EraseBytes-
#654443	REDUCE cov: 581 ft: 2682 corp: 705/71Kb lim: 1036 exec/s: 15581 rss: 682Mb L: 982/1029 MS: 3 ChangeByte-ChangeASCIIInt-EraseBytes-
#654537	REDUCE cov: 581 ft: 2685 corp: 706/71Kb lim: 1036 exec/s: 15584 rss: 682Mb L: 398/1029 MS: 4 PersAutoDict-EraseBytes-CrossOver-CopyPart- DE: "\204\000"-
#654676	REDUCE cov: 581 ft: 2685 corp: 706/71Kb lim: 1036 exec/s: 15587 rss: 682Mb L: 673/1029 MS: 4 InsertByte-ChangeASCIIInt-ChangeBinInt-EraseBytes-
#655324	REDUCE cov: 581 ft: 2685 corp: 706/71Kb lim: 1036 exec/s: 15602 rss: 682Mb L: 463/1029 MS: 3 ShuffleBytes-ChangeASCIIInt-EraseBytes-
#655510	REDUCE cov: 581 ft: 2685 corp: 706/71Kb lim: 1036 exec/s: 15607 rss: 682Mb L: 13/1029 MS: 1 EraseBytes-
#655627	REDUCE cov: 581 ft: 2685 corp: 706/71Kb lim: 1036 exec/s: 15610 rss: 682Mb L: 314/1029 MS: 2 ChangeBit-EraseBytes-
#656136	REDUCE cov: 581 ft: 2685 corp: 706/71Kb lim: 1036 exec/s: 15258 rss: 682Mb L: 551/1029 MS: 4 ChangeByte-ChangeByte-ChangeBit-EraseBytes-
#656358	REDUCE cov: 581 ft: 2685 corp: 706/71Kb lim: 1036 exec/s: 15264 rss: 682Mb L: 224/1029 MS: 2 ChangeByte-EraseBytes-
#657234	REDUCE cov: 581 ft: 2685 corp: 706/71Kb lim: 1036 exec/s: 15284 rss: 682Mb L: 51/1029 MS: 1 EraseBytes-
#657683	REDUCE cov: 581 ft: 2687 corp: 707/72Kb lim: 1036 exec/s: 15294 rss: 682Mb L: 952/1029 MS: 4 ShuffleBytes-ChangeBit-PersAutoDict-CopyPart- DE: "\000\000\000\000\000\000\000\000"-
#658894	REDUCE cov: 581 ft: 2687 corp: 707/72Kb lim: 1046 exec/s: 15323 rss: 682Mb L: 67/1029 MS: 1 EraseBytes-
#659432	REDUCE cov: 581 ft: 2687 corp: 707/72Kb lim: 1046 exec/s: 15335 rss: 682Mb L: 137/1029 MS: 3 EraseBytes-PersAutoDict-PersAutoDict- DE: "/\000"-"\377\377\377\377\377\377\3776"-
#660024	REDUCE cov: 581 ft: 2687 corp: 707/72Kb lim: 1046 exec/s: 15349 rss: 682Mb L: 306/1029 MS: 2 ShuffleBytes-EraseBytes-
#661245	REDUCE cov: 581 ft: 2687 corp: 707/72Kb lim: 1056 exec/s: 15377 rss: 683Mb L: 330/1029 MS: 1 EraseBytes-
#661572	REDUCE cov: 581 ft: 2687 corp: 707/72Kb lim: 1056 exec/s: 15385 rss: 683Mb L: 178/1029 MS: 2 InsertRepeatedBytes-EraseBytes-
#661588	REDUCE cov: 581 ft: 2687 corp: 707/72Kb lim: 1056 exec/s: 15385 rss: 683Mb L: 288/1029 MS: 1 EraseBytes-
#662975	REDUCE cov: 581 ft: 2687 corp: 707/72Kb lim: 1066 exec/s: 15418 rss: 683Mb L: 63/1029 MS: 2 InsertByte-EraseBytes-
#663292	REDUCE cov: 581 ft: 2687 corp: 707/72Kb lim: 1066 exec/s: 15425 rss: 683Mb L: 921/1029 MS: 2 CrossOver-EraseBytes-
#663658	REDUCE cov: 581 ft: 2687 corp: 707/72Kb lim: 1066 exec/s: 15433 rss: 683Mb L: 18/1029 MS: 1 EraseBytes-
#663699	REDUCE cov: 581 ft: 2687 corp: 707/72Kb lim: 1066 exec/s: 15434 rss: 683Mb L: 11/1029 MS: 1 EraseBytes-
#663726	REDUCE cov: 581 ft: 2687 corp: 707/72Kb lim: 1066 exec/s: 15435 rss: 683Mb L: 10/1029 MS: 2 CopyPart-EraseBytes-
#663738	REDUCE cov: 581 ft: 2687 corp: 707/72Kb lim: 1066 exec/s: 15435 rss: 683Mb L: 34/1029 MS: 2 InsertByte-EraseBytes-
#664317	REDUCE cov: 581 ft: 2687 corp: 707/72Kb lim: 1066 exec/s: 15449 rss: 683Mb L: 715/1029 MS: 4 CrossOver-ChangeASCIIInt-InsertByte-EraseBytes-
#664363	REDUCE cov: 581 ft: 2687 corp: 707/72Kb lim: 1066 exec/s: 15450 rss: 683Mb L: 28/1029 MS: 1 EraseBytes-
#664525	REDUCE cov: 581 ft: 2687 corp: 707/72Kb lim: 1066 exec/s: 15454 rss: 683Mb L: 9/1029 MS: 2 ShuffleBytes-EraseBytes-
#664667	REDUCE cov: 581 ft: 2687 corp: 707/72Kb lim: 1066 exec/s: 15457 rss: 683Mb L: 59/1029 MS: 2 ChangeBit-EraseBytes-
#665352	REDUCE cov: 581 ft: 2687 corp: 707/72Kb lim: 1066 exec/s: 15473 rss: 683Mb L: 31/1029 MS: 5 InsertByte-ChangeBinInt-ChangeBinInt-InsertByte-EraseBytes-
#665603	REDUCE cov: 581 ft: 2687 corp: 707/72Kb lim: 1066 exec/s: 15479 rss: 683Mb L: 235/1029 MS: 1 EraseBytes-
#665975	REDUCE cov: 581 ft: 2687 corp: 707/72Kb lim: 1066 exec/s: 15487 rss: 683Mb L: 16/1029 MS: 2 PersAutoDict-EraseBytes- DE: "!\000"-
#666758	REDUCE cov: 581 ft: 2687 corp: 707/72Kb lim: 1066 exec/s: 15506 rss: 683Mb L: 62/1029 MS: 3 CopyPart-InsertRepeatedBytes-EraseBytes-
#666779	REDUCE cov: 581 ft: 2687 corp: 707/72Kb lim: 1066 exec/s: 15506 rss: 683Mb L: 13/1029 MS: 1 EraseBytes-
#668728	REDUCE cov: 581 ft: 2687 corp: 707/72Kb lim: 1076 exec/s: 15551 rss: 683Mb L: 333/1029 MS: 4 InsertByte-InsertRepeatedBytes-ChangeByte-EraseBytes-
#668758	REDUCE cov: 581 ft: 2690 corp: 708/73Kb lim: 1076 exec/s: 15552 rss: 683Mb L: 1001/1029 MS: 5 CopyPart-CopyPart-ShuffleBytes-CrossOver-CopyPart-
#668870	REDUCE cov: 581 ft: 2690 corp: 708/73Kb lim: 1076 exec/s: 15555 rss: 683Mb L: 876/1029 MS: 2 ChangeByte-EraseBytes-
#669008	REDUCE cov: 581 ft: 2690 corp: 708/73Kb lim: 1076 exec/s: 15204 rss: 683Mb L: 56/1029 MS: 3 CopyPart-ShuffleBytes-EraseBytes-
#669897	REDUCE cov: 581 ft: 2690 corp: 708/73Kb lim: 1076 exec/s: 15224 rss: 683Mb L: 950/1029 MS: 4 CMP-ChangeByte-EraseBytes-CopyPart- DE: "\206\000\000\000"-
#670108	REDUCE cov: 581 ft: 2690 corp: 708/73Kb lim: 1076 exec/s: 15229 rss: 683Mb L: 50/1029 MS: 1 EraseBytes-
#670340	REDUCE cov: 581 ft: 2690 corp: 708/73Kb lim: 1076 exec/s: 15235 rss: 683Mb L: 57/1029 MS: 2 ChangeByte-EraseBytes-
#670682	NEW    cov: 581 ft: 2691 corp: 709/74Kb lim: 1076 exec/s: 15242 rss: 683Mb L: 1035/1035 MS: 2 ChangeBinInt-CopyPart-
#670721	NEW    cov: 581 ft: 2699 corp: 710/75Kb lim: 1076 exec/s: 15243 rss: 683Mb L: 1030/1035 MS: 4 InsertByte-CopyPart-ChangeBinInt-CopyPart-
#670967	REDUCE cov: 581 ft: 2699 corp: 710/75Kb lim: 1076 exec/s: 15249 rss: 683Mb L: 1009/1030 MS: 1 EraseBytes-
#672944	REDUCE cov: 581 ft: 2699 corp: 710/75Kb lim: 1086 exec/s: 15294 rss: 684Mb L: 242/1030 MS: 2 ShuffleBytes-EraseBytes-
#673050	REDUCE cov: 581 ft: 2699 corp: 710/75Kb lim: 1086 exec/s: 15296 rss: 684Mb L: 60/1030 MS: 1 EraseBytes-
#673787	REDUCE cov: 581 ft: 2699 corp: 710/75Kb lim: 1086 exec/s: 15313 rss: 684Mb L: 954/1029 MS: 2 ShuffleBytes-EraseBytes-
#674758	REDUCE cov: 581 ft: 2699 corp: 710/75Kb lim: 1086 exec/s: 15335 rss: 684Mb L: 10/1029 MS: 1 EraseBytes-
#675804	REDUCE cov: 581 ft: 2699 corp: 710/75Kb lim: 1096 exec/s: 15359 rss: 684Mb L: 47/1029 MS: 1 EraseBytes-
#675867	REDUCE cov: 581 ft: 2699 corp: 710/75Kb lim: 1096 exec/s: 15360 rss: 684Mb L: 19/1029 MS: 3 ShuffleBytes-ShuffleBytes-EraseBytes-
#676408	REDUCE cov: 581 ft: 2699 corp: 710/75Kb lim: 1096 exec/s: 15372 rss: 684Mb L: 748/1029 MS: 1 EraseBytes-
#676481	REDUCE cov: 581 ft: 2699 corp: 710/75Kb lim: 1096 exec/s: 15374 rss: 684Mb L: 202/1029 MS: 3 PersAutoDict-CMP-EraseBytes- DE: "\0006"-"\001\\"-
#676723	REDUCE cov: 581 ft: 2699 corp: 710/75Kb lim: 1096 exec/s: 15380 rss: 684Mb L: 406/1029 MS: 2 InsertByte-EraseBytes-
#677839	REDUCE cov: 581 ft: 2699 corp: 710/74Kb lim: 1106 exec/s: 15405 rss: 684Mb L: 568/1029 MS: 1 EraseBytes-
#678110	REDUCE cov: 581 ft: 2699 corp: 710/74Kb lim: 1106 exec/s: 15411 rss: 684Mb L: 3/1029 MS: 1 EraseBytes-
#678561	REDUCE cov: 581 ft: 2699 corp: 710/74Kb lim: 1106 exec/s: 15421 rss: 684Mb L: 88/1029 MS: 1 EraseBytes-
#678663	REDUCE cov: 581 ft: 2699 corp: 710/74Kb lim: 1106 exec/s: 15424 rss: 684Mb L: 39/1029 MS: 2 ShuffleBytes-EraseBytes-
#679265	REDUCE cov: 581 ft: 2699 corp: 710/74Kb lim: 1106 exec/s: 15437 rss: 684Mb L: 61/1029 MS: 2 CopyPart-EraseBytes-
#679299	REDUCE cov: 581 ft: 2701 corp: 711/75Kb lim: 1106 exec/s: 15438 rss: 684Mb L: 536/1029 MS: 4 ChangeBinInt-CopyPart-ShuffleBytes-CopyPart-
#679396	REDUCE cov: 581 ft: 2701 corp: 711/75Kb lim: 1106 exec/s: 15440 rss: 684Mb L: 263/1029 MS: 2 ChangeBit-EraseBytes-
#680632	REDUCE cov: 581 ft: 2701 corp: 711/75Kb lim: 1116 exec/s: 15468 rss: 685Mb L: 38/1029 MS: 1 EraseBytes-
#680833	REDUCE cov: 581 ft: 2701 corp: 711/75Kb lim: 1116 exec/s: 15473 rss: 685Mb L: 392/1029 MS: 1 CrossOver-
#681184	REDUCE cov: 581 ft: 2701 corp: 711/75Kb lim: 1116 exec/s: 15481 rss: 685Mb L: 9/1029 MS: 1 EraseBytes-
#681730	REDUCE cov: 581 ft: 2701 corp: 711/75Kb lim: 1116 exec/s: 15149 rss: 685Mb L: 681/1029 MS: 1 EraseBytes-
#681934	REDUCE cov: 581 ft: 2701 corp: 711/75Kb lim: 1116 exec/s: 15154 rss: 685Mb L: 28/1029 MS: 4 InsertByte-CopyPart-ChangeBit-EraseBytes-
#682387	REDUCE cov: 581 ft: 2701 corp: 711/75Kb lim: 1116 exec/s: 15164 rss: 685Mb L: 19/1029 MS: 3 ChangeBinInt-ChangeASCIIInt-EraseBytes-
#682631	REDUCE cov: 581 ft: 2701 corp: 711/75Kb lim: 1116 exec/s: 15169 rss: 685Mb L: 12/1029 MS: 4 ChangeByte-ChangeByte-ChangeBinInt-EraseBytes-
#682877	REDUCE cov: 581 ft: 2701 corp: 711/75Kb lim: 1116 exec/s: 15175 rss: 685Mb L: 36/1029 MS: 1 EraseBytes-
#683193	REDUCE cov: 581 ft: 2701 corp: 711/75Kb lim: 1116 exec/s: 15182 rss: 685Mb L: 48/1029 MS: 1 EraseBytes-
#683673	REDUCE cov: 581 ft: 2701 corp: 711/75Kb lim: 1116 exec/s: 15192 rss: 685Mb L: 35/1029 MS: 5 CopyPart-ShuffleBytes-InsertByte-ChangeBit-EraseBytes-
#684664	REDUCE cov: 581 ft: 2701 corp: 711/75Kb lim: 1116 exec/s: 15214 rss: 685Mb L: 174/1029 MS: 1 EraseBytes-
#684955	REDUCE cov: 581 ft: 2702 corp: 712/76Kb lim: 1116 exec/s: 15221 rss: 685Mb L: 1102/1102 MS: 1 CopyPart-
#685585	REDUCE cov: 581 ft: 2702 corp: 712/76Kb lim: 1116 exec/s: 15235 rss: 685Mb L: 573/1102 MS: 5 ChangeByte-CrossOver-InsertRepeatedBytes-ChangeBit-EraseBytes-
#685735	REDUCE cov: 581 ft: 2703 corp: 713/77Kb lim: 1116 exec/s: 15238 rss: 685Mb L: 1099/1102 MS: 5 CopyPart-InsertByte-CopyPart-ChangeBinInt-CopyPart-
#685741	REDUCE cov: 581 ft: 2703 corp: 713/77Kb lim: 1116 exec/s: 15238 rss: 685Mb L: 40/1102 MS: 1 EraseBytes-
#687015	REDUCE cov: 581 ft: 2703 corp: 713/77Kb lim: 1126 exec/s: 15267 rss: 685Mb L: 848/1102 MS: 4 EraseBytes-PersAutoDict-CopyPart-CopyPart- DE: "\377\013"-
#687021	REDUCE cov: 581 ft: 2703 corp: 713/77Kb lim: 1126 exec/s: 15267 rss: 685Mb L: 182/1102 MS: 1 EraseBytes-
#687525	REDUCE cov: 581 ft: 2703 corp: 713/77Kb lim: 1126 exec/s: 15278 rss: 685Mb L: 272/1102 MS: 4 ChangeByte-CopyPart-PersAutoDict-EraseBytes- DE: "\001\000\377\375"-
#687742	REDUCE cov: 581 ft: 2703 corp: 713/77Kb lim: 1126 exec/s: 15283 rss: 686Mb L: 274/1102 MS: 2 ChangeByte-EraseBytes-
#688535	REDUCE cov: 581 ft: 2703 corp: 713/77Kb lim: 1126 exec/s: 15300 rss: 686Mb L: 58/1102 MS: 3 InsertByte-ChangeByte-EraseBytes-
#689346	REDUCE cov: 581 ft: 2703 corp: 713/77Kb lim: 1126 exec/s: 15318 rss: 686Mb L: 71/1102 MS: 1 EraseBytes-
#689937	REDUCE cov: 581 ft: 2703 corp: 713/77Kb lim: 1126 exec/s: 15331 rss: 686Mb L: 943/1102 MS: 1 EraseBytes-
#689964	REDUCE cov: 581 ft: 2703 corp: 713/77Kb lim: 1126 exec/s: 15332 rss: 686Mb L: 749/1102 MS: 2 ChangeBit-EraseBytes-
#690744	REDUCE cov: 581 ft: 2703 corp: 713/77Kb lim: 1126 exec/s: 15349 rss: 687Mb L: 35/1102 MS: 5 PersAutoDict-CMP-CMP-ChangeBinInt-EraseBytes- DE: "(\000"-"\000\000\000A"-"\377\377\377["-
#691125	REDUCE cov: 581 ft: 2703 corp: 713/77Kb lim: 1126 exec/s: 15358 rss: 687Mb L: 6/1102 MS: 1 EraseBytes-
#691522	REDUCE cov: 581 ft: 2703 corp: 713/77Kb lim: 1126 exec/s: 15367 rss: 687Mb L: 1098/1099 MS: 2 InsertRepeatedBytes-CrossOver-
#691533	REDUCE cov: 581 ft: 2703 corp: 713/77Kb lim: 1126 exec/s: 15367 rss: 687Mb L: 5/1099 MS: 1 EraseBytes-
#692369	REDUCE cov: 581 ft: 2703 corp: 713/77Kb lim: 1126 exec/s: 15385 rss: 688Mb L: 256/1099 MS: 1 EraseBytes-
#693658	REDUCE cov: 581 ft: 2703 corp: 713/77Kb lim: 1136 exec/s: 15414 rss: 688Mb L: 142/1099 MS: 4 EraseBytes-ShuffleBytes-EraseBytes-CrossOver-
#693679	REDUCE cov: 581 ft: 2703 corp: 713/77Kb lim: 1136 exec/s: 15415 rss: 688Mb L: 9/1099 MS: 1 EraseBytes-
#693765	REDUCE cov: 581 ft: 2703 corp: 713/77Kb lim: 1136 exec/s: 15081 rss: 688Mb L: 22/1099 MS: 1 EraseBytes-
#693815	REDUCE cov: 581 ft: 2704 corp: 714/78Kb lim: 1136 exec/s: 15082 rss: 688Mb L: 1127/1127 MS: 5 ChangeByte-CrossOver-ChangeBinInt-CopyPart-CopyPart-
#693845	REDUCE cov: 581 ft: 2704 corp: 714/78Kb lim: 1136 exec/s: 15083 rss: 688Mb L: 1024/1127 MS: 5 InsertByte-ChangeASCIIInt-ChangeASCIIInt-ChangeASCIIInt-EraseBytes-
#694061	REDUCE cov: 581 ft: 2704 corp: 714/78Kb lim: 1136 exec/s: 15088 rss: 688Mb L: 207/1127 MS: 1 EraseBytes-
#694202	REDUCE cov: 581 ft: 2704 corp: 714/78Kb lim: 1136 exec/s: 15091 rss: 688Mb L: 981/1099 MS: 1 EraseBytes-
#694683	REDUCE cov: 581 ft: 2704 corp: 714/78Kb lim: 1136 exec/s: 15101 rss: 688Mb L: 18/1099 MS: 1 EraseBytes-
#695219	REDUCE cov: 581 ft: 2704 corp: 714/78Kb lim: 1136 exec/s: 15113 rss: 688Mb L: 166/1099 MS: 1 EraseBytes-
#696540	REDUCE cov: 581 ft: 2704 corp: 714/78Kb lim: 1146 exec/s: 15142 rss: 688Mb L: 180/1099 MS: 1 EraseBytes-
#697056	REDUCE cov: 581 ft: 2704 corp: 714/78Kb lim: 1146 exec/s: 15153 rss: 688Mb L: 8/1099 MS: 1 EraseBytes-
#697201	REDUCE cov: 581 ft: 2704 corp: 714/78Kb lim: 1146 exec/s: 15156 rss: 688Mb L: 20/1099 MS: 5 CopyPart-PersAutoDict-EraseBytes-ChangeByte-CopyPart- DE: "O\000"-
#697427	REDUCE cov: 581 ft: 2704 corp: 714/78Kb lim: 1146 exec/s: 15161 rss: 688Mb L: 96/1099 MS: 1 EraseBytes-
#697873	REDUCE cov: 581 ft: 2704 corp: 714/78Kb lim: 1146 exec/s: 15171 rss: 688Mb L: 55/1099 MS: 1 EraseBytes-
#698659	REDUCE cov: 581 ft: 2704 corp: 714/78Kb lim: 1146 exec/s: 15188 rss: 688Mb L: 123/1099 MS: 1 EraseBytes-
#698840	REDUCE cov: 581 ft: 2704 corp: 714/78Kb lim: 1146 exec/s: 15192 rss: 688Mb L: 145/1099 MS: 1 EraseBytes-
#698921	REDUCE cov: 581 ft: 2704 corp: 714/78Kb lim: 1146 exec/s: 15193 rss: 688Mb L: 6/1099 MS: 1 EraseBytes-
#699012	REDUCE cov: 581 ft: 2704 corp: 714/78Kb lim: 1146 exec/s: 15195 rss: 688Mb L: 9/1099 MS: 1 EraseBytes-
#699934	REDUCE cov: 581 ft: 2704 corp: 714/78Kb lim: 1146 exec/s: 15215 rss: 689Mb L: 947/1099 MS: 2 CrossOver-EraseBytes-
#700211	REDUCE cov: 581 ft: 2704 corp: 714/78Kb lim: 1146 exec/s: 15221 rss: 689Mb L: 382/1099 MS: 2 CrossOver-EraseBytes-
#700248	REDUCE cov: 581 ft: 2704 corp: 714/78Kb lim: 1146 exec/s: 15222 rss: 689Mb L: 60/1099 MS: 2 CopyPart-EraseBytes-
#700284	REDUCE cov: 581 ft: 2704 corp: 714/78Kb lim: 1146 exec/s: 15223 rss: 689Mb L: 17/1099 MS: 1 EraseBytes-
#701446	REDUCE cov: 581 ft: 2704 corp: 714/78Kb lim: 1156 exec/s: 15248 rss: 689Mb L: 53/1099 MS: 2 ChangeByte-EraseBytes-
#701683	REDUCE cov: 581 ft: 2704 corp: 714/78Kb lim: 1156 exec/s: 15253 rss: 689Mb L: 20/1099 MS: 2 CMP-EraseBytes- DE: "#\000"-
#703407	NEW    cov: 581 ft: 2706 corp: 715/79Kb lim: 1166 exec/s: 15291 rss: 689Mb L: 996/1099 MS: 4 PersAutoDict-InsertByte-CMP-CopyPart- DE: "\206\000\000\000"-"\376\375"-
#703750	REDUCE cov: 581 ft: 2706 corp: 715/79Kb lim: 1166 exec/s: 15298 rss: 689Mb L: 117/1099 MS: 3 InsertRepeatedBytes-ChangeBinInt-EraseBytes-
#703841	REDUCE cov: 581 ft: 2706 corp: 715/79Kb lim: 1166 exec/s: 15300 rss: 689Mb L: 49/1099 MS: 1 EraseBytes-
#704209	REDUCE cov: 581 ft: 2706 corp: 715/79Kb lim: 1166 exec/s: 15308 rss: 689Mb L: 923/1099 MS: 3 ChangeBit-CrossOver-EraseBytes-
#704290	REDUCE cov: 581 ft: 2706 corp: 715/79Kb lim: 1166 exec/s: 15310 rss: 689Mb L: 12/1099 MS: 1 EraseBytes-
#704753	REDUCE cov: 581 ft: 2706 corp: 715/79Kb lim: 1166 exec/s: 15320 rss: 689Mb L: 701/1099 MS: 3 ChangeByte-ChangeBit-EraseBytes-
#705776	NEW    cov: 581 ft: 2709 corp: 716/80Kb lim: 1176 exec/s: 15016 rss: 689Mb L: 960/1099 MS: 3 CopyPart-ChangeBit-CopyPart-
#705962	REDUCE cov: 581 ft: 2709 corp: 716/80Kb lim: 1176 exec/s: 15020 rss: 689Mb L: 232/1099 MS: 1 EraseBytes-
#706052	REDUCE cov: 581 ft: 2709 corp: 716/79Kb lim: 1176 exec/s: 15022 rss: 689Mb L: 883/1099 MS: 5 ChangeBit-InsertRepeatedBytes-CMP-ChangeByte-EraseBytes- DE: "\000R"-
#706205	REDUCE cov: 581 ft: 2709 corp: 716/79Kb lim: 1176 exec/s: 15025 rss: 689Mb L: 123/1099 MS: 3 ChangeBit-ChangeBinInt-EraseBytes-
#706801	REDUCE cov: 581 ft: 2709 corp: 716/79Kb lim: 1176 exec/s: 15038 rss: 689Mb L: 154/1099 MS: 1 EraseBytes-
#707107	REDUCE cov: 581 ft: 2709 corp: 716/79Kb lim: 1176 exec/s: 15044 rss: 689Mb L: 33/1099 MS: 1 EraseBytes-
#708064	REDUCE cov: 581 ft: 2709 corp: 716/79Kb lim: 1176 exec/s: 15065 rss: 689Mb L: 23/1099 MS: 2 InsertByte-EraseBytes-
#708121	REDUCE cov: 581 ft: 2709 corp: 716/79Kb lim: 1176 exec/s: 15066 rss: 689Mb L: 498/1099 MS: 2 PersAutoDict-EraseBytes- DE: "\376\377\377\377\377\377\377\377"-
#708650	REDUCE cov: 581 ft: 2709 corp: 716/79Kb lim: 1176 exec/s: 15077 rss: 689Mb L: 49/1099 MS: 4 ChangeBit-ChangeByte-PersAutoDict-EraseBytes- DE: "\373\377"-
#709520	REDUCE cov: 581 ft: 2709 corp: 716/79Kb lim: 1176 exec/s: 15096 rss: 689Mb L: 17/1099 MS: 5 ChangeByte-ChangeByte-InsertByte-PersAutoDict-EraseBytes- DE: "(\000"-
#709584	REDUCE cov: 581 ft: 2711 corp: 717/80Kb lim: 1176 exec/s: 15097 rss: 689Mb L: 882/1099 MS: 4 InsertRepeatedBytes-ChangeByte-CopyPart-CopyPart-
#710790	REDUCE cov: 581 ft: 2711 corp: 717/80Kb lim: 1186 exec/s: 15123 rss: 689Mb L: 14/1099 MS: 1 EraseBytes-
#710803	REDUCE cov: 581 ft: 2711 corp: 717/80Kb lim: 1186 exec/s: 15123 rss: 689Mb L: 396/1099 MS: 3 InsertByte-ChangeBit-EraseBytes-
#712186	REDUCE cov: 581 ft: 2711 corp: 717/80Kb lim: 1196 exec/s: 15152 rss: 690Mb L: 937/1099 MS: 3 ShuffleBytes-InsertRepeatedBytes-EraseBytes-
#712202	REDUCE cov: 581 ft: 2711 corp: 717/80Kb lim: 1196 exec/s: 15153 rss: 690Mb L: 807/1099 MS: 1 EraseBytes-
#712239	REDUCE cov: 581 ft: 2711 corp: 717/80Kb lim: 1196 exec/s: 15154 rss: 690Mb L: 977/1099 MS: 2 EraseBytes-CopyPart-
#712315	REDUCE cov: 581 ft: 2711 corp: 717/80Kb lim: 1196 exec/s: 15155 rss: 690Mb L: 16/1099 MS: 1 EraseBytes-
#712352	REDUCE cov: 581 ft: 2711 corp: 717/80Kb lim: 1196 exec/s: 15156 rss: 690Mb L: 872/1099 MS: 2 ChangeBit-EraseBytes-
#712379	REDUCE cov: 581 ft: 2711 corp: 717/80Kb lim: 1196 exec/s: 15157 rss: 690Mb L: 121/1099 MS: 2 ChangeByte-EraseBytes-
#712660	REDUCE cov: 581 ft: 2711 corp: 717/80Kb lim: 1196 exec/s: 15162 rss: 690Mb L: 29/1099 MS: 1 EraseBytes-
#712979	REDUCE cov: 581 ft: 2711 corp: 717/80Kb lim: 1196 exec/s: 15169 rss: 690Mb L: 179/1099 MS: 4 ShuffleBytes-EraseBytes-ChangeByte-ChangeByte-
#712980	REDUCE cov: 581 ft: 2711 corp: 717/80Kb lim: 1196 exec/s: 15169 rss: 690Mb L: 9/1099 MS: 1 EraseBytes-
#713301	REDUCE cov: 581 ft: 2711 corp: 717/80Kb lim: 1196 exec/s: 15176 rss: 690Mb L: 52/1099 MS: 1 EraseBytes-
#713670	REDUCE cov: 581 ft: 2711 corp: 717/80Kb lim: 1196 exec/s: 15184 rss: 690Mb L: 64/1099 MS: 4 EraseBytes-CopyPart-ChangeByte-EraseBytes-
#713866	REDUCE cov: 581 ft: 2711 corp: 717/80Kb lim: 1196 exec/s: 15188 rss: 690Mb L: 471/1099 MS: 1 EraseBytes-
#714856	NEW    cov: 581 ft: 2712 corp: 718/81Kb lim: 1196 exec/s: 15209 rss: 690Mb L: 1129/1129 MS: 5 CrossOver-ChangeBit-ChangeByte-CrossOver-CopyPart-
#715312	REDUCE cov: 581 ft: 2712 corp: 718/81Kb lim: 1196 exec/s: 15219 rss: 690Mb L: 145/1129 MS: 1 EraseBytes-
#715922	REDUCE cov: 581 ft: 2712 corp: 718/81Kb lim: 1196 exec/s: 15232 rss: 690Mb L: 45/1129 MS: 5 CMP-ChangeBit-ChangeBit-PersAutoDict-EraseBytes- DE: "\377\377\377\377\377\377\377d"-"@\000\000\000"-
#716233	REDUCE cov: 581 ft: 2712 corp: 718/81Kb lim: 1196 exec/s: 15239 rss: 690Mb L: 16/1129 MS: 1 EraseBytes-
#716294	REDUCE cov: 581 ft: 2712 corp: 718/81Kb lim: 1196 exec/s: 15240 rss: 690Mb L: 82/1129 MS: 1 EraseBytes-
#717041	NEW    cov: 581 ft: 2746 corp: 719/82Kb lim: 1196 exec/s: 15256 rss: 690Mb L: 715/1129 MS: 2 CopyPart-CopyPart-
#717413	REDUCE cov: 581 ft: 2746 corp: 719/82Kb lim: 1196 exec/s: 15264 rss: 690Mb L: 70/1129 MS: 2 ChangeBit-EraseBytes-
#717469	REDUCE cov: 581 ft: 2746 corp: 719/82Kb lim: 1196 exec/s: 15265 rss: 690Mb L: 839/1129 MS: 1 EraseBytes-
#717662	REDUCE cov: 581 ft: 2746 corp: 719/82Kb lim: 1196 exec/s: 14951 rss: 690Mb L: 451/1129 MS: 3 ChangeBinInt-ShuffleBytes-EraseBytes-
#717724	REDUCE cov: 581 ft: 2746 corp: 719/81Kb lim: 1196 exec/s: 14952 rss: 690Mb L: 533/1129 MS: 2 CrossOver-EraseBytes-
#717906	REDUCE cov: 581 ft: 2746 corp: 719/81Kb lim: 1196 exec/s: 14956 rss: 690Mb L: 58/1129 MS: 2 ChangeByte-EraseBytes-
#717987	REDUCE cov: 581 ft: 2746 corp: 719/81Kb lim: 1196 exec/s: 14958 rss: 690Mb L: 35/1129 MS: 1 EraseBytes-
#718198	REDUCE cov: 581 ft: 2746 corp: 719/81Kb lim: 1196 exec/s: 14962 rss: 690Mb L: 7/1129 MS: 1 EraseBytes-
#718220	REDUCE cov: 581 ft: 2746 corp: 719/81Kb lim: 1196 exec/s: 14962 rss: 690Mb L: 806/1129 MS: 2 ChangeByte-EraseBytes-
#718481	REDUCE cov: 581 ft: 2746 corp: 719/81Kb lim: 1196 exec/s: 14968 rss: 690Mb L: 264/1129 MS: 1 EraseBytes-
#719104	REDUCE cov: 581 ft: 2746 corp: 719/81Kb lim: 1196 exec/s: 14981 rss: 691Mb L: 37/1129 MS: 3 ShuffleBytes-ChangeByte-EraseBytes-
#719246	REDUCE cov: 581 ft: 2746 corp: 719/81Kb lim: 1196 exec/s: 14984 rss: 691Mb L: 55/1129 MS: 2 ShuffleBytes-EraseBytes-
#720678	REDUCE cov: 581 ft: 2746 corp: 719/81Kb lim: 1206 exec/s: 15014 rss: 691Mb L: 27/1129 MS: 2 ChangeBit-EraseBytes-
#720811	REDUCE cov: 581 ft: 2746 corp: 719/81Kb lim: 1206 exec/s: 15016 rss: 691Mb L: 50/1129 MS: 3 ChangeBinInt-ChangeBinInt-EraseBytes-
#721652	REDUCE cov: 581 ft: 2746 corp: 719/81Kb lim: 1206 exec/s: 15034 rss: 691Mb L: 196/1129 MS: 1 EraseBytes-
#722075	REDUCE cov: 581 ft: 2746 corp: 719/81Kb lim: 1206 exec/s: 15043 rss: 691Mb L: 79/1129 MS: 3 ChangeBinInt-PersAutoDict-EraseBytes- DE: "\377\204"-
#722391	REDUCE cov: 581 ft: 2746 corp: 719/81Kb lim: 1206 exec/s: 15049 rss: 691Mb L: 31/1129 MS: 1 EraseBytes-
#722392	REDUCE cov: 581 ft: 2746 corp: 719/81Kb lim: 1206 exec/s: 15049 rss: 691Mb L: 17/1129 MS: 1 EraseBytes-
#722419	REDUCE cov: 581 ft: 2746 corp: 719/81Kb lim: 1206 exec/s: 15050 rss: 691Mb L: 19/1129 MS: 2 ChangeBit-EraseBytes-
#722457	REDUCE cov: 581 ft: 2746 corp: 719/81Kb lim: 1206 exec/s: 15051 rss: 691Mb L: 537/1129 MS: 3 CrossOver-CopyPart-CrossOver-
#722511	REDUCE cov: 581 ft: 2746 corp: 719/81Kb lim: 1206 exec/s: 15052 rss: 691Mb L: 40/1129 MS: 4 CopyPart-ChangeBit-CopyPart-EraseBytes-
#723039	REDUCE cov: 581 ft: 2746 corp: 719/81Kb lim: 1206 exec/s: 15063 rss: 692Mb L: 354/1129 MS: 3 PersAutoDict-CopyPart-EraseBytes- DE: "c\000\000\000"-
#723298	REDUCE cov: 581 ft: 2746 corp: 719/81Kb lim: 1206 exec/s: 15068 rss: 692Mb L: 171/1129 MS: 4 ChangeBinInt-ChangeASCIIInt-InsertByte-EraseBytes-
#723560	REDUCE cov: 581 ft: 2746 corp: 719/81Kb lim: 1206 exec/s: 15074 rss: 692Mb L: 30/1129 MS: 2 ChangeBit-EraseBytes-
#723961	REDUCE cov: 581 ft: 2746 corp: 719/81Kb lim: 1206 exec/s: 15082 rss: 692Mb L: 84/1129 MS: 1 EraseBytes-
#724264	REDUCE cov: 581 ft: 2746 corp: 719/81Kb lim: 1206 exec/s: 15088 rss: 692Mb L: 215/1129 MS: 3 ChangeBinInt-ChangeByte-EraseBytes-
#724336	REDUCE cov: 581 ft: 2746 corp: 719/81Kb lim: 1206 exec/s: 15090 rss: 692Mb L: 503/1129 MS: 2 ChangeBit-EraseBytes-
#724530	REDUCE cov: 581 ft: 2746 corp: 719/81Kb lim: 1206 exec/s: 15094 rss: 692Mb L: 51/1129 MS: 4 CMP-ShuffleBytes-ShuffleBytes-EraseBytes- DE: "\000\000\377\375"-
#724798	REDUCE cov: 581 ft: 2746 corp: 719/81Kb lim: 1206 exec/s: 15099 rss: 692Mb L: 12/1129 MS: 3 ChangeBit-ChangeByte-EraseBytes-
#725310	REDUCE cov: 581 ft: 2746 corp: 719/81Kb lim: 1206 exec/s: 15110 rss: 692Mb L: 80/1129 MS: 2 EraseBytes-CopyPart-
#725832	REDUCE cov: 581 ft: 2746 corp: 719/81Kb lim: 1206 exec/s: 15121 rss: 692Mb L: 476/1129 MS: 2 ChangeByte-EraseBytes-
#725926	REDUCE cov: 581 ft: 2746 corp: 719/81Kb lim: 1206 exec/s: 15123 rss: 692Mb L: 244/1129 MS: 4 ChangeByte-ChangeBit-ChangeBinInt-EraseBytes-
#725972	REDUCE cov: 581 ft: 2746 corp: 719/81Kb lim: 1206 exec/s: 15124 rss: 692Mb L: 65/1129 MS: 1 EraseBytes-
#726070	REDUCE cov: 581 ft: 2746 corp: 719/81Kb lim: 1206 exec/s: 15126 rss: 692Mb L: 102/1129 MS: 3 InsertByte-ShuffleBytes-EraseBytes-
#726095	REDUCE cov: 581 ft: 2746 corp: 719/81Kb lim: 1206 exec/s: 15126 rss: 692Mb L: 527/1129 MS: 5 ChangeASCIIInt-EraseBytes-CopyPart-ChangeBinInt-EraseBytes-
#726118	REDUCE cov: 581 ft: 2746 corp: 719/81Kb lim: 1206 exec/s: 15127 rss: 692Mb L: 26/1129 MS: 3 ShuffleBytes-InsertByte-EraseBytes-
#726509	REDUCE cov: 581 ft: 2746 corp: 719/81Kb lim: 1206 exec/s: 15135 rss: 692Mb L: 120/1129 MS: 1 EraseBytes-
#727510	REDUCE cov: 581 ft: 2746 corp: 719/81Kb lim: 1206 exec/s: 15156 rss: 692Mb L: 467/1129 MS: 1 EraseBytes-
#727781	REDUCE cov: 581 ft: 2746 corp: 719/81Kb lim: 1206 exec/s: 15162 rss: 692Mb L: 440/1129 MS: 1 EraseBytes-
#728882	REDUCE cov: 581 ft: 2746 corp: 719/81Kb lim: 1216 exec/s: 15185 rss: 692Mb L: 25/1129 MS: 1 EraseBytes-
#729294	REDUCE cov: 581 ft: 2746 corp: 719/81Kb lim: 1216 exec/s: 15193 rss: 692Mb L: 37/1129 MS: 2 ChangeBinInt-EraseBytes-
#729382	REDUCE cov: 581 ft: 2746 corp: 719/81Kb lim: 1216 exec/s: 15195 rss: 692Mb L: 823/1129 MS: 3 CopyPart-ChangeASCIIInt-EraseBytes-
#730195	REDUCE cov: 581 ft: 2746 corp: 719/81Kb lim: 1216 exec/s: 14901 rss: 693Mb L: 49/1129 MS: 3 CopyPart-CopyPart-EraseBytes-
#730276	REDUCE cov: 581 ft: 2746 corp: 719/81Kb lim: 1216 exec/s: 14903 rss: 693Mb L: 298/1129 MS: 1 EraseBytes-
#731299	REDUCE cov: 581 ft: 2746 corp: 719/81Kb lim: 1226 exec/s: 14924 rss: 693Mb L: 86/1129 MS: 3 ChangeByte-ChangeByte-EraseBytes-
#731310	REDUCE cov: 581 ft: 2746 corp: 719/81Kb lim: 1226 exec/s: 14924 rss: 693Mb L: 976/1129 MS: 1 CrossOver-
#732637	REDUCE cov: 581 ft: 2746 corp: 719/81Kb lim: 1236 exec/s: 14951 rss: 693Mb L: 118/1129 MS: 2 EraseBytes-CopyPart-
#732881	REDUCE cov: 581 ft: 2746 corp: 719/81Kb lim: 1236 exec/s: 14956 rss: 693Mb L: 168/1129 MS: 4 ChangeByte-ShuffleBytes-EraseBytes-CopyPart-
#733165	REDUCE cov: 581 ft: 2746 corp: 719/81Kb lim: 1236 exec/s: 14962 rss: 693Mb L: 175/1129 MS: 4 ShuffleBytes-PersAutoDict-ShuffleBytes-EraseBytes- DE: "\001\000\000\000\000\000\000\001"-
#733931	REDUCE cov: 581 ft: 2746 corp: 719/81Kb lim: 1236 exec/s: 14978 rss: 693Mb L: 33/1129 MS: 1 EraseBytes-
#734022	REDUCE cov: 581 ft: 2746 corp: 719/81Kb lim: 1236 exec/s: 14980 rss: 693Mb L: 53/1129 MS: 1 EraseBytes-
#734163	REDUCE cov: 581 ft: 2746 corp: 719/81Kb lim: 1236 exec/s: 14982 rss: 693Mb L: 98/1129 MS: 1 EraseBytes-
#734239	REDUCE cov: 581 ft: 2746 corp: 719/81Kb lim: 1236 exec/s: 14984 rss: 693Mb L: 716/1129 MS: 1 EraseBytes-
#734925	REDUCE cov: 581 ft: 2746 corp: 719/81Kb lim: 1236 exec/s: 14998 rss: 693Mb L: 17/1129 MS: 1 EraseBytes-
#735126	REDUCE cov: 581 ft: 2746 corp: 719/81Kb lim: 1236 exec/s: 15002 rss: 693Mb L: 787/1129 MS: 1 EraseBytes-
#735382	REDUCE cov: 581 ft: 2746 corp: 719/81Kb lim: 1236 exec/s: 15007 rss: 693Mb L: 15/1129 MS: 1 EraseBytes-
#735643	REDUCE cov: 581 ft: 2746 corp: 719/81Kb lim: 1236 exec/s: 15013 rss: 693Mb L: 19/1129 MS: 1 EraseBytes-
#735934	REDUCE cov: 581 ft: 2746 corp: 719/81Kb lim: 1236 exec/s: 15019 rss: 693Mb L: 48/1129 MS: 1 EraseBytes-
#736300	REDUCE cov: 581 ft: 2746 corp: 719/81Kb lim: 1236 exec/s: 15026 rss: 693Mb L: 975/1129 MS: 1 EraseBytes-
#737286	REDUCE cov: 581 ft: 2746 corp: 719/81Kb lim: 1236 exec/s: 15046 rss: 693Mb L: 37/1129 MS: 1 EraseBytes-
#737736	REDUCE cov: 581 ft: 2746 corp: 719/81Kb lim: 1236 exec/s: 15055 rss: 693Mb L: 438/1129 MS: 5 InsertRepeatedBytes-CopyPart-EraseBytes-InsertByte-EraseBytes-
#738636	REDUCE cov: 581 ft: 2746 corp: 719/81Kb lim: 1236 exec/s: 15074 rss: 694Mb L: 718/1129 MS: 5 ChangeBinInt-ChangeBit-ChangeBit-CopyPart-CrossOver-
#739367	REDUCE cov: 581 ft: 2746 corp: 719/81Kb lim: 1236 exec/s: 15089 rss: 694Mb L: 9/1129 MS: 1 EraseBytes-
#739745	REDUCE cov: 581 ft: 2746 corp: 719/81Kb lim: 1236 exec/s: 15096 rss: 694Mb L: 417/1129 MS: 3 ChangeBit-ChangeBit-EraseBytes-
#739831	REDUCE cov: 581 ft: 2746 corp: 719/81Kb lim: 1236 exec/s: 15098 rss: 694Mb L: 259/1129 MS: 1 EraseBytes-
#742181	REDUCE cov: 581 ft: 2746 corp: 719/81Kb lim: 1256 exec/s: 15146 rss: 694Mb L: 27/1129 MS: 5 CopyPart-ShuffleBytes-ChangeBinInt-ChangeBinInt-EraseBytes-
#742677	REDUCE cov: 581 ft: 2746 corp: 719/81Kb lim: 1256 exec/s: 14853 rss: 694Mb L: 257/1129 MS: 1 EraseBytes-
#743283	REDUCE cov: 581 ft: 2746 corp: 719/81Kb lim: 1256 exec/s: 14865 rss: 694Mb L: 20/1129 MS: 1 EraseBytes-
#743555	REDUCE cov: 581 ft: 2746 corp: 719/81Kb lim: 1256 exec/s: 14871 rss: 694Mb L: 158/1129 MS: 2 InsertByte-EraseBytes-
#744026	REDUCE cov: 581 ft: 2746 corp: 719/81Kb lim: 1256 exec/s: 14880 rss: 694Mb L: 14/1129 MS: 1 EraseBytes-
#744359	REDUCE cov: 581 ft: 2746 corp: 719/81Kb lim: 1256 exec/s: 14887 rss: 694Mb L: 27/1129 MS: 3 PersAutoDict-EraseBytes-EraseBytes- DE: "\377\242"-
#744616	REDUCE cov: 581 ft: 2746 corp: 719/81Kb lim: 1256 exec/s: 14892 rss: 694Mb L: 32/1129 MS: 2 PersAutoDict-EraseBytes- DE: "\031\000"-
#744665	REDUCE cov: 581 ft: 2746 corp: 719/81Kb lim: 1256 exec/s: 14893 rss: 694Mb L: 44/1129 MS: 4 InsertByte-EraseBytes-ShuffleBytes-CrossOver-
#745436	REDUCE cov: 581 ft: 2746 corp: 719/81Kb lim: 1256 exec/s: 14908 rss: 694Mb L: 15/1129 MS: 1 EraseBytes-
#745657	REDUCE cov: 581 ft: 2746 corp: 719/81Kb lim: 1256 exec/s: 14913 rss: 694Mb L: 4/1129 MS: 1 EraseBytes-
#745793	REDUCE cov: 581 ft: 2746 corp: 719/81Kb lim: 1256 exec/s: 14915 rss: 694Mb L: 103/1129 MS: 1 EraseBytes-
#745929	REDUCE cov: 581 ft: 2746 corp: 719/81Kb lim: 1256 exec/s: 14918 rss: 694Mb L: 382/1129 MS: 1 EraseBytes-
#746715	REDUCE cov: 581 ft: 2746 corp: 719/81Kb lim: 1256 exec/s: 14934 rss: 694Mb L: 36/1129 MS: 1 EraseBytes-
#747379	REDUCE cov: 581 ft: 2746 corp: 719/81Kb lim: 1256 exec/s: 14947 rss: 694Mb L: 199/1129 MS: 4 PersAutoDict-CopyPart-ChangeBit-EraseBytes- DE: "X\026\000\000"-
#747471	REDUCE cov: 581 ft: 2747 corp: 720/82Kb lim: 1256 exec/s: 14949 rss: 694Mb L: 1180/1180 MS: 2 CopyPart-CopyPart-
#747487	REDUCE cov: 581 ft: 2747 corp: 720/82Kb lim: 1256 exec/s: 14949 rss: 694Mb L: 9/1180 MS: 1 EraseBytes-
#748639	REDUCE cov: 581 ft: 2747 corp: 720/82Kb lim: 1266 exec/s: 14972 rss: 694Mb L: 823/1180 MS: 2 CopyPart-EraseBytes-
#748705	REDUCE cov: 581 ft: 2747 corp: 720/82Kb lim: 1266 exec/s: 14974 rss: 694Mb L: 13/1180 MS: 1 EraseBytes-
#748806	REDUCE cov: 581 ft: 2747 corp: 720/82Kb lim: 1266 exec/s: 14976 rss: 694Mb L: 301/1180 MS: 1 EraseBytes-
#749227	REDUCE cov: 581 ft: 2747 corp: 720/82Kb lim: 1266 exec/s: 14984 rss: 694Mb L: 50/1180 MS: 1 EraseBytes-
#749313	REDUCE cov: 581 ft: 2748 corp: 721/83Kb lim: 1266 exec/s: 14986 rss: 694Mb L: 968/1180 MS: 1 CopyPart-
#749864	REDUCE cov: 581 ft: 2748 corp: 721/83Kb lim: 1266 exec/s: 14997 rss: 694Mb L: 26/1180 MS: 1 EraseBytes-
#749961	REDUCE cov: 581 ft: 2748 corp: 721/83Kb lim: 1266 exec/s: 14999 rss: 694Mb L: 733/1180 MS: 2 InsertByte-EraseBytes-
#751958	REDUCE cov: 581 ft: 2748 corp: 721/83Kb lim: 1276 exec/s: 15039 rss: 695Mb L: 10/1180 MS: 2 CMP-EraseBytes- DE: "\377N"-
#752105	REDUCE cov: 581 ft: 2748 corp: 721/83Kb lim: 1276 exec/s: 15042 rss: 695Mb L: 21/1180 MS: 2 ChangeBit-EraseBytes-
#752341	REDUCE cov: 581 ft: 2748 corp: 721/83Kb lim: 1276 exec/s: 15046 rss: 695Mb L: 708/1180 MS: 1 EraseBytes-
#752691	NEW    cov: 581 ft: 2750 corp: 722/83Kb lim: 1276 exec/s: 15053 rss: 695Mb L: 432/1180 MS: 5 CopyPart-CopyPart-InsertByte-EraseBytes-CrossOver-
#752708	REDUCE cov: 581 ft: 2750 corp: 722/83Kb lim: 1276 exec/s: 15054 rss: 695Mb L: 227/1180 MS: 2 ShuffleBytes-EraseBytes-
#752995	REDUCE cov: 581 ft: 2750 corp: 722/83Kb lim: 1276 exec/s: 15059 rss: 695Mb L: 412/1180 MS: 2 EraseBytes-CrossOver-
#753131	REDUCE cov: 581 ft: 2750 corp: 722/83Kb lim: 1276 exec/s: 15062 rss: 695Mb L: 475/1180 MS: 1 EraseBytes-
#753162	REDUCE cov: 581 ft: 2750 corp: 722/83Kb lim: 1276 exec/s: 15063 rss: 695Mb L: 47/1180 MS: 1 EraseBytes-
#753708	REDUCE cov: 581 ft: 2750 corp: 722/83Kb lim: 1276 exec/s: 15074 rss: 695Mb L: 58/1180 MS: 1 EraseBytes-
#754318	REDUCE cov: 581 ft: 2752 corp: 723/84Kb lim: 1276 exec/s: 15086 rss: 695Mb L: 1255/1255 MS: 5 ChangeBit-ChangeBinInt-ChangeBinInt-PersAutoDict-CopyPart- DE: "]\000"-
#755014	REDUCE cov: 581 ft: 2752 corp: 723/84Kb lim: 1276 exec/s: 14804 rss: 695Mb L: 11/1255 MS: 1 EraseBytes-
#755032	REDUCE cov: 581 ft: 2752 corp: 723/84Kb lim: 1276 exec/s: 14804 rss: 695Mb L: 903/1255 MS: 3 ShuffleBytes-EraseBytes-CopyPart-
#755454	REDUCE cov: 581 ft: 2752 corp: 723/84Kb lim: 1276 exec/s: 14812 rss: 695Mb L: 165/1255 MS: 2 ChangeBinInt-EraseBytes-
#755471	REDUCE cov: 581 ft: 2752 corp: 723/84Kb lim: 1276 exec/s: 14813 rss: 695Mb L: 202/1255 MS: 2 ChangeByte-EraseBytes-
#755669	REDUCE cov: 581 ft: 2752 corp: 723/84Kb lim: 1276 exec/s: 14817 rss: 695Mb L: 143/1255 MS: 3 ChangeByte-ChangeASCIIInt-EraseBytes-
#756006	REDUCE cov: 581 ft: 2752 corp: 723/84Kb lim: 1276 exec/s: 14823 rss: 695Mb L: 994/1255 MS: 2 EraseBytes-CopyPart-
#756027	REDUCE cov: 581 ft: 2752 corp: 723/84Kb lim: 1276 exec/s: 14824 rss: 695Mb L: 289/1255 MS: 1 EraseBytes-
#756520	REDUCE cov: 581 ft: 2752 corp: 723/84Kb lim: 1276 exec/s: 14833 rss: 695Mb L: 77/1255 MS: 3 ChangeBit-ChangeASCIIInt-EraseBytes-
#756947	REDUCE cov: 581 ft: 2752 corp: 723/84Kb lim: 1276 exec/s: 14842 rss: 695Mb L: 10/1255 MS: 2 CMP-EraseBytes- DE: "\377V"-
#757123	REDUCE cov: 581 ft: 2752 corp: 723/84Kb lim: 1276 exec/s: 14845 rss: 695Mb L: 57/1255 MS: 1 EraseBytes-
#757129	REDUCE cov: 581 ft: 2752 corp: 723/84Kb lim: 1276 exec/s: 14845 rss: 695Mb L: 47/1255 MS: 1 EraseBytes-
#757171	NEW    cov: 581 ft: 2754 corp: 724/85Kb lim: 1276 exec/s: 14846 rss: 695Mb L: 1255/1255 MS: 2 ChangeByte-PersAutoDict- DE: "\007\000\000\000"-
#758164	REDUCE cov: 581 ft: 2754 corp: 724/85Kb lim: 1276 exec/s: 14865 rss: 696Mb L: 96/1255 MS: 3 ChangeByte-ShuffleBytes-EraseBytes-
#758404	REDUCE cov: 581 ft: 2756 corp: 725/85Kb lim: 1276 exec/s: 14870 rss: 696Mb L: 15/1255 MS: 5 CopyPart-ChangeBit-CopyPart-CopyPart-InsertByte-
#759461	REDUCE cov: 581 ft: 2756 corp: 725/85Kb lim: 1286 exec/s: 14891 rss: 696Mb L: 186/1255 MS: 2 EraseBytes-CopyPart-
#759627	REDUCE cov: 581 ft: 2756 corp: 725/85Kb lim: 1286 exec/s: 14894 rss: 696Mb L: 13/1255 MS: 1 EraseBytes-
#760663	REDUCE cov: 581 ft: 2756 corp: 725/85Kb lim: 1296 exec/s: 14914 rss: 696Mb L: 355/1255 MS: 1 EraseBytes-
#761244	REDUCE cov: 581 ft: 2756 corp: 725/85Kb lim: 1296 exec/s: 14926 rss: 696Mb L: 18/1255 MS: 1 EraseBytes-
#761255	REDUCE cov: 581 ft: 2756 corp: 725/85Kb lim: 1296 exec/s: 14926 rss: 696Mb L: 32/1255 MS: 1 EraseBytes-
#761946	REDUCE cov: 581 ft: 2756 corp: 725/85Kb lim: 1296 exec/s: 14940 rss: 696Mb L: 13/1255 MS: 1 EraseBytes-
#763088	REDUCE cov: 581 ft: 2756 corp: 725/85Kb lim: 1306 exec/s: 14962 rss: 696Mb L: 29/1255 MS: 2 ShuffleBytes-EraseBytes-
#763449	REDUCE cov: 581 ft: 2756 corp: 725/85Kb lim: 1306 exec/s: 14969 rss: 696Mb L: 722/1255 MS: 1 EraseBytes-
#763544	REDUCE cov: 581 ft: 2756 corp: 725/85Kb lim: 1306 exec/s: 14971 rss: 696Mb L: 394/1255 MS: 5 EraseBytes-ChangeASCIIInt-CopyPart-CopyPart-ChangeBit-
#764061	REDUCE cov: 581 ft: 2756 corp: 725/85Kb lim: 1306 exec/s: 14981 rss: 696Mb L: 36/1255 MS: 2 CopyPart-EraseBytes-
#764827	REDUCE cov: 581 ft: 2756 corp: 725/85Kb lim: 1306 exec/s: 14996 rss: 696Mb L: 11/1255 MS: 1 EraseBytes-
#765095	REDUCE cov: 581 ft: 2756 corp: 725/85Kb lim: 1306 exec/s: 15001 rss: 696Mb L: 62/1255 MS: 3 CMP-EraseBytes-CopyPart- DE: "\000\000\000\000\000\000\000\000"-
#767667	REDUCE cov: 581 ft: 2756 corp: 725/85Kb lim: 1326 exec/s: 14762 rss: 697Mb L: 23/1255 MS: 2 ChangeBinInt-EraseBytes-
#767858	REDUCE cov: 581 ft: 2756 corp: 725/85Kb lim: 1326 exec/s: 14766 rss: 697Mb L: 36/1255 MS: 1 EraseBytes-
#768006	REDUCE cov: 581 ft: 2756 corp: 725/85Kb lim: 1326 exec/s: 14769 rss: 697Mb L: 549/1255 MS: 3 InsertByte-ChangeByte-EraseBytes-
#768211	REDUCE cov: 581 ft: 2756 corp: 725/85Kb lim: 1326 exec/s: 14773 rss: 697Mb L: 260/1255 MS: 5 ChangeASCIIInt-ChangeByte-ChangeBinInt-EraseBytes-CopyPart-
#768732	REDUCE cov: 581 ft: 2756 corp: 725/85Kb lim: 1326 exec/s: 14783 rss: 697Mb L: 451/1255 MS: 1 EraseBytes-
#769388	REDUCE cov: 581 ft: 2756 corp: 725/85Kb lim: 1326 exec/s: 14795 rss: 697Mb L: 29/1255 MS: 1 EraseBytes-
#769392	REDUCE cov: 581 ft: 2756 corp: 725/85Kb lim: 1326 exec/s: 14796 rss: 697Mb L: 34/1255 MS: 4 ChangeBinInt-InsertByte-CopyPart-EraseBytes-
#770574	REDUCE cov: 581 ft: 2758 corp: 726/85Kb lim: 1336 exec/s: 14818 rss: 697Mb L: 9/1255 MS: 2 CopyPart-CopyPart-
#772195	REDUCE cov: 581 ft: 2758 corp: 726/85Kb lim: 1346 exec/s: 14849 rss: 697Mb L: 34/1255 MS: 1 EraseBytes-
#772441	REDUCE cov: 581 ft: 2758 corp: 726/85Kb lim: 1346 exec/s: 14854 rss: 697Mb L: 21/1255 MS: 1 EraseBytes-
#773002	REDUCE cov: 581 ft: 2758 corp: 726/85Kb lim: 1346 exec/s: 14865 rss: 697Mb L: 33/1255 MS: 1 EraseBytes-
#773733	REDUCE cov: 581 ft: 2758 corp: 726/85Kb lim: 1346 exec/s: 14879 rss: 697Mb L: 19/1255 MS: 1 EraseBytes-
#774072	REDUCE cov: 581 ft: 2758 corp: 726/85Kb lim: 1346 exec/s: 14886 rss: 697Mb L: 972/1255 MS: 4 InsertByte-ChangeBit-CopyPart-EraseBytes-
#774728	REDUCE cov: 581 ft: 2758 corp: 726/85Kb lim: 1346 exec/s: 14898 rss: 697Mb L: 52/1255 MS: 1 EraseBytes-
#775284	REDUCE cov: 581 ft: 2758 corp: 726/85Kb lim: 1346 exec/s: 14909 rss: 697Mb L: 872/1255 MS: 1 EraseBytes-
#775586	REDUCE cov: 581 ft: 2758 corp: 726/85Kb lim: 1346 exec/s: 14915 rss: 697Mb L: 1229/1255 MS: 2 CrossOver-EraseBytes-
#776073	REDUCE cov: 581 ft: 2758 corp: 726/85Kb lim: 1346 exec/s: 14924 rss: 697Mb L: 6/1255 MS: 2 EraseBytes-CopyPart-
#776146	REDUCE cov: 581 ft: 2758 corp: 726/85Kb lim: 1346 exec/s: 14925 rss: 697Mb L: 5/1255 MS: 3 CopyPart-CopyPart-EraseBytes-
#777052	REDUCE cov: 581 ft: 2758 corp: 726/85Kb lim: 1346 exec/s: 14943 rss: 697Mb L: 116/1255 MS: 1 EraseBytes-
#778330	REDUCE cov: 581 ft: 2758 corp: 726/85Kb lim: 1356 exec/s: 14967 rss: 697Mb L: 4/1255 MS: 3 InsertByte-EraseBytes-ChangeBinInt-
#779596	REDUCE cov: 581 ft: 2758 corp: 726/85Kb lim: 1366 exec/s: 14992 rss: 697Mb L: 42/1255 MS: 1 EraseBytes-
#781532	REDUCE cov: 581 ft: 2758 corp: 726/85Kb lim: 1376 exec/s: 14745 rss: 697Mb L: 65/1255 MS: 1 EraseBytes-
#782965	REDUCE cov: 581 ft: 2758 corp: 726/85Kb lim: 1386 exec/s: 14772 rss: 697Mb L: 465/1255 MS: 3 InsertByte-InsertByte-EraseBytes-
#785646	REDUCE cov: 581 ft: 2758 corp: 726/85Kb lim: 1406 exec/s: 14823 rss: 698Mb L: 36/1255 MS: 1 EraseBytes-
#787575	REDUCE cov: 581 ft: 2758 corp: 726/85Kb lim: 1416 exec/s: 14859 rss: 698Mb L: 558/1255 MS: 4 ShuffleBytes-EraseBytes-InsertByte-InsertByte-
#787813	REDUCE cov: 581 ft: 2758 corp: 726/85Kb lim: 1416 exec/s: 14864 rss: 699Mb L: 50/1255 MS: 3 ChangeBit-InsertByte-EraseBytes-
#788534	REDUCE cov: 581 ft: 2758 corp: 726/85Kb lim: 1416 exec/s: 14878 rss: 699Mb L: 24/1255 MS: 1 EraseBytes-
#788560	REDUCE cov: 581 ft: 2758 corp: 726/85Kb lim: 1416 exec/s: 14878 rss: 699Mb L: 12/1255 MS: 1 EraseBytes-
#788807	REDUCE cov: 581 ft: 2758 corp: 726/85Kb lim: 1416 exec/s: 14883 rss: 699Mb L: 4/1255 MS: 2 ChangeBit-EraseBytes-
#788938	REDUCE cov: 581 ft: 2758 corp: 726/85Kb lim: 1416 exec/s: 14885 rss: 699Mb L: 7/1255 MS: 1 EraseBytes-
#789984	REDUCE cov: 581 ft: 2758 corp: 726/85Kb lim: 1426 exec/s: 14905 rss: 699Mb L: 178/1255 MS: 1 EraseBytes-
#790615	REDUCE cov: 581 ft: 2759 corp: 727/85Kb lim: 1426 exec/s: 14917 rss: 699Mb L: 136/1255 MS: 1 InsertRepeatedBytes-
#790906	REDUCE cov: 581 ft: 2759 corp: 727/85Kb lim: 1426 exec/s: 14922 rss: 699Mb L: 12/1255 MS: 1 EraseBytes-
#791232	REDUCE cov: 581 ft: 2759 corp: 727/85Kb lim: 1426 exec/s: 14928 rss: 700Mb L: 18/1255 MS: 1 EraseBytes-
#791986	REDUCE cov: 581 ft: 2759 corp: 727/85Kb lim: 1426 exec/s: 14666 rss: 700Mb L: 11/1255 MS: 4 CMP-ChangeByte-EraseBytes-CopyPart- DE: "\001\231"-
#792634	REDUCE cov: 581 ft: 2759 corp: 727/85Kb lim: 1426 exec/s: 14678 rss: 700Mb L: 221/1255 MS: 3 ChangeASCIIInt-ShuffleBytes-EraseBytes-
#792975	REDUCE cov: 581 ft: 2759 corp: 727/85Kb lim: 1426 exec/s: 14684 rss: 700Mb L: 161/1255 MS: 1 EraseBytes-
#793556	REDUCE cov: 581 ft: 2759 corp: 727/85Kb lim: 1426 exec/s: 14695 rss: 700Mb L: 21/1255 MS: 1 EraseBytes-
#793818	REDUCE cov: 581 ft: 2759 corp: 727/85Kb lim: 1426 exec/s: 14700 rss: 700Mb L: 129/1255 MS: 2 ChangeBinInt-EraseBytes-
#793917	REDUCE cov: 581 ft: 2760 corp: 728/86Kb lim: 1426 exec/s: 14702 rss: 700Mb L: 1155/1255 MS: 4 ShuffleBytes-CopyPart-InsertRepeatedBytes-CopyPart-
#794205	REDUCE cov: 581 ft: 2760 corp: 728/86Kb lim: 1426 exec/s: 14707 rss: 700Mb L: 834/1255 MS: 3 CopyPart-ChangeBinInt-EraseBytes-
#794206	REDUCE cov: 581 ft: 2760 corp: 728/86Kb lim: 1426 exec/s: 14707 rss: 700Mb L: 6/1255 MS: 1 EraseBytes-
#794557	REDUCE cov: 581 ft: 2760 corp: 728/86Kb lim: 1426 exec/s: 14714 rss: 700Mb L: 8/1255 MS: 1 EraseBytes-
#795088	REDUCE cov: 581 ft: 2760 corp: 728/86Kb lim: 1426 exec/s: 14723 rss: 700Mb L: 41/1255 MS: 1 EraseBytes-
#795240	REDUCE cov: 581 ft: 2760 corp: 728/86Kb lim: 1426 exec/s: 14726 rss: 700Mb L: 12/1255 MS: 2 ChangeBinInt-EraseBytes-
#796844	REDUCE cov: 581 ft: 2760 corp: 728/86Kb lim: 1436 exec/s: 14756 rss: 700Mb L: 1123/1255 MS: 4 ChangeASCIIInt-ShuffleBytes-CopyPart-EraseBytes-
#797525	REDUCE cov: 581 ft: 2760 corp: 728/86Kb lim: 1436 exec/s: 14768 rss: 700Mb L: 211/1255 MS: 1 EraseBytes-
#799119	REDUCE cov: 581 ft: 2760 corp: 728/86Kb lim: 1446 exec/s: 14798 rss: 700Mb L: 63/1255 MS: 4 ShuffleBytes-ShuffleBytes-EraseBytes-ChangeBinInt-
#799235	REDUCE cov: 581 ft: 2760 corp: 728/86Kb lim: 1446 exec/s: 14800 rss: 700Mb L: 376/1255 MS: 1 EraseBytes-
#799311	REDUCE cov: 581 ft: 2760 corp: 728/86Kb lim: 1446 exec/s: 14802 rss: 700Mb L: 71/1255 MS: 1 EraseBytes-
#799832	REDUCE cov: 581 ft: 2760 corp: 728/86Kb lim: 1446 exec/s: 14811 rss: 700Mb L: 59/1255 MS: 1 EraseBytes-
#799961	REDUCE cov: 581 ft: 2760 corp: 728/86Kb lim: 1446 exec/s: 14814 rss: 700Mb L: 221/1255 MS: 4 ChangeByte-InsertByte-ChangeASCIIInt-EraseBytes-
#800125	REDUCE cov: 581 ft: 2760 corp: 728/86Kb lim: 1446 exec/s: 14817 rss: 700Mb L: 156/1255 MS: 4 ChangeBinInt-ChangeASCIIInt-ChangeBit-EraseBytes-
#800196	REDUCE cov: 581 ft: 2760 corp: 728/86Kb lim: 1446 exec/s: 14818 rss: 700Mb L: 9/1255 MS: 1 EraseBytes-
#800368	REDUCE cov: 581 ft: 2760 corp: 728/86Kb lim: 1446 exec/s: 14821 rss: 700Mb L: 105/1255 MS: 2 CrossOver-EraseBytes-
#800986	REDUCE cov: 581 ft: 2760 corp: 728/86Kb lim: 1446 exec/s: 14833 rss: 700Mb L: 18/1255 MS: 3 ChangeByte-InsertByte-EraseBytes-
#801170	REDUCE cov: 581 ft: 2765 corp: 729/87Kb lim: 1446 exec/s: 14836 rss: 700Mb L: 1434/1434 MS: 4 PersAutoDict-ChangeBinInt-PersAutoDict-CopyPart- DE: "\377\204"-"\377\377\377\177"-
#802286	REDUCE cov: 581 ft: 2765 corp: 729/87Kb lim: 1456 exec/s: 14857 rss: 700Mb L: 99/1434 MS: 1 EraseBytes-
#802711	REDUCE cov: 581 ft: 2765 corp: 729/87Kb lim: 1456 exec/s: 14865 rss: 700Mb L: 68/1434 MS: 5 CopyPart-InsertByte-ChangeBinInt-PersAutoDict-EraseBytes- DE: "\000\000\000\007"-
#803243	REDUCE cov: 581 ft: 2765 corp: 729/87Kb lim: 1456 exec/s: 14874 rss: 700Mb L: 836/1434 MS: 2 ChangeBit-EraseBytes-
#803244	REDUCE cov: 581 ft: 2765 corp: 729/87Kb lim: 1456 exec/s: 14874 rss: 700Mb L: 11/1434 MS: 1 EraseBytes-
#804121	REDUCE cov: 581 ft: 2765 corp: 729/87Kb lim: 1456 exec/s: 14891 rss: 700Mb L: 3/1434 MS: 2 ChangeBit-EraseBytes-
#804587	REDUCE cov: 581 ft: 2765 corp: 729/87Kb lim: 1456 exec/s: 14628 rss: 700Mb L: 1417/1417 MS: 1 EraseBytes-
#804648	REDUCE cov: 581 ft: 2765 corp: 729/87Kb lim: 1456 exec/s: 14629 rss: 700Mb L: 417/1417 MS: 1 EraseBytes-
#804886	REDUCE cov: 581 ft: 2765 corp: 729/87Kb lim: 1456 exec/s: 14634 rss: 700Mb L: 108/1417 MS: 3 CopyPart-CopyPart-EraseBytes-
#805513	REDUCE cov: 581 ft: 2765 corp: 729/87Kb lim: 1456 exec/s: 14645 rss: 700Mb L: 48/1417 MS: 2 ChangeBit-EraseBytes-
#806329	REDUCE cov: 581 ft: 2765 corp: 729/87Kb lim: 1456 exec/s: 14660 rss: 700Mb L: 407/1417 MS: 1 EraseBytes-
#807545	REDUCE cov: 581 ft: 2765 corp: 729/87Kb lim: 1466 exec/s: 14682 rss: 700Mb L: 869/1417 MS: 1 EraseBytes-
#809101	REDUCE cov: 581 ft: 2765 corp: 729/87Kb lim: 1476 exec/s: 14710 rss: 700Mb L: 59/1417 MS: 1 EraseBytes-
#809427	REDUCE cov: 581 ft: 2765 corp: 729/87Kb lim: 1476 exec/s: 14716 rss: 700Mb L: 53/1417 MS: 1 EraseBytes-
#810268	REDUCE cov: 581 ft: 2765 corp: 729/87Kb lim: 1476 exec/s: 14732 rss: 700Mb L: 352/1417 MS: 1 EraseBytes-
#810506	REDUCE cov: 581 ft: 2765 corp: 729/87Kb lim: 1476 exec/s: 14736 rss: 700Mb L: 363/1417 MS: 3 ShuffleBytes-ChangeByte-EraseBytes-
#810700	REDUCE cov: 581 ft: 2765 corp: 729/87Kb lim: 1476 exec/s: 14740 rss: 700Mb L: 16/1417 MS: 4 InsertByte-CopyPart-ChangeByte-EraseBytes-
#811733	REDUCE cov: 581 ft: 2765 corp: 729/87Kb lim: 1486 exec/s: 14758 rss: 700Mb L: 181/1417 MS: 3 ChangeByte-EraseBytes-CopyPart-
#811969	REDUCE cov: 581 ft: 2765 corp: 729/87Kb lim: 1486 exec/s: 14763 rss: 700Mb L: 24/1417 MS: 1 EraseBytes-
#813921	REDUCE cov: 581 ft: 2765 corp: 729/87Kb lim: 1496 exec/s: 14798 rss: 700Mb L: 31/1417 MS: 2 ShuffleBytes-EraseBytes-
#813967	REDUCE cov: 581 ft: 2765 corp: 729/87Kb lim: 1496 exec/s: 14799 rss: 700Mb L: 405/1417 MS: 1 EraseBytes-
#814680	REDUCE cov: 581 ft: 2765 corp: 729/87Kb lim: 1496 exec/s: 14812 rss: 700Mb L: 38/1417 MS: 3 InsertByte-InsertByte-EraseBytes-
#816382	REDUCE cov: 581 ft: 2765 corp: 729/87Kb lim: 1506 exec/s: 14843 rss: 700Mb L: 29/1417 MS: 2 PersAutoDict-EraseBytes- DE: "\0010"-
#816480	REDUCE cov: 581 ft: 2765 corp: 729/87Kb lim: 1506 exec/s: 14845 rss: 700Mb L: 60/1417 MS: 3 ChangeByte-ChangeBit-EraseBytes-
#816978	REDUCE cov: 581 ft: 2765 corp: 729/87Kb lim: 1506 exec/s: 14588 rss: 700Mb L: 952/1417 MS: 3 ChangeByte-ChangeBit-EraseBytes-
#817164	REDUCE cov: 581 ft: 2765 corp: 729/87Kb lim: 1506 exec/s: 14592 rss: 700Mb L: 714/1417 MS: 1 EraseBytes-
#817177	NEW    cov: 581 ft: 2769 corp: 730/88Kb lim: 1506 exec/s: 14592 rss: 700Mb L: 703/1417 MS: 3 CrossOver-CrossOver-CopyPart-
#817419	REDUCE cov: 581 ft: 2769 corp: 730/88Kb lim: 1506 exec/s: 14596 rss: 700Mb L: 29/1417 MS: 2 ChangeByte-EraseBytes-
#817581	REDUCE cov: 581 ft: 2772 corp: 731/89Kb lim: 1506 exec/s: 14599 rss: 700Mb L: 1394/1417 MS: 2 PersAutoDict-CopyPart- DE: "\377\377\377\377\377\377\377d"-
#817870	REDUCE cov: 581 ft: 2772 corp: 731/89Kb lim: 1506 exec/s: 14604 rss: 700Mb L: 27/1417 MS: 4 ChangeByte-ChangeBit-ChangeASCIIInt-EraseBytes-
#817947	REDUCE cov: 581 ft: 2772 corp: 731/89Kb lim: 1506 exec/s: 14606 rss: 700Mb L: 120/1417 MS: 2 ChangeBinInt-EraseBytes-
#818053	REDUCE cov: 581 ft: 2772 corp: 731/89Kb lim: 1506 exec/s: 14608 rss: 700Mb L: 5/1417 MS: 1 EraseBytes-
#819258	REDUCE cov: 581 ft: 2776 corp: 732/90Kb lim: 1516 exec/s: 14629 rss: 701Mb L: 1152/1417 MS: 5 ChangeBit-EraseBytes-CrossOver-EraseBytes-CopyPart-
#819951	REDUCE cov: 581 ft: 2777 corp: 733/91Kb lim: 1516 exec/s: 14641 rss: 702Mb L: 471/1417 MS: 3 CrossOver-InsertRepeatedBytes-CrossOver-
#820034	REDUCE cov: 581 ft: 2777 corp: 733/91Kb lim: 1516 exec/s: 14643 rss: 702Mb L: 137/1417 MS: 3 InsertByte-PersAutoDict-EraseBytes- DE: "\005\000\000\000\000\000\000\000"-
#821463	REDUCE cov: 581 ft: 2777 corp: 733/90Kb lim: 1526 exec/s: 14668 rss: 703Mb L: 998/1417 MS: 4 PersAutoDict-ShuffleBytes-CMP-EraseBytes- DE: "\377\374"-"\001\000\000\000\000\000\002)"-
#821875	REDUCE cov: 581 ft: 2777 corp: 733/90Kb lim: 1526 exec/s: 14676 rss: 703Mb L: 1312/1417 MS: 2 ShuffleBytes-EraseBytes-
#822111	REDUCE cov: 581 ft: 2777 corp: 733/90Kb lim: 1526 exec/s: 14680 rss: 703Mb L: 16/1417 MS: 1 EraseBytes-
#822468	REDUCE cov: 581 ft: 2777 corp: 733/90Kb lim: 1526 exec/s: 14686 rss: 703Mb L: 17/1417 MS: 2 ChangeBit-EraseBytes-
#823308	REDUCE cov: 581 ft: 2777 corp: 733/90Kb lim: 1526 exec/s: 14701 rss: 703Mb L: 521/1417 MS: 5 ChangeByte-EraseBytes-InsertRepeatedBytes-ChangeBinInt-CopyPart-
#823959	REDUCE cov: 581 ft: 2777 corp: 733/90Kb lim: 1526 exec/s: 14713 rss: 703Mb L: 922/1417 MS: 1 EraseBytes-
#824205	REDUCE cov: 581 ft: 2777 corp: 733/90Kb lim: 1526 exec/s: 14717 rss: 704Mb L: 7/1417 MS: 1 EraseBytes-
#825261	REDUCE cov: 581 ft: 2777 corp: 733/90Kb lim: 1536 exec/s: 14736 rss: 705Mb L: 158/1417 MS: 1 EraseBytes-
#826062	REDUCE cov: 581 ft: 2777 corp: 733/90Kb lim: 1536 exec/s: 14751 rss: 705Mb L: 6/1417 MS: 1 EraseBytes-
#826703	REDUCE cov: 581 ft: 2777 corp: 733/90Kb lim: 1536 exec/s: 14762 rss: 705Mb L: 3/1417 MS: 1 EraseBytes-
#827279	REDUCE cov: 581 ft: 2777 corp: 733/90Kb lim: 1536 exec/s: 14772 rss: 706Mb L: 554/1417 MS: 1 EraseBytes-
#828345	REDUCE cov: 581 ft: 2777 corp: 733/90Kb lim: 1546 exec/s: 14791 rss: 706Mb L: 470/1417 MS: 1 EraseBytes-
#828596	REDUCE cov: 581 ft: 2777 corp: 733/90Kb lim: 1546 exec/s: 14536 rss: 706Mb L: 352/1417 MS: 1 EraseBytes-
#829591	REDUCE cov: 581 ft: 2777 corp: 733/90Kb lim: 1546 exec/s: 14554 rss: 707Mb L: 785/1417 MS: 5 PersAutoDict-ShuffleBytes-CopyPart-ChangeASCIIInt-CrossOver- DE: "(\000"-
#829903	REDUCE cov: 581 ft: 2777 corp: 733/90Kb lim: 1546 exec/s: 14559 rss: 707Mb L: 162/1417 MS: 2 ChangeASCIIInt-EraseBytes-
#830089	REDUCE cov: 581 ft: 2777 corp: 733/90Kb lim: 1546 exec/s: 14562 rss: 707Mb L: 16/1417 MS: 1 EraseBytes-
#830276	REDUCE cov: 581 ft: 2777 corp: 733/90Kb lim: 1546 exec/s: 14566 rss: 707Mb L: 439/1417 MS: 2 CopyPart-EraseBytes-
#832328	REDUCE cov: 581 ft: 2777 corp: 733/90Kb lim: 1566 exec/s: 14602 rss: 708Mb L: 179/1417 MS: 2 ShuffleBytes-EraseBytes-
#832414	REDUCE cov: 581 ft: 2777 corp: 733/90Kb lim: 1566 exec/s: 14603 rss: 708Mb L: 462/1417 MS: 1 EraseBytes-
#832855	REDUCE cov: 581 ft: 2781 corp: 734/91Kb lim: 1566 exec/s: 14611 rss: 708Mb L: 1348/1417 MS: 1 CopyPart-
#833387	REDUCE cov: 581 ft: 2781 corp: 734/91Kb lim: 1566 exec/s: 14620 rss: 708Mb L: 43/1417 MS: 2 ShuffleBytes-EraseBytes-
#834583	REDUCE cov: 581 ft: 2781 corp: 734/91Kb lim: 1576 exec/s: 14641 rss: 708Mb L: 25/1417 MS: 1 EraseBytes-
#834615	REDUCE cov: 581 ft: 2781 corp: 734/91Kb lim: 1576 exec/s: 14642 rss: 708Mb L: 824/1417 MS: 2 ShuffleBytes-EraseBytes-
#834791	REDUCE cov: 581 ft: 2781 corp: 734/91Kb lim: 1576 exec/s: 14645 rss: 709Mb L: 101/1417 MS: 1 EraseBytes-
#836552	REDUCE cov: 581 ft: 2781 corp: 734/91Kb lim: 1586 exec/s: 14676 rss: 709Mb L: 29/1417 MS: 1 EraseBytes-
#836898	REDUCE cov: 581 ft: 2781 corp: 734/91Kb lim: 1586 exec/s: 14682 rss: 709Mb L: 33/1417 MS: 1 EraseBytes-
#837659	REDUCE cov: 581 ft: 2781 corp: 734/91Kb lim: 1586 exec/s: 14695 rss: 709Mb L: 247/1417 MS: 1 EraseBytes-
#840356	REDUCE cov: 581 ft: 2781 corp: 734/91Kb lim: 1606 exec/s: 14488 rss: 709Mb L: 346/1417 MS: 2 CrossOver-EraseBytes-
#840964	REDUCE cov: 581 ft: 2781 corp: 734/91Kb lim: 1606 exec/s: 14499 rss: 710Mb L: 1249/1417 MS: 3 InsertByte-EraseBytes-CopyPart-
#840985	REDUCE cov: 581 ft: 2781 corp: 734/91Kb lim: 1606 exec/s: 14499 rss: 710Mb L: 46/1417 MS: 1 EraseBytes-
#841022	REDUCE cov: 581 ft: 2781 corp: 734/91Kb lim: 1606 exec/s: 14500 rss: 710Mb L: 122/1417 MS: 2 ChangeBinInt-EraseBytes-
#841053	REDUCE cov: 581 ft: 2781 corp: 734/91Kb lim: 1606 exec/s: 14500 rss: 710Mb L: 10/1417 MS: 1 EraseBytes-
#841095	REDUCE cov: 581 ft: 2790 corp: 735/93Kb lim: 1606 exec/s: 14501 rss: 710Mb L: 1555/1555 MS: 2 ChangeBit-CopyPart-
#841151	REDUCE cov: 581 ft: 2790 corp: 735/93Kb lim: 1606 exec/s: 14502 rss: 710Mb L: 26/1555 MS: 1 EraseBytes-
#841171	REDUCE cov: 581 ft: 2791 corp: 736/94Kb lim: 1606 exec/s: 14502 rss: 710Mb L: 1504/1555 MS: 5 CopyPart-CrossOver-ShuffleBytes-InsertByte-CopyPart-
#841962	REDUCE cov: 581 ft: 2791 corp: 736/94Kb lim: 1606 exec/s: 14516 rss: 710Mb L: 918/1555 MS: 1 EraseBytes-
#842233	REDUCE cov: 581 ft: 2791 corp: 736/94Kb lim: 1606 exec/s: 14521 rss: 710Mb L: 50/1555 MS: 1 EraseBytes-
#842594	REDUCE cov: 581 ft: 2791 corp: 736/94Kb lim: 1606 exec/s: 14527 rss: 710Mb L: 32/1555 MS: 1 EraseBytes-
#842997	REDUCE cov: 581 ft: 2793 corp: 737/96Kb lim: 1606 exec/s: 14534 rss: 711Mb L: 1600/1600 MS: 3 InsertByte-ChangeBit-CopyPart-
#843453	REDUCE cov: 581 ft: 2793 corp: 737/96Kb lim: 1606 exec/s: 14542 rss: 711Mb L: 90/1600 MS: 1 EraseBytes-
#843669	REDUCE cov: 581 ft: 2793 corp: 737/96Kb lim: 1606 exec/s: 14546 rss: 711Mb L: 179/1600 MS: 1 EraseBytes-
#844556	REDUCE cov: 581 ft: 2793 corp: 737/96Kb lim: 1606 exec/s: 14561 rss: 712Mb L: 61/1600 MS: 2 ChangeBit-EraseBytes-
#844848	REDUCE cov: 581 ft: 2793 corp: 737/96Kb lim: 1606 exec/s: 14566 rss: 713Mb L: 85/1600 MS: 2 CrossOver-EraseBytes-
#845015	REDUCE cov: 581 ft: 2793 corp: 737/95Kb lim: 1606 exec/s: 14569 rss: 713Mb L: 674/1600 MS: 2 CopyPart-EraseBytes-
#845746	REDUCE cov: 581 ft: 2795 corp: 738/97Kb lim: 1606 exec/s: 14581 rss: 713Mb L: 1493/1600 MS: 1 CopyPart-
#847136	REDUCE cov: 581 ft: 2795 corp: 738/97Kb lim: 1616 exec/s: 14605 rss: 715Mb L: 90/1600 MS: 5 ChangeBit-ChangeByte-ChangeByte-CopyPart-EraseBytes-
#847278	REDUCE cov: 581 ft: 2795 corp: 738/97Kb lim: 1616 exec/s: 14608 rss: 715Mb L: 531/1600 MS: 2 ChangeBinInt-EraseBytes-
#847289	NEW    cov: 581 ft: 2796 corp: 739/98Kb lim: 1616 exec/s: 14608 rss: 716Mb L: 1579/1600 MS: 1 CopyPart-
#847531	REDUCE cov: 581 ft: 2796 corp: 739/98Kb lim: 1616 exec/s: 14612 rss: 716Mb L: 88/1600 MS: 2 ChangeBinInt-EraseBytes-
#848212	REDUCE cov: 581 ft: 2796 corp: 739/98Kb lim: 1616 exec/s: 14624 rss: 717Mb L: 1101/1600 MS: 1 CrossOver-
#848298	REDUCE cov: 581 ft: 2796 corp: 739/98Kb lim: 1616 exec/s: 14625 rss: 717Mb L: 860/1600 MS: 1 EraseBytes-
#848884	REDUCE cov: 581 ft: 2796 corp: 739/98Kb lim: 1616 exec/s: 14635 rss: 717Mb L: 35/1600 MS: 1 EraseBytes-
#849125	REDUCE cov: 581 ft: 2796 corp: 739/98Kb lim: 1616 exec/s: 14640 rss: 717Mb L: 31/1600 MS: 1 EraseBytes-
#850647	REDUCE cov: 581 ft: 2796 corp: 739/98Kb lim: 1626 exec/s: 14417 rss: 719Mb L: 1501/1600 MS: 2 ChangeBit-EraseBytes-
#850730	REDUCE cov: 581 ft: 2796 corp: 739/98Kb lim: 1626 exec/s: 14419 rss: 720Mb L: 10/1600 MS: 3 ShuffleBytes-ChangeBit-EraseBytes-
#851966	REDUCE cov: 581 ft: 2796 corp: 739/98Kb lim: 1636 exec/s: 14440 rss: 720Mb L: 27/1600 MS: 1 EraseBytes-
#852132	REDUCE cov: 581 ft: 2796 corp: 739/98Kb lim: 1636 exec/s: 14442 rss: 720Mb L: 7/1600 MS: 1 EraseBytes-
#852649	REDUCE cov: 581 ft: 2796 corp: 739/98Kb lim: 1636 exec/s: 14451 rss: 720Mb L: 675/1600 MS: 2 ChangeByte-EraseBytes-
#852840	REDUCE cov: 581 ft: 2796 corp: 739/98Kb lim: 1636 exec/s: 14454 rss: 720Mb L: 980/1600 MS: 1 EraseBytes-
#853966	REDUCE cov: 581 ft: 2796 corp: 739/98Kb lim: 1646 exec/s: 14474 rss: 721Mb L: 25/1600 MS: 1 EraseBytes-
#853988	REDUCE cov: 581 ft: 2796 corp: 739/98Kb lim: 1646 exec/s: 14474 rss: 721Mb L: 48/1600 MS: 2 InsertByte-EraseBytes-
#854589	REDUCE cov: 581 ft: 2796 corp: 739/98Kb lim: 1646 exec/s: 14484 rss: 722Mb L: 366/1600 MS: 1 EraseBytes-
#854602	REDUCE cov: 581 ft: 2798 corp: 740/98Kb lim: 1646 exec/s: 14484 rss: 722Mb L: 103/1600 MS: 3 InsertRepeatedBytes-CopyPart-EraseBytes-
#854895	REDUCE cov: 581 ft: 2798 corp: 740/98Kb lim: 1646 exec/s: 14489 rss: 722Mb L: 158/1600 MS: 3 PersAutoDict-ChangeByte-EraseBytes- DE: "\323\377\377\377"-
#854927	REDUCE cov: 581 ft: 2798 corp: 740/98Kb lim: 1646 exec/s: 14490 rss: 722Mb L: 1099/1600 MS: 2 ChangeByte-EraseBytes-
#855623	REDUCE cov: 581 ft: 2798 corp: 740/98Kb lim: 1646 exec/s: 14502 rss: 722Mb L: 764/1600 MS: 1 EraseBytes-
#856089	REDUCE cov: 581 ft: 2798 corp: 740/98Kb lim: 1646 exec/s: 14509 rss: 722Mb L: 118/1600 MS: 1 EraseBytes-
#857002	REDUCE cov: 581 ft: 2798 corp: 740/98Kb lim: 1646 exec/s: 14525 rss: 724Mb L: 359/1600 MS: 3 ChangeBinInt-ChangeBit-EraseBytes-
#857393	REDUCE cov: 581 ft: 2798 corp: 740/98Kb lim: 1646 exec/s: 14532 rss: 724Mb L: 35/1600 MS: 1 EraseBytes-
#857610	REDUCE cov: 581 ft: 2798 corp: 740/98Kb lim: 1646 exec/s: 14535 rss: 724Mb L: 19/1600 MS: 2 ChangeBit-EraseBytes-
#858321	REDUCE cov: 581 ft: 2798 corp: 740/98Kb lim: 1646 exec/s: 14547 rss: 724Mb L: 24/1600 MS: 1 EraseBytes-
#858722	REDUCE cov: 581 ft: 2798 corp: 740/98Kb lim: 1646 exec/s: 14554 rss: 724Mb L: 26/1600 MS: 1 EraseBytes-
#860588	REDUCE cov: 581 ft: 2798 corp: 740/98Kb lim: 1656 exec/s: 14586 rss: 727Mb L: 165/1600 MS: 1 EraseBytes-
#861349	REDUCE cov: 581 ft: 2798 corp: 740/98Kb lim: 1656 exec/s: 14355 rss: 728Mb L: 79/1600 MS: 1 EraseBytes-
#861360	REDUCE cov: 581 ft: 2798 corp: 740/98Kb lim: 1656 exec/s: 14356 rss: 728Mb L: 34/1600 MS: 1 EraseBytes-
#861443	REDUCE cov: 581 ft: 2798 corp: 740/98Kb lim: 1656 exec/s: 14357 rss: 728Mb L: 1344/1600 MS: 3 ChangeBinInt-ChangeBinInt-EraseBytes-
#861785	REDUCE cov: 581 ft: 2798 corp: 740/98Kb lim: 1656 exec/s: 14363 rss: 729Mb L: 245/1600 MS: 2 CopyPart-EraseBytes-
#863001	REDUCE cov: 581 ft: 2798 corp: 740/98Kb lim: 1666 exec/s: 14383 rss: 730Mb L: 56/1600 MS: 1 EraseBytes-
#863343	REDUCE cov: 581 ft: 2798 corp: 740/98Kb lim: 1666 exec/s: 14389 rss: 730Mb L: 46/1600 MS: 2 PersAutoDict-EraseBytes- DE: "z\000"-
#863555	REDUCE cov: 581 ft: 2798 corp: 740/98Kb lim: 1666 exec/s: 14392 rss: 730Mb L: 388/1600 MS: 2 PersAutoDict-EraseBytes- DE: "\001\000\000\000\000\000\000\027"-
#864206	REDUCE cov: 581 ft: 2798 corp: 740/98Kb lim: 1666 exec/s: 14403 rss: 731Mb L: 3/1600 MS: 1 EraseBytes-
#865353	REDUCE cov: 581 ft: 2798 corp: 740/98Kb lim: 1676 exec/s: 14422 rss: 733Mb L: 24/1600 MS: 2 ChangeByte-EraseBytes-
#866033	REDUCE cov: 581 ft: 2800 corp: 741/99Kb lim: 1676 exec/s: 14433 rss: 734Mb L: 1315/1600 MS: 5 ChangeBit-CrossOver-InsertRepeatedBytes-ChangeBinInt-CrossOver-
#866162	REDUCE cov: 581 ft: 2800 corp: 741/99Kb lim: 1676 exec/s: 14436 rss: 734Mb L: 1286/1600 MS: 4 ChangeBinInt-ShuffleBytes-ChangeBit-EraseBytes-
#866163	REDUCE cov: 581 ft: 2800 corp: 741/99Kb lim: 1676 exec/s: 14436 rss: 734Mb L: 443/1600 MS: 1 EraseBytes-
#866604	REDUCE cov: 581 ft: 2800 corp: 741/99Kb lim: 1676 exec/s: 14443 rss: 734Mb L: 560/1600 MS: 1 EraseBytes-
#866673	REDUCE cov: 581 ft: 2802 corp: 742/101Kb lim: 1676 exec/s: 14444 rss: 734Mb L: 1629/1629 MS: 4 ChangeBit-ChangeASCIIInt-CMP-CopyPart- DE: "\377\377\377\377\377\377\377\177"-
#867176	REDUCE cov: 581 ft: 2802 corp: 742/101Kb lim: 1676 exec/s: 14452 rss: 735Mb L: 24/1629 MS: 3 ChangeBinInt-ChangeBit-EraseBytes-
#867252	REDUCE cov: 581 ft: 2802 corp: 742/101Kb lim: 1676 exec/s: 14454 rss: 735Mb L: 20/1629 MS: 1 EraseBytes-
#867697	REDUCE cov: 581 ft: 2802 corp: 742/101Kb lim: 1676 exec/s: 14461 rss: 735Mb L: 538/1629 MS: 5 ShuffleBytes-CrossOver-ChangeBinInt-ChangeByte-CopyPart-
#868403	REDUCE cov: 581 ft: 2802 corp: 742/101Kb lim: 1676 exec/s: 14473 rss: 736Mb L: 1421/1600 MS: 1 CrossOver-
#868959	REDUCE cov: 581 ft: 2802 corp: 742/101Kb lim: 1676 exec/s: 14482 rss: 737Mb L: 56/1600 MS: 1 EraseBytes-
#869096	REDUCE cov: 581 ft: 2802 corp: 742/101Kb lim: 1676 exec/s: 14484 rss: 737Mb L: 138/1600 MS: 2 CopyPart-EraseBytes-
#869188	REDUCE cov: 581 ft: 2802 corp: 742/101Kb lim: 1676 exec/s: 14486 rss: 737Mb L: 558/1600 MS: 2 ChangeBit-EraseBytes-
#869404	REDUCE cov: 581 ft: 2802 corp: 742/101Kb lim: 1676 exec/s: 14490 rss: 737Mb L: 1477/1600 MS: 1 EraseBytes-
#869705	REDUCE cov: 581 ft: 2802 corp: 742/101Kb lim: 1676 exec/s: 14495 rss: 737Mb L: 30/1600 MS: 1 EraseBytes-
#871624	REDUCE cov: 581 ft: 2802 corp: 742/101Kb lim: 1686 exec/s: 14527 rss: 740Mb L: 5/1600 MS: 4 CrossOver-EraseBytes-EraseBytes-CopyPart-
#872099	REDUCE cov: 581 ft: 2802 corp: 742/101Kb lim: 1686 exec/s: 14534 rss: 740Mb L: 555/1600 MS: 5 InsertByte-PersAutoDict-CopyPart-CopyPart-EraseBytes- DE: "\000\376"-
#872298	REDUCE cov: 581 ft: 2802 corp: 742/101Kb lim: 1686 exec/s: 14299 rss: 740Mb L: 11/1600 MS: 4 ChangeBit-ChangeByte-ChangeByte-EraseBytes-
#873016	REDUCE cov: 581 ft: 2802 corp: 742/101Kb lim: 1686 exec/s: 14311 rss: 740Mb L: 363/1600 MS: 3 EraseBytes-InsertByte-CopyPart-
#873692	REDUCE cov: 581 ft: 2802 corp: 742/101Kb lim: 1686 exec/s: 14322 rss: 740Mb L: 5/1600 MS: 1 EraseBytes-
#874093	REDUCE cov: 581 ft: 2802 corp: 742/101Kb lim: 1686 exec/s: 14329 rss: 740Mb L: 19/1600 MS: 1 EraseBytes-
#874789	REDUCE cov: 581 ft: 2802 corp: 742/101Kb lim: 1686 exec/s: 14340 rss: 740Mb L: 526/1600 MS: 1 EraseBytes-
#874855	REDUCE cov: 581 ft: 2802 corp: 742/101Kb lim: 1686 exec/s: 14341 rss: 740Mb L: 17/1600 MS: 1 EraseBytes-
#874972	NEW    cov: 581 ft: 2806 corp: 743/102Kb lim: 1686 exec/s: 14343 rss: 740Mb L: 1541/1600 MS: 2 ChangeByte-CopyPart-
#875063	REDUCE cov: 581 ft: 2806 corp: 743/102Kb lim: 1686 exec/s: 14345 rss: 740Mb L: 13/1600 MS: 1 EraseBytes-
#875226	REDUCE cov: 581 ft: 2806 corp: 743/102Kb lim: 1686 exec/s: 14347 rss: 740Mb L: 1100/1600 MS: 3 ChangeByte-ChangeBinInt-EraseBytes-
#875244	REDUCE cov: 581 ft: 2806 corp: 743/102Kb lim: 1686 exec/s: 14348 rss: 740Mb L: 973/1600 MS: 3 CrossOver-EraseBytes-CopyPart-
#875982	REDUCE cov: 581 ft: 2806 corp: 743/102Kb lim: 1686 exec/s: 14360 rss: 741Mb L: 171/1600 MS: 3 ShuffleBytes-CopyPart-EraseBytes-
#876118	REDUCE cov: 581 ft: 2806 corp: 743/102Kb lim: 1686 exec/s: 14362 rss: 741Mb L: 35/1600 MS: 1 EraseBytes-
#876119	REDUCE cov: 581 ft: 2806 corp: 743/102Kb lim: 1686 exec/s: 14362 rss: 741Mb L: 6/1600 MS: 1 EraseBytes-
#876154	REDUCE cov: 581 ft: 2806 corp: 743/102Kb lim: 1686 exec/s: 14363 rss: 741Mb L: 916/1600 MS: 5 InsertByte-CopyPart-EraseBytes-PersAutoDict-EraseBytes- DE: "\001h"-
#877946	REDUCE cov: 581 ft: 2806 corp: 743/102Kb lim: 1696 exec/s: 14392 rss: 741Mb L: 811/1600 MS: 2 EraseBytes-ChangeByte-
#878598	REDUCE cov: 581 ft: 2806 corp: 743/102Kb lim: 1696 exec/s: 14403 rss: 741Mb L: 17/1600 MS: 2 ChangeBinInt-EraseBytes-
#879295	REDUCE cov: 581 ft: 2806 corp: 743/102Kb lim: 1696 exec/s: 14414 rss: 741Mb L: 169/1600 MS: 2 CrossOver-EraseBytes-
#879442	REDUCE cov: 581 ft: 2806 corp: 743/102Kb lim: 1696 exec/s: 14417 rss: 741Mb L: 352/1600 MS: 2 ShuffleBytes-EraseBytes-
#879585	NEW    cov: 581 ft: 2812 corp: 744/103Kb lim: 1696 exec/s: 14419 rss: 741Mb L: 1637/1637 MS: 3 ShuffleBytes-CopyPart-CopyPart-
#879656	REDUCE cov: 581 ft: 2812 corp: 744/103Kb lim: 1696 exec/s: 14420 rss: 741Mb L: 342/1637 MS: 1 EraseBytes-
#880402	REDUCE cov: 581 ft: 2812 corp: 744/103Kb lim: 1696 exec/s: 14432 rss: 741Mb L: 700/1637 MS: 1 EraseBytes-
#880924	REDUCE cov: 581 ft: 2812 corp: 744/103Kb lim: 1696 exec/s: 14441 rss: 741Mb L: 316/1637 MS: 2 ChangeASCIIInt-EraseBytes-
#881019	REDUCE cov: 581 ft: 2812 corp: 744/103Kb lim: 1696 exec/s: 14442 rss: 741Mb L: 449/1637 MS: 5 ChangeBinInt-CMP-ChangeBinInt-CrossOver-CopyPart- DE: "\001\000\000\000\000\000\000\365"-
#881025	REDUCE cov: 581 ft: 2812 corp: 744/103Kb lim: 1696 exec/s: 14443 rss: 741Mb L: 18/1637 MS: 1 EraseBytes-
#881136	REDUCE cov: 581 ft: 2812 corp: 744/103Kb lim: 1696 exec/s: 14444 rss: 741Mb L: 13/1637 MS: 1 EraseBytes-
#881192	REDUCE cov: 581 ft: 2812 corp: 744/103Kb lim: 1696 exec/s: 14445 rss: 741Mb L: 16/1637 MS: 1 EraseBytes-
#881226	REDUCE cov: 581 ft: 2812 corp: 744/103Kb lim: 1696 exec/s: 14446 rss: 741Mb L: 172/1637 MS: 4 CopyPart-EraseBytes-EraseBytes-CopyPart-
#881782	REDUCE cov: 581 ft: 2812 corp: 744/103Kb lim: 1696 exec/s: 14455 rss: 742Mb L: 198/1637 MS: 1 EraseBytes-
#882463	REDUCE cov: 581 ft: 2812 corp: 744/103Kb lim: 1696 exec/s: 14466 rss: 742Mb L: 456/1637 MS: 1 EraseBytes-
#882979	REDUCE cov: 581 ft: 2812 corp: 744/103Kb lim: 1696 exec/s: 14475 rss: 742Mb L: 6/1637 MS: 1 EraseBytes-
#883090	REDUCE cov: 581 ft: 2812 corp: 744/103Kb lim: 1696 exec/s: 14243 rss: 742Mb L: 21/1637 MS: 1 EraseBytes-
#883106	REDUCE cov: 581 ft: 2812 corp: 744/103Kb lim: 1696 exec/s: 14243 rss: 742Mb L: 384/1637 MS: 1 EraseBytes-
#883137	REDUCE cov: 581 ft: 2812 corp: 744/103Kb lim: 1696 exec/s: 14244 rss: 742Mb L: 85/1637 MS: 1 EraseBytes-
#883468	REDUCE cov: 581 ft: 2812 corp: 744/103Kb lim: 1696 exec/s: 14249 rss: 742Mb L: 1096/1637 MS: 1 EraseBytes-
#884011	REDUCE cov: 581 ft: 2812 corp: 744/103Kb lim: 1696 exec/s: 14258 rss: 742Mb L: 511/1637 MS: 3 ShuffleBytes-CopyPart-EraseBytes-
#884407	REDUCE cov: 581 ft: 2812 corp: 744/103Kb lim: 1696 exec/s: 14264 rss: 742Mb L: 28/1637 MS: 1 EraseBytes-
#886085	REDUCE cov: 581 ft: 2812 corp: 744/103Kb lim: 1706 exec/s: 14291 rss: 742Mb L: 866/1637 MS: 3 ChangeByte-ChangeByte-EraseBytes-
#887221	REDUCE cov: 581 ft: 2812 corp: 744/103Kb lim: 1716 exec/s: 14310 rss: 742Mb L: 347/1637 MS: 1 EraseBytes-
#887517	REDUCE cov: 581 ft: 2812 corp: 744/103Kb lim: 1716 exec/s: 14314 rss: 742Mb L: 13/1637 MS: 1 EraseBytes-
#888013	REDUCE cov: 581 ft: 2812 corp: 744/103Kb lim: 1716 exec/s: 14322 rss: 743Mb L: 42/1637 MS: 1 EraseBytes-
#888036	REDUCE cov: 581 ft: 2812 corp: 744/103Kb lim: 1716 exec/s: 14323 rss: 743Mb L: 309/1637 MS: 3 InsertByte-CopyPart-EraseBytes-
#888777	REDUCE cov: 581 ft: 2812 corp: 744/103Kb lim: 1716 exec/s: 14335 rss: 743Mb L: 195/1637 MS: 1 EraseBytes-
#890044	REDUCE cov: 581 ft: 2812 corp: 744/103Kb lim: 1726 exec/s: 14355 rss: 743Mb L: 993/1637 MS: 2 PersAutoDict-CrossOver- DE: "\001\000\000\000"-
#890431	REDUCE cov: 581 ft: 2812 corp: 744/103Kb lim: 1726 exec/s: 14361 rss: 743Mb L: 1593/1637 MS: 2 ChangeBit-EraseBytes-
#891014	REDUCE cov: 581 ft: 2812 corp: 744/103Kb lim: 1726 exec/s: 14371 rss: 743Mb L: 18/1637 MS: 3 EraseBytes-PersAutoDict-CopyPart- DE: "\000s"-
#891496	REDUCE cov: 581 ft: 2812 corp: 744/103Kb lim: 1726 exec/s: 14378 rss: 743Mb L: 154/1637 MS: 2 ChangeByte-EraseBytes-
#892027	REDUCE cov: 581 ft: 2812 corp: 744/103Kb lim: 1726 exec/s: 14387 rss: 743Mb L: 1537/1637 MS: 1 EraseBytes-
#893428	REDUCE cov: 581 ft: 2812 corp: 744/103Kb lim: 1736 exec/s: 14410 rss: 743Mb L: 163/1637 MS: 1 EraseBytes-
#893620	REDUCE cov: 581 ft: 2812 corp: 744/103Kb lim: 1736 exec/s: 14184 rss: 743Mb L: 76/1637 MS: 2 ShuffleBytes-EraseBytes-
#894237	REDUCE cov: 581 ft: 2812 corp: 744/103Kb lim: 1736 exec/s: 14194 rss: 743Mb L: 51/1637 MS: 2 ShuffleBytes-EraseBytes-
#894318	REDUCE cov: 581 ft: 2812 corp: 744/103Kb lim: 1736 exec/s: 14195 rss: 743Mb L: 47/1637 MS: 1 EraseBytes-
#894799	REDUCE cov: 581 ft: 2812 corp: 744/103Kb lim: 1736 exec/s: 14203 rss: 743Mb L: 12/1637 MS: 1 EraseBytes-
#895042	REDUCE cov: 581 ft: 2812 corp: 744/103Kb lim: 1736 exec/s: 14207 rss: 743Mb L: 136/1637 MS: 3 ShuffleBytes-ShuffleBytes-EraseBytes-
#895363	REDUCE cov: 581 ft: 2812 corp: 744/103Kb lim: 1736 exec/s: 14212 rss: 743Mb L: 193/1637 MS: 1 EraseBytes-
#895924	REDUCE cov: 581 ft: 2812 corp: 744/103Kb lim: 1736 exec/s: 14221 rss: 744Mb L: 4/1637 MS: 1 EraseBytes-
#897178	REDUCE cov: 581 ft: 2812 corp: 744/103Kb lim: 1746 exec/s: 14240 rss: 745Mb L: 84/1637 MS: 4 CopyPart-InsertByte-ChangeBit-EraseBytes-
#898614	REDUCE cov: 581 ft: 2812 corp: 744/103Kb lim: 1756 exec/s: 14263 rss: 745Mb L: 43/1637 MS: 1 EraseBytes-
#899130	REDUCE cov: 581 ft: 2812 corp: 744/103Kb lim: 1756 exec/s: 14271 rss: 745Mb L: 49/1637 MS: 1 EraseBytes-
#899666	REDUCE cov: 581 ft: 2812 corp: 744/103Kb lim: 1756 exec/s: 14280 rss: 745Mb L: 36/1637 MS: 1 EraseBytes-
#899753	REDUCE cov: 581 ft: 2812 corp: 744/103Kb lim: 1756 exec/s: 14281 rss: 745Mb L: 54/1637 MS: 2 CMP-EraseBytes- DE: "\377\377\377?"-
#899932	REDUCE cov: 581 ft: 2812 corp: 744/103Kb lim: 1756 exec/s: 14284 rss: 745Mb L: 883/1637 MS: 4 ChangeByte-InsertRepeatedBytes-ChangeBit-EraseBytes-
#899988	REDUCE cov: 581 ft: 2812 corp: 744/103Kb lim: 1756 exec/s: 14285 rss: 745Mb L: 78/1637 MS: 1 EraseBytes-
#901167	REDUCE cov: 581 ft: 2812 corp: 744/103Kb lim: 1766 exec/s: 14304 rss: 745Mb L: 297/1637 MS: 4 ShuffleBytes-ChangeASCIIInt-ShuffleBytes-EraseBytes-
#901170	REDUCE cov: 581 ft: 2812 corp: 744/103Kb lim: 1766 exec/s: 14304 rss: 745Mb L: 110/1637 MS: 3 EraseBytes-ShuffleBytes-CopyPart-
#901246	REDUCE cov: 581 ft: 2812 corp: 744/103Kb lim: 1766 exec/s: 14305 rss: 745Mb L: 10/1637 MS: 1 EraseBytes-
#901289	REDUCE cov: 581 ft: 2812 corp: 744/103Kb lim: 1766 exec/s: 14306 rss: 745Mb L: 292/1637 MS: 3 CrossOver-ChangeBit-EraseBytes-
#901654	REDUCE cov: 581 ft: 2813 corp: 745/105Kb lim: 1766 exec/s: 14311 rss: 745Mb L: 1697/1697 MS: 5 CopyPart-CrossOver-InsertByte-CopyPart-ShuffleBytes-
#901999	REDUCE cov: 581 ft: 2813 corp: 745/105Kb lim: 1766 exec/s: 14317 rss: 746Mb L: 1688/1688 MS: 5 CrossOver-EraseBytes-CMP-PersAutoDict-CopyPart- DE: "\001Z"-"\000s"-
#902170	REDUCE cov: 581 ft: 2813 corp: 745/105Kb lim: 1766 exec/s: 14320 rss: 746Mb L: 395/1688 MS: 1 EraseBytes-
#903113	REDUCE cov: 581 ft: 2813 corp: 745/105Kb lim: 1766 exec/s: 14335 rss: 746Mb L: 774/1688 MS: 3 ChangeASCIIInt-CopyPart-EraseBytes-
#903200	REDUCE cov: 581 ft: 2813 corp: 745/105Kb lim: 1766 exec/s: 14336 rss: 746Mb L: 200/1688 MS: 2 CopyPart-EraseBytes-
#903671	REDUCE cov: 581 ft: 2813 corp: 745/105Kb lim: 1766 exec/s: 14343 rss: 746Mb L: 30/1688 MS: 1 EraseBytes-
#904313	REDUCE cov: 581 ft: 2813 corp: 745/105Kb lim: 1766 exec/s: 14354 rss: 747Mb L: 57/1688 MS: 2 PersAutoDict-EraseBytes- DE: "\001h"-
#904325	REDUCE cov: 581 ft: 2813 corp: 745/105Kb lim: 1766 exec/s: 14354 rss: 747Mb L: 841/1688 MS: 2 EraseBytes-CopyPart-
#904508	REDUCE cov: 581 ft: 2813 corp: 745/105Kb lim: 1766 exec/s: 14357 rss: 747Mb L: 1600/1637 MS: 3 ShuffleBytes-InsertByte-EraseBytes-
#905331	REDUCE cov: 581 ft: 2813 corp: 745/105Kb lim: 1766 exec/s: 14145 rss: 747Mb L: 1076/1637 MS: 3 ChangeByte-ChangeBit-EraseBytes-
#905347	REDUCE cov: 581 ft: 2813 corp: 745/105Kb lim: 1766 exec/s: 14146 rss: 747Mb L: 499/1637 MS: 1 EraseBytes-
#905491	REDUCE cov: 581 ft: 2813 corp: 745/105Kb lim: 1766 exec/s: 14148 rss: 747Mb L: 54/1637 MS: 4 ChangeByte-PersAutoDict-ChangeByte-EraseBytes- DE: "\"\000\000\000"-
#905716	REDUCE cov: 581 ft: 2813 corp: 745/105Kb lim: 1766 exec/s: 14151 rss: 747Mb L: 908/1637 MS: 5 ChangeByte-InsertByte-EraseBytes-CrossOver-CopyPart-
#906600	REDUCE cov: 581 ft: 2813 corp: 745/104Kb lim: 1766 exec/s: 14165 rss: 747Mb L: 132/1637 MS: 4 ChangeByte-CMP-CopyPart-EraseBytes- DE: "m\000\000\000\000\000\000\000"-
#907756	REDUCE cov: 581 ft: 2813 corp: 745/104Kb lim: 1776 exec/s: 14183 rss: 748Mb L: 9/1637 MS: 1 EraseBytes-
#908192	REDUCE cov: 581 ft: 2813 corp: 745/104Kb lim: 1776 exec/s: 14190 rss: 748Mb L: 1594/1600 MS: 1 EraseBytes-
#908317	REDUCE cov: 581 ft: 2813 corp: 745/104Kb lim: 1776 exec/s: 14192 rss: 748Mb L: 392/1600 MS: 5 CMP-ShuffleBytes-ChangeBit-InsertRepeatedBytes-EraseBytes- DE: "\201\000\000\000\000\000\000\004"-
#908644	REDUCE cov: 581 ft: 2813 corp: 745/104Kb lim: 1776 exec/s: 14197 rss: 748Mb L: 56/1600 MS: 2 InsertByte-EraseBytes-
#909172	REDUCE cov: 581 ft: 2813 corp: 745/104Kb lim: 1776 exec/s: 14205 rss: 748Mb L: 79/1600 MS: 3 CopyPart-PersAutoDict-CrossOver- DE: "\007\000\000\000"-
#909273	REDUCE cov: 581 ft: 2813 corp: 745/104Kb lim: 1776 exec/s: 14207 rss: 748Mb L: 24/1600 MS: 1 EraseBytes-
#909981	REDUCE cov: 581 ft: 2813 corp: 745/104Kb lim: 1776 exec/s: 14218 rss: 748Mb L: 246/1600 MS: 3 InsertByte-ChangeByte-EraseBytes-
#910953	REDUCE cov: 581 ft: 2813 corp: 745/104Kb lim: 1776 exec/s: 14233 rss: 748Mb L: 380/1600 MS: 2 PersAutoDict-EraseBytes- DE: "\001\000\000\000\000\000\000\001"-
#912214	REDUCE cov: 581 ft: 2813 corp: 745/104Kb lim: 1786 exec/s: 14253 rss: 748Mb L: 28/1600 MS: 1 EraseBytes-
#912507	REDUCE cov: 581 ft: 2813 corp: 745/104Kb lim: 1786 exec/s: 14257 rss: 748Mb L: 20/1600 MS: 3 ChangeByte-ChangeByte-EraseBytes-
#912619	REDUCE cov: 581 ft: 2813 corp: 745/104Kb lim: 1786 exec/s: 14259 rss: 748Mb L: 19/1600 MS: 2 ChangeBinInt-EraseBytes-
#912728	REDUCE cov: 581 ft: 2813 corp: 745/104Kb lim: 1786 exec/s: 14261 rss: 748Mb L: 1473/1600 MS: 4 CopyPart-PersAutoDict-ChangeByte-EraseBytes- DE: "\010\000\000\000\000\000\000\000"-
#912919	REDUCE cov: 581 ft: 2813 corp: 745/104Kb lim: 1786 exec/s: 14264 rss: 748Mb L: 65/1600 MS: 1 EraseBytes-
#913690	REDUCE cov: 581 ft: 2813 corp: 745/104Kb lim: 1786 exec/s: 14276 rss: 748Mb L: 86/1600 MS: 1 EraseBytes-
#914846	REDUCE cov: 581 ft: 2813 corp: 745/104Kb lim: 1796 exec/s: 14294 rss: 748Mb L: 34/1600 MS: 1 EraseBytes-
#916029	REDUCE cov: 581 ft: 2813 corp: 745/104Kb lim: 1806 exec/s: 14092 rss: 748Mb L: 32/1600 MS: 3 CopyPart-ShuffleBytes-EraseBytes-
#916750	REDUCE cov: 581 ft: 2813 corp: 745/104Kb lim: 1806 exec/s: 14103 rss: 748Mb L: 47/1600 MS: 1 EraseBytes-
#919461	REDUCE cov: 581 ft: 2813 corp: 745/104Kb lim: 1826 exec/s: 14145 rss: 749Mb L: 73/1600 MS: 1 EraseBytes-
#921138	REDUCE cov: 581 ft: 2813 corp: 745/104Kb lim: 1836 exec/s: 14171 rss: 749Mb L: 942/1600 MS: 2 InsertByte-EraseBytes-
#921819	REDUCE cov: 581 ft: 2813 corp: 745/104Kb lim: 1836 exec/s: 14181 rss: 750Mb L: 836/1600 MS: 1 EraseBytes-
#921919	REDUCE cov: 581 ft: 2813 corp: 745/104Kb lim: 1836 exec/s: 14183 rss: 750Mb L: 341/1600 MS: 5 ChangeByte-ChangeBit-CopyPart-EraseBytes-InsertByte-
#922715	REDUCE cov: 581 ft: 2813 corp: 745/104Kb lim: 1836 exec/s: 14195 rss: 750Mb L: 18/1600 MS: 1 EraseBytes-
#922752	REDUCE cov: 581 ft: 2813 corp: 745/104Kb lim: 1836 exec/s: 14196 rss: 750Mb L: 38/1600 MS: 2 ChangeBinInt-EraseBytes-
#922974	REDUCE cov: 581 ft: 2813 corp: 745/104Kb lim: 1836 exec/s: 14199 rss: 751Mb L: 871/1600 MS: 2 PersAutoDict-EraseBytes- DE: "\007\000\000\000"-
#923280	REDUCE cov: 581 ft: 2813 corp: 745/104Kb lim: 1836 exec/s: 14204 rss: 751Mb L: 57/1600 MS: 1 EraseBytes-
#924471	REDUCE cov: 581 ft: 2813 corp: 745/104Kb lim: 1846 exec/s: 14007 rss: 751Mb L: 7/1600 MS: 1 EraseBytes-
#924632	REDUCE cov: 581 ft: 2813 corp: 745/104Kb lim: 1846 exec/s: 14009 rss: 751Mb L: 13/1600 MS: 1 EraseBytes-
#925033	REDUCE cov: 581 ft: 2813 corp: 745/104Kb lim: 1846 exec/s: 14015 rss: 752Mb L: 11/1600 MS: 1 EraseBytes-
#925224	REDUCE cov: 581 ft: 2813 corp: 745/104Kb lim: 1846 exec/s: 14018 rss: 752Mb L: 755/1600 MS: 1 CrossOver-
#925582	REDUCE cov: 581 ft: 2813 corp: 745/104Kb lim: 1846 exec/s: 14023 rss: 752Mb L: 476/1600 MS: 3 PersAutoDict-CMP-EraseBytes- DE: "\377\242"-"\001\000\000\000\000\000\000\000"-
#926309	REDUCE cov: 581 ft: 2813 corp: 745/104Kb lim: 1846 exec/s: 14034 rss: 752Mb L: 210/1600 MS: 2 ShuffleBytes-EraseBytes-
#926947	REDUCE cov: 581 ft: 2813 corp: 745/104Kb lim: 1846 exec/s: 14044 rss: 752Mb L: 368/1600 MS: 3 CMP-ChangeByte-EraseBytes- DE: "\377D"-
#927250	REDUCE cov: 581 ft: 2814 corp: 746/106Kb lim: 1846 exec/s: 14049 rss: 752Mb L: 1816/1816 MS: 3 ChangeByte-ChangeASCIIInt-CopyPart-
#927581	REDUCE cov: 581 ft: 2814 corp: 746/106Kb lim: 1846 exec/s: 14054 rss: 752Mb L: 209/1816 MS: 1 EraseBytes-
#928652	REDUCE cov: 581 ft: 2814 corp: 746/106Kb lim: 1856 exec/s: 14070 rss: 752Mb L: 47/1816 MS: 1 EraseBytes-
#928900	REDUCE cov: 581 ft: 2814 corp: 746/106Kb lim: 1856 exec/s: 14074 rss: 752Mb L: 71/1816 MS: 3 InsertRepeatedBytes-CopyPart-EraseBytes-
#929101	REDUCE cov: 581 ft: 2814 corp: 746/106Kb lim: 1856 exec/s: 14077 rss: 752Mb L: 16/1816 MS: 1 EraseBytes-
#929718	REDUCE cov: 581 ft: 2814 corp: 746/106Kb lim: 1856 exec/s: 14086 rss: 752Mb L: 227/1816 MS: 2 InsertByte-EraseBytes-
#929916	REDUCE cov: 581 ft: 2814 corp: 746/106Kb lim: 1856 exec/s: 14089 rss: 752Mb L: 21/1816 MS: 3 ChangeBinInt-ShuffleBytes-EraseBytes-
#930139	REDUCE cov: 581 ft: 2814 corp: 746/106Kb lim: 1856 exec/s: 14093 rss: 752Mb L: 14/1816 MS: 3 ShuffleBytes-ChangeBinInt-EraseBytes-
#930230	REDUCE cov: 581 ft: 2814 corp: 746/106Kb lim: 1856 exec/s: 14094 rss: 752Mb L: 345/1816 MS: 1 EraseBytes-
#930421	REDUCE cov: 581 ft: 2814 corp: 746/106Kb lim: 1856 exec/s: 14097 rss: 752Mb L: 319/1816 MS: 1 EraseBytes-
#930549	REDUCE cov: 581 ft: 2814 corp: 746/106Kb lim: 1856 exec/s: 14099 rss: 752Mb L: 159/1816 MS: 3 CopyPart-EraseBytes-CopyPart-
#930721	REDUCE cov: 581 ft: 2814 corp: 746/106Kb lim: 1856 exec/s: 14101 rss: 752Mb L: 141/1816 MS: 2 ChangeASCIIInt-EraseBytes-
#931042	REDUCE cov: 581 ft: 2814 corp: 746/106Kb lim: 1856 exec/s: 14106 rss: 752Mb L: 106/1816 MS: 1 EraseBytes-
#931124	REDUCE cov: 581 ft: 2815 corp: 747/107Kb lim: 1856 exec/s: 14107 rss: 752Mb L: 1850/1850 MS: 2 CopyPart-CopyPart-
#931465	REDUCE cov: 581 ft: 2815 corp: 747/107Kb lim: 1856 exec/s: 14113 rss: 752Mb L: 1812/1816 MS: 1 EraseBytes-
#931780	REDUCE cov: 581 ft: 2815 corp: 747/107Kb lim: 1856 exec/s: 14117 rss: 752Mb L: 11/1816 MS: 5 ChangeASCIIInt-ChangeASCIIInt-CopyPart-ChangeASCIIInt-EraseBytes-
#933011	REDUCE cov: 581 ft: 2817 corp: 748/109Kb lim: 1866 exec/s: 14136 rss: 752Mb L: 1506/1816 MS: 1 CopyPart-
#933367	REDUCE cov: 581 ft: 2817 corp: 748/109Kb lim: 1866 exec/s: 14141 rss: 752Mb L: 323/1816 MS: 1 EraseBytes-
#933618	REDUCE cov: 581 ft: 2817 corp: 748/109Kb lim: 1866 exec/s: 14145 rss: 752Mb L: 11/1816 MS: 1 EraseBytes-
#934969	REDUCE cov: 581 ft: 2817 corp: 748/109Kb lim: 1876 exec/s: 13954 rss: 753Mb L: 1807/1812 MS: 1 EraseBytes-
#935545	REDUCE cov: 581 ft: 2817 corp: 748/109Kb lim: 1876 exec/s: 13963 rss: 753Mb L: 7/1812 MS: 1 EraseBytes-
#936468	REDUCE cov: 581 ft: 2817 corp: 748/109Kb lim: 1876 exec/s: 13977 rss: 753Mb L: 40/1812 MS: 3 ShuffleBytes-ShuffleBytes-EraseBytes-
#936626	REDUCE cov: 581 ft: 2817 corp: 748/109Kb lim: 1876 exec/s: 13979 rss: 753Mb L: 44/1812 MS: 3 ChangeASCIIInt-InsertByte-EraseBytes-
#936717	REDUCE cov: 581 ft: 2817 corp: 748/109Kb lim: 1876 exec/s: 13980 rss: 753Mb L: 10/1812 MS: 1 EraseBytes-
#937022	REDUCE cov: 581 ft: 2817 corp: 748/109Kb lim: 1876 exec/s: 13985 rss: 753Mb L: 682/1812 MS: 5 CrossOver-EraseBytes-ChangeBit-ChangeBit-CrossOver-
#937038	REDUCE cov: 581 ft: 2817 corp: 748/109Kb lim: 1876 exec/s: 13985 rss: 753Mb L: 140/1812 MS: 1 EraseBytes-
#937281	REDUCE cov: 581 ft: 2817 corp: 748/109Kb lim: 1876 exec/s: 13989 rss: 753Mb L: 1324/1812 MS: 3 CMP-CopyPart-EraseBytes- DE: "\377\377\377\377\377\377\377\377"-
#937492	REDUCE cov: 581 ft: 2817 corp: 748/109Kb lim: 1876 exec/s: 13992 rss: 753Mb L: 30/1812 MS: 1 EraseBytes-
#937543	REDUCE cov: 581 ft: 2817 corp: 748/109Kb lim: 1876 exec/s: 13993 rss: 753Mb L: 44/1812 MS: 1 EraseBytes-
#937985	REDUCE cov: 581 ft: 2817 corp: 748/109Kb lim: 1876 exec/s: 13999 rss: 753Mb L: 56/1812 MS: 2 CopyPart-EraseBytes-
#938335	REDUCE cov: 581 ft: 2817 corp: 748/108Kb lim: 1876 exec/s: 14005 rss: 753Mb L: 1430/1812 MS: 5 CopyPart-ChangeASCIIInt-CMP-ChangeASCIIInt-EraseBytes- DE: "\001\000\000\000\000\000\000\010"-
#939391	REDUCE cov: 581 ft: 2817 corp: 748/108Kb lim: 1886 exec/s: 14020 rss: 753Mb L: 226/1812 MS: 1 EraseBytes-
#939962	REDUCE cov: 581 ft: 2817 corp: 748/108Kb lim: 1886 exec/s: 14029 rss: 753Mb L: 141/1812 MS: 1 EraseBytes-
#941259	REDUCE cov: 581 ft: 2817 corp: 748/108Kb lim: 1896 exec/s: 14048 rss: 754Mb L: 23/1812 MS: 2 InsertByte-EraseBytes-
#941297	REDUCE cov: 581 ft: 2817 corp: 748/108Kb lim: 1896 exec/s: 14049 rss: 754Mb L: 364/1812 MS: 3 CopyPart-PersAutoDict-EraseBytes- DE: "\246\000"-
#941330	REDUCE cov: 581 ft: 2817 corp: 748/108Kb lim: 1896 exec/s: 14049 rss: 754Mb L: 382/1812 MS: 3 ChangeBit-ChangeBit-EraseBytes-
#941771	REDUCE cov: 581 ft: 2817 corp: 748/108Kb lim: 1896 exec/s: 14056 rss: 754Mb L: 12/1812 MS: 1 EraseBytes-
#942070	REDUCE cov: 581 ft: 2817 corp: 748/108Kb lim: 1896 exec/s: 14060 rss: 754Mb L: 1556/1812 MS: 4 ChangeByte-EraseBytes-InsertByte-CopyPart-
#942907	REDUCE cov: 581 ft: 2817 corp: 748/108Kb lim: 1896 exec/s: 14073 rss: 754Mb L: 42/1812 MS: 2 ShuffleBytes-EraseBytes-
#943563	REDUCE cov: 581 ft: 2817 corp: 748/108Kb lim: 1896 exec/s: 14083 rss: 754Mb L: 33/1812 MS: 1 EraseBytes-
#943579	REDUCE cov: 581 ft: 2817 corp: 748/108Kb lim: 1896 exec/s: 14083 rss: 754Mb L: 29/1812 MS: 1 EraseBytes-
#943806	REDUCE cov: 581 ft: 2817 corp: 748/108Kb lim: 1896 exec/s: 14086 rss: 754Mb L: 25/1812 MS: 2 InsertByte-EraseBytes-
#944559	REDUCE cov: 581 ft: 2817 corp: 748/108Kb lim: 1896 exec/s: 13890 rss: 754Mb L: 121/1812 MS: 3 PersAutoDict-ShuffleBytes-EraseBytes- DE: "!\000"-
#944640	REDUCE cov: 581 ft: 2817 corp: 748/108Kb lim: 1896 exec/s: 13891 rss: 755Mb L: 56/1812 MS: 1 EraseBytes-
#944741	REDUCE cov: 581 ft: 2817 corp: 748/108Kb lim: 1896 exec/s: 13893 rss: 755Mb L: 28/1812 MS: 1 EraseBytes-
#944805	REDUCE cov: 581 ft: 2817 corp: 748/108Kb lim: 1896 exec/s: 13894 rss: 755Mb L: 29/1812 MS: 4 CopyPart-ChangeByte-EraseBytes-ChangeBit-
#944894	REDUCE cov: 581 ft: 2817 corp: 748/108Kb lim: 1896 exec/s: 13895 rss: 755Mb L: 977/1812 MS: 4 ChangeASCIIInt-CopyPart-EraseBytes-PersAutoDict- DE: "\377\377\377?"-
#946723	REDUCE cov: 581 ft: 2817 corp: 748/108Kb lim: 1906 exec/s: 13922 rss: 755Mb L: 186/1812 MS: 4 ChangeBinInt-InsertRepeatedBytes-ChangeBinInt-EraseBytes-
#947065	REDUCE cov: 581 ft: 2817 corp: 748/108Kb lim: 1906 exec/s: 13927 rss: 755Mb L: 269/1812 MS: 2 ChangeByte-EraseBytes-
#947116	REDUCE cov: 581 ft: 2817 corp: 748/108Kb lim: 1906 exec/s: 13928 rss: 755Mb L: 30/1812 MS: 1 EraseBytes-
#947452	REDUCE cov: 581 ft: 2817 corp: 748/108Kb lim: 1906 exec/s: 13933 rss: 755Mb L: 33/1812 MS: 1 EraseBytes-
#948104	REDUCE cov: 581 ft: 2817 corp: 748/108Kb lim: 1906 exec/s: 13942 rss: 755Mb L: 52/1812 MS: 2 ChangeBinInt-EraseBytes-
#948441	REDUCE cov: 581 ft: 2817 corp: 748/108Kb lim: 1906 exec/s: 13947 rss: 755Mb L: 144/1812 MS: 2 EraseBytes-CopyPart-
#949395	REDUCE cov: 581 ft: 2817 corp: 748/108Kb lim: 1906 exec/s: 13961 rss: 755Mb L: 129/1812 MS: 4 CopyPart-PersAutoDict-ChangeByte-EraseBytes- DE: "\377["-
#950576	REDUCE cov: 581 ft: 2817 corp: 748/108Kb lim: 1916 exec/s: 13979 rss: 755Mb L: 66/1812 MS: 1 EraseBytes-
#950678	REDUCE cov: 581 ft: 2817 corp: 748/108Kb lim: 1916 exec/s: 13980 rss: 755Mb L: 11/1812 MS: 2 EraseBytes-ChangeBinInt-
#950925	REDUCE cov: 581 ft: 2817 corp: 748/108Kb lim: 1916 exec/s: 13984 rss: 755Mb L: 702/1812 MS: 2 ShuffleBytes-EraseBytes-
#951141	REDUCE cov: 581 ft: 2817 corp: 748/108Kb lim: 1916 exec/s: 13987 rss: 755Mb L: 56/1812 MS: 1 EraseBytes-
#951915	REDUCE cov: 581 ft: 2817 corp: 748/108Kb lim: 1916 exec/s: 13998 rss: 755Mb L: 987/1812 MS: 4 ChangeBinInt-ChangeByte-CopyPart-EraseBytes-
#952502	REDUCE cov: 581 ft: 2817 corp: 748/108Kb lim: 1916 exec/s: 14007 rss: 755Mb L: 63/1812 MS: 2 CopyPart-EraseBytes-
#953583	REDUCE cov: 581 ft: 2817 corp: 748/108Kb lim: 1926 exec/s: 14023 rss: 755Mb L: 719/1812 MS: 1 EraseBytes-
#953700	REDUCE cov: 581 ft: 2817 corp: 748/108Kb lim: 1926 exec/s: 14025 rss: 755Mb L: 924/1812 MS: 2 CopyPart-CrossOver-
#953727	REDUCE cov: 581 ft: 2817 corp: 748/108Kb lim: 1926 exec/s: 14025 rss: 755Mb L: 295/1812 MS: 2 ChangeBit-EraseBytes-
#953903	REDUCE cov: 581 ft: 2817 corp: 748/108Kb lim: 1926 exec/s: 14027 rss: 755Mb L: 41/1812 MS: 1 EraseBytes-
#954521	REDUCE cov: 581 ft: 2817 corp: 748/108Kb lim: 1926 exec/s: 14037 rss: 755Mb L: 107/1812 MS: 3 ChangeBinInt-InsertByte-EraseBytes-
#954642	REDUCE cov: 581 ft: 2817 corp: 748/108Kb lim: 1926 exec/s: 14038 rss: 755Mb L: 64/1812 MS: 1 EraseBytes-
#954925	REDUCE cov: 581 ft: 2817 corp: 748/108Kb lim: 1926 exec/s: 14043 rss: 755Mb L: 982/1812 MS: 3 ChangeByte-InsertByte-EraseBytes-
#955366	REDUCE cov: 581 ft: 2817 corp: 748/108Kb lim: 1926 exec/s: 13845 rss: 755Mb L: 24/1812 MS: 1 EraseBytes-
#957407	REDUCE cov: 581 ft: 2817 corp: 748/108Kb lim: 1946 exec/s: 13875 rss: 755Mb L: 54/1812 MS: 1 EraseBytes-
#957993	REDUCE cov: 581 ft: 2817 corp: 748/108Kb lim: 1946 exec/s: 13883 rss: 755Mb L: 40/1812 MS: 1 EraseBytes-
#958359	REDUCE cov: 581 ft: 2817 corp: 748/108Kb lim: 1946 exec/s: 13889 rss: 755Mb L: 8/1812 MS: 1 EraseBytes-
#958956	REDUCE cov: 581 ft: 2817 corp: 748/108Kb lim: 1946 exec/s: 13897 rss: 755Mb L: 24/1812 MS: 2 ChangeBinInt-EraseBytes-
#959102	REDUCE cov: 581 ft: 2817 corp: 748/108Kb lim: 1946 exec/s: 13900 rss: 755Mb L: 22/1812 MS: 1 EraseBytes-
#959668	REDUCE cov: 581 ft: 2817 corp: 748/108Kb lim: 1946 exec/s: 13908 rss: 755Mb L: 9/1812 MS: 1 EraseBytes-
#960399	REDUCE cov: 581 ft: 2817 corp: 748/108Kb lim: 1946 exec/s: 13918 rss: 755Mb L: 33/1812 MS: 1 EraseBytes-
#960516	REDUCE cov: 581 ft: 2817 corp: 748/108Kb lim: 1946 exec/s: 13920 rss: 755Mb L: 10/1812 MS: 2 InsertByte-EraseBytes-
#960637	REDUCE cov: 581 ft: 2817 corp: 748/108Kb lim: 1946 exec/s: 13922 rss: 755Mb L: 10/1812 MS: 1 EraseBytes-
#962728	REDUCE cov: 581 ft: 2817 corp: 748/108Kb lim: 1966 exec/s: 13952 rss: 755Mb L: 27/1812 MS: 1 EraseBytes-
#962959	REDUCE cov: 581 ft: 2817 corp: 748/108Kb lim: 1966 exec/s: 13955 rss: 755Mb L: 67/1812 MS: 1 EraseBytes-
#963931	REDUCE cov: 581 ft: 2817 corp: 748/108Kb lim: 1966 exec/s: 13970 rss: 755Mb L: 671/1812 MS: 2 ChangeByte-EraseBytes-
#964788	REDUCE cov: 581 ft: 2817 corp: 748/108Kb lim: 1966 exec/s: 13982 rss: 755Mb L: 824/1812 MS: 2 ShuffleBytes-EraseBytes-
#965059	REDUCE cov: 581 ft: 2817 corp: 748/108Kb lim: 1966 exec/s: 13986 rss: 755Mb L: 11/1812 MS: 1 EraseBytes-
#965315	REDUCE cov: 581 ft: 2817 corp: 748/108Kb lim: 1966 exec/s: 13990 rss: 755Mb L: 32/1812 MS: 1 EraseBytes-
#965881	REDUCE cov: 581 ft: 2817 corp: 748/108Kb lim: 1966 exec/s: 13798 rss: 755Mb L: 208/1812 MS: 1 EraseBytes-
#966767	REDUCE cov: 581 ft: 2817 corp: 748/108Kb lim: 1966 exec/s: 13810 rss: 755Mb L: 437/1812 MS: 1 EraseBytes-
#966953	REDUCE cov: 581 ft: 2817 corp: 748/108Kb lim: 1966 exec/s: 13813 rss: 755Mb L: 6/1812 MS: 1 EraseBytes-
#967331	REDUCE cov: 581 ft: 2817 corp: 748/108Kb lim: 1966 exec/s: 13819 rss: 755Mb L: 588/1812 MS: 3 ChangeASCIIInt-ChangeBit-EraseBytes-
#967332	REDUCE cov: 581 ft: 2817 corp: 748/108Kb lim: 1966 exec/s: 13819 rss: 755Mb L: 63/1812 MS: 1 EraseBytes-
#967929	REDUCE cov: 581 ft: 2817 corp: 748/108Kb lim: 1966 exec/s: 13827 rss: 755Mb L: 39/1812 MS: 2 EraseBytes-ChangeByte-
#967935	REDUCE cov: 581 ft: 2817 corp: 748/108Kb lim: 1966 exec/s: 13827 rss: 755Mb L: 61/1812 MS: 1 EraseBytes-
#968293	REDUCE cov: 581 ft: 2817 corp: 748/108Kb lim: 1966 exec/s: 13832 rss: 755Mb L: 754/1812 MS: 3 ChangeBinInt-ChangeByte-EraseBytes-
#968314	REDUCE cov: 581 ft: 2817 corp: 748/108Kb lim: 1966 exec/s: 13833 rss: 755Mb L: 439/1812 MS: 1 EraseBytes-
#968323	REDUCE cov: 581 ft: 2817 corp: 748/108Kb lim: 1966 exec/s: 13833 rss: 755Mb L: 30/1812 MS: 4 CopyPart-ChangeByte-PersAutoDict-EraseBytes- DE: "\204\000\000\000"-
#969744	REDUCE cov: 581 ft: 2817 corp: 748/108Kb lim: 1976 exec/s: 13853 rss: 755Mb L: 753/1812 MS: 1 EraseBytes-
#970843	REDUCE cov: 581 ft: 2817 corp: 748/108Kb lim: 1986 exec/s: 13869 rss: 755Mb L: 5/1812 MS: 4 EraseBytes-PersAutoDict-ChangeBit-ChangeByte- DE: "\377\377\377?"-
#971346	REDUCE cov: 581 ft: 2817 corp: 748/108Kb lim: 1986 exec/s: 13876 rss: 755Mb L: 170/1812 MS: 3 CopyPart-InsertByte-EraseBytes-
#971612	REDUCE cov: 581 ft: 2817 corp: 748/108Kb lim: 1986 exec/s: 13880 rss: 755Mb L: 12/1812 MS: 1 EraseBytes-
#971838	REDUCE cov: 581 ft: 2817 corp: 748/108Kb lim: 1986 exec/s: 13883 rss: 755Mb L: 737/1812 MS: 1 EraseBytes-
#972675	REDUCE cov: 581 ft: 2817 corp: 748/108Kb lim: 1986 exec/s: 13895 rss: 755Mb L: 337/1812 MS: 2 EraseBytes-CopyPart-
#972688	REDUCE cov: 581 ft: 2817 corp: 748/108Kb lim: 1986 exec/s: 13895 rss: 755Mb L: 577/1812 MS: 3 ChangeBinInt-InsertByte-EraseBytes-
#972779	REDUCE cov: 581 ft: 2817 corp: 748/108Kb lim: 1986 exec/s: 13896 rss: 755Mb L: 699/1812 MS: 1 EraseBytes-
#974135	REDUCE cov: 581 ft: 2817 corp: 748/108Kb lim: 1996 exec/s: 13916 rss: 755Mb L: 29/1812 MS: 1 EraseBytes-
#974415	REDUCE cov: 581 ft: 2817 corp: 748/107Kb lim: 1996 exec/s: 13920 rss: 755Mb L: 714/1812 MS: 5 EraseBytes-ChangeBit-PersAutoDict-EraseBytes-CopyPart- DE: "\010\000\000\000"-
#974516	REDUCE cov: 581 ft: 2817 corp: 748/107Kb lim: 1996 exec/s: 13921 rss: 755Mb L: 52/1812 MS: 1 EraseBytes-
#974967	REDUCE cov: 581 ft: 2817 corp: 748/107Kb lim: 1996 exec/s: 13928 rss: 755Mb L: 751/1812 MS: 1 EraseBytes-
#975173	REDUCE cov: 581 ft: 2817 corp: 748/107Kb lim: 1996 exec/s: 13931 rss: 755Mb L: 160/1812 MS: 1 EraseBytes-
#975481	REDUCE cov: 581 ft: 2817 corp: 748/107Kb lim: 1996 exec/s: 13935 rss: 755Mb L: 964/1812 MS: 3 ChangeBit-ChangeBit-EraseBytes-
#976712	REDUCE cov: 581 ft: 2817 corp: 748/107Kb lim: 2006 exec/s: 13756 rss: 755Mb L: 473/1812 MS: 1 EraseBytes-
#976944	REDUCE cov: 581 ft: 2817 corp: 748/107Kb lim: 2006 exec/s: 13759 rss: 755Mb L: 196/1812 MS: 2 InsertByte-EraseBytes-
#977695	REDUCE cov: 581 ft: 2817 corp: 748/107Kb lim: 2006 exec/s: 13770 rss: 755Mb L: 265/1812 MS: 1 EraseBytes-
#977801	REDUCE cov: 581 ft: 2817 corp: 748/107Kb lim: 2006 exec/s: 13771 rss: 755Mb L: 1496/1812 MS: 1 EraseBytes-
#977977	REDUCE cov: 581 ft: 2817 corp: 748/107Kb lim: 2006 exec/s: 13774 rss: 755Mb L: 20/1812 MS: 1 EraseBytes-
#978126	REDUCE cov: 581 ft: 2817 corp: 748/107Kb lim: 2006 exec/s: 13776 rss: 755Mb L: 30/1812 MS: 4 CopyPart-EraseBytes-EraseBytes-InsertByte-
#978608	REDUCE cov: 581 ft: 2817 corp: 748/107Kb lim: 2006 exec/s: 13783 rss: 755Mb L: 38/1812 MS: 2 EraseBytes-InsertByte-
#980446	NEW    cov: 581 ft: 2818 corp: 749/109Kb lim: 2016 exec/s: 13809 rss: 756Mb L: 1866/1866 MS: 3 CrossOver-ChangeBit-CopyPart-
#980967	REDUCE cov: 581 ft: 2818 corp: 749/109Kb lim: 2016 exec/s: 13816 rss: 756Mb L: 8/1866 MS: 1 EraseBytes-
#982058	REDUCE cov: 581 ft: 2818 corp: 749/109Kb lim: 2026 exec/s: 13831 rss: 756Mb L: 23/1866 MS: 1 EraseBytes-
#982659	REDUCE cov: 581 ft: 2818 corp: 749/109Kb lim: 2026 exec/s: 13840 rss: 756Mb L: 32/1866 MS: 1 EraseBytes-
#983070	REDUCE cov: 581 ft: 2818 corp: 749/109Kb lim: 2026 exec/s: 13846 rss: 756Mb L: 99/1866 MS: 1 EraseBytes-
#985748	REDUCE cov: 581 ft: 2818 corp: 749/109Kb lim: 2046 exec/s: 13883 rss: 757Mb L: 75/1866 MS: 3 ChangeByte-ChangeByte-EraseBytes-
#985777	REDUCE cov: 581 ft: 2818 corp: 749/109Kb lim: 2046 exec/s: 13884 rss: 757Mb L: 1800/1812 MS: 4 ChangeByte-ChangeByte-ShuffleBytes-EraseBytes-
#987233	REDUCE cov: 581 ft: 2818 corp: 749/109Kb lim: 2056 exec/s: 13711 rss: 757Mb L: 1764/1812 MS: 1 EraseBytes-
#987429	REDUCE cov: 581 ft: 2818 corp: 749/109Kb lim: 2056 exec/s: 13714 rss: 757Mb L: 34/1812 MS: 1 EraseBytes-
#988405	REDUCE cov: 581 ft: 2818 corp: 749/109Kb lim: 2056 exec/s: 13727 rss: 757Mb L: 16/1812 MS: 1 EraseBytes-
#988798	REDUCE cov: 581 ft: 2818 corp: 749/109Kb lim: 2056 exec/s: 13733 rss: 757Mb L: 361/1812 MS: 3 InsertByte-ChangeASCIIInt-EraseBytes-
#989331	REDUCE cov: 581 ft: 2818 corp: 749/109Kb lim: 2056 exec/s: 13740 rss: 757Mb L: 715/1812 MS: 3 InsertRepeatedBytes-ChangeASCIIInt-EraseBytes-
#990182	REDUCE cov: 581 ft: 2818 corp: 749/109Kb lim: 2056 exec/s: 13752 rss: 757Mb L: 9/1812 MS: 1 EraseBytes-
#990401	REDUCE cov: 581 ft: 2818 corp: 749/109Kb lim: 2056 exec/s: 13755 rss: 757Mb L: 511/1812 MS: 4 CMP-ChangeBit-ShuffleBytes-EraseBytes- DE: "\001\000\000\000\000\000\000s"-
#991572	REDUCE cov: 581 ft: 2818 corp: 749/109Kb lim: 2067 exec/s: 13771 rss: 758Mb L: 58/1812 MS: 1 EraseBytes-
#991794	REDUCE cov: 581 ft: 2818 corp: 749/109Kb lim: 2067 exec/s: 13774 rss: 758Mb L: 54/1812 MS: 2 CrossOver-EraseBytes-
#992818	REDUCE cov: 581 ft: 2818 corp: 749/109Kb lim: 2067 exec/s: 13789 rss: 758Mb L: 183/1812 MS: 4 CopyPart-ChangeBit-EraseBytes-EraseBytes-
#992964	REDUCE cov: 581 ft: 2818 corp: 749/109Kb lim: 2067 exec/s: 13791 rss: 758Mb L: 216/1812 MS: 1 EraseBytes-
#993281	REDUCE cov: 581 ft: 2818 corp: 749/109Kb lim: 2067 exec/s: 13795 rss: 758Mb L: 151/1812 MS: 2 ChangeByte-EraseBytes-
#993443	REDUCE cov: 581 ft: 2818 corp: 749/109Kb lim: 2067 exec/s: 13797 rss: 758Mb L: 121/1812 MS: 2 ShuffleBytes-EraseBytes-
#994784	REDUCE cov: 581 ft: 2818 corp: 749/109Kb lim: 2078 exec/s: 13816 rss: 758Mb L: 130/1812 MS: 1 EraseBytes-
#995910	REDUCE cov: 581 ft: 2818 corp: 749/109Kb lim: 2089 exec/s: 13832 rss: 758Mb L: 27/1812 MS: 1 EraseBytes-
#996282	REDUCE cov: 581 ft: 2818 corp: 749/109Kb lim: 2089 exec/s: 13837 rss: 758Mb L: 496/1812 MS: 2 ChangeASCIIInt-EraseBytes-
#996424	REDUCE cov: 581 ft: 2818 corp: 749/109Kb lim: 2089 exec/s: 13839 rss: 758Mb L: 428/1812 MS: 2 CrossOver-EraseBytes-
#996513	REDUCE cov: 581 ft: 2818 corp: 749/109Kb lim: 2089 exec/s: 13840 rss: 758Mb L: 267/1812 MS: 4 PersAutoDict-ChangeBit-PersAutoDict-EraseBytes- DE: "\376\377\000\000"-"\374\377\000\000"-
#996570	REDUCE cov: 581 ft: 2818 corp: 749/109Kb lim: 2089 exec/s: 13841 rss: 758Mb L: 337/1812 MS: 2 ChangeByte-EraseBytes-
#996731	REDUCE cov: 581 ft: 2818 corp: 749/109Kb lim: 2089 exec/s: 13843 rss: 758Mb L: 65/1812 MS: 1 EraseBytes-
#996807	REDUCE cov: 581 ft: 2818 corp: 749/109Kb lim: 2089 exec/s: 13844 rss: 758Mb L: 25/1812 MS: 1 EraseBytes-
#996968	REDUCE cov: 581 ft: 2818 corp: 749/109Kb lim: 2089 exec/s: 13846 rss: 758Mb L: 70/1812 MS: 1 EraseBytes-
#998109	REDUCE cov: 581 ft: 2818 corp: 749/109Kb lim: 2100 exec/s: 13672 rss: 759Mb L: 235/1812 MS: 1 EraseBytes-
#999314	REDUCE cov: 581 ft: 2819 corp: 750/110Kb lim: 2111 exec/s: 13689 rss: 759Mb L: 1342/1812 MS: 5 CrossOver-ChangeBinInt-CrossOver-ChangeBinInt-CrossOver-
#999403	REDUCE cov: 581 ft: 2819 corp: 750/110Kb lim: 2111 exec/s: 13690 rss: 759Mb L: 1275/1812 MS: 4 CopyPart-ChangeBit-ChangeBinInt-CrossOver-
#1000909	REDUCE cov: 581 ft: 2819 corp: 750/110Kb lim: 2122 exec/s: 13711 rss: 759Mb L: 101/1812 MS: 1 EraseBytes-
#1001225	REDUCE cov: 581 ft: 2819 corp: 750/110Kb lim: 2122 exec/s: 13715 rss: 759Mb L: 28/1812 MS: 1 EraseBytes-
#1001941	REDUCE cov: 581 ft: 2819 corp: 750/110Kb lim: 2122 exec/s: 13725 rss: 759Mb L: 51/1812 MS: 1 EraseBytes-
#1004282	REDUCE cov: 581 ft: 2819 corp: 750/110Kb lim: 2144 exec/s: 13757 rss: 759Mb L: 159/1812 MS: 1 EraseBytes-
#1004327	REDUCE cov: 581 ft: 2819 corp: 750/110Kb lim: 2144 exec/s: 13757 rss: 759Mb L: 44/1812 MS: 5 ChangeBit-ChangeBinInt-InsertRepeatedBytes-ChangeBit-EraseBytes-
#1005788	REDUCE cov: 581 ft: 2819 corp: 750/110Kb lim: 2155 exec/s: 13777 rss: 759Mb L: 40/1812 MS: 1 EraseBytes-
#1008128	REDUCE cov: 581 ft: 2819 corp: 750/110Kb lim: 2177 exec/s: 13623 rss: 759Mb L: 152/1812 MS: 5 ChangeByte-ChangeBinInt-ChangeBit-ChangeBinInt-EraseBytes-
#1009112	REDUCE cov: 581 ft: 2819 corp: 750/110Kb lim: 2177 exec/s: 13636 rss: 759Mb L: 50/1812 MS: 4 ChangeBit-InsertByte-InsertByte-EraseBytes-
#1009903	REDUCE cov: 581 ft: 2819 corp: 750/110Kb lim: 2177 exec/s: 13647 rss: 759Mb L: 242/1812 MS: 1 EraseBytes-
#1011184	REDUCE cov: 581 ft: 2819 corp: 750/110Kb lim: 2188 exec/s: 13664 rss: 759Mb L: 21/1812 MS: 1 EraseBytes-
#1011606	REDUCE cov: 581 ft: 2819 corp: 750/110Kb lim: 2188 exec/s: 13670 rss: 759Mb L: 33/1812 MS: 2 CopyPart-EraseBytes-
#1011628	REDUCE cov: 581 ft: 2819 corp: 750/110Kb lim: 2188 exec/s: 13670 rss: 759Mb L: 19/1812 MS: 2 PersAutoDict-EraseBytes- DE: "\000s"-
#1011835	REDUCE cov: 581 ft: 2819 corp: 750/110Kb lim: 2188 exec/s: 13673 rss: 759Mb L: 1709/1812 MS: 2 ShuffleBytes-EraseBytes-
#1012867	REDUCE cov: 581 ft: 2819 corp: 750/110Kb lim: 2188 exec/s: 13687 rss: 759Mb L: 23/1812 MS: 2 ChangeByte-EraseBytes-
#1013368	REDUCE cov: 581 ft: 2819 corp: 750/110Kb lim: 2188 exec/s: 13694 rss: 759Mb L: 158/1812 MS: 1 EraseBytes-
#1013764	REDUCE cov: 581 ft: 2819 corp: 750/110Kb lim: 2188 exec/s: 13699 rss: 759Mb L: 116/1812 MS: 1 EraseBytes-
#1013905	REDUCE cov: 581 ft: 2819 corp: 750/110Kb lim: 2188 exec/s: 13701 rss: 759Mb L: 32/1812 MS: 1 EraseBytes-
#1013916	REDUCE cov: 581 ft: 2819 corp: 750/110Kb lim: 2188 exec/s: 13701 rss: 759Mb L: 153/1812 MS: 1 EraseBytes-
#1014242	REDUCE cov: 581 ft: 2819 corp: 750/110Kb lim: 2188 exec/s: 13705 rss: 759Mb L: 14/1812 MS: 1 EraseBytes-
#1014490	REDUCE cov: 581 ft: 2819 corp: 750/110Kb lim: 2188 exec/s: 13709 rss: 759Mb L: 31/1812 MS: 3 ChangeByte-ChangeBinInt-EraseBytes-
#1015301	REDUCE cov: 581 ft: 2819 corp: 750/110Kb lim: 2188 exec/s: 13720 rss: 759Mb L: 21/1812 MS: 1 EraseBytes-
#1016957	REDUCE cov: 581 ft: 2819 corp: 750/110Kb lim: 2199 exec/s: 13742 rss: 759Mb L: 342/1812 MS: 1 EraseBytes-
#1018548	REDUCE cov: 581 ft: 2819 corp: 750/110Kb lim: 2210 exec/s: 13580 rss: 759Mb L: 22/1812 MS: 1 EraseBytes-
#1019477	REDUCE cov: 581 ft: 2819 corp: 750/110Kb lim: 2210 exec/s: 13593 rss: 759Mb L: 85/1812 MS: 4 CrossOver-ChangeBinInt-InsertByte-EraseBytes-
#1019690	REDUCE cov: 581 ft: 2819 corp: 750/110Kb lim: 2210 exec/s: 13595 rss: 759Mb L: 83/1812 MS: 3 ChangeByte-CopyPart-EraseBytes-
#1020338	REDUCE cov: 581 ft: 2819 corp: 750/110Kb lim: 2210 exec/s: 13604 rss: 759Mb L: 87/1812 MS: 3 CopyPart-ChangeByte-EraseBytes-
#1020346	REDUCE cov: 581 ft: 2819 corp: 750/110Kb lim: 2210 exec/s: 13604 rss: 759Mb L: 898/1812 MS: 3 InsertByte-CMP-EraseBytes- DE: "\011\000"-
#1020382	REDUCE cov: 581 ft: 2819 corp: 750/110Kb lim: 2210 exec/s: 13605 rss: 759Mb L: 62/1812 MS: 1 EraseBytes-
#1020528	REDUCE cov: 581 ft: 2819 corp: 750/110Kb lim: 2210 exec/s: 13607 rss: 759Mb L: 28/1812 MS: 1 EraseBytes-
#1021124	REDUCE cov: 581 ft: 2819 corp: 750/110Kb lim: 2210 exec/s: 13614 rss: 759Mb L: 15/1812 MS: 1 EraseBytes-
#1021708	NEW    cov: 581 ft: 2829 corp: 751/112Kb lim: 2210 exec/s: 13622 rss: 759Mb L: 2190/2190 MS: 4 InsertRepeatedBytes-ShuffleBytes-CopyPart-CopyPart-
#1023515	REDUCE cov: 581 ft: 2829 corp: 751/112Kb lim: 2221 exec/s: 13646 rss: 760Mb L: 29/2190 MS: 2 CopyPart-EraseBytes-
#1023791	REDUCE cov: 581 ft: 2829 corp: 751/112Kb lim: 2221 exec/s: 13650 rss: 760Mb L: 87/2190 MS: 1 EraseBytes-
#1024463	REDUCE cov: 581 ft: 2829 corp: 751/112Kb lim: 2221 exec/s: 13659 rss: 760Mb L: 29/2190 MS: 2 ChangeBinInt-EraseBytes-
#1025009	REDUCE cov: 581 ft: 2829 corp: 751/112Kb lim: 2221 exec/s: 13666 rss: 760Mb L: 311/2190 MS: 1 EraseBytes-
#1025596	REDUCE cov: 581 ft: 2829 corp: 751/112Kb lim: 2221 exec/s: 13674 rss: 760Mb L: 63/2190 MS: 2 ChangeBit-EraseBytes-
#1026737	REDUCE cov: 581 ft: 2829 corp: 751/112Kb lim: 2232 exec/s: 13689 rss: 760Mb L: 43/2190 MS: 1 EraseBytes-
#1027133	REDUCE cov: 581 ft: 2829 corp: 751/112Kb lim: 2232 exec/s: 13514 rss: 760Mb L: 122/2190 MS: 1 EraseBytes-
#1027185	REDUCE cov: 581 ft: 2829 corp: 751/112Kb lim: 2232 exec/s: 13515 rss: 760Mb L: 743/2190 MS: 2 CrossOver-EraseBytes-
#1027198	REDUCE cov: 581 ft: 2829 corp: 751/112Kb lim: 2232 exec/s: 13515 rss: 760Mb L: 29/2190 MS: 3 CrossOver-EraseBytes-CopyPart-
#1027300	REDUCE cov: 581 ft: 2829 corp: 751/112Kb lim: 2232 exec/s: 13517 rss: 760Mb L: 714/2190 MS: 2 ShuffleBytes-EraseBytes-
#1027632	REDUCE cov: 581 ft: 2829 corp: 751/112Kb lim: 2232 exec/s: 13521 rss: 760Mb L: 24/2190 MS: 2 ChangeByte-EraseBytes-
#1027709	REDUCE cov: 581 ft: 2829 corp: 751/112Kb lim: 2232 exec/s: 13522 rss: 760Mb L: 206/2190 MS: 2 ChangeBit-EraseBytes-
#1027961	REDUCE cov: 581 ft: 2829 corp: 751/112Kb lim: 2232 exec/s: 13525 rss: 760Mb L: 77/2190 MS: 2 InsertByte-EraseBytes-
#1027987	REDUCE cov: 581 ft: 2829 corp: 751/112Kb lim: 2232 exec/s: 13526 rss: 760Mb L: 58/2190 MS: 1 EraseBytes-
#1028989	REDUCE cov: 581 ft: 2829 corp: 751/112Kb lim: 2232 exec/s: 13539 rss: 760Mb L: 1516/2190 MS: 2 InsertByte-EraseBytes-
#1029651	REDUCE cov: 581 ft: 2832 corp: 752/114Kb lim: 2232 exec/s: 13548 rss: 760Mb L: 2019/2190 MS: 2 CopyPart-CopyPart-
#1030813	REDUCE cov: 581 ft: 2832 corp: 752/114Kb lim: 2243 exec/s: 13563 rss: 760Mb L: 148/2190 MS: 2 ChangeBit-EraseBytes-
#1030860	REDUCE cov: 581 ft: 2832 corp: 752/114Kb lim: 2243 exec/s: 13563 rss: 760Mb L: 1123/2190 MS: 2 ChangeBinInt-EraseBytes-
#1030906	REDUCE cov: 581 ft: 2832 corp: 752/114Kb lim: 2243 exec/s: 13564 rss: 760Mb L: 364/2190 MS: 1 EraseBytes-
#1031451	REDUCE cov: 581 ft: 2832 corp: 752/114Kb lim: 2243 exec/s: 13571 rss: 760Mb L: 869/2190 MS: 5 ChangeBinInt-EraseBytes-CopyPart-CrossOver-ChangeBit-
#1033209	REDUCE cov: 581 ft: 2832 corp: 752/114Kb lim: 2254 exec/s: 13594 rss: 760Mb L: 342/2190 MS: 3 ChangeBinInt-ShuffleBytes-EraseBytes-
#1033630	REDUCE cov: 581 ft: 2832 corp: 752/114Kb lim: 2254 exec/s: 13600 rss: 760Mb L: 1632/2190 MS: 1 EraseBytes-
#1034419	REDUCE cov: 581 ft: 2832 corp: 752/114Kb lim: 2254 exec/s: 13610 rss: 760Mb L: 124/2190 MS: 4 PersAutoDict-CMP-ChangeByte-EraseBytes- DE: "\376\377"-"\000\016"-
#1034852	REDUCE cov: 581 ft: 2832 corp: 752/114Kb lim: 2254 exec/s: 13616 rss: 760Mb L: 1207/2190 MS: 3 ChangeByte-EraseBytes-CopyPart-
#1034918	REDUCE cov: 581 ft: 2832 corp: 752/114Kb lim: 2254 exec/s: 13440 rss: 760Mb L: 21/2190 MS: 1 EraseBytes-
#1035467	NEW    cov: 581 ft: 2833 corp: 753/115Kb lim: 2254 exec/s: 13447 rss: 760Mb L: 932/2190 MS: 4 CopyPart-ShuffleBytes-CopyPart-CopyPart-
#1035659	REDUCE cov: 581 ft: 2833 corp: 753/115Kb lim: 2254 exec/s: 13450 rss: 761Mb L: 271/2190 MS: 2 InsertByte-EraseBytes-
#1035836	REDUCE cov: 581 ft: 2833 corp: 753/115Kb lim: 2254 exec/s: 13452 rss: 761Mb L: 32/2190 MS: 2 CopyPart-EraseBytes-
#1036303	REDUCE cov: 581 ft: 2833 corp: 753/115Kb lim: 2254 exec/s: 13458 rss: 761Mb L: 2001/2190 MS: 2 ShuffleBytes-EraseBytes-
#1036894	REDUCE cov: 581 ft: 2833 corp: 753/115Kb lim: 2254 exec/s: 13466 rss: 761Mb L: 139/2190 MS: 1 EraseBytes-
#1037695	REDUCE cov: 581 ft: 2833 corp: 753/115Kb lim: 2254 exec/s: 13476 rss: 761Mb L: 332/2190 MS: 1 EraseBytes-
#1038690	REDUCE cov: 581 ft: 2833 corp: 753/115Kb lim: 2254 exec/s: 13489 rss: 761Mb L: 475/2190 MS: 5 CrossOver-ChangeByte-CopyPart-ChangeBit-EraseBytes-
#1038896	REDUCE cov: 581 ft: 2833 corp: 753/115Kb lim: 2254 exec/s: 13492 rss: 761Mb L: 24/2190 MS: 1 EraseBytes-
#1039177	REDUCE cov: 581 ft: 2833 corp: 753/115Kb lim: 2254 exec/s: 13495 rss: 761Mb L: 26/2190 MS: 1 EraseBytes-
#1039968	REDUCE cov: 581 ft: 2833 corp: 753/115Kb lim: 2254 exec/s: 13506 rss: 761Mb L: 23/2190 MS: 1 EraseBytes-
#1040006	REDUCE cov: 581 ft: 2835 corp: 754/117Kb lim: 2254 exec/s: 13506 rss: 761Mb L: 2223/2223 MS: 3 CopyPart-ChangeBit-CopyPart-
#1040376	REDUCE cov: 581 ft: 2835 corp: 754/117Kb lim: 2254 exec/s: 13511 rss: 761Mb L: 2058/2190 MS: 5 ChangeBinInt-ChangeBit-ChangeByte-PersAutoDict-CrossOver- DE: "\"\000\000\000"-
#1040658	REDUCE cov: 581 ft: 2835 corp: 754/117Kb lim: 2254 exec/s: 13515 rss: 761Mb L: 322/2190 MS: 2 InsertByte-EraseBytes-
#1040690	REDUCE cov: 581 ft: 2835 corp: 754/117Kb lim: 2254 exec/s: 13515 rss: 761Mb L: 9/2190 MS: 2 InsertByte-EraseBytes-
#1040902	REDUCE cov: 581 ft: 2835 corp: 754/117Kb lim: 2254 exec/s: 13518 rss: 761Mb L: 129/2190 MS: 2 ChangeByte-EraseBytes-
#1041601	REDUCE cov: 581 ft: 2835 corp: 754/117Kb lim: 2254 exec/s: 13527 rss: 761Mb L: 43/2190 MS: 4 ChangeASCIIInt-PersAutoDict-PersAutoDict-EraseBytes- DE: " \000"-"\377\377\377/"-
#1042097	REDUCE cov: 581 ft: 2835 corp: 754/116Kb lim: 2254 exec/s: 13533 rss: 761Mb L: 65/2190 MS: 1 EraseBytes-
#1042288	REDUCE cov: 581 ft: 2835 corp: 754/116Kb lim: 2254 exec/s: 13536 rss: 761Mb L: 19/2190 MS: 1 EraseBytes-
#1043920	REDUCE cov: 581 ft: 2835 corp: 754/116Kb lim: 2265 exec/s: 13383 rss: 762Mb L: 27/2190 MS: 2 ChangeByte-EraseBytes-
#1044277	REDUCE cov: 581 ft: 2835 corp: 754/116Kb lim: 2265 exec/s: 13388 rss: 762Mb L: 194/2190 MS: 2 InsertByte-EraseBytes-
#1044387	REDUCE cov: 581 ft: 2835 corp: 754/116Kb lim: 2265 exec/s: 13389 rss: 762Mb L: 1558/2190 MS: 5 CopyPart-EraseBytes-ShuffleBytes-PersAutoDict-InsertRepeatedBytes- DE: "\246\000"-
#1044446	REDUCE cov: 581 ft: 2835 corp: 754/116Kb lim: 2265 exec/s: 13390 rss: 762Mb L: 702/2190 MS: 4 InsertByte-CrossOver-ChangeASCIIInt-EraseBytes-
#1044790	REDUCE cov: 581 ft: 2835 corp: 754/116Kb lim: 2265 exec/s: 13394 rss: 762Mb L: 27/2190 MS: 4 CopyPart-ChangeByte-ChangeByte-EraseBytes-
#1044956	REDUCE cov: 581 ft: 2835 corp: 754/116Kb lim: 2265 exec/s: 13396 rss: 762Mb L: 433/2190 MS: 1 EraseBytes-
#1045527	REDUCE cov: 581 ft: 2835 corp: 754/116Kb lim: 2265 exec/s: 13404 rss: 762Mb L: 139/2190 MS: 1 EraseBytes-
#1046070	REDUCE cov: 581 ft: 2835 corp: 754/116Kb lim: 2265 exec/s: 13411 rss: 763Mb L: 893/2190 MS: 3 ShuffleBytes-ChangeByte-EraseBytes-
#1046377	REDUCE cov: 581 ft: 2835 corp: 754/116Kb lim: 2265 exec/s: 13415 rss: 763Mb L: 42/2190 MS: 2 ChangeBinInt-EraseBytes-
#1048438	REDUCE cov: 581 ft: 2835 corp: 754/116Kb lim: 2276 exec/s: 13441 rss: 763Mb L: 41/2190 MS: 1 EraseBytes-
#1048576	pulse  cov: 581 ft: 2835 corp: 754/116Kb lim: 2276 exec/s: 13443 rss: 763Mb
#1048659	REDUCE cov: 581 ft: 2835 corp: 754/116Kb lim: 2276 exec/s: 13444 rss: 763Mb L: 245/2190 MS: 1 EraseBytes-
#1048788	REDUCE cov: 581 ft: 2835 corp: 754/116Kb lim: 2276 exec/s: 13446 rss: 763Mb L: 84/2190 MS: 4 ShuffleBytes-EraseBytes-CopyPart-EraseBytes-
#1049118	REDUCE cov: 581 ft: 2835 corp: 754/116Kb lim: 2276 exec/s: 13450 rss: 763Mb L: 103/2190 MS: 5 ChangeBit-InsertByte-PersAutoDict-CMP-EraseBytes- DE: "\201\000\000\000"-"\001\000\000\000"-
#1049434	REDUCE cov: 581 ft: 2835 corp: 754/116Kb lim: 2276 exec/s: 13454 rss: 763Mb L: 28/2190 MS: 1 EraseBytes-
#1049450	REDUCE cov: 581 ft: 2835 corp: 754/116Kb lim: 2276 exec/s: 13454 rss: 763Mb L: 26/2190 MS: 1 EraseBytes-
#1049996	REDUCE cov: 581 ft: 2835 corp: 754/116Kb lim: 2276 exec/s: 13461 rss: 763Mb L: 150/2190 MS: 1 EraseBytes-
#1050122	REDUCE cov: 581 ft: 2835 corp: 754/116Kb lim: 2276 exec/s: 13463 rss: 763Mb L: 42/2190 MS: 1 EraseBytes-
#1050324	REDUCE cov: 581 ft: 2835 corp: 754/116Kb lim: 2276 exec/s: 13465 rss: 763Mb L: 50/2190 MS: 2 ChangeBit-EraseBytes-
#1050960	REDUCE cov: 581 ft: 2835 corp: 754/116Kb lim: 2276 exec/s: 13473 rss: 763Mb L: 37/2190 MS: 1 EraseBytes-
#1052086	REDUCE cov: 581 ft: 2835 corp: 754/116Kb lim: 2287 exec/s: 13488 rss: 763Mb L: 7/2190 MS: 1 EraseBytes-
#1052258	REDUCE cov: 581 ft: 2836 corp: 755/117Kb lim: 2287 exec/s: 13490 rss: 763Mb L: 1043/2190 MS: 2 ChangeBit-CrossOver-
#1053161	REDUCE cov: 581 ft: 2836 corp: 755/117Kb lim: 2287 exec/s: 13502 rss: 763Mb L: 67/2190 MS: 3 ChangeBit-EraseBytes-CopyPart-
#1053234	REDUCE cov: 581 ft: 2836 corp: 755/117Kb lim: 2287 exec/s: 13503 rss: 763Mb L: 16/2190 MS: 3 ChangeByte-ChangeBinInt-EraseBytes-
#1053390	REDUCE cov: 581 ft: 2836 corp: 755/117Kb lim: 2287 exec/s: 13505 rss: 763Mb L: 7/2190 MS: 1 EraseBytes-
#1053468	REDUCE cov: 581 ft: 2836 corp: 755/117Kb lim: 2287 exec/s: 13506 rss: 763Mb L: 1315/2190 MS: 3 ShuffleBytes-ShuffleBytes-EraseBytes-
#1053554	REDUCE cov: 581 ft: 2836 corp: 755/117Kb lim: 2287 exec/s: 13336 rss: 763Mb L: 16/2190 MS: 1 EraseBytes-
#1054887	REDUCE cov: 581 ft: 2836 corp: 755/117Kb lim: 2298 exec/s: 13353 rss: 763Mb L: 87/2190 MS: 3 ChangeByte-ChangeBinInt-EraseBytes-
#1054928	REDUCE cov: 581 ft: 2836 corp: 755/117Kb lim: 2298 exec/s: 13353 rss: 763Mb L: 557/2190 MS: 1 EraseBytes-
#1055119	REDUCE cov: 581 ft: 2836 corp: 755/117Kb lim: 2298 exec/s: 13355 rss: 763Mb L: 251/2190 MS: 1 EraseBytes-
#1055550	REDUCE cov: 581 ft: 2836 corp: 755/117Kb lim: 2298 exec/s: 13361 rss: 763Mb L: 38/2190 MS: 1 EraseBytes-
#1056426	REDUCE cov: 581 ft: 2836 corp: 755/117Kb lim: 2298 exec/s: 13372 rss: 763Mb L: 7/2190 MS: 1 EraseBytes-
#1056852	REDUCE cov: 581 ft: 2836 corp: 755/117Kb lim: 2298 exec/s: 13377 rss: 763Mb L: 31/2190 MS: 1 EraseBytes-
#1056861	REDUCE cov: 581 ft: 2836 corp: 755/117Kb lim: 2298 exec/s: 13377 rss: 763Mb L: 557/2190 MS: 4 PersAutoDict-ShuffleBytes-ChangeBinInt-EraseBytes- DE: "\007\000"-
#1057120	REDUCE cov: 581 ft: 2836 corp: 755/117Kb lim: 2298 exec/s: 13381 rss: 763Mb L: 947/2190 MS: 4 EraseBytes-InsertByte-ChangeBinInt-CopyPart-
#1057906	REDUCE cov: 581 ft: 2836 corp: 755/117Kb lim: 2298 exec/s: 13391 rss: 763Mb L: 58/2190 MS: 1 EraseBytes-
#1058240	REDUCE cov: 581 ft: 2836 corp: 755/117Kb lim: 2298 exec/s: 13395 rss: 763Mb L: 30/2190 MS: 4 ChangeASCIIInt-CopyPart-ChangeASCIIInt-EraseBytes-
#1058837	REDUCE cov: 581 ft: 2836 corp: 755/117Kb lim: 2298 exec/s: 13403 rss: 763Mb L: 641/2190 MS: 2 EraseBytes-CopyPart-
#1059591	REDUCE cov: 581 ft: 2836 corp: 755/117Kb lim: 2298 exec/s: 13412 rss: 764Mb L: 80/2190 MS: 4 InsertRepeatedBytes-PersAutoDict-ShuffleBytes-EraseBytes- DE: "\000s"-
#1060359	REDUCE cov: 581 ft: 2836 corp: 755/117Kb lim: 2298 exec/s: 13422 rss: 764Mb L: 1996/2190 MS: 3 InsertByte-CopyPart-EraseBytes-
#1061350	REDUCE cov: 581 ft: 2836 corp: 755/117Kb lim: 2298 exec/s: 13434 rss: 764Mb L: 243/2190 MS: 1 EraseBytes-
#1061421	REDUCE cov: 581 ft: 2836 corp: 755/117Kb lim: 2298 exec/s: 13435 rss: 764Mb L: 6/2190 MS: 1 EraseBytes-
#1061972	REDUCE cov: 581 ft: 2836 corp: 755/117Kb lim: 2298 exec/s: 13442 rss: 764Mb L: 1501/2190 MS: 1 EraseBytes-
#1063683	REDUCE cov: 581 ft: 2836 corp: 755/117Kb lim: 2309 exec/s: 13296 rss: 764Mb L: 41/2190 MS: 1 EraseBytes-
#1065819	REDUCE cov: 581 ft: 2836 corp: 755/117Kb lim: 2320 exec/s: 13322 rss: 764Mb L: 471/2190 MS: 1 EraseBytes-
#1066915	REDUCE cov: 581 ft: 2836 corp: 755/117Kb lim: 2320 exec/s: 13336 rss: 764Mb L: 9/2190 MS: 1 EraseBytes-
#1067756	REDUCE cov: 581 ft: 2836 corp: 755/117Kb lim: 2320 exec/s: 13346 rss: 764Mb L: 9/2190 MS: 1 EraseBytes-
#1068407	REDUCE cov: 581 ft: 2836 corp: 755/117Kb lim: 2320 exec/s: 13355 rss: 764Mb L: 140/2190 MS: 1 EraseBytes-
#1068819	REDUCE cov: 581 ft: 2836 corp: 755/117Kb lim: 2320 exec/s: 13360 rss: 764Mb L: 157/2190 MS: 2 CopyPart-EraseBytes-
#1069960	REDUCE cov: 581 ft: 2836 corp: 755/117Kb lim: 2331 exec/s: 13374 rss: 764Mb L: 27/2190 MS: 1 EraseBytes-
#1071301	REDUCE cov: 581 ft: 2836 corp: 755/117Kb lim: 2342 exec/s: 13391 rss: 764Mb L: 10/2190 MS: 1 EraseBytes-
#1071715	REDUCE cov: 581 ft: 2836 corp: 755/117Kb lim: 2342 exec/s: 13396 rss: 764Mb L: 24/2190 MS: 4 CopyPart-ChangeBit-ShuffleBytes-EraseBytes-
#1071825	REDUCE cov: 581 ft: 2836 corp: 755/117Kb lim: 2342 exec/s: 13397 rss: 764Mb L: 94/2190 MS: 5 ChangeBit-ShuffleBytes-CopyPart-ShuffleBytes-EraseBytes-
#1072513	REDUCE cov: 581 ft: 2836 corp: 755/117Kb lim: 2342 exec/s: 13406 rss: 764Mb L: 89/2190 MS: 3 CMP-CopyPart-EraseBytes- DE: "\001\000\000\000\000\000\000\003"-
#1072677	REDUCE cov: 581 ft: 2836 corp: 755/117Kb lim: 2342 exec/s: 13408 rss: 764Mb L: 1025/2190 MS: 4 ChangeBit-ChangeBit-ChangeASCIIInt-EraseBytes-
#1073063	REDUCE cov: 581 ft: 2836 corp: 755/117Kb lim: 2342 exec/s: 13247 rss: 764Mb L: 830/2190 MS: 1 EraseBytes-
#1073179	REDUCE cov: 581 ft: 2837 corp: 756/119Kb lim: 2342 exec/s: 13249 rss: 764Mb L: 2336/2336 MS: 1 CopyPart-
#1073792	REDUCE cov: 581 ft: 2837 corp: 756/119Kb lim: 2342 exec/s: 13256 rss: 764Mb L: 552/2336 MS: 3 ChangeBinInt-ChangeBit-EraseBytes-
#1073848	REDUCE cov: 581 ft: 2837 corp: 756/119Kb lim: 2342 exec/s: 13257 rss: 764Mb L: 778/2336 MS: 1 EraseBytes-
#1074781	REDUCE cov: 581 ft: 2837 corp: 756/119Kb lim: 2342 exec/s: 13268 rss: 764Mb L: 48/2336 MS: 3 PersAutoDict-CopyPart-EraseBytes- DE: "\204\000"-
#1074892	REDUCE cov: 581 ft: 2837 corp: 756/119Kb lim: 2342 exec/s: 13270 rss: 764Mb L: 8/2336 MS: 1 EraseBytes-
#1075078	REDUCE cov: 581 ft: 2837 corp: 756/119Kb lim: 2342 exec/s: 13272 rss: 764Mb L: 357/2336 MS: 1 EraseBytes-
#1076464	REDUCE cov: 581 ft: 2837 corp: 756/119Kb lim: 2353 exec/s: 13289 rss: 764Mb L: 64/2336 MS: 1 EraseBytes-
#1077032	REDUCE cov: 581 ft: 2837 corp: 756/119Kb lim: 2353 exec/s: 13296 rss: 764Mb L: 292/2336 MS: 3 CopyPart-ChangeByte-EraseBytes-
#1077856	REDUCE cov: 581 ft: 2837 corp: 756/119Kb lim: 2353 exec/s: 13306 rss: 764Mb L: 338/2336 MS: 4 ChangeByte-CMP-PersAutoDict-EraseBytes- DE: "'\000\000\000"-"\377g"-
#1077992	REDUCE cov: 581 ft: 2837 corp: 756/119Kb lim: 2353 exec/s: 13308 rss: 764Mb L: 155/2336 MS: 1 EraseBytes-
#1078798	REDUCE cov: 581 ft: 2837 corp: 756/119Kb lim: 2353 exec/s: 13318 rss: 764Mb L: 327/2336 MS: 1 EraseBytes-
#1079202	REDUCE cov: 581 ft: 2837 corp: 756/119Kb lim: 2353 exec/s: 13323 rss: 764Mb L: 309/2336 MS: 4 ShuffleBytes-ChangeBinInt-ChangeBit-EraseBytes-
#1079674	REDUCE cov: 581 ft: 2837 corp: 756/119Kb lim: 2353 exec/s: 13329 rss: 764Mb L: 35/2336 MS: 2 CopyPart-EraseBytes-
#1080900	REDUCE cov: 581 ft: 2837 corp: 756/119Kb lim: 2364 exec/s: 13344 rss: 764Mb L: 41/2336 MS: 1 EraseBytes-
#1081726	REDUCE cov: 581 ft: 2837 corp: 756/119Kb lim: 2364 exec/s: 13354 rss: 764Mb L: 12/2336 MS: 1 EraseBytes-
#1081753	REDUCE cov: 581 ft: 2837 corp: 756/119Kb lim: 2364 exec/s: 13354 rss: 764Mb L: 59/2336 MS: 2 InsertByte-EraseBytes-
#1082103	REDUCE cov: 581 ft: 2837 corp: 756/119Kb lim: 2364 exec/s: 13359 rss: 764Mb L: 55/2336 MS: 5 ChangeByte-CopyPart-ShuffleBytes-CopyPart-EraseBytes-
#1082119	REDUCE cov: 581 ft: 2837 corp: 756/119Kb lim: 2364 exec/s: 13359 rss: 764Mb L: 20/2336 MS: 1 EraseBytes-
#1083336	REDUCE cov: 581 ft: 2837 corp: 756/119Kb lim: 2375 exec/s: 13211 rss: 764Mb L: 65/2336 MS: 2 ChangeBinInt-EraseBytes-
#1083988	REDUCE cov: 581 ft: 2837 corp: 756/119Kb lim: 2375 exec/s: 13219 rss: 764Mb L: 299/2336 MS: 2 ChangeASCIIInt-EraseBytes-
#1085130	REDUCE cov: 581 ft: 2837 corp: 756/119Kb lim: 2386 exec/s: 13233 rss: 764Mb L: 40/2336 MS: 2 ChangeByte-EraseBytes-
#1087026	REDUCE cov: 581 ft: 2837 corp: 756/119Kb lim: 2397 exec/s: 13256 rss: 765Mb L: 93/2336 MS: 1 EraseBytes-
#1087342	REDUCE cov: 581 ft: 2839 corp: 757/119Kb lim: 2397 exec/s: 13260 rss: 765Mb L: 14/2336 MS: 1 CopyPart-
#1089279	REDUCE cov: 581 ft: 2839 corp: 757/119Kb lim: 2408 exec/s: 13283 rss: 765Mb L: 1035/2336 MS: 2 EraseBytes-CopyPart-
#1089410	REDUCE cov: 581 ft: 2839 corp: 757/119Kb lim: 2408 exec/s: 13285 rss: 765Mb L: 192/2336 MS: 1 EraseBytes-
#1089696	REDUCE cov: 581 ft: 2839 corp: 757/119Kb lim: 2408 exec/s: 13288 rss: 765Mb L: 8/2336 MS: 1 EraseBytes-
#1089800	REDUCE cov: 581 ft: 2839 corp: 757/119Kb lim: 2408 exec/s: 13290 rss: 765Mb L: 189/2336 MS: 4 PersAutoDict-EraseBytes-PersAutoDict-CopyPart- DE: "\000\000\000\000\000\000\000\017"-"\000\010"-
#1091292	REDUCE cov: 581 ft: 2839 corp: 757/119Kb lim: 2419 exec/s: 13308 rss: 765Mb L: 883/2336 MS: 2 ShuffleBytes-EraseBytes-
#1091361	REDUCE cov: 581 ft: 2839 corp: 757/119Kb lim: 2419 exec/s: 13309 rss: 765Mb L: 62/2336 MS: 4 ChangeByte-InsertByte-ShuffleBytes-EraseBytes-
#1091542	REDUCE cov: 581 ft: 2839 corp: 757/119Kb lim: 2419 exec/s: 13151 rss: 765Mb L: 27/2336 MS: 1 EraseBytes-
#1091750	REDUCE cov: 581 ft: 2839 corp: 757/119Kb lim: 2419 exec/s: 13153 rss: 765Mb L: 166/2336 MS: 3 EraseBytes-ChangeBit-ChangeByte-
#1092277	REDUCE cov: 581 ft: 2839 corp: 757/119Kb lim: 2419 exec/s: 13159 rss: 765Mb L: 50/2336 MS: 2 ChangeASCIIInt-EraseBytes-
#1093059	REDUCE cov: 581 ft: 2839 corp: 757/119Kb lim: 2419 exec/s: 13169 rss: 765Mb L: 104/2336 MS: 2 CMP-EraseBytes- DE: "\000["-
#1093435	REDUCE cov: 581 ft: 2839 corp: 757/119Kb lim: 2419 exec/s: 13173 rss: 765Mb L: 9/2336 MS: 1 EraseBytes-
#1094391	REDUCE cov: 581 ft: 2839 corp: 757/119Kb lim: 2419 exec/s: 13185 rss: 765Mb L: 27/2336 MS: 1 EraseBytes-
#1094452	REDUCE cov: 581 ft: 2839 corp: 757/119Kb lim: 2419 exec/s: 13186 rss: 765Mb L: 8/2336 MS: 1 EraseBytes-
#1095277	REDUCE cov: 581 ft: 2839 corp: 757/119Kb lim: 2419 exec/s: 13196 rss: 765Mb L: 608/2336 MS: 5 CMP-ChangeASCIIInt-EraseBytes-InsertByte-CopyPart- DE: "\000\376"-
#1095328	REDUCE cov: 581 ft: 2839 corp: 757/119Kb lim: 2419 exec/s: 13196 rss: 765Mb L: 49/2336 MS: 1 EraseBytes-
#1095415	REDUCE cov: 581 ft: 2839 corp: 757/119Kb lim: 2419 exec/s: 13197 rss: 765Mb L: 1167/2336 MS: 2 CopyPart-EraseBytes-
#1095911	REDUCE cov: 581 ft: 2839 corp: 757/119Kb lim: 2419 exec/s: 13203 rss: 765Mb L: 15/2336 MS: 1 EraseBytes-
#1095968	REDUCE cov: 581 ft: 2839 corp: 757/119Kb lim: 2419 exec/s: 13204 rss: 765Mb L: 191/2336 MS: 2 ChangeBinInt-EraseBytes-
#1096119	REDUCE cov: 581 ft: 2839 corp: 757/119Kb lim: 2419 exec/s: 13206 rss: 765Mb L: 151/2336 MS: 1 EraseBytes-
#1096205	REDUCE cov: 581 ft: 2839 corp: 757/119Kb lim: 2419 exec/s: 13207 rss: 765Mb L: 43/2336 MS: 1 EraseBytes-
#1096772	REDUCE cov: 581 ft: 2839 corp: 757/119Kb lim: 2419 exec/s: 13214 rss: 765Mb L: 89/2336 MS: 2 PersAutoDict-EraseBytes- DE: "\376\375"-
#1096968	REDUCE cov: 581 ft: 2839 corp: 757/119Kb lim: 2419 exec/s: 13216 rss: 765Mb L: 13/2336 MS: 1 EraseBytes-
#1097204	REDUCE cov: 581 ft: 2839 corp: 757/119Kb lim: 2419 exec/s: 13219 rss: 765Mb L: 326/2336 MS: 1 EraseBytes-
#1097251	NEW    cov: 581 ft: 2841 corp: 758/119Kb lim: 2419 exec/s: 13219 rss: 765Mb L: 48/2336 MS: 2 CrossOver-InsertRepeatedBytes-
#1097654	REDUCE cov: 581 ft: 2841 corp: 758/119Kb lim: 2419 exec/s: 13224 rss: 765Mb L: 48/2336 MS: 3 ChangeBit-ShuffleBytes-EraseBytes-
#1098405	REDUCE cov: 581 ft: 2841 corp: 758/119Kb lim: 2419 exec/s: 13233 rss: 765Mb L: 5/2336 MS: 1 EraseBytes-
#1098671	REDUCE cov: 581 ft: 2841 corp: 758/119Kb lim: 2419 exec/s: 13237 rss: 765Mb L: 73/2336 MS: 1 EraseBytes-
#1099918	REDUCE cov: 581 ft: 2841 corp: 758/119Kb lim: 2430 exec/s: 13252 rss: 766Mb L: 631/2336 MS: 2 CrossOver-EraseBytes-
#1100459	REDUCE cov: 581 ft: 2841 corp: 758/119Kb lim: 2430 exec/s: 13258 rss: 766Mb L: 1165/2336 MS: 1 EraseBytes-
#1101860	REDUCE cov: 581 ft: 2841 corp: 758/119Kb lim: 2441 exec/s: 13117 rss: 766Mb L: 904/2336 MS: 1 EraseBytes-
#1103606	REDUCE cov: 581 ft: 2841 corp: 758/119Kb lim: 2452 exec/s: 13138 rss: 766Mb L: 20/2336 MS: 1 EraseBytes-
#1103828	REDUCE cov: 581 ft: 2841 corp: 758/119Kb lim: 2452 exec/s: 13140 rss: 766Mb L: 24/2336 MS: 2 ChangeByte-EraseBytes-
#1104264	REDUCE cov: 581 ft: 2841 corp: 758/119Kb lim: 2452 exec/s: 13146 rss: 766Mb L: 292/2336 MS: 1 EraseBytes-
#1104590	REDUCE cov: 581 ft: 2841 corp: 758/119Kb lim: 2452 exec/s: 13149 rss: 766Mb L: 14/2336 MS: 1 EraseBytes-
#1105024	REDUCE cov: 581 ft: 2841 corp: 758/119Kb lim: 2452 exec/s: 13155 rss: 766Mb L: 877/2336 MS: 4 InsertByte-ChangeBinInt-CopyPart-EraseBytes-
#1105551	REDUCE cov: 581 ft: 2841 corp: 758/119Kb lim: 2452 exec/s: 13161 rss: 766Mb L: 2286/2286 MS: 2 ChangeBinInt-EraseBytes-
#1105567	REDUCE cov: 581 ft: 2841 corp: 758/119Kb lim: 2452 exec/s: 13161 rss: 766Mb L: 23/2286 MS: 1 EraseBytes-
#1105998	REDUCE cov: 581 ft: 2841 corp: 758/119Kb lim: 2452 exec/s: 13166 rss: 766Mb L: 213/2286 MS: 1 EraseBytes-
#1106490	REDUCE cov: 581 ft: 2841 corp: 758/119Kb lim: 2452 exec/s: 13172 rss: 766Mb L: 179/2286 MS: 2 PersAutoDict-EraseBytes- DE: "\377\377"-
#1107077	REDUCE cov: 581 ft: 2841 corp: 758/119Kb lim: 2452 exec/s: 13179 rss: 766Mb L: 57/2286 MS: 2 ChangeBinInt-EraseBytes-
#1107105	REDUCE cov: 581 ft: 2841 corp: 758/119Kb lim: 2452 exec/s: 13179 rss: 766Mb L: 26/2286 MS: 3 ChangeByte-EraseBytes-CopyPart-
#1108921	REDUCE cov: 581 ft: 2841 corp: 758/119Kb lim: 2463 exec/s: 13201 rss: 766Mb L: 190/2286 MS: 1 EraseBytes-
#1109217	REDUCE cov: 581 ft: 2841 corp: 758/119Kb lim: 2463 exec/s: 13204 rss: 767Mb L: 88/2286 MS: 1 EraseBytes-
#1109903	REDUCE cov: 581 ft: 2841 corp: 758/119Kb lim: 2463 exec/s: 13213 rss: 767Mb L: 7/2286 MS: 1 EraseBytes-
#1110189	REDUCE cov: 581 ft: 2841 corp: 758/119Kb lim: 2463 exec/s: 13061 rss: 767Mb L: 6/2286 MS: 1 EraseBytes-
#1110325	REDUCE cov: 581 ft: 2841 corp: 758/119Kb lim: 2463 exec/s: 13062 rss: 767Mb L: 3/2286 MS: 1 EraseBytes-
#1110536	REDUCE cov: 581 ft: 2841 corp: 758/119Kb lim: 2463 exec/s: 13065 rss: 767Mb L: 36/2286 MS: 1 EraseBytes-
#1110652	REDUCE cov: 581 ft: 2841 corp: 758/119Kb lim: 2463 exec/s: 13066 rss: 767Mb L: 26/2286 MS: 1 EraseBytes-
#1110722	REDUCE cov: 581 ft: 2841 corp: 758/119Kb lim: 2463 exec/s: 13067 rss: 767Mb L: 883/2286 MS: 5 EraseBytes-CopyPart-ChangeByte-ChangeBinInt-EraseBytes-
#1110887	REDUCE cov: 581 ft: 2841 corp: 758/119Kb lim: 2463 exec/s: 13069 rss: 767Mb L: 1339/2286 MS: 5 ChangeASCIIInt-ShuffleBytes-PersAutoDict-ChangeASCIIInt-CrossOver- DE: "X\026\000\000"-
#1111379	REDUCE cov: 581 ft: 2841 corp: 758/119Kb lim: 2463 exec/s: 13075 rss: 767Mb L: 47/2286 MS: 2 CopyPart-EraseBytes-
#1112166	REDUCE cov: 581 ft: 2841 corp: 758/119Kb lim: 2463 exec/s: 13084 rss: 768Mb L: 2166/2286 MS: 2 EraseBytes-CopyPart-
#1113062	REDUCE cov: 581 ft: 2841 corp: 758/119Kb lim: 2463 exec/s: 13094 rss: 768Mb L: 9/2286 MS: 1 EraseBytes-
#1113674	REDUCE cov: 581 ft: 2841 corp: 758/119Kb lim: 2463 exec/s: 13102 rss: 768Mb L: 46/2286 MS: 2 ChangeBinInt-EraseBytes-
#1114506	REDUCE cov: 581 ft: 2841 corp: 758/119Kb lim: 2463 exec/s: 13111 rss: 769Mb L: 138/2286 MS: 2 ShuffleBytes-EraseBytes-
#1114894	REDUCE cov: 581 ft: 2841 corp: 758/118Kb lim: 2463 exec/s: 13116 rss: 769Mb L: 627/2286 MS: 3 InsertByte-CMP-EraseBytes- DE: "\000\000\000\000\000\000\000\016"-
#1115196	REDUCE cov: 581 ft: 2841 corp: 758/118Kb lim: 2463 exec/s: 13119 rss: 769Mb L: 292/2286 MS: 2 CrossOver-CopyPart-
#1115752	REDUCE cov: 581 ft: 2841 corp: 758/118Kb lim: 2463 exec/s: 13126 rss: 769Mb L: 20/2286 MS: 1 EraseBytes-
#1116001	REDUCE cov: 581 ft: 2841 corp: 758/118Kb lim: 2463 exec/s: 13129 rss: 769Mb L: 621/2286 MS: 4 InsertByte-CopyPart-ChangeByte-CrossOver-
#1117402	REDUCE cov: 581 ft: 2841 corp: 758/118Kb lim: 2474 exec/s: 13145 rss: 769Mb L: 39/2286 MS: 1 EraseBytes-
#1117763	REDUCE cov: 581 ft: 2841 corp: 758/118Kb lim: 2474 exec/s: 13150 rss: 769Mb L: 42/2286 MS: 1 EraseBytes-
#1117969	REDUCE cov: 581 ft: 2841 corp: 758/118Kb lim: 2474 exec/s: 13152 rss: 769Mb L: 62/2286 MS: 1 EraseBytes-
#1118285	REDUCE cov: 581 ft: 2841 corp: 758/118Kb lim: 2474 exec/s: 13156 rss: 769Mb L: 41/2286 MS: 1 EraseBytes-
#1118436	REDUCE cov: 581 ft: 2841 corp: 758/118Kb lim: 2474 exec/s: 13158 rss: 769Mb L: 212/2286 MS: 1 EraseBytes-
#1119577	REDUCE cov: 581 ft: 2841 corp: 758/118Kb lim: 2485 exec/s: 13171 rss: 769Mb L: 34/2286 MS: 1 EraseBytes-
#1121023	REDUCE cov: 581 ft: 2841 corp: 758/118Kb lim: 2496 exec/s: 13035 rss: 769Mb L: 181/2286 MS: 1 EraseBytes-
#1121250	REDUCE cov: 581 ft: 2841 corp: 758/118Kb lim: 2496 exec/s: 13037 rss: 769Mb L: 215/2286 MS: 2 PersAutoDict-EraseBytes- DE: "\0010"-
#1121496	REDUCE cov: 581 ft: 2841 corp: 758/118Kb lim: 2496 exec/s: 13040 rss: 770Mb L: 25/2286 MS: 1 EraseBytes-
#1122863	REDUCE cov: 581 ft: 2841 corp: 758/118Kb lim: 2507 exec/s: 13056 rss: 770Mb L: 57/2286 MS: 2 ChangeByte-EraseBytes-
#1124474	REDUCE cov: 581 ft: 2841 corp: 758/118Kb lim: 2518 exec/s: 13075 rss: 770Mb L: 40/2286 MS: 1 EraseBytes-
#1124603	REDUCE cov: 581 ft: 2841 corp: 758/118Kb lim: 2518 exec/s: 13076 rss: 770Mb L: 862/2286 MS: 4 InsertRepeatedBytes-ChangeByte-ChangeASCIIInt-EraseBytes-
#1124804	REDUCE cov: 581 ft: 2841 corp: 758/118Kb lim: 2518 exec/s: 13079 rss: 770Mb L: 23/2286 MS: 1 EraseBytes-
#1125506	REDUCE cov: 581 ft: 2841 corp: 758/118Kb lim: 2518 exec/s: 13087 rss: 770Mb L: 33/2286 MS: 2 CMP-EraseBytes- DE: " \000"-
#1127582	REDUCE cov: 581 ft: 2841 corp: 758/118Kb lim: 2529 exec/s: 13111 rss: 770Mb L: 323/2286 MS: 1 EraseBytes-
#1127634	REDUCE cov: 581 ft: 2841 corp: 758/118Kb lim: 2529 exec/s: 13112 rss: 770Mb L: 32/2286 MS: 2 ChangeByte-EraseBytes-
#1129140	REDUCE cov: 581 ft: 2841 corp: 758/118Kb lim: 2540 exec/s: 13129 rss: 770Mb L: 191/2286 MS: 1 EraseBytes-
#1130297	REDUCE cov: 581 ft: 2841 corp: 758/118Kb lim: 2551 exec/s: 12991 rss: 770Mb L: 21/2286 MS: 2 InsertByte-EraseBytes-
#1131483	REDUCE cov: 581 ft: 2841 corp: 758/118Kb lim: 2562 exec/s: 13005 rss: 770Mb L: 317/2286 MS: 1 EraseBytes-
#1134982	REDUCE cov: 581 ft: 2841 corp: 758/118Kb lim: 2595 exec/s: 13045 rss: 770Mb L: 1199/2286 MS: 4 CopyPart-ChangeByte-ChangeBit-EraseBytes-
#1135467	REDUCE cov: 581 ft: 2841 corp: 758/118Kb lim: 2595 exec/s: 13051 rss: 770Mb L: 1195/2286 MS: 5 ChangeBit-EraseBytes-InsertRepeatedBytes-ChangeByte-CopyPart-
#1136135	REDUCE cov: 581 ft: 2841 corp: 758/118Kb lim: 2595 exec/s: 13059 rss: 770Mb L: 859/2286 MS: 3 ChangeBinInt-CrossOver-EraseBytes-
#1137306	REDUCE cov: 581 ft: 2841 corp: 758/118Kb lim: 2606 exec/s: 13072 rss: 770Mb L: 8/2286 MS: 1 EraseBytes-
#1138670	REDUCE cov: 581 ft: 2841 corp: 758/118Kb lim: 2617 exec/s: 13088 rss: 770Mb L: 14/2286 MS: 4 ChangeBinInt-CMP-ChangeBit-EraseBytes- DE: "\012\000\000\000"-
#1138809	REDUCE cov: 581 ft: 2841 corp: 758/118Kb lim: 2617 exec/s: 13089 rss: 770Mb L: 79/2286 MS: 4 EraseBytes-InsertByte-CrossOver-CopyPart-
#1138923	REDUCE cov: 581 ft: 2841 corp: 758/118Kb lim: 2617 exec/s: 13091 rss: 770Mb L: 1479/2286 MS: 4 CopyPart-ChangeBinInt-ChangeBit-EraseBytes-
#1140116	REDUCE cov: 581 ft: 2841 corp: 758/118Kb lim: 2628 exec/s: 13104 rss: 770Mb L: 18/2286 MS: 3 CMP-ChangeByte-EraseBytes- DE: "\001\000\000\000\000\000\000\006"-
#1140683	REDUCE cov: 581 ft: 2841 corp: 758/118Kb lim: 2628 exec/s: 13111 rss: 770Mb L: 25/2286 MS: 2 ChangeByte-EraseBytes-
#1141344	REDUCE cov: 581 ft: 2841 corp: 758/118Kb lim: 2628 exec/s: 12969 rss: 770Mb L: 99/2286 MS: 1 EraseBytes-
#1141667	REDUCE cov: 581 ft: 2841 corp: 758/118Kb lim: 2628 exec/s: 12973 rss: 770Mb L: 341/2286 MS: 3 CopyPart-ShuffleBytes-EraseBytes-
#1142993	REDUCE cov: 581 ft: 2841 corp: 758/118Kb lim: 2639 exec/s: 12988 rss: 771Mb L: 21/2286 MS: 1 EraseBytes-
#1143285	REDUCE cov: 581 ft: 2841 corp: 758/118Kb lim: 2639 exec/s: 12991 rss: 771Mb L: 13/2286 MS: 2 ChangeBinInt-EraseBytes-
#1143856	REDUCE cov: 581 ft: 2841 corp: 758/118Kb lim: 2639 exec/s: 12998 rss: 771Mb L: 4/2286 MS: 1 EraseBytes-
#1144018	REDUCE cov: 581 ft: 2841 corp: 758/118Kb lim: 2639 exec/s: 13000 rss: 771Mb L: 39/2286 MS: 2 ChangeByte-EraseBytes-
#1147104	REDUCE cov: 581 ft: 2841 corp: 758/118Kb lim: 2661 exec/s: 13035 rss: 771Mb L: 33/2286 MS: 1 EraseBytes-
#1147841	REDUCE cov: 581 ft: 2841 corp: 758/118Kb lim: 2661 exec/s: 13043 rss: 771Mb L: 629/2286 MS: 2 CrossOver-EraseBytes-
#1149134	REDUCE cov: 581 ft: 2841 corp: 758/118Kb lim: 2672 exec/s: 13058 rss: 771Mb L: 40/2286 MS: 3 ChangeByte-ChangeBinInt-EraseBytes-
#1149982	REDUCE cov: 581 ft: 2841 corp: 758/118Kb lim: 2672 exec/s: 13067 rss: 771Mb L: 153/2286 MS: 3 InsertByte-ChangeByte-EraseBytes-
#1152569	REDUCE cov: 581 ft: 2841 corp: 758/118Kb lim: 2694 exec/s: 12950 rss: 771Mb L: 38/2286 MS: 2 CopyPart-EraseBytes-
#1153287	REDUCE cov: 581 ft: 2841 corp: 758/118Kb lim: 2694 exec/s: 12958 rss: 771Mb L: 35/2286 MS: 3 InsertByte-PersAutoDict-EraseBytes- DE: "\377\377\377\377\377\377\377\003"-
#1153798	REDUCE cov: 581 ft: 2841 corp: 758/118Kb lim: 2694 exec/s: 12964 rss: 771Mb L: 27/2286 MS: 1 EraseBytes-
#1154888	REDUCE cov: 581 ft: 2841 corp: 758/118Kb lim: 2694 exec/s: 12976 rss: 771Mb L: 333/2286 MS: 5 ChangeASCIIInt-ShuffleBytes-ChangeByte-InsertByte-EraseBytes-
#1157282	REDUCE cov: 581 ft: 2841 corp: 758/118Kb lim: 2716 exec/s: 13003 rss: 771Mb L: 1018/2286 MS: 4 ChangeByte-CopyPart-ShuffleBytes-EraseBytes-
#1157338	REDUCE cov: 581 ft: 2841 corp: 758/118Kb lim: 2716 exec/s: 13003 rss: 771Mb L: 53/2286 MS: 1 EraseBytes-
#1158354	REDUCE cov: 581 ft: 2841 corp: 758/118Kb lim: 2716 exec/s: 13015 rss: 771Mb L: 505/2286 MS: 1 EraseBytes-
#1159435	REDUCE cov: 581 ft: 2841 corp: 758/118Kb lim: 2716 exec/s: 13027 rss: 771Mb L: 260/2286 MS: 1 EraseBytes-
#1159646	REDUCE cov: 581 ft: 2841 corp: 758/118Kb lim: 2716 exec/s: 13029 rss: 771Mb L: 22/2286 MS: 1 EraseBytes-
#1161442	REDUCE cov: 581 ft: 2841 corp: 758/118Kb lim: 2727 exec/s: 12904 rss: 771Mb L: 33/2286 MS: 1 EraseBytes-
#1162623	REDUCE cov: 581 ft: 2841 corp: 758/118Kb lim: 2738 exec/s: 12918 rss: 771Mb L: 42/2286 MS: 1 EraseBytes-
#1163730	REDUCE cov: 581 ft: 2841 corp: 758/118Kb lim: 2749 exec/s: 12930 rss: 771Mb L: 150/2286 MS: 2 ChangeByte-EraseBytes-
#1164966	REDUCE cov: 581 ft: 2841 corp: 758/118Kb lim: 2760 exec/s: 12944 rss: 771Mb L: 133/2286 MS: 1 EraseBytes-
#1165272	REDUCE cov: 581 ft: 2841 corp: 758/118Kb lim: 2760 exec/s: 12947 rss: 771Mb L: 1076/2286 MS: 1 EraseBytes-
#1165469	REDUCE cov: 581 ft: 2841 corp: 758/118Kb lim: 2760 exec/s: 12949 rss: 771Mb L: 912/2286 MS: 2 ChangeASCIIInt-EraseBytes-
#1165555	REDUCE cov: 581 ft: 2841 corp: 758/118Kb lim: 2760 exec/s: 12950 rss: 771Mb L: 15/2286 MS: 1 EraseBytes-
#1165616	REDUCE cov: 581 ft: 2841 corp: 758/118Kb lim: 2760 exec/s: 12951 rss: 771Mb L: 6/2286 MS: 1 EraseBytes-
#1165833	REDUCE cov: 581 ft: 2841 corp: 758/118Kb lim: 2760 exec/s: 12953 rss: 771Mb L: 26/2286 MS: 2 InsertByte-EraseBytes-
#1166064	REDUCE cov: 581 ft: 2841 corp: 758/118Kb lim: 2760 exec/s: 12956 rss: 771Mb L: 12/2286 MS: 1 EraseBytes-
#1166896	REDUCE cov: 581 ft: 2841 corp: 758/118Kb lim: 2760 exec/s: 12965 rss: 771Mb L: 293/2286 MS: 2 InsertByte-EraseBytes-
#1167046	REDUCE cov: 581 ft: 2841 corp: 758/118Kb lim: 2760 exec/s: 12967 rss: 771Mb L: 81/2286 MS: 5 PersAutoDict-CopyPart-EraseBytes-ChangeByte-CopyPart- DE: "\000\000\000\000"-
#1169437	REDUCE cov: 581 ft: 2841 corp: 758/118Kb lim: 2782 exec/s: 12993 rss: 771Mb L: 549/2286 MS: 1 EraseBytes-
#1170232	REDUCE cov: 581 ft: 2841 corp: 758/118Kb lim: 2782 exec/s: 13002 rss: 771Mb L: 547/2286 MS: 5 ChangeByte-CrossOver-CMP-EraseBytes-CrossOver- DE: "\201\000\000\000"-
#1172843	REDUCE cov: 581 ft: 2841 corp: 758/118Kb lim: 2804 exec/s: 12888 rss: 771Mb L: 84/2286 MS: 1 EraseBytes-
#1176579	REDUCE cov: 581 ft: 2841 corp: 758/118Kb lim: 2837 exec/s: 12929 rss: 771Mb L: 10/2286 MS: 1 EraseBytes-
#1176680	REDUCE cov: 581 ft: 2841 corp: 758/118Kb lim: 2837 exec/s: 12930 rss: 771Mb L: 25/2286 MS: 1 EraseBytes-
#1177886	REDUCE cov: 581 ft: 2841 corp: 758/118Kb lim: 2848 exec/s: 12943 rss: 771Mb L: 568/2286 MS: 1 EraseBytes-
#1177952	REDUCE cov: 581 ft: 2841 corp: 758/118Kb lim: 2848 exec/s: 12944 rss: 771Mb L: 34/2286 MS: 1 EraseBytes-
#1177958	REDUCE cov: 581 ft: 2841 corp: 758/118Kb lim: 2848 exec/s: 12944 rss: 771Mb L: 57/2286 MS: 1 EraseBytes-
#1181145	REDUCE cov: 581 ft: 2841 corp: 758/118Kb lim: 2870 exec/s: 12979 rss: 771Mb L: 530/2286 MS: 2 ChangeBit-EraseBytes-
#1181999	REDUCE cov: 581 ft: 2841 corp: 758/118Kb lim: 2870 exec/s: 12989 rss: 771Mb L: 2139/2286 MS: 4 InsertByte-ChangeASCIIInt-ChangeASCIIInt-EraseBytes-
#1182120	REDUCE cov: 581 ft: 2841 corp: 758/118Kb lim: 2870 exec/s: 12990 rss: 771Mb L: 40/2286 MS: 1 EraseBytes-
#1182265	REDUCE cov: 581 ft: 2843 corp: 759/120Kb lim: 2870 exec/s: 12991 rss: 771Mb L: 2076/2286 MS: 5 ChangeByte-CrossOver-InsertByte-ChangeBit-CopyPart-
#1183061	REDUCE cov: 581 ft: 2843 corp: 759/120Kb lim: 2870 exec/s: 12859 rss: 771Mb L: 417/2286 MS: 1 EraseBytes-
#1183582	REDUCE cov: 581 ft: 2843 corp: 759/120Kb lim: 2870 exec/s: 12865 rss: 771Mb L: 7/2286 MS: 1 EraseBytes-
#1184033	REDUCE cov: 581 ft: 2843 corp: 759/120Kb lim: 2870 exec/s: 12869 rss: 771Mb L: 8/2286 MS: 1 EraseBytes-
#1184266	REDUCE cov: 581 ft: 2843 corp: 759/120Kb lim: 2870 exec/s: 12872 rss: 771Mb L: 874/2286 MS: 3 ChangeBinInt-ChangeASCIIInt-EraseBytes-
#1184380	REDUCE cov: 581 ft: 2843 corp: 759/120Kb lim: 2870 exec/s: 12873 rss: 771Mb L: 288/2286 MS: 4 InsertByte-ShuffleBytes-ChangeBit-EraseBytes-
#1184766	REDUCE cov: 581 ft: 2843 corp: 759/120Kb lim: 2870 exec/s: 12877 rss: 771Mb L: 50/2286 MS: 1 EraseBytes-
#1185412	REDUCE cov: 581 ft: 2843 corp: 759/120Kb lim: 2870 exec/s: 12884 rss: 771Mb L: 27/2286 MS: 1 EraseBytes-
#1185942	REDUCE cov: 581 ft: 2843 corp: 759/119Kb lim: 2870 exec/s: 12890 rss: 771Mb L: 1812/2286 MS: 5 ChangeBit-InsertRepeatedBytes-ChangeBinInt-ChangeByte-EraseBytes-
#1186034	REDUCE cov: 581 ft: 2843 corp: 759/119Kb lim: 2870 exec/s: 12891 rss: 771Mb L: 21/2286 MS: 2 ChangeBit-EraseBytes-
#1186562	REDUCE cov: 581 ft: 2843 corp: 759/119Kb lim: 2870 exec/s: 12897 rss: 771Mb L: 413/2286 MS: 3 ChangeByte-ChangeByte-EraseBytes-
#1187413	REDUCE cov: 581 ft: 2843 corp: 759/119Kb lim: 2870 exec/s: 12906 rss: 771Mb L: 50/2286 MS: 1 EraseBytes-
#1187550	REDUCE cov: 581 ft: 2843 corp: 759/119Kb lim: 2870 exec/s: 12908 rss: 771Mb L: 1031/2286 MS: 2 ChangeByte-EraseBytes-
#1187561	REDUCE cov: 581 ft: 2843 corp: 759/119Kb lim: 2870 exec/s: 12908 rss: 771Mb L: 310/2286 MS: 1 EraseBytes-
#1187604	REDUCE cov: 581 ft: 2843 corp: 759/119Kb lim: 2870 exec/s: 12908 rss: 771Mb L: 24/2286 MS: 3 EraseBytes-ChangeByte-PersAutoDict- DE: "\377\377\377\377\377\377\3776"-
#1187995	REDUCE cov: 581 ft: 2843 corp: 759/119Kb lim: 2870 exec/s: 12912 rss: 771Mb L: 31/2286 MS: 1 EraseBytes-
#1188024	REDUCE cov: 581 ft: 2843 corp: 759/119Kb lim: 2870 exec/s: 12913 rss: 771Mb L: 1541/2286 MS: 4 ChangeASCIIInt-ShuffleBytes-ChangeByte-EraseBytes-
#1189055	REDUCE cov: 581 ft: 2843 corp: 759/119Kb lim: 2870 exec/s: 12924 rss: 771Mb L: 147/2286 MS: 1 EraseBytes-
#1189241	REDUCE cov: 581 ft: 2843 corp: 759/119Kb lim: 2870 exec/s: 12926 rss: 771Mb L: 54/2286 MS: 1 EraseBytes-
#1189479	REDUCE cov: 581 ft: 2843 corp: 759/119Kb lim: 2870 exec/s: 12929 rss: 771Mb L: 943/2286 MS: 3 InsertByte-ChangeByte-EraseBytes-
#1189730	REDUCE cov: 581 ft: 2843 corp: 759/119Kb lim: 2870 exec/s: 12931 rss: 771Mb L: 42/2286 MS: 1 EraseBytes-
#1190136	REDUCE cov: 581 ft: 2843 corp: 759/119Kb lim: 2870 exec/s: 12936 rss: 771Mb L: 15/2286 MS: 1 EraseBytes-
#1190318	REDUCE cov: 581 ft: 2843 corp: 759/119Kb lim: 2870 exec/s: 12938 rss: 771Mb L: 287/2286 MS: 2 PersAutoDict-EraseBytes- DE: "X\026\000\000"-
#1190760	REDUCE cov: 581 ft: 2843 corp: 759/119Kb lim: 2870 exec/s: 12943 rss: 771Mb L: 41/2286 MS: 2 CopyPart-EraseBytes-
#1190861	REDUCE cov: 581 ft: 2843 corp: 759/119Kb lim: 2870 exec/s: 12944 rss: 771Mb L: 47/2286 MS: 1 EraseBytes-
#1190872	REDUCE cov: 581 ft: 2843 corp: 759/119Kb lim: 2870 exec/s: 12944 rss: 771Mb L: 17/2286 MS: 1 EraseBytes-
#1191596	REDUCE cov: 581 ft: 2843 corp: 759/119Kb lim: 2870 exec/s: 12812 rss: 771Mb L: 400/2286 MS: 4 ChangeBinInt-ChangeByte-EraseBytes-CopyPart-
#1192282	REDUCE cov: 581 ft: 2843 corp: 759/119Kb lim: 2870 exec/s: 12820 rss: 771Mb L: 10/2286 MS: 1 EraseBytes-
#1192686	REDUCE cov: 581 ft: 2843 corp: 759/119Kb lim: 2870 exec/s: 12824 rss: 772Mb L: 252/2286 MS: 4 ChangeByte-ChangeASCIIInt-PersAutoDict-EraseBytes- DE: "]\000"-
#1193162	REDUCE cov: 581 ft: 2843 corp: 759/119Kb lim: 2870 exec/s: 12829 rss: 772Mb L: 20/2286 MS: 1 EraseBytes-
#1193256	REDUCE cov: 581 ft: 2843 corp: 759/119Kb lim: 2870 exec/s: 12830 rss: 772Mb L: 2031/2286 MS: 4 ChangeASCIIInt-ChangeBinInt-ChangeBinInt-EraseBytes-
#1193552	REDUCE cov: 581 ft: 2843 corp: 759/119Kb lim: 2870 exec/s: 12833 rss: 772Mb L: 172/2286 MS: 1 EraseBytes-
#1193843	REDUCE cov: 581 ft: 2843 corp: 759/119Kb lim: 2870 exec/s: 12837 rss: 772Mb L: 8/2286 MS: 1 EraseBytes-
#1195402	REDUCE cov: 581 ft: 2843 corp: 759/119Kb lim: 2881 exec/s: 12853 rss: 772Mb L: 183/2286 MS: 4 CopyPart-ChangeByte-ChangeBinInt-EraseBytes-
#1195768	REDUCE cov: 581 ft: 2843 corp: 759/119Kb lim: 2881 exec/s: 12857 rss: 773Mb L: 18/2286 MS: 1 EraseBytes-
#1195804	REDUCE cov: 581 ft: 2843 corp: 759/119Kb lim: 2881 exec/s: 12858 rss: 773Mb L: 31/2286 MS: 1 EraseBytes-
#1196995	REDUCE cov: 581 ft: 2843 corp: 759/119Kb lim: 2892 exec/s: 12870 rss: 773Mb L: 49/2286 MS: 1 EraseBytes-
#1198067	REDUCE cov: 581 ft: 2843 corp: 759/119Kb lim: 2892 exec/s: 12882 rss: 773Mb L: 12/2286 MS: 2 CopyPart-EraseBytes-
#1198564	REDUCE cov: 581 ft: 2843 corp: 759/119Kb lim: 2892 exec/s: 12887 rss: 773Mb L: 19/2286 MS: 2 InsertByte-EraseBytes-
#1200966	REDUCE cov: 581 ft: 2843 corp: 759/119Kb lim: 2914 exec/s: 12776 rss: 773Mb L: 15/2286 MS: 2 CopyPart-EraseBytes-
#1202758	REDUCE cov: 581 ft: 2843 corp: 759/119Kb lim: 2925 exec/s: 12795 rss: 773Mb L: 11/2286 MS: 2 EraseBytes-ShuffleBytes-
#1203204	REDUCE cov: 581 ft: 2843 corp: 759/119Kb lim: 2925 exec/s: 12800 rss: 773Mb L: 6/2286 MS: 1 EraseBytes-
#1203595	REDUCE cov: 581 ft: 2843 corp: 759/119Kb lim: 2925 exec/s: 12804 rss: 773Mb L: 22/2286 MS: 1 EraseBytes-
#1203646	REDUCE cov: 581 ft: 2843 corp: 759/119Kb lim: 2925 exec/s: 12804 rss: 773Mb L: 19/2286 MS: 1 EraseBytes-
#1205973	REDUCE cov: 581 ft: 2843 corp: 759/119Kb lim: 2947 exec/s: 12829 rss: 773Mb L: 145/2286 MS: 2 InsertByte-EraseBytes-
#1207357	REDUCE cov: 581 ft: 2843 corp: 759/119Kb lim: 2958 exec/s: 12844 rss: 773Mb L: 97/2286 MS: 4 ShuffleBytes-ChangeBit-ChangeByte-EraseBytes-
#1207394	REDUCE cov: 581 ft: 2843 corp: 759/119Kb lim: 2958 exec/s: 12844 rss: 773Mb L: 1171/2286 MS: 2 ShuffleBytes-CrossOver-
#1208280	REDUCE cov: 581 ft: 2843 corp: 759/119Kb lim: 2958 exec/s: 12718 rss: 773Mb L: 205/2286 MS: 1 EraseBytes-
#1208441	REDUCE cov: 581 ft: 2843 corp: 759/119Kb lim: 2958 exec/s: 12720 rss: 773Mb L: 46/2286 MS: 1 EraseBytes-
#1208715	REDUCE cov: 581 ft: 2845 corp: 760/122Kb lim: 2958 exec/s: 12723 rss: 773Mb L: 2885/2885 MS: 4 ShuffleBytes-CrossOver-CopyPart-CrossOver-
#1208826	REDUCE cov: 581 ft: 2845 corp: 760/122Kb lim: 2958 exec/s: 12724 rss: 773Mb L: 26/2885 MS: 1 EraseBytes-
#1209854	REDUCE cov: 581 ft: 2845 corp: 760/122Kb lim: 2958 exec/s: 12735 rss: 773Mb L: 2852/2852 MS: 3 CopyPart-ShuffleBytes-EraseBytes-
#1211861	REDUCE cov: 581 ft: 2845 corp: 760/122Kb lim: 2969 exec/s: 12756 rss: 773Mb L: 51/2852 MS: 2 ChangeBinInt-EraseBytes-
#1213481	REDUCE cov: 581 ft: 2845 corp: 760/122Kb lim: 2980 exec/s: 12773 rss: 773Mb L: 146/2852 MS: 5 ShuffleBytes-InsertByte-InsertByte-EraseBytes-PersAutoDict- DE: "\001\016"-
#1214977	REDUCE cov: 581 ft: 2845 corp: 760/122Kb lim: 2991 exec/s: 12789 rss: 773Mb L: 13/2852 MS: 1 EraseBytes-
#1215369	REDUCE cov: 581 ft: 2845 corp: 760/122Kb lim: 2991 exec/s: 12793 rss: 773Mb L: 130/2852 MS: 2 CopyPart-EraseBytes-
#1215411	REDUCE cov: 581 ft: 2845 corp: 760/122Kb lim: 2991 exec/s: 12793 rss: 773Mb L: 37/2852 MS: 2 ChangeBit-EraseBytes-
#1216972	REDUCE cov: 581 ft: 2845 corp: 760/122Kb lim: 3002 exec/s: 12676 rss: 773Mb L: 614/2852 MS: 1 EraseBytes-
#1217059	REDUCE cov: 581 ft: 2845 corp: 760/122Kb lim: 3002 exec/s: 12677 rss: 773Mb L: 86/2852 MS: 2 CopyPart-EraseBytes-
#1217457	REDUCE cov: 581 ft: 2845 corp: 760/122Kb lim: 3002 exec/s: 12681 rss: 773Mb L: 42/2852 MS: 3 CrossOver-EraseBytes-CopyPart-
#1219596	REDUCE cov: 581 ft: 2845 corp: 760/122Kb lim: 3013 exec/s: 12704 rss: 773Mb L: 802/2852 MS: 4 CopyPart-ChangeByte-CrossOver-EraseBytes-
#1220617	REDUCE cov: 581 ft: 2845 corp: 760/122Kb lim: 3013 exec/s: 12714 rss: 773Mb L: 55/2852 MS: 1 EraseBytes-
#1221756	REDUCE cov: 581 ft: 2845 corp: 760/122Kb lim: 3024 exec/s: 12726 rss: 773Mb L: 829/2852 MS: 4 ChangeByte-EraseBytes-ChangeASCIIInt-CrossOver-
#1222372	REDUCE cov: 581 ft: 2845 corp: 760/122Kb lim: 3024 exec/s: 12733 rss: 773Mb L: 98/2852 MS: 1 EraseBytes-
#1223398	REDUCE cov: 581 ft: 2845 corp: 760/122Kb lim: 3024 exec/s: 12743 rss: 773Mb L: 82/2852 MS: 1 EraseBytes-
#1225009	REDUCE cov: 581 ft: 2845 corp: 760/122Kb lim: 3035 exec/s: 12760 rss: 773Mb L: 20/2852 MS: 1 CrossOver-
#1225233	REDUCE cov: 581 ft: 2845 corp: 760/122Kb lim: 3035 exec/s: 12762 rss: 773Mb L: 1331/2852 MS: 4 CopyPart-InsertByte-CopyPart-EraseBytes-
#1226059	REDUCE cov: 581 ft: 2845 corp: 760/122Kb lim: 3035 exec/s: 12639 rss: 773Mb L: 62/2852 MS: 1 EraseBytes-
#1227906	REDUCE cov: 581 ft: 2845 corp: 760/122Kb lim: 3046 exec/s: 12658 rss: 773Mb L: 39/2852 MS: 2 ShuffleBytes-EraseBytes-
#1228270	REDUCE cov: 581 ft: 2845 corp: 760/122Kb lim: 3046 exec/s: 12662 rss: 773Mb L: 121/2852 MS: 4 InsertByte-PersAutoDict-ChangeByte-EraseBytes- DE: "\000\000\000\000\000\000\000\010"-
#1228351	REDUCE cov: 581 ft: 2845 corp: 760/122Kb lim: 3046 exec/s: 12663 rss: 773Mb L: 26/2852 MS: 1 EraseBytes-
#1228972	REDUCE cov: 581 ft: 2845 corp: 760/122Kb lim: 3046 exec/s: 12669 rss: 773Mb L: 176/2852 MS: 1 EraseBytes-
#1229049	REDUCE cov: 581 ft: 2845 corp: 760/122Kb lim: 3046 exec/s: 12670 rss: 773Mb L: 102/2852 MS: 2 ChangeBinInt-EraseBytes-
#1230928	REDUCE cov: 581 ft: 2845 corp: 760/122Kb lim: 3057 exec/s: 12689 rss: 774Mb L: 31/2852 MS: 4 ChangeBit-ShuffleBytes-CMP-EraseBytes- DE: "\374\377"-
#1232974	REDUCE cov: 581 ft: 2845 corp: 760/122Kb lim: 3068 exec/s: 12711 rss: 774Mb L: 119/2852 MS: 1 EraseBytes-
#1233545	REDUCE cov: 581 ft: 2845 corp: 760/122Kb lim: 3068 exec/s: 12716 rss: 774Mb L: 11/2852 MS: 1 EraseBytes-
#1234127	REDUCE cov: 581 ft: 2845 corp: 760/122Kb lim: 3068 exec/s: 12722 rss: 774Mb L: 28/2852 MS: 2 EraseBytes-CMP- DE: "\000\000\377\375"-
#1234274	REDUCE cov: 581 ft: 2845 corp: 760/122Kb lim: 3068 exec/s: 12724 rss: 774Mb L: 165/2852 MS: 2 EraseBytes-CopyPart-
#1235207	REDUCE cov: 581 ft: 2845 corp: 760/121Kb lim: 3068 exec/s: 12734 rss: 774Mb L: 262/2852 MS: 3 PersAutoDict-ShuffleBytes-EraseBytes- DE: "\013\000\000\000\000\000\000\000"-
#1235663	REDUCE cov: 581 ft: 2845 corp: 760/121Kb lim: 3068 exec/s: 12608 rss: 774Mb L: 38/2852 MS: 1 EraseBytes-
#1235994	REDUCE cov: 581 ft: 2845 corp: 760/121Kb lim: 3068 exec/s: 12612 rss: 774Mb L: 692/2852 MS: 1 EraseBytes-
#1236888	REDUCE cov: 581 ft: 2845 corp: 760/121Kb lim: 3068 exec/s: 12621 rss: 774Mb L: 499/2852 MS: 4 InsertByte-InsertByte-ChangeASCIIInt-EraseBytes-
#1237601	REDUCE cov: 581 ft: 2845 corp: 760/121Kb lim: 3068 exec/s: 12628 rss: 774Mb L: 1135/2852 MS: 3 PersAutoDict-ChangeBit-EraseBytes- DE: "\001\000\000\000\000\000\000\365"-
#1237992	REDUCE cov: 581 ft: 2845 corp: 760/121Kb lim: 3068 exec/s: 12632 rss: 774Mb L: 199/2852 MS: 1 EraseBytes-
#1238028	REDUCE cov: 581 ft: 2845 corp: 760/121Kb lim: 3068 exec/s: 12632 rss: 774Mb L: 11/2852 MS: 1 EraseBytes-
#1238390	REDUCE cov: 581 ft: 2845 corp: 760/121Kb lim: 3068 exec/s: 12636 rss: 774Mb L: 41/2852 MS: 2 ChangeByte-EraseBytes-
#1238756	REDUCE cov: 581 ft: 2845 corp: 760/121Kb lim: 3068 exec/s: 12640 rss: 774Mb L: 21/2852 MS: 1 EraseBytes-
#1238848	REDUCE cov: 581 ft: 2845 corp: 760/121Kb lim: 3068 exec/s: 12641 rss: 774Mb L: 49/2852 MS: 2 ChangeBinInt-EraseBytes-
#1239031	REDUCE cov: 581 ft: 2845 corp: 760/121Kb lim: 3068 exec/s: 12643 rss: 774Mb L: 47/2852 MS: 3 ChangeASCIIInt-ShuffleBytes-EraseBytes-
#1240039	REDUCE cov: 581 ft: 2845 corp: 760/121Kb lim: 3068 exec/s: 12653 rss: 774Mb L: 57/2852 MS: 3 InsertByte-EraseBytes-CopyPart-
#1244391	REDUCE cov: 581 ft: 2845 corp: 760/121Kb lim: 3101 exec/s: 12697 rss: 774Mb L: 24/2852 MS: 2 ChangeBinInt-EraseBytes-
#1244872	REDUCE cov: 581 ft: 2845 corp: 760/121Kb lim: 3101 exec/s: 12702 rss: 774Mb L: 15/2852 MS: 1 EraseBytes-
#1245054	REDUCE cov: 581 ft: 2845 corp: 760/121Kb lim: 3101 exec/s: 12704 rss: 774Mb L: 667/2852 MS: 2 CMP-EraseBytes- DE: "J\000\000\000\000\000\000\000"-
#1245932	REDUCE cov: 581 ft: 2845 corp: 760/121Kb lim: 3101 exec/s: 12585 rss: 774Mb L: 468/2852 MS: 3 CopyPart-ChangeASCIIInt-EraseBytes-
#1246172	REDUCE cov: 581 ft: 2845 corp: 760/121Kb lim: 3101 exec/s: 12587 rss: 774Mb L: 553/2852 MS: 5 ChangeByte-InsertByte-ChangeByte-EraseBytes-CopyPart-
#1246789	REDUCE cov: 581 ft: 2845 corp: 760/121Kb lim: 3101 exec/s: 12593 rss: 774Mb L: 700/2852 MS: 2 CMP-EraseBytes- DE: "\001\000\000\000\000\000\000\356"-
#1247111	REDUCE cov: 581 ft: 2845 corp: 760/121Kb lim: 3101 exec/s: 12597 rss: 774Mb L: 2776/2776 MS: 2 EraseBytes-CopyPart-
#1247302	REDUCE cov: 581 ft: 2845 corp: 760/121Kb lim: 3101 exec/s: 12599 rss: 774Mb L: 9/2776 MS: 1 EraseBytes-
#1247698	REDUCE cov: 581 ft: 2845 corp: 760/121Kb lim: 3101 exec/s: 12603 rss: 774Mb L: 18/2776 MS: 1 EraseBytes-
#1248974	REDUCE cov: 581 ft: 2845 corp: 760/121Kb lim: 3112 exec/s: 12615 rss: 774Mb L: 29/2776 MS: 1 EraseBytes-
#1249900	REDUCE cov: 581 ft: 2845 corp: 760/121Kb lim: 3112 exec/s: 12625 rss: 774Mb L: 73/2776 MS: 1 EraseBytes-
#1250128	REDUCE cov: 581 ft: 2845 corp: 760/121Kb lim: 3112 exec/s: 12627 rss: 774Mb L: 87/2776 MS: 3 InsertByte-ChangeBit-EraseBytes-
#1250764	REDUCE cov: 581 ft: 2845 corp: 760/121Kb lim: 3112 exec/s: 12633 rss: 774Mb L: 674/2776 MS: 1 EraseBytes-
#1251581	REDUCE cov: 581 ft: 2845 corp: 760/121Kb lim: 3112 exec/s: 12642 rss: 774Mb L: 82/2776 MS: 2 PersAutoDict-EraseBytes- DE: "\377\377\377\015"-
#1251737	REDUCE cov: 581 ft: 2845 corp: 760/121Kb lim: 3112 exec/s: 12643 rss: 774Mb L: 2662/2662 MS: 1 EraseBytes-
#1252185	REDUCE cov: 581 ft: 2845 corp: 760/121Kb lim: 3112 exec/s: 12648 rss: 774Mb L: 183/2662 MS: 3 ShuffleBytes-ShuffleBytes-EraseBytes-
#1252707	REDUCE cov: 581 ft: 2845 corp: 760/121Kb lim: 3112 exec/s: 12653 rss: 774Mb L: 95/2662 MS: 2 ChangeByte-EraseBytes-
#1253453	REDUCE cov: 581 ft: 2845 corp: 760/121Kb lim: 3112 exec/s: 12661 rss: 774Mb L: 1552/2662 MS: 1 CrossOver-
#1253797	REDUCE cov: 581 ft: 2845 corp: 760/121Kb lim: 3112 exec/s: 12664 rss: 774Mb L: 18/2662 MS: 4 ShuffleBytes-ChangeBinInt-EraseBytes-CrossOver-
#1255764	REDUCE cov: 581 ft: 2845 corp: 760/121Kb lim: 3123 exec/s: 12557 rss: 774Mb L: 36/2662 MS: 2 ChangeBinInt-EraseBytes-
#1255830	REDUCE cov: 581 ft: 2845 corp: 760/121Kb lim: 3123 exec/s: 12558 rss: 774Mb L: 60/2662 MS: 1 EraseBytes-
#1256152	REDUCE cov: 581 ft: 2845 corp: 760/121Kb lim: 3123 exec/s: 12561 rss: 774Mb L: 158/2662 MS: 2 ChangeBinInt-EraseBytes-
#1256608	REDUCE cov: 581 ft: 2845 corp: 760/121Kb lim: 3123 exec/s: 12566 rss: 774Mb L: 32/2662 MS: 1 EraseBytes-
#1257030	REDUCE cov: 581 ft: 2845 corp: 760/121Kb lim: 3123 exec/s: 12570 rss: 774Mb L: 1462/2662 MS: 2 CopyPart-EraseBytes-
#1257670	REDUCE cov: 581 ft: 2845 corp: 760/121Kb lim: 3123 exec/s: 12576 rss: 774Mb L: 443/2662 MS: 5 ChangeBit-CopyPart-ChangeBit-CrossOver-EraseBytes-
#1258477	REDUCE cov: 581 ft: 2845 corp: 760/121Kb lim: 3123 exec/s: 12584 rss: 774Mb L: 16/2662 MS: 2 ChangeBit-EraseBytes-
#1258523	REDUCE cov: 581 ft: 2845 corp: 760/121Kb lim: 3123 exec/s: 12585 rss: 774Mb L: 9/2662 MS: 1 EraseBytes-
#1259185	REDUCE cov: 581 ft: 2845 corp: 760/121Kb lim: 3123 exec/s: 12591 rss: 774Mb L: 16/2662 MS: 2 ChangeByte-EraseBytes-
#1260693	REDUCE cov: 581 ft: 2845 corp: 760/121Kb lim: 3134 exec/s: 12606 rss: 774Mb L: 1539/2662 MS: 3 ChangeBit-InsertRepeatedBytes-EraseBytes-
#1261429	REDUCE cov: 581 ft: 2845 corp: 760/121Kb lim: 3134 exec/s: 12614 rss: 774Mb L: 669/2662 MS: 1 EraseBytes-
#1262691	REDUCE cov: 581 ft: 2845 corp: 760/121Kb lim: 3145 exec/s: 12626 rss: 775Mb L: 620/2662 MS: 2 InsertByte-EraseBytes-
#1263872	REDUCE cov: 581 ft: 2845 corp: 760/121Kb lim: 3156 exec/s: 12638 rss: 775Mb L: 118/2662 MS: 1 EraseBytes-
#1265796	REDUCE cov: 581 ft: 2845 corp: 760/121Kb lim: 3167 exec/s: 12532 rss: 775Mb L: 24/2662 MS: 4 InsertByte-CopyPart-CMP-EraseBytes- DE: "\001\001\000\000"-
#1266292	REDUCE cov: 581 ft: 2845 corp: 760/121Kb lim: 3167 exec/s: 12537 rss: 775Mb L: 69/2662 MS: 1 EraseBytes-
#1266383	REDUCE cov: 581 ft: 2845 corp: 760/121Kb lim: 3167 exec/s: 12538 rss: 775Mb L: 114/2662 MS: 1 EraseBytes-
#1267386	REDUCE cov: 581 ft: 2845 corp: 760/121Kb lim: 3167 exec/s: 12548 rss: 775Mb L: 10/2662 MS: 3 CopyPart-InsertByte-EraseBytes-
#1267922	REDUCE cov: 581 ft: 2845 corp: 760/121Kb lim: 3167 exec/s: 12553 rss: 775Mb L: 175/2662 MS: 1 EraseBytes-
#1268153	REDUCE cov: 581 ft: 2845 corp: 760/121Kb lim: 3167 exec/s: 12555 rss: 775Mb L: 14/2662 MS: 1 EraseBytes-
#1268734	REDUCE cov: 581 ft: 2845 corp: 760/121Kb lim: 3167 exec/s: 12561 rss: 775Mb L: 69/2662 MS: 1 EraseBytes-
#1268926	REDUCE cov: 581 ft: 2845 corp: 760/121Kb lim: 3167 exec/s: 12563 rss: 775Mb L: 25/2662 MS: 2 CopyPart-EraseBytes-
#1270077	REDUCE cov: 581 ft: 2845 corp: 760/121Kb lim: 3178 exec/s: 12575 rss: 775Mb L: 436/2662 MS: 1 EraseBytes-
#1271180	REDUCE cov: 581 ft: 2845 corp: 760/121Kb lim: 3178 exec/s: 12585 rss: 776Mb L: 115/2662 MS: 3 ChangeByte-ChangeByte-EraseBytes-
#1271298	REDUCE cov: 581 ft: 2845 corp: 760/121Kb lim: 3178 exec/s: 12587 rss: 776Mb L: 1804/2662 MS: 3 ChangeByte-InsertByte-EraseBytes-
#1271633	REDUCE cov: 581 ft: 2845 corp: 760/121Kb lim: 3178 exec/s: 12590 rss: 776Mb L: 144/2662 MS: 5 CopyPart-PersAutoDict-ChangeByte-PersAutoDict-EraseBytes- DE: "\001\000\000\000\000\000\000\356"-"\177\000\000\000\000\000\000\003"-
#1271639	REDUCE cov: 581 ft: 2845 corp: 760/121Kb lim: 3178 exec/s: 12590 rss: 776Mb L: 11/2662 MS: 1 EraseBytes-
#1273080	REDUCE cov: 581 ft: 2845 corp: 760/121Kb lim: 3189 exec/s: 12481 rss: 776Mb L: 58/2662 MS: 1 EraseBytes-
#1274157	REDUCE cov: 581 ft: 2845 corp: 760/121Kb lim: 3189 exec/s: 12491 rss: 776Mb L: 29/2662 MS: 2 ChangeBinInt-EraseBytes-
#1274528	REDUCE cov: 581 ft: 2845 corp: 760/121Kb lim: 3189 exec/s: 12495 rss: 776Mb L: 41/2662 MS: 1 EraseBytes-
#1275190	NEW    cov: 581 ft: 2847 corp: 761/121Kb lim: 3189 exec/s: 12501 rss: 776Mb L: 18/2662 MS: 2 CopyPart-CopyPart-
#1275646	REDUCE cov: 581 ft: 2847 corp: 761/121Kb lim: 3189 exec/s: 12506 rss: 776Mb L: 953/2662 MS: 1 EraseBytes-
#1277212	REDUCE cov: 581 ft: 2847 corp: 761/121Kb lim: 3200 exec/s: 12521 rss: 776Mb L: 13/2662 MS: 1 EraseBytes-
#1277645	REDUCE cov: 581 ft: 2847 corp: 761/121Kb lim: 3200 exec/s: 12525 rss: 776Mb L: 436/2662 MS: 3 ShuffleBytes-ChangeByte-CrossOver-
#1278886	REDUCE cov: 581 ft: 2848 corp: 762/121Kb lim: 3211 exec/s: 12538 rss: 776Mb L: 24/2662 MS: 1 CopyPart-
#1278913	REDUCE cov: 581 ft: 2848 corp: 762/121Kb lim: 3211 exec/s: 12538 rss: 776Mb L: 111/2662 MS: 2 ChangeByte-EraseBytes-
#1279474	REDUCE cov: 581 ft: 2848 corp: 762/121Kb lim: 3211 exec/s: 12543 rss: 776Mb L: 1107/2662 MS: 1 EraseBytes-
#1280015	REDUCE cov: 581 ft: 2848 corp: 762/121Kb lim: 3211 exec/s: 12549 rss: 776Mb L: 9/2662 MS: 1 EraseBytes-
#1280871	REDUCE cov: 581 ft: 2848 corp: 762/121Kb lim: 3211 exec/s: 12557 rss: 776Mb L: 1099/2662 MS: 1 EraseBytes-
#1281084	REDUCE cov: 581 ft: 2848 corp: 762/121Kb lim: 3211 exec/s: 12559 rss: 776Mb L: 53/2662 MS: 3 ChangeBit-ChangeByte-EraseBytes-
#1281155	REDUCE cov: 582 ft: 2849 corp: 763/121Kb lim: 3211 exec/s: 12560 rss: 776Mb L: 14/2662 MS: 1 EraseBytes-
#1281983	REDUCE cov: 582 ft: 2849 corp: 763/121Kb lim: 3211 exec/s: 12446 rss: 776Mb L: 14/2662 MS: 3 CrossOver-PersAutoDict-EraseBytes- DE: "#\000"-
#1283002	REDUCE cov: 582 ft: 2849 corp: 763/121Kb lim: 3211 exec/s: 12456 rss: 776Mb L: 25/2662 MS: 4 ChangeBit-ShuffleBytes-ShuffleBytes-EraseBytes-
#1283754	REDUCE cov: 582 ft: 2849 corp: 763/121Kb lim: 3211 exec/s: 12463 rss: 776Mb L: 9/2662 MS: 2 ChangeByte-EraseBytes-
#1284048	REDUCE cov: 582 ft: 2849 corp: 763/121Kb lim: 3211 exec/s: 12466 rss: 776Mb L: 1198/2662 MS: 4 InsertRepeatedBytes-ChangeASCIIInt-CopyPart-EraseBytes-
#1287550	REDUCE cov: 582 ft: 2851 corp: 764/124Kb lim: 3244 exec/s: 12500 rss: 776Mb L: 3199/3199 MS: 2 ShuffleBytes-CopyPart-
#1288421	REDUCE cov: 582 ft: 2851 corp: 764/124Kb lim: 3244 exec/s: 12508 rss: 776Mb L: 17/3199 MS: 1 EraseBytes-
#1290193	REDUCE cov: 582 ft: 2851 corp: 764/124Kb lim: 3255 exec/s: 12526 rss: 776Mb L: 237/3199 MS: 2 ChangeByte-EraseBytes-
#1291718	REDUCE cov: 582 ft: 2851 corp: 764/124Kb lim: 3266 exec/s: 12420 rss: 776Mb L: 135/3199 MS: 5 CopyPart-ChangeByte-EraseBytes-CopyPart-CopyPart-
#1292131	REDUCE cov: 582 ft: 2851 corp: 764/124Kb lim: 3266 exec/s: 12424 rss: 776Mb L: 403/3199 MS: 3 ShuffleBytes-CrossOver-EraseBytes-
#1294457	REDUCE cov: 582 ft: 2851 corp: 764/124Kb lim: 3288 exec/s: 12446 rss: 776Mb L: 18/3199 MS: 1 EraseBytes-
#1295035	REDUCE cov: 582 ft: 2851 corp: 764/124Kb lim: 3288 exec/s: 12452 rss: 776Mb L: 782/3199 MS: 3 ChangeByte-ChangeByte-EraseBytes-
#1296946	REDUCE cov: 582 ft: 2851 corp: 764/124Kb lim: 3299 exec/s: 12470 rss: 776Mb L: 21/3199 MS: 1 EraseBytes-
#1297173	REDUCE cov: 582 ft: 2851 corp: 764/124Kb lim: 3299 exec/s: 12472 rss: 776Mb L: 57/3199 MS: 2 ChangeBinInt-EraseBytes-
#1297440	REDUCE cov: 582 ft: 2851 corp: 764/124Kb lim: 3299 exec/s: 12475 rss: 776Mb L: 271/3199 MS: 2 EraseBytes-PersAutoDict- DE: "\001\000\377\374"-
#1297732	REDUCE cov: 582 ft: 2851 corp: 764/124Kb lim: 3299 exec/s: 12478 rss: 776Mb L: 60/3199 MS: 2 ChangeASCIIInt-EraseBytes-
#1297908	REDUCE cov: 582 ft: 2851 corp: 764/124Kb lim: 3299 exec/s: 12479 rss: 776Mb L: 19/3199 MS: 1 EraseBytes-
#1298124	REDUCE cov: 582 ft: 2851 corp: 764/124Kb lim: 3299 exec/s: 12481 rss: 776Mb L: 612/3199 MS: 1 EraseBytes-
#1299035	REDUCE cov: 582 ft: 2851 corp: 764/124Kb lim: 3299 exec/s: 12490 rss: 776Mb L: 60/3199 MS: 1 EraseBytes-
#1300097	REDUCE cov: 582 ft: 2851 corp: 764/124Kb lim: 3299 exec/s: 12500 rss: 776Mb L: 53/3199 MS: 2 ChangeBinInt-EraseBytes-
#1300668	REDUCE cov: 582 ft: 2851 corp: 764/124Kb lim: 3299 exec/s: 12506 rss: 776Mb L: 55/3199 MS: 1 EraseBytes-
#1301784	REDUCE cov: 582 ft: 2851 corp: 764/124Kb lim: 3310 exec/s: 12397 rss: 776Mb L: 37/3199 MS: 1 EraseBytes-
#1302100	REDUCE cov: 582 ft: 2851 corp: 764/124Kb lim: 3310 exec/s: 12400 rss: 776Mb L: 53/3199 MS: 1 EraseBytes-
#1302696	REDUCE cov: 582 ft: 2851 corp: 764/124Kb lim: 3310 exec/s: 12406 rss: 776Mb L: 320/3199 MS: 1 EraseBytes-
#1303547	REDUCE cov: 582 ft: 2851 corp: 764/124Kb lim: 3310 exec/s: 12414 rss: 777Mb L: 37/3199 MS: 1 EraseBytes-
#1303553	REDUCE cov: 582 ft: 2851 corp: 764/124Kb lim: 3310 exec/s: 12414 rss: 777Mb L: 16/3199 MS: 1 EraseBytes-
#1303941	REDUCE cov: 582 ft: 2851 corp: 764/124Kb lim: 3310 exec/s: 12418 rss: 777Mb L: 149/3199 MS: 3 ChangeBinInt-PersAutoDict-EraseBytes- DE: "\000\010"-
#1304562	REDUCE cov: 582 ft: 2851 corp: 764/124Kb lim: 3310 exec/s: 12424 rss: 777Mb L: 163/3199 MS: 1 EraseBytes-
#1305439	REDUCE cov: 582 ft: 2851 corp: 764/124Kb lim: 3310 exec/s: 12432 rss: 777Mb L: 32/3199 MS: 2 ChangeByte-EraseBytes-
#1306197	REDUCE cov: 582 ft: 2851 corp: 764/124Kb lim: 3310 exec/s: 12439 rss: 777Mb L: 195/3199 MS: 3 ChangeByte-ChangeByte-EraseBytes-
#1306925	REDUCE cov: 582 ft: 2851 corp: 764/124Kb lim: 3310 exec/s: 12446 rss: 777Mb L: 287/3199 MS: 3 InsertRepeatedBytes-PersAutoDict-EraseBytes- DE: "\000\032"-
#1307778	REDUCE cov: 582 ft: 2851 corp: 764/123Kb lim: 3310 exec/s: 12455 rss: 777Mb L: 679/3199 MS: 3 CopyPart-ChangeASCIIInt-EraseBytes-
#1309334	REDUCE cov: 582 ft: 2851 corp: 764/123Kb lim: 3321 exec/s: 12469 rss: 777Mb L: 1120/3199 MS: 1 EraseBytes-
#1310500	REDUCE cov: 582 ft: 2851 corp: 764/123Kb lim: 3332 exec/s: 12480 rss: 777Mb L: 546/3199 MS: 1 EraseBytes-
#1311128	REDUCE cov: 582 ft: 2851 corp: 764/123Kb lim: 3332 exec/s: 12369 rss: 777Mb L: 27/3199 MS: 3 ChangeByte-EraseBytes-ShuffleBytes-
#1311704	REDUCE cov: 582 ft: 2851 corp: 764/123Kb lim: 3332 exec/s: 12374 rss: 777Mb L: 22/3199 MS: 1 EraseBytes-
#1311916	REDUCE cov: 582 ft: 2851 corp: 764/123Kb lim: 3332 exec/s: 12376 rss: 777Mb L: 85/3199 MS: 2 ChangeBit-EraseBytes-
#1312297	REDUCE cov: 582 ft: 2851 corp: 764/123Kb lim: 3332 exec/s: 12380 rss: 777Mb L: 20/3199 MS: 1 EraseBytes-
#1312479	REDUCE cov: 582 ft: 2851 corp: 764/123Kb lim: 3332 exec/s: 12381 rss: 777Mb L: 160/3199 MS: 2 ChangeByte-EraseBytes-
#1312870	NEW    cov: 582 ft: 2863 corp: 765/126Kb lim: 3332 exec/s: 12385 rss: 777Mb L: 3014/3199 MS: 1 CopyPart-
#1313567	REDUCE cov: 582 ft: 2863 corp: 765/126Kb lim: 3332 exec/s: 12392 rss: 778Mb L: 8/3199 MS: 2 ChangeByte-EraseBytes-
#1313851	REDUCE cov: 582 ft: 2863 corp: 765/126Kb lim: 3332 exec/s: 12394 rss: 778Mb L: 65/3199 MS: 4 EraseBytes-CopyPart-ChangeBinInt-CopyPart-
#1314541	NEW    cov: 582 ft: 2864 corp: 766/129Kb lim: 3332 exec/s: 12401 rss: 778Mb L: 3262/3262 MS: 5 ChangeByte-InsertRepeatedBytes-ChangeByte-InsertRepeatedBytes-CopyPart-
#1314962	REDUCE cov: 582 ft: 2865 corp: 767/129Kb lim: 3332 exec/s: 12405 rss: 778Mb L: 12/3262 MS: 1 CopyPart-
#1315620	REDUCE cov: 582 ft: 2865 corp: 767/129Kb lim: 3332 exec/s: 12411 rss: 778Mb L: 36/3262 MS: 3 PersAutoDict-ChangeBit-EraseBytes- DE: "\001\000\000\000"-
#1315945	REDUCE cov: 582 ft: 2865 corp: 767/129Kb lim: 3332 exec/s: 12414 rss: 778Mb L: 1001/3262 MS: 5 InsertByte-ChangeByte-ShuffleBytes-ChangeBinInt-EraseBytes-
#1316036	NEW    cov: 582 ft: 2866 corp: 768/129Kb lim: 3332 exec/s: 12415 rss: 778Mb L: 29/3262 MS: 1 CrossOver-
#1316282	REDUCE cov: 582 ft: 2866 corp: 768/129Kb lim: 3332 exec/s: 12417 rss: 778Mb L: 2030/3262 MS: 1 EraseBytes-
#1317350	REDUCE cov: 582 ft: 2866 corp: 768/129Kb lim: 3332 exec/s: 12427 rss: 778Mb L: 23/3262 MS: 3 CopyPart-ChangeBit-EraseBytes-
#1318261	REDUCE cov: 582 ft: 2866 corp: 768/129Kb lim: 3332 exec/s: 12436 rss: 778Mb L: 1143/3262 MS: 1 EraseBytes-
#1319648	REDUCE cov: 582 ft: 2866 corp: 768/129Kb lim: 3343 exec/s: 12449 rss: 779Mb L: 45/3262 MS: 2 ChangeByte-EraseBytes-
#1320155	REDUCE cov: 582 ft: 2866 corp: 768/129Kb lim: 3343 exec/s: 12454 rss: 779Mb L: 55/3262 MS: 2 EraseBytes-CopyPart-
#1320276	REDUCE cov: 582 ft: 2866 corp: 768/129Kb lim: 3343 exec/s: 12339 rss: 780Mb L: 159/3262 MS: 1 EraseBytes-
#1320333	REDUCE cov: 582 ft: 2866 corp: 768/129Kb lim: 3343 exec/s: 12339 rss: 780Mb L: 423/3262 MS: 2 ChangeASCIIInt-EraseBytes-
#1320654	REDUCE cov: 582 ft: 2866 corp: 768/129Kb lim: 3343 exec/s: 12342 rss: 780Mb L: 61/3262 MS: 1 EraseBytes-
#1321840	REDUCE cov: 582 ft: 2866 corp: 768/129Kb lim: 3354 exec/s: 12353 rss: 780Mb L: 233/3262 MS: 1 EraseBytes-
#1321943	REDUCE cov: 582 ft: 2866 corp: 768/129Kb lim: 3354 exec/s: 12354 rss: 780Mb L: 28/3262 MS: 3 CrossOver-ShuffleBytes-EraseBytes-
#1322259	REDUCE cov: 582 ft: 2866 corp: 768/129Kb lim: 3354 exec/s: 12357 rss: 780Mb L: 738/3262 MS: 1 EraseBytes-
#1323400	REDUCE cov: 582 ft: 2866 corp: 768/129Kb lim: 3365 exec/s: 12368 rss: 781Mb L: 40/3262 MS: 1 EraseBytes-
#1324091	REDUCE cov: 582 ft: 2866 corp: 768/129Kb lim: 3365 exec/s: 12374 rss: 782Mb L: 188/3262 MS: 1 EraseBytes-
#1325174	REDUCE cov: 582 ft: 2866 corp: 768/129Kb lim: 3365 exec/s: 12384 rss: 782Mb L: 3256/3256 MS: 2 InsertByte-CrossOver-
#1325485	REDUCE cov: 582 ft: 2866 corp: 768/129Kb lim: 3365 exec/s: 12387 rss: 782Mb L: 7/3256 MS: 1 EraseBytes-
#1325506	REDUCE cov: 582 ft: 2866 corp: 768/129Kb lim: 3365 exec/s: 12387 rss: 782Mb L: 1800/3256 MS: 1 EraseBytes-
#1326580	REDUCE cov: 582 ft: 2866 corp: 768/129Kb lim: 3365 exec/s: 12397 rss: 783Mb L: 25/3256 MS: 4 ChangeByte-ShuffleBytes-PersAutoDict-EraseBytes- DE: "@\000\000\000"-
#1326716	REDUCE cov: 582 ft: 2866 corp: 768/129Kb lim: 3365 exec/s: 12399 rss: 783Mb L: 865/3256 MS: 1 EraseBytes-
#1329072	REDUCE cov: 582 ft: 2866 corp: 768/129Kb lim: 3387 exec/s: 12306 rss: 786Mb L: 76/3256 MS: 1 EraseBytes-
#1329796	REDUCE cov: 582 ft: 2866 corp: 768/129Kb lim: 3387 exec/s: 12312 rss: 786Mb L: 21/3256 MS: 4 PersAutoDict-ShuffleBytes-InsertByte-EraseBytes- DE: "\377\377"-
#1330070	REDUCE cov: 582 ft: 2866 corp: 768/129Kb lim: 3387 exec/s: 12315 rss: 787Mb L: 25/3256 MS: 4 ChangeByte-ShuffleBytes-InsertByte-EraseBytes-
#1330746	REDUCE cov: 582 ft: 2866 corp: 768/129Kb lim: 3387 exec/s: 12321 rss: 788Mb L: 42/3256 MS: 1 EraseBytes-
#1330792	REDUCE cov: 582 ft: 2866 corp: 768/129Kb lim: 3387 exec/s: 12322 rss: 788Mb L: 28/3256 MS: 1 EraseBytes-
#1331778	REDUCE cov: 582 ft: 2866 corp: 768/129Kb lim: 3387 exec/s: 12331 rss: 788Mb L: 11/3256 MS: 1 EraseBytes-
#1331994	REDUCE cov: 582 ft: 2866 corp: 768/129Kb lim: 3387 exec/s: 12333 rss: 789Mb L: 154/3256 MS: 1 EraseBytes-
#1332417	REDUCE cov: 582 ft: 2866 corp: 768/129Kb lim: 3387 exec/s: 12337 rss: 790Mb L: 22/3256 MS: 3 ChangeByte-EraseBytes-CopyPart-
#1333608	REDUCE cov: 582 ft: 2866 corp: 768/129Kb lim: 3398 exec/s: 12348 rss: 791Mb L: 15/3256 MS: 1 EraseBytes-
#1334261	REDUCE cov: 582 ft: 2866 corp: 768/129Kb lim: 3398 exec/s: 12354 rss: 791Mb L: 182/3256 MS: 3 ChangeBinInt-InsertByte-EraseBytes-
#1336077	REDUCE cov: 582 ft: 2866 corp: 768/129Kb lim: 3409 exec/s: 12371 rss: 791Mb L: 1758/3256 MS: 1 EraseBytes-
#1336078	REDUCE cov: 582 ft: 2866 corp: 768/129Kb lim: 3409 exec/s: 12371 rss: 791Mb L: 139/3256 MS: 1 EraseBytes-
#1336150	REDUCE cov: 582 ft: 2866 corp: 768/129Kb lim: 3409 exec/s: 12371 rss: 791Mb L: 1503/3256 MS: 2 CopyPart-EraseBytes-
#1336702	REDUCE cov: 582 ft: 2866 corp: 768/129Kb lim: 3409 exec/s: 12376 rss: 791Mb L: 192/3256 MS: 2 EraseBytes-PersAutoDict- DE: "\000\000\000\373"-
#1337548	REDUCE cov: 582 ft: 2866 corp: 768/129Kb lim: 3409 exec/s: 12384 rss: 791Mb L: 247/3256 MS: 1 EraseBytes-
#1338965	REDUCE cov: 582 ft: 2866 corp: 768/129Kb lim: 3420 exec/s: 12397 rss: 792Mb L: 376/3256 MS: 2 CopyPart-EraseBytes-
#1339476	REDUCE cov: 582 ft: 2866 corp: 768/129Kb lim: 3420 exec/s: 12288 rss: 792Mb L: 15/3256 MS: 1 EraseBytes-
#1341779	REDUCE cov: 582 ft: 2866 corp: 768/129Kb lim: 3442 exec/s: 12309 rss: 793Mb L: 351/3256 MS: 3 ChangeBit-ChangeByte-EraseBytes-
#1342206	REDUCE cov: 582 ft: 2866 corp: 768/129Kb lim: 3442 exec/s: 12313 rss: 793Mb L: 72/3256 MS: 2 ChangeBit-EraseBytes-
#1342302	REDUCE cov: 582 ft: 2866 corp: 768/129Kb lim: 3442 exec/s: 12314 rss: 793Mb L: 74/3256 MS: 1 EraseBytes-
#1343044	REDUCE cov: 582 ft: 2866 corp: 768/129Kb lim: 3442 exec/s: 12321 rss: 793Mb L: 79/3256 MS: 2 ChangeBinInt-EraseBytes-
#1345005	REDUCE cov: 582 ft: 2866 corp: 768/129Kb lim: 3453 exec/s: 12339 rss: 793Mb L: 24/3256 MS: 1 EraseBytes-
#1345132	REDUCE cov: 582 ft: 2866 corp: 768/129Kb lim: 3453 exec/s: 12340 rss: 793Mb L: 15/3256 MS: 2 ShuffleBytes-EraseBytes-
#1347414	REDUCE cov: 582 ft: 2866 corp: 768/129Kb lim: 3475 exec/s: 12361 rss: 793Mb L: 24/3256 MS: 2 ShuffleBytes-EraseBytes-
#1347788	REDUCE cov: 582 ft: 2866 corp: 768/129Kb lim: 3475 exec/s: 12365 rss: 793Mb L: 135/3256 MS: 4 ChangeByte-InsertRepeatedBytes-ChangeBit-EraseBytes-
#1348909	REDUCE cov: 582 ft: 2866 corp: 768/129Kb lim: 3486 exec/s: 12262 rss: 793Mb L: 18/3256 MS: 1 EraseBytes-
#1349103	REDUCE cov: 582 ft: 2866 corp: 768/129Kb lim: 3486 exec/s: 12264 rss: 793Mb L: 7/3256 MS: 4 PersAutoDict-InsertByte-ChangeBit-EraseBytes- DE: "\001\005"-
#1349179	REDUCE cov: 582 ft: 2866 corp: 768/129Kb lim: 3486 exec/s: 12265 rss: 793Mb L: 10/3256 MS: 1 EraseBytes-
#1351610	REDUCE cov: 582 ft: 2866 corp: 768/129Kb lim: 3508 exec/s: 12287 rss: 793Mb L: 7/3256 MS: 1 EraseBytes-
#1352316	REDUCE cov: 582 ft: 2866 corp: 768/129Kb lim: 3508 exec/s: 12293 rss: 793Mb L: 24/3256 MS: 1 EraseBytes-
#1353607	REDUCE cov: 582 ft: 2866 corp: 768/129Kb lim: 3519 exec/s: 12305 rss: 793Mb L: 12/3256 MS: 1 EraseBytes-
#1353828	REDUCE cov: 582 ft: 2866 corp: 768/129Kb lim: 3519 exec/s: 12307 rss: 793Mb L: 15/3256 MS: 1 EraseBytes-
#1353971	REDUCE cov: 582 ft: 2866 corp: 768/129Kb lim: 3519 exec/s: 12308 rss: 793Mb L: 72/3256 MS: 3 ChangeBinInt-EraseBytes-CopyPart-
#1355862	REDUCE cov: 582 ft: 2866 corp: 768/129Kb lim: 3530 exec/s: 12326 rss: 793Mb L: 17/3256 MS: 1 EraseBytes-
#1356100	REDUCE cov: 582 ft: 2866 corp: 768/129Kb lim: 3530 exec/s: 12328 rss: 793Mb L: 14/3256 MS: 3 ChangeBinInt-ChangeBinInt-EraseBytes-
#1357541	REDUCE cov: 582 ft: 2866 corp: 768/129Kb lim: 3541 exec/s: 12341 rss: 793Mb L: 8/3256 MS: 1 EraseBytes-
#1358022	REDUCE cov: 582 ft: 2866 corp: 768/129Kb lim: 3541 exec/s: 12234 rss: 793Mb L: 54/3256 MS: 1 EraseBytes-
#1358679	REDUCE cov: 582 ft: 2866 corp: 768/129Kb lim: 3541 exec/s: 12240 rss: 793Mb L: 25/3256 MS: 2 PersAutoDict-EraseBytes- DE: "\001\000\000\016"-
#1360421	REDUCE cov: 582 ft: 2866 corp: 768/129Kb lim: 3552 exec/s: 12256 rss: 793Mb L: 114/3256 MS: 2 ChangeBinInt-EraseBytes-
#1361984	REDUCE cov: 582 ft: 2866 corp: 768/129Kb lim: 3563 exec/s: 12270 rss: 793Mb L: 50/3256 MS: 3 ChangeByte-ChangeBit-EraseBytes-
#1362220	REDUCE cov: 582 ft: 2866 corp: 768/129Kb lim: 3563 exec/s: 12272 rss: 793Mb L: 22/3256 MS: 1 EraseBytes-
#1363069	REDUCE cov: 582 ft: 2866 corp: 768/129Kb lim: 3563 exec/s: 12279 rss: 793Mb L: 146/3256 MS: 4 ChangeBit-CMP-ChangeASCIIInt-EraseBytes- DE: "\000\000\000\231"-
#1363101	REDUCE cov: 582 ft: 2866 corp: 768/129Kb lim: 3563 exec/s: 12280 rss: 793Mb L: 100/3256 MS: 2 ShuffleBytes-EraseBytes-
#1363927	REDUCE cov: 582 ft: 2866 corp: 768/129Kb lim: 3563 exec/s: 12287 rss: 793Mb L: 72/3256 MS: 1 EraseBytes-
#1363994	REDUCE cov: 582 ft: 2866 corp: 768/129Kb lim: 3563 exec/s: 12288 rss: 793Mb L: 24/3256 MS: 2 ChangeBit-EraseBytes-
#1364321	REDUCE cov: 582 ft: 2866 corp: 768/129Kb lim: 3563 exec/s: 12291 rss: 793Mb L: 16/3256 MS: 2 ChangeBinInt-EraseBytes-
#1365350	REDUCE cov: 582 ft: 2866 corp: 768/129Kb lim: 3563 exec/s: 12300 rss: 793Mb L: 42/3256 MS: 4 EraseBytes-ChangeByte-ShuffleBytes-CrossOver-
#1365652	REDUCE cov: 582 ft: 2866 corp: 768/129Kb lim: 3563 exec/s: 12303 rss: 793Mb L: 324/3256 MS: 2 CopyPart-EraseBytes-
#1365803	REDUCE cov: 582 ft: 2866 corp: 768/129Kb lim: 3563 exec/s: 12304 rss: 793Mb L: 78/3256 MS: 1 EraseBytes-
#1366220	REDUCE cov: 582 ft: 2866 corp: 768/129Kb lim: 3563 exec/s: 12308 rss: 793Mb L: 14/3256 MS: 2 ShuffleBytes-EraseBytes-
#1366291	REDUCE cov: 582 ft: 2866 corp: 768/129Kb lim: 3563 exec/s: 12308 rss: 793Mb L: 17/3256 MS: 1 EraseBytes-
#1367435	REDUCE cov: 582 ft: 2866 corp: 768/129Kb lim: 3574 exec/s: 12209 rss: 793Mb L: 126/3256 MS: 4 ChangeBit-InsertByte-ChangeByte-EraseBytes-
#1369436	REDUCE cov: 582 ft: 2866 corp: 768/129Kb lim: 3585 exec/s: 12227 rss: 793Mb L: 51/3256 MS: 1 EraseBytes-
#1369772	REDUCE cov: 582 ft: 2866 corp: 768/129Kb lim: 3585 exec/s: 12230 rss: 793Mb L: 125/3256 MS: 1 EraseBytes-
#1370104	REDUCE cov: 582 ft: 2866 corp: 768/129Kb lim: 3585 exec/s: 12233 rss: 793Mb L: 39/3256 MS: 2 InsertByte-EraseBytes-
#1371145	REDUCE cov: 582 ft: 2866 corp: 768/129Kb lim: 3585 exec/s: 12242 rss: 793Mb L: 120/3256 MS: 1 EraseBytes-
#1371467	REDUCE cov: 582 ft: 2866 corp: 768/129Kb lim: 3585 exec/s: 12245 rss: 793Mb L: 295/3256 MS: 2 ChangeByte-EraseBytes-
#1373009	REDUCE cov: 582 ft: 2866 corp: 768/129Kb lim: 3596 exec/s: 12259 rss: 793Mb L: 49/3256 MS: 2 ChangeBit-EraseBytes-
#1373200	REDUCE cov: 582 ft: 2866 corp: 768/129Kb lim: 3596 exec/s: 12260 rss: 793Mb L: 17/3256 MS: 1 EraseBytes-
#1373821	REDUCE cov: 582 ft: 2866 corp: 768/129Kb lim: 3596 exec/s: 12266 rss: 793Mb L: 16/3256 MS: 1 EraseBytes-
#1374375	REDUCE cov: 582 ft: 2866 corp: 768/129Kb lim: 3596 exec/s: 12271 rss: 793Mb L: 21/3256 MS: 4 ShuffleBytes-ChangeBit-CopyPart-EraseBytes-
#1375185	REDUCE cov: 582 ft: 2866 corp: 768/129Kb lim: 3596 exec/s: 12278 rss: 793Mb L: 178/3256 MS: 5 ChangeASCIIInt-ChangeASCIIInt-EraseBytes-ChangeBinInt-CopyPart-
#1375378	REDUCE cov: 582 ft: 2866 corp: 768/129Kb lim: 3596 exec/s: 12280 rss: 793Mb L: 326/3256 MS: 3 InsertRepeatedBytes-ShuffleBytes-EraseBytes-
#1376305	REDUCE cov: 582 ft: 2866 corp: 768/129Kb lim: 3596 exec/s: 12179 rss: 793Mb L: 29/3256 MS: 2 ChangeByte-EraseBytes-
#1377377	REDUCE cov: 582 ft: 2866 corp: 768/129Kb lim: 3596 exec/s: 12189 rss: 793Mb L: 264/3256 MS: 2 ShuffleBytes-EraseBytes-
#1377678	REDUCE cov: 582 ft: 2866 corp: 768/129Kb lim: 3596 exec/s: 12191 rss: 793Mb L: 207/3256 MS: 1 EraseBytes-
#1377959	REDUCE cov: 582 ft: 2866 corp: 768/129Kb lim: 3596 exec/s: 12194 rss: 793Mb L: 10/3256 MS: 1 EraseBytes-
#1378001	REDUCE cov: 582 ft: 2866 corp: 768/129Kb lim: 3596 exec/s: 12194 rss: 793Mb L: 3250/3250 MS: 2 CMP-CrossOver- DE: "\377\377\377\204"-
#1378072	REDUCE cov: 582 ft: 2866 corp: 768/129Kb lim: 3596 exec/s: 12195 rss: 793Mb L: 27/3250 MS: 1 EraseBytes-
#1379119	REDUCE cov: 582 ft: 2866 corp: 768/129Kb lim: 3596 exec/s: 12204 rss: 793Mb L: 194/3250 MS: 2 EraseBytes-CopyPart-
#1379530	REDUCE cov: 582 ft: 2866 corp: 768/129Kb lim: 3596 exec/s: 12208 rss: 793Mb L: 22/3250 MS: 1 EraseBytes-
#1379996	REDUCE cov: 582 ft: 2866 corp: 768/129Kb lim: 3596 exec/s: 12212 rss: 793Mb L: 38/3250 MS: 1 EraseBytes-
#1380548	REDUCE cov: 582 ft: 2866 corp: 768/129Kb lim: 3596 exec/s: 12217 rss: 793Mb L: 908/3250 MS: 2 CopyPart-EraseBytes-
#1381102	REDUCE cov: 582 ft: 2866 corp: 768/129Kb lim: 3596 exec/s: 12222 rss: 793Mb L: 307/3250 MS: 4 PersAutoDict-ChangeBit-ChangeByte-EraseBytes- DE: "\204\000"-
#1381743	REDUCE cov: 582 ft: 2866 corp: 768/129Kb lim: 3596 exec/s: 12227 rss: 793Mb L: 869/3250 MS: 1 EraseBytes-
#1382551	REDUCE cov: 582 ft: 2866 corp: 768/129Kb lim: 3596 exec/s: 12234 rss: 793Mb L: 454/3250 MS: 3 CopyPart-CopyPart-EraseBytes-
#1383463	REDUCE cov: 582 ft: 2866 corp: 768/129Kb lim: 3596 exec/s: 12243 rss: 793Mb L: 294/3250 MS: 2 ChangeByte-EraseBytes-
#1384232	REDUCE cov: 582 ft: 2866 corp: 768/129Kb lim: 3596 exec/s: 12249 rss: 793Mb L: 124/3250 MS: 4 EraseBytes-ChangeBit-InsertRepeatedBytes-CopyPart-
#1384437	REDUCE cov: 582 ft: 2866 corp: 768/129Kb lim: 3596 exec/s: 12251 rss: 793Mb L: 1531/3250 MS: 5 ChangeByte-CopyPart-InsertRepeatedBytes-ShuffleBytes-EraseBytes-
#1384993	REDUCE cov: 582 ft: 2866 corp: 768/129Kb lim: 3596 exec/s: 12256 rss: 793Mb L: 91/3250 MS: 1 EraseBytes-
#1385304	REDUCE cov: 582 ft: 2866 corp: 768/129Kb lim: 3596 exec/s: 12151 rss: 793Mb L: 55/3250 MS: 1 EraseBytes-
#1385576	REDUCE cov: 582 ft: 2866 corp: 768/129Kb lim: 3596 exec/s: 12154 rss: 793Mb L: 1192/3250 MS: 2 ChangeBinInt-EraseBytes-
#1385963	REDUCE cov: 582 ft: 2866 corp: 768/129Kb lim: 3596 exec/s: 12157 rss: 793Mb L: 10/3250 MS: 2 ShuffleBytes-EraseBytes-
#1386202	REDUCE cov: 582 ft: 2866 corp: 768/129Kb lim: 3596 exec/s: 12159 rss: 793Mb L: 539/3250 MS: 4 ChangeBit-ChangeBit-ChangeBinInt-EraseBytes-
#1386558	REDUCE cov: 582 ft: 2866 corp: 768/128Kb lim: 3596 exec/s: 12162 rss: 793Mb L: 2627/3250 MS: 1 EraseBytes-
#1388129	REDUCE cov: 582 ft: 2866 corp: 768/128Kb lim: 3607 exec/s: 12176 rss: 793Mb L: 1473/3250 MS: 1 EraseBytes-
#1389292	REDUCE cov: 582 ft: 2866 corp: 768/128Kb lim: 3618 exec/s: 12186 rss: 793Mb L: 1501/3250 MS: 3 ChangeByte-InsertByte-EraseBytes-
#1390313	REDUCE cov: 582 ft: 2866 corp: 768/128Kb lim: 3618 exec/s: 12195 rss: 793Mb L: 266/3250 MS: 1 EraseBytes-
#1390984	REDUCE cov: 582 ft: 2866 corp: 768/128Kb lim: 3618 exec/s: 12201 rss: 793Mb L: 68/3250 MS: 1 EraseBytes-
#1390995	REDUCE cov: 582 ft: 2866 corp: 768/128Kb lim: 3618 exec/s: 12201 rss: 793Mb L: 737/3250 MS: 1 EraseBytes-
#1391241	REDUCE cov: 582 ft: 2866 corp: 768/128Kb lim: 3618 exec/s: 12203 rss: 793Mb L: 15/3250 MS: 1 EraseBytes-
#1391562	REDUCE cov: 582 ft: 2866 corp: 768/128Kb lim: 3618 exec/s: 12206 rss: 793Mb L: 35/3250 MS: 1 EraseBytes-
#1392738	REDUCE cov: 582 ft: 2866 corp: 768/128Kb lim: 3629 exec/s: 12217 rss: 793Mb L: 31/3250 MS: 1 EraseBytes-
#1393184	REDUCE cov: 582 ft: 2866 corp: 768/128Kb lim: 3629 exec/s: 12220 rss: 793Mb L: 35/3250 MS: 1 EraseBytes-
#1393805	REDUCE cov: 582 ft: 2866 corp: 768/128Kb lim: 3629 exec/s: 12226 rss: 793Mb L: 51/3250 MS: 1 EraseBytes-
#1394651	REDUCE cov: 582 ft: 2866 corp: 768/128Kb lim: 3629 exec/s: 12233 rss: 793Mb L: 13/3250 MS: 1 EraseBytes-
#1395588	REDUCE cov: 582 ft: 2866 corp: 768/128Kb lim: 3629 exec/s: 12135 rss: 793Mb L: 36/3250 MS: 2 ChangeByte-EraseBytes-
#1395690	REDUCE cov: 582 ft: 2866 corp: 768/128Kb lim: 3629 exec/s: 12136 rss: 793Mb L: 30/3250 MS: 2 PersAutoDict-EraseBytes- DE: "]\000"-
#1396003	REDUCE cov: 582 ft: 2866 corp: 768/128Kb lim: 3629 exec/s: 12139 rss: 793Mb L: 19/3250 MS: 3 CMP-ChangeByte-EraseBytes- DE: "\377\377\377\007"-
#1396019	REDUCE cov: 582 ft: 2866 corp: 768/128Kb lim: 3629 exec/s: 12139 rss: 793Mb L: 33/3250 MS: 1 EraseBytes-
#1396025	REDUCE cov: 582 ft: 2866 corp: 768/128Kb lim: 3629 exec/s: 12139 rss: 793Mb L: 237/3250 MS: 1 EraseBytes-
#1397166	REDUCE cov: 582 ft: 2866 corp: 768/128Kb lim: 3640 exec/s: 12149 rss: 793Mb L: 246/3250 MS: 1 EraseBytes-
#1398139	REDUCE cov: 582 ft: 2866 corp: 768/128Kb lim: 3640 exec/s: 12157 rss: 793Mb L: 14/3250 MS: 3 ChangeBit-InsertByte-EraseBytes-
#1398585	REDUCE cov: 582 ft: 2866 corp: 768/128Kb lim: 3640 exec/s: 12161 rss: 793Mb L: 5/3250 MS: 1 EraseBytes-
#1398701	REDUCE cov: 582 ft: 2866 corp: 768/128Kb lim: 3640 exec/s: 12162 rss: 793Mb L: 242/3250 MS: 1 EraseBytes-
#1399002	REDUCE cov: 582 ft: 2866 corp: 768/128Kb lim: 3640 exec/s: 12165 rss: 793Mb L: 10/3250 MS: 1 EraseBytes-
#1399677	REDUCE cov: 582 ft: 2866 corp: 768/128Kb lim: 3640 exec/s: 12171 rss: 793Mb L: 3161/3250 MS: 5 ChangeBinInt-CopyPart-EraseBytes-ChangeASCIIInt-CopyPart-
#1401638	REDUCE cov: 582 ft: 2866 corp: 768/128Kb lim: 3651 exec/s: 12188 rss: 793Mb L: 449/3250 MS: 1 EraseBytes-
#1401800	REDUCE cov: 582 ft: 2866 corp: 768/128Kb lim: 3651 exec/s: 12189 rss: 793Mb L: 9/3250 MS: 2 CopyPart-EraseBytes-
#1403316	REDUCE cov: 582 ft: 2866 corp: 768/128Kb lim: 3662 exec/s: 12202 rss: 793Mb L: 30/3250 MS: 1 EraseBytes-
#1403622	REDUCE cov: 582 ft: 2866 corp: 768/128Kb lim: 3662 exec/s: 12205 rss: 793Mb L: 23/3250 MS: 1 EraseBytes-
#1403791	REDUCE cov: 582 ft: 2866 corp: 768/128Kb lim: 3662 exec/s: 12206 rss: 793Mb L: 282/3250 MS: 4 CrossOver-InsertByte-ChangeBit-EraseBytes-
#1404590	REDUCE cov: 582 ft: 2866 corp: 768/128Kb lim: 3662 exec/s: 12213 rss: 793Mb L: 203/3250 MS: 4 ShuffleBytes-ChangeBinInt-EraseBytes-CopyPart-
#1404952	REDUCE cov: 582 ft: 2866 corp: 768/128Kb lim: 3662 exec/s: 12111 rss: 793Mb L: 1111/3250 MS: 2 ChangeBit-EraseBytes-
#1405169	REDUCE cov: 582 ft: 2866 corp: 768/128Kb lim: 3662 exec/s: 12113 rss: 793Mb L: 107/3250 MS: 2 CopyPart-EraseBytes-
#1406850	REDUCE cov: 582 ft: 2866 corp: 768/128Kb lim: 3673 exec/s: 12128 rss: 793Mb L: 48/3250 MS: 1 EraseBytes-
#1408487	REDUCE cov: 582 ft: 2866 corp: 768/128Kb lim: 3684 exec/s: 12142 rss: 793Mb L: 1462/3250 MS: 2 InsertByte-EraseBytes-
#1410518	REDUCE cov: 582 ft: 2866 corp: 768/128Kb lim: 3695 exec/s: 12159 rss: 793Mb L: 54/3250 MS: 1 EraseBytes-
#1411181	REDUCE cov: 582 ft: 2866 corp: 768/128Kb lim: 3695 exec/s: 12165 rss: 793Mb L: 99/3250 MS: 3 CopyPart-ShuffleBytes-EraseBytes-
#1412557	REDUCE cov: 582 ft: 2866 corp: 768/128Kb lim: 3706 exec/s: 12177 rss: 793Mb L: 59/3250 MS: 1 EraseBytes-
#1413313	REDUCE cov: 582 ft: 2866 corp: 768/128Kb lim: 3706 exec/s: 12079 rss: 793Mb L: 87/3250 MS: 1 EraseBytes-
#1415359	REDUCE cov: 582 ft: 2866 corp: 768/128Kb lim: 3717 exec/s: 12097 rss: 793Mb L: 53/3250 MS: 1 EraseBytes-
#1416767	REDUCE cov: 582 ft: 2870 corp: 769/131Kb lim: 3728 exec/s: 12109 rss: 793Mb L: 3175/3250 MS: 3 CopyPart-ChangeByte-CopyPart-
#1417239	REDUCE cov: 582 ft: 2870 corp: 769/131Kb lim: 3728 exec/s: 12113 rss: 793Mb L: 46/3250 MS: 2 ChangeByte-EraseBytes-
#1417690	REDUCE cov: 582 ft: 2870 corp: 769/131Kb lim: 3728 exec/s: 12117 rss: 793Mb L: 274/3250 MS: 1 EraseBytes-
#1418226	REDUCE cov: 582 ft: 2870 corp: 769/131Kb lim: 3728 exec/s: 12121 rss: 793Mb L: 19/3250 MS: 1 EraseBytes-
#1418648	REDUCE cov: 582 ft: 2870 corp: 769/131Kb lim: 3728 exec/s: 12125 rss: 793Mb L: 120/3250 MS: 2 ChangeBinInt-EraseBytes-
#1419374	REDUCE cov: 582 ft: 2870 corp: 769/131Kb lim: 3728 exec/s: 12131 rss: 793Mb L: 39/3250 MS: 1 EraseBytes-
#1419517	REDUCE cov: 582 ft: 2870 corp: 769/131Kb lim: 3728 exec/s: 12132 rss: 793Mb L: 2599/3250 MS: 3 ChangeBit-EraseBytes-CopyPart-
#1420073	REDUCE cov: 582 ft: 2870 corp: 769/131Kb lim: 3728 exec/s: 12137 rss: 793Mb L: 52/3250 MS: 1 EraseBytes-
#1420360	REDUCE cov: 582 ft: 2870 corp: 769/131Kb lim: 3728 exec/s: 12139 rss: 793Mb L: 104/3250 MS: 2 ChangeASCIIInt-EraseBytes-
#1420381	REDUCE cov: 582 ft: 2870 corp: 769/131Kb lim: 3728 exec/s: 12140 rss: 793Mb L: 9/3250 MS: 1 EraseBytes-
#1421257	REDUCE cov: 582 ft: 2870 corp: 769/131Kb lim: 3728 exec/s: 12147 rss: 793Mb L: 37/3250 MS: 1 EraseBytes-
#1421524	REDUCE cov: 582 ft: 2870 corp: 769/131Kb lim: 3728 exec/s: 12149 rss: 793Mb L: 319/3250 MS: 2 EraseBytes-CopyPart-
#1422063	REDUCE cov: 582 ft: 2870 corp: 769/131Kb lim: 3728 exec/s: 12154 rss: 793Mb L: 204/3250 MS: 4 InsertRepeatedBytes-ChangeBinInt-EraseBytes-CopyPart-
#1422320	REDUCE cov: 582 ft: 2870 corp: 769/131Kb lim: 3728 exec/s: 12053 rss: 793Mb L: 28/3250 MS: 2 CrossOver-EraseBytes-
#1422431	REDUCE cov: 582 ft: 2870 corp: 769/131Kb lim: 3728 exec/s: 12054 rss: 793Mb L: 1300/3250 MS: 1 EraseBytes-
#1422962	REDUCE cov: 582 ft: 2870 corp: 769/131Kb lim: 3728 exec/s: 12059 rss: 793Mb L: 282/3250 MS: 1 EraseBytes-
#1423183	REDUCE cov: 582 ft: 2870 corp: 769/131Kb lim: 3728 exec/s: 12060 rss: 793Mb L: 15/3250 MS: 1 EraseBytes-
#1423849	REDUCE cov: 582 ft: 2870 corp: 769/131Kb lim: 3728 exec/s: 12066 rss: 793Mb L: 110/3250 MS: 1 EraseBytes-
#1423926	REDUCE cov: 582 ft: 2870 corp: 769/131Kb lim: 3728 exec/s: 12067 rss: 793Mb L: 94/3250 MS: 2 ChangeASCIIInt-EraseBytes-
#1425287	REDUCE cov: 582 ft: 2870 corp: 769/131Kb lim: 3739 exec/s: 12078 rss: 794Mb L: 45/3250 MS: 1 EraseBytes-
#1425318	REDUCE cov: 582 ft: 2870 corp: 769/131Kb lim: 3739 exec/s: 12078 rss: 794Mb L: 52/3250 MS: 1 EraseBytes-
#1425863	REDUCE cov: 582 ft: 2870 corp: 769/131Kb lim: 3739 exec/s: 12083 rss: 794Mb L: 154/3250 MS: 5 InsertByte-ChangeByte-CopyPart-CMP-EraseBytes- DE: "\001\000\0001"-
#1426244	REDUCE cov: 582 ft: 2870 corp: 769/131Kb lim: 3739 exec/s: 12086 rss: 794Mb L: 15/3250 MS: 1 EraseBytes-
#1426255	REDUCE cov: 582 ft: 2870 corp: 769/131Kb lim: 3739 exec/s: 12086 rss: 794Mb L: 21/3250 MS: 1 EraseBytes-
#1426488	REDUCE cov: 582 ft: 2870 corp: 769/131Kb lim: 3739 exec/s: 12088 rss: 794Mb L: 81/3250 MS: 3 ChangeByte-CMP-EraseBytes- DE: "\001J"-
#1426727	REDUCE cov: 582 ft: 2870 corp: 769/131Kb lim: 3739 exec/s: 12090 rss: 794Mb L: 57/3250 MS: 4 CopyPart-CopyPart-PersAutoDict-EraseBytes- DE: "\"\000\000\000"-
#1427939	REDUCE cov: 582 ft: 2870 corp: 769/131Kb lim: 3750 exec/s: 12101 rss: 794Mb L: 53/3250 MS: 2 InsertByte-EraseBytes-
#1428634	REDUCE cov: 582 ft: 2874 corp: 770/134Kb lim: 3750 exec/s: 12107 rss: 794Mb L: 3327/3327 MS: 5 CrossOver-ChangeBit-ChangeBinInt-ChangeByte-CrossOver-
#1429131	REDUCE cov: 582 ft: 2874 corp: 770/134Kb lim: 3750 exec/s: 12111 rss: 794Mb L: 821/3327 MS: 2 CopyPart-EraseBytes-
#1429974	REDUCE cov: 582 ft: 2874 corp: 770/134Kb lim: 3750 exec/s: 12118 rss: 794Mb L: 3190/3250 MS: 3 InsertByte-ChangeBinInt-EraseBytes-
#1431815	REDUCE cov: 582 ft: 2874 corp: 770/134Kb lim: 3761 exec/s: 12032 rss: 794Mb L: 25/3250 MS: 1 EraseBytes-
#1432381	REDUCE cov: 582 ft: 2874 corp: 770/134Kb lim: 3761 exec/s: 12036 rss: 794Mb L: 41/3250 MS: 1 EraseBytes-
#1432694	REDUCE cov: 582 ft: 2874 corp: 770/134Kb lim: 3761 exec/s: 12039 rss: 794Mb L: 61/3250 MS: 3 ChangeByte-ChangeByte-EraseBytes-
#1433000	REDUCE cov: 582 ft: 2874 corp: 770/134Kb lim: 3761 exec/s: 12042 rss: 794Mb L: 49/3250 MS: 1 EraseBytes-
#1433756	REDUCE cov: 582 ft: 2874 corp: 770/134Kb lim: 3761 exec/s: 12048 rss: 794Mb L: 296/3250 MS: 1 EraseBytes-
#1433787	REDUCE cov: 582 ft: 2874 corp: 770/134Kb lim: 3761 exec/s: 12048 rss: 794Mb L: 18/3250 MS: 1 EraseBytes-
#1434378	REDUCE cov: 582 ft: 2874 corp: 770/134Kb lim: 3761 exec/s: 12053 rss: 794Mb L: 1102/3250 MS: 1 EraseBytes-
#1434659	REDUCE cov: 582 ft: 2874 corp: 770/134Kb lim: 3761 exec/s: 12055 rss: 794Mb L: 49/3250 MS: 1 EraseBytes-
#1435331	REDUCE cov: 582 ft: 2874 corp: 770/134Kb lim: 3761 exec/s: 12061 rss: 794Mb L: 20/3250 MS: 2 InsertByte-EraseBytes-
#1436506	REDUCE cov: 582 ft: 2874 corp: 770/134Kb lim: 3772 exec/s: 12071 rss: 794Mb L: 702/3250 MS: 5 EraseBytes-CopyPart-InsertByte-CopyPart-CopyPart-
#1438263	REDUCE cov: 582 ft: 2874 corp: 770/134Kb lim: 3783 exec/s: 12086 rss: 794Mb L: 296/3250 MS: 2 EraseBytes-CopyPart-
#1438394	REDUCE cov: 582 ft: 2874 corp: 770/134Kb lim: 3783 exec/s: 12087 rss: 794Mb L: 12/3250 MS: 1 EraseBytes-
#1439652	REDUCE cov: 582 ft: 2874 corp: 770/134Kb lim: 3794 exec/s: 12097 rss: 794Mb L: 84/3250 MS: 3 CrossOver-EraseBytes-CrossOver-
#1441334	REDUCE cov: 582 ft: 2874 corp: 770/134Kb lim: 3805 exec/s: 12011 rss: 794Mb L: 463/3250 MS: 2 ChangeASCIIInt-EraseBytes-
#1441551	REDUCE cov: 582 ft: 2874 corp: 770/134Kb lim: 3805 exec/s: 12012 rss: 794Mb L: 279/3250 MS: 2 InsertByte-EraseBytes-
#1441553	REDUCE cov: 582 ft: 2874 corp: 770/134Kb lim: 3805 exec/s: 12012 rss: 794Mb L: 428/3250 MS: 2 InsertByte-EraseBytes-
#1442720	REDUCE cov: 582 ft: 2874 corp: 770/134Kb lim: 3816 exec/s: 12022 rss: 794Mb L: 2583/3250 MS: 2 ChangeBit-EraseBytes-
#1444286	REDUCE cov: 582 ft: 2874 corp: 770/134Kb lim: 3827 exec/s: 12035 rss: 794Mb L: 40/3250 MS: 1 EraseBytes-
#1444407	REDUCE cov: 582 ft: 2874 corp: 770/134Kb lim: 3827 exec/s: 12036 rss: 794Mb L: 3239/3239 MS: 1 EraseBytes-
#1446554	REDUCE cov: 582 ft: 2874 corp: 770/134Kb lim: 3838 exec/s: 12054 rss: 794Mb L: 303/3239 MS: 2 EraseBytes-CopyPart-
#1447956	REDUCE cov: 582 ft: 2874 corp: 770/134Kb lim: 3849 exec/s: 12066 rss: 794Mb L: 394/3239 MS: 2 EraseBytes-CopyPart-
#1448722	REDUCE cov: 582 ft: 2874 corp: 770/134Kb lim: 3849 exec/s: 12072 rss: 794Mb L: 344/3239 MS: 1 EraseBytes-
#1448948	REDUCE cov: 582 ft: 2874 corp: 770/134Kb lim: 3849 exec/s: 12074 rss: 794Mb L: 140/3239 MS: 1 EraseBytes-
#1449311	REDUCE cov: 582 ft: 2874 corp: 770/134Kb lim: 3849 exec/s: 12077 rss: 794Mb L: 1315/3239 MS: 3 PersAutoDict-InsertByte-EraseBytes- DE: "\000\000\000\000\000\000\000\010"-
#1450162	REDUCE cov: 582 ft: 2874 corp: 770/134Kb lim: 3849 exec/s: 11984 rss: 795Mb L: 596/3239 MS: 1 EraseBytes-
#1450739	REDUCE cov: 582 ft: 2874 corp: 770/134Kb lim: 3849 exec/s: 11989 rss: 795Mb L: 23/3239 MS: 2 ShuffleBytes-EraseBytes-
#1450765	REDUCE cov: 582 ft: 2874 corp: 770/134Kb lim: 3849 exec/s: 11989 rss: 795Mb L: 3081/3239 MS: 1 EraseBytes-
#1451953	REDUCE cov: 582 ft: 2874 corp: 770/134Kb lim: 3860 exec/s: 11999 rss: 795Mb L: 24/3239 MS: 3 ChangeBit-ChangeBit-EraseBytes-
#1452025	REDUCE cov: 582 ft: 2874 corp: 770/134Kb lim: 3860 exec/s: 12000 rss: 795Mb L: 1083/3239 MS: 2 EraseBytes-ChangeBinInt-
#1453594	REDUCE cov: 582 ft: 2874 corp: 770/134Kb lim: 3871 exec/s: 12013 rss: 795Mb L: 40/3239 MS: 4 ChangeBit-ChangeASCIIInt-ChangeASCIIInt-EraseBytes-
#1454245	REDUCE cov: 582 ft: 2874 corp: 770/134Kb lim: 3871 exec/s: 12018 rss: 795Mb L: 6/3239 MS: 1 EraseBytes-
#1454621	REDUCE cov: 582 ft: 2874 corp: 770/134Kb lim: 3871 exec/s: 12021 rss: 795Mb L: 6/3239 MS: 1 EraseBytes-
#1455717	REDUCE cov: 582 ft: 2874 corp: 770/134Kb lim: 3871 exec/s: 12030 rss: 795Mb L: 41/3239 MS: 1 EraseBytes-
#1456664	REDUCE cov: 582 ft: 2874 corp: 770/134Kb lim: 3871 exec/s: 12038 rss: 795Mb L: 39/3239 MS: 2 EraseBytes-CopyPart-
#1456875	REDUCE cov: 582 ft: 2874 corp: 770/134Kb lim: 3871 exec/s: 12040 rss: 795Mb L: 1027/3239 MS: 1 EraseBytes-
#1457501	REDUCE cov: 582 ft: 2874 corp: 770/134Kb lim: 3871 exec/s: 12045 rss: 795Mb L: 98/3239 MS: 1 EraseBytes-
#1457922	REDUCE cov: 582 ft: 2874 corp: 770/134Kb lim: 3871 exec/s: 12048 rss: 795Mb L: 246/3239 MS: 1 EraseBytes-
#1462073	REDUCE cov: 582 ft: 2874 corp: 770/134Kb lim: 3904 exec/s: 11984 rss: 795Mb L: 81/3239 MS: 1 EraseBytes-
#1463029	REDUCE cov: 582 ft: 2874 corp: 770/134Kb lim: 3904 exec/s: 11992 rss: 795Mb L: 22/3239 MS: 1 EraseBytes-
#1464975	REDUCE cov: 582 ft: 2874 corp: 770/134Kb lim: 3915 exec/s: 12007 rss: 795Mb L: 278/3239 MS: 1 EraseBytes-
#1465946	REDUCE cov: 582 ft: 2874 corp: 770/134Kb lim: 3915 exec/s: 12015 rss: 795Mb L: 1097/3239 MS: 1 EraseBytes-
#1465971	REDUCE cov: 582 ft: 2874 corp: 770/134Kb lim: 3915 exec/s: 12016 rss: 795Mb L: 843/3239 MS: 5 ChangeBit-ChangeBinInt-CopyPart-EraseBytes-EraseBytes-
#1467406	REDUCE cov: 582 ft: 2874 corp: 770/134Kb lim: 3926 exec/s: 12027 rss: 795Mb L: 168/3239 MS: 5 InsertByte-InsertByte-ChangeBit-ChangeBinInt-EraseBytes-
#1467589	REDUCE cov: 582 ft: 2874 corp: 770/134Kb lim: 3926 exec/s: 11931 rss: 795Mb L: 29/3239 MS: 3 ShuffleBytes-ChangeByte-EraseBytes-
#1467775	REDUCE cov: 582 ft: 2874 corp: 770/134Kb lim: 3926 exec/s: 11933 rss: 795Mb L: 28/3239 MS: 1 EraseBytes-
#1467781	REDUCE cov: 582 ft: 2874 corp: 770/134Kb lim: 3926 exec/s: 11933 rss: 795Mb L: 10/3239 MS: 1 EraseBytes-
#1467912	REDUCE cov: 582 ft: 2874 corp: 770/134Kb lim: 3926 exec/s: 11934 rss: 795Mb L: 17/3239 MS: 1 EraseBytes-
#1468727	REDUCE cov: 582 ft: 2874 corp: 770/134Kb lim: 3926 exec/s: 11940 rss: 795Mb L: 463/3239 MS: 5 ShuffleBytes-EraseBytes-PersAutoDict-CopyPart-CopyPart- DE: "t\000"-
#1469184	REDUCE cov: 582 ft: 2874 corp: 770/134Kb lim: 3926 exec/s: 11944 rss: 795Mb L: 13/3239 MS: 2 ChangeBit-EraseBytes-
#1470238	REDUCE cov: 582 ft: 2874 corp: 770/134Kb lim: 3926 exec/s: 11953 rss: 795Mb L: 15/3239 MS: 4 InsertByte-ChangeBit-InsertByte-EraseBytes-
#1470890	REDUCE cov: 582 ft: 2874 corp: 770/134Kb lim: 3926 exec/s: 11958 rss: 795Mb L: 15/3239 MS: 2 ChangeBit-EraseBytes-
#1471121	REDUCE cov: 582 ft: 2874 corp: 770/134Kb lim: 3926 exec/s: 11960 rss: 795Mb L: 132/3239 MS: 1 EraseBytes-
#1471932	REDUCE cov: 582 ft: 2874 corp: 770/134Kb lim: 3926 exec/s: 11966 rss: 795Mb L: 28/3239 MS: 1 EraseBytes-
#1472353	REDUCE cov: 582 ft: 2874 corp: 770/134Kb lim: 3926 exec/s: 11970 rss: 795Mb L: 4/3239 MS: 1 EraseBytes-
#1474001	REDUCE cov: 582 ft: 2874 corp: 770/134Kb lim: 3937 exec/s: 11983 rss: 795Mb L: 54/3239 MS: 3 CopyPart-InsertByte-EraseBytes-
#1474008	REDUCE cov: 582 ft: 2874 corp: 770/134Kb lim: 3937 exec/s: 11983 rss: 795Mb L: 166/3239 MS: 2 ChangeBinInt-EraseBytes-
#1474399	REDUCE cov: 582 ft: 2874 corp: 770/134Kb lim: 3937 exec/s: 11986 rss: 795Mb L: 36/3239 MS: 1 EraseBytes-
#1476481	REDUCE cov: 582 ft: 2874 corp: 770/134Kb lim: 3948 exec/s: 11907 rss: 795Mb L: 367/3239 MS: 2 PersAutoDict-EraseBytes- DE: "\000s"-
#1476507	REDUCE cov: 582 ft: 2874 corp: 770/134Kb lim: 3948 exec/s: 11907 rss: 795Mb L: 20/3239 MS: 1 EraseBytes-
#1479275	REDUCE cov: 582 ft: 2874 corp: 770/134Kb lim: 3970 exec/s: 11929 rss: 795Mb L: 134/3239 MS: 3 ChangeBit-ChangeBinInt-EraseBytes-
#1479302	REDUCE cov: 582 ft: 2874 corp: 770/134Kb lim: 3970 exec/s: 11929 rss: 795Mb L: 24/3239 MS: 2 ChangeBinInt-EraseBytes-
#1479472	REDUCE cov: 582 ft: 2874 corp: 770/134Kb lim: 3970 exec/s: 11931 rss: 795Mb L: 3/3239 MS: 5 ChangeBinInt-ChangeBinInt-CrossOver-InsertByte-EraseBytes-
#1480373	REDUCE cov: 582 ft: 2874 corp: 770/134Kb lim: 3970 exec/s: 11938 rss: 795Mb L: 39/3239 MS: 1 EraseBytes-
#1481320	REDUCE cov: 582 ft: 2874 corp: 770/134Kb lim: 3970 exec/s: 11946 rss: 795Mb L: 20/3239 MS: 2 ChangeByte-EraseBytes-
#1481796	REDUCE cov: 582 ft: 2874 corp: 770/134Kb lim: 3970 exec/s: 11949 rss: 795Mb L: 105/3239 MS: 1 EraseBytes-
#1482156	REDUCE cov: 582 ft: 2874 corp: 770/134Kb lim: 3970 exec/s: 11952 rss: 795Mb L: 537/3239 MS: 5 ChangeASCIIInt-CrossOver-ShuffleBytes-ShuffleBytes-EraseBytes-
#1483437	REDUCE cov: 582 ft: 2874 corp: 770/134Kb lim: 3981 exec/s: 11963 rss: 795Mb L: 139/3239 MS: 1 EraseBytes-
#1485088	REDUCE cov: 582 ft: 2874 corp: 770/134Kb lim: 3992 exec/s: 11976 rss: 795Mb L: 8/3239 MS: 1 EraseBytes-
#1485144	REDUCE cov: 582 ft: 2874 corp: 770/134Kb lim: 3992 exec/s: 11976 rss: 795Mb L: 23/3239 MS: 1 EraseBytes-
#1485185	REDUCE cov: 582 ft: 2874 corp: 770/134Kb lim: 3992 exec/s: 11977 rss: 795Mb L: 999/3239 MS: 1 EraseBytes-
#1486936	REDUCE cov: 582 ft: 2874 corp: 770/134Kb lim: 4003 exec/s: 11895 rss: 795Mb L: 71/3239 MS: 1 EraseBytes-
#1488428	REDUCE cov: 582 ft: 2874 corp: 770/134Kb lim: 4014 exec/s: 11907 rss: 795Mb L: 23/3239 MS: 2 ChangeASCIIInt-EraseBytes-
#1492574	REDUCE cov: 582 ft: 2874 corp: 770/134Kb lim: 4047 exec/s: 11940 rss: 795Mb L: 151/3239 MS: 1 EraseBytes-
#1492895	REDUCE cov: 582 ft: 2874 corp: 770/134Kb lim: 4047 exec/s: 11943 rss: 795Mb L: 669/3239 MS: 1 EraseBytes-
#1492926	REDUCE cov: 582 ft: 2874 corp: 770/134Kb lim: 4047 exec/s: 11943 rss: 795Mb L: 9/3239 MS: 1 EraseBytes-
#1495892	REDUCE cov: 582 ft: 2874 corp: 770/134Kb lim: 4069 exec/s: 11872 rss: 795Mb L: 8/3239 MS: 1 EraseBytes-
#1496351	REDUCE cov: 582 ft: 2874 corp: 770/134Kb lim: 4069 exec/s: 11875 rss: 795Mb L: 1115/3239 MS: 4 PersAutoDict-ChangeByte-ShuffleBytes-EraseBytes- DE: "\012\000\000\000"-
#1496372	REDUCE cov: 582 ft: 2874 corp: 770/134Kb lim: 4069 exec/s: 11875 rss: 795Mb L: 131/3239 MS: 1 EraseBytes-
#1496578	REDUCE cov: 582 ft: 2874 corp: 770/134Kb lim: 4069 exec/s: 11877 rss: 795Mb L: 496/3239 MS: 1 EraseBytes-
#1498421	REDUCE cov: 582 ft: 2874 corp: 770/134Kb lim: 4080 exec/s: 11892 rss: 795Mb L: 113/3239 MS: 3 CopyPart-ShuffleBytes-EraseBytes-
#1498533	REDUCE cov: 582 ft: 2874 corp: 770/134Kb lim: 4080 exec/s: 11893 rss: 795Mb L: 310/3239 MS: 2 ChangeByte-EraseBytes-
#1499100	REDUCE cov: 582 ft: 2874 corp: 770/134Kb lim: 4080 exec/s: 11897 rss: 795Mb L: 23/3239 MS: 2 ShuffleBytes-EraseBytes-
#1499714	REDUCE cov: 582 ft: 2874 corp: 770/134Kb lim: 4080 exec/s: 11902 rss: 795Mb L: 84/3239 MS: 4 CrossOver-CrossOver-ChangeASCIIInt-EraseBytes-
#1499981	REDUCE cov: 582 ft: 2874 corp: 770/134Kb lim: 4080 exec/s: 11904 rss: 795Mb L: 3004/3239 MS: 2 ChangeBinInt-EraseBytes-
#1501028	REDUCE cov: 582 ft: 2874 corp: 770/134Kb lim: 4080 exec/s: 11912 rss: 795Mb L: 147/3239 MS: 2 ShuffleBytes-EraseBytes-
#1501214	REDUCE cov: 582 ft: 2874 corp: 770/134Kb lim: 4080 exec/s: 11914 rss: 795Mb L: 14/3239 MS: 1 EraseBytes-
#1501510	REDUCE cov: 582 ft: 2874 corp: 770/134Kb lim: 4080 exec/s: 11916 rss: 795Mb L: 49/3239 MS: 1 EraseBytes-
#1502147	REDUCE cov: 582 ft: 2874 corp: 770/134Kb lim: 4080 exec/s: 11921 rss: 795Mb L: 187/3239 MS: 2 ChangeASCIIInt-EraseBytes-
#1502463	REDUCE cov: 582 ft: 2874 corp: 770/134Kb lim: 4080 exec/s: 11924 rss: 795Mb L: 20/3239 MS: 1 EraseBytes-
#1502507	REDUCE cov: 582 ft: 2874 corp: 770/134Kb lim: 4080 exec/s: 11924 rss: 795Mb L: 671/3239 MS: 4 CopyPart-ChangeASCIIInt-InsertByte-EraseBytes-
#1502525	REDUCE cov: 582 ft: 2874 corp: 770/134Kb lim: 4080 exec/s: 11924 rss: 795Mb L: 86/3239 MS: 3 EraseBytes-ChangeBit-CopyPart-
#1502979	REDUCE cov: 582 ft: 2874 corp: 770/133Kb lim: 4080 exec/s: 11928 rss: 795Mb L: 51/3239 MS: 4 ChangeByte-ChangeBinInt-ChangeByte-EraseBytes-
#1503670	REDUCE cov: 582 ft: 2874 corp: 770/133Kb lim: 4080 exec/s: 11933 rss: 795Mb L: 51/3239 MS: 1 EraseBytes-
#1503892	REDUCE cov: 582 ft: 2874 corp: 770/133Kb lim: 4080 exec/s: 11935 rss: 795Mb L: 47/3239 MS: 2 InsertByte-EraseBytes-
#1505004	REDUCE cov: 582 ft: 2874 corp: 770/133Kb lim: 4091 exec/s: 11850 rss: 795Mb L: 446/3239 MS: 2 ChangeBit-EraseBytes-
#1505511	REDUCE cov: 582 ft: 2874 corp: 770/133Kb lim: 4091 exec/s: 11854 rss: 795Mb L: 41/3239 MS: 2 InsertByte-EraseBytes-
#1505762	REDUCE cov: 582 ft: 2874 corp: 770/133Kb lim: 4091 exec/s: 11856 rss: 795Mb L: 8/3239 MS: 1 EraseBytes-
#1506948	REDUCE cov: 582 ft: 2874 corp: 770/133Kb lim: 4096 exec/s: 11865 rss: 795Mb L: 56/3239 MS: 1 EraseBytes-
#1507159	REDUCE cov: 582 ft: 2874 corp: 770/133Kb lim: 4096 exec/s: 11867 rss: 795Mb L: 25/3239 MS: 1 EraseBytes-
#1510102	REDUCE cov: 582 ft: 2874 corp: 770/133Kb lim: 4096 exec/s: 11890 rss: 795Mb L: 986/3239 MS: 3 EraseBytes-ChangeBit-CopyPart-
#1511448	REDUCE cov: 582 ft: 2874 corp: 770/133Kb lim: 4096 exec/s: 11901 rss: 795Mb L: 35/3239 MS: 1 EraseBytes-
#1511959	REDUCE cov: 582 ft: 2874 corp: 770/133Kb lim: 4096 exec/s: 11905 rss: 795Mb L: 86/3239 MS: 1 EraseBytes-
#1512600	REDUCE cov: 582 ft: 2874 corp: 770/133Kb lim: 4096 exec/s: 11910 rss: 795Mb L: 459/3239 MS: 1 EraseBytes-
#1512916	REDUCE cov: 582 ft: 2874 corp: 770/133Kb lim: 4096 exec/s: 11819 rss: 795Mb L: 1494/3239 MS: 1 EraseBytes-
#1513453	REDUCE cov: 582 ft: 2874 corp: 770/133Kb lim: 4096 exec/s: 11823 rss: 795Mb L: 27/3239 MS: 2 CopyPart-EraseBytes-
#1513770	REDUCE cov: 582 ft: 2874 corp: 770/133Kb lim: 4096 exec/s: 11826 rss: 795Mb L: 36/3239 MS: 2 ChangeBinInt-EraseBytes-
#1513803	REDUCE cov: 582 ft: 2874 corp: 770/133Kb lim: 4096 exec/s: 11826 rss: 795Mb L: 80/3239 MS: 3 CopyPart-ChangeBinInt-EraseBytes-
#1513899	REDUCE cov: 582 ft: 2874 corp: 770/133Kb lim: 4096 exec/s: 11827 rss: 795Mb L: 21/3239 MS: 1 EraseBytes-
#1514770	REDUCE cov: 582 ft: 2874 corp: 770/133Kb lim: 4096 exec/s: 11834 rss: 795Mb L: 141/3239 MS: 1 EraseBytes-
#1515538	REDUCE cov: 582 ft: 2874 corp: 770/133Kb lim: 4096 exec/s: 11840 rss: 795Mb L: 64/3239 MS: 3 CopyPart-PersAutoDict-EraseBytes- DE: "\374\377"-
#1515645	REDUCE cov: 582 ft: 2874 corp: 770/133Kb lim: 4096 exec/s: 11840 rss: 795Mb L: 50/3239 MS: 2 ChangeByte-EraseBytes-
#1516156	REDUCE cov: 582 ft: 2874 corp: 770/133Kb lim: 4096 exec/s: 11844 rss: 795Mb L: 15/3239 MS: 1 EraseBytes-
#1516208	REDUCE cov: 582 ft: 2874 corp: 770/133Kb lim: 4096 exec/s: 11845 rss: 795Mb L: 314/3239 MS: 2 CopyPart-EraseBytes-
#1516759	REDUCE cov: 582 ft: 2874 corp: 770/133Kb lim: 4096 exec/s: 11849 rss: 795Mb L: 77/3239 MS: 1 EraseBytes-
#1517113	REDUCE cov: 582 ft: 2874 corp: 770/133Kb lim: 4096 exec/s: 11852 rss: 795Mb L: 73/3239 MS: 4 EraseBytes-CrossOver-ChangeASCIIInt-CopyPart-
#1519689	REDUCE cov: 582 ft: 2874 corp: 770/133Kb lim: 4096 exec/s: 11872 rss: 795Mb L: 77/3239 MS: 1 EraseBytes-
#1521477	REDUCE cov: 582 ft: 2874 corp: 770/133Kb lim: 4096 exec/s: 11886 rss: 795Mb L: 435/3239 MS: 3 ShuffleBytes-ChangeByte-EraseBytes-
#1521815	REDUCE cov: 582 ft: 2874 corp: 770/133Kb lim: 4096 exec/s: 11797 rss: 795Mb L: 20/3239 MS: 3 PersAutoDict-ShuffleBytes-EraseBytes- DE: "\377\377\377\377\377\377\377\003"-
#1522011	REDUCE cov: 582 ft: 2874 corp: 770/133Kb lim: 4096 exec/s: 11798 rss: 795Mb L: 38/3239 MS: 1 EraseBytes-
#1525672	REDUCE cov: 582 ft: 2874 corp: 770/133Kb lim: 4096 exec/s: 11826 rss: 795Mb L: 63/3239 MS: 1 EraseBytes-
#1526283	REDUCE cov: 582 ft: 2874 corp: 770/133Kb lim: 4096 exec/s: 11831 rss: 795Mb L: 427/3239 MS: 1 EraseBytes-
#1528913	REDUCE cov: 582 ft: 2874 corp: 770/133Kb lim: 4096 exec/s: 11852 rss: 795Mb L: 126/3239 MS: 5 CopyPart-CMP-EraseBytes-EraseBytes-EraseBytes- DE: "\376\377\000\000"-
#1530184	REDUCE cov: 582 ft: 2874 corp: 770/133Kb lim: 4096 exec/s: 11770 rss: 795Mb L: 39/3239 MS: 1 EraseBytes-
#1530190	REDUCE cov: 582 ft: 2874 corp: 770/133Kb lim: 4096 exec/s: 11770 rss: 795Mb L: 10/3239 MS: 1 EraseBytes-
#1530842	REDUCE cov: 582 ft: 2874 corp: 770/133Kb lim: 4096 exec/s: 11775 rss: 795Mb L: 691/3239 MS: 2 InsertByte-EraseBytes-
#1530945	REDUCE cov: 582 ft: 2874 corp: 770/133Kb lim: 4096 exec/s: 11776 rss: 795Mb L: 2993/3239 MS: 3 CMP-PersAutoDict-EraseBytes- DE: "\377D"-"\001\000\000\000\000\000\000\025"-
#1530994	REDUCE cov: 582 ft: 2874 corp: 770/133Kb lim: 4096 exec/s: 11776 rss: 795Mb L: 49/3239 MS: 4 CrossOver-CrossOver-CopyPart-EraseBytes-
#1531261	REDUCE cov: 582 ft: 2874 corp: 770/133Kb lim: 4096 exec/s: 11778 rss: 795Mb L: 146/3239 MS: 2 PersAutoDict-EraseBytes- DE: "\205\000"-
#1532878	REDUCE cov: 582 ft: 2874 corp: 770/133Kb lim: 4096 exec/s: 11791 rss: 795Mb L: 1084/3239 MS: 2 PersAutoDict-EraseBytes- DE: "O\000"-
#1533125	REDUCE cov: 582 ft: 2874 corp: 770/133Kb lim: 4096 exec/s: 11793 rss: 795Mb L: 1276/3239 MS: 2 ChangeBinInt-EraseBytes-
#1533262	REDUCE cov: 582 ft: 2874 corp: 770/133Kb lim: 4096 exec/s: 11794 rss: 795Mb L: 69/3239 MS: 2 ChangeBinInt-EraseBytes-
#1533716	REDUCE cov: 582 ft: 2874 corp: 770/133Kb lim: 4096 exec/s: 11797 rss: 795Mb L: 166/3239 MS: 4 ChangeBinInt-ChangeByte-InsertByte-EraseBytes-
#1533842	REDUCE cov: 582 ft: 2874 corp: 770/133Kb lim: 4096 exec/s: 11798 rss: 795Mb L: 194/3239 MS: 1 EraseBytes-
#1534033	REDUCE cov: 582 ft: 2874 corp: 770/133Kb lim: 4096 exec/s: 11800 rss: 795Mb L: 147/3239 MS: 1 EraseBytes-
#1534599	REDUCE cov: 582 ft: 2874 corp: 770/133Kb lim: 4096 exec/s: 11804 rss: 795Mb L: 155/3239 MS: 1 EraseBytes-
#1534657	REDUCE cov: 582 ft: 2875 corp: 771/137Kb lim: 4096 exec/s: 11805 rss: 795Mb L: 3939/3939 MS: 3 InsertRepeatedBytes-ShuffleBytes-CopyPart-
#1535583	REDUCE cov: 582 ft: 2875 corp: 771/137Kb lim: 4096 exec/s: 11812 rss: 795Mb L: 28/3939 MS: 1 EraseBytes-
#1537064	REDUCE cov: 582 ft: 2875 corp: 771/137Kb lim: 4096 exec/s: 11823 rss: 795Mb L: 37/3939 MS: 1 EraseBytes-
#1537405	REDUCE cov: 582 ft: 2875 corp: 771/137Kb lim: 4096 exec/s: 11826 rss: 795Mb L: 402/3939 MS: 1 EraseBytes-
#1537446	REDUCE cov: 582 ft: 2875 corp: 771/137Kb lim: 4096 exec/s: 11826 rss: 795Mb L: 14/3939 MS: 1 EraseBytes-
#1537707	REDUCE cov: 582 ft: 2875 corp: 771/137Kb lim: 4096 exec/s: 11828 rss: 795Mb L: 34/3939 MS: 1 EraseBytes-
#1540074	REDUCE cov: 582 ft: 2875 corp: 771/137Kb lim: 4096 exec/s: 11756 rss: 796Mb L: 36/3939 MS: 2 InsertByte-EraseBytes-
#1540102	REDUCE cov: 582 ft: 2875 corp: 771/137Kb lim: 4096 exec/s: 11756 rss: 796Mb L: 358/3939 MS: 3 ChangeBinInt-ChangeBit-EraseBytes-
#1540374	REDUCE cov: 582 ft: 2875 corp: 771/137Kb lim: 4096 exec/s: 11758 rss: 796Mb L: 13/3939 MS: 2 CopyPart-EraseBytes-
#1540535	REDUCE cov: 582 ft: 2875 corp: 771/137Kb lim: 4096 exec/s: 11759 rss: 796Mb L: 1275/3939 MS: 1 EraseBytes-
#1542847	REDUCE cov: 582 ft: 2875 corp: 771/137Kb lim: 4096 exec/s: 11777 rss: 797Mb L: 1033/3939 MS: 2 ChangeByte-EraseBytes-
#1542887	REDUCE cov: 582 ft: 2875 corp: 771/137Kb lim: 4096 exec/s: 11777 rss: 797Mb L: 539/3939 MS: 5 InsertByte-PersAutoDict-ChangeByte-ChangeBit-EraseBytes- DE: "\001\000\000\000\000\000\000\365"-
#1545153	REDUCE cov: 582 ft: 2875 corp: 771/137Kb lim: 4096 exec/s: 11795 rss: 797Mb L: 434/3939 MS: 1 EraseBytes-
#1545724	REDUCE cov: 582 ft: 2875 corp: 771/137Kb lim: 4096 exec/s: 11799 rss: 798Mb L: 34/3939 MS: 1 EraseBytes-
#1547933	REDUCE cov: 582 ft: 2875 corp: 771/137Kb lim: 4096 exec/s: 11726 rss: 800Mb L: 3122/3939 MS: 4 CopyPart-ChangeBit-ChangeBit-EraseBytes-
#1549559	REDUCE cov: 582 ft: 2875 corp: 771/137Kb lim: 4096 exec/s: 11739 rss: 800Mb L: 664/3939 MS: 1 EraseBytes-
#1549795	REDUCE cov: 582 ft: 2875 corp: 771/137Kb lim: 4096 exec/s: 11740 rss: 800Mb L: 19/3939 MS: 1 EraseBytes-
#1549841	REDUCE cov: 582 ft: 2875 corp: 771/137Kb lim: 4096 exec/s: 11741 rss: 800Mb L: 3061/3939 MS: 1 EraseBytes-
#1551072	REDUCE cov: 582 ft: 2875 corp: 771/137Kb lim: 4096 exec/s: 11750 rss: 801Mb L: 14/3939 MS: 1 EraseBytes-
#1551233	REDUCE cov: 582 ft: 2875 corp: 771/137Kb lim: 4096 exec/s: 11751 rss: 801Mb L: 56/3939 MS: 1 EraseBytes-
#1551636	REDUCE cov: 582 ft: 2875 corp: 771/137Kb lim: 4096 exec/s: 11754 rss: 801Mb L: 279/3939 MS: 3 ChangeByte-ChangeByte-EraseBytes-
#1551907	REDUCE cov: 582 ft: 2875 corp: 771/137Kb lim: 4096 exec/s: 11756 rss: 801Mb L: 26/3939 MS: 1 EraseBytes-
#1552215	REDUCE cov: 582 ft: 2875 corp: 771/137Kb lim: 4096 exec/s: 11759 rss: 801Mb L: 1492/3939 MS: 3 CrossOver-ChangeBit-EraseBytes-
#1553606	REDUCE cov: 582 ft: 2875 corp: 771/137Kb lim: 4096 exec/s: 11769 rss: 801Mb L: 196/3939 MS: 1 EraseBytes-
#1553698	REDUCE cov: 582 ft: 2875 corp: 771/137Kb lim: 4096 exec/s: 11770 rss: 801Mb L: 440/3939 MS: 2 EraseBytes-CopyPart-
#1553949	REDUCE cov: 582 ft: 2875 corp: 771/137Kb lim: 4096 exec/s: 11772 rss: 801Mb L: 586/3939 MS: 1 EraseBytes-
#1554605	REDUCE cov: 582 ft: 2875 corp: 771/137Kb lim: 4096 exec/s: 11777 rss: 801Mb L: 32/3939 MS: 1 EraseBytes-
#1555402	REDUCE cov: 582 ft: 2875 corp: 771/137Kb lim: 4096 exec/s: 11694 rss: 801Mb L: 66/3939 MS: 2 ChangeByte-EraseBytes-
#1555695	REDUCE cov: 582 ft: 2880 corp: 772/138Kb lim: 4096 exec/s: 11696 rss: 801Mb L: 1219/3939 MS: 3 CopyPart-CopyPart-CopyPart-
#1556133	REDUCE cov: 582 ft: 2880 corp: 772/138Kb lim: 4096 exec/s: 11700 rss: 801Mb L: 265/3939 MS: 3 InsertRepeatedBytes-CopyPart-EraseBytes-
#1558014	REDUCE cov: 582 ft: 2880 corp: 772/138Kb lim: 4096 exec/s: 11714 rss: 801Mb L: 3853/3853 MS: 1 CrossOver-
#1558269	REDUCE cov: 582 ft: 2880 corp: 772/138Kb lim: 4096 exec/s: 11716 rss: 801Mb L: 257/3853 MS: 5 CopyPart-ShuffleBytes-EraseBytes-ShuffleBytes-EraseBytes-
#1558586	REDUCE cov: 582 ft: 2880 corp: 772/138Kb lim: 4096 exec/s: 11718 rss: 801Mb L: 32/3853 MS: 2 ChangeBit-EraseBytes-
#1558633	REDUCE cov: 582 ft: 2880 corp: 772/138Kb lim: 4096 exec/s: 11719 rss: 801Mb L: 822/3853 MS: 2 EraseBytes-CopyPart-
#1558924	REDUCE cov: 582 ft: 2880 corp: 772/138Kb lim: 4096 exec/s: 11721 rss: 801Mb L: 27/3853 MS: 1 EraseBytes-
#1559725	REDUCE cov: 582 ft: 2880 corp: 772/138Kb lim: 4096 exec/s: 11727 rss: 801Mb L: 32/3853 MS: 1 EraseBytes-
#1559977	REDUCE cov: 582 ft: 2880 corp: 772/138Kb lim: 4096 exec/s: 11729 rss: 801Mb L: 102/3853 MS: 2 ChangeBit-EraseBytes-
#1560090	REDUCE cov: 582 ft: 2880 corp: 772/138Kb lim: 4096 exec/s: 11730 rss: 801Mb L: 443/3853 MS: 3 CMP-ChangeBit-EraseBytes- DE: ",\000\000\000"-
#1561181	REDUCE cov: 582 ft: 2880 corp: 772/138Kb lim: 4096 exec/s: 11738 rss: 801Mb L: 22/3853 MS: 1 EraseBytes-
#1561262	REDUCE cov: 582 ft: 2880 corp: 772/138Kb lim: 4096 exec/s: 11738 rss: 801Mb L: 12/3853 MS: 1 EraseBytes-
#1562083	REDUCE cov: 582 ft: 2880 corp: 772/138Kb lim: 4096 exec/s: 11744 rss: 801Mb L: 17/3853 MS: 1 EraseBytes-
#1562330	REDUCE cov: 582 ft: 2880 corp: 772/138Kb lim: 4096 exec/s: 11746 rss: 801Mb L: 157/3853 MS: 2 ChangeByte-EraseBytes-
#1562596	REDUCE cov: 582 ft: 2880 corp: 772/138Kb lim: 4096 exec/s: 11748 rss: 801Mb L: 49/3853 MS: 1 EraseBytes-
#1562855	REDUCE cov: 582 ft: 2880 corp: 772/138Kb lim: 4096 exec/s: 11663 rss: 801Mb L: 898/3853 MS: 4 ChangeBit-ChangeBinInt-ChangeByte-EraseBytes-
#1564042	REDUCE cov: 582 ft: 2880 corp: 772/138Kb lim: 4096 exec/s: 11671 rss: 801Mb L: 10/3853 MS: 2 ChangeBinInt-EraseBytes-
#1564217	REDUCE cov: 582 ft: 2880 corp: 772/138Kb lim: 4096 exec/s: 11673 rss: 801Mb L: 771/3853 MS: 5 ShuffleBytes-CopyPart-ChangeByte-CMP-EraseBytes- DE: "\025\000\000\000\000\000\000\000"-
#1564818	REDUCE cov: 582 ft: 2880 corp: 772/138Kb lim: 4096 exec/s: 11677 rss: 801Mb L: 24/3853 MS: 1 EraseBytes-
#1565669	REDUCE cov: 582 ft: 2880 corp: 772/138Kb lim: 4096 exec/s: 11684 rss: 801Mb L: 232/3853 MS: 1 EraseBytes-
#1566772	REDUCE cov: 582 ft: 2880 corp: 772/138Kb lim: 4096 exec/s: 11692 rss: 802Mb L: 7/3853 MS: 3 CopyPart-ChangeBinInt-EraseBytes-
#1567079	REDUCE cov: 582 ft: 2880 corp: 772/138Kb lim: 4096 exec/s: 11694 rss: 802Mb L: 69/3853 MS: 2 ChangeByte-EraseBytes-
#1567180	REDUCE cov: 582 ft: 2880 corp: 772/138Kb lim: 4096 exec/s: 11695 rss: 802Mb L: 433/3853 MS: 1 EraseBytes-
#1567391	REDUCE cov: 582 ft: 2880 corp: 772/138Kb lim: 4096 exec/s: 11696 rss: 802Mb L: 14/3853 MS: 1 EraseBytes-
#1567647	REDUCE cov: 582 ft: 2880 corp: 772/138Kb lim: 4096 exec/s: 11698 rss: 802Mb L: 101/3853 MS: 1 EraseBytes-
#1568933	REDUCE cov: 582 ft: 2883 corp: 773/138Kb lim: 4096 exec/s: 11708 rss: 802Mb L: 265/3853 MS: 1 CopyPart-
#1569449	REDUCE cov: 582 ft: 2883 corp: 773/138Kb lim: 4096 exec/s: 11712 rss: 802Mb L: 27/3853 MS: 1 EraseBytes-
#1569752	REDUCE cov: 582 ft: 2883 corp: 773/138Kb lim: 4096 exec/s: 11714 rss: 802Mb L: 171/3853 MS: 3 CopyPart-ChangeByte-EraseBytes-
#1572103	REDUCE cov: 582 ft: 2883 corp: 773/138Kb lim: 4096 exec/s: 11645 rss: 802Mb L: 11/3853 MS: 1 EraseBytes-
#1573205	REDUCE cov: 582 ft: 2883 corp: 773/138Kb lim: 4096 exec/s: 11653 rss: 802Mb L: 263/3853 MS: 2 ChangeBinInt-EraseBytes-
#1574171	REDUCE cov: 582 ft: 2883 corp: 773/138Kb lim: 4096 exec/s: 11660 rss: 802Mb L: 33/3853 MS: 1 EraseBytes-
#1574659	REDUCE cov: 582 ft: 2883 corp: 773/138Kb lim: 4096 exec/s: 11664 rss: 802Mb L: 1022/3853 MS: 3 ChangeBinInt-PersAutoDict-EraseBytes- DE: "\377\377\377?"-
#1575105	REDUCE cov: 582 ft: 2883 corp: 773/138Kb lim: 4096 exec/s: 11667 rss: 802Mb L: 6/3853 MS: 1 EraseBytes-
#1575191	REDUCE cov: 582 ft: 2883 corp: 773/138Kb lim: 4096 exec/s: 11668 rss: 802Mb L: 843/3853 MS: 1 EraseBytes-
#1576417	REDUCE cov: 582 ft: 2883 corp: 773/138Kb lim: 4096 exec/s: 11677 rss: 802Mb L: 46/3853 MS: 1 EraseBytes-
#1576633	REDUCE cov: 582 ft: 2883 corp: 773/138Kb lim: 4096 exec/s: 11678 rss: 802Mb L: 9/3853 MS: 1 EraseBytes-
#1576815	REDUCE cov: 582 ft: 2883 corp: 773/138Kb lim: 4096 exec/s: 11680 rss: 802Mb L: 135/3853 MS: 2 ChangeByte-EraseBytes-
#1577822	REDUCE cov: 582 ft: 2883 corp: 773/138Kb lim: 4096 exec/s: 11687 rss: 802Mb L: 51/3853 MS: 2 ChangeBit-EraseBytes-
#1578526	REDUCE cov: 582 ft: 2883 corp: 773/137Kb lim: 4096 exec/s: 11692 rss: 802Mb L: 789/3853 MS: 4 ChangeBit-PersAutoDict-CopyPart-CrossOver- DE: "\377\375"-
#1578734	REDUCE cov: 582 ft: 2883 corp: 773/137Kb lim: 4096 exec/s: 11694 rss: 802Mb L: 23/3853 MS: 3 ChangeByte-ChangeBit-EraseBytes-
#1579626	REDUCE cov: 582 ft: 2883 corp: 773/137Kb lim: 4096 exec/s: 11614 rss: 802Mb L: 13/3853 MS: 2 PersAutoDict-EraseBytes- DE: "\376\375"-
#1580979	REDUCE cov: 582 ft: 2885 corp: 774/138Kb lim: 4096 exec/s: 11624 rss: 802Mb L: 76/3853 MS: 3 CopyPart-CrossOver-CopyPart-
#1581546	REDUCE cov: 582 ft: 2885 corp: 774/138Kb lim: 4096 exec/s: 11629 rss: 802Mb L: 14/3853 MS: 2 ChangeBit-EraseBytes-
#1581648	REDUCE cov: 582 ft: 2885 corp: 774/138Kb lim: 4096 exec/s: 11629 rss: 802Mb L: 965/3853 MS: 2 InsertByte-EraseBytes-
#1581853	REDUCE cov: 582 ft: 2885 corp: 774/137Kb lim: 4096 exec/s: 11631 rss: 802Mb L: 1652/3853 MS: 5 CrossOver-ChangeASCIIInt-EraseBytes-CMP-PersAutoDict- DE: "\017\000\000\000"-"\"\000\000\000"-
#1582885	REDUCE cov: 582 ft: 2885 corp: 774/137Kb lim: 4096 exec/s: 11638 rss: 802Mb L: 804/3853 MS: 2 ChangeBit-EraseBytes-
#1583207	REDUCE cov: 582 ft: 2885 corp: 774/137Kb lim: 4096 exec/s: 11641 rss: 802Mb L: 55/3853 MS: 2 CrossOver-EraseBytes-
#1585488	REDUCE cov: 582 ft: 2885 corp: 774/137Kb lim: 4096 exec/s: 11658 rss: 802Mb L: 7/3853 MS: 1 EraseBytes-
#1586069	REDUCE cov: 582 ft: 2885 corp: 774/137Kb lim: 4096 exec/s: 11662 rss: 802Mb L: 8/3853 MS: 1 EraseBytes-
#1586100	REDUCE cov: 582 ft: 2885 corp: 774/137Kb lim: 4096 exec/s: 11662 rss: 802Mb L: 14/3853 MS: 1 EraseBytes-
#1586332	REDUCE cov: 582 ft: 2885 corp: 774/137Kb lim: 4096 exec/s: 11664 rss: 802Mb L: 51/3853 MS: 2 ChangeBinInt-EraseBytes-
#1588573	REDUCE cov: 582 ft: 2885 corp: 774/137Kb lim: 4096 exec/s: 11595 rss: 802Mb L: 332/3853 MS: 1 EraseBytes-
#1589831	REDUCE cov: 582 ft: 2885 corp: 774/137Kb lim: 4096 exec/s: 11604 rss: 802Mb L: 583/3853 MS: 3 CopyPart-ChangeBit-EraseBytes-
#1590382	REDUCE cov: 582 ft: 2885 corp: 774/137Kb lim: 4096 exec/s: 11608 rss: 802Mb L: 13/3853 MS: 1 EraseBytes-
#1591313	REDUCE cov: 582 ft: 2885 corp: 774/137Kb lim: 4096 exec/s: 11615 rss: 803Mb L: 40/3853 MS: 1 EraseBytes-
#1591340	REDUCE cov: 582 ft: 2885 corp: 774/137Kb lim: 4096 exec/s: 11615 rss: 803Mb L: 347/3853 MS: 2 ChangeByte-EraseBytes-
#1592441	REDUCE cov: 582 ft: 2885 corp: 774/137Kb lim: 4096 exec/s: 11623 rss: 803Mb L: 83/3853 MS: 1 EraseBytes-
#1593387	REDUCE cov: 582 ft: 2885 corp: 774/137Kb lim: 4096 exec/s: 11630 rss: 803Mb L: 20/3853 MS: 1 EraseBytes-
#1594706	REDUCE cov: 582 ft: 2885 corp: 774/137Kb lim: 4096 exec/s: 11640 rss: 803Mb L: 13/3853 MS: 4 ShuffleBytes-ChangeASCIIInt-ChangeBit-EraseBytes-
#1596143	REDUCE cov: 582 ft: 2885 corp: 774/137Kb lim: 4096 exec/s: 11650 rss: 803Mb L: 163/3853 MS: 2 EraseBytes-CrossOver-
#1598654	REDUCE cov: 582 ft: 2885 corp: 774/137Kb lim: 4096 exec/s: 11584 rss: 803Mb L: 140/3853 MS: 1 EraseBytes-
#1598805	REDUCE cov: 582 ft: 2885 corp: 774/137Kb lim: 4096 exec/s: 11585 rss: 803Mb L: 20/3853 MS: 1 EraseBytes-
#1602032	REDUCE cov: 582 ft: 2885 corp: 774/137Kb lim: 4096 exec/s: 11608 rss: 803Mb L: 46/3853 MS: 2 ChangeBit-EraseBytes-
#1602352	REDUCE cov: 582 ft: 2885 corp: 774/137Kb lim: 4096 exec/s: 11611 rss: 803Mb L: 491/3853 MS: 5 EraseBytes-ChangeBinInt-ChangeBit-CrossOver-CopyPart-
#1602693	REDUCE cov: 582 ft: 2885 corp: 774/137Kb lim: 4096 exec/s: 11613 rss: 803Mb L: 78/3853 MS: 1 EraseBytes-
#1603209	REDUCE cov: 582 ft: 2885 corp: 774/137Kb lim: 4096 exec/s: 11617 rss: 803Mb L: 45/3853 MS: 1 EraseBytes-
#1603361	REDUCE cov: 582 ft: 2885 corp: 774/137Kb lim: 4096 exec/s: 11618 rss: 803Mb L: 481/3853 MS: 2 CopyPart-EraseBytes-
#1603403	REDUCE cov: 582 ft: 2885 corp: 774/137Kb lim: 4096 exec/s: 11618 rss: 803Mb L: 76/3853 MS: 2 CMP-EraseBytes- DE: "\001\\"-
#1605264	REDUCE cov: 582 ft: 2885 corp: 774/137Kb lim: 4096 exec/s: 11632 rss: 803Mb L: 25/3853 MS: 1 EraseBytes-
#1605611	REDUCE cov: 582 ft: 2885 corp: 774/137Kb lim: 4096 exec/s: 11634 rss: 803Mb L: 38/3853 MS: 2 ChangeByte-EraseBytes-
#1607966	REDUCE cov: 582 ft: 2885 corp: 774/137Kb lim: 4096 exec/s: 11568 rss: 803Mb L: 643/3853 MS: 5 CopyPart-CopyPart-ShuffleBytes-CopyPart-EraseBytes-
#1608397	REDUCE cov: 582 ft: 2885 corp: 774/137Kb lim: 4096 exec/s: 11571 rss: 803Mb L: 28/3853 MS: 1 EraseBytes-
#1608723	REDUCE cov: 582 ft: 2885 corp: 774/137Kb lim: 4096 exec/s: 11573 rss: 803Mb L: 992/3853 MS: 1 EraseBytes-
#1609310	REDUCE cov: 582 ft: 2885 corp: 774/137Kb lim: 4096 exec/s: 11577 rss: 803Mb L: 1483/3853 MS: 2 InsertByte-EraseBytes-
#1609808	REDUCE cov: 582 ft: 2885 corp: 774/137Kb lim: 4096 exec/s: 11581 rss: 803Mb L: 541/3853 MS: 3 ChangeByte-CopyPart-EraseBytes-
#1610590	REDUCE cov: 582 ft: 2885 corp: 774/137Kb lim: 4096 exec/s: 11586 rss: 803Mb L: 108/3853 MS: 2 ShuffleBytes-EraseBytes-
#1610661	REDUCE cov: 582 ft: 2885 corp: 774/137Kb lim: 4096 exec/s: 11587 rss: 803Mb L: 46/3853 MS: 1 EraseBytes-
#1610783	REDUCE cov: 582 ft: 2885 corp: 774/137Kb lim: 4096 exec/s: 11588 rss: 803Mb L: 12/3853 MS: 2 ShuffleBytes-EraseBytes-
#1611991	REDUCE cov: 582 ft: 2885 corp: 774/137Kb lim: 4096 exec/s: 11597 rss: 803Mb L: 37/3853 MS: 3 CopyPart-ChangeBinInt-EraseBytes-
#1612252	REDUCE cov: 582 ft: 2885 corp: 774/137Kb lim: 4096 exec/s: 11598 rss: 803Mb L: 419/3853 MS: 1 EraseBytes-
#1613263	REDUCE cov: 582 ft: 2885 corp: 774/137Kb lim: 4096 exec/s: 11606 rss: 803Mb L: 28/3853 MS: 1 EraseBytes-
#1616199	REDUCE cov: 582 ft: 2885 corp: 774/137Kb lim: 4096 exec/s: 11544 rss: 803Mb L: 33/3853 MS: 1 EraseBytes-
#1616675	REDUCE cov: 582 ft: 2885 corp: 774/137Kb lim: 4096 exec/s: 11547 rss: 803Mb L: 16/3853 MS: 1 EraseBytes-
#1617031	REDUCE cov: 582 ft: 2885 corp: 774/137Kb lim: 4096 exec/s: 11550 rss: 803Mb L: 74/3853 MS: 1 EraseBytes-
#1617169	REDUCE cov: 582 ft: 2885 corp: 774/137Kb lim: 4096 exec/s: 11551 rss: 803Mb L: 764/3853 MS: 3 EraseBytes-ChangeBinInt-CMP- DE: "\011\000\000\000"-
#1617510	REDUCE cov: 582 ft: 2885 corp: 774/137Kb lim: 4096 exec/s: 11553 rss: 803Mb L: 1466/3853 MS: 1 EraseBytes-
#1617711	REDUCE cov: 582 ft: 2885 corp: 774/137Kb lim: 4096 exec/s: 11555 rss: 803Mb L: 23/3853 MS: 1 EraseBytes-
#1620567	REDUCE cov: 582 ft: 2885 corp: 774/137Kb lim: 4096 exec/s: 11575 rss: 803Mb L: 31/3853 MS: 1 EraseBytes-
#1620903	REDUCE cov: 582 ft: 2885 corp: 774/137Kb lim: 4096 exec/s: 11577 rss: 803Mb L: 16/3853 MS: 1 EraseBytes-
#1621724	REDUCE cov: 582 ft: 2885 corp: 774/137Kb lim: 4096 exec/s: 11583 rss: 803Mb L: 47/3853 MS: 1 EraseBytes-
#1622060	REDUCE cov: 582 ft: 2885 corp: 774/137Kb lim: 4096 exec/s: 11586 rss: 803Mb L: 773/3853 MS: 1 EraseBytes-
#1622181	REDUCE cov: 582 ft: 2885 corp: 774/137Kb lim: 4096 exec/s: 11587 rss: 803Mb L: 77/3853 MS: 1 EraseBytes-
#1622238	REDUCE cov: 583 ft: 2886 corp: 775/137Kb lim: 4096 exec/s: 11587 rss: 803Mb L: 27/3853 MS: 2 InsertByte-ChangeBinInt-
#1623189	REDUCE cov: 583 ft: 2886 corp: 775/137Kb lim: 4096 exec/s: 11511 rss: 803Mb L: 52/3853 MS: 1 EraseBytes-
#1623406	REDUCE cov: 583 ft: 2886 corp: 775/137Kb lim: 4096 exec/s: 11513 rss: 803Mb L: 26/3853 MS: 2 ChangeBinInt-EraseBytes-
#1623542	REDUCE cov: 583 ft: 2886 corp: 775/137Kb lim: 4096 exec/s: 11514 rss: 803Mb L: 34/3853 MS: 1 EraseBytes-
#1623928	REDUCE cov: 583 ft: 2886 corp: 775/137Kb lim: 4096 exec/s: 11517 rss: 803Mb L: 55/3853 MS: 1 EraseBytes-
#1624816	REDUCE cov: 583 ft: 2886 corp: 775/137Kb lim: 4096 exec/s: 11523 rss: 803Mb L: 14/3853 MS: 3 ChangeByte-InsertByte-EraseBytes-
#1626413	REDUCE cov: 583 ft: 2886 corp: 775/137Kb lim: 4096 exec/s: 11534 rss: 803Mb L: 46/3853 MS: 2 ChangeByte-EraseBytes-
#1627321	REDUCE cov: 583 ft: 2886 corp: 775/137Kb lim: 4096 exec/s: 11541 rss: 803Mb L: 10/3853 MS: 3 ChangeBit-PersAutoDict-EraseBytes- DE: "\000\016"-
#1629582	REDUCE cov: 583 ft: 2886 corp: 775/137Kb lim: 4096 exec/s: 11557 rss: 803Mb L: 101/3853 MS: 1 EraseBytes-
#1630083	REDUCE cov: 583 ft: 2886 corp: 775/137Kb lim: 4096 exec/s: 11560 rss: 803Mb L: 1563/3853 MS: 1 EraseBytes-
#1631014	REDUCE cov: 583 ft: 2886 corp: 775/137Kb lim: 4096 exec/s: 11486 rss: 803Mb L: 9/3853 MS: 1 EraseBytes-
#1631450	REDUCE cov: 583 ft: 2886 corp: 775/137Kb lim: 4096 exec/s: 11489 rss: 803Mb L: 42/3853 MS: 1 EraseBytes-
#1631739	REDUCE cov: 583 ft: 2886 corp: 775/137Kb lim: 4096 exec/s: 11491 rss: 803Mb L: 252/3853 MS: 4 InsertByte-CopyPart-CopyPart-EraseBytes-
#1632150	REDUCE cov: 583 ft: 2886 corp: 775/137Kb lim: 4096 exec/s: 11494 rss: 803Mb L: 12/3853 MS: 1 EraseBytes-
#1632799	REDUCE cov: 583 ft: 2886 corp: 775/137Kb lim: 4096 exec/s: 11498 rss: 803Mb L: 690/3853 MS: 4 ChangeBinInt-ChangeASCIIInt-ChangeBit-EraseBytes-
#1634820	REDUCE cov: 583 ft: 2886 corp: 775/137Kb lim: 4096 exec/s: 11512 rss: 803Mb L: 8/3853 MS: 1 EraseBytes-
#1637262	REDUCE cov: 583 ft: 2886 corp: 775/137Kb lim: 4096 exec/s: 11530 rss: 803Mb L: 231/3853 MS: 2 ChangeBit-EraseBytes-
#1640157	REDUCE cov: 583 ft: 2886 corp: 775/137Kb lim: 4096 exec/s: 11469 rss: 803Mb L: 1018/3853 MS: 5 ChangeASCIIInt-ChangeASCIIInt-ShuffleBytes-CopyPart-EraseBytes-
#1640698	REDUCE cov: 583 ft: 2886 corp: 775/137Kb lim: 4096 exec/s: 11473 rss: 803Mb L: 5/3853 MS: 1 EraseBytes-
#1643404	REDUCE cov: 583 ft: 2886 corp: 775/137Kb lim: 4096 exec/s: 11492 rss: 803Mb L: 10/3853 MS: 1 EraseBytes-
#1645600	REDUCE cov: 583 ft: 2886 corp: 775/137Kb lim: 4096 exec/s: 11507 rss: 803Mb L: 153/3853 MS: 1 EraseBytes-
#1647708	REDUCE cov: 583 ft: 2886 corp: 775/137Kb lim: 4096 exec/s: 11522 rss: 803Mb L: 9/3853 MS: 3 InsertByte-ChangeBinInt-EraseBytes-
#1648059	REDUCE cov: 583 ft: 2886 corp: 775/137Kb lim: 4096 exec/s: 11524 rss: 803Mb L: 4/3853 MS: 1 EraseBytes-
#1649088	REDUCE cov: 583 ft: 2886 corp: 775/137Kb lim: 4096 exec/s: 11452 rss: 803Mb L: 2013/3853 MS: 4 EraseBytes-PersAutoDict-CrossOver-CopyPart- DE: " \000"-
#1649187	REDUCE cov: 583 ft: 2886 corp: 775/137Kb lim: 4096 exec/s: 11452 rss: 803Mb L: 22/3853 MS: 4 ChangeBit-ShuffleBytes-ChangeBit-EraseBytes-
#1649790	REDUCE cov: 583 ft: 2886 corp: 775/137Kb lim: 4096 exec/s: 11456 rss: 803Mb L: 48/3853 MS: 3 CrossOver-ChangeBit-EraseBytes-
#1650201	REDUCE cov: 583 ft: 2886 corp: 775/137Kb lim: 4096 exec/s: 11459 rss: 803Mb L: 49/3853 MS: 1 EraseBytes-
#1650357	REDUCE cov: 583 ft: 2886 corp: 775/137Kb lim: 4096 exec/s: 11460 rss: 803Mb L: 14/3853 MS: 1 EraseBytes-
#1650633	REDUCE cov: 583 ft: 2886 corp: 775/137Kb lim: 4096 exec/s: 11462 rss: 803Mb L: 32/3853 MS: 1 EraseBytes-
#1652422	REDUCE cov: 583 ft: 2886 corp: 775/137Kb lim: 4096 exec/s: 11475 rss: 803Mb L: 830/3853 MS: 4 CMP-ChangeByte-EraseBytes-ChangeByte- DE: "\000\000\000\000\000\000\000\003"-
#1652633	REDUCE cov: 583 ft: 2886 corp: 775/137Kb lim: 4096 exec/s: 11476 rss: 803Mb L: 11/3853 MS: 1 EraseBytes-
#1654169	REDUCE cov: 583 ft: 2886 corp: 775/137Kb lim: 4096 exec/s: 11487 rss: 803Mb L: 748/3853 MS: 1 EraseBytes-
#1656465	REDUCE cov: 583 ft: 2886 corp: 775/137Kb lim: 4096 exec/s: 11503 rss: 803Mb L: 21/3853 MS: 1 EraseBytes-
#1657361	REDUCE cov: 583 ft: 2886 corp: 775/137Kb lim: 4096 exec/s: 11430 rss: 803Mb L: 19/3853 MS: 1 EraseBytes-
#1658398	REDUCE cov: 583 ft: 2886 corp: 775/137Kb lim: 4096 exec/s: 11437 rss: 803Mb L: 21/3853 MS: 2 CopyPart-EraseBytes-
#1659318	REDUCE cov: 583 ft: 2886 corp: 775/137Kb lim: 4096 exec/s: 11443 rss: 803Mb L: 412/3853 MS: 5 CrossOver-ChangeASCIIInt-ChangeASCIIInt-ChangeASCIIInt-EraseBytes-
#1659344	REDUCE cov: 583 ft: 2886 corp: 775/137Kb lim: 4096 exec/s: 11443 rss: 803Mb L: 180/3853 MS: 1 EraseBytes-
#1660826	REDUCE cov: 583 ft: 2886 corp: 775/137Kb lim: 4096 exec/s: 11453 rss: 803Mb L: 119/3853 MS: 2 ChangeBit-EraseBytes-
#1661552	REDUCE cov: 583 ft: 2888 corp: 776/137Kb lim: 4096 exec/s: 11458 rss: 803Mb L: 26/3853 MS: 1 CopyPart-
#1662344	REDUCE cov: 583 ft: 2888 corp: 776/137Kb lim: 4096 exec/s: 11464 rss: 803Mb L: 230/3853 MS: 2 EraseBytes-CopyPart-
#1663851	REDUCE cov: 583 ft: 2888 corp: 776/137Kb lim: 4096 exec/s: 11474 rss: 803Mb L: 250/3853 MS: 2 ChangeBinInt-EraseBytes-
#1663997	REDUCE cov: 583 ft: 2888 corp: 776/137Kb lim: 4096 exec/s: 11475 rss: 803Mb L: 16/3853 MS: 1 EraseBytes-
#1664263	REDUCE cov: 583 ft: 2888 corp: 776/137Kb lim: 4096 exec/s: 11477 rss: 803Mb L: 394/3853 MS: 1 EraseBytes-
#1665890	REDUCE cov: 583 ft: 2888 corp: 776/137Kb lim: 4096 exec/s: 11410 rss: 803Mb L: 77/3853 MS: 2 ChangeBit-EraseBytes-
#1666261	REDUCE cov: 583 ft: 2888 corp: 776/137Kb lim: 4096 exec/s: 11412 rss: 803Mb L: 33/3853 MS: 1 EraseBytes-
#1668137	REDUCE cov: 583 ft: 2888 corp: 776/137Kb lim: 4096 exec/s: 11425 rss: 803Mb L: 51/3853 MS: 1 EraseBytes-
#1670024	REDUCE cov: 583 ft: 2888 corp: 776/137Kb lim: 4096 exec/s: 11438 rss: 803Mb L: 592/3853 MS: 2 CMP-EraseBytes- DE: "\000\000\000\010"-
#1672027	REDUCE cov: 583 ft: 2888 corp: 776/137Kb lim: 4096 exec/s: 11452 rss: 803Mb L: 186/3853 MS: 3 ShuffleBytes-CrossOver-EraseBytes-
#1672096	REDUCE cov: 583 ft: 2888 corp: 776/136Kb lim: 4096 exec/s: 11452 rss: 803Mb L: 102/3853 MS: 4 EraseBytes-ShuffleBytes-EraseBytes-CopyPart-
#1673072	REDUCE cov: 583 ft: 2888 corp: 776/136Kb lim: 4096 exec/s: 11459 rss: 803Mb L: 130/3853 MS: 1 EraseBytes-
#1673328	REDUCE cov: 583 ft: 2888 corp: 776/136Kb lim: 4096 exec/s: 11461 rss: 803Mb L: 6/3853 MS: 1 EraseBytes-
#1674684	REDUCE cov: 583 ft: 2888 corp: 776/136Kb lim: 4096 exec/s: 11392 rss: 803Mb L: 345/3853 MS: 1 EraseBytes-
#1677866	REDUCE cov: 583 ft: 2888 corp: 776/136Kb lim: 4096 exec/s: 11414 rss: 803Mb L: 13/3853 MS: 2 ChangeByte-EraseBytes-
#1678256	REDUCE cov: 583 ft: 2888 corp: 776/136Kb lim: 4096 exec/s: 11416 rss: 803Mb L: 67/3853 MS: 5 ChangeASCIIInt-ChangeByte-CopyPart-InsertByte-EraseBytes-
#1679167	REDUCE cov: 583 ft: 2888 corp: 776/136Kb lim: 4096 exec/s: 11422 rss: 803Mb L: 18/3853 MS: 1 EraseBytes-
#1679578	REDUCE cov: 583 ft: 2888 corp: 776/136Kb lim: 4096 exec/s: 11425 rss: 803Mb L: 20/3853 MS: 1 EraseBytes-
#1681239	REDUCE cov: 583 ft: 2888 corp: 776/136Kb lim: 4096 exec/s: 11359 rss: 803Mb L: 21/3853 MS: 1 EraseBytes-
#1682935	REDUCE cov: 583 ft: 2888 corp: 776/136Kb lim: 4096 exec/s: 11371 rss: 803Mb L: 10/3853 MS: 1 EraseBytes-
#1683968	REDUCE cov: 583 ft: 2888 corp: 776/136Kb lim: 4096 exec/s: 11378 rss: 803Mb L: 104/3853 MS: 3 EraseBytes-ShuffleBytes-CopyPart-
#1684454	REDUCE cov: 583 ft: 2888 corp: 776/136Kb lim: 4096 exec/s: 11381 rss: 803Mb L: 21/3853 MS: 1 EraseBytes-
#1687320	REDUCE cov: 583 ft: 2888 corp: 776/136Kb lim: 4096 exec/s: 11400 rss: 803Mb L: 963/3853 MS: 1 EraseBytes-
#1687611	REDUCE cov: 583 ft: 2888 corp: 776/136Kb lim: 4096 exec/s: 11402 rss: 803Mb L: 848/3853 MS: 1 EraseBytes-
#1689461	REDUCE cov: 583 ft: 2888 corp: 776/136Kb lim: 4096 exec/s: 11338 rss: 803Mb L: 50/3853 MS: 5 ChangeBit-CMP-InsertByte-PersAutoDict-EraseBytes- DE: ")\000"-"\031\000"-
#1690022	REDUCE cov: 583 ft: 2888 corp: 776/136Kb lim: 4096 exec/s: 11342 rss: 803Mb L: 90/3853 MS: 1 EraseBytes-
#1692558	REDUCE cov: 583 ft: 2888 corp: 776/136Kb lim: 4096 exec/s: 11359 rss: 803Mb L: 446/3853 MS: 1 EraseBytes-
#1692744	REDUCE cov: 583 ft: 2888 corp: 776/136Kb lim: 4096 exec/s: 11360 rss: 803Mb L: 111/3853 MS: 1 EraseBytes-
#1693615	REDUCE cov: 583 ft: 2888 corp: 776/136Kb lim: 4096 exec/s: 11366 rss: 803Mb L: 7/3853 MS: 1 EraseBytes-
#1694127	REDUCE cov: 583 ft: 2888 corp: 776/136Kb lim: 4096 exec/s: 11369 rss: 803Mb L: 24/3853 MS: 2 ShuffleBytes-EraseBytes-
#1694644	REDUCE cov: 583 ft: 2888 corp: 776/136Kb lim: 4096 exec/s: 11373 rss: 803Mb L: 614/3853 MS: 2 ChangeByte-EraseBytes-
#1694682	REDUCE cov: 583 ft: 2888 corp: 776/136Kb lim: 4096 exec/s: 11373 rss: 803Mb L: 307/3853 MS: 3 ChangeBit-ChangeBinInt-EraseBytes-
#1695936	REDUCE cov: 583 ft: 2888 corp: 776/136Kb lim: 4096 exec/s: 11382 rss: 803Mb L: 141/3853 MS: 4 ChangeASCIIInt-InsertByte-EraseBytes-InsertByte-
#1696236	REDUCE cov: 583 ft: 2888 corp: 776/136Kb lim: 4096 exec/s: 11384 rss: 803Mb L: 215/3853 MS: 5 ChangeBinInt-ChangeASCIIInt-EraseBytes-ChangeBit-PersAutoDict- DE: "\377\375"-
#1696762	REDUCE cov: 583 ft: 2888 corp: 776/136Kb lim: 4096 exec/s: 11387 rss: 803Mb L: 33/3853 MS: 1 EraseBytes-
#1697188	REDUCE cov: 583 ft: 2888 corp: 776/136Kb lim: 4096 exec/s: 11390 rss: 803Mb L: 294/3853 MS: 1 EraseBytes-
#1697309	REDUCE cov: 583 ft: 2888 corp: 776/136Kb lim: 4096 exec/s: 11391 rss: 803Mb L: 1511/3853 MS: 1 EraseBytes-
#1697460	REDUCE cov: 583 ft: 2888 corp: 776/136Kb lim: 4096 exec/s: 11392 rss: 803Mb L: 12/3853 MS: 1 EraseBytes-
#1698121	REDUCE cov: 583 ft: 2888 corp: 776/136Kb lim: 4096 exec/s: 11396 rss: 803Mb L: 102/3853 MS: 1 EraseBytes-
#1698132	REDUCE cov: 583 ft: 2888 corp: 776/136Kb lim: 4096 exec/s: 11396 rss: 803Mb L: 117/3853 MS: 1 EraseBytes-
#1698393	REDUCE cov: 583 ft: 2888 corp: 776/136Kb lim: 4096 exec/s: 11398 rss: 803Mb L: 45/3853 MS: 1 EraseBytes-
#1698398	REDUCE cov: 583 ft: 2888 corp: 776/136Kb lim: 4096 exec/s: 11322 rss: 803Mb L: 128/3853 MS: 5 ChangeBinInt-ChangeBit-ChangeBinInt-EraseBytes-CopyPart-
#1698749	REDUCE cov: 583 ft: 2888 corp: 776/136Kb lim: 4096 exec/s: 11324 rss: 803Mb L: 25/3853 MS: 1 EraseBytes-
#1700630	REDUCE cov: 583 ft: 2888 corp: 776/136Kb lim: 4096 exec/s: 11337 rss: 803Mb L: 97/3853 MS: 1 EraseBytes-
#1701143	REDUCE cov: 583 ft: 2888 corp: 776/136Kb lim: 4096 exec/s: 11340 rss: 803Mb L: 527/3853 MS: 3 CopyPart-CopyPart-EraseBytes-
#1701499	REDUCE cov: 583 ft: 2888 corp: 776/136Kb lim: 4096 exec/s: 11343 rss: 803Mb L: 21/3853 MS: 1 EraseBytes-
#1702476	REDUCE cov: 583 ft: 2888 corp: 776/136Kb lim: 4096 exec/s: 11349 rss: 803Mb L: 1309/3853 MS: 2 CMP-EraseBytes- DE: "\001\000\000\205"-
#1702477	REDUCE cov: 583 ft: 2888 corp: 776/136Kb lim: 4096 exec/s: 11349 rss: 803Mb L: 136/3853 MS: 1 EraseBytes-
#1704053	REDUCE cov: 583 ft: 2888 corp: 776/136Kb lim: 4096 exec/s: 11360 rss: 803Mb L: 376/3853 MS: 1 EraseBytes-
#1704534	REDUCE cov: 583 ft: 2888 corp: 776/136Kb lim: 4096 exec/s: 11363 rss: 803Mb L: 158/3853 MS: 1 EraseBytes-
#1705155	REDUCE cov: 583 ft: 2888 corp: 776/136Kb lim: 4096 exec/s: 11367 rss: 803Mb L: 47/3853 MS: 1 EraseBytes-
#1711287	REDUCE cov: 583 ft: 2888 corp: 776/136Kb lim: 4096 exec/s: 11333 rss: 803Mb L: 18/3853 MS: 2 CrossOver-EraseBytes-
#1712950	REDUCE cov: 583 ft: 2888 corp: 776/136Kb lim: 4096 exec/s: 11344 rss: 803Mb L: 31/3853 MS: 3 ChangeByte-ShuffleBytes-EraseBytes-
#1713673	REDUCE cov: 583 ft: 2888 corp: 776/136Kb lim: 4096 exec/s: 11348 rss: 803Mb L: 23/3853 MS: 3 InsertByte-ShuffleBytes-EraseBytes-
#1716590	REDUCE cov: 583 ft: 2888 corp: 776/136Kb lim: 4096 exec/s: 11293 rss: 803Mb L: 23/3853 MS: 2 CopyPart-EraseBytes-
#1718322	REDUCE cov: 583 ft: 2888 corp: 776/136Kb lim: 4096 exec/s: 11304 rss: 803Mb L: 840/3853 MS: 2 ChangeByte-EraseBytes-
#1718325	REDUCE cov: 583 ft: 2888 corp: 776/136Kb lim: 4096 exec/s: 11304 rss: 803Mb L: 488/3853 MS: 3 CMP-EraseBytes-CrossOver- DE: "'\000\000\000"-
#1718571	REDUCE cov: 583 ft: 2888 corp: 776/136Kb lim: 4096 exec/s: 11306 rss: 803Mb L: 214/3853 MS: 1 EraseBytes-
#1719772	REDUCE cov: 583 ft: 2888 corp: 776/136Kb lim: 4096 exec/s: 11314 rss: 803Mb L: 31/3853 MS: 1 EraseBytes-
#1720054	REDUCE cov: 583 ft: 2888 corp: 776/136Kb lim: 4096 exec/s: 11316 rss: 803Mb L: 18/3853 MS: 2 ShuffleBytes-EraseBytes-
#1720987	REDUCE cov: 583 ft: 2888 corp: 776/136Kb lim: 4096 exec/s: 11322 rss: 803Mb L: 670/3853 MS: 3 InsertByte-ChangeASCIIInt-EraseBytes-
#1721376	REDUCE cov: 583 ft: 2888 corp: 776/136Kb lim: 4096 exec/s: 11324 rss: 803Mb L: 218/3853 MS: 4 ShuffleBytes-ChangeByte-ShuffleBytes-EraseBytes-
#1721682	REDUCE cov: 583 ft: 2888 corp: 776/136Kb lim: 4096 exec/s: 11326 rss: 803Mb L: 17/3853 MS: 1 EraseBytes-
#1721891	REDUCE cov: 583 ft: 2888 corp: 776/136Kb lim: 4096 exec/s: 11328 rss: 803Mb L: 1988/3853 MS: 4 ChangeASCIIInt-CopyPart-EraseBytes-CopyPart-
#1723021	REDUCE cov: 583 ft: 2888 corp: 776/136Kb lim: 4096 exec/s: 11335 rss: 803Mb L: 3233/3853 MS: 5 CrossOver-ChangeByte-ChangeByte-PersAutoDict-EraseBytes- DE: "]\000"-
#1723372	REDUCE cov: 583 ft: 2888 corp: 776/136Kb lim: 4096 exec/s: 11337 rss: 803Mb L: 828/3853 MS: 1 EraseBytes-
#1723573	REDUCE cov: 583 ft: 2888 corp: 776/136Kb lim: 4096 exec/s: 11339 rss: 803Mb L: 15/3853 MS: 1 EraseBytes-
#1724029	REDUCE cov: 583 ft: 2888 corp: 776/136Kb lim: 4096 exec/s: 11342 rss: 803Mb L: 103/3853 MS: 1 EraseBytes-
#1724135	REDUCE cov: 583 ft: 2888 corp: 776/136Kb lim: 4096 exec/s: 11342 rss: 803Mb L: 26/3853 MS: 1 EraseBytes-
#1724601	REDUCE cov: 583 ft: 2888 corp: 776/136Kb lim: 4096 exec/s: 11271 rss: 803Mb L: 436/3853 MS: 1 EraseBytes-
#1724984	REDUCE cov: 583 ft: 2889 corp: 777/138Kb lim: 4096 exec/s: 11274 rss: 803Mb L: 1930/3853 MS: 3 CopyPart-CopyPart-CopyPart-
#1726400	REDUCE cov: 583 ft: 2889 corp: 777/138Kb lim: 4096 exec/s: 11283 rss: 803Mb L: 18/3853 MS: 1 EraseBytes-
#1729811	REDUCE cov: 583 ft: 2889 corp: 777/138Kb lim: 4096 exec/s: 11305 rss: 803Mb L: 422/3853 MS: 1 EraseBytes-
#1731388	REDUCE cov: 583 ft: 2889 corp: 777/138Kb lim: 4096 exec/s: 11316 rss: 803Mb L: 50/3853 MS: 2 ChangeASCIIInt-EraseBytes-
#1732125	REDUCE cov: 583 ft: 2889 corp: 777/138Kb lim: 4096 exec/s: 11321 rss: 803Mb L: 36/3853 MS: 2 CopyPart-EraseBytes-
#1732203	REDUCE cov: 583 ft: 2889 corp: 777/138Kb lim: 4096 exec/s: 11321 rss: 803Mb L: 153/3853 MS: 3 ChangeBinInt-PersAutoDict-EraseBytes- DE: "\000\000\000\000\000\000\000\017"-
#1732891	REDUCE cov: 583 ft: 2889 corp: 777/138Kb lim: 4096 exec/s: 11326 rss: 803Mb L: 1605/3853 MS: 3 PersAutoDict-InsertRepeatedBytes-EraseBytes- DE: "\001\000\000\000\000\000\000\200"-
#1733582	REDUCE cov: 583 ft: 2889 corp: 777/138Kb lim: 4096 exec/s: 11257 rss: 803Mb L: 43/3853 MS: 1 EraseBytes-
#1733801	REDUCE cov: 583 ft: 2889 corp: 777/138Kb lim: 4096 exec/s: 11258 rss: 803Mb L: 145/3853 MS: 4 InsertByte-ShuffleBytes-ShuffleBytes-EraseBytes-
#1734947	REDUCE cov: 583 ft: 2889 corp: 777/138Kb lim: 4096 exec/s: 11265 rss: 803Mb L: 33/3853 MS: 1 EraseBytes-
#1735441	REDUCE cov: 583 ft: 2889 corp: 777/138Kb lim: 4096 exec/s: 11269 rss: 803Mb L: 1984/3853 MS: 4 InsertRepeatedBytes-ChangeByte-EraseBytes-CopyPart-
#1735609	REDUCE cov: 583 ft: 2889 corp: 777/138Kb lim: 4096 exec/s: 11270 rss: 803Mb L: 368/3853 MS: 3 PersAutoDict-EraseBytes-CopyPart- DE: "\246\000"-
#1736950	REDUCE cov: 583 ft: 2889 corp: 777/137Kb lim: 4096 exec/s: 11278 rss: 803Mb L: 1466/3853 MS: 1 EraseBytes-
#1738216	REDUCE cov: 583 ft: 2889 corp: 777/137Kb lim: 4096 exec/s: 11287 rss: 803Mb L: 36/3853 MS: 1 EraseBytes-
#1738239	REDUCE cov: 583 ft: 2889 corp: 777/137Kb lim: 4096 exec/s: 11287 rss: 803Mb L: 114/3853 MS: 3 CopyPart-ChangeBit-EraseBytes-
#1738418	REDUCE cov: 583 ft: 2889 corp: 777/137Kb lim: 4096 exec/s: 11288 rss: 803Mb L: 60/3853 MS: 4 CopyPart-ChangeBinInt-ChangeBit-EraseBytes-
#1739134	REDUCE cov: 583 ft: 2889 corp: 777/137Kb lim: 4096 exec/s: 11293 rss: 803Mb L: 13/3853 MS: 1 EraseBytes-
#1739247	REDUCE cov: 583 ft: 2889 corp: 777/137Kb lim: 4096 exec/s: 11293 rss: 803Mb L: 19/3853 MS: 3 ChangeByte-EraseBytes-InsertByte-
#1742830	REDUCE cov: 583 ft: 2889 corp: 777/137Kb lim: 4096 exec/s: 11244 rss: 803Mb L: 722/3853 MS: 3 InsertByte-ChangeByte-EraseBytes-
#1743871	REDUCE cov: 583 ft: 2889 corp: 777/137Kb lim: 4096 exec/s: 11250 rss: 803Mb L: 3054/3853 MS: 1 EraseBytes-
#1744022	REDUCE cov: 583 ft: 2889 corp: 777/137Kb lim: 4096 exec/s: 11251 rss: 803Mb L: 26/3853 MS: 1 EraseBytes-
#1745173	REDUCE cov: 583 ft: 2889 corp: 777/137Kb lim: 4096 exec/s: 11259 rss: 803Mb L: 131/3853 MS: 1 EraseBytes-
#1745404	REDUCE cov: 583 ft: 2889 corp: 777/137Kb lim: 4096 exec/s: 11260 rss: 803Mb L: 46/3853 MS: 1 EraseBytes-
#1745720	REDUCE cov: 583 ft: 2889 corp: 777/137Kb lim: 4096 exec/s: 11262 rss: 803Mb L: 819/3853 MS: 1 EraseBytes-
#1746046	REDUCE cov: 583 ft: 2889 corp: 777/137Kb lim: 4096 exec/s: 11264 rss: 803Mb L: 142/3853 MS: 1 EraseBytes-
#1746992	REDUCE cov: 583 ft: 2889 corp: 777/137Kb lim: 4096 exec/s: 11270 rss: 803Mb L: 70/3853 MS: 1 EraseBytes-
#1749973	REDUCE cov: 583 ft: 2889 corp: 777/137Kb lim: 4096 exec/s: 11217 rss: 803Mb L: 12/3853 MS: 1 EraseBytes-
#1750217	REDUCE cov: 583 ft: 2889 corp: 777/137Kb lim: 4096 exec/s: 11219 rss: 803Mb L: 331/3853 MS: 4 PersAutoDict-CopyPart-CrossOver-EraseBytes- DE: "!\000"-
#1751148	REDUCE cov: 583 ft: 2889 corp: 777/137Kb lim: 4096 exec/s: 11225 rss: 803Mb L: 223/3853 MS: 1 EraseBytes-
#1751259	REDUCE cov: 583 ft: 2889 corp: 777/137Kb lim: 4096 exec/s: 11226 rss: 803Mb L: 137/3853 MS: 1 EraseBytes-
#1751285	REDUCE cov: 583 ft: 2889 corp: 777/137Kb lim: 4096 exec/s: 11226 rss: 803Mb L: 32/3853 MS: 1 EraseBytes-
#1751428	REDUCE cov: 583 ft: 2889 corp: 777/137Kb lim: 4096 exec/s: 11227 rss: 803Mb L: 24/3853 MS: 3 ChangeByte-ChangeBinInt-EraseBytes-
#1751790	REDUCE cov: 583 ft: 2889 corp: 777/137Kb lim: 4096 exec/s: 11229 rss: 803Mb L: 194/3853 MS: 2 PersAutoDict-EraseBytes- DE: "\377\374"-
#1753092	REDUCE cov: 583 ft: 2889 corp: 777/137Kb lim: 4096 exec/s: 11237 rss: 803Mb L: 768/3853 MS: 2 ChangeASCIIInt-EraseBytes-
#1755638	REDUCE cov: 583 ft: 2889 corp: 777/137Kb lim: 4096 exec/s: 11254 rss: 803Mb L: 139/3853 MS: 1 EraseBytes-
#1757290	REDUCE cov: 583 ft: 2889 corp: 777/137Kb lim: 4096 exec/s: 11264 rss: 803Mb L: 170/3853 MS: 2 ChangeByte-EraseBytes-
#1757741	REDUCE cov: 583 ft: 2889 corp: 777/137Kb lim: 4096 exec/s: 11195 rss: 803Mb L: 8/3853 MS: 1 EraseBytes-
#1758503	REDUCE cov: 583 ft: 2889 corp: 777/137Kb lim: 4096 exec/s: 11200 rss: 803Mb L: 24/3853 MS: 2 ChangeBinInt-EraseBytes-
#1758711	REDUCE cov: 583 ft: 2889 corp: 777/137Kb lim: 4096 exec/s: 11201 rss: 803Mb L: 14/3853 MS: 3 ChangeByte-ChangeByte-EraseBytes-
#1761715	REDUCE cov: 583 ft: 2889 corp: 777/137Kb lim: 4096 exec/s: 11221 rss: 803Mb L: 151/3853 MS: 4 ChangeBit-ChangeByte-InsertRepeatedBytes-EraseBytes-
#1762899	REDUCE cov: 583 ft: 2889 corp: 777/137Kb lim: 4096 exec/s: 11228 rss: 803Mb L: 108/3853 MS: 4 CopyPart-ChangeASCIIInt-ChangeByte-EraseBytes-
#1762950	REDUCE cov: 583 ft: 2889 corp: 777/137Kb lim: 4096 exec/s: 11228 rss: 803Mb L: 19/3853 MS: 1 EraseBytes-
#1764493	REDUCE cov: 583 ft: 2889 corp: 777/137Kb lim: 4096 exec/s: 11238 rss: 803Mb L: 30/3853 MS: 3 ChangeBinInt-EraseBytes-CopyPart-
#1764869	REDUCE cov: 583 ft: 2889 corp: 777/137Kb lim: 4096 exec/s: 11241 rss: 803Mb L: 31/3853 MS: 1 EraseBytes-
#1768721	REDUCE cov: 583 ft: 2889 corp: 777/137Kb lim: 4096 exec/s: 11194 rss: 803Mb L: 574/3853 MS: 2 PersAutoDict-EraseBytes- DE: "\377\242"-
#1769892	REDUCE cov: 583 ft: 2889 corp: 777/137Kb lim: 4096 exec/s: 11201 rss: 803Mb L: 343/3853 MS: 1 EraseBytes-
#1772486	REDUCE cov: 583 ft: 2889 corp: 777/137Kb lim: 4096 exec/s: 11218 rss: 803Mb L: 657/3853 MS: 4 InsertRepeatedBytes-InsertByte-CrossOver-EraseBytes-
#1772512	REDUCE cov: 583 ft: 2889 corp: 777/137Kb lim: 4096 exec/s: 11218 rss: 803Mb L: 73/3853 MS: 1 EraseBytes-
#1774784	REDUCE cov: 583 ft: 2889 corp: 777/137Kb lim: 4096 exec/s: 11232 rss: 803Mb L: 15/3853 MS: 2 ChangeBit-EraseBytes-
#1777012	REDUCE cov: 583 ft: 2889 corp: 777/137Kb lim: 4096 exec/s: 11176 rss: 803Mb L: 16/3853 MS: 3 CopyPart-CrossOver-EraseBytes-
#1778059	REDUCE cov: 583 ft: 2889 corp: 777/137Kb lim: 4096 exec/s: 11182 rss: 803Mb L: 642/3853 MS: 2 ShuffleBytes-EraseBytes-
#1778781	REDUCE cov: 583 ft: 2889 corp: 777/137Kb lim: 4096 exec/s: 11187 rss: 803Mb L: 39/3853 MS: 2 CopyPart-EraseBytes-
#1778937	REDUCE cov: 583 ft: 2889 corp: 777/137Kb lim: 4096 exec/s: 11188 rss: 803Mb L: 442/3853 MS: 1 EraseBytes-
#1779928	REDUCE cov: 583 ft: 2889 corp: 777/137Kb lim: 4096 exec/s: 11194 rss: 803Mb L: 397/3853 MS: 1 EraseBytes-
#1781946	REDUCE cov: 583 ft: 2889 corp: 777/137Kb lim: 4096 exec/s: 11207 rss: 803Mb L: 480/3853 MS: 3 CrossOver-ShuffleBytes-EraseBytes-
#1782822	REDUCE cov: 583 ft: 2889 corp: 777/137Kb lim: 4096 exec/s: 11212 rss: 803Mb L: 82/3853 MS: 1 EraseBytes-
#1783133	REDUCE cov: 583 ft: 2889 corp: 777/137Kb lim: 4096 exec/s: 11214 rss: 803Mb L: 11/3853 MS: 1 EraseBytes-
#1783779	REDUCE cov: 583 ft: 2889 corp: 777/137Kb lim: 4096 exec/s: 11218 rss: 803Mb L: 79/3853 MS: 1 EraseBytes-
#1784050	REDUCE cov: 583 ft: 2889 corp: 777/137Kb lim: 4096 exec/s: 11220 rss: 803Mb L: 53/3853 MS: 1 EraseBytes-
#1784161	REDUCE cov: 583 ft: 2889 corp: 777/137Kb lim: 4096 exec/s: 11221 rss: 803Mb L: 7/3853 MS: 1 EraseBytes-
#1785115	REDUCE cov: 583 ft: 2889 corp: 777/137Kb lim: 4096 exec/s: 11156 rss: 803Mb L: 291/3853 MS: 4 CopyPart-ChangeBit-EraseBytes-InsertByte-
#1787456	REDUCE cov: 583 ft: 2889 corp: 777/137Kb lim: 4096 exec/s: 11171 rss: 803Mb L: 28/3853 MS: 1 EraseBytes-
#1788122	REDUCE cov: 583 ft: 2889 corp: 777/137Kb lim: 4096 exec/s: 11175 rss: 803Mb L: 15/3853 MS: 1 EraseBytes-
#1788823	REDUCE cov: 583 ft: 2889 corp: 777/137Kb lim: 4096 exec/s: 11180 rss: 803Mb L: 18/3853 MS: 1 EraseBytes-
#1789170	REDUCE cov: 583 ft: 2889 corp: 777/137Kb lim: 4096 exec/s: 11182 rss: 803Mb L: 22/3853 MS: 2 ChangeASCIIInt-EraseBytes-
#1790789	REDUCE cov: 583 ft: 2889 corp: 777/137Kb lim: 4096 exec/s: 11192 rss: 803Mb L: 9/3853 MS: 4 EraseBytes-CopyPart-EraseBytes-ChangeBit-
#1790909	REDUCE cov: 583 ft: 2889 corp: 777/137Kb lim: 4096 exec/s: 11193 rss: 803Mb L: 46/3853 MS: 5 ChangeBinInt-CopyPart-ChangeASCIIInt-InsertByte-EraseBytes-
#1792334	REDUCE cov: 583 ft: 2889 corp: 777/137Kb lim: 4096 exec/s: 11202 rss: 803Mb L: 382/3853 MS: 5 InsertByte-ChangeBit-EraseBytes-ChangeASCIIInt-CopyPart-
#1792537	REDUCE cov: 583 ft: 2889 corp: 777/137Kb lim: 4096 exec/s: 11203 rss: 803Mb L: 187/3853 MS: 3 CopyPart-CopyPart-EraseBytes-
#1793273	REDUCE cov: 583 ft: 2889 corp: 777/137Kb lim: 4096 exec/s: 11207 rss: 803Mb L: 100/3853 MS: 1 EraseBytes-
#1795746	REDUCE cov: 583 ft: 2889 corp: 777/137Kb lim: 4096 exec/s: 11153 rss: 803Mb L: 370/3853 MS: 3 InsertByte-ChangeByte-EraseBytes-
#1796187	REDUCE cov: 583 ft: 2889 corp: 777/137Kb lim: 4096 exec/s: 11156 rss: 803Mb L: 22/3853 MS: 1 EraseBytes-
#1796806	REDUCE cov: 583 ft: 2889 corp: 777/137Kb lim: 4096 exec/s: 11160 rss: 803Mb L: 3/3853 MS: 4 ChangeBit-CopyPart-EraseBytes-EraseBytes-
#1797068	REDUCE cov: 583 ft: 2889 corp: 777/137Kb lim: 4096 exec/s: 11161 rss: 803Mb L: 23/3853 MS: 2 EraseBytes-CopyPart-
#1797210	REDUCE cov: 583 ft: 2889 corp: 777/137Kb lim: 4096 exec/s: 11162 rss: 803Mb L: 22/3853 MS: 2 ChangeBinInt-EraseBytes-
#1797361	REDUCE cov: 583 ft: 2889 corp: 777/137Kb lim: 4096 exec/s: 11163 rss: 803Mb L: 183/3853 MS: 1 EraseBytes-
#1797690	REDUCE cov: 583 ft: 2889 corp: 777/137Kb lim: 4096 exec/s: 11165 rss: 803Mb L: 186/3853 MS: 4 InsertByte-ChangeBit-ShuffleBytes-EraseBytes-
#1798027	REDUCE cov: 583 ft: 2889 corp: 777/137Kb lim: 4096 exec/s: 11167 rss: 803Mb L: 331/3853 MS: 2 ShuffleBytes-EraseBytes-
#1799628	REDUCE cov: 583 ft: 2889 corp: 777/137Kb lim: 4096 exec/s: 11177 rss: 803Mb L: 531/3853 MS: 1 EraseBytes-
#1799814	REDUCE cov: 583 ft: 2889 corp: 777/137Kb lim: 4096 exec/s: 11178 rss: 803Mb L: 61/3853 MS: 1 EraseBytes-
#1800095	REDUCE cov: 583 ft: 2889 corp: 777/137Kb lim: 4096 exec/s: 11180 rss: 803Mb L: 334/3853 MS: 1 EraseBytes-
#1800192	REDUCE cov: 583 ft: 2889 corp: 777/137Kb lim: 4096 exec/s: 11181 rss: 803Mb L: 25/3853 MS: 2 PersAutoDict-EraseBytes- DE: "\377\377"-
#1801808	REDUCE cov: 583 ft: 2889 corp: 777/137Kb lim: 4096 exec/s: 11191 rss: 803Mb L: 11/3853 MS: 1 EraseBytes-
#1803850	REDUCE cov: 583 ft: 2889 corp: 777/137Kb lim: 4096 exec/s: 11134 rss: 803Mb L: 87/3853 MS: 2 CMP-EraseBytes- DE: "\377\031"-
#1805291	REDUCE cov: 583 ft: 2889 corp: 777/137Kb lim: 4096 exec/s: 11143 rss: 803Mb L: 17/3853 MS: 1 EraseBytes-
#1805597	REDUCE cov: 583 ft: 2889 corp: 777/137Kb lim: 4096 exec/s: 11145 rss: 803Mb L: 194/3853 MS: 1 EraseBytes-
#1810273	REDUCE cov: 583 ft: 2889 corp: 777/137Kb lim: 4096 exec/s: 11174 rss: 803Mb L: 319/3853 MS: 1 EraseBytes-
#1811449	REDUCE cov: 583 ft: 2889 corp: 777/137Kb lim: 4096 exec/s: 11181 rss: 803Mb L: 46/3853 MS: 1 EraseBytes-
#1811630	REDUCE cov: 583 ft: 2889 corp: 777/137Kb lim: 4096 exec/s: 11182 rss: 803Mb L: 195/3853 MS: 1 EraseBytes-
#1812117	REDUCE cov: 583 ft: 2889 corp: 777/137Kb lim: 4096 exec/s: 11117 rss: 803Mb L: 13/3853 MS: 2 ChangeBit-EraseBytes-
#1813908	REDUCE cov: 583 ft: 2889 corp: 777/137Kb lim: 4096 exec/s: 11128 rss: 803Mb L: 138/3853 MS: 1 EraseBytes-
#1814340	REDUCE cov: 583 ft: 2889 corp: 777/137Kb lim: 4096 exec/s: 11130 rss: 803Mb L: 16/3853 MS: 2 ChangeASCIIInt-EraseBytes-
#1815853	REDUCE cov: 583 ft: 2889 corp: 777/137Kb lim: 4096 exec/s: 11140 rss: 803Mb L: 15/3853 MS: 3 ChangeBinInt-CrossOver-EraseBytes-
#1816070	REDUCE cov: 583 ft: 2889 corp: 777/137Kb lim: 4096 exec/s: 11141 rss: 803Mb L: 6/3853 MS: 2 EraseBytes-InsertByte-
#1817231	REDUCE cov: 583 ft: 2889 corp: 777/137Kb lim: 4096 exec/s: 11148 rss: 803Mb L: 44/3853 MS: 1 EraseBytes-
#1818713	REDUCE cov: 583 ft: 2889 corp: 777/137Kb lim: 4096 exec/s: 11157 rss: 803Mb L: 21/3853 MS: 2 InsertByte-EraseBytes-
#1819094	REDUCE cov: 583 ft: 2889 corp: 777/137Kb lim: 4096 exec/s: 11160 rss: 803Mb L: 43/3853 MS: 1 EraseBytes-
#1820068	REDUCE cov: 583 ft: 2889 corp: 777/137Kb lim: 4096 exec/s: 11166 rss: 803Mb L: 974/3853 MS: 4 CopyPart-EraseBytes-ChangeBit-CopyPart-
#1820539	REDUCE cov: 583 ft: 2889 corp: 777/137Kb lim: 4096 exec/s: 11168 rss: 803Mb L: 365/3853 MS: 1 EraseBytes-
#1821245	REDUCE cov: 583 ft: 2889 corp: 777/137Kb lim: 4096 exec/s: 11105 rss: 803Mb L: 1416/3853 MS: 1 EraseBytes-
#1821381	REDUCE cov: 583 ft: 2889 corp: 777/137Kb lim: 4096 exec/s: 11105 rss: 803Mb L: 18/3853 MS: 1 EraseBytes-
#1822270	REDUCE cov: 583 ft: 2889 corp: 777/137Kb lim: 4096 exec/s: 11111 rss: 803Mb L: 46/3853 MS: 4 CopyPart-ChangeBinInt-ChangeBit-EraseBytes-
#1822271	REDUCE cov: 583 ft: 2889 corp: 777/137Kb lim: 4096 exec/s: 11111 rss: 803Mb L: 1258/3853 MS: 1 EraseBytes-
#1824002	REDUCE cov: 583 ft: 2889 corp: 777/137Kb lim: 4096 exec/s: 11121 rss: 803Mb L: 90/3853 MS: 1 EraseBytes-
#1824953	REDUCE cov: 583 ft: 2889 corp: 777/137Kb lim: 4096 exec/s: 11127 rss: 803Mb L: 9/3853 MS: 1 EraseBytes-
#1824969	REDUCE cov: 583 ft: 2889 corp: 777/137Kb lim: 4096 exec/s: 11127 rss: 803Mb L: 9/3853 MS: 1 EraseBytes-
#1824981	REDUCE cov: 583 ft: 2889 corp: 777/137Kb lim: 4096 exec/s: 11127 rss: 803Mb L: 35/3853 MS: 2 CrossOver-EraseBytes-
#1825612	REDUCE cov: 583 ft: 2889 corp: 777/137Kb lim: 4096 exec/s: 11131 rss: 803Mb L: 34/3853 MS: 1 EraseBytes-
#1826483	REDUCE cov: 583 ft: 2889 corp: 777/137Kb lim: 4096 exec/s: 11137 rss: 803Mb L: 468/3853 MS: 1 EraseBytes-
#1826934	REDUCE cov: 583 ft: 2889 corp: 777/137Kb lim: 4096 exec/s: 11139 rss: 804Mb L: 30/3853 MS: 1 EraseBytes-
#1827320	REDUCE cov: 583 ft: 2889 corp: 777/137Kb lim: 4096 exec/s: 11142 rss: 804Mb L: 8/3853 MS: 1 EraseBytes-
#1827601	REDUCE cov: 583 ft: 2889 corp: 777/137Kb lim: 4096 exec/s: 11143 rss: 804Mb L: 89/3853 MS: 1 EraseBytes-
#1828983	REDUCE cov: 583 ft: 2889 corp: 777/137Kb lim: 4096 exec/s: 11152 rss: 804Mb L: 691/3853 MS: 2 ShuffleBytes-EraseBytes-
#1829176	REDUCE cov: 583 ft: 2889 corp: 777/137Kb lim: 4096 exec/s: 11153 rss: 804Mb L: 20/3853 MS: 3 ShuffleBytes-CopyPart-EraseBytes-
#1829862	REDUCE cov: 583 ft: 2889 corp: 777/137Kb lim: 4096 exec/s: 11157 rss: 804Mb L: 861/3853 MS: 1 EraseBytes-
#1831288	REDUCE cov: 583 ft: 2889 corp: 777/137Kb lim: 4096 exec/s: 11098 rss: 804Mb L: 649/3853 MS: 1 EraseBytes-
#1831440	REDUCE cov: 583 ft: 2889 corp: 777/137Kb lim: 4096 exec/s: 11099 rss: 804Mb L: 36/3853 MS: 2 EraseBytes-ChangeByte-
#1831447	REDUCE cov: 583 ft: 2889 corp: 777/137Kb lim: 4096 exec/s: 11099 rss: 804Mb L: 400/3853 MS: 2 ShuffleBytes-EraseBytes-
#1831858	REDUCE cov: 583 ft: 2889 corp: 777/137Kb lim: 4096 exec/s: 11102 rss: 804Mb L: 103/3853 MS: 1 EraseBytes-
#1835050	REDUCE cov: 583 ft: 2889 corp: 777/137Kb lim: 4096 exec/s: 11121 rss: 804Mb L: 1061/3853 MS: 2 CrossOver-EraseBytes-
#1836326	REDUCE cov: 583 ft: 2889 corp: 777/137Kb lim: 4096 exec/s: 11129 rss: 804Mb L: 17/3853 MS: 1 EraseBytes-
#1838197	REDUCE cov: 583 ft: 2889 corp: 777/137Kb lim: 4096 exec/s: 11140 rss: 804Mb L: 16/3853 MS: 1 EraseBytes-
#1841091	REDUCE cov: 583 ft: 2889 corp: 777/137Kb lim: 4096 exec/s: 11090 rss: 804Mb L: 11/3853 MS: 4 ChangeBinInt-EraseBytes-ChangeBit-ChangeBinInt-
#1841437	REDUCE cov: 583 ft: 2889 corp: 777/137Kb lim: 4096 exec/s: 11092 rss: 804Mb L: 34/3853 MS: 1 EraseBytes-
#1843163	REDUCE cov: 583 ft: 2889 corp: 777/137Kb lim: 4096 exec/s: 11103 rss: 804Mb L: 99/3853 MS: 1 EraseBytes-
#1847424	REDUCE cov: 583 ft: 2889 corp: 777/137Kb lim: 4096 exec/s: 11129 rss: 804Mb L: 3086/3853 MS: 1 EraseBytes-
#1849025	REDUCE cov: 583 ft: 2889 corp: 777/137Kb lim: 4096 exec/s: 11138 rss: 804Mb L: 341/3853 MS: 1 EraseBytes-
#1849934	REDUCE cov: 583 ft: 2889 corp: 777/137Kb lim: 4096 exec/s: 11077 rss: 804Mb L: 438/3853 MS: 4 CMP-InsertRepeatedBytes-ChangeBinInt-EraseBytes- DE: "\003\000\000\000\000\000\000\200"-
#1850340	REDUCE cov: 583 ft: 2889 corp: 777/137Kb lim: 4096 exec/s: 11079 rss: 804Mb L: 143/3853 MS: 1 EraseBytes-
#1851432	REDUCE cov: 583 ft: 2889 corp: 777/137Kb lim: 4096 exec/s: 11086 rss: 804Mb L: 22/3853 MS: 2 ChangeBit-EraseBytes-
#1852033	REDUCE cov: 583 ft: 2889 corp: 777/137Kb lim: 4096 exec/s: 11090 rss: 804Mb L: 216/3853 MS: 1 EraseBytes-
#1852406	REDUCE cov: 583 ft: 2889 corp: 777/137Kb lim: 4096 exec/s: 11092 rss: 804Mb L: 670/3853 MS: 3 ChangeBit-ChangeBinInt-EraseBytes-
#1852489	REDUCE cov: 583 ft: 2889 corp: 777/137Kb lim: 4096 exec/s: 11092 rss: 804Mb L: 42/3853 MS: 3 EraseBytes-ChangeASCIIInt-ChangeBinInt-
#1852748	REDUCE cov: 583 ft: 2889 corp: 777/137Kb lim: 4096 exec/s: 11094 rss: 804Mb L: 305/3853 MS: 4 CopyPart-CrossOver-ChangeBit-EraseBytes-
#1853334	REDUCE cov: 583 ft: 2889 corp: 777/137Kb lim: 4096 exec/s: 11097 rss: 804Mb L: 174/3853 MS: 1 EraseBytes-
#1855885	REDUCE cov: 583 ft: 2889 corp: 777/137Kb lim: 4096 exec/s: 11113 rss: 804Mb L: 13/3853 MS: 1 EraseBytes-
#1856582	REDUCE cov: 583 ft: 2889 corp: 777/137Kb lim: 4096 exec/s: 11117 rss: 804Mb L: 11/3853 MS: 2 ChangeByte-EraseBytes-
#1856693	REDUCE cov: 583 ft: 2889 corp: 777/137Kb lim: 4096 exec/s: 11117 rss: 804Mb L: 5/3853 MS: 1 EraseBytes-
#1856719	REDUCE cov: 583 ft: 2889 corp: 777/137Kb lim: 4096 exec/s: 11118 rss: 804Mb L: 40/3853 MS: 1 EraseBytes-
#1858314	REDUCE cov: 583 ft: 2889 corp: 777/137Kb lim: 4096 exec/s: 11127 rss: 804Mb L: 686/3853 MS: 5 InsertByte-EraseBytes-ChangeBit-ChangeByte-ChangeBinInt-
#1858953	REDUCE cov: 583 ft: 2889 corp: 777/137Kb lim: 4096 exec/s: 11131 rss: 804Mb L: 94/3853 MS: 4 InsertByte-EraseBytes-ShuffleBytes-EraseBytes-
#1859134	REDUCE cov: 583 ft: 2889 corp: 777/137Kb lim: 4096 exec/s: 11132 rss: 804Mb L: 11/3853 MS: 1 EraseBytes-
#1859225	REDUCE cov: 583 ft: 2889 corp: 777/137Kb lim: 4096 exec/s: 11133 rss: 804Mb L: 13/3853 MS: 1 EraseBytes-
#1859492	REDUCE cov: 583 ft: 2889 corp: 777/137Kb lim: 4096 exec/s: 11068 rss: 804Mb L: 31/3853 MS: 2 ChangeBinInt-EraseBytes-
#1860067	REDUCE cov: 583 ft: 2889 corp: 777/137Kb lim: 4096 exec/s: 11071 rss: 804Mb L: 397/3853 MS: 5 CopyPart-ChangeBinInt-ChangeBinInt-ChangeASCIIInt-EraseBytes-
#1861563	REDUCE cov: 583 ft: 2889 corp: 777/137Kb lim: 4096 exec/s: 11080 rss: 804Mb L: 555/3853 MS: 1 EraseBytes-
#1861869	REDUCE cov: 583 ft: 2889 corp: 777/137Kb lim: 4096 exec/s: 11082 rss: 804Mb L: 971/3853 MS: 1 EraseBytes-
#1863246	REDUCE cov: 583 ft: 2889 corp: 777/137Kb lim: 4096 exec/s: 11090 rss: 804Mb L: 138/3853 MS: 2 EraseBytes-CopyPart-
#1863287	REDUCE cov: 583 ft: 2889 corp: 777/137Kb lim: 4096 exec/s: 11090 rss: 804Mb L: 91/3853 MS: 1 EraseBytes-
#1863604	REDUCE cov: 583 ft: 2889 corp: 777/137Kb lim: 4096 exec/s: 11092 rss: 804Mb L: 285/3853 MS: 2 EraseBytes-CopyPart-
#1865692	REDUCE cov: 583 ft: 2889 corp: 777/137Kb lim: 4096 exec/s: 11105 rss: 804Mb L: 150/3853 MS: 3 ChangeBit-ChangeBit-EraseBytes-
#1866658	REDUCE cov: 583 ft: 2889 corp: 777/137Kb lim: 4096 exec/s: 11111 rss: 804Mb L: 10/3853 MS: 1 EraseBytes-
#1867389	REDUCE cov: 583 ft: 2889 corp: 777/137Kb lim: 4096 exec/s: 11115 rss: 804Mb L: 20/3853 MS: 1 EraseBytes-
#1868091	REDUCE cov: 583 ft: 2889 corp: 777/137Kb lim: 4096 exec/s: 11119 rss: 804Mb L: 210/3853 MS: 2 EraseBytes-CopyPart-
#1868532	REDUCE cov: 583 ft: 2889 corp: 777/137Kb lim: 4096 exec/s: 11122 rss: 804Mb L: 175/3853 MS: 1 EraseBytes-
#1868659	REDUCE cov: 583 ft: 2889 corp: 777/137Kb lim: 4096 exec/s: 11057 rss: 804Mb L: 78/3853 MS: 2 ShuffleBytes-EraseBytes-
#1868772	REDUCE cov: 583 ft: 2889 corp: 777/136Kb lim: 4096 exec/s: 11057 rss: 804Mb L: 3208/3853 MS: 3 ChangeBit-ChangeBit-EraseBytes-
#1869774	REDUCE cov: 583 ft: 2889 corp: 777/136Kb lim: 4096 exec/s: 11063 rss: 804Mb L: 537/3853 MS: 2 CopyPart-EraseBytes-
#1869816	REDUCE cov: 583 ft: 2889 corp: 777/136Kb lim: 4096 exec/s: 11064 rss: 804Mb L: 2978/3853 MS: 2 CopyPart-CrossOver-
#1869857	REDUCE cov: 583 ft: 2889 corp: 777/136Kb lim: 4096 exec/s: 11064 rss: 804Mb L: 22/3853 MS: 1 EraseBytes-
#1869943	REDUCE cov: 583 ft: 2889 corp: 777/136Kb lim: 4096 exec/s: 11064 rss: 804Mb L: 29/3853 MS: 1 EraseBytes-
#1870645	REDUCE cov: 583 ft: 2889 corp: 777/136Kb lim: 4096 exec/s: 11068 rss: 804Mb L: 50/3853 MS: 2 ShuffleBytes-EraseBytes-
#1873861	REDUCE cov: 583 ft: 2889 corp: 777/136Kb lim: 4096 exec/s: 11087 rss: 804Mb L: 95/3853 MS: 1 EraseBytes-
#1875632	REDUCE cov: 583 ft: 2889 corp: 777/136Kb lim: 4096 exec/s: 11098 rss: 804Mb L: 822/3853 MS: 1 EraseBytes-
#1876808	REDUCE cov: 583 ft: 2889 corp: 777/136Kb lim: 4096 exec/s: 11105 rss: 804Mb L: 44/3853 MS: 1 EraseBytes-
#1877249	REDUCE cov: 583 ft: 2889 corp: 777/136Kb lim: 4096 exec/s: 11107 rss: 804Mb L: 7/3853 MS: 1 EraseBytes-
#1878275	REDUCE cov: 583 ft: 2889 corp: 777/136Kb lim: 4096 exec/s: 11048 rss: 804Mb L: 27/3853 MS: 1 EraseBytes-
#1878496	REDUCE cov: 583 ft: 2889 corp: 777/136Kb lim: 4096 exec/s: 11049 rss: 804Mb L: 677/3853 MS: 1 EraseBytes-
#1880724	REDUCE cov: 583 ft: 2889 corp: 777/136Kb lim: 4096 exec/s: 11063 rss: 804Mb L: 1970/3853 MS: 3 ChangeBinInt-ChangeByte-EraseBytes-
#1880810	REDUCE cov: 583 ft: 2889 corp: 777/136Kb lim: 4096 exec/s: 11063 rss: 804Mb L: 17/3853 MS: 1 EraseBytes-
#1881176	REDUCE cov: 583 ft: 2889 corp: 777/136Kb lim: 4096 exec/s: 11065 rss: 804Mb L: 666/3853 MS: 1 EraseBytes-
#1882594	REDUCE cov: 583 ft: 2889 corp: 777/136Kb lim: 4096 exec/s: 11074 rss: 804Mb L: 25/3853 MS: 3 ChangeASCIIInt-InsertByte-EraseBytes-
#1882616	REDUCE cov: 583 ft: 2889 corp: 777/136Kb lim: 4096 exec/s: 11074 rss: 804Mb L: 657/3853 MS: 2 ChangeASCIIInt-EraseBytes-
#1884768	REDUCE cov: 583 ft: 2889 corp: 777/136Kb lim: 4096 exec/s: 11086 rss: 804Mb L: 809/3853 MS: 2 ChangeByte-EraseBytes-
#1885515	REDUCE cov: 583 ft: 2889 corp: 777/136Kb lim: 4096 exec/s: 11091 rss: 804Mb L: 155/3853 MS: 2 ChangeBit-EraseBytes-
#1885776	REDUCE cov: 583 ft: 2889 corp: 777/136Kb lim: 4096 exec/s: 11092 rss: 804Mb L: 15/3853 MS: 1 EraseBytes-
#1885843	REDUCE cov: 583 ft: 2889 corp: 777/136Kb lim: 4096 exec/s: 11093 rss: 804Mb L: 190/3853 MS: 2 PersAutoDict-EraseBytes- DE: "\007\000\000\000"-
#1885911	REDUCE cov: 583 ft: 2889 corp: 777/136Kb lim: 4096 exec/s: 11093 rss: 804Mb L: 211/3853 MS: 3 CopyPart-ChangeBinInt-EraseBytes-
#1888052	REDUCE cov: 583 ft: 2889 corp: 777/136Kb lim: 4096 exec/s: 11041 rss: 804Mb L: 51/3853 MS: 1 EraseBytes-
#1888173	REDUCE cov: 583 ft: 2889 corp: 777/136Kb lim: 4096 exec/s: 11041 rss: 804Mb L: 16/3853 MS: 1 EraseBytes-
#1888369	REDUCE cov: 583 ft: 2889 corp: 777/136Kb lim: 4096 exec/s: 11043 rss: 804Mb L: 9/3853 MS: 1 EraseBytes-
#1888602	REDUCE cov: 583 ft: 2889 corp: 777/136Kb lim: 4096 exec/s: 11044 rss: 804Mb L: 23/3853 MS: 3 CopyPart-ChangeBit-EraseBytes-
#1891958	REDUCE cov: 583 ft: 2889 corp: 777/136Kb lim: 4096 exec/s: 11064 rss: 804Mb L: 155/3853 MS: 1 EraseBytes-
#1893033	REDUCE cov: 583 ft: 2889 corp: 777/136Kb lim: 4096 exec/s: 11070 rss: 804Mb L: 88/3853 MS: 5 ChangeASCIIInt-InsertByte-InsertByte-ChangeBinInt-EraseBytes-
#1893584	REDUCE cov: 583 ft: 2889 corp: 777/136Kb lim: 4096 exec/s: 11073 rss: 804Mb L: 48/3853 MS: 1 EraseBytes-
#1893621	REDUCE cov: 583 ft: 2889 corp: 777/136Kb lim: 4096 exec/s: 11073 rss: 804Mb L: 47/3853 MS: 2 InsertByte-EraseBytes-
#1894967	REDUCE cov: 583 ft: 2889 corp: 777/136Kb lim: 4096 exec/s: 11081 rss: 804Mb L: 526/3853 MS: 1 EraseBytes-
#1894979	REDUCE cov: 583 ft: 2889 corp: 777/136Kb lim: 4096 exec/s: 11081 rss: 804Mb L: 137/3853 MS: 2 ChangeByte-EraseBytes-
#1895754	REDUCE cov: 583 ft: 2889 corp: 777/136Kb lim: 4096 exec/s: 11086 rss: 804Mb L: 161/3853 MS: 5 ShuffleBytes-ChangeByte-ChangeBinInt-ShuffleBytes-EraseBytes-
#1895846	REDUCE cov: 583 ft: 2889 corp: 777/136Kb lim: 4096 exec/s: 11086 rss: 804Mb L: 29/3853 MS: 2 CrossOver-EraseBytes-
#1896912	REDUCE cov: 583 ft: 2889 corp: 777/136Kb lim: 4096 exec/s: 11028 rss: 804Mb L: 20/3853 MS: 1 EraseBytes-
#1897978	REDUCE cov: 583 ft: 2889 corp: 777/136Kb lim: 4096 exec/s: 11034 rss: 804Mb L: 44/3853 MS: 1 EraseBytes-
#1899632	REDUCE cov: 583 ft: 2889 corp: 777/136Kb lim: 4096 exec/s: 11044 rss: 804Mb L: 12/3853 MS: 4 EraseBytes-ChangeBinInt-ChangeByte-ChangeByte-
#1899718	REDUCE cov: 583 ft: 2889 corp: 777/136Kb lim: 4096 exec/s: 11044 rss: 804Mb L: 21/3853 MS: 1 EraseBytes-
#1899849	REDUCE cov: 583 ft: 2889 corp: 777/136Kb lim: 4096 exec/s: 11045 rss: 804Mb L: 30/3853 MS: 1 EraseBytes-
#1900540	REDUCE cov: 583 ft: 2889 corp: 777/136Kb lim: 4096 exec/s: 11049 rss: 804Mb L: 18/3853 MS: 1 EraseBytes-
#1902191	REDUCE cov: 583 ft: 2889 corp: 777/136Kb lim: 4096 exec/s: 11059 rss: 804Mb L: 2878/3853 MS: 1 CrossOver-
#1903233	REDUCE cov: 583 ft: 2889 corp: 777/136Kb lim: 4096 exec/s: 11065 rss: 804Mb L: 55/3853 MS: 2 PersAutoDict-EraseBytes- DE: "X\026\000\000"-
#1903269	REDUCE cov: 583 ft: 2889 corp: 777/136Kb lim: 4096 exec/s: 11065 rss: 804Mb L: 234/3853 MS: 1 EraseBytes-
#1903868	REDUCE cov: 583 ft: 2889 corp: 777/136Kb lim: 4096 exec/s: 11069 rss: 804Mb L: 14/3853 MS: 4 CMP-ChangeBinInt-ChangeByte-EraseBytes- DE: "\001\000\000a"-
#1904336	REDUCE cov: 583 ft: 2889 corp: 777/136Kb lim: 4096 exec/s: 11071 rss: 804Mb L: 72/3853 MS: 3 ChangeBit-InsertByte-EraseBytes-
#1904358	REDUCE cov: 583 ft: 2889 corp: 777/136Kb lim: 4096 exec/s: 11071 rss: 804Mb L: 32/3853 MS: 2 ChangeByte-EraseBytes-
#1904475	REDUCE cov: 583 ft: 2889 corp: 777/136Kb lim: 4096 exec/s: 11072 rss: 804Mb L: 326/3853 MS: 2 ChangeByte-EraseBytes-
#1906122	REDUCE cov: 583 ft: 2889 corp: 777/136Kb lim: 4096 exec/s: 11018 rss: 804Mb L: 68/3853 MS: 2 ChangeByte-EraseBytes-
#1906834	REDUCE cov: 583 ft: 2889 corp: 777/136Kb lim: 4096 exec/s: 11022 rss: 804Mb L: 8/3853 MS: 2 CrossOver-EraseBytes-
#1907015	REDUCE cov: 583 ft: 2889 corp: 777/136Kb lim: 4096 exec/s: 11023 rss: 804Mb L: 125/3853 MS: 1 EraseBytes-
#1908351	REDUCE cov: 583 ft: 2889 corp: 777/136Kb lim: 4096 exec/s: 11030 rss: 804Mb L: 456/3853 MS: 1 EraseBytes-
#1908417	REDUCE cov: 583 ft: 2889 corp: 777/136Kb lim: 4096 exec/s: 11031 rss: 804Mb L: 25/3853 MS: 1 EraseBytes-
#1908443	REDUCE cov: 583 ft: 2889 corp: 777/136Kb lim: 4096 exec/s: 11031 rss: 804Mb L: 36/3853 MS: 1 EraseBytes-
#1910297	REDUCE cov: 583 ft: 2889 corp: 777/136Kb lim: 4096 exec/s: 11042 rss: 804Mb L: 42/3853 MS: 4 PersAutoDict-ChangeBinInt-CopyPart-EraseBytes- DE: "\000\000\000\000\000\000\000\017"-
#1910498	REDUCE cov: 583 ft: 2889 corp: 777/136Kb lim: 4096 exec/s: 11043 rss: 804Mb L: 77/3853 MS: 1 EraseBytes-
#1910584	REDUCE cov: 583 ft: 2889 corp: 777/136Kb lim: 4096 exec/s: 11043 rss: 804Mb L: 29/3853 MS: 1 EraseBytes-
#1912745	REDUCE cov: 583 ft: 2889 corp: 777/136Kb lim: 4096 exec/s: 11056 rss: 804Mb L: 146/3853 MS: 1 EraseBytes-
#1913706	REDUCE cov: 583 ft: 2889 corp: 777/136Kb lim: 4096 exec/s: 11061 rss: 804Mb L: 41/3853 MS: 1 EraseBytes-
#1915257	REDUCE cov: 583 ft: 2889 corp: 777/136Kb lim: 4096 exec/s: 11007 rss: 804Mb L: 41/3853 MS: 1 EraseBytes-
#1918598	REDUCE cov: 583 ft: 2889 corp: 777/136Kb lim: 4096 exec/s: 11026 rss: 804Mb L: 805/3853 MS: 1 EraseBytes-
#1919789	REDUCE cov: 583 ft: 2889 corp: 777/136Kb lim: 4096 exec/s: 11033 rss: 804Mb L: 85/3853 MS: 1 EraseBytes-
#1920565	REDUCE cov: 583 ft: 2889 corp: 777/136Kb lim: 4096 exec/s: 11037 rss: 804Mb L: 50/3853 MS: 1 EraseBytes-
#1922531	REDUCE cov: 583 ft: 2889 corp: 777/136Kb lim: 4096 exec/s: 11049 rss: 804Mb L: 11/3853 MS: 1 EraseBytes-
#1922662	REDUCE cov: 583 ft: 2889 corp: 777/136Kb lim: 4096 exec/s: 11049 rss: 804Mb L: 30/3853 MS: 1 EraseBytes-
#1922830	REDUCE cov: 583 ft: 2889 corp: 777/136Kb lim: 4096 exec/s: 11050 rss: 804Mb L: 299/3853 MS: 3 CopyPart-InsertByte-EraseBytes-
#1923346	REDUCE cov: 583 ft: 2889 corp: 777/136Kb lim: 4096 exec/s: 11053 rss: 804Mb L: 20/3853 MS: 1 EraseBytes-
#1924088	REDUCE cov: 583 ft: 2889 corp: 777/136Kb lim: 4096 exec/s: 11057 rss: 804Mb L: 34/3853 MS: 2 ChangeByte-EraseBytes-
#1924104	REDUCE cov: 583 ft: 2889 corp: 777/136Kb lim: 4096 exec/s: 11058 rss: 804Mb L: 68/3853 MS: 1 EraseBytes-
#1927628	REDUCE cov: 583 ft: 2889 corp: 777/136Kb lim: 4096 exec/s: 11015 rss: 804Mb L: 628/3853 MS: 4 ChangeBinInt-PersAutoDict-ChangeBit-EraseBytes- DE: "\177\000\000\000\000\000\000\003"-
#1927750	REDUCE cov: 583 ft: 2889 corp: 777/136Kb lim: 4096 exec/s: 11015 rss: 804Mb L: 159/3853 MS: 2 ShuffleBytes-EraseBytes-
#1928716	REDUCE cov: 583 ft: 2889 corp: 777/136Kb lim: 4096 exec/s: 11021 rss: 804Mb L: 1436/3853 MS: 1 EraseBytes-
#1931087	REDUCE cov: 583 ft: 2889 corp: 777/136Kb lim: 4096 exec/s: 11034 rss: 804Mb L: 37/3853 MS: 1 EraseBytes-
#1931114	REDUCE cov: 583 ft: 2890 corp: 778/139Kb lim: 4096 exec/s: 11034 rss: 804Mb L: 3187/3853 MS: 2 CopyPart-CopyPart-
#1931156	REDUCE cov: 583 ft: 2890 corp: 778/139Kb lim: 4096 exec/s: 11035 rss: 804Mb L: 1531/3853 MS: 2 ShuffleBytes-EraseBytes-
#1931218	NEW    cov: 583 ft: 2891 corp: 779/143Kb lim: 4096 exec/s: 11035 rss: 804Mb L: 3898/3898 MS: 2 ChangeASCIIInt-CopyPart-
#1931974	REDUCE cov: 583 ft: 2891 corp: 779/143Kb lim: 4096 exec/s: 11039 rss: 804Mb L: 32/3898 MS: 1 EraseBytes-
#1933128	REDUCE cov: 583 ft: 2891 corp: 779/143Kb lim: 4096 exec/s: 10983 rss: 804Mb L: 3674/3853 MS: 4 ChangeASCIIInt-CopyPart-ChangeASCIIInt-EraseBytes-
#1933824	REDUCE cov: 583 ft: 2891 corp: 779/143Kb lim: 4096 exec/s: 10987 rss: 804Mb L: 246/3853 MS: 1 EraseBytes-
#1935457	REDUCE cov: 583 ft: 2891 corp: 779/143Kb lim: 4096 exec/s: 10996 rss: 805Mb L: 535/3853 MS: 3 EraseBytes-InsertByte-CopyPart-
#1935545	REDUCE cov: 583 ft: 2891 corp: 779/143Kb lim: 4096 exec/s: 10997 rss: 805Mb L: 15/3853 MS: 3 ShuffleBytes-ChangeByte-EraseBytes-
#1938043	REDUCE cov: 583 ft: 2891 corp: 779/143Kb lim: 4096 exec/s: 11011 rss: 805Mb L: 122/3853 MS: 3 InsertByte-CMP-EraseBytes- DE: "\000\000\000\322"-
#1938389	REDUCE cov: 583 ft: 2891 corp: 779/143Kb lim: 4096 exec/s: 11013 rss: 805Mb L: 56/3853 MS: 1 EraseBytes-
#1939925	REDUCE cov: 583 ft: 2891 corp: 779/143Kb lim: 4096 exec/s: 11022 rss: 805Mb L: 107/3853 MS: 1 EraseBytes-
#1940758	REDUCE cov: 583 ft: 2891 corp: 779/143Kb lim: 4096 exec/s: 11027 rss: 805Mb L: 598/3853 MS: 3 PersAutoDict-ChangeBit-EraseBytes- DE: "\010\000\000\000"-
#1940849	REDUCE cov: 583 ft: 2891 corp: 779/143Kb lim: 4096 exec/s: 11027 rss: 805Mb L: 770/3853 MS: 1 EraseBytes-
#1941662	REDUCE cov: 583 ft: 2891 corp: 779/143Kb lim: 4096 exec/s: 11032 rss: 805Mb L: 74/3853 MS: 3 ShuffleBytes-ChangeByte-EraseBytes-
#1942558	REDUCE cov: 583 ft: 2891 corp: 779/143Kb lim: 4096 exec/s: 10974 rss: 805Mb L: 61/3853 MS: 1 EraseBytes-
#1942990	REDUCE cov: 583 ft: 2891 corp: 779/143Kb lim: 4096 exec/s: 10977 rss: 805Mb L: 680/3853 MS: 2 PersAutoDict-EraseBytes- DE: "\377\377\377\377\377\377\377d"-
#1945102	REDUCE cov: 583 ft: 2891 corp: 779/142Kb lim: 4096 exec/s: 10989 rss: 806Mb L: 8/3853 MS: 2 ChangeBit-EraseBytes-
#1946299	REDUCE cov: 583 ft: 2891 corp: 779/142Kb lim: 4096 exec/s: 10996 rss: 806Mb L: 28/3853 MS: 2 ChangeBit-EraseBytes-
#1946461	REDUCE cov: 583 ft: 2891 corp: 779/142Kb lim: 4096 exec/s: 10996 rss: 806Mb L: 3150/3853 MS: 2 PersAutoDict-EraseBytes- DE: "\001\000\000\000\000\000\002)"-
#1946853	REDUCE cov: 583 ft: 2891 corp: 779/142Kb lim: 4096 exec/s: 10999 rss: 806Mb L: 30/3853 MS: 2 InsertByte-EraseBytes-
#1950325	REDUCE cov: 583 ft: 2891 corp: 779/142Kb lim: 4096 exec/s: 11018 rss: 807Mb L: 182/3853 MS: 2 CopyPart-EraseBytes-
#1951451	REDUCE cov: 583 ft: 2891 corp: 779/142Kb lim: 4096 exec/s: 10963 rss: 807Mb L: 11/3853 MS: 1 EraseBytes-
#1951731	REDUCE cov: 583 ft: 2891 corp: 779/142Kb lim: 4096 exec/s: 10964 rss: 807Mb L: 176/3853 MS: 5 ChangeBit-ChangeBit-CopyPart-ChangeByte-EraseBytes-
#1952307	REDUCE cov: 583 ft: 2891 corp: 779/142Kb lim: 4096 exec/s: 10968 rss: 807Mb L: 20/3853 MS: 1 EraseBytes-
#1952868	REDUCE cov: 583 ft: 2891 corp: 779/142Kb lim: 4096 exec/s: 10971 rss: 807Mb L: 124/3853 MS: 1 EraseBytes-
#1953232	REDUCE cov: 583 ft: 2891 corp: 779/142Kb lim: 4096 exec/s: 10973 rss: 807Mb L: 47/3853 MS: 4 ChangeByte-ShuffleBytes-ChangeByte-EraseBytes-
#1953713	REDUCE cov: 583 ft: 2891 corp: 779/142Kb lim: 4096 exec/s: 10975 rss: 807Mb L: 50/3853 MS: 1 EraseBytes-
#1955984	REDUCE cov: 583 ft: 2891 corp: 779/142Kb lim: 4096 exec/s: 10988 rss: 807Mb L: 42/3853 MS: 1 EraseBytes-
#1956430	REDUCE cov: 583 ft: 2891 corp: 779/142Kb lim: 4096 exec/s: 10991 rss: 807Mb L: 43/3853 MS: 1 EraseBytes-
#1956701	REDUCE cov: 583 ft: 2891 corp: 779/142Kb lim: 4096 exec/s: 10992 rss: 807Mb L: 61/3853 MS: 1 EraseBytes-
#1956936	REDUCE cov: 583 ft: 2891 corp: 779/142Kb lim: 4096 exec/s: 10994 rss: 807Mb L: 876/3853 MS: 5 CopyPart-ChangeBinInt-InsertByte-ChangeBit-EraseBytes-
#1957507	REDUCE cov: 583 ft: 2891 corp: 779/142Kb lim: 4096 exec/s: 10997 rss: 807Mb L: 26/3853 MS: 1 EraseBytes-
#1958383	REDUCE cov: 583 ft: 2891 corp: 779/142Kb lim: 4096 exec/s: 11002 rss: 807Mb L: 18/3853 MS: 1 EraseBytes-
#1959631	REDUCE cov: 583 ft: 2891 corp: 779/142Kb lim: 4096 exec/s: 10947 rss: 807Mb L: 136/3853 MS: 3 CopyPart-EraseBytes-CopyPart-
#1961644	REDUCE cov: 583 ft: 2891 corp: 779/142Kb lim: 4096 exec/s: 10958 rss: 807Mb L: 3030/3853 MS: 3 ChangeBinInt-ChangeBit-EraseBytes-
#1962217	REDUCE cov: 583 ft: 2891 corp: 779/142Kb lim: 4096 exec/s: 10962 rss: 807Mb L: 248/3853 MS: 3 CopyPart-PersAutoDict-EraseBytes- DE: "\001\000\000\000\000\000\000\025"-
#1963492	REDUCE cov: 583 ft: 2891 corp: 779/142Kb lim: 4096 exec/s: 10969 rss: 808Mb L: 614/3853 MS: 5 PersAutoDict-InsertByte-ChangeASCIIInt-PersAutoDict-EraseBytes- DE: "\031\000"-"#\000"-
#1964803	REDUCE cov: 583 ft: 2891 corp: 779/142Kb lim: 4096 exec/s: 10976 rss: 808Mb L: 31/3853 MS: 1 EraseBytes-
#1966566	REDUCE cov: 583 ft: 2891 corp: 779/142Kb lim: 4096 exec/s: 10986 rss: 808Mb L: 3517/3853 MS: 3 ChangeBinInt-PersAutoDict-EraseBytes- DE: "\000\000\000\000\000\000\000\010"-
#1966572	REDUCE cov: 583 ft: 2891 corp: 779/142Kb lim: 4096 exec/s: 10986 rss: 808Mb L: 24/3853 MS: 1 EraseBytes-
#1966594	REDUCE cov: 583 ft: 2891 corp: 779/142Kb lim: 4096 exec/s: 10986 rss: 808Mb L: 63/3853 MS: 2 CopyPart-EraseBytes-
#1967080	REDUCE cov: 583 ft: 2891 corp: 779/142Kb lim: 4096 exec/s: 10989 rss: 808Mb L: 14/3853 MS: 1 EraseBytes-
#1968911	REDUCE cov: 583 ft: 2891 corp: 779/142Kb lim: 4096 exec/s: 10938 rss: 808Mb L: 357/3853 MS: 1 EraseBytes-
#1969472	REDUCE cov: 583 ft: 2891 corp: 779/142Kb lim: 4096 exec/s: 10941 rss: 808Mb L: 361/3853 MS: 1 EraseBytes-
#1970213	REDUCE cov: 583 ft: 2891 corp: 779/142Kb lim: 4096 exec/s: 10945 rss: 808Mb L: 18/3853 MS: 1 EraseBytes-
#1970374	REDUCE cov: 583 ft: 2891 corp: 779/142Kb lim: 4096 exec/s: 10946 rss: 808Mb L: 10/3853 MS: 1 EraseBytes-
#1972465	REDUCE cov: 583 ft: 2891 corp: 779/142Kb lim: 4096 exec/s: 10958 rss: 808Mb L: 40/3853 MS: 1 EraseBytes-
#1974644	REDUCE cov: 583 ft: 2891 corp: 779/142Kb lim: 4096 exec/s: 10970 rss: 808Mb L: 380/3853 MS: 4 CopyPart-CopyPart-CopyPart-EraseBytes-
#1975075	REDUCE cov: 583 ft: 2891 corp: 779/142Kb lim: 4096 exec/s: 10972 rss: 808Mb L: 17/3853 MS: 1 EraseBytes-
#1975731	REDUCE cov: 583 ft: 2891 corp: 779/142Kb lim: 4096 exec/s: 10976 rss: 808Mb L: 142/3853 MS: 1 EraseBytes-
#1976518	REDUCE cov: 583 ft: 2891 corp: 779/142Kb lim: 4096 exec/s: 10980 rss: 808Mb L: 193/3853 MS: 2 ChangeBinInt-EraseBytes-
#1976554	REDUCE cov: 583 ft: 2891 corp: 779/142Kb lim: 4096 exec/s: 10980 rss: 808Mb L: 54/3853 MS: 1 EraseBytes-
#1979763	REDUCE cov: 583 ft: 2891 corp: 779/142Kb lim: 4096 exec/s: 10937 rss: 808Mb L: 360/3853 MS: 4 CrossOver-CopyPart-ShuffleBytes-EraseBytes-
#1979880	REDUCE cov: 583 ft: 2891 corp: 779/142Kb lim: 4096 exec/s: 10938 rss: 808Mb L: 137/3853 MS: 2 ChangeBit-EraseBytes-
#1980631	REDUCE cov: 583 ft: 2891 corp: 779/142Kb lim: 4096 exec/s: 10942 rss: 808Mb L: 16/3853 MS: 1 EraseBytes-
#1980842	REDUCE cov: 583 ft: 2891 corp: 779/142Kb lim: 4096 exec/s: 10943 rss: 808Mb L: 36/3853 MS: 1 EraseBytes-
#1981318	REDUCE cov: 583 ft: 2891 corp: 779/142Kb lim: 4096 exec/s: 10946 rss: 808Mb L: 30/3853 MS: 1 EraseBytes-
#1982195	REDUCE cov: 583 ft: 2891 corp: 779/142Kb lim: 4096 exec/s: 10951 rss: 808Mb L: 25/3853 MS: 2 InsertByte-EraseBytes-
#1982891	REDUCE cov: 583 ft: 2891 corp: 779/142Kb lim: 4096 exec/s: 10955 rss: 808Mb L: 3057/3853 MS: 1 EraseBytes-
#1983514	REDUCE cov: 583 ft: 2891 corp: 779/142Kb lim: 4096 exec/s: 10958 rss: 808Mb L: 1038/3853 MS: 3 CopyPart-CopyPart-EraseBytes-
#1985301	REDUCE cov: 583 ft: 2891 corp: 779/142Kb lim: 4096 exec/s: 10968 rss: 808Mb L: 310/3853 MS: 2 CMP-EraseBytes- DE: "r\000"-
#1985307	REDUCE cov: 583 ft: 2891 corp: 779/142Kb lim: 4096 exec/s: 10968 rss: 808Mb L: 82/3853 MS: 1 EraseBytes-
#1986198	REDUCE cov: 583 ft: 2891 corp: 779/142Kb lim: 4096 exec/s: 10973 rss: 808Mb L: 311/3853 MS: 1 EraseBytes-
#1987671	REDUCE cov: 583 ft: 2891 corp: 779/142Kb lim: 4096 exec/s: 10981 rss: 808Mb L: 357/3853 MS: 3 ShuffleBytes-CopyPart-EraseBytes-
#1988443	REDUCE cov: 583 ft: 2891 corp: 779/142Kb lim: 4096 exec/s: 10925 rss: 808Mb L: 39/3853 MS: 2 ChangeByte-EraseBytes-
#1988694	REDUCE cov: 583 ft: 2891 corp: 779/142Kb lim: 4096 exec/s: 10926 rss: 808Mb L: 670/3853 MS: 1 EraseBytes-
#1991260	REDUCE cov: 583 ft: 2891 corp: 779/142Kb lim: 4096 exec/s: 10940 rss: 808Mb L: 207/3853 MS: 1 EraseBytes-
#1991581	REDUCE cov: 583 ft: 2891 corp: 779/142Kb lim: 4096 exec/s: 10942 rss: 808Mb L: 43/3853 MS: 1 EraseBytes-
#1991703	REDUCE cov: 583 ft: 2891 corp: 779/142Kb lim: 4096 exec/s: 10943 rss: 808Mb L: 43/3853 MS: 2 PersAutoDict-EraseBytes- DE: "\0006"-
#1993487	REDUCE cov: 583 ft: 2891 corp: 779/142Kb lim: 4096 exec/s: 10953 rss: 808Mb L: 15/3853 MS: 4 ChangeBit-InsertRepeatedBytes-ChangeBit-EraseBytes-
#1993838	REDUCE cov: 583 ft: 2891 corp: 779/142Kb lim: 4096 exec/s: 10955 rss: 808Mb L: 443/3853 MS: 1 EraseBytes-
#1993859	REDUCE cov: 583 ft: 2891 corp: 779/142Kb lim: 4096 exec/s: 10955 rss: 808Mb L: 1781/3853 MS: 1 EraseBytes-
#1994373	REDUCE cov: 583 ft: 2891 corp: 779/142Kb lim: 4096 exec/s: 10958 rss: 808Mb L: 45/3853 MS: 4 ChangeASCIIInt-CrossOver-ChangeASCIIInt-EraseBytes-
#1994789	REDUCE cov: 583 ft: 2891 corp: 779/142Kb lim: 4096 exec/s: 10960 rss: 808Mb L: 222/3853 MS: 1 EraseBytes-
#1996962	REDUCE cov: 583 ft: 2891 corp: 779/142Kb lim: 4096 exec/s: 10912 rss: 808Mb L: 134/3853 MS: 3 PersAutoDict-ChangeBit-EraseBytes- DE: "\204\000"-
#1997383	REDUCE cov: 583 ft: 2891 corp: 779/142Kb lim: 4096 exec/s: 10914 rss: 808Mb L: 6/3853 MS: 1 EraseBytes-
#1997755	REDUCE cov: 583 ft: 2891 corp: 779/142Kb lim: 4096 exec/s: 10916 rss: 808Mb L: 6/3853 MS: 2 ShuffleBytes-EraseBytes-
#1999709	REDUCE cov: 583 ft: 2891 corp: 779/142Kb lim: 4096 exec/s: 10927 rss: 808Mb L: 3207/3853 MS: 4 ChangeByte-ChangeBit-ChangeASCIIInt-EraseBytes-
#1999915	REDUCE cov: 583 ft: 2891 corp: 779/142Kb lim: 4096 exec/s: 10928 rss: 808Mb L: 6/3853 MS: 1 EraseBytes-
#2000861	REDUCE cov: 583 ft: 2891 corp: 779/142Kb lim: 4096 exec/s: 10933 rss: 808Mb L: 13/3853 MS: 1 EraseBytes-
#2002217	REDUCE cov: 583 ft: 2891 corp: 779/142Kb lim: 4096 exec/s: 10941 rss: 808Mb L: 58/3853 MS: 1 EraseBytes-
#2003719	REDUCE cov: 583 ft: 2891 corp: 779/142Kb lim: 4096 exec/s: 10949 rss: 808Mb L: 221/3853 MS: 2 ChangeByte-EraseBytes-
#2004085	REDUCE cov: 583 ft: 2891 corp: 779/142Kb lim: 4096 exec/s: 10951 rss: 808Mb L: 40/3853 MS: 1 EraseBytes-
#2004761	REDUCE cov: 583 ft: 2891 corp: 779/142Kb lim: 4096 exec/s: 10954 rss: 808Mb L: 783/3853 MS: 1 EraseBytes-
#2005892	REDUCE cov: 583 ft: 2891 corp: 779/142Kb lim: 4096 exec/s: 10901 rss: 808Mb L: 583/3853 MS: 1 EraseBytes-
#2006073	REDUCE cov: 583 ft: 2891 corp: 779/142Kb lim: 4096 exec/s: 10902 rss: 808Mb L: 121/3853 MS: 1 EraseBytes-
#2006142	REDUCE cov: 583 ft: 2891 corp: 779/142Kb lim: 4096 exec/s: 10902 rss: 808Mb L: 360/3853 MS: 4 CopyPart-ChangeByte-ChangeBinInt-EraseBytes-
#2007324	REDUCE cov: 583 ft: 2891 corp: 779/142Kb lim: 4096 exec/s: 10909 rss: 808Mb L: 14/3853 MS: 2 CopyPart-EraseBytes-
#2008413	REDUCE cov: 583 ft: 2891 corp: 779/142Kb lim: 4096 exec/s: 10915 rss: 808Mb L: 37/3853 MS: 4 EraseBytes-ChangeBit-ShuffleBytes-InsertByte-
#2009663	REDUCE cov: 583 ft: 2891 corp: 779/142Kb lim: 4096 exec/s: 10922 rss: 808Mb L: 97/3853 MS: 5 EraseBytes-CopyPart-ChangeBit-CopyPart-EraseBytes-
#2010104	REDUCE cov: 583 ft: 2891 corp: 779/142Kb lim: 4096 exec/s: 10924 rss: 808Mb L: 322/3853 MS: 1 EraseBytes-
#2010515	REDUCE cov: 583 ft: 2891 corp: 779/142Kb lim: 4096 exec/s: 10926 rss: 808Mb L: 128/3853 MS: 1 EraseBytes-
#2010887	REDUCE cov: 583 ft: 2891 corp: 779/142Kb lim: 4096 exec/s: 10928 rss: 808Mb L: 198/3853 MS: 2 ChangeBit-EraseBytes-
#2013049	NEW    cov: 583 ft: 2894 corp: 780/142Kb lim: 4096 exec/s: 10940 rss: 808Mb L: 615/3853 MS: 2 CopyPart-CopyPart-
#2013146	REDUCE cov: 583 ft: 2894 corp: 780/142Kb lim: 4096 exec/s: 10941 rss: 808Mb L: 1471/3853 MS: 2 InsertByte-EraseBytes-
#2015067	REDUCE cov: 583 ft: 2894 corp: 780/142Kb lim: 4096 exec/s: 10892 rss: 808Mb L: 766/3853 MS: 1 EraseBytes-
#2016134	REDUCE cov: 583 ft: 2894 corp: 780/142Kb lim: 4096 exec/s: 10898 rss: 808Mb L: 292/3853 MS: 2 ChangeASCIIInt-EraseBytes-
#2016616	REDUCE cov: 583 ft: 2894 corp: 780/142Kb lim: 4096 exec/s: 10900 rss: 808Mb L: 32/3853 MS: 2 ChangeByte-EraseBytes-
#2018187	REDUCE cov: 583 ft: 2894 corp: 780/142Kb lim: 4096 exec/s: 10909 rss: 808Mb L: 97/3853 MS: 1 EraseBytes-
#2019495	REDUCE cov: 583 ft: 2894 corp: 780/142Kb lim: 4096 exec/s: 10916 rss: 808Mb L: 3471/3853 MS: 3 PersAutoDict-CopyPart-EraseBytes- DE: "\001\000\377\375"-
#2019991	REDUCE cov: 583 ft: 2894 corp: 780/142Kb lim: 4096 exec/s: 10918 rss: 808Mb L: 41/3853 MS: 1 EraseBytes-
#2020498	REDUCE cov: 583 ft: 2894 corp: 780/142Kb lim: 4096 exec/s: 10921 rss: 808Mb L: 61/3853 MS: 2 EraseBytes-CopyPart-
#2021779	REDUCE cov: 583 ft: 2894 corp: 780/142Kb lim: 4096 exec/s: 10869 rss: 808Mb L: 67/3853 MS: 1 EraseBytes-
#2022049	REDUCE cov: 583 ft: 2894 corp: 780/142Kb lim: 4096 exec/s: 10871 rss: 808Mb L: 25/3853 MS: 5 InsertByte-ChangeByte-EraseBytes-ShuffleBytes-CopyPart-
#2022521	REDUCE cov: 583 ft: 2894 corp: 780/142Kb lim: 4096 exec/s: 10873 rss: 808Mb L: 155/3853 MS: 2 InsertRepeatedBytes-EraseBytes-
#2025742	REDUCE cov: 583 ft: 2894 corp: 780/142Kb lim: 4096 exec/s: 10891 rss: 808Mb L: 137/3853 MS: 1 EraseBytes-
#2026789	REDUCE cov: 583 ft: 2894 corp: 780/142Kb lim: 4096 exec/s: 10896 rss: 808Mb L: 15/3853 MS: 2 ChangeBit-EraseBytes-
#2027682	REDUCE cov: 583 ft: 2894 corp: 780/142Kb lim: 4096 exec/s: 10901 rss: 808Mb L: 126/3853 MS: 3 CopyPart-ChangeASCIIInt-EraseBytes-
#2028265	REDUCE cov: 583 ft: 2894 corp: 780/142Kb lim: 4096 exec/s: 10904 rss: 808Mb L: 517/3853 MS: 3 InsertByte-EraseBytes-CrossOver-
#2028311	REDUCE cov: 583 ft: 2894 corp: 780/142Kb lim: 4096 exec/s: 10904 rss: 808Mb L: 112/3853 MS: 1 EraseBytes-
#2028653	REDUCE cov: 583 ft: 2894 corp: 780/142Kb lim: 4096 exec/s: 10906 rss: 808Mb L: 580/3853 MS: 2 ChangeASCIIInt-EraseBytes-
#2028769	REDUCE cov: 583 ft: 2894 corp: 780/142Kb lim: 4096 exec/s: 10907 rss: 808Mb L: 15/3853 MS: 1 EraseBytes-
#2029915	REDUCE cov: 583 ft: 2894 corp: 780/142Kb lim: 4096 exec/s: 10855 rss: 808Mb L: 21/3853 MS: 1 EraseBytes-
#2030476	REDUCE cov: 583 ft: 2894 corp: 780/142Kb lim: 4096 exec/s: 10858 rss: 808Mb L: 830/3853 MS: 1 EraseBytes-
#2035767	REDUCE cov: 583 ft: 2894 corp: 780/142Kb lim: 4096 exec/s: 10886 rss: 808Mb L: 60/3853 MS: 1 EraseBytes-
#2036599	REDUCE cov: 583 ft: 2894 corp: 780/142Kb lim: 4096 exec/s: 10890 rss: 808Mb L: 342/3853 MS: 2 CopyPart-EraseBytes-
#2036755	REDUCE cov: 583 ft: 2894 corp: 780/142Kb lim: 4096 exec/s: 10891 rss: 808Mb L: 569/3853 MS: 1 EraseBytes-
#2037531	REDUCE cov: 583 ft: 2894 corp: 780/142Kb lim: 4096 exec/s: 10895 rss: 808Mb L: 25/3853 MS: 1 EraseBytes-
#2039007	REDUCE cov: 583 ft: 2894 corp: 780/142Kb lim: 4096 exec/s: 10903 rss: 808Mb L: 41/3853 MS: 1 EraseBytes-
#2040473	REDUCE cov: 583 ft: 2894 corp: 780/142Kb lim: 4096 exec/s: 10853 rss: 808Mb L: 19/3853 MS: 1 EraseBytes-
#2041247	REDUCE cov: 583 ft: 2894 corp: 780/142Kb lim: 4096 exec/s: 10857 rss: 808Mb L: 224/3853 MS: 4 CopyPart-PersAutoDict-InsertByte-EraseBytes- DE: "\010\000\000\000"-
#2041664	REDUCE cov: 583 ft: 2894 corp: 780/142Kb lim: 4096 exec/s: 10859 rss: 808Mb L: 761/3853 MS: 2 PersAutoDict-EraseBytes- DE: "\001\000\000\000\000\000\000\365"-
#2042075	REDUCE cov: 583 ft: 2894 corp: 780/142Kb lim: 4096 exec/s: 10862 rss: 808Mb L: 35/3853 MS: 1 EraseBytes-
#2042078	REDUCE cov: 583 ft: 2894 corp: 780/142Kb lim: 4096 exec/s: 10862 rss: 808Mb L: 32/3853 MS: 3 ShuffleBytes-EraseBytes-CopyPart-
#2042210	REDUCE cov: 583 ft: 2894 corp: 780/142Kb lim: 4096 exec/s: 10862 rss: 808Mb L: 388/3853 MS: 2 ChangeBinInt-EraseBytes-
#2042312	REDUCE cov: 583 ft: 2894 corp: 780/142Kb lim: 4096 exec/s: 10863 rss: 808Mb L: 59/3853 MS: 2 PersAutoDict-EraseBytes- DE: "\376\377\000\000"-
#2042350	REDUCE cov: 583 ft: 2894 corp: 780/142Kb lim: 4096 exec/s: 10863 rss: 808Mb L: 127/3853 MS: 3 ChangeBinInt-EraseBytes-CopyPart-
#2043542	REDUCE cov: 583 ft: 2894 corp: 780/142Kb lim: 4096 exec/s: 10869 rss: 808Mb L: 122/3853 MS: 2 ChangeBit-EraseBytes-
#2043948	REDUCE cov: 583 ft: 2894 corp: 780/142Kb lim: 4096 exec/s: 10872 rss: 808Mb L: 237/3853 MS: 1 EraseBytes-
#2045774	REDUCE cov: 583 ft: 2894 corp: 780/142Kb lim: 4096 exec/s: 10881 rss: 808Mb L: 33/3853 MS: 1 EraseBytes-
#2046450	REDUCE cov: 583 ft: 2894 corp: 780/142Kb lim: 4096 exec/s: 10885 rss: 808Mb L: 129/3853 MS: 1 EraseBytes-
#2046466	REDUCE cov: 583 ft: 2894 corp: 780/142Kb lim: 4096 exec/s: 10885 rss: 808Mb L: 12/3853 MS: 1 EraseBytes-
#2047015	REDUCE cov: 583 ft: 2894 corp: 780/142Kb lim: 4096 exec/s: 10830 rss: 808Mb L: 116/3853 MS: 4 EraseBytes-ChangeBit-InsertByte-CopyPart-
#2047886	REDUCE cov: 583 ft: 2894 corp: 780/142Kb lim: 4096 exec/s: 10835 rss: 808Mb L: 41/3853 MS: 1 EraseBytes-
#2049303	REDUCE cov: 583 ft: 2894 corp: 780/142Kb lim: 4096 exec/s: 10842 rss: 808Mb L: 7/3853 MS: 2 InsertByte-EraseBytes-
#2050921	REDUCE cov: 583 ft: 2895 corp: 781/146Kb lim: 4096 exec/s: 10851 rss: 808Mb L: 3934/3934 MS: 3 CopyPart-ShuffleBytes-CopyPart-
#2056917	REDUCE cov: 583 ft: 2895 corp: 781/146Kb lim: 4096 exec/s: 10825 rss: 808Mb L: 417/3934 MS: 1 EraseBytes-
#2057289	REDUCE cov: 583 ft: 2895 corp: 781/146Kb lim: 4096 exec/s: 10827 rss: 808Mb L: 3905/3905 MS: 2 PersAutoDict-EraseBytes- DE: "\000\000\000\000\000\000\000\017"-
#2058025	REDUCE cov: 583 ft: 2895 corp: 781/146Kb lim: 4096 exec/s: 10831 rss: 808Mb L: 826/3905 MS: 1 EraseBytes-
#2058281	REDUCE cov: 583 ft: 2895 corp: 781/146Kb lim: 4096 exec/s: 10833 rss: 808Mb L: 19/3905 MS: 1 EraseBytes-
#2058358	REDUCE cov: 583 ft: 2895 corp: 781/146Kb lim: 4096 exec/s: 10833 rss: 808Mb L: 22/3905 MS: 2 ShuffleBytes-EraseBytes-
#2058854	REDUCE cov: 583 ft: 2895 corp: 781/146Kb lim: 4096 exec/s: 10836 rss: 808Mb L: 118/3905 MS: 1 EraseBytes-
#2059413	REDUCE cov: 583 ft: 2895 corp: 781/146Kb lim: 4096 exec/s: 10839 rss: 808Mb L: 1954/3905 MS: 4 PersAutoDict-CopyPart-EraseBytes-CopyPart- DE: "\201\000\000\000\000\000\000N"-
#2059988	REDUCE cov: 583 ft: 2897 corp: 782/149Kb lim: 4096 exec/s: 10842 rss: 808Mb L: 3232/3905 MS: 5 ShuffleBytes-ChangeByte-CrossOver-CrossOver-CopyPart-
#2060221	REDUCE cov: 583 ft: 2897 corp: 782/149Kb lim: 4096 exec/s: 10843 rss: 808Mb L: 350/3905 MS: 3 ChangeByte-ChangeBit-EraseBytes-
#2060443	REDUCE cov: 583 ft: 2897 corp: 782/149Kb lim: 4096 exec/s: 10844 rss: 808Mb L: 587/3905 MS: 2 ChangeBinInt-EraseBytes-
#2060784	REDUCE cov: 583 ft: 2897 corp: 782/149Kb lim: 4096 exec/s: 10846 rss: 808Mb L: 44/3905 MS: 1 EraseBytes-
#2062429	REDUCE cov: 583 ft: 2897 corp: 782/149Kb lim: 4096 exec/s: 10854 rss: 808Mb L: 289/3905 MS: 5 ChangeBinInt-InsertByte-InsertByte-EraseBytes-CopyPart-
#2062636	REDUCE cov: 583 ft: 2897 corp: 782/149Kb lim: 4096 exec/s: 10855 rss: 808Mb L: 1229/3905 MS: 2 ChangeBit-EraseBytes-
#2063138	REDUCE cov: 583 ft: 2897 corp: 782/149Kb lim: 4096 exec/s: 10801 rss: 808Mb L: 3716/3853 MS: 2 ChangeBit-EraseBytes-
#2065209	REDUCE cov: 583 ft: 2897 corp: 782/149Kb lim: 4096 exec/s: 10812 rss: 808Mb L: 68/3853 MS: 1 EraseBytes-
#2066591	REDUCE cov: 583 ft: 2897 corp: 782/149Kb lim: 4096 exec/s: 10819 rss: 808Mb L: 193/3853 MS: 2 ChangeBit-EraseBytes-
#2066658	REDUCE cov: 583 ft: 2897 corp: 782/149Kb lim: 4096 exec/s: 10820 rss: 808Mb L: 178/3853 MS: 2 ShuffleBytes-EraseBytes-
#2067585	REDUCE cov: 583 ft: 2897 corp: 782/149Kb lim: 4096 exec/s: 10825 rss: 809Mb L: 553/3853 MS: 2 ChangeByte-EraseBytes-
#2068756	REDUCE cov: 583 ft: 2897 corp: 782/148Kb lim: 4096 exec/s: 10831 rss: 809Mb L: 2961/3853 MS: 1 CrossOver-
#2069308	REDUCE cov: 583 ft: 2897 corp: 782/148Kb lim: 4096 exec/s: 10834 rss: 809Mb L: 24/3853 MS: 2 ShuffleBytes-EraseBytes-
#2069949	REDUCE cov: 583 ft: 2897 corp: 782/148Kb lim: 4096 exec/s: 10837 rss: 809Mb L: 48/3853 MS: 1 EraseBytes-
#2070844	REDUCE cov: 583 ft: 2897 corp: 782/148Kb lim: 4096 exec/s: 10842 rss: 809Mb L: 167/3853 MS: 5 ChangeBit-ChangeBinInt-PersAutoDict-CopyPart-EraseBytes- DE: "\001\000\000\000\000\000\000\006"-
#2071102	REDUCE cov: 583 ft: 2897 corp: 782/148Kb lim: 4096 exec/s: 10843 rss: 809Mb L: 144/3853 MS: 3 InsertByte-ShuffleBytes-EraseBytes-
#2071957	REDUCE cov: 583 ft: 2897 corp: 782/148Kb lim: 4096 exec/s: 10791 rss: 809Mb L: 855/3853 MS: 5 CrossOver-EraseBytes-CrossOver-CopyPart-CopyPart-
#2071991	REDUCE cov: 583 ft: 2897 corp: 782/148Kb lim: 4096 exec/s: 10791 rss: 809Mb L: 18/3853 MS: 4 ChangeByte-CopyPart-ChangeByte-EraseBytes-
#2073048	REDUCE cov: 583 ft: 2897 corp: 782/148Kb lim: 4096 exec/s: 10797 rss: 809Mb L: 310/3853 MS: 2 ChangeBinInt-EraseBytes-
#2073867	REDUCE cov: 583 ft: 2897 corp: 782/148Kb lim: 4096 exec/s: 10801 rss: 809Mb L: 76/3853 MS: 4 EraseBytes-InsertByte-CopyPart-CopyPart-
#2075373	REDUCE cov: 583 ft: 2897 corp: 782/148Kb lim: 4096 exec/s: 10809 rss: 809Mb L: 30/3853 MS: 1 EraseBytes-
#2075695	REDUCE cov: 583 ft: 2897 corp: 782/148Kb lim: 4096 exec/s: 10810 rss: 809Mb L: 58/3853 MS: 2 ChangeASCIIInt-EraseBytes-
#2075841	REDUCE cov: 583 ft: 2897 corp: 782/148Kb lim: 4096 exec/s: 10811 rss: 809Mb L: 560/3853 MS: 1 EraseBytes-
#2076493	REDUCE cov: 583 ft: 2897 corp: 782/148Kb lim: 4096 exec/s: 10815 rss: 809Mb L: 13/3853 MS: 2 InsertByte-EraseBytes-
#2078356	REDUCE cov: 583 ft: 2897 corp: 782/148Kb lim: 4096 exec/s: 10824 rss: 809Mb L: 77/3853 MS: 3 ChangeASCIIInt-EraseBytes-CopyPart-
#2079268	REDUCE cov: 583 ft: 2897 corp: 782/148Kb lim: 4096 exec/s: 10829 rss: 809Mb L: 114/3853 MS: 2 ChangeBit-EraseBytes-
#2080891	REDUCE cov: 583 ft: 2897 corp: 782/148Kb lim: 4096 exec/s: 10781 rss: 809Mb L: 325/3853 MS: 3 InsertRepeatedBytes-CopyPart-EraseBytes-
#2081517	REDUCE cov: 583 ft: 2897 corp: 782/148Kb lim: 4096 exec/s: 10785 rss: 809Mb L: 27/3853 MS: 1 EraseBytes-
#2088863	REDUCE cov: 583 ft: 2897 corp: 782/148Kb lim: 4096 exec/s: 10767 rss: 810Mb L: 12/3853 MS: 1 EraseBytes-
#2090669	REDUCE cov: 583 ft: 2897 corp: 782/148Kb lim: 4096 exec/s: 10776 rss: 810Mb L: 43/3853 MS: 1 EraseBytes-
#2091365	REDUCE cov: 583 ft: 2897 corp: 782/148Kb lim: 4096 exec/s: 10780 rss: 810Mb L: 156/3853 MS: 1 EraseBytes-
#2091521	REDUCE cov: 583 ft: 2897 corp: 782/148Kb lim: 4096 exec/s: 10781 rss: 810Mb L: 31/3853 MS: 1 EraseBytes-
#2091822	REDUCE cov: 583 ft: 2897 corp: 782/148Kb lim: 4096 exec/s: 10782 rss: 810Mb L: 6/3853 MS: 1 EraseBytes-
#2095289	REDUCE cov: 583 ft: 2897 corp: 782/148Kb lim: 4096 exec/s: 10800 rss: 810Mb L: 20/3853 MS: 2 CopyPart-EraseBytes-
#2095706	REDUCE cov: 583 ft: 2897 corp: 782/148Kb lim: 4096 exec/s: 10802 rss: 810Mb L: 129/3853 MS: 2 ShuffleBytes-EraseBytes-
#2096794	REDUCE cov: 583 ft: 2897 corp: 782/148Kb lim: 4096 exec/s: 10752 rss: 810Mb L: 331/3853 MS: 3 CopyPart-CopyPart-EraseBytes-
#2097152	pulse  cov: 583 ft: 2897 corp: 782/148Kb lim: 4096 exec/s: 10754 rss: 810Mb
#2097475	REDUCE cov: 583 ft: 2897 corp: 782/148Kb lim: 4096 exec/s: 10756 rss: 810Mb L: 149/3853 MS: 1 EraseBytes-
#2099254	REDUCE cov: 583 ft: 2897 corp: 782/148Kb lim: 4096 exec/s: 10765 rss: 810Mb L: 691/3853 MS: 4 CopyPart-EraseBytes-InsertRepeatedBytes-EraseBytes-
#2100227	REDUCE cov: 583 ft: 2897 corp: 782/148Kb lim: 4096 exec/s: 10770 rss: 810Mb L: 758/3853 MS: 3 PersAutoDict-ChangeBinInt-EraseBytes- DE: "(\000"-
#2100283	REDUCE cov: 583 ft: 2897 corp: 782/148Kb lim: 4096 exec/s: 10770 rss: 810Mb L: 283/3853 MS: 1 EraseBytes-
#2100438	REDUCE cov: 583 ft: 2897 corp: 782/148Kb lim: 4096 exec/s: 10771 rss: 810Mb L: 1731/3853 MS: 5 EraseBytes-EraseBytes-InsertByte-ChangeBinInt-CopyPart-
#2100794	REDUCE cov: 583 ft: 2897 corp: 782/148Kb lim: 4096 exec/s: 10773 rss: 810Mb L: 65/3853 MS: 1 EraseBytes-
#2101093	REDUCE cov: 583 ft: 2897 corp: 782/148Kb lim: 4096 exec/s: 10774 rss: 810Mb L: 177/3853 MS: 4 ChangeBit-CopyPart-CMP-EraseBytes- DE: "\\\000\000\000"-
#2102504	REDUCE cov: 583 ft: 2897 corp: 782/148Kb lim: 4096 exec/s: 10782 rss: 810Mb L: 10/3853 MS: 1 EraseBytes-
#2102731	REDUCE cov: 583 ft: 2897 corp: 782/148Kb lim: 4096 exec/s: 10783 rss: 810Mb L: 24/3853 MS: 2 InsertByte-EraseBytes-
#2104289	REDUCE cov: 583 ft: 2897 corp: 782/148Kb lim: 4096 exec/s: 10791 rss: 811Mb L: 78/3853 MS: 3 CopyPart-PersAutoDict-EraseBytes- DE: "\377\377\377\377\377\377\377\377"-
#2104886	REDUCE cov: 583 ft: 2897 corp: 782/148Kb lim: 4096 exec/s: 10739 rss: 811Mb L: 1300/3853 MS: 2 PersAutoDict-EraseBytes- DE: "\000["-
#2104992	REDUCE cov: 583 ft: 2897 corp: 782/148Kb lim: 4096 exec/s: 10739 rss: 811Mb L: 154/3853 MS: 1 EraseBytes-
#2106443	REDUCE cov: 583 ft: 2897 corp: 782/148Kb lim: 4096 exec/s: 10747 rss: 811Mb L: 211/3853 MS: 1 EraseBytes-
#2106860	REDUCE cov: 583 ft: 2897 corp: 782/148Kb lim: 4096 exec/s: 10749 rss: 811Mb L: 22/3853 MS: 2 CopyPart-EraseBytes-
#2107013	REDUCE cov: 583 ft: 2897 corp: 782/148Kb lim: 4096 exec/s: 10750 rss: 811Mb L: 233/3853 MS: 3 ChangeBit-InsertByte-EraseBytes-
#2108444	REDUCE cov: 583 ft: 2897 corp: 782/148Kb lim: 4096 exec/s: 10757 rss: 811Mb L: 72/3853 MS: 1 EraseBytes-
#2111436	REDUCE cov: 583 ft: 2897 corp: 782/148Kb lim: 4096 exec/s: 10772 rss: 811Mb L: 278/3853 MS: 2 CMP-EraseBytes- DE: "\177\000\000\000\000\000\000\000"-
#2111942	REDUCE cov: 583 ft: 2897 corp: 782/148Kb lim: 4096 exec/s: 10775 rss: 811Mb L: 637/3853 MS: 1 EraseBytes-
#2112873	REDUCE cov: 583 ft: 2897 corp: 782/148Kb lim: 4096 exec/s: 10779 rss: 811Mb L: 100/3853 MS: 1 EraseBytes-
#2113970	REDUCE cov: 583 ft: 2897 corp: 782/148Kb lim: 4096 exec/s: 10730 rss: 811Mb L: 205/3853 MS: 2 PersAutoDict-EraseBytes- DE: "\200\000\000\000\000\000\000\001"-
#2114616	REDUCE cov: 583 ft: 2897 corp: 782/148Kb lim: 4096 exec/s: 10734 rss: 811Mb L: 18/3853 MS: 1 EraseBytes-
#2114888	REDUCE cov: 583 ft: 2897 corp: 782/148Kb lim: 4096 exec/s: 10735 rss: 811Mb L: 15/3853 MS: 2 ChangeASCIIInt-EraseBytes-
#2116869	REDUCE cov: 583 ft: 2897 corp: 782/148Kb lim: 4096 exec/s: 10745 rss: 811Mb L: 23/3853 MS: 1 EraseBytes-
#2118235	REDUCE cov: 583 ft: 2897 corp: 782/148Kb lim: 4096 exec/s: 10752 rss: 811Mb L: 22/3853 MS: 1 EraseBytes-
#2119581	REDUCE cov: 583 ft: 2897 corp: 782/148Kb lim: 4096 exec/s: 10759 rss: 811Mb L: 58/3853 MS: 1 EraseBytes-
#2119999	REDUCE cov: 583 ft: 2897 corp: 782/148Kb lim: 4096 exec/s: 10761 rss: 811Mb L: 276/3853 MS: 3 ChangeBinInt-InsertByte-EraseBytes-
#2121268	REDUCE cov: 583 ft: 2897 corp: 782/148Kb lim: 4096 exec/s: 10767 rss: 811Mb L: 315/3853 MS: 4 CopyPart-EraseBytes-ChangeByte-CopyPart-
#2121599	REDUCE cov: 583 ft: 2897 corp: 782/148Kb lim: 4096 exec/s: 10769 rss: 811Mb L: 320/3853 MS: 1 EraseBytes-
#2123426	REDUCE cov: 583 ft: 2897 corp: 782/148Kb lim: 4096 exec/s: 10724 rss: 811Mb L: 34/3853 MS: 2 CopyPart-EraseBytes-
#2124437	REDUCE cov: 583 ft: 2897 corp: 782/148Kb lim: 4096 exec/s: 10729 rss: 811Mb L: 589/3853 MS: 1 EraseBytes-
#2125604	REDUCE cov: 583 ft: 2897 corp: 782/148Kb lim: 4096 exec/s: 10735 rss: 811Mb L: 30/3853 MS: 2 ShuffleBytes-EraseBytes-
#2127755	REDUCE cov: 583 ft: 2897 corp: 782/148Kb lim: 4096 exec/s: 10746 rss: 811Mb L: 988/3853 MS: 1 EraseBytes-
#2127775	REDUCE cov: 583 ft: 2897 corp: 782/148Kb lim: 4096 exec/s: 10746 rss: 811Mb L: 134/3853 MS: 5 ChangeBinInt-EraseBytes-ChangeBit-ChangeByte-PersAutoDict- DE: "'\000"-
#2129551	REDUCE cov: 583 ft: 2897 corp: 782/148Kb lim: 4096 exec/s: 10755 rss: 811Mb L: 9/3853 MS: 1 EraseBytes-
#2130687	REDUCE cov: 583 ft: 2897 corp: 782/148Kb lim: 4096 exec/s: 10706 rss: 811Mb L: 121/3853 MS: 1 EraseBytes-
#2131713	REDUCE cov: 583 ft: 2897 corp: 782/148Kb lim: 4096 exec/s: 10712 rss: 811Mb L: 45/3853 MS: 1 EraseBytes-
#2134755	REDUCE cov: 583 ft: 2897 corp: 782/148Kb lim: 4096 exec/s: 10727 rss: 811Mb L: 34/3853 MS: 2 ShuffleBytes-EraseBytes-
#2135371	REDUCE cov: 583 ft: 2897 corp: 782/148Kb lim: 4096 exec/s: 10730 rss: 811Mb L: 9/3853 MS: 1 EraseBytes-
#2136422	REDUCE cov: 583 ft: 2897 corp: 782/148Kb lim: 4096 exec/s: 10735 rss: 811Mb L: 27/3853 MS: 1 EraseBytes-
#2137563	REDUCE cov: 583 ft: 2897 corp: 782/148Kb lim: 4096 exec/s: 10741 rss: 811Mb L: 40/3853 MS: 1 EraseBytes-
#2137664	REDUCE cov: 583 ft: 2897 corp: 782/148Kb lim: 4096 exec/s: 10742 rss: 811Mb L: 11/3853 MS: 1 EraseBytes-
#2137741	REDUCE cov: 583 ft: 2897 corp: 782/148Kb lim: 4096 exec/s: 10742 rss: 811Mb L: 1028/3853 MS: 2 EraseBytes-ChangeBit-
#2137828	REDUCE cov: 583 ft: 2897 corp: 782/148Kb lim: 4096 exec/s: 10742 rss: 811Mb L: 9/3853 MS: 2 ChangeBinInt-EraseBytes-
#2138198	REDUCE cov: 583 ft: 2901 corp: 783/150Kb lim: 4096 exec/s: 10744 rss: 811Mb L: 1650/3853 MS: 5 CopyPart-PersAutoDict-InsertRepeatedBytes-ChangeBit-CopyPart- DE: "\000\000\000\001"-
#2140814	REDUCE cov: 583 ft: 2901 corp: 783/149Kb lim: 4096 exec/s: 10704 rss: 811Mb L: 3632/3853 MS: 1 EraseBytes-
#2141005	REDUCE cov: 583 ft: 2901 corp: 783/149Kb lim: 4096 exec/s: 10705 rss: 811Mb L: 135/3853 MS: 1 EraseBytes-
#2142702	REDUCE cov: 583 ft: 2901 corp: 783/149Kb lim: 4096 exec/s: 10713 rss: 811Mb L: 237/3853 MS: 2 ChangeByte-EraseBytes-
#2143905	REDUCE cov: 583 ft: 2901 corp: 783/149Kb lim: 4096 exec/s: 10719 rss: 811Mb L: 40/3853 MS: 3 InsertRepeatedBytes-PersAutoDict-EraseBytes- DE: "\001\000\000\000\000\000\000\000"-
#2144161	REDUCE cov: 583 ft: 2901 corp: 783/149Kb lim: 4096 exec/s: 10720 rss: 811Mb L: 77/3853 MS: 1 EraseBytes-
#2144982	REDUCE cov: 583 ft: 2901 corp: 783/149Kb lim: 4096 exec/s: 10724 rss: 811Mb L: 130/3853 MS: 1 EraseBytes-
#2146032	REDUCE cov: 583 ft: 2901 corp: 783/149Kb lim: 4096 exec/s: 10730 rss: 811Mb L: 1640/3853 MS: 5 CopyPart-ShuffleBytes-InsertByte-EraseBytes-EraseBytes-
#2147372	REDUCE cov: 583 ft: 2901 corp: 783/149Kb lim: 4096 exec/s: 10736 rss: 811Mb L: 2271/3853 MS: 5 PersAutoDict-ChangeBit-ShuffleBytes-InsertByte-EraseBytes- DE: "\205\000"-
#2148243	REDUCE cov: 583 ft: 2901 corp: 783/149Kb lim: 4096 exec/s: 10687 rss: 811Mb L: 12/3853 MS: 1 EraseBytes-
#2148484	REDUCE cov: 583 ft: 2901 corp: 783/149Kb lim: 4096 exec/s: 10688 rss: 811Mb L: 23/3853 MS: 1 EraseBytes-
#2148674	REDUCE cov: 583 ft: 2901 corp: 783/149Kb lim: 4096 exec/s: 10689 rss: 811Mb L: 1604/3853 MS: 5 InsertByte-CopyPart-InsertByte-ShuffleBytes-EraseBytes-
#2149204	REDUCE cov: 583 ft: 2901 corp: 783/149Kb lim: 4096 exec/s: 10692 rss: 811Mb L: 42/3853 MS: 5 ChangeBit-CrossOver-CrossOver-CopyPart-EraseBytes-
#2149353	REDUCE cov: 583 ft: 2901 corp: 783/149Kb lim: 4096 exec/s: 10693 rss: 811Mb L: 1730/3853 MS: 4 InsertByte-ChangeASCIIInt-CopyPart-EraseBytes-
#2153052	REDUCE cov: 583 ft: 2901 corp: 783/149Kb lim: 4096 exec/s: 10711 rss: 811Mb L: 244/3853 MS: 4 ShuffleBytes-PersAutoDict-ChangeBit-EraseBytes- DE: "\000s"-
#2153633	REDUCE cov: 583 ft: 2901 corp: 783/149Kb lim: 4096 exec/s: 10714 rss: 811Mb L: 36/3853 MS: 1 EraseBytes-
#2153725	REDUCE cov: 583 ft: 2901 corp: 783/149Kb lim: 4096 exec/s: 10715 rss: 811Mb L: 22/3853 MS: 2 ChangeBit-EraseBytes-
#2156776	REDUCE cov: 583 ft: 2901 corp: 783/149Kb lim: 4096 exec/s: 10730 rss: 811Mb L: 56/3853 MS: 1 EraseBytes-
#2157418	REDUCE cov: 583 ft: 2901 corp: 783/149Kb lim: 4096 exec/s: 10680 rss: 811Mb L: 24/3853 MS: 2 ChangeBinInt-EraseBytes-
#2157624	REDUCE cov: 583 ft: 2901 corp: 783/149Kb lim: 4096 exec/s: 10681 rss: 811Mb L: 112/3853 MS: 1 EraseBytes-
#2157651	REDUCE cov: 583 ft: 2901 corp: 783/149Kb lim: 4096 exec/s: 10681 rss: 811Mb L: 59/3853 MS: 2 ShuffleBytes-EraseBytes-
#2158097	REDUCE cov: 583 ft: 2901 corp: 783/149Kb lim: 4096 exec/s: 10683 rss: 811Mb L: 118/3853 MS: 1 EraseBytes-
#2159353	REDUCE cov: 583 ft: 2901 corp: 783/149Kb lim: 4096 exec/s: 10689 rss: 811Mb L: 317/3853 MS: 1 EraseBytes-
#2160404	REDUCE cov: 583 ft: 2901 corp: 783/149Kb lim: 4096 exec/s: 10695 rss: 811Mb L: 16/3853 MS: 1 EraseBytes-
#2161505	REDUCE cov: 583 ft: 2901 corp: 783/149Kb lim: 4096 exec/s: 10700 rss: 811Mb L: 72/3853 MS: 1 EraseBytes-
#2162611	REDUCE cov: 583 ft: 2901 corp: 783/149Kb lim: 4096 exec/s: 10705 rss: 811Mb L: 72/3853 MS: 1 EraseBytes-
#2162907	REDUCE cov: 583 ft: 2901 corp: 783/149Kb lim: 4096 exec/s: 10707 rss: 811Mb L: 22/3853 MS: 1 EraseBytes-
#2163408	REDUCE cov: 583 ft: 2901 corp: 783/149Kb lim: 4096 exec/s: 10709 rss: 811Mb L: 579/3853 MS: 1 EraseBytes-
#2164527	REDUCE cov: 583 ft: 2901 corp: 783/149Kb lim: 4096 exec/s: 10715 rss: 811Mb L: 22/3853 MS: 4 InsertByte-ShuffleBytes-ShuffleBytes-EraseBytes-
#2166154	REDUCE cov: 583 ft: 2901 corp: 783/149Kb lim: 4096 exec/s: 10670 rss: 811Mb L: 87/3853 MS: 2 ChangeBinInt-EraseBytes-
#2166986	REDUCE cov: 583 ft: 2901 corp: 783/149Kb lim: 4096 exec/s: 10674 rss: 811Mb L: 93/3853 MS: 2 ChangeBit-EraseBytes-
#2167603	REDUCE cov: 583 ft: 2901 corp: 783/149Kb lim: 4096 exec/s: 10677 rss: 811Mb L: 3140/3853 MS: 2 CopyPart-EraseBytes-
#2168834	REDUCE cov: 583 ft: 2901 corp: 783/149Kb lim: 4096 exec/s: 10683 rss: 811Mb L: 14/3853 MS: 1 EraseBytes-
#2169767	REDUCE cov: 583 ft: 2901 corp: 783/149Kb lim: 4096 exec/s: 10688 rss: 811Mb L: 276/3853 MS: 3 ChangeByte-ChangeByte-EraseBytes-
#2169954	REDUCE cov: 583 ft: 2901 corp: 783/149Kb lim: 4096 exec/s: 10689 rss: 811Mb L: 102/3853 MS: 2 InsertByte-EraseBytes-
#2170146	REDUCE cov: 583 ft: 2901 corp: 783/149Kb lim: 4096 exec/s: 10690 rss: 811Mb L: 2866/3853 MS: 2 ChangeBit-EraseBytes-
#2170472	REDUCE cov: 583 ft: 2901 corp: 783/149Kb lim: 4096 exec/s: 10691 rss: 811Mb L: 23/3853 MS: 1 EraseBytes-
#2170858	REDUCE cov: 583 ft: 2901 corp: 783/149Kb lim: 4096 exec/s: 10693 rss: 811Mb L: 522/3853 MS: 1 EraseBytes-
#2171206	REDUCE cov: 583 ft: 2901 corp: 783/149Kb lim: 4096 exec/s: 10695 rss: 811Mb L: 143/3853 MS: 3 CopyPart-ShuffleBytes-EraseBytes-
#2172178	REDUCE cov: 583 ft: 2901 corp: 783/149Kb lim: 4096 exec/s: 10700 rss: 811Mb L: 106/3853 MS: 2 ChangeBit-EraseBytes-
#2173213	REDUCE cov: 583 ft: 2903 corp: 784/152Kb lim: 4096 exec/s: 10705 rss: 811Mb L: 3084/3853 MS: 5 CopyPart-CopyPart-ChangeByte-ChangeBit-CopyPart-
#2173512	REDUCE cov: 583 ft: 2903 corp: 784/152Kb lim: 4096 exec/s: 10706 rss: 811Mb L: 3054/3853 MS: 4 InsertByte-CopyPart-ShuffleBytes-EraseBytes-
#2173543	REDUCE cov: 583 ft: 2903 corp: 784/152Kb lim: 4096 exec/s: 10707 rss: 811Mb L: 17/3853 MS: 1 EraseBytes-
#2174780	REDUCE cov: 583 ft: 2903 corp: 784/152Kb lim: 4096 exec/s: 10660 rss: 811Mb L: 126/3853 MS: 2 ShuffleBytes-EraseBytes-
#2178169	REDUCE cov: 583 ft: 2903 corp: 784/152Kb lim: 4096 exec/s: 10677 rss: 812Mb L: 226/3853 MS: 4 InsertByte-EraseBytes-ChangeBinInt-CopyPart-
#2180056	REDUCE cov: 583 ft: 2903 corp: 784/152Kb lim: 4096 exec/s: 10686 rss: 812Mb L: 85/3853 MS: 2 CopyPart-EraseBytes-
#2180323	REDUCE cov: 583 ft: 2903 corp: 784/152Kb lim: 4096 exec/s: 10687 rss: 812Mb L: 3036/3853 MS: 2 ChangeBinInt-EraseBytes-
#2181439	REDUCE cov: 583 ft: 2903 corp: 784/152Kb lim: 4096 exec/s: 10693 rss: 812Mb L: 27/3853 MS: 1 EraseBytes-
#2181950	REDUCE cov: 583 ft: 2903 corp: 784/152Kb lim: 4096 exec/s: 10643 rss: 812Mb L: 283/3853 MS: 1 EraseBytes-
#2182496	REDUCE cov: 583 ft: 2903 corp: 784/152Kb lim: 4096 exec/s: 10646 rss: 812Mb L: 33/3853 MS: 1 EraseBytes-
#2182806	REDUCE cov: 583 ft: 2903 corp: 784/152Kb lim: 4096 exec/s: 10647 rss: 812Mb L: 40/3853 MS: 5 InsertByte-EraseBytes-InsertByte-ChangeBit-ChangeBinInt-
#2183067	REDUCE cov: 583 ft: 2903 corp: 784/152Kb lim: 4096 exec/s: 10649 rss: 812Mb L: 950/3853 MS: 1 EraseBytes-
#2183815	REDUCE cov: 583 ft: 2903 corp: 784/152Kb lim: 4096 exec/s: 10652 rss: 812Mb L: 22/3853 MS: 3 ShuffleBytes-EraseBytes-ChangeBit-
#2184506	REDUCE cov: 583 ft: 2903 corp: 784/152Kb lim: 4096 exec/s: 10656 rss: 812Mb L: 164/3853 MS: 1 EraseBytes-
#2187051	REDUCE cov: 583 ft: 2903 corp: 784/152Kb lim: 4096 exec/s: 10668 rss: 812Mb L: 34/3853 MS: 5 CopyPart-ShuffleBytes-CopyPart-CopyPart-EraseBytes-
#2187154	REDUCE cov: 583 ft: 2903 corp: 784/152Kb lim: 4096 exec/s: 10669 rss: 812Mb L: 170/3853 MS: 3 InsertByte-ChangeByte-EraseBytes-
#2188231	REDUCE cov: 583 ft: 2903 corp: 784/152Kb lim: 4096 exec/s: 10674 rss: 812Mb L: 89/3853 MS: 2 CopyPart-EraseBytes-
#2190554	REDUCE cov: 583 ft: 2903 corp: 784/152Kb lim: 4096 exec/s: 10633 rss: 812Mb L: 743/3853 MS: 3 ChangeByte-ShuffleBytes-EraseBytes-
#2190772	REDUCE cov: 583 ft: 2903 corp: 784/152Kb lim: 4096 exec/s: 10634 rss: 812Mb L: 2852/3853 MS: 3 CopyPart-ShuffleBytes-EraseBytes-
#2190800	REDUCE cov: 583 ft: 2903 corp: 784/152Kb lim: 4096 exec/s: 10634 rss: 812Mb L: 2717/3853 MS: 3 InsertRepeatedBytes-InsertRepeatedBytes-EraseBytes-
#2192036	REDUCE cov: 583 ft: 2903 corp: 784/152Kb lim: 4096 exec/s: 10640 rss: 812Mb L: 194/3853 MS: 1 EraseBytes-
#2192517	REDUCE cov: 583 ft: 2903 corp: 784/152Kb lim: 4096 exec/s: 10643 rss: 812Mb L: 243/3853 MS: 1 EraseBytes-
#2192966	REDUCE cov: 583 ft: 2903 corp: 784/151Kb lim: 4096 exec/s: 10645 rss: 812Mb L: 2688/3853 MS: 4 CMP-InsertByte-InsertRepeatedBytes-EraseBytes- DE: "\206\000"-
#2193494	REDUCE cov: 583 ft: 2903 corp: 784/151Kb lim: 4096 exec/s: 10648 rss: 812Mb L: 71/3853 MS: 3 ChangeBit-EraseBytes-InsertByte-
#2194637	REDUCE cov: 583 ft: 2903 corp: 784/151Kb lim: 4096 exec/s: 10653 rss: 813Mb L: 83/3853 MS: 3 ChangeByte-ChangeBinInt-EraseBytes-
#2195721	REDUCE cov: 583 ft: 2903 corp: 784/151Kb lim: 4096 exec/s: 10658 rss: 813Mb L: 3120/3853 MS: 4 PersAutoDict-EraseBytes-CMP-CopyPart- DE: "\246\000"-"\000\000\000\000\000\000\000\000"-
#2196579	REDUCE cov: 583 ft: 2903 corp: 784/151Kb lim: 4096 exec/s: 10611 rss: 813Mb L: 40/3853 MS: 3 ChangeByte-PersAutoDict-EraseBytes- DE: "\206\000"-
#2196896	REDUCE cov: 583 ft: 2903 corp: 784/151Kb lim: 4096 exec/s: 10613 rss: 813Mb L: 2666/3853 MS: 2 InsertByte-EraseBytes-
#2198530	REDUCE cov: 583 ft: 2903 corp: 784/151Kb lim: 4096 exec/s: 10620 rss: 813Mb L: 2347/3853 MS: 4 ChangeByte-ChangeASCIIInt-PersAutoDict-EraseBytes- DE: "\001\000\0001"-
#2199797	REDUCE cov: 583 ft: 2903 corp: 784/151Kb lim: 4096 exec/s: 10627 rss: 813Mb L: 53/3853 MS: 2 CopyPart-EraseBytes-
#2199994	REDUCE cov: 583 ft: 2903 corp: 784/151Kb lim: 4096 exec/s: 10627 rss: 813Mb L: 2266/3853 MS: 2 PersAutoDict-EraseBytes- DE: "\177\000\000\000\000\000\000\003"-
#2200010	REDUCE cov: 583 ft: 2903 corp: 784/151Kb lim: 4096 exec/s: 10628 rss: 813Mb L: 26/3853 MS: 1 EraseBytes-
#2201881	REDUCE cov: 583 ft: 2903 corp: 784/151Kb lim: 4096 exec/s: 10637 rss: 813Mb L: 314/3853 MS: 1 EraseBytes-
#2203042	REDUCE cov: 583 ft: 2903 corp: 784/151Kb lim: 4096 exec/s: 10642 rss: 813Mb L: 538/3853 MS: 1 EraseBytes-
#2203411	REDUCE cov: 583 ft: 2903 corp: 784/151Kb lim: 4096 exec/s: 10644 rss: 813Mb L: 2583/3853 MS: 4 ShuffleBytes-ChangeByte-ShuffleBytes-CrossOver-
#2203773	REDUCE cov: 583 ft: 2903 corp: 784/151Kb lim: 4096 exec/s: 10646 rss: 813Mb L: 24/3853 MS: 2 ChangeBinInt-EraseBytes-
#2205663	REDUCE cov: 583 ft: 2903 corp: 784/151Kb lim: 4096 exec/s: 10604 rss: 813Mb L: 285/3853 MS: 5 ShuffleBytes-ChangeBit-InsertByte-ChangeASCIIInt-EraseBytes-
#2205891	REDUCE cov: 583 ft: 2903 corp: 784/151Kb lim: 4096 exec/s: 10605 rss: 813Mb L: 2572/3853 MS: 3 PersAutoDict-CrossOver-EraseBytes- DE: "'\000"-
#2206269	REDUCE cov: 583 ft: 2903 corp: 784/151Kb lim: 4096 exec/s: 10607 rss: 813Mb L: 178/3853 MS: 3 EraseBytes-CopyPart-CopyPart-
#2206985	REDUCE cov: 583 ft: 2903 corp: 784/151Kb lim: 4096 exec/s: 10610 rss: 813Mb L: 22/3853 MS: 1 EraseBytes-
#2207156	REDUCE cov: 583 ft: 2903 corp: 784/151Kb lim: 4096 exec/s: 10611 rss: 813Mb L: 3082/3853 MS: 1 EraseBytes-
#2210343	REDUCE cov: 583 ft: 2903 corp: 784/151Kb lim: 4096 exec/s: 10626 rss: 813Mb L: 216/3853 MS: 2 ShuffleBytes-EraseBytes-
#2210975	REDUCE cov: 583 ft: 2903 corp: 784/151Kb lim: 4096 exec/s: 10629 rss: 813Mb L: 14/3853 MS: 2 ChangeBit-EraseBytes-
#2212023	REDUCE cov: 583 ft: 2903 corp: 784/151Kb lim: 4096 exec/s: 10583 rss: 813Mb L: 17/3853 MS: 3 ShuffleBytes-EraseBytes-CopyPart-
#2212185	REDUCE cov: 583 ft: 2903 corp: 784/151Kb lim: 4096 exec/s: 10584 rss: 813Mb L: 1409/3853 MS: 2 CopyPart-EraseBytes-
#2212446	REDUCE cov: 583 ft: 2903 corp: 784/151Kb lim: 4096 exec/s: 10585 rss: 813Mb L: 3597/3853 MS: 1 EraseBytes-
#2213317	REDUCE cov: 583 ft: 2903 corp: 784/151Kb lim: 4096 exec/s: 10590 rss: 813Mb L: 309/3853 MS: 1 EraseBytes-
#2213720	REDUCE cov: 583 ft: 2903 corp: 784/151Kb lim: 4096 exec/s: 10591 rss: 813Mb L: 27/3853 MS: 3 CMP-PersAutoDict-EraseBytes- DE: "\377\007"-"\000\000\000\231"-
#2213966	REDUCE cov: 583 ft: 2903 corp: 784/151Kb lim: 4096 exec/s: 10593 rss: 813Mb L: 423/3853 MS: 1 EraseBytes-
#2214007	REDUCE cov: 583 ft: 2903 corp: 784/151Kb lim: 4096 exec/s: 10593 rss: 813Mb L: 34/3853 MS: 1 EraseBytes-
#2215622	REDUCE cov: 583 ft: 2903 corp: 784/151Kb lim: 4096 exec/s: 10601 rss: 813Mb L: 17/3853 MS: 5 InsertByte-ChangeBit-EraseBytes-CopyPart-EraseBytes-
#2217803	REDUCE cov: 583 ft: 2903 corp: 784/151Kb lim: 4096 exec/s: 10611 rss: 813Mb L: 61/3853 MS: 1 EraseBytes-
#2219885	REDUCE cov: 583 ft: 2903 corp: 784/151Kb lim: 4096 exec/s: 10570 rss: 813Mb L: 75/3853 MS: 2 ChangeASCIIInt-EraseBytes-
#2220328	REDUCE cov: 583 ft: 2903 corp: 784/151Kb lim: 4096 exec/s: 10572 rss: 813Mb L: 1444/3853 MS: 3 InsertByte-PersAutoDict-CrossOver- DE: "\011\000\000\000\000\000\000\000"-
#2221461	REDUCE cov: 583 ft: 2903 corp: 784/151Kb lim: 4096 exec/s: 10578 rss: 814Mb L: 2570/3853 MS: 3 ShuffleBytes-ChangeByte-EraseBytes-
#2221576	REDUCE cov: 583 ft: 2903 corp: 784/151Kb lim: 4096 exec/s: 10578 rss: 814Mb L: 19/3853 MS: 5 ChangeByte-ShuffleBytes-ChangeASCIIInt-ChangeASCIIInt-EraseBytes-
#2221752	REDUCE cov: 583 ft: 2903 corp: 784/151Kb lim: 4096 exec/s: 10579 rss: 814Mb L: 65/3853 MS: 1 EraseBytes-
#2222573	REDUCE cov: 583 ft: 2903 corp: 784/151Kb lim: 4096 exec/s: 10583 rss: 814Mb L: 111/3853 MS: 1 EraseBytes-
#2222660	REDUCE cov: 583 ft: 2903 corp: 784/151Kb lim: 4096 exec/s: 10584 rss: 814Mb L: 69/3853 MS: 2 ChangeASCIIInt-EraseBytes-
#2223621	REDUCE cov: 583 ft: 2903 corp: 784/151Kb lim: 4096 exec/s: 10588 rss: 814Mb L: 37/3853 MS: 1 EraseBytes-
#2223938	REDUCE cov: 583 ft: 2903 corp: 784/151Kb lim: 4096 exec/s: 10590 rss: 814Mb L: 2992/3853 MS: 2 ChangeBinInt-EraseBytes-
#2224374	REDUCE cov: 583 ft: 2903 corp: 784/151Kb lim: 4096 exec/s: 10592 rss: 814Mb L: 28/3853 MS: 1 EraseBytes-
#2224421	REDUCE cov: 583 ft: 2903 corp: 784/151Kb lim: 4096 exec/s: 10592 rss: 814Mb L: 242/3853 MS: 2 CopyPart-EraseBytes-
#2224893	REDUCE cov: 583 ft: 2903 corp: 784/151Kb lim: 4096 exec/s: 10594 rss: 814Mb L: 14/3853 MS: 2 ChangeASCIIInt-EraseBytes-
#2226984	REDUCE cov: 583 ft: 2903 corp: 784/151Kb lim: 4096 exec/s: 10554 rss: 814Mb L: 672/3853 MS: 1 EraseBytes-
#2227655	REDUCE cov: 583 ft: 2903 corp: 784/151Kb lim: 4096 exec/s: 10557 rss: 815Mb L: 300/3853 MS: 1 EraseBytes-
#2229116	REDUCE cov: 583 ft: 2903 corp: 784/151Kb lim: 4096 exec/s: 10564 rss: 815Mb L: 9/3853 MS: 1 EraseBytes-
#2229952	REDUCE cov: 583 ft: 2903 corp: 784/151Kb lim: 4096 exec/s: 10568 rss: 815Mb L: 109/3853 MS: 1 EraseBytes-
#2230793	REDUCE cov: 583 ft: 2903 corp: 784/151Kb lim: 4096 exec/s: 10572 rss: 815Mb L: 64/3853 MS: 1 EraseBytes-
#2232380	REDUCE cov: 583 ft: 2903 corp: 784/151Kb lim: 4096 exec/s: 10580 rss: 815Mb L: 214/3853 MS: 2 ChangeByte-EraseBytes-
#2232476	REDUCE cov: 583 ft: 2903 corp: 784/151Kb lim: 4096 exec/s: 10580 rss: 815Mb L: 39/3853 MS: 1 EraseBytes-
#2232650	REDUCE cov: 583 ft: 2903 corp: 784/151Kb lim: 4096 exec/s: 10581 rss: 815Mb L: 1405/3853 MS: 4 ChangeBit-CopyPart-CopyPart-EraseBytes-
#2233357	REDUCE cov: 583 ft: 2903 corp: 784/151Kb lim: 4096 exec/s: 10584 rss: 815Mb L: 118/3853 MS: 2 PersAutoDict-EraseBytes- DE: "\001\000\000-"-
#2233433	REDUCE cov: 583 ft: 2903 corp: 784/151Kb lim: 4096 exec/s: 10584 rss: 815Mb L: 1459/3853 MS: 1 EraseBytes-
#2234385	REDUCE cov: 583 ft: 2903 corp: 784/151Kb lim: 4096 exec/s: 10589 rss: 815Mb L: 530/3853 MS: 2 ShuffleBytes-EraseBytes-
#2235716	REDUCE cov: 583 ft: 2903 corp: 784/151Kb lim: 4096 exec/s: 10545 rss: 815Mb L: 26/3853 MS: 1 EraseBytes-
#2237603	REDUCE cov: 583 ft: 2903 corp: 784/151Kb lim: 4096 exec/s: 10554 rss: 815Mb L: 48/3853 MS: 2 CopyPart-EraseBytes-
#2238055	REDUCE cov: 583 ft: 2903 corp: 784/151Kb lim: 4096 exec/s: 10556 rss: 815Mb L: 59/3853 MS: 2 ChangeByte-EraseBytes-
#2238231	REDUCE cov: 583 ft: 2903 corp: 784/151Kb lim: 4096 exec/s: 10557 rss: 815Mb L: 120/3853 MS: 1 EraseBytes-
#2240042	REDUCE cov: 583 ft: 2903 corp: 784/151Kb lim: 4096 exec/s: 10566 rss: 815Mb L: 13/3853 MS: 1 EraseBytes-
#2241298	REDUCE cov: 583 ft: 2903 corp: 784/150Kb lim: 4096 exec/s: 10572 rss: 815Mb L: 551/3853 MS: 1 EraseBytes-
#2242689	REDUCE cov: 583 ft: 2903 corp: 784/150Kb lim: 4096 exec/s: 10529 rss: 815Mb L: 16/3853 MS: 1 EraseBytes-
#2245680	REDUCE cov: 583 ft: 2903 corp: 784/150Kb lim: 4096 exec/s: 10543 rss: 815Mb L: 10/3853 MS: 1 EraseBytes-
#2245887	REDUCE cov: 583 ft: 2903 corp: 784/150Kb lim: 4096 exec/s: 10544 rss: 815Mb L: 27/3853 MS: 2 EraseBytes-CopyPart-
#2247913	REDUCE cov: 583 ft: 2903 corp: 784/150Kb lim: 4096 exec/s: 10553 rss: 815Mb L: 12/3853 MS: 1 EraseBytes-
#2248075	REDUCE cov: 583 ft: 2903 corp: 784/150Kb lim: 4096 exec/s: 10554 rss: 815Mb L: 22/3853 MS: 2 InsertByte-EraseBytes-
#2248136	REDUCE cov: 583 ft: 2903 corp: 784/150Kb lim: 4096 exec/s: 10554 rss: 815Mb L: 338/3853 MS: 1 EraseBytes-
#2248987	REDUCE cov: 583 ft: 2903 corp: 784/150Kb lim: 4096 exec/s: 10558 rss: 815Mb L: 29/3853 MS: 1 EraseBytes-
#2249907	REDUCE cov: 583 ft: 2903 corp: 784/150Kb lim: 4096 exec/s: 10562 rss: 815Mb L: 52/3853 MS: 5 EraseBytes-PersAutoDict-ShuffleBytes-InsertByte-CopyPart- DE: "\000\000\000\231"-
#2251048	REDUCE cov: 583 ft: 2903 corp: 784/150Kb lim: 4096 exec/s: 10568 rss: 815Mb L: 74/3853 MS: 1 EraseBytes-
#2252794	REDUCE cov: 583 ft: 2903 corp: 784/150Kb lim: 4096 exec/s: 10527 rss: 815Mb L: 114/3853 MS: 1 EraseBytes-
#2253437	REDUCE cov: 583 ft: 2903 corp: 784/150Kb lim: 4096 exec/s: 10530 rss: 815Mb L: 380/3853 MS: 3 EraseBytes-InsertByte-CopyPart-
#2253723	REDUCE cov: 583 ft: 2903 corp: 784/150Kb lim: 4096 exec/s: 10531 rss: 815Mb L: 30/3853 MS: 1 EraseBytes-
#2254064	REDUCE cov: 583 ft: 2903 corp: 784/150Kb lim: 4096 exec/s: 10533 rss: 815Mb L: 99/3853 MS: 1 EraseBytes-
#2256755	REDUCE cov: 583 ft: 2903 corp: 784/150Kb lim: 4096 exec/s: 10545 rss: 815Mb L: 49/3853 MS: 1 EraseBytes-
#2256946	REDUCE cov: 583 ft: 2903 corp: 784/150Kb lim: 4096 exec/s: 10546 rss: 815Mb L: 18/3853 MS: 1 EraseBytes-
#2257933	REDUCE cov: 583 ft: 2903 corp: 784/150Kb lim: 4096 exec/s: 10551 rss: 815Mb L: 31/3853 MS: 2 InsertByte-EraseBytes-
#2257980	REDUCE cov: 583 ft: 2903 corp: 784/150Kb lim: 4096 exec/s: 10551 rss: 815Mb L: 70/3853 MS: 2 ChangeByte-EraseBytes-
#2258036	REDUCE cov: 583 ft: 2903 corp: 784/150Kb lim: 4096 exec/s: 10551 rss: 815Mb L: 50/3853 MS: 1 EraseBytes-
#2259700	REDUCE cov: 583 ft: 2903 corp: 784/150Kb lim: 4096 exec/s: 10559 rss: 815Mb L: 139/3853 MS: 4 InsertRepeatedBytes-EraseBytes-InsertByte-InsertByte-
#2262251	REDUCE cov: 583 ft: 2903 corp: 784/150Kb lim: 4096 exec/s: 10522 rss: 815Mb L: 57/3853 MS: 1 EraseBytes-
#2262467	REDUCE cov: 583 ft: 2903 corp: 784/150Kb lim: 4096 exec/s: 10523 rss: 815Mb L: 3039/3853 MS: 1 EraseBytes-
#2263593	REDUCE cov: 583 ft: 2903 corp: 784/150Kb lim: 4096 exec/s: 10528 rss: 815Mb L: 44/3853 MS: 1 EraseBytes-
#2265999	REDUCE cov: 583 ft: 2903 corp: 784/150Kb lim: 4096 exec/s: 10539 rss: 815Mb L: 134/3853 MS: 1 EraseBytes-
#2266174	REDUCE cov: 583 ft: 2904 corp: 785/153Kb lim: 4096 exec/s: 10540 rss: 815Mb L: 2813/3853 MS: 5 ShuffleBytes-PersAutoDict-CopyPart-ShuffleBytes-CopyPart- DE: ",\000\000\000"-
#2267870	REDUCE cov: 583 ft: 2904 corp: 785/153Kb lim: 4096 exec/s: 10548 rss: 815Mb L: 96/3853 MS: 1 EraseBytes-
#2267973	REDUCE cov: 583 ft: 2904 corp: 785/153Kb lim: 4096 exec/s: 10548 rss: 815Mb L: 42/3853 MS: 3 CopyPart-EraseBytes-CopyPart-
#2268564	REDUCE cov: 583 ft: 2904 corp: 785/153Kb lim: 4096 exec/s: 10502 rss: 815Mb L: 495/3853 MS: 1 EraseBytes-
#2269411	REDUCE cov: 583 ft: 2904 corp: 785/153Kb lim: 4096 exec/s: 10506 rss: 815Mb L: 376/3853 MS: 2 ChangeBit-EraseBytes-
#2271279	REDUCE cov: 583 ft: 2904 corp: 785/153Kb lim: 4096 exec/s: 10515 rss: 815Mb L: 118/3853 MS: 3 CopyPart-PersAutoDict-EraseBytes- DE: "\000\000\000\000\000\000\000\017"-
#2271415	NEW    cov: 583 ft: 2905 corp: 786/157Kb lim: 4096 exec/s: 10515 rss: 815Mb L: 3936/3936 MS: 1 CopyPart-
#2271582	REDUCE cov: 583 ft: 2905 corp: 786/157Kb lim: 4096 exec/s: 10516 rss: 815Mb L: 83/3936 MS: 2 ChangeBit-EraseBytes-
#2273781	REDUCE cov: 583 ft: 2905 corp: 786/157Kb lim: 4096 exec/s: 10526 rss: 815Mb L: 21/3936 MS: 4 InsertByte-ChangeBinInt-EraseBytes-CopyPart-
#2274083	REDUCE cov: 583 ft: 2905 corp: 786/157Kb lim: 4096 exec/s: 10528 rss: 815Mb L: 137/3936 MS: 2 ChangeByte-EraseBytes-
#2274339	REDUCE cov: 583 ft: 2905 corp: 786/157Kb lim: 4096 exec/s: 10529 rss: 815Mb L: 282/3936 MS: 1 EraseBytes-
#2274571	REDUCE cov: 583 ft: 2905 corp: 786/157Kb lim: 4096 exec/s: 10530 rss: 815Mb L: 26/3936 MS: 2 ChangeBit-EraseBytes-
#2274942	REDUCE cov: 583 ft: 2905 corp: 786/157Kb lim: 4096 exec/s: 10532 rss: 815Mb L: 13/3936 MS: 1 EraseBytes-
#2275468	REDUCE cov: 583 ft: 2905 corp: 786/157Kb lim: 4096 exec/s: 10534 rss: 815Mb L: 31/3936 MS: 1 EraseBytes-
#2275716	REDUCE cov: 583 ft: 2905 corp: 786/157Kb lim: 4096 exec/s: 10535 rss: 815Mb L: 21/3936 MS: 3 ChangeBit-CopyPart-EraseBytes-
#2275982	REDUCE cov: 583 ft: 2905 corp: 786/157Kb lim: 4096 exec/s: 10536 rss: 815Mb L: 217/3936 MS: 1 EraseBytes-
#2277123	REDUCE cov: 583 ft: 2905 corp: 786/157Kb lim: 4096 exec/s: 10493 rss: 815Mb L: 93/3936 MS: 1 EraseBytes-
#2278870	REDUCE cov: 583 ft: 2905 corp: 786/157Kb lim: 4096 exec/s: 10501 rss: 815Mb L: 469/3936 MS: 2 ChangeByte-EraseBytes-
#2279121	REDUCE cov: 583 ft: 2905 corp: 786/156Kb lim: 4096 exec/s: 10502 rss: 815Mb L: 3336/3853 MS: 1 EraseBytes-
#2279270	REDUCE cov: 583 ft: 2905 corp: 786/156Kb lim: 4096 exec/s: 10503 rss: 815Mb L: 203/3853 MS: 4 PersAutoDict-PersAutoDict-InsertRepeatedBytes-EraseBytes- DE: "\000\000\000\010"-"X\026\000\000"-
#2279287	REDUCE cov: 583 ft: 2905 corp: 786/156Kb lim: 4096 exec/s: 10503 rss: 815Mb L: 39/3853 MS: 2 ChangeASCIIInt-EraseBytes-
#2279868	REDUCE cov: 583 ft: 2905 corp: 786/156Kb lim: 4096 exec/s: 10506 rss: 815Mb L: 13/3853 MS: 1 EraseBytes-
#2281149	REDUCE cov: 583 ft: 2905 corp: 786/156Kb lim: 4096 exec/s: 10512 rss: 815Mb L: 35/3853 MS: 1 EraseBytes-
#2281911	REDUCE cov: 583 ft: 2905 corp: 786/156Kb lim: 4096 exec/s: 10467 rss: 815Mb L: 2837/3853 MS: 2 ChangeBinInt-EraseBytes-
#2282351	REDUCE cov: 583 ft: 2905 corp: 786/156Kb lim: 4096 exec/s: 10469 rss: 815Mb L: 2980/3853 MS: 5 CMP-CMP-EraseBytes-ShuffleBytes-PersAutoDict- DE: "\001\000\000 "-"\000\000\000\000\000\000\000\000"-"\204\000\000\000"-
#2282937	REDUCE cov: 583 ft: 2905 corp: 786/156Kb lim: 4096 exec/s: 10472 rss: 815Mb L: 200/3853 MS: 1 EraseBytes-
#2283365	REDUCE cov: 583 ft: 2905 corp: 786/156Kb lim: 4096 exec/s: 10474 rss: 815Mb L: 485/3853 MS: 3 PersAutoDict-ChangeByte-EraseBytes- DE: "\000\200"-
#2284122	REDUCE cov: 583 ft: 2905 corp: 786/156Kb lim: 4096 exec/s: 10477 rss: 815Mb L: 80/3853 MS: 2 ShuffleBytes-EraseBytes-
#2285040	REDUCE cov: 583 ft: 2905 corp: 786/156Kb lim: 4096 exec/s: 10481 rss: 815Mb L: 242/3853 MS: 3 InsertByte-ShuffleBytes-EraseBytes-
#2288777	REDUCE cov: 583 ft: 2905 corp: 786/156Kb lim: 4096 exec/s: 10498 rss: 815Mb L: 53/3853 MS: 2 EraseBytes-CopyPart-
#2290320	REDUCE cov: 583 ft: 2905 corp: 786/156Kb lim: 4096 exec/s: 10458 rss: 815Mb L: 206/3853 MS: 3 ChangeBit-EraseBytes-CopyPart-
#2293856	REDUCE cov: 583 ft: 2905 corp: 786/156Kb lim: 4096 exec/s: 10474 rss: 815Mb L: 87/3853 MS: 1 EraseBytes-
#2294337	REDUCE cov: 583 ft: 2905 corp: 786/156Kb lim: 4096 exec/s: 10476 rss: 815Mb L: 18/3853 MS: 1 EraseBytes-
#2294833	REDUCE cov: 583 ft: 2905 corp: 786/156Kb lim: 4096 exec/s: 10478 rss: 815Mb L: 7/3853 MS: 1 EraseBytes-
#2295729	REDUCE cov: 583 ft: 2905 corp: 786/156Kb lim: 4096 exec/s: 10482 rss: 815Mb L: 414/3853 MS: 1 EraseBytes-
#2297680	REDUCE cov: 583 ft: 2905 corp: 786/156Kb lim: 4096 exec/s: 10444 rss: 815Mb L: 2307/3853 MS: 1 EraseBytes-
#2299412	REDUCE cov: 583 ft: 2905 corp: 786/156Kb lim: 4096 exec/s: 10451 rss: 815Mb L: 59/3853 MS: 2 InsertByte-EraseBytes-
#2299635	REDUCE cov: 583 ft: 2905 corp: 786/156Kb lim: 4096 exec/s: 10452 rss: 815Mb L: 2183/3853 MS: 3 PersAutoDict-CopyPart-EraseBytes- DE: "\001\000\000a"-
#2302998	REDUCE cov: 583 ft: 2905 corp: 786/156Kb lim: 4096 exec/s: 10468 rss: 815Mb L: 48/3853 MS: 3 ChangeBit-EraseBytes-CopyPart-
#2304451	REDUCE cov: 583 ft: 2905 corp: 786/156Kb lim: 4096 exec/s: 10474 rss: 815Mb L: 768/3853 MS: 3 ChangeASCIIInt-CrossOver-EraseBytes-
#2306042	REDUCE cov: 583 ft: 2905 corp: 786/156Kb lim: 4096 exec/s: 10482 rss: 815Mb L: 68/3853 MS: 1 EraseBytes-
#2306173	REDUCE cov: 583 ft: 2905 corp: 786/156Kb lim: 4096 exec/s: 10482 rss: 815Mb L: 38/3853 MS: 1 EraseBytes-
#2307789	REDUCE cov: 583 ft: 2905 corp: 786/156Kb lim: 4096 exec/s: 10442 rss: 815Mb L: 825/3853 MS: 1 EraseBytes-
#2309552	REDUCE cov: 583 ft: 2905 corp: 786/156Kb lim: 4096 exec/s: 10450 rss: 815Mb L: 762/3853 MS: 3 ChangeBinInt-ChangeBinInt-EraseBytes-
#2310733	REDUCE cov: 583 ft: 2905 corp: 786/156Kb lim: 4096 exec/s: 10455 rss: 815Mb L: 343/3853 MS: 1 EraseBytes-
#2310839	REDUCE cov: 583 ft: 2905 corp: 786/156Kb lim: 4096 exec/s: 10456 rss: 815Mb L: 472/3853 MS: 1 EraseBytes-
#2311150	REDUCE cov: 583 ft: 2905 corp: 786/156Kb lim: 4096 exec/s: 10457 rss: 815Mb L: 11/3853 MS: 1 EraseBytes-
#2311521	REDUCE cov: 583 ft: 2905 corp: 786/156Kb lim: 4096 exec/s: 10459 rss: 815Mb L: 191/3853 MS: 1 EraseBytes-
#2311964	REDUCE cov: 583 ft: 2905 corp: 786/156Kb lim: 4096 exec/s: 10461 rss: 815Mb L: 21/3853 MS: 3 EraseBytes-ChangeASCIIInt-CopyPart-
#2312301	REDUCE cov: 583 ft: 2905 corp: 786/156Kb lim: 4096 exec/s: 10462 rss: 815Mb L: 520/3853 MS: 2 ChangeByte-EraseBytes-
#2312782	REDUCE cov: 583 ft: 2905 corp: 786/156Kb lim: 4096 exec/s: 10465 rss: 815Mb L: 189/3853 MS: 1 EraseBytes-
#2313905	REDUCE cov: 583 ft: 2905 corp: 786/156Kb lim: 4096 exec/s: 10470 rss: 815Mb L: 133/3853 MS: 3 ShuffleBytes-EraseBytes-CrossOver-
#2315780	REDUCE cov: 583 ft: 2905 corp: 786/155Kb lim: 4096 exec/s: 10431 rss: 815Mb L: 2256/3853 MS: 5 ShuffleBytes-ChangeASCIIInt-ChangeASCIIInt-EraseBytes-CopyPart-
#2316349	REDUCE cov: 583 ft: 2905 corp: 786/155Kb lim: 4096 exec/s: 10434 rss: 815Mb L: 107/3853 MS: 4 InsertByte-PersAutoDict-ChangeBinInt-EraseBytes- DE: "\001\000\000\000"-
#2316565	REDUCE cov: 583 ft: 2905 corp: 786/155Kb lim: 4096 exec/s: 10434 rss: 815Mb L: 19/3853 MS: 1 EraseBytes-
#2318326	REDUCE cov: 583 ft: 2905 corp: 786/155Kb lim: 4096 exec/s: 10442 rss: 815Mb L: 45/3853 MS: 1 EraseBytes-
#2321392	REDUCE cov: 583 ft: 2905 corp: 786/155Kb lim: 4096 exec/s: 10456 rss: 815Mb L: 12/3853 MS: 1 EraseBytes-
#2321421	REDUCE cov: 583 ft: 2905 corp: 786/155Kb lim: 4096 exec/s: 10456 rss: 815Mb L: 86/3853 MS: 4 ChangeBinInt-ChangeByte-CopyPart-EraseBytes-
#2321907	REDUCE cov: 583 ft: 2905 corp: 786/155Kb lim: 4096 exec/s: 10459 rss: 815Mb L: 32/3853 MS: 1 EraseBytes-
#2322775	REDUCE cov: 583 ft: 2905 corp: 786/155Kb lim: 4096 exec/s: 10416 rss: 815Mb L: 166/3853 MS: 3 ShuffleBytes-InsertByte-EraseBytes-
#2324276	REDUCE cov: 583 ft: 2905 corp: 786/155Kb lim: 4096 exec/s: 10422 rss: 815Mb L: 31/3853 MS: 1 EraseBytes-
#2326037	REDUCE cov: 583 ft: 2905 corp: 786/155Kb lim: 4096 exec/s: 10430 rss: 815Mb L: 32/3853 MS: 1 EraseBytes-
#2326233	REDUCE cov: 583 ft: 2905 corp: 786/155Kb lim: 4096 exec/s: 10431 rss: 815Mb L: 28/3853 MS: 1 EraseBytes-
#2327049	REDUCE cov: 583 ft: 2905 corp: 786/155Kb lim: 4096 exec/s: 10435 rss: 815Mb L: 314/3853 MS: 1 EraseBytes-
#2327251	REDUCE cov: 583 ft: 2905 corp: 786/155Kb lim: 4096 exec/s: 10436 rss: 815Mb L: 13/3853 MS: 2 PersAutoDict-EraseBytes- DE: "\001\000\000\000"-
#2327368	REDUCE cov: 583 ft: 2905 corp: 786/155Kb lim: 4096 exec/s: 10436 rss: 815Mb L: 23/3853 MS: 2 ShuffleBytes-EraseBytes-
#2328689	REDUCE cov: 583 ft: 2905 corp: 786/155Kb lim: 4096 exec/s: 10442 rss: 815Mb L: 22/3853 MS: 1 EraseBytes-
#2329630	REDUCE cov: 583 ft: 2905 corp: 786/155Kb lim: 4096 exec/s: 10400 rss: 816Mb L: 184/3853 MS: 1 EraseBytes-
#2331546	REDUCE cov: 583 ft: 2905 corp: 786/155Kb lim: 4096 exec/s: 10408 rss: 816Mb L: 95/3853 MS: 1 EraseBytes-
#2332667	REDUCE cov: 583 ft: 2905 corp: 786/155Kb lim: 4096 exec/s: 10413 rss: 816Mb L: 35/3853 MS: 1 EraseBytes-
#2333265	REDUCE cov: 583 ft: 2905 corp: 786/155Kb lim: 4096 exec/s: 10416 rss: 816Mb L: 128/3853 MS: 3 ChangeBinInt-CMP-EraseBytes- DE: "\377\377\377\377\377\377\377S"-
#2334587	REDUCE cov: 583 ft: 2905 corp: 786/155Kb lim: 4096 exec/s: 10422 rss: 816Mb L: 16/3853 MS: 2 InsertByte-EraseBytes-
#2336962	REDUCE cov: 583 ft: 2905 corp: 786/155Kb lim: 4096 exec/s: 10432 rss: 816Mb L: 390/3853 MS: 5 InsertByte-EraseBytes-ChangeBit-ShuffleBytes-CopyPart-
#2338093	REDUCE cov: 583 ft: 2905 corp: 786/155Kb lim: 4096 exec/s: 10391 rss: 816Mb L: 536/3853 MS: 1 EraseBytes-
#2338351	REDUCE cov: 583 ft: 2905 corp: 786/155Kb lim: 4096 exec/s: 10392 rss: 816Mb L: 8/3853 MS: 3 EraseBytes-CopyPart-CopyPart-
#2338892	REDUCE cov: 583 ft: 2905 corp: 786/155Kb lim: 4096 exec/s: 10395 rss: 816Mb L: 528/3853 MS: 1 EraseBytes-
#2339605	REDUCE cov: 583 ft: 2905 corp: 786/155Kb lim: 4096 exec/s: 10398 rss: 816Mb L: 2729/3853 MS: 3 InsertRepeatedBytes-ChangeASCIIInt-EraseBytes-
#2340662	REDUCE cov: 583 ft: 2905 corp: 786/155Kb lim: 4096 exec/s: 10402 rss: 816Mb L: 669/3853 MS: 2 InsertByte-EraseBytes-
#2340685	REDUCE cov: 583 ft: 2905 corp: 786/155Kb lim: 4096 exec/s: 10403 rss: 816Mb L: 136/3853 MS: 3 ChangeBit-EraseBytes-CopyPart-
#2344100	REDUCE cov: 583 ft: 2905 corp: 786/155Kb lim: 4096 exec/s: 10418 rss: 816Mb L: 89/3853 MS: 5 ChangeBinInt-ChangeASCIIInt-ChangeBit-InsertByte-EraseBytes-
#2344141	REDUCE cov: 583 ft: 2905 corp: 786/155Kb lim: 4096 exec/s: 10418 rss: 816Mb L: 35/3853 MS: 1 EraseBytes-
#2344837	REDUCE cov: 583 ft: 2905 corp: 786/155Kb lim: 4096 exec/s: 10421 rss: 816Mb L: 41/3853 MS: 1 EraseBytes-
#2346398	REDUCE cov: 583 ft: 2905 corp: 786/155Kb lim: 4096 exec/s: 10382 rss: 816Mb L: 543/3853 MS: 1 EraseBytes-
#2347254	REDUCE cov: 583 ft: 2905 corp: 786/155Kb lim: 4096 exec/s: 10386 rss: 816Mb L: 55/3853 MS: 1 EraseBytes-
#2348600	REDUCE cov: 583 ft: 2905 corp: 786/155Kb lim: 4096 exec/s: 10392 rss: 816Mb L: 18/3853 MS: 1 EraseBytes-
#2349001	REDUCE cov: 583 ft: 2905 corp: 786/155Kb lim: 4096 exec/s: 10393 rss: 816Mb L: 71/3853 MS: 1 EraseBytes-
#2350097	REDUCE cov: 583 ft: 2905 corp: 786/155Kb lim: 4096 exec/s: 10398 rss: 816Mb L: 2527/3853 MS: 1 EraseBytes-
#2351496	REDUCE cov: 583 ft: 2905 corp: 786/155Kb lim: 4096 exec/s: 10404 rss: 816Mb L: 31/3853 MS: 4 EraseBytes-EraseBytes-ShuffleBytes-CopyPart-
#2352283	REDUCE cov: 583 ft: 2905 corp: 786/155Kb lim: 4096 exec/s: 10408 rss: 816Mb L: 54/3853 MS: 2 PersAutoDict-EraseBytes- DE: "\001\\"-
#2353401	REDUCE cov: 583 ft: 2905 corp: 786/155Kb lim: 4096 exec/s: 10367 rss: 816Mb L: 3502/3853 MS: 3 CrossOver-EraseBytes-CopyPart-
#2354743	REDUCE cov: 583 ft: 2905 corp: 786/155Kb lim: 4096 exec/s: 10373 rss: 816Mb L: 42/3853 MS: 2 EraseBytes-CopyPart-
#2358720	REDUCE cov: 583 ft: 2905 corp: 786/155Kb lim: 4096 exec/s: 10390 rss: 816Mb L: 15/3853 MS: 2 ShuffleBytes-EraseBytes-
#2358726	REDUCE cov: 583 ft: 2905 corp: 786/155Kb lim: 4096 exec/s: 10390 rss: 816Mb L: 15/3853 MS: 1 EraseBytes-
#2360694	REDUCE cov: 583 ft: 2905 corp: 786/155Kb lim: 4096 exec/s: 10399 rss: 816Mb L: 135/3853 MS: 3 EraseBytes-ChangeByte-CopyPart-
#2361740	REDUCE cov: 583 ft: 2905 corp: 786/155Kb lim: 4096 exec/s: 10358 rss: 816Mb L: 36/3853 MS: 1 EraseBytes-
#2364545	REDUCE cov: 583 ft: 2905 corp: 786/155Kb lim: 4096 exec/s: 10370 rss: 816Mb L: 1399/3853 MS: 5 ChangeBinInt-ShuffleBytes-InsertByte-CrossOver-EraseBytes-
#2364842	REDUCE cov: 583 ft: 2905 corp: 786/155Kb lim: 4096 exec/s: 10372 rss: 816Mb L: 160/3853 MS: 2 EraseBytes-InsertByte-
#2365218	REDUCE cov: 583 ft: 2905 corp: 786/155Kb lim: 4096 exec/s: 10373 rss: 816Mb L: 55/3853 MS: 1 EraseBytes-
#2365374	REDUCE cov: 583 ft: 2905 corp: 786/155Kb lim: 4096 exec/s: 10374 rss: 816Mb L: 2470/3853 MS: 1 EraseBytes-
#2366110	REDUCE cov: 583 ft: 2905 corp: 786/155Kb lim: 4096 exec/s: 10377 rss: 816Mb L: 35/3853 MS: 1 EraseBytes-
#2367187	REDUCE cov: 583 ft: 2905 corp: 786/155Kb lim: 4096 exec/s: 10382 rss: 816Mb L: 47/3853 MS: 2 ChangeBit-EraseBytes-
#2368481	REDUCE cov: 583 ft: 2905 corp: 786/155Kb lim: 4096 exec/s: 10388 rss: 816Mb L: 556/3853 MS: 4 ChangeBit-InsertByte-ChangeByte-EraseBytes-
#2370213	REDUCE cov: 583 ft: 2905 corp: 786/155Kb lim: 4096 exec/s: 10350 rss: 816Mb L: 26/3853 MS: 2 InsertByte-EraseBytes-
#2370331	REDUCE cov: 583 ft: 2905 corp: 786/155Kb lim: 4096 exec/s: 10350 rss: 816Mb L: 1185/3853 MS: 3 PersAutoDict-ChangeBit-EraseBytes- DE: "\001\005"-
#2371753	REDUCE cov: 583 ft: 2905 corp: 786/155Kb lim: 4096 exec/s: 10357 rss: 816Mb L: 64/3853 MS: 2 PersAutoDict-EraseBytes- DE: "\012\000\000\000"-
#2372030	REDUCE cov: 583 ft: 2905 corp: 786/155Kb lim: 4096 exec/s: 10358 rss: 816Mb L: 2788/3853 MS: 2 EraseBytes-CopyPart-
#2374343	REDUCE cov: 583 ft: 2905 corp: 786/155Kb lim: 4096 exec/s: 10368 rss: 816Mb L: 240/3853 MS: 3 ChangeBinInt-CMP-EraseBytes- DE: "\377\377\377\377\377\377\377\243"-
#2375684	REDUCE cov: 583 ft: 2905 corp: 786/155Kb lim: 4096 exec/s: 10374 rss: 816Mb L: 21/3853 MS: 1 EraseBytes-
#2378363	REDUCE cov: 583 ft: 2905 corp: 786/155Kb lim: 4096 exec/s: 10385 rss: 816Mb L: 23/3853 MS: 4 ChangeBit-ChangeByte-ChangeBinInt-EraseBytes-
#2381745	REDUCE cov: 583 ft: 2905 corp: 786/155Kb lim: 4096 exec/s: 10355 rss: 816Mb L: 6/3853 MS: 2 ChangeBit-EraseBytes-
#2381873	REDUCE cov: 583 ft: 2905 corp: 786/155Kb lim: 4096 exec/s: 10355 rss: 816Mb L: 44/3853 MS: 3 ChangeByte-EraseBytes-CopyPart-
#2383639	REDUCE cov: 583 ft: 2905 corp: 786/155Kb lim: 4096 exec/s: 10363 rss: 816Mb L: 21/3853 MS: 1 EraseBytes-
#2385172	REDUCE cov: 583 ft: 2905 corp: 786/155Kb lim: 4096 exec/s: 10370 rss: 816Mb L: 17/3853 MS: 3 ChangeBit-ShuffleBytes-EraseBytes-
#2385274	REDUCE cov: 583 ft: 2905 corp: 786/155Kb lim: 4096 exec/s: 10370 rss: 816Mb L: 1383/3853 MS: 2 ChangeBinInt-EraseBytes-
#2386225	REDUCE cov: 583 ft: 2905 corp: 786/155Kb lim: 4096 exec/s: 10374 rss: 816Mb L: 41/3853 MS: 1 EraseBytes-
#2386536	REDUCE cov: 583 ft: 2905 corp: 786/155Kb lim: 4096 exec/s: 10376 rss: 816Mb L: 95/3853 MS: 1 EraseBytes-
#2387062	REDUCE cov: 583 ft: 2905 corp: 786/155Kb lim: 4096 exec/s: 10333 rss: 816Mb L: 106/3853 MS: 1 EraseBytes-
#2387423	REDUCE cov: 583 ft: 2905 corp: 786/155Kb lim: 4096 exec/s: 10335 rss: 816Mb L: 30/3853 MS: 1 EraseBytes-
#2389098	REDUCE cov: 583 ft: 2905 corp: 786/155Kb lim: 4096 exec/s: 10342 rss: 816Mb L: 40/3853 MS: 5 CopyPart-InsertByte-InsertByte-CopyPart-EraseBytes-
#2389404	REDUCE cov: 583 ft: 2905 corp: 786/155Kb lim: 4096 exec/s: 10343 rss: 816Mb L: 271/3853 MS: 1 EraseBytes-
#2390020	REDUCE cov: 583 ft: 2905 corp: 786/155Kb lim: 4096 exec/s: 10346 rss: 816Mb L: 46/3853 MS: 1 EraseBytes-
#2391546	REDUCE cov: 583 ft: 2905 corp: 786/155Kb lim: 4096 exec/s: 10353 rss: 816Mb L: 386/3853 MS: 1 EraseBytes-
#2391688	REDUCE cov: 583 ft: 2905 corp: 786/155Kb lim: 4096 exec/s: 10353 rss: 816Mb L: 60/3853 MS: 2 PersAutoDict-EraseBytes- DE: " \000\000\000\000\000\000\000"-
#2393161	REDUCE cov: 583 ft: 2905 corp: 786/155Kb lim: 4096 exec/s: 10360 rss: 816Mb L: 262/3853 MS: 3 ChangeByte-ChangeASCIIInt-EraseBytes-
#2394158	REDUCE cov: 583 ft: 2905 corp: 786/155Kb lim: 4096 exec/s: 10364 rss: 816Mb L: 43/3853 MS: 2 ChangeByte-EraseBytes-
#2396240	REDUCE cov: 583 ft: 2905 corp: 786/155Kb lim: 4096 exec/s: 10328 rss: 816Mb L: 38/3853 MS: 2 PersAutoDict-EraseBytes- DE: "\0006"-
#2396435	REDUCE cov: 583 ft: 2905 corp: 786/155Kb lim: 4096 exec/s: 10329 rss: 816Mb L: 3453/3853 MS: 5 InsertByte-ChangeByte-EraseBytes-ChangeByte-CopyPart-
#2396781	REDUCE cov: 583 ft: 2905 corp: 786/155Kb lim: 4096 exec/s: 10330 rss: 816Mb L: 2462/3853 MS: 1 EraseBytes-
#2397472	REDUCE cov: 583 ft: 2905 corp: 786/155Kb lim: 4096 exec/s: 10333 rss: 816Mb L: 12/3853 MS: 1 EraseBytes-
#2397513	REDUCE cov: 583 ft: 2905 corp: 786/155Kb lim: 4096 exec/s: 10334 rss: 816Mb L: 9/3853 MS: 1 EraseBytes-
#2397588	REDUCE cov: 583 ft: 2905 corp: 786/155Kb lim: 4096 exec/s: 10334 rss: 816Mb L: 2944/3853 MS: 5 ShuffleBytes-ChangeByte-CopyPart-ChangeBinInt-CrossOver-
#2398347	REDUCE cov: 583 ft: 2905 corp: 786/155Kb lim: 4096 exec/s: 10337 rss: 816Mb L: 236/3853 MS: 4 ShuffleBytes-CopyPart-CMP-EraseBytes- DE: "\000\000\000\000"-
#2398955	REDUCE cov: 583 ft: 2905 corp: 786/155Kb lim: 4096 exec/s: 10340 rss: 816Mb L: 317/3853 MS: 3 EraseBytes-ChangeASCIIInt-ChangeByte-
#2403177	REDUCE cov: 583 ft: 2905 corp: 786/155Kb lim: 4096 exec/s: 10358 rss: 816Mb L: 86/3853 MS: 2 EraseBytes-CopyPart-
#2403683	REDUCE cov: 583 ft: 2905 corp: 786/155Kb lim: 4096 exec/s: 10360 rss: 816Mb L: 34/3853 MS: 1 EraseBytes-
#2404175	REDUCE cov: 583 ft: 2905 corp: 786/155Kb lim: 4096 exec/s: 10318 rss: 816Mb L: 387/3853 MS: 2 ChangeBinInt-EraseBytes-
#2404542	REDUCE cov: 583 ft: 2905 corp: 786/155Kb lim: 4096 exec/s: 10319 rss: 816Mb L: 260/3853 MS: 2 ShuffleBytes-EraseBytes-
#2405013	REDUCE cov: 583 ft: 2905 corp: 786/155Kb lim: 4096 exec/s: 10321 rss: 816Mb L: 14/3853 MS: 1 EraseBytes-
#2405457	REDUCE cov: 583 ft: 2905 corp: 786/155Kb lim: 4096 exec/s: 10323 rss: 816Mb L: 197/3853 MS: 4 PersAutoDict-ChangeByte-EraseBytes-CopyPart- DE: "\000\016"-
#2407279	REDUCE cov: 583 ft: 2905 corp: 786/155Kb lim: 4096 exec/s: 10331 rss: 816Mb L: 195/3853 MS: 2 ChangeASCIIInt-EraseBytes-
#2407526	REDUCE cov: 583 ft: 2905 corp: 786/155Kb lim: 4096 exec/s: 10332 rss: 816Mb L: 266/3853 MS: 2 EraseBytes-CrossOver-
#2409857	REDUCE cov: 583 ft: 2905 corp: 786/155Kb lim: 4096 exec/s: 10342 rss: 816Mb L: 110/3853 MS: 1 EraseBytes-
#2410718	NEW    cov: 583 ft: 2907 corp: 787/155Kb lim: 4096 exec/s: 10346 rss: 816Mb L: 52/3853 MS: 1 CopyPart-
#2410911	REDUCE cov: 583 ft: 2907 corp: 787/155Kb lim: 4096 exec/s: 10347 rss: 816Mb L: 164/3853 MS: 3 InsertByte-ShuffleBytes-EraseBytes-
#2412017	REDUCE cov: 583 ft: 2907 corp: 787/155Kb lim: 4096 exec/s: 10352 rss: 816Mb L: 91/3853 MS: 1 EraseBytes-
#2415763	REDUCE cov: 583 ft: 2907 corp: 787/155Kb lim: 4096 exec/s: 10323 rss: 816Mb L: 19/3853 MS: 1 EraseBytes-
#2421209	REDUCE cov: 583 ft: 2907 corp: 787/155Kb lim: 4096 exec/s: 10303 rss: 816Mb L: 427/3853 MS: 1 EraseBytes-
#2421575	REDUCE cov: 583 ft: 2907 corp: 787/155Kb lim: 4096 exec/s: 10304 rss: 816Mb L: 53/3853 MS: 1 EraseBytes-
#2421715	REDUCE cov: 583 ft: 2907 corp: 787/155Kb lim: 4096 exec/s: 10305 rss: 816Mb L: 736/3853 MS: 5 ShuffleBytes-ShuffleBytes-InsertByte-InsertByte-EraseBytes-
#2425482	REDUCE cov: 583 ft: 2907 corp: 787/155Kb lim: 4096 exec/s: 10321 rss: 816Mb L: 81/3853 MS: 2 CopyPart-EraseBytes-
#2425568	REDUCE cov: 583 ft: 2909 corp: 788/155Kb lim: 4096 exec/s: 10321 rss: 816Mb L: 65/3853 MS: 1 CopyPart-
#2426084	REDUCE cov: 583 ft: 2909 corp: 788/155Kb lim: 4096 exec/s: 10323 rss: 816Mb L: 551/3853 MS: 1 EraseBytes-
#2426450	REDUCE cov: 583 ft: 2909 corp: 788/155Kb lim: 4096 exec/s: 10325 rss: 816Mb L: 308/3853 MS: 1 EraseBytes-
#2426976	REDUCE cov: 583 ft: 2909 corp: 788/155Kb lim: 4096 exec/s: 10327 rss: 816Mb L: 462/3853 MS: 1 EraseBytes-
#2427549	REDUCE cov: 583 ft: 2909 corp: 788/155Kb lim: 4096 exec/s: 10329 rss: 816Mb L: 45/3853 MS: 3 ShuffleBytes-InsertByte-EraseBytes-
#2429700	REDUCE cov: 583 ft: 2909 corp: 788/155Kb lim: 4096 exec/s: 10295 rss: 816Mb L: 18/3853 MS: 1 EraseBytes-
#2430100	REDUCE cov: 583 ft: 2909 corp: 788/155Kb lim: 4096 exec/s: 10297 rss: 816Mb L: 532/3853 MS: 5 CMP-CopyPart-InsertRepeatedBytes-ChangeBit-EraseBytes- DE: "\205\000\000\000"-
#2431457	REDUCE cov: 583 ft: 2909 corp: 788/155Kb lim: 4096 exec/s: 10302 rss: 816Mb L: 665/3853 MS: 2 InsertRepeatedBytes-EraseBytes-
#2432069	REDUCE cov: 583 ft: 2909 corp: 788/155Kb lim: 4096 exec/s: 10305 rss: 816Mb L: 31/3853 MS: 2 ChangeBinInt-EraseBytes-
#2432630	REDUCE cov: 583 ft: 2909 corp: 788/155Kb lim: 4096 exec/s: 10307 rss: 816Mb L: 34/3853 MS: 1 EraseBytes-
#2432843	REDUCE cov: 583 ft: 2909 corp: 788/155Kb lim: 4096 exec/s: 10308 rss: 816Mb L: 181/3853 MS: 3 CMP-ChangeByte-EraseBytes- DE: "\377\377\000\377"-
#2433954	REDUCE cov: 583 ft: 2909 corp: 788/155Kb lim: 4096 exec/s: 10313 rss: 816Mb L: 203/3853 MS: 1 EraseBytes-
#2434121	REDUCE cov: 583 ft: 2909 corp: 788/155Kb lim: 4096 exec/s: 10314 rss: 816Mb L: 230/3853 MS: 2 ChangeBinInt-EraseBytes-
#2434854	REDUCE cov: 583 ft: 2909 corp: 788/155Kb lim: 4096 exec/s: 10317 rss: 816Mb L: 33/3853 MS: 3 CopyPart-CopyPart-EraseBytes-
#2435316	REDUCE cov: 583 ft: 2909 corp: 788/155Kb lim: 4096 exec/s: 10319 rss: 816Mb L: 41/3853 MS: 2 InsertByte-EraseBytes-
#2436379	REDUCE cov: 583 ft: 2909 corp: 788/155Kb lim: 4096 exec/s: 10323 rss: 816Mb L: 78/3853 MS: 3 EraseBytes-InsertByte-CopyPart-
#2437156	REDUCE cov: 583 ft: 2909 corp: 788/155Kb lim: 4096 exec/s: 10326 rss: 816Mb L: 282/3853 MS: 2 PersAutoDict-EraseBytes- DE: "\377\377\377\007"-
#2437754	REDUCE cov: 583 ft: 2909 corp: 788/155Kb lim: 4096 exec/s: 10329 rss: 816Mb L: 52/3853 MS: 3 EraseBytes-ChangeByte-CopyPart-
#2440914	REDUCE cov: 583 ft: 2909 corp: 788/155Kb lim: 4096 exec/s: 10299 rss: 816Mb L: 413/3853 MS: 5 ShuffleBytes-ChangeByte-ChangeByte-PersAutoDict-EraseBytes- DE: "c\000\000\000"-
#2441055	REDUCE cov: 583 ft: 2909 corp: 788/155Kb lim: 4096 exec/s: 10299 rss: 816Mb L: 24/3853 MS: 1 EraseBytes-
#2441296	REDUCE cov: 583 ft: 2909 corp: 788/155Kb lim: 4096 exec/s: 10300 rss: 816Mb L: 599/3853 MS: 1 EraseBytes-
#2441532	REDUCE cov: 583 ft: 2909 corp: 788/155Kb lim: 4096 exec/s: 10301 rss: 816Mb L: 587/3853 MS: 1 EraseBytes-
#2443558	REDUCE cov: 583 ft: 2909 corp: 788/155Kb lim: 4096 exec/s: 10310 rss: 816Mb L: 21/3853 MS: 1 EraseBytes-
#2444879	REDUCE cov: 583 ft: 2909 corp: 788/155Kb lim: 4096 exec/s: 10315 rss: 816Mb L: 288/3853 MS: 1 EraseBytes-
#2445247	REDUCE cov: 583 ft: 2909 corp: 788/155Kb lim: 4096 exec/s: 10317 rss: 816Mb L: 625/3853 MS: 3 EraseBytes-CopyPart-CopyPart-
#2446086	REDUCE cov: 583 ft: 2909 corp: 788/154Kb lim: 4096 exec/s: 10321 rss: 816Mb L: 2590/3853 MS: 4 ChangeBit-CopyPart-InsertByte-EraseBytes-
#2449967	REDUCE cov: 583 ft: 2909 corp: 788/154Kb lim: 4096 exec/s: 10293 rss: 816Mb L: 9/3853 MS: 1 EraseBytes-
#2450908	REDUCE cov: 583 ft: 2909 corp: 788/154Kb lim: 4096 exec/s: 10297 rss: 816Mb L: 39/3853 MS: 1 EraseBytes-
#2452225	REDUCE cov: 583 ft: 2909 corp: 788/154Kb lim: 4096 exec/s: 10303 rss: 816Mb L: 1242/3853 MS: 2 ShuffleBytes-EraseBytes-
#2452451	REDUCE cov: 583 ft: 2909 corp: 788/154Kb lim: 4096 exec/s: 10304 rss: 816Mb L: 38/3853 MS: 1 EraseBytes-
#2453097	REDUCE cov: 583 ft: 2909 corp: 788/154Kb lim: 4096 exec/s: 10307 rss: 816Mb L: 507/3853 MS: 1 EraseBytes-
#2453458	REDUCE cov: 583 ft: 2909 corp: 788/154Kb lim: 4096 exec/s: 10308 rss: 816Mb L: 37/3853 MS: 1 EraseBytes-
#2454064	REDUCE cov: 583 ft: 2909 corp: 788/154Kb lim: 4096 exec/s: 10311 rss: 816Mb L: 96/3853 MS: 1 EraseBytes-
#2454782	REDUCE cov: 583 ft: 2909 corp: 788/154Kb lim: 4096 exec/s: 10314 rss: 816Mb L: 259/3853 MS: 3 CopyPart-ShuffleBytes-EraseBytes-
#2455733	REDUCE cov: 583 ft: 2909 corp: 788/154Kb lim: 4096 exec/s: 10318 rss: 816Mb L: 735/3853 MS: 1 EraseBytes-
#2460241	REDUCE cov: 583 ft: 2909 corp: 788/154Kb lim: 4096 exec/s: 10293 rss: 816Mb L: 39/3853 MS: 3 ChangeByte-ChangeBit-EraseBytes-
#2461150	REDUCE cov: 583 ft: 2909 corp: 788/154Kb lim: 4096 exec/s: 10297 rss: 816Mb L: 194/3853 MS: 4 ChangeByte-InsertByte-ChangeASCIIInt-EraseBytes-
#2461456	REDUCE cov: 583 ft: 2909 corp: 788/154Kb lim: 4096 exec/s: 10298 rss: 816Mb L: 22/3853 MS: 1 EraseBytes-
#2461757	REDUCE cov: 583 ft: 2909 corp: 788/154Kb lim: 4096 exec/s: 10300 rss: 816Mb L: 517/3853 MS: 1 EraseBytes-
#2462303	REDUCE cov: 583 ft: 2909 corp: 788/154Kb lim: 4096 exec/s: 10302 rss: 816Mb L: 487/3853 MS: 1 EraseBytes-
#2462441	REDUCE cov: 583 ft: 2909 corp: 788/154Kb lim: 4096 exec/s: 10303 rss: 816Mb L: 739/3853 MS: 3 PersAutoDict-ChangeBinInt-EraseBytes- DE: "\377\377\377?"-
#2465403	REDUCE cov: 583 ft: 2909 corp: 788/154Kb lim: 4096 exec/s: 10272 rss: 816Mb L: 1949/3853 MS: 2 ChangeByte-EraseBytes-
#2467479	REDUCE cov: 583 ft: 2909 corp: 788/154Kb lim: 4096 exec/s: 10281 rss: 816Mb L: 2919/3853 MS: 1 EraseBytes-
#2468825	REDUCE cov: 583 ft: 2909 corp: 788/154Kb lim: 4096 exec/s: 10286 rss: 816Mb L: 23/3853 MS: 1 EraseBytes-
#2469063	REDUCE cov: 583 ft: 2909 corp: 788/154Kb lim: 4096 exec/s: 10287 rss: 816Mb L: 57/3853 MS: 3 ChangeBinInt-ChangeBit-EraseBytes-
#2469644	REDUCE cov: 583 ft: 2909 corp: 788/154Kb lim: 4096 exec/s: 10290 rss: 816Mb L: 108/3853 MS: 1 EraseBytes-
#2473128	REDUCE cov: 583 ft: 2909 corp: 788/154Kb lim: 4096 exec/s: 10304 rss: 816Mb L: 969/3853 MS: 4 ShuffleBytes-ShuffleBytes-ChangeASCIIInt-EraseBytes-
#2477785	REDUCE cov: 583 ft: 2909 corp: 788/154Kb lim: 4096 exec/s: 10281 rss: 816Mb L: 114/3853 MS: 2 ChangeBit-EraseBytes-
#2481831	REDUCE cov: 583 ft: 2909 corp: 788/154Kb lim: 4096 exec/s: 10298 rss: 816Mb L: 100/3853 MS: 1 EraseBytes-
#2482198	REDUCE cov: 583 ft: 2909 corp: 788/154Kb lim: 4096 exec/s: 10257 rss: 816Mb L: 15/3853 MS: 2 ChangeBinInt-EraseBytes-
#2482419	REDUCE cov: 583 ft: 2909 corp: 788/154Kb lim: 4096 exec/s: 10257 rss: 816Mb L: 15/3853 MS: 1 EraseBytes-
#2482425	REDUCE cov: 583 ft: 2909 corp: 788/154Kb lim: 4096 exec/s: 10257 rss: 816Mb L: 12/3853 MS: 1 EraseBytes-
#2483006	REDUCE cov: 583 ft: 2909 corp: 788/154Kb lim: 4096 exec/s: 10260 rss: 816Mb L: 103/3853 MS: 1 EraseBytes-
#2484727	REDUCE cov: 583 ft: 2909 corp: 788/154Kb lim: 4096 exec/s: 10267 rss: 816Mb L: 52/3853 MS: 1 EraseBytes-
#2487900	REDUCE cov: 583 ft: 2909 corp: 788/154Kb lim: 4096 exec/s: 10280 rss: 816Mb L: 164/3853 MS: 3 ChangeBinInt-ChangeASCIIInt-EraseBytes-
#2488781	REDUCE cov: 583 ft: 2909 corp: 788/154Kb lim: 4096 exec/s: 10284 rss: 816Mb L: 606/3853 MS: 1 EraseBytes-
#2489130	REDUCE cov: 583 ft: 2909 corp: 788/154Kb lim: 4096 exec/s: 10285 rss: 816Mb L: 2586/3853 MS: 4 ChangeBinInt-InsertByte-ChangeBinInt-EraseBytes-
#2489847	REDUCE cov: 583 ft: 2909 corp: 788/154Kb lim: 4096 exec/s: 10288 rss: 816Mb L: 50/3853 MS: 2 ChangeByte-EraseBytes-
#2491113	REDUCE cov: 583 ft: 2909 corp: 788/154Kb lim: 4096 exec/s: 10251 rss: 816Mb L: 61/3853 MS: 1 EraseBytes-
#2492953	REDUCE cov: 583 ft: 2909 corp: 788/154Kb lim: 4096 exec/s: 10259 rss: 816Mb L: 234/3853 MS: 5 ShuffleBytes-ChangeByte-InsertByte-ChangeBinInt-EraseBytes-
#2494225	REDUCE cov: 583 ft: 2909 corp: 788/154Kb lim: 4096 exec/s: 10264 rss: 816Mb L: 19/3853 MS: 2 InsertByte-EraseBytes-
#2494476	REDUCE cov: 583 ft: 2909 corp: 788/154Kb lim: 4096 exec/s: 10265 rss: 816Mb L: 50/3853 MS: 1 EraseBytes-
#2495547	REDUCE cov: 583 ft: 2909 corp: 788/154Kb lim: 4096 exec/s: 10269 rss: 816Mb L: 11/3853 MS: 1 EraseBytes-
#2498170	REDUCE cov: 583 ft: 2909 corp: 788/154Kb lim: 4096 exec/s: 10280 rss: 816Mb L: 359/3853 MS: 3 ChangeBinInt-InsertByte-EraseBytes-
#2498772	REDUCE cov: 583 ft: 2909 corp: 788/154Kb lim: 4096 exec/s: 10283 rss: 816Mb L: 17/3853 MS: 2 ShuffleBytes-EraseBytes-
#2498873	REDUCE cov: 583 ft: 2909 corp: 788/154Kb lim: 4096 exec/s: 10283 rss: 816Mb L: 133/3853 MS: 1 EraseBytes-
#2501595	REDUCE cov: 583 ft: 2909 corp: 788/154Kb lim: 4096 exec/s: 10252 rss: 816Mb L: 326/3853 MS: 2 ChangeBinInt-EraseBytes-
#2503484	REDUCE cov: 583 ft: 2909 corp: 788/154Kb lim: 4096 exec/s: 10260 rss: 816Mb L: 672/3853 MS: 4 CMP-ChangeBit-EraseBytes-CrossOver- DE: "\001\000"-
#2503533	REDUCE cov: 583 ft: 2909 corp: 788/154Kb lim: 4096 exec/s: 10260 rss: 816Mb L: 1301/3853 MS: 4 ChangeBit-ChangeBit-ChangeASCIIInt-EraseBytes-
#2503605	REDUCE cov: 583 ft: 2909 corp: 788/154Kb lim: 4096 exec/s: 10260 rss: 816Mb L: 188/3853 MS: 2 CopyPart-EraseBytes-
#2503706	REDUCE cov: 583 ft: 2909 corp: 788/154Kb lim: 4096 exec/s: 10261 rss: 816Mb L: 7/3853 MS: 1 EraseBytes-
#2504495	REDUCE cov: 583 ft: 2909 corp: 788/154Kb lim: 4096 exec/s: 10264 rss: 816Mb L: 669/3853 MS: 4 CopyPart-CopyPart-ChangeBit-EraseBytes-
#2508675	REDUCE cov: 583 ft: 2909 corp: 788/154Kb lim: 4096 exec/s: 10281 rss: 816Mb L: 668/3853 MS: 5 ChangeASCIIInt-CopyPart-ChangeASCIIInt-EraseBytes-CopyPart-
#2510577	REDUCE cov: 583 ft: 2909 corp: 788/154Kb lim: 4096 exec/s: 10247 rss: 816Mb L: 42/3853 MS: 2 CrossOver-EraseBytes-
#2511375	REDUCE cov: 583 ft: 2909 corp: 788/154Kb lim: 4096 exec/s: 10250 rss: 816Mb L: 129/3853 MS: 3 EraseBytes-CopyPart-EraseBytes-
#2512711	REDUCE cov: 583 ft: 2909 corp: 788/154Kb lim: 4096 exec/s: 10255 rss: 816Mb L: 161/3853 MS: 1 EraseBytes-
#2516132	REDUCE cov: 583 ft: 2909 corp: 788/154Kb lim: 4096 exec/s: 10269 rss: 816Mb L: 117/3853 MS: 1 EraseBytes-
#2516786	REDUCE cov: 583 ft: 2909 corp: 788/154Kb lim: 4096 exec/s: 10272 rss: 816Mb L: 176/3853 MS: 4 ChangeByte-InsertRepeatedBytes-ChangeASCIIInt-EraseBytes-
#2518914	REDUCE cov: 583 ft: 2909 corp: 788/154Kb lim: 4096 exec/s: 10239 rss: 816Mb L: 124/3853 MS: 3 ChangeByte-ChangeBit-EraseBytes-
#2519840	REDUCE cov: 583 ft: 2909 corp: 788/154Kb lim: 4096 exec/s: 10243 rss: 816Mb L: 13/3853 MS: 1 EraseBytes-
#2521198	REDUCE cov: 583 ft: 2909 corp: 788/154Kb lim: 4096 exec/s: 10248 rss: 816Mb L: 19/3853 MS: 3 ChangeBit-ChangeByte-EraseBytes-
#2523729	REDUCE cov: 583 ft: 2909 corp: 788/154Kb lim: 4096 exec/s: 10259 rss: 816Mb L: 38/3853 MS: 1 EraseBytes-
#2529100	REDUCE cov: 583 ft: 2909 corp: 788/154Kb lim: 4096 exec/s: 10239 rss: 816Mb L: 20/3853 MS: 1 EraseBytes-
#2533676	REDUCE cov: 583 ft: 2909 corp: 788/154Kb lim: 4096 exec/s: 10216 rss: 816Mb L: 30/3853 MS: 1 EraseBytes-
#2534013	REDUCE cov: 583 ft: 2909 corp: 788/154Kb lim: 4096 exec/s: 10217 rss: 816Mb L: 340/3853 MS: 2 CMP-EraseBytes- DE: "\204\000"-
#2534392	REDUCE cov: 583 ft: 2909 corp: 788/154Kb lim: 4096 exec/s: 10219 rss: 816Mb L: 3435/3853 MS: 4 ChangeByte-ChangeASCIIInt-ShuffleBytes-EraseBytes-
#2535809	REDUCE cov: 583 ft: 2909 corp: 788/154Kb lim: 4096 exec/s: 10225 rss: 816Mb L: 106/3853 MS: 2 CopyPart-EraseBytes-
#2537021	REDUCE cov: 583 ft: 2909 corp: 788/154Kb lim: 4096 exec/s: 10229 rss: 816Mb L: 15/3853 MS: 2 CopyPart-EraseBytes-
#2538807	REDUCE cov: 583 ft: 2909 corp: 788/154Kb lim: 4096 exec/s: 10237 rss: 816Mb L: 14/3853 MS: 1 EraseBytes-
#2540563	REDUCE cov: 583 ft: 2909 corp: 788/154Kb lim: 4096 exec/s: 10203 rss: 816Mb L: 41/3853 MS: 1 EraseBytes-
#2541276	REDUCE cov: 583 ft: 2909 corp: 788/154Kb lim: 4096 exec/s: 10205 rss: 816Mb L: 425/3853 MS: 3 ShuffleBytes-PersAutoDict-EraseBytes- DE: "\000\000\000\000"-
#2541918	REDUCE cov: 583 ft: 2909 corp: 788/154Kb lim: 4096 exec/s: 10208 rss: 816Mb L: 274/3853 MS: 2 ChangeBit-EraseBytes-
#2542845	REDUCE cov: 583 ft: 2909 corp: 788/154Kb lim: 4096 exec/s: 10212 rss: 816Mb L: 17/3853 MS: 2 CopyPart-EraseBytes-
#2543526	REDUCE cov: 583 ft: 2909 corp: 788/154Kb lim: 4096 exec/s: 10214 rss: 816Mb L: 56/3853 MS: 1 EraseBytes-
#2546141	REDUCE cov: 583 ft: 2909 corp: 788/154Kb lim: 4096 exec/s: 10184 rss: 816Mb L: 271/3853 MS: 5 ChangeBinInt-ChangeByte-PersAutoDict-InsertByte-EraseBytes- DE: "X\026\000\000"-
#2548250	REDUCE cov: 583 ft: 2909 corp: 788/154Kb lim: 4096 exec/s: 10193 rss: 816Mb L: 72/3853 MS: 4 ChangeBinInt-EraseBytes-ShuffleBytes-ChangeByte-
#2548446	REDUCE cov: 583 ft: 2909 corp: 788/154Kb lim: 4096 exec/s: 10193 rss: 816Mb L: 12/3853 MS: 1 EraseBytes-
#2550020	REDUCE cov: 583 ft: 2909 corp: 788/154Kb lim: 4096 exec/s: 10159 rss: 816Mb L: 395/3853 MS: 4 CopyPart-ChangeBinInt-ChangeByte-EraseBytes-
#2550841	REDUCE cov: 583 ft: 2909 corp: 788/154Kb lim: 4096 exec/s: 10162 rss: 816Mb L: 448/3853 MS: 1 EraseBytes-
#2552691	REDUCE cov: 583 ft: 2909 corp: 788/154Kb lim: 4096 exec/s: 10129 rss: 816Mb L: 442/3853 MS: 5 EraseBytes-CrossOver-EraseBytes-CrossOver-CopyPart-
#2552989	REDUCE cov: 583 ft: 2909 corp: 788/154Kb lim: 4096 exec/s: 10130 rss: 816Mb L: 141/3853 MS: 3 ChangeBit-InsertByte-EraseBytes-
#2554331	REDUCE cov: 583 ft: 2909 corp: 788/154Kb lim: 4096 exec/s: 10136 rss: 816Mb L: 150/3853 MS: 2 ShuffleBytes-EraseBytes-
#2557332	REDUCE cov: 583 ft: 2909 corp: 788/154Kb lim: 4096 exec/s: 10108 rss: 816Mb L: 125/3853 MS: 1 EraseBytes-
#2558523	REDUCE cov: 583 ft: 2909 corp: 788/154Kb lim: 4096 exec/s: 10112 rss: 816Mb L: 32/3853 MS: 1 EraseBytes-
#2559179	REDUCE cov: 583 ft: 2909 corp: 788/154Kb lim: 4096 exec/s: 10115 rss: 816Mb L: 41/3853 MS: 1 EraseBytes-
#2564151	REDUCE cov: 583 ft: 2909 corp: 788/154Kb lim: 4096 exec/s: 10095 rss: 816Mb L: 53/3853 MS: 2 ShuffleBytes-EraseBytes-
#2564357	REDUCE cov: 583 ft: 2909 corp: 788/154Kb lim: 4096 exec/s: 10095 rss: 816Mb L: 16/3853 MS: 1 EraseBytes-
#2565028	REDUCE cov: 583 ft: 2909 corp: 788/154Kb lim: 4096 exec/s: 10098 rss: 816Mb L: 34/3853 MS: 1 EraseBytes-
#2565886	REDUCE cov: 583 ft: 2909 corp: 788/154Kb lim: 4096 exec/s: 10101 rss: 816Mb L: 3403/3853 MS: 3 ChangeASCIIInt-ChangeASCIIInt-EraseBytes-
#2566852	REDUCE cov: 583 ft: 2909 corp: 788/154Kb lim: 4096 exec/s: 10105 rss: 816Mb L: 419/3853 MS: 1 EraseBytes-
#2567000	REDUCE cov: 583 ft: 2909 corp: 788/154Kb lim: 4096 exec/s: 10106 rss: 816Mb L: 102/3853 MS: 3 ChangeBinInt-CopyPart-EraseBytes-
#2568141	REDUCE cov: 583 ft: 2909 corp: 788/154Kb lim: 4096 exec/s: 10110 rss: 816Mb L: 25/3853 MS: 1 EraseBytes-
#2570762	REDUCE cov: 583 ft: 2909 corp: 788/154Kb lim: 4096 exec/s: 10121 rss: 816Mb L: 13/3853 MS: 1 EraseBytes-
#2571764	REDUCE cov: 583 ft: 2909 corp: 788/154Kb lim: 4096 exec/s: 10085 rss: 816Mb L: 2984/3853 MS: 2 InsertByte-EraseBytes-
#2572911	REDUCE cov: 583 ft: 2909 corp: 788/154Kb lim: 4096 exec/s: 10089 rss: 816Mb L: 79/3853 MS: 2 ChangeBinInt-EraseBytes-
#2573998	REDUCE cov: 583 ft: 2909 corp: 788/154Kb lim: 4096 exec/s: 10094 rss: 816Mb L: 190/3853 MS: 2 EraseBytes-CopyPart-
#2575199	REDUCE cov: 583 ft: 2909 corp: 788/154Kb lim: 4096 exec/s: 10098 rss: 816Mb L: 224/3853 MS: 1 EraseBytes-
#2575315	REDUCE cov: 583 ft: 2909 corp: 788/154Kb lim: 4096 exec/s: 10099 rss: 816Mb L: 413/3853 MS: 1 EraseBytes-
#2575336	REDUCE cov: 583 ft: 2909 corp: 788/154Kb lim: 4096 exec/s: 10099 rss: 816Mb L: 23/3853 MS: 1 EraseBytes-
#2575717	REDUCE cov: 583 ft: 2909 corp: 788/154Kb lim: 4096 exec/s: 10100 rss: 816Mb L: 40/3853 MS: 1 EraseBytes-
#2577623	REDUCE cov: 583 ft: 2909 corp: 788/154Kb lim: 4096 exec/s: 10108 rss: 816Mb L: 53/3853 MS: 1 EraseBytes-
#2579024	REDUCE cov: 583 ft: 2909 corp: 788/154Kb lim: 4096 exec/s: 10113 rss: 816Mb L: 94/3853 MS: 1 EraseBytes-
#2582595	REDUCE cov: 583 ft: 2909 corp: 788/154Kb lim: 4096 exec/s: 10088 rss: 816Mb L: 31/3853 MS: 1 EraseBytes-
#2583961	REDUCE cov: 583 ft: 2909 corp: 788/154Kb lim: 4096 exec/s: 10093 rss: 816Mb L: 3025/3853 MS: 1 EraseBytes-
#2584423	REDUCE cov: 583 ft: 2909 corp: 788/154Kb lim: 4096 exec/s: 10095 rss: 816Mb L: 141/3853 MS: 2 CopyPart-EraseBytes-
#2585029	REDUCE cov: 583 ft: 2909 corp: 788/154Kb lim: 4096 exec/s: 10097 rss: 816Mb L: 188/3853 MS: 1 EraseBytes-
#2585490	REDUCE cov: 583 ft: 2909 corp: 788/154Kb lim: 4096 exec/s: 10099 rss: 816Mb L: 24/3853 MS: 1 EraseBytes-
#2585951	REDUCE cov: 583 ft: 2909 corp: 788/154Kb lim: 4096 exec/s: 10101 rss: 816Mb L: 621/3853 MS: 1 EraseBytes-
#2587378	REDUCE cov: 583 ft: 2909 corp: 788/154Kb lim: 4096 exec/s: 10106 rss: 816Mb L: 619/3853 MS: 2 ShuffleBytes-EraseBytes-
#2588931	REDUCE cov: 583 ft: 2909 corp: 788/154Kb lim: 4096 exec/s: 10073 rss: 816Mb L: 158/3853 MS: 3 PersAutoDict-InsertByte-EraseBytes- DE: "\001\000\377\375"-
#2590334	REDUCE cov: 583 ft: 2909 corp: 788/154Kb lim: 4096 exec/s: 10079 rss: 816Mb L: 292/3853 MS: 3 ChangeBinInt-CopyPart-EraseBytes-
#2591698	REDUCE cov: 583 ft: 2909 corp: 788/154Kb lim: 4096 exec/s: 10084 rss: 816Mb L: 79/3853 MS: 4 PersAutoDict-InsertByte-EraseBytes-CopyPart- DE: "r\000"-
#2592029	REDUCE cov: 583 ft: 2909 corp: 788/154Kb lim: 4096 exec/s: 10085 rss: 816Mb L: 25/3853 MS: 1 EraseBytes-
#2594187	REDUCE cov: 583 ft: 2909 corp: 788/154Kb lim: 4096 exec/s: 10094 rss: 816Mb L: 11/3853 MS: 3 ChangeBit-ChangeBit-EraseBytes-
#2594970	REDUCE cov: 583 ft: 2909 corp: 788/154Kb lim: 4096 exec/s: 10097 rss: 816Mb L: 282/3853 MS: 3 EraseBytes-InsertByte-CopyPart-
#2595584	REDUCE cov: 583 ft: 2909 corp: 788/154Kb lim: 4096 exec/s: 10099 rss: 816Mb L: 34/3853 MS: 4 ChangeBinInt-EraseBytes-CopyPart-CopyPart-
#2595671	REDUCE cov: 583 ft: 2909 corp: 788/154Kb lim: 4096 exec/s: 10099 rss: 816Mb L: 149/3853 MS: 2 EraseBytes-CopyPart-
#2596027	REDUCE cov: 583 ft: 2909 corp: 788/154Kb lim: 4096 exec/s: 10101 rss: 816Mb L: 33/3853 MS: 1 EraseBytes-
#2596514	REDUCE cov: 583 ft: 2909 corp: 788/154Kb lim: 4096 exec/s: 10103 rss: 816Mb L: 49/3853 MS: 2 CopyPart-EraseBytes-
#2598550	REDUCE cov: 583 ft: 2909 corp: 788/154Kb lim: 4096 exec/s: 10071 rss: 816Mb L: 14/3853 MS: 1 EraseBytes-
#2600717	REDUCE cov: 583 ft: 2909 corp: 788/154Kb lim: 4096 exec/s: 10080 rss: 816Mb L: 414/3853 MS: 2 ShuffleBytes-EraseBytes-
#2605828	REDUCE cov: 583 ft: 2909 corp: 788/154Kb lim: 4096 exec/s: 10100 rss: 816Mb L: 824/3853 MS: 1 EraseBytes-
#2608535	REDUCE cov: 583 ft: 2909 corp: 788/154Kb lim: 4096 exec/s: 10071 rss: 816Mb L: 2573/3853 MS: 2 ChangeBinInt-EraseBytes-
#2609316	REDUCE cov: 583 ft: 2909 corp: 788/154Kb lim: 4096 exec/s: 10074 rss: 816Mb L: 49/3853 MS: 1 EraseBytes-
#2611642	REDUCE cov: 583 ft: 2909 corp: 788/154Kb lim: 4096 exec/s: 10083 rss: 816Mb L: 69/3853 MS: 1 EraseBytes-
#2611653	REDUCE cov: 583 ft: 2909 corp: 788/154Kb lim: 4096 exec/s: 10083 rss: 816Mb L: 146/3853 MS: 1 EraseBytes-
#2612425	REDUCE cov: 583 ft: 2909 corp: 788/154Kb lim: 4096 exec/s: 10086 rss: 816Mb L: 73/3853 MS: 2 ChangeBit-EraseBytes-
#2614736	REDUCE cov: 583 ft: 2909 corp: 788/154Kb lim: 4096 exec/s: 10095 rss: 816Mb L: 97/3853 MS: 1 EraseBytes-
#2620672	REDUCE cov: 583 ft: 2909 corp: 788/154Kb lim: 4096 exec/s: 10079 rss: 816Mb L: 94/3853 MS: 1 EraseBytes-
#2621768	REDUCE cov: 583 ft: 2909 corp: 788/154Kb lim: 4096 exec/s: 10083 rss: 816Mb L: 74/3853 MS: 1 EraseBytes-
#2623019	REDUCE cov: 583 ft: 2909 corp: 788/154Kb lim: 4096 exec/s: 10088 rss: 816Mb L: 24/3853 MS: 1 EraseBytes-
#2626526	REDUCE cov: 583 ft: 2909 corp: 788/154Kb lim: 4096 exec/s: 10063 rss: 816Mb L: 108/3853 MS: 2 ChangeASCIIInt-EraseBytes-
#2627688	REDUCE cov: 583 ft: 2909 corp: 788/154Kb lim: 4096 exec/s: 10067 rss: 816Mb L: 116/3853 MS: 2 CopyPart-EraseBytes-
#2628365	REDUCE cov: 583 ft: 2909 corp: 788/154Kb lim: 4096 exec/s: 10070 rss: 816Mb L: 48/3853 MS: 2 ChangeBit-EraseBytes-
#2629197	REDUCE cov: 583 ft: 2909 corp: 788/154Kb lim: 4096 exec/s: 10073 rss: 816Mb L: 13/3853 MS: 2 CopyPart-EraseBytes-
#2630369	REDUCE cov: 583 ft: 2909 corp: 788/154Kb lim: 4096 exec/s: 10078 rss: 816Mb L: 604/3853 MS: 2 InsertByte-EraseBytes-
#2631488	REDUCE cov: 583 ft: 2909 corp: 788/154Kb lim: 4096 exec/s: 10082 rss: 816Mb L: 7/3853 MS: 4 ShuffleBytes-ChangeByte-PersAutoDict-EraseBytes- DE: "O\000"-
#2632146	REDUCE cov: 583 ft: 2909 corp: 788/154Kb lim: 4096 exec/s: 10084 rss: 816Mb L: 732/3853 MS: 3 ChangeASCIIInt-InsertByte-EraseBytes-
#2634389	REDUCE cov: 583 ft: 2909 corp: 788/153Kb lim: 4096 exec/s: 10054 rss: 816Mb L: 2170/3853 MS: 3 ShuffleBytes-ChangeBinInt-EraseBytes-
#2636679	REDUCE cov: 583 ft: 2909 corp: 788/153Kb lim: 4096 exec/s: 10063 rss: 816Mb L: 148/3853 MS: 5 CMP-CopyPart-CMP-ChangeBit-EraseBytes- DE: "\001\000\000h"-"\377\204"-
#2638475	REDUCE cov: 583 ft: 2909 corp: 788/153Kb lim: 4096 exec/s: 10070 rss: 816Mb L: 135/3853 MS: 1 EraseBytes-
#2638752	REDUCE cov: 583 ft: 2909 corp: 788/153Kb lim: 4096 exec/s: 10071 rss: 816Mb L: 16/3853 MS: 2 ChangeByte-EraseBytes-
#2639038	REDUCE cov: 583 ft: 2909 corp: 788/153Kb lim: 4096 exec/s: 10072 rss: 816Mb L: 2160/3853 MS: 1 EraseBytes-
#2642956	REDUCE cov: 583 ft: 2909 corp: 788/153Kb lim: 4096 exec/s: 10049 rss: 816Mb L: 926/3853 MS: 3 ShuffleBytes-ChangeASCIIInt-EraseBytes-
#2644567	REDUCE cov: 583 ft: 2909 corp: 788/153Kb lim: 4096 exec/s: 10055 rss: 816Mb L: 937/3853 MS: 1 EraseBytes-
#2644799	REDUCE cov: 583 ft: 2909 corp: 788/153Kb lim: 4096 exec/s: 10056 rss: 816Mb L: 203/3853 MS: 2 EraseBytes-CopyPart-
#2648209	REDUCE cov: 583 ft: 2909 corp: 788/153Kb lim: 4096 exec/s: 10069 rss: 816Mb L: 52/3853 MS: 5 CMP-ShuffleBytes-EraseBytes-ChangeByte-CopyPart- DE: "\377d"-
#2649330	REDUCE cov: 583 ft: 2909 corp: 788/153Kb lim: 4096 exec/s: 10073 rss: 816Mb L: 272/3853 MS: 1 EraseBytes-
#2649754	REDUCE cov: 583 ft: 2909 corp: 788/153Kb lim: 4096 exec/s: 10075 rss: 816Mb L: 31/3853 MS: 4 ChangeBit-ChangeByte-EraseBytes-ChangeByte-
#2650306	REDUCE cov: 583 ft: 2909 corp: 788/153Kb lim: 4096 exec/s: 10039 rss: 816Mb L: 17/3853 MS: 2 ChangeBinInt-EraseBytes-
#2651145	REDUCE cov: 583 ft: 2909 corp: 788/153Kb lim: 4096 exec/s: 10042 rss: 816Mb L: 1721/3853 MS: 4 ShuffleBytes-ChangeBit-InsertRepeatedBytes-EraseBytes-
#2652038	REDUCE cov: 583 ft: 2909 corp: 788/153Kb lim: 4096 exec/s: 10045 rss: 816Mb L: 73/3853 MS: 3 ShuffleBytes-ChangeBinInt-EraseBytes-
#2653159	REDUCE cov: 583 ft: 2909 corp: 788/153Kb lim: 4096 exec/s: 10049 rss: 816Mb L: 1939/3853 MS: 1 EraseBytes-
#2655671	REDUCE cov: 583 ft: 2909 corp: 788/153Kb lim: 4096 exec/s: 10059 rss: 816Mb L: 10/3853 MS: 2 ChangeBit-EraseBytes-
#2657572	REDUCE cov: 583 ft: 2909 corp: 788/153Kb lim: 4096 exec/s: 10066 rss: 816Mb L: 84/3853 MS: 1 EraseBytes-
#2657600	REDUCE cov: 583 ft: 2909 corp: 788/153Kb lim: 4096 exec/s: 10066 rss: 816Mb L: 21/3853 MS: 3 InsertByte-CrossOver-EraseBytes-
#2657606	REDUCE cov: 583 ft: 2909 corp: 788/153Kb lim: 4096 exec/s: 10066 rss: 816Mb L: 18/3853 MS: 1 EraseBytes-
#2657892	REDUCE cov: 583 ft: 2909 corp: 788/153Kb lim: 4096 exec/s: 10067 rss: 816Mb L: 117/3853 MS: 1 EraseBytes-
#2658078	REDUCE cov: 583 ft: 2909 corp: 788/153Kb lim: 4096 exec/s: 10068 rss: 816Mb L: 509/3853 MS: 1 EraseBytes-
#2658249	REDUCE cov: 583 ft: 2909 corp: 788/153Kb lim: 4096 exec/s: 10069 rss: 816Mb L: 306/3853 MS: 1 EraseBytes-
#2661650	REDUCE cov: 583 ft: 2909 corp: 788/153Kb lim: 4096 exec/s: 10043 rss: 816Mb L: 10/3853 MS: 1 EraseBytes-
#2662325	REDUCE cov: 583 ft: 2909 corp: 788/153Kb lim: 4096 exec/s: 10046 rss: 816Mb L: 58/3853 MS: 5 CopyPart-CopyPart-CopyPart-InsertRepeatedBytes-EraseBytes-
#2663471	REDUCE cov: 583 ft: 2909 corp: 788/153Kb lim: 4096 exec/s: 10050 rss: 816Mb L: 33/3853 MS: 1 EraseBytes-
#2665526	REDUCE cov: 583 ft: 2909 corp: 788/153Kb lim: 4096 exec/s: 10058 rss: 816Mb L: 1964/3853 MS: 5 InsertRepeatedBytes-CMP-CopyPart-ChangeBit-EraseBytes- DE: "\015\000"-
#2665828	REDUCE cov: 583 ft: 2909 corp: 788/153Kb lim: 4096 exec/s: 10059 rss: 816Mb L: 46/3853 MS: 2 ChangeByte-EraseBytes-
#2666069	REDUCE cov: 583 ft: 2909 corp: 788/153Kb lim: 4096 exec/s: 10060 rss: 816Mb L: 71/3853 MS: 1 EraseBytes-
#2669701	REDUCE cov: 583 ft: 2909 corp: 788/153Kb lim: 4096 exec/s: 10036 rss: 816Mb L: 380/3853 MS: 2 InsertRepeatedBytes-EraseBytes-
#2670749	REDUCE cov: 583 ft: 2909 corp: 788/153Kb lim: 4096 exec/s: 10040 rss: 816Mb L: 253/3853 MS: 3 CopyPart-ChangeBinInt-EraseBytes-
#2671260	REDUCE cov: 583 ft: 2909 corp: 788/153Kb lim: 4096 exec/s: 10042 rss: 816Mb L: 59/3853 MS: 1 EraseBytes-
#2671742	REDUCE cov: 583 ft: 2909 corp: 788/153Kb lim: 4096 exec/s: 10044 rss: 816Mb L: 38/3853 MS: 2 InsertByte-EraseBytes-
#2673393	REDUCE cov: 583 ft: 2909 corp: 788/153Kb lim: 4096 exec/s: 10050 rss: 816Mb L: 2443/3853 MS: 1 EraseBytes-
#2675424	REDUCE cov: 583 ft: 2909 corp: 788/153Kb lim: 4096 exec/s: 10020 rss: 816Mb L: 125/3853 MS: 1 EraseBytes-
#2676825	REDUCE cov: 583 ft: 2909 corp: 788/153Kb lim: 4096 exec/s: 10025 rss: 816Mb L: 245/3853 MS: 1 EraseBytes-
#2676861	REDUCE cov: 583 ft: 2909 corp: 788/153Kb lim: 4096 exec/s: 10025 rss: 816Mb L: 19/3853 MS: 1 EraseBytes-
#2678267	REDUCE cov: 583 ft: 2909 corp: 788/153Kb lim: 4096 exec/s: 10030 rss: 816Mb L: 75/3853 MS: 1 EraseBytes-
#2678548	REDUCE cov: 583 ft: 2909 corp: 788/153Kb lim: 4096 exec/s: 10032 rss: 816Mb L: 8/3853 MS: 1 EraseBytes-
#2679467	REDUCE cov: 583 ft: 2909 corp: 788/153Kb lim: 4096 exec/s: 10035 rss: 816Mb L: 135/3853 MS: 4 InsertByte-PersAutoDict-ChangeBit-EraseBytes- DE: "(\000"-
#2680914	REDUCE cov: 583 ft: 2909 corp: 788/153Kb lim: 4096 exec/s: 10040 rss: 816Mb L: 48/3853 MS: 2 ChangeBit-EraseBytes-
#2680985	REDUCE cov: 583 ft: 2909 corp: 788/153Kb lim: 4096 exec/s: 10041 rss: 816Mb L: 34/3853 MS: 1 EraseBytes-
#2681061	REDUCE cov: 583 ft: 2909 corp: 788/153Kb lim: 4096 exec/s: 10041 rss: 816Mb L: 875/3853 MS: 1 EraseBytes-
#2681292	REDUCE cov: 583 ft: 2909 corp: 788/153Kb lim: 4096 exec/s: 10042 rss: 816Mb L: 152/3853 MS: 1 EraseBytes-
#2681523	REDUCE cov: 583 ft: 2909 corp: 788/153Kb lim: 4096 exec/s: 10043 rss: 816Mb L: 587/3853 MS: 1 EraseBytes-
#2681974	REDUCE cov: 583 ft: 2909 corp: 788/153Kb lim: 4096 exec/s: 10044 rss: 816Mb L: 518/3853 MS: 1 EraseBytes-
#2686180	REDUCE cov: 583 ft: 2909 corp: 788/153Kb lim: 4096 exec/s: 10023 rss: 816Mb L: 209/3853 MS: 1 EraseBytes-
#2686976	REDUCE cov: 583 ft: 2909 corp: 788/153Kb lim: 4096 exec/s: 10026 rss: 816Mb L: 163/3853 MS: 1 EraseBytes-
#2688567	REDUCE cov: 583 ft: 2909 corp: 788/153Kb lim: 4096 exec/s: 10031 rss: 816Mb L: 440/3853 MS: 1 EraseBytes-
#2689748	REDUCE cov: 583 ft: 2909 corp: 788/153Kb lim: 4096 exec/s: 10036 rss: 816Mb L: 259/3853 MS: 1 EraseBytes-
#2691644	REDUCE cov: 583 ft: 2909 corp: 788/153Kb lim: 4096 exec/s: 10006 rss: 816Mb L: 34/3853 MS: 1 EraseBytes-
#2691845	REDUCE cov: 583 ft: 2909 corp: 788/153Kb lim: 4096 exec/s: 10006 rss: 816Mb L: 35/3853 MS: 1 EraseBytes-
#2691888	REDUCE cov: 583 ft: 2909 corp: 788/153Kb lim: 4096 exec/s: 10007 rss: 816Mb L: 446/3853 MS: 3 EraseBytes-InsertRepeatedBytes-CopyPart-
#2692504	REDUCE cov: 583 ft: 2909 corp: 788/153Kb lim: 4096 exec/s: 10009 rss: 816Mb L: 121/3853 MS: 1 EraseBytes-
#2697444	REDUCE cov: 583 ft: 2909 corp: 788/153Kb lim: 4096 exec/s: 9990 rss: 816Mb L: 2916/3853 MS: 5 CMP-ChangeASCIIInt-ShuffleBytes-CrossOver-CopyPart- DE: "\000\000\000\000\000\000\000\000"-
#2698495	REDUCE cov: 583 ft: 2909 corp: 788/153Kb lim: 4096 exec/s: 9994 rss: 816Mb L: 8/3853 MS: 1 EraseBytes-
#2700617	REDUCE cov: 583 ft: 2909 corp: 788/153Kb lim: 4096 exec/s: 10002 rss: 816Mb L: 38/3853 MS: 2 CopyPart-EraseBytes-
#2701523	REDUCE cov: 583 ft: 2909 corp: 788/153Kb lim: 4096 exec/s: 10005 rss: 816Mb L: 2916/3853 MS: 1 EraseBytes-
#2701976	REDUCE cov: 583 ft: 2909 corp: 788/153Kb lim: 4096 exec/s: 10007 rss: 816Mb L: 128/3853 MS: 3 ChangeASCIIInt-ChangeByte-EraseBytes-
#2702702	REDUCE cov: 583 ft: 2909 corp: 788/153Kb lim: 4096 exec/s: 10010 rss: 816Mb L: 661/3853 MS: 1 EraseBytes-
#2703363	REDUCE cov: 583 ft: 2909 corp: 788/153Kb lim: 4096 exec/s: 10012 rss: 816Mb L: 90/3853 MS: 1 EraseBytes-
#2703798	REDUCE cov: 583 ft: 2909 corp: 788/153Kb lim: 4096 exec/s: 10014 rss: 816Mb L: 274/3853 MS: 5 ChangeBit-ShuffleBytes-ChangeBinInt-CrossOver-EraseBytes-
#2704519	REDUCE cov: 583 ft: 2909 corp: 788/153Kb lim: 4096 exec/s: 10016 rss: 816Mb L: 56/3853 MS: 1 EraseBytes-
#2704775	REDUCE cov: 583 ft: 2909 corp: 788/153Kb lim: 4096 exec/s: 10017 rss: 816Mb L: 138/3853 MS: 1 EraseBytes-
#2704838	REDUCE cov: 583 ft: 2909 corp: 788/153Kb lim: 4096 exec/s: 10017 rss: 816Mb L: 34/3853 MS: 3 InsertByte-CopyPart-EraseBytes-
#2706628	REDUCE cov: 583 ft: 2909 corp: 788/153Kb lim: 4096 exec/s: 9987 rss: 816Mb L: 2569/3853 MS: 5 ChangeByte-PersAutoDict-EraseBytes-ChangeBinInt-CMP- DE: "\001\000\000\000"-"\377\007"-
#2707696	REDUCE cov: 583 ft: 2909 corp: 788/153Kb lim: 4096 exec/s: 9991 rss: 816Mb L: 50/3853 MS: 3 CopyPart-ShuffleBytes-EraseBytes-
#2712613	REDUCE cov: 583 ft: 2909 corp: 788/153Kb lim: 4096 exec/s: 10009 rss: 816Mb L: 64/3853 MS: 2 ShuffleBytes-EraseBytes-
#2714189	REDUCE cov: 583 ft: 2909 corp: 788/153Kb lim: 4096 exec/s: 9978 rss: 816Mb L: 2967/3853 MS: 1 EraseBytes-
#2714346	REDUCE cov: 583 ft: 2909 corp: 788/153Kb lim: 4096 exec/s: 9979 rss: 816Mb L: 56/3853 MS: 2 ChangeBit-EraseBytes-
#2715449	REDUCE cov: 583 ft: 2909 corp: 788/153Kb lim: 4096 exec/s: 9983 rss: 816Mb L: 655/3853 MS: 3 ShuffleBytes-ChangeBinInt-EraseBytes-
#2715478	REDUCE cov: 583 ft: 2909 corp: 788/153Kb lim: 4096 exec/s: 9983 rss: 816Mb L: 37/3853 MS: 4 ChangeBit-InsertByte-CrossOver-EraseBytes-
#2717260	REDUCE cov: 583 ft: 2909 corp: 788/153Kb lim: 4096 exec/s: 9989 rss: 816Mb L: 427/3853 MS: 2 ShuffleBytes-EraseBytes-
#2718116	REDUCE cov: 583 ft: 2909 corp: 788/153Kb lim: 4096 exec/s: 9993 rss: 816Mb L: 151/3853 MS: 1 EraseBytes-
#2719433	REDUCE cov: 583 ft: 2909 corp: 788/153Kb lim: 4096 exec/s: 9997 rss: 816Mb L: 2301/3853 MS: 2 PersAutoDict-EraseBytes- DE: "\000\000\000\000\000\000\000\016"-
#2720110	REDUCE cov: 583 ft: 2909 corp: 788/153Kb lim: 4096 exec/s: 10000 rss: 816Mb L: 762/3853 MS: 2 EraseBytes-CopyPart-
#2720907	REDUCE cov: 583 ft: 2909 corp: 788/153Kb lim: 4096 exec/s: 9966 rss: 816Mb L: 1035/3853 MS: 2 ChangeBinInt-EraseBytes-
#2722808	REDUCE cov: 583 ft: 2909 corp: 788/153Kb lim: 4096 exec/s: 9973 rss: 816Mb L: 62/3853 MS: 1 EraseBytes-
#2722903	REDUCE cov: 583 ft: 2909 corp: 788/153Kb lim: 4096 exec/s: 9974 rss: 816Mb L: 388/3853 MS: 5 ChangeBinInt-CopyPart-ChangeBit-ChangeBit-EraseBytes-
#2722924	REDUCE cov: 583 ft: 2909 corp: 788/153Kb lim: 4096 exec/s: 9974 rss: 816Mb L: 71/3853 MS: 1 EraseBytes-
#2723705	REDUCE cov: 583 ft: 2909 corp: 788/153Kb lim: 4096 exec/s: 9976 rss: 816Mb L: 25/3853 MS: 1 EraseBytes-
#2724001	REDUCE cov: 583 ft: 2909 corp: 788/153Kb lim: 4096 exec/s: 9978 rss: 816Mb L: 45/3853 MS: 1 EraseBytes-
#2725072	REDUCE cov: 583 ft: 2909 corp: 788/153Kb lim: 4096 exec/s: 9981 rss: 816Mb L: 19/3853 MS: 1 EraseBytes-
#2725876	REDUCE cov: 583 ft: 2909 corp: 788/153Kb lim: 4096 exec/s: 9984 rss: 816Mb L: 12/3853 MS: 4 ChangeByte-ChangeBit-ChangeBinInt-EraseBytes-
#2727157	REDUCE cov: 583 ft: 2909 corp: 788/153Kb lim: 4096 exec/s: 9989 rss: 816Mb L: 10/3853 MS: 1 EraseBytes-
#2729329	REDUCE cov: 583 ft: 2909 corp: 788/153Kb lim: 4096 exec/s: 9961 rss: 816Mb L: 2556/3853 MS: 2 ShuffleBytes-EraseBytes-
#2731275	REDUCE cov: 583 ft: 2909 corp: 788/153Kb lim: 4096 exec/s: 9968 rss: 816Mb L: 24/3853 MS: 1 EraseBytes-
#2734096	REDUCE cov: 583 ft: 2909 corp: 788/153Kb lim: 4096 exec/s: 9978 rss: 816Mb L: 61/3853 MS: 1 EraseBytes-
#2734177	REDUCE cov: 583 ft: 2909 corp: 788/153Kb lim: 4096 exec/s: 9978 rss: 816Mb L: 6/3853 MS: 1 EraseBytes-
#2734368	REDUCE cov: 583 ft: 2909 corp: 788/153Kb lim: 4096 exec/s: 9979 rss: 816Mb L: 148/3853 MS: 1 EraseBytes-
#2734474	REDUCE cov: 583 ft: 2909 corp: 788/153Kb lim: 4096 exec/s: 9979 rss: 816Mb L: 14/3853 MS: 1 EraseBytes-
#2735035	REDUCE cov: 583 ft: 2909 corp: 788/153Kb lim: 4096 exec/s: 9981 rss: 816Mb L: 308/3853 MS: 1 EraseBytes-
#2735591	REDUCE cov: 583 ft: 2909 corp: 788/153Kb lim: 4096 exec/s: 9983 rss: 816Mb L: 58/3853 MS: 1 EraseBytes-
#2736009	REDUCE cov: 583 ft: 2909 corp: 788/153Kb lim: 4096 exec/s: 9949 rss: 816Mb L: 2904/3853 MS: 3 ChangeBinInt-ChangeByte-EraseBytes-
#2737145	REDUCE cov: 583 ft: 2909 corp: 788/153Kb lim: 4096 exec/s: 9953 rss: 816Mb L: 581/3853 MS: 1 EraseBytes-
#2737621	REDUCE cov: 583 ft: 2909 corp: 788/153Kb lim: 4096 exec/s: 9954 rss: 816Mb L: 162/3853 MS: 1 EraseBytes-
#2739256	REDUCE cov: 583 ft: 2909 corp: 788/153Kb lim: 4096 exec/s: 9960 rss: 816Mb L: 314/3853 MS: 5 InsertByte-ChangeByte-ShuffleBytes-ChangeBit-EraseBytes-
#2739298	REDUCE cov: 583 ft: 2909 corp: 788/153Kb lim: 4096 exec/s: 9961 rss: 816Mb L: 101/3853 MS: 2 ChangeBinInt-EraseBytes-
#2739599	REDUCE cov: 583 ft: 2909 corp: 788/153Kb lim: 4096 exec/s: 9962 rss: 816Mb L: 37/3853 MS: 1 EraseBytes-
#2740025	REDUCE cov: 583 ft: 2909 corp: 788/153Kb lim: 4096 exec/s: 9963 rss: 816Mb L: 85/3853 MS: 1 EraseBytes-
#2740309	REDUCE cov: 583 ft: 2909 corp: 788/153Kb lim: 4096 exec/s: 9964 rss: 816Mb L: 291/3853 MS: 4 CopyPart-EraseBytes-PersAutoDict-CopyPart- DE: "\377\377\377\204"-
#2741420	REDUCE cov: 583 ft: 2909 corp: 788/153Kb lim: 4096 exec/s: 9968 rss: 816Mb L: 162/3853 MS: 1 EraseBytes-
#2741992	REDUCE cov: 583 ft: 2909 corp: 788/153Kb lim: 4096 exec/s: 9970 rss: 816Mb L: 2237/3853 MS: 2 CopyPart-EraseBytes-
#2742840	REDUCE cov: 583 ft: 2909 corp: 788/153Kb lim: 4096 exec/s: 9973 rss: 816Mb L: 23/3853 MS: 3 CopyPart-ChangeBit-EraseBytes-
#2744023	REDUCE cov: 583 ft: 2909 corp: 788/153Kb lim: 4096 exec/s: 9942 rss: 816Mb L: 16/3853 MS: 3 CopyPart-CopyPart-EraseBytes-
#2744114	REDUCE cov: 583 ft: 2909 corp: 788/153Kb lim: 4096 exec/s: 9942 rss: 816Mb L: 12/3853 MS: 1 EraseBytes-
#2745045	REDUCE cov: 583 ft: 2909 corp: 788/153Kb lim: 4096 exec/s: 9945 rss: 816Mb L: 18/3853 MS: 1 EraseBytes-
#2746046	REDUCE cov: 583 ft: 2909 corp: 788/153Kb lim: 4096 exec/s: 9949 rss: 816Mb L: 40/3853 MS: 1 EraseBytes-
#2748022	REDUCE cov: 583 ft: 2909 corp: 788/153Kb lim: 4096 exec/s: 9956 rss: 816Mb L: 16/3853 MS: 1 EraseBytes-
#2751253	REDUCE cov: 583 ft: 2909 corp: 788/153Kb lim: 4096 exec/s: 9968 rss: 816Mb L: 46/3853 MS: 1 EraseBytes-
#2756268	REDUCE cov: 583 ft: 2909 corp: 788/153Kb lim: 4096 exec/s: 9950 rss: 816Mb L: 599/3853 MS: 5 CMP-ChangeBit-InsertByte-CopyPart-EraseBytes- DE: "\000\000\000\000\000\000\000)"-
#2757254	REDUCE cov: 583 ft: 2909 corp: 788/153Kb lim: 4096 exec/s: 9953 rss: 816Mb L: 13/3853 MS: 1 EraseBytes-
#2757513	REDUCE cov: 583 ft: 2909 corp: 788/153Kb lim: 4096 exec/s: 9954 rss: 816Mb L: 68/3853 MS: 4 PersAutoDict-ChangeASCIIInt-ChangeBit-EraseBytes- DE: "'\000\000\000"-
#2757885	REDUCE cov: 583 ft: 2909 corp: 788/153Kb lim: 4096 exec/s: 9956 rss: 816Mb L: 319/3853 MS: 2 ShuffleBytes-EraseBytes-
#2759392	REDUCE cov: 583 ft: 2909 corp: 788/153Kb lim: 4096 exec/s: 9961 rss: 816Mb L: 33/3853 MS: 2 CopyPart-EraseBytes-
#2759441	REDUCE cov: 583 ft: 2909 corp: 788/153Kb lim: 4096 exec/s: 9926 rss: 816Mb L: 281/3853 MS: 4 ChangeBit-CopyPart-CrossOver-EraseBytes-
#2766488	REDUCE cov: 583 ft: 2909 corp: 788/153Kb lim: 4096 exec/s: 9951 rss: 816Mb L: 21/3853 MS: 2 ChangeByte-EraseBytes-
#2766594	REDUCE cov: 583 ft: 2909 corp: 788/153Kb lim: 4096 exec/s: 9951 rss: 816Mb L: 202/3853 MS: 1 EraseBytes-
#2768246	REDUCE cov: 584 ft: 2910 corp: 789/153Kb lim: 4096 exec/s: 9922 rss: 816Mb L: 12/3853 MS: 2 ChangeBinInt-CrossOver-
#2768432	REDUCE cov: 584 ft: 2910 corp: 789/153Kb lim: 4096 exec/s: 9922 rss: 816Mb L: 10/3853 MS: 1 EraseBytes-
#2768613	REDUCE cov: 584 ft: 2910 corp: 789/153Kb lim: 4096 exec/s: 9923 rss: 816Mb L: 18/3853 MS: 1 EraseBytes-
#2769157	REDUCE cov: 584 ft: 2910 corp: 789/153Kb lim: 4096 exec/s: 9925 rss: 816Mb L: 44/3853 MS: 4 PersAutoDict-ChangeBinInt-PersAutoDict-EraseBytes- DE: "\377N"-"\377\377"-
#2769464	REDUCE cov: 584 ft: 2910 corp: 789/153Kb lim: 4096 exec/s: 9926 rss: 816Mb L: 10/3853 MS: 2 ChangeBit-EraseBytes-
#2770251	REDUCE cov: 584 ft: 2910 corp: 789/153Kb lim: 4096 exec/s: 9929 rss: 816Mb L: 25/3853 MS: 2 ChangeBit-EraseBytes-
#2771833	NEW    cov: 586 ft: 2912 corp: 790/153Kb lim: 4096 exec/s: 9934 rss: 816Mb L: 11/3853 MS: 2 ChangeBit-EraseBytes-
#2771894	REDUCE cov: 586 ft: 2912 corp: 790/153Kb lim: 4096 exec/s: 9935 rss: 816Mb L: 154/3853 MS: 1 EraseBytes-
#2772361	REDUCE cov: 586 ft: 2912 corp: 790/153Kb lim: 4096 exec/s: 9936 rss: 816Mb L: 12/3853 MS: 2 EraseBytes-ChangeBit-
#2772558	REDUCE cov: 586 ft: 2912 corp: 790/153Kb lim: 4096 exec/s: 9937 rss: 816Mb L: 41/3853 MS: 2 ChangeASCIIInt-EraseBytes-
#2773059	REDUCE cov: 586 ft: 2912 corp: 790/153Kb lim: 4096 exec/s: 9939 rss: 816Mb L: 122/3853 MS: 1 EraseBytes-
#2773535	REDUCE cov: 586 ft: 2912 corp: 790/153Kb lim: 4096 exec/s: 9940 rss: 816Mb L: 32/3853 MS: 1 EraseBytes-
#2773576	REDUCE cov: 586 ft: 2912 corp: 790/153Kb lim: 4096 exec/s: 9941 rss: 816Mb L: 42/3853 MS: 1 EraseBytes-
#2773723	REDUCE cov: 586 ft: 2912 corp: 790/153Kb lim: 4096 exec/s: 9941 rss: 816Mb L: 280/3853 MS: 2 CrossOver-EraseBytes-
#2774259	REDUCE cov: 586 ft: 2912 corp: 790/153Kb lim: 4096 exec/s: 9943 rss: 816Mb L: 22/3853 MS: 1 EraseBytes-
#2774700	REDUCE cov: 586 ft: 2912 corp: 790/153Kb lim: 4096 exec/s: 9945 rss: 816Mb L: 6/3853 MS: 1 EraseBytes-
#2774851	REDUCE cov: 586 ft: 2912 corp: 790/153Kb lim: 4096 exec/s: 9910 rss: 816Mb L: 2914/3853 MS: 1 EraseBytes-
#2776612	REDUCE cov: 586 ft: 2912 corp: 790/153Kb lim: 4096 exec/s: 9916 rss: 816Mb L: 29/3853 MS: 1 EraseBytes-
#2777548	REDUCE cov: 586 ft: 2912 corp: 790/153Kb lim: 4096 exec/s: 9919 rss: 816Mb L: 9/3853 MS: 1 EraseBytes-
#2777559	REDUCE cov: 586 ft: 2912 corp: 790/153Kb lim: 4096 exec/s: 9919 rss: 816Mb L: 94/3853 MS: 1 EraseBytes-
#2783495	REDUCE cov: 586 ft: 2912 corp: 790/153Kb lim: 4096 exec/s: 9905 rss: 816Mb L: 462/3853 MS: 1 EraseBytes-
#2783896	REDUCE cov: 586 ft: 2912 corp: 790/153Kb lim: 4096 exec/s: 9907 rss: 816Mb L: 113/3853 MS: 1 EraseBytes-
#2787592	REDUCE cov: 586 ft: 2912 corp: 790/153Kb lim: 4096 exec/s: 9920 rss: 816Mb L: 150/3853 MS: 1 EraseBytes-
#2787714	REDUCE cov: 586 ft: 2912 corp: 790/152Kb lim: 4096 exec/s: 9920 rss: 816Mb L: 1261/3853 MS: 2 ChangeBit-EraseBytes-
#2788465	REDUCE cov: 586 ft: 2912 corp: 790/152Kb lim: 4096 exec/s: 9923 rss: 816Mb L: 38/3853 MS: 1 EraseBytes-
#2791349	REDUCE cov: 586 ft: 2912 corp: 790/152Kb lim: 4096 exec/s: 9898 rss: 816Mb L: 33/3853 MS: 4 EraseBytes-CopyPart-EraseBytes-CrossOver-
#2793971	REDUCE cov: 586 ft: 2912 corp: 790/152Kb lim: 4096 exec/s: 9907 rss: 816Mb L: 11/3853 MS: 2 ChangeByte-EraseBytes-
#2797077	REDUCE cov: 586 ft: 2912 corp: 790/152Kb lim: 4096 exec/s: 9918 rss: 816Mb L: 16/3853 MS: 1 EraseBytes-
#2797504	REDUCE cov: 586 ft: 2912 corp: 790/152Kb lim: 4096 exec/s: 9920 rss: 816Mb L: 33/3853 MS: 2 CopyPart-EraseBytes-
#2797835	REDUCE cov: 586 ft: 2912 corp: 790/152Kb lim: 4096 exec/s: 9921 rss: 816Mb L: 23/3853 MS: 1 EraseBytes-
#2797931	REDUCE cov: 586 ft: 2912 corp: 790/152Kb lim: 4096 exec/s: 9921 rss: 816Mb L: 44/3853 MS: 1 EraseBytes-
#2799165	REDUCE cov: 586 ft: 2912 corp: 790/152Kb lim: 4096 exec/s: 9891 rss: 816Mb L: 15/3853 MS: 4 ShuffleBytes-ChangeByte-CopyPart-EraseBytes-
#2800355	REDUCE cov: 586 ft: 2912 corp: 790/152Kb lim: 4096 exec/s: 9895 rss: 816Mb L: 844/3853 MS: 5 EraseBytes-ChangeBinInt-EraseBytes-InsertByte-CopyPart-
#2804031	REDUCE cov: 586 ft: 2912 corp: 790/152Kb lim: 4096 exec/s: 9908 rss: 816Mb L: 2271/3853 MS: 1 EraseBytes-
#2805279	REDUCE cov: 586 ft: 2912 corp: 790/152Kb lim: 4096 exec/s: 9912 rss: 816Mb L: 450/3853 MS: 3 EraseBytes-CopyPart-EraseBytes-
#2805335	REDUCE cov: 586 ft: 2912 corp: 790/152Kb lim: 4096 exec/s: 9912 rss: 816Mb L: 10/3853 MS: 1 EraseBytes-
#2805411	REDUCE cov: 586 ft: 2912 corp: 790/152Kb lim: 4096 exec/s: 9913 rss: 816Mb L: 296/3853 MS: 1 EraseBytes-
#2807023	REDUCE cov: 586 ft: 2912 corp: 790/152Kb lim: 4096 exec/s: 9883 rss: 816Mb L: 17/3853 MS: 2 CopyPart-EraseBytes-
#2808891	REDUCE cov: 586 ft: 2912 corp: 790/152Kb lim: 4096 exec/s: 9890 rss: 816Mb L: 67/3853 MS: 3 PersAutoDict-ShuffleBytes-EraseBytes- DE: "\000\032"-
#2808999	REDUCE cov: 586 ft: 2912 corp: 790/152Kb lim: 4096 exec/s: 9890 rss: 816Mb L: 31/3853 MS: 3 InsertRepeatedBytes-CopyPart-EraseBytes-
#2810480	REDUCE cov: 586 ft: 2912 corp: 790/152Kb lim: 4096 exec/s: 9896 rss: 816Mb L: 307/3853 MS: 1 EraseBytes-
#2811048	REDUCE cov: 586 ft: 2912 corp: 790/152Kb lim: 4096 exec/s: 9898 rss: 816Mb L: 40/3853 MS: 3 ChangeASCIIInt-ChangeASCIIInt-EraseBytes-
#2811049	REDUCE cov: 586 ft: 2912 corp: 790/152Kb lim: 4096 exec/s: 9898 rss: 816Mb L: 40/3853 MS: 1 EraseBytes-
#2811385	REDUCE cov: 586 ft: 2912 corp: 790/152Kb lim: 4096 exec/s: 9899 rss: 816Mb L: 275/3853 MS: 1 EraseBytes-
#2811468	REDUCE cov: 586 ft: 2912 corp: 790/152Kb lim: 4096 exec/s: 9899 rss: 816Mb L: 28/3853 MS: 3 ChangeByte-CMP-EraseBytes- DE: " \000\000\000"-
#2813579	REDUCE cov: 586 ft: 2912 corp: 790/152Kb lim: 4096 exec/s: 9906 rss: 816Mb L: 9/3853 MS: 1 EraseBytes-
#2814688	REDUCE cov: 586 ft: 2912 corp: 790/152Kb lim: 4096 exec/s: 9876 rss: 816Mb L: 100/3853 MS: 4 ChangeBinInt-InsertByte-ChangeByte-EraseBytes-
#2814785	REDUCE cov: 586 ft: 2912 corp: 790/152Kb lim: 4096 exec/s: 9876 rss: 816Mb L: 117/3853 MS: 2 CrossOver-EraseBytes-
#2815061	REDUCE cov: 586 ft: 2912 corp: 790/152Kb lim: 4096 exec/s: 9877 rss: 816Mb L: 64/3853 MS: 1 EraseBytes-
#2815887	REDUCE cov: 586 ft: 2912 corp: 790/152Kb lim: 4096 exec/s: 9880 rss: 816Mb L: 1541/3853 MS: 1 EraseBytes-
#2816058	REDUCE cov: 586 ft: 2912 corp: 790/152Kb lim: 4096 exec/s: 9880 rss: 816Mb L: 140/3853 MS: 1 EraseBytes-
#2818154	REDUCE cov: 586 ft: 2912 corp: 790/152Kb lim: 4096 exec/s: 9888 rss: 816Mb L: 278/3853 MS: 1 EraseBytes-
#2818160	REDUCE cov: 586 ft: 2912 corp: 790/152Kb lim: 4096 exec/s: 9888 rss: 816Mb L: 31/3853 MS: 1 EraseBytes-
#2820212	REDUCE cov: 586 ft: 2912 corp: 790/152Kb lim: 4096 exec/s: 9895 rss: 816Mb L: 597/3853 MS: 2 ChangeBit-EraseBytes-
#2821395	REDUCE cov: 586 ft: 2912 corp: 790/152Kb lim: 4096 exec/s: 9899 rss: 816Mb L: 416/3853 MS: 3 EraseBytes-InsertByte-CopyPart-
#2822101	REDUCE cov: 586 ft: 2912 corp: 790/152Kb lim: 4096 exec/s: 9902 rss: 816Mb L: 1256/3853 MS: 1 EraseBytes-
#2822613	REDUCE cov: 586 ft: 2912 corp: 790/152Kb lim: 4096 exec/s: 9869 rss: 816Mb L: 11/3853 MS: 2 ChangeBit-EraseBytes-
#2823229	REDUCE cov: 586 ft: 2912 corp: 790/152Kb lim: 4096 exec/s: 9871 rss: 816Mb L: 18/3853 MS: 1 EraseBytes-
#2824686	REDUCE cov: 586 ft: 2912 corp: 790/152Kb lim: 4096 exec/s: 9876 rss: 816Mb L: 50/3853 MS: 2 ChangeBinInt-EraseBytes-
#2825628	REDUCE cov: 586 ft: 2912 corp: 790/152Kb lim: 4096 exec/s: 9879 rss: 816Mb L: 47/3853 MS: 2 InsertByte-EraseBytes-
#2826374	REDUCE cov: 586 ft: 2912 corp: 790/152Kb lim: 4096 exec/s: 9882 rss: 816Mb L: 10/3853 MS: 1 EraseBytes-
#2826425	REDUCE cov: 586 ft: 2912 corp: 790/152Kb lim: 4096 exec/s: 9882 rss: 816Mb L: 2251/3853 MS: 1 EraseBytes-
#2829917	REDUCE cov: 586 ft: 2912 corp: 790/152Kb lim: 4096 exec/s: 9860 rss: 816Mb L: 148/3853 MS: 2 PersAutoDict-EraseBytes- DE: "\000\000\000\010"-
#2830874	REDUCE cov: 586 ft: 2912 corp: 790/152Kb lim: 4096 exec/s: 9863 rss: 816Mb L: 263/3853 MS: 2 EraseBytes-CopyPart-
#2831715	REDUCE cov: 586 ft: 2912 corp: 790/152Kb lim: 4096 exec/s: 9866 rss: 816Mb L: 369/3853 MS: 1 EraseBytes-
#2831816	REDUCE cov: 586 ft: 2912 corp: 790/152Kb lim: 4096 exec/s: 9866 rss: 816Mb L: 128/3853 MS: 1 EraseBytes-
#2832002	REDUCE cov: 586 ft: 2912 corp: 790/152Kb lim: 4096 exec/s: 9867 rss: 816Mb L: 113/3853 MS: 1 EraseBytes-
#2833269	REDUCE cov: 586 ft: 2912 corp: 790/152Kb lim: 4096 exec/s: 9872 rss: 816Mb L: 147/3853 MS: 2 ChangeByte-EraseBytes-
#2835011	REDUCE cov: 586 ft: 2912 corp: 790/152Kb lim: 4096 exec/s: 9843 rss: 816Mb L: 207/3853 MS: 2 CopyPart-EraseBytes-
#2836478	REDUCE cov: 586 ft: 2912 corp: 790/152Kb lim: 4096 exec/s: 9848 rss: 816Mb L: 53/3853 MS: 2 ShuffleBytes-EraseBytes-
#2837719	REDUCE cov: 586 ft: 2912 corp: 790/152Kb lim: 4096 exec/s: 9853 rss: 816Mb L: 1528/3853 MS: 1 EraseBytes-
#2839381	REDUCE cov: 586 ft: 2912 corp: 790/152Kb lim: 4096 exec/s: 9824 rss: 816Mb L: 31/3853 MS: 2 ChangeBinInt-EraseBytes-
#2839842	REDUCE cov: 586 ft: 2912 corp: 790/152Kb lim: 4096 exec/s: 9826 rss: 816Mb L: 20/3853 MS: 1 EraseBytes-
#2840468	REDUCE cov: 586 ft: 2912 corp: 790/152Kb lim: 4096 exec/s: 9828 rss: 816Mb L: 30/3853 MS: 1 EraseBytes-
#2840587	REDUCE cov: 586 ft: 2912 corp: 790/152Kb lim: 4096 exec/s: 9829 rss: 816Mb L: 51/3853 MS: 4 CopyPart-ShuffleBytes-InsertByte-EraseBytes-
#2842996	REDUCE cov: 586 ft: 2912 corp: 790/152Kb lim: 4096 exec/s: 9803 rss: 816Mb L: 2234/3853 MS: 4 ChangeBit-CopyPart-CopyPart-EraseBytes-
#2843692	REDUCE cov: 586 ft: 2912 corp: 790/152Kb lim: 4096 exec/s: 9805 rss: 816Mb L: 301/3853 MS: 1 EraseBytes-
#2847399	REDUCE cov: 586 ft: 2912 corp: 790/152Kb lim: 4096 exec/s: 9784 rss: 816Mb L: 31/3853 MS: 2 ChangeByte-EraseBytes-
#2848305	REDUCE cov: 586 ft: 2912 corp: 790/152Kb lim: 4096 exec/s: 9787 rss: 816Mb L: 24/3853 MS: 1 EraseBytes-
#2849789	REDUCE cov: 586 ft: 2912 corp: 790/152Kb lim: 4096 exec/s: 9793 rss: 816Mb L: 646/3853 MS: 4 ChangeASCIIInt-ChangeBit-EraseBytes-CopyPart-
#2850635	REDUCE cov: 586 ft: 2912 corp: 790/152Kb lim: 4096 exec/s: 9795 rss: 816Mb L: 13/3853 MS: 1 EraseBytes-
#2850793	REDUCE cov: 586 ft: 2912 corp: 790/152Kb lim: 4096 exec/s: 9796 rss: 816Mb L: 496/3853 MS: 3 InsertByte-ShuffleBytes-EraseBytes-
#2851119	REDUCE cov: 586 ft: 2912 corp: 790/152Kb lim: 4096 exec/s: 9797 rss: 816Mb L: 54/3853 MS: 1 EraseBytes-
#2852926	REDUCE cov: 586 ft: 2912 corp: 790/152Kb lim: 4096 exec/s: 9803 rss: 816Mb L: 123/3853 MS: 2 ShuffleBytes-EraseBytes-
#2855187	REDUCE cov: 586 ft: 2912 corp: 790/152Kb lim: 4096 exec/s: 9811 rss: 816Mb L: 116/3853 MS: 1 EraseBytes-
#2855733	REDUCE cov: 586 ft: 2912 corp: 790/152Kb lim: 4096 exec/s: 9813 rss: 816Mb L: 48/3853 MS: 1 EraseBytes-
#2858110	REDUCE cov: 586 ft: 2912 corp: 790/152Kb lim: 4096 exec/s: 9788 rss: 816Mb L: 10/3853 MS: 2 CrossOver-EraseBytes-
#2859692	REDUCE cov: 586 ft: 2912 corp: 790/152Kb lim: 4096 exec/s: 9793 rss: 816Mb L: 6/3853 MS: 2 CopyPart-EraseBytes-
#2860328	REDUCE cov: 586 ft: 2912 corp: 790/152Kb lim: 4096 exec/s: 9795 rss: 816Mb L: 12/3853 MS: 1 EraseBytes-
#2862434	REDUCE cov: 586 ft: 2912 corp: 790/152Kb lim: 4096 exec/s: 9802 rss: 816Mb L: 15/3853 MS: 1 EraseBytes-
#2863651	REDUCE cov: 586 ft: 2912 corp: 790/152Kb lim: 4096 exec/s: 9807 rss: 816Mb L: 84/3853 MS: 2 CMP-EraseBytes- DE: "\001\000\000\000\000\000\000\200"-
#2865707	REDUCE cov: 586 ft: 2912 corp: 790/152Kb lim: 4096 exec/s: 9780 rss: 816Mb L: 52/3853 MS: 1 EraseBytes-
#2865884	REDUCE cov: 586 ft: 2912 corp: 790/152Kb lim: 4096 exec/s: 9781 rss: 816Mb L: 145/3853 MS: 2 ChangeASCIIInt-EraseBytes-
#2866103	REDUCE cov: 586 ft: 2912 corp: 790/152Kb lim: 4096 exec/s: 9781 rss: 816Mb L: 1758/3853 MS: 4 CrossOver-ChangeASCIIInt-ChangeBinInt-EraseBytes-
#2870078	REDUCE cov: 586 ft: 2912 corp: 790/152Kb lim: 4096 exec/s: 9795 rss: 816Mb L: 3788/3788 MS: 5 PersAutoDict-ChangeByte-EraseBytes-ChangeBit-CopyPart- DE: "\001\200"-
#2870320	REDUCE cov: 586 ft: 2912 corp: 790/152Kb lim: 4096 exec/s: 9796 rss: 816Mb L: 145/3788 MS: 2 CopyPart-EraseBytes-
#2871812	REDUCE cov: 586 ft: 2912 corp: 790/152Kb lim: 4096 exec/s: 9801 rss: 816Mb L: 2768/3788 MS: 2 ChangeByte-EraseBytes-
#2872833	REDUCE cov: 586 ft: 2912 corp: 790/152Kb lim: 4096 exec/s: 9771 rss: 816Mb L: 285/3788 MS: 1 EraseBytes-
#2873289	REDUCE cov: 586 ft: 2912 corp: 790/152Kb lim: 4096 exec/s: 9773 rss: 816Mb L: 14/3788 MS: 1 EraseBytes-
#2873556	REDUCE cov: 586 ft: 2912 corp: 790/152Kb lim: 4096 exec/s: 9774 rss: 816Mb L: 29/3788 MS: 2 ChangeBit-EraseBytes-
#2874030	REDUCE cov: 586 ft: 2912 corp: 790/152Kb lim: 4096 exec/s: 9775 rss: 816Mb L: 109/3788 MS: 4 ChangeASCIIInt-EraseBytes-InsertByte-CopyPart-
#2876471	REDUCE cov: 586 ft: 2912 corp: 790/152Kb lim: 4096 exec/s: 9783 rss: 816Mb L: 17/3788 MS: 1 EraseBytes-
#2876722	REDUCE cov: 586 ft: 2912 corp: 790/152Kb lim: 4096 exec/s: 9784 rss: 816Mb L: 27/3788 MS: 1 EraseBytes-
#2882738	REDUCE cov: 586 ft: 2912 corp: 790/152Kb lim: 4096 exec/s: 9771 rss: 816Mb L: 16/3788 MS: 1 EraseBytes-
#2883214	REDUCE cov: 586 ft: 2912 corp: 790/152Kb lim: 4096 exec/s: 9773 rss: 816Mb L: 1188/3788 MS: 1 EraseBytes-
#2883861	REDUCE cov: 586 ft: 2912 corp: 790/152Kb lim: 4096 exec/s: 9775 rss: 816Mb L: 226/3788 MS: 2 InsertByte-EraseBytes-
#2883966	REDUCE cov: 586 ft: 2912 corp: 790/152Kb lim: 4096 exec/s: 9776 rss: 816Mb L: 540/3788 MS: 5 ShuffleBytes-CopyPart-EraseBytes-ShuffleBytes-CopyPart-
#2887774	REDUCE cov: 586 ft: 2912 corp: 790/151Kb lim: 4096 exec/s: 9789 rss: 816Mb L: 1588/3788 MS: 3 ChangeASCIIInt-ChangeBinInt-EraseBytes-
#2887840	REDUCE cov: 586 ft: 2912 corp: 790/151Kb lim: 4096 exec/s: 9789 rss: 816Mb L: 3750/3750 MS: 1 EraseBytes-
#2888561	REDUCE cov: 586 ft: 2912 corp: 790/151Kb lim: 4096 exec/s: 9791 rss: 816Mb L: 110/3750 MS: 1 EraseBytes-
#2892834	REDUCE cov: 586 ft: 2912 corp: 790/151Kb lim: 4096 exec/s: 9773 rss: 816Mb L: 67/3750 MS: 3 ChangeBit-ChangeBit-EraseBytes-
#2893831	REDUCE cov: 586 ft: 2912 corp: 790/151Kb lim: 4096 exec/s: 9776 rss: 816Mb L: 21/3750 MS: 2 ShuffleBytes-EraseBytes-
#2894512	REDUCE cov: 586 ft: 2912 corp: 790/151Kb lim: 4096 exec/s: 9778 rss: 816Mb L: 43/3750 MS: 1 EraseBytes-
#2894984	REDUCE cov: 586 ft: 2912 corp: 790/151Kb lim: 4096 exec/s: 9780 rss: 816Mb L: 70/3750 MS: 2 ChangeBit-EraseBytes-
#2896260	REDUCE cov: 586 ft: 2912 corp: 790/151Kb lim: 4096 exec/s: 9784 rss: 816Mb L: 110/3750 MS: 1 EraseBytes-
#2901084	REDUCE cov: 586 ft: 2912 corp: 790/151Kb lim: 4096 exec/s: 9767 rss: 816Mb L: 2202/3750 MS: 4 ChangeBit-PersAutoDict-ShuffleBytes-EraseBytes- DE: "\000\000\000\000\000\000\000\032"-
#2901782	REDUCE cov: 586 ft: 2912 corp: 790/151Kb lim: 4096 exec/s: 9770 rss: 816Mb L: 40/3750 MS: 3 ChangeBit-ChangeBinInt-EraseBytes-
#2901933	REDUCE cov: 586 ft: 2912 corp: 790/151Kb lim: 4096 exec/s: 9770 rss: 816Mb L: 14/3750 MS: 1 EraseBytes-
#2902819	REDUCE cov: 586 ft: 2912 corp: 790/151Kb lim: 4096 exec/s: 9773 rss: 816Mb L: 72/3750 MS: 1 EraseBytes-
#2903895	REDUCE cov: 586 ft: 2912 corp: 790/151Kb lim: 4096 exec/s: 9777 rss: 816Mb L: 108/3750 MS: 1 EraseBytes-
#2904301	REDUCE cov: 586 ft: 2912 corp: 790/151Kb lim: 4096 exec/s: 9778 rss: 816Mb L: 15/3750 MS: 1 EraseBytes-
#2904877	REDUCE cov: 586 ft: 2912 corp: 790/151Kb lim: 4096 exec/s: 9780 rss: 816Mb L: 116/3750 MS: 1 EraseBytes-
#2905445	REDUCE cov: 586 ft: 2912 corp: 790/151Kb lim: 4096 exec/s: 9782 rss: 816Mb L: 36/3750 MS: 3 ShuffleBytes-ChangeByte-EraseBytes-
#2905566	REDUCE cov: 586 ft: 2912 corp: 790/151Kb lim: 4096 exec/s: 9783 rss: 816Mb L: 53/3750 MS: 1 EraseBytes-
#2906313	REDUCE cov: 586 ft: 2912 corp: 790/151Kb lim: 4096 exec/s: 9785 rss: 816Mb L: 11/3750 MS: 2 ChangeBit-EraseBytes-
#2908100	REDUCE cov: 586 ft: 2912 corp: 790/151Kb lim: 4096 exec/s: 9758 rss: 816Mb L: 92/3750 MS: 2 CopyPart-EraseBytes-
#2910507	REDUCE cov: 586 ft: 2912 corp: 790/151Kb lim: 4096 exec/s: 9766 rss: 816Mb L: 96/3750 MS: 2 ChangeByte-EraseBytes-
#2913393	REDUCE cov: 586 ft: 2912 corp: 790/151Kb lim: 4096 exec/s: 9776 rss: 816Mb L: 70/3750 MS: 1 EraseBytes-
#2913405	REDUCE cov: 586 ft: 2912 corp: 790/151Kb lim: 4096 exec/s: 9776 rss: 816Mb L: 44/3750 MS: 2 ChangeByte-EraseBytes-
#2914478	REDUCE cov: 586 ft: 2912 corp: 790/151Kb lim: 4096 exec/s: 9780 rss: 816Mb L: 86/3750 MS: 3 ChangeByte-InsertByte-EraseBytes-
#2915499	REDUCE cov: 586 ft: 2912 corp: 790/151Kb lim: 4096 exec/s: 9783 rss: 816Mb L: 244/3750 MS: 1 EraseBytes-
#2915625	REDUCE cov: 586 ft: 2912 corp: 790/151Kb lim: 4096 exec/s: 9783 rss: 816Mb L: 16/3750 MS: 1 EraseBytes-
#2916087	REDUCE cov: 586 ft: 2912 corp: 790/151Kb lim: 4096 exec/s: 9785 rss: 816Mb L: 207/3750 MS: 2 CrossOver-EraseBytes-
#2916980	REDUCE cov: 586 ft: 2912 corp: 790/151Kb lim: 4096 exec/s: 9755 rss: 816Mb L: 140/3750 MS: 3 ChangeBit-InsertByte-EraseBytes-
#2917437	REDUCE cov: 586 ft: 2912 corp: 790/151Kb lim: 4096 exec/s: 9757 rss: 816Mb L: 88/3750 MS: 2 ChangeBit-EraseBytes-
#2917801	REDUCE cov: 586 ft: 2912 corp: 790/151Kb lim: 4096 exec/s: 9758 rss: 816Mb L: 611/3750 MS: 4 CMP-CopyPart-ChangeBit-EraseBytes- DE: "\377\377\376\375"-
#2921147	REDUCE cov: 586 ft: 2912 corp: 790/151Kb lim: 4096 exec/s: 9769 rss: 816Mb L: 21/3750 MS: 1 EraseBytes-
#2922944	REDUCE cov: 586 ft: 2912 corp: 790/151Kb lim: 4096 exec/s: 9775 rss: 816Mb L: 514/3750 MS: 2 EraseBytes-PersAutoDict- DE: "\376\377\000\000"-
#2925071	REDUCE cov: 586 ft: 2912 corp: 790/151Kb lim: 4096 exec/s: 9782 rss: 816Mb L: 258/3750 MS: 2 InsertByte-EraseBytes-
#2926242	REDUCE cov: 586 ft: 2912 corp: 790/151Kb lim: 4096 exec/s: 9754 rss: 816Mb L: 26/3750 MS: 1 EraseBytes-
#2928863	REDUCE cov: 586 ft: 2912 corp: 790/151Kb lim: 4096 exec/s: 9762 rss: 816Mb L: 263/3750 MS: 1 EraseBytes-
#2929279	REDUCE cov: 586 ft: 2912 corp: 790/151Kb lim: 4096 exec/s: 9764 rss: 816Mb L: 115/3750 MS: 1 EraseBytes-
#2929895	REDUCE cov: 586 ft: 2912 corp: 790/151Kb lim: 4096 exec/s: 9766 rss: 816Mb L: 298/3750 MS: 1 EraseBytes-
#2930255	REDUCE cov: 586 ft: 2912 corp: 790/151Kb lim: 4096 exec/s: 9767 rss: 816Mb L: 1164/3750 MS: 5 ChangeBit-ChangeByte-InsertRepeatedBytes-EraseBytes-CrossOver-
#2930846	REDUCE cov: 586 ft: 2912 corp: 790/151Kb lim: 4096 exec/s: 9769 rss: 816Mb L: 49/3750 MS: 1 EraseBytes-
#2931616	REDUCE cov: 586 ft: 2912 corp: 790/151Kb lim: 4096 exec/s: 9772 rss: 816Mb L: 227/3750 MS: 5 ShuffleBytes-InsertRepeatedBytes-ShuffleBytes-ChangeByte-EraseBytes-
#2931872	REDUCE cov: 586 ft: 2912 corp: 790/151Kb lim: 4096 exec/s: 9772 rss: 816Mb L: 158/3750 MS: 1 EraseBytes-
#2932118	REDUCE cov: 586 ft: 2912 corp: 790/151Kb lim: 4096 exec/s: 9773 rss: 816Mb L: 11/3750 MS: 1 EraseBytes-
#2932459	REDUCE cov: 586 ft: 2912 corp: 790/151Kb lim: 4096 exec/s: 9774 rss: 816Mb L: 268/3750 MS: 1 EraseBytes-
#2932850	REDUCE cov: 586 ft: 2912 corp: 790/151Kb lim: 4096 exec/s: 9776 rss: 816Mb L: 48/3750 MS: 1 EraseBytes-
#2934087	REDUCE cov: 586 ft: 2912 corp: 790/151Kb lim: 4096 exec/s: 9780 rss: 816Mb L: 22/3750 MS: 2 ShuffleBytes-EraseBytes-
#2934268	REDUCE cov: 586 ft: 2912 corp: 790/151Kb lim: 4096 exec/s: 9780 rss: 816Mb L: 16/3750 MS: 1 EraseBytes-
#2934494	REDUCE cov: 586 ft: 2912 corp: 790/151Kb lim: 4096 exec/s: 9781 rss: 816Mb L: 82/3750 MS: 1 EraseBytes-
#2934600	REDUCE cov: 586 ft: 2912 corp: 790/151Kb lim: 4096 exec/s: 9749 rss: 816Mb L: 1496/3750 MS: 1 EraseBytes-
#2934868	NEW    cov: 586 ft: 2946 corp: 791/154Kb lim: 4096 exec/s: 9750 rss: 816Mb L: 3314/3750 MS: 3 CopyPart-CopyPart-CopyPart-
#2935240	REDUCE cov: 586 ft: 2946 corp: 791/154Kb lim: 4096 exec/s: 9751 rss: 816Mb L: 4/3750 MS: 2 EraseBytes-ChangeByte-
#2935264	REDUCE cov: 586 ft: 2946 corp: 791/154Kb lim: 4096 exec/s: 9751 rss: 816Mb L: 3153/3750 MS: 4 ChangeBinInt-InsertByte-PersAutoDict-EraseBytes- DE: "\001\000"-
#2935641	REDUCE cov: 586 ft: 2946 corp: 791/154Kb lim: 4096 exec/s: 9752 rss: 816Mb L: 134/3750 MS: 2 ChangeASCIIInt-EraseBytes-
#2937187	REDUCE cov: 586 ft: 2946 corp: 791/154Kb lim: 4096 exec/s: 9758 rss: 816Mb L: 38/3750 MS: 1 EraseBytes-
#2937625	REDUCE cov: 586 ft: 2946 corp: 791/154Kb lim: 4096 exec/s: 9759 rss: 816Mb L: 116/3750 MS: 3 ChangeBit-ShuffleBytes-EraseBytes-
#2938322	REDUCE cov: 586 ft: 2946 corp: 791/154Kb lim: 4096 exec/s: 9761 rss: 816Mb L: 571/3750 MS: 2 ChangeByte-EraseBytes-
#2938763	REDUCE cov: 586 ft: 2946 corp: 791/154Kb lim: 4096 exec/s: 9763 rss: 816Mb L: 27/3750 MS: 1 EraseBytes-
#2940344	REDUCE cov: 586 ft: 2946 corp: 791/154Kb lim: 4096 exec/s: 9768 rss: 816Mb L: 87/3750 MS: 1 EraseBytes-
#2941600	REDUCE cov: 586 ft: 2946 corp: 791/154Kb lim: 4096 exec/s: 9772 rss: 816Mb L: 2152/3750 MS: 1 EraseBytes-
#2944281	REDUCE cov: 586 ft: 2946 corp: 791/154Kb lim: 4096 exec/s: 9749 rss: 816Mb L: 1153/3750 MS: 1 EraseBytes-
#2946347	REDUCE cov: 586 ft: 2946 corp: 791/154Kb lim: 4096 exec/s: 9756 rss: 816Mb L: 82/3750 MS: 1 EraseBytes-
#2947443	REDUCE cov: 586 ft: 2946 corp: 791/154Kb lim: 4096 exec/s: 9759 rss: 816Mb L: 44/3750 MS: 1 EraseBytes-
#2947524	REDUCE cov: 586 ft: 2946 corp: 791/154Kb lim: 4096 exec/s: 9760 rss: 816Mb L: 73/3750 MS: 1 EraseBytes-
#2948694	REDUCE cov: 586 ft: 2946 corp: 791/154Kb lim: 4096 exec/s: 9763 rss: 816Mb L: 370/3750 MS: 5 ShuffleBytes-InsertByte-ChangeBinInt-EraseBytes-CopyPart-
#2949673	REDUCE cov: 586 ft: 2946 corp: 791/154Kb lim: 4096 exec/s: 9767 rss: 816Mb L: 3148/3750 MS: 4 CopyPart-CopyPart-ChangeBinInt-EraseBytes-
#2949936	REDUCE cov: 586 ft: 2946 corp: 791/154Kb lim: 4096 exec/s: 9768 rss: 816Mb L: 29/3750 MS: 3 CrossOver-CopyPart-EraseBytes-
#2952173	REDUCE cov: 586 ft: 2946 corp: 791/154Kb lim: 4096 exec/s: 9775 rss: 816Mb L: 99/3750 MS: 2 ChangeBinInt-EraseBytes-
#2952289	REDUCE cov: 586 ft: 2946 corp: 791/154Kb lim: 4096 exec/s: 9775 rss: 816Mb L: 25/3750 MS: 1 EraseBytes-
#2952855	REDUCE cov: 586 ft: 2946 corp: 791/154Kb lim: 4096 exec/s: 9777 rss: 816Mb L: 16/3750 MS: 1 EraseBytes-
#2953231	REDUCE cov: 586 ft: 2946 corp: 791/154Kb lim: 4096 exec/s: 9746 rss: 816Mb L: 34/3750 MS: 1 EraseBytes-
#2953687	REDUCE cov: 586 ft: 2946 corp: 791/154Kb lim: 4096 exec/s: 9748 rss: 816Mb L: 22/3750 MS: 1 EraseBytes-
#2954006	REDUCE cov: 586 ft: 2948 corp: 792/157Kb lim: 4096 exec/s: 9749 rss: 816Mb L: 3186/3750 MS: 4 CopyPart-ShuffleBytes-ChangeBit-CopyPart-
#2956381	REDUCE cov: 586 ft: 2948 corp: 792/157Kb lim: 4096 exec/s: 9757 rss: 816Mb L: 368/3750 MS: 5 CopyPart-ChangeByte-ChangeByte-ChangeBit-EraseBytes-
#2957105	REDUCE cov: 586 ft: 2948 corp: 792/157Kb lim: 4096 exec/s: 9759 rss: 816Mb L: 2813/3750 MS: 4 PersAutoDict-EraseBytes-ShuffleBytes-CMP- DE: "\000\000\000\231"-"\377\377\377\377\377\377\377\377"-
#2957481	REDUCE cov: 586 ft: 2948 corp: 792/157Kb lim: 4096 exec/s: 9760 rss: 816Mb L: 2150/3750 MS: 1 EraseBytes-
#2959262	REDUCE cov: 586 ft: 2948 corp: 792/157Kb lim: 4096 exec/s: 9766 rss: 816Mb L: 17/3750 MS: 1 EraseBytes-
#2959780	REDUCE cov: 586 ft: 2948 corp: 792/157Kb lim: 4096 exec/s: 9768 rss: 816Mb L: 221/3750 MS: 3 CrossOver-ChangeBit-EraseBytes-
#2961052	REDUCE cov: 586 ft: 2948 corp: 792/157Kb lim: 4096 exec/s: 9772 rss: 816Mb L: 726/3750 MS: 2 ShuffleBytes-EraseBytes-
#2961393	REDUCE cov: 586 ft: 2948 corp: 792/157Kb lim: 4096 exec/s: 9741 rss: 816Mb L: 43/3750 MS: 1 EraseBytes-
#2963184	REDUCE cov: 586 ft: 2948 corp: 792/157Kb lim: 4096 exec/s: 9747 rss: 816Mb L: 20/3750 MS: 1 EraseBytes-
#2963805	REDUCE cov: 586 ft: 2948 corp: 792/157Kb lim: 4096 exec/s: 9749 rss: 816Mb L: 21/3750 MS: 1 EraseBytes-
#2966141	REDUCE cov: 586 ft: 2948 corp: 792/157Kb lim: 4096 exec/s: 9725 rss: 816Mb L: 69/3750 MS: 1 EraseBytes-
#2966649	REDUCE cov: 586 ft: 2948 corp: 792/157Kb lim: 4096 exec/s: 9726 rss: 816Mb L: 353/3750 MS: 3 InsertRepeatedBytes-EraseBytes-EraseBytes-
#2967481	REDUCE cov: 586 ft: 2948 corp: 792/157Kb lim: 4096 exec/s: 9729 rss: 816Mb L: 363/3750 MS: 2 CopyPart-EraseBytes-
#2969397	REDUCE cov: 586 ft: 2948 corp: 792/157Kb lim: 4096 exec/s: 9703 rss: 816Mb L: 644/3750 MS: 1 EraseBytes-
#2970003	REDUCE cov: 586 ft: 2948 corp: 792/157Kb lim: 4096 exec/s: 9705 rss: 816Mb L: 25/3750 MS: 1 EraseBytes-
#2970679	REDUCE cov: 586 ft: 2948 corp: 792/157Kb lim: 4096 exec/s: 9708 rss: 816Mb L: 22/3750 MS: 1 EraseBytes-
#2971301	REDUCE cov: 586 ft: 2948 corp: 792/157Kb lim: 4096 exec/s: 9678 rss: 816Mb L: 348/3750 MS: 2 EraseBytes-CopyPart-
#2972758	REDUCE cov: 586 ft: 2948 corp: 792/157Kb lim: 4096 exec/s: 9683 rss: 816Mb L: 943/3750 MS: 2 EraseBytes-CopyPart-
#2973497	REDUCE cov: 586 ft: 2948 corp: 792/157Kb lim: 4096 exec/s: 9685 rss: 816Mb L: 516/3750 MS: 4 InsertByte-ChangeByte-ChangeBit-EraseBytes-
#2973956	REDUCE cov: 586 ft: 2948 corp: 792/157Kb lim: 4096 exec/s: 9687 rss: 816Mb L: 141/3750 MS: 4 InsertByte-ChangeBinInt-EraseBytes-EraseBytes-
#2974514	REDUCE cov: 586 ft: 2948 corp: 792/157Kb lim: 4096 exec/s: 9688 rss: 816Mb L: 85/3750 MS: 3 ChangeByte-CopyPart-EraseBytes-
#2976522	REDUCE cov: 586 ft: 2948 corp: 792/157Kb lim: 4096 exec/s: 9664 rss: 816Mb L: 37/3750 MS: 3 InsertByte-ShuffleBytes-EraseBytes-
#2977423	REDUCE cov: 586 ft: 2948 corp: 792/157Kb lim: 4096 exec/s: 9666 rss: 816Mb L: 189/3750 MS: 1 EraseBytes-
#2979215	REDUCE cov: 586 ft: 2948 corp: 792/157Kb lim: 4096 exec/s: 9672 rss: 816Mb L: 20/3750 MS: 2 ChangeBinInt-EraseBytes-
#2979224	REDUCE cov: 586 ft: 2948 corp: 792/157Kb lim: 4096 exec/s: 9672 rss: 816Mb L: 1450/3750 MS: 4 CopyPart-EraseBytes-ChangeBinInt-EraseBytes-
#2979725	REDUCE cov: 586 ft: 2948 corp: 792/157Kb lim: 4096 exec/s: 9674 rss: 816Mb L: 135/3750 MS: 1 EraseBytes-
#2982006	REDUCE cov: 586 ft: 2948 corp: 792/157Kb lim: 4096 exec/s: 9681 rss: 816Mb L: 13/3750 MS: 1 EraseBytes-
#2982326	REDUCE cov: 586 ft: 2948 corp: 792/157Kb lim: 4096 exec/s: 9682 rss: 816Mb L: 606/3750 MS: 5 PersAutoDict-InsertByte-PersAutoDict-ChangeBit-EraseBytes- DE: "(\000"-"\204\000"-
#2985713	REDUCE cov: 586 ft: 2948 corp: 792/157Kb lim: 4096 exec/s: 9662 rss: 816Mb L: 106/3750 MS: 2 ChangeByte-EraseBytes-
#2990082	REDUCE cov: 586 ft: 2948 corp: 792/157Kb lim: 4096 exec/s: 9676 rss: 816Mb L: 49/3750 MS: 4 CopyPart-CopyPart-EraseBytes-CopyPart-
#2990309	REDUCE cov: 586 ft: 2948 corp: 792/157Kb lim: 4096 exec/s: 9677 rss: 816Mb L: 85/3750 MS: 2 CopyPart-EraseBytes-
#2990546	REDUCE cov: 586 ft: 2948 corp: 792/157Kb lim: 4096 exec/s: 9678 rss: 816Mb L: 92/3750 MS: 2 CopyPart-EraseBytes-
#2990943	REDUCE cov: 586 ft: 2948 corp: 792/157Kb lim: 4096 exec/s: 9679 rss: 816Mb L: 359/3750 MS: 2 ChangeByte-EraseBytes-
#2991914	REDUCE cov: 586 ft: 2948 corp: 792/157Kb lim: 4096 exec/s: 9682 rss: 816Mb L: 386/3750 MS: 1 EraseBytes-
#2992194	REDUCE cov: 586 ft: 2948 corp: 792/157Kb lim: 4096 exec/s: 9683 rss: 816Mb L: 61/3750 MS: 5 ChangeBinInt-CopyPart-ChangeBit-ShuffleBytes-EraseBytes-
#2995200	REDUCE cov: 586 ft: 2948 corp: 792/157Kb lim: 4096 exec/s: 9661 rss: 816Mb L: 50/3750 MS: 1 EraseBytes-
#2998541	REDUCE cov: 586 ft: 2948 corp: 792/157Kb lim: 4096 exec/s: 9672 rss: 816Mb L: 40/3750 MS: 1 EraseBytes-
#2999008	REDUCE cov: 586 ft: 2948 corp: 792/157Kb lim: 4096 exec/s: 9674 rss: 816Mb L: 3046/3750 MS: 2 CopyPart-EraseBytes-
#2999024	NEW    cov: 586 ft: 2950 corp: 793/157Kb lim: 4096 exec/s: 9674 rss: 816Mb L: 104/3750 MS: 1 CopyPart-
#2999909	REDUCE cov: 586 ft: 2950 corp: 793/157Kb lim: 4096 exec/s: 9677 rss: 816Mb L: 344/3750 MS: 5 PersAutoDict-InsertByte-CMP-CMP-EraseBytes- DE: "@\000"-"\377\177"-"\000\000\000\000\000\000\000\372"-
#3001683	REDUCE cov: 586 ft: 2950 corp: 793/157Kb lim: 4096 exec/s: 9682 rss: 816Mb L: 1433/3750 MS: 4 ShuffleBytes-ChangeBit-InsertRepeatedBytes-EraseBytes-
#3002019	REDUCE cov: 586 ft: 2950 corp: 793/157Kb lim: 4096 exec/s: 9683 rss: 816Mb L: 54/3750 MS: 1 EraseBytes-
#3004348	REDUCE cov: 586 ft: 2950 corp: 793/157Kb lim: 4096 exec/s: 9660 rss: 816Mb L: 341/3750 MS: 4 PersAutoDict-PersAutoDict-CrossOver-EraseBytes- DE: "\001\000\000\000\000\000\002)"-"\001\\"-
#3004906	REDUCE cov: 586 ft: 2950 corp: 793/157Kb lim: 4096 exec/s: 9662 rss: 816Mb L: 22/3750 MS: 3 ChangeBinInt-ChangeByte-EraseBytes-
#3005543	REDUCE cov: 586 ft: 2950 corp: 793/157Kb lim: 4096 exec/s: 9664 rss: 816Mb L: 285/3750 MS: 2 EraseBytes-CopyPart-
#3005857	REDUCE cov: 586 ft: 2950 corp: 793/157Kb lim: 4096 exec/s: 9665 rss: 816Mb L: 32/3750 MS: 4 CrossOver-ChangeByte-InsertByte-EraseBytes-
#3009224	REDUCE cov: 586 ft: 2950 corp: 793/157Kb lim: 4096 exec/s: 9644 rss: 816Mb L: 596/3750 MS: 2 CrossOver-EraseBytes-
#3010001	REDUCE cov: 586 ft: 2950 corp: 793/157Kb lim: 4096 exec/s: 9647 rss: 816Mb L: 295/3750 MS: 2 EraseBytes-CopyPart-
#3010262	REDUCE cov: 586 ft: 2950 corp: 793/157Kb lim: 4096 exec/s: 9648 rss: 816Mb L: 22/3750 MS: 1 EraseBytes-
#3011246	REDUCE cov: 586 ft: 2950 corp: 793/157Kb lim: 4096 exec/s: 9651 rss: 816Mb L: 823/3750 MS: 4 ChangeBit-InsertByte-CopyPart-EraseBytes-
#3011922	REDUCE cov: 586 ft: 2950 corp: 793/157Kb lim: 4096 exec/s: 9653 rss: 816Mb L: 2678/3750 MS: 1 EraseBytes-
#3013718	REDUCE cov: 586 ft: 2950 corp: 793/157Kb lim: 4096 exec/s: 9628 rss: 816Mb L: 510/3750 MS: 1 EraseBytes-
#3014224	REDUCE cov: 586 ft: 2950 corp: 793/157Kb lim: 4096 exec/s: 9630 rss: 816Mb L: 15/3750 MS: 1 EraseBytes-
#3014888	REDUCE cov: 586 ft: 2952 corp: 794/160Kb lim: 4096 exec/s: 9632 rss: 816Mb L: 3906/3906 MS: 4 PersAutoDict-ChangeByte-InsertByte-CopyPart- DE: "\001\000\000\000\000\000\000\003"-
#3015037	REDUCE cov: 586 ft: 2952 corp: 794/160Kb lim: 4096 exec/s: 9632 rss: 816Mb L: 94/3906 MS: 4 ChangeBit-ChangeByte-EraseBytes-PersAutoDict- DE: "\004\000\000\000\000\000\000\000"-
#3018028	REDUCE cov: 586 ft: 2952 corp: 794/160Kb lim: 4096 exec/s: 9642 rss: 816Mb L: 489/3906 MS: 1 EraseBytes-
#3020094	REDUCE cov: 586 ft: 2952 corp: 794/160Kb lim: 4096 exec/s: 9618 rss: 816Mb L: 105/3906 MS: 1 EraseBytes-
#3021700	REDUCE cov: 586 ft: 2952 corp: 794/160Kb lim: 4096 exec/s: 9623 rss: 816Mb L: 558/3906 MS: 1 EraseBytes-
#3023563	REDUCE cov: 586 ft: 2952 corp: 794/160Kb lim: 4096 exec/s: 9629 rss: 816Mb L: 984/3906 MS: 3 ChangeBit-InsertByte-EraseBytes-
#3024179	REDUCE cov: 586 ft: 2952 corp: 794/160Kb lim: 4096 exec/s: 9600 rss: 816Mb L: 69/3906 MS: 1 EraseBytes-
#3026782	REDUCE cov: 586 ft: 2952 corp: 794/160Kb lim: 4096 exec/s: 9608 rss: 816Mb L: 97/3906 MS: 3 InsertByte-ChangeBinInt-EraseBytes-
#3028319	REDUCE cov: 586 ft: 2952 corp: 794/160Kb lim: 4096 exec/s: 9613 rss: 816Mb L: 140/3906 MS: 2 CopyPart-EraseBytes-
#3028588	REDUCE cov: 586 ft: 2952 corp: 794/160Kb lim: 4096 exec/s: 9614 rss: 816Mb L: 251/3906 MS: 4 ChangeBinInt-EraseBytes-CopyPart-CopyPart-
#3029006	REDUCE cov: 586 ft: 2952 corp: 794/160Kb lim: 4096 exec/s: 9615 rss: 816Mb L: 275/3906 MS: 3 EraseBytes-ChangeByte-CrossOver-
#3029859	REDUCE cov: 586 ft: 2952 corp: 794/160Kb lim: 4096 exec/s: 9588 rss: 816Mb L: 192/3906 MS: 3 ShuffleBytes-ChangeBinInt-EraseBytes-
#3029900	REDUCE cov: 586 ft: 2952 corp: 794/160Kb lim: 4096 exec/s: 9588 rss: 816Mb L: 45/3906 MS: 1 EraseBytes-
#3030501	REDUCE cov: 586 ft: 2952 corp: 794/160Kb lim: 4096 exec/s: 9590 rss: 816Mb L: 173/3906 MS: 1 EraseBytes-
#3031017	REDUCE cov: 586 ft: 2952 corp: 794/160Kb lim: 4096 exec/s: 9591 rss: 816Mb L: 19/3906 MS: 1 EraseBytes-
#3032643	REDUCE cov: 586 ft: 2952 corp: 794/160Kb lim: 4096 exec/s: 9596 rss: 816Mb L: 55/3906 MS: 1 EraseBytes-
#3032779	REDUCE cov: 586 ft: 2952 corp: 794/160Kb lim: 4096 exec/s: 9597 rss: 816Mb L: 221/3906 MS: 1 EraseBytes-
#3033860	REDUCE cov: 586 ft: 2952 corp: 794/160Kb lim: 4096 exec/s: 9600 rss: 816Mb L: 135/3906 MS: 1 EraseBytes-
#3033872	REDUCE cov: 586 ft: 2952 corp: 794/160Kb lim: 4096 exec/s: 9600 rss: 816Mb L: 1140/3906 MS: 2 InsertByte-EraseBytes-
#3035093	REDUCE cov: 586 ft: 2952 corp: 794/160Kb lim: 4096 exec/s: 9574 rss: 816Mb L: 482/3906 MS: 1 EraseBytes-
#3035354	REDUCE cov: 586 ft: 2952 corp: 794/160Kb lim: 4096 exec/s: 9575 rss: 816Mb L: 58/3906 MS: 1 EraseBytes-
#3036808	REDUCE cov: 586 ft: 2952 corp: 794/160Kb lim: 4096 exec/s: 9579 rss: 816Mb L: 712/3906 MS: 4 EraseBytes-ChangeByte-PersAutoDict-InsertRepeatedBytes- DE: "\0006"-
#3038684	REDUCE cov: 586 ft: 2952 corp: 794/160Kb lim: 4096 exec/s: 9585 rss: 816Mb L: 48/3906 MS: 1 EraseBytes-
#3039173	REDUCE cov: 586 ft: 2952 corp: 794/160Kb lim: 4096 exec/s: 9587 rss: 816Mb L: 2736/3906 MS: 4 InsertRepeatedBytes-EraseBytes-CopyPart-CrossOver-
#3043398	REDUCE cov: 586 ft: 2952 corp: 794/160Kb lim: 4096 exec/s: 9570 rss: 816Mb L: 7/3906 MS: 5 PersAutoDict-EraseBytes-PersAutoDict-EraseBytes-CopyPart- DE: "\013\000\000\000\000\000\000\000"-"c\000\000\000"-
#3043430	REDUCE cov: 586 ft: 2952 corp: 794/160Kb lim: 4096 exec/s: 9570 rss: 816Mb L: 23/3906 MS: 2 CopyPart-EraseBytes-
#3045506	REDUCE cov: 586 ft: 2952 corp: 794/160Kb lim: 4096 exec/s: 9577 rss: 816Mb L: 21/3906 MS: 1 EraseBytes-
#3045659	REDUCE cov: 586 ft: 2952 corp: 794/160Kb lim: 4096 exec/s: 9577 rss: 816Mb L: 1179/3906 MS: 3 CopyPart-PersAutoDict-EraseBytes- DE: "\000\376"-
#3047040	REDUCE cov: 586 ft: 2952 corp: 794/160Kb lim: 4096 exec/s: 9551 rss: 816Mb L: 1172/3906 MS: 1 EraseBytes-
#3047436	REDUCE cov: 586 ft: 2952 corp: 794/160Kb lim: 4096 exec/s: 9553 rss: 816Mb L: 106/3906 MS: 1 EraseBytes-
#3049035	REDUCE cov: 586 ft: 2952 corp: 794/160Kb lim: 4096 exec/s: 9558 rss: 816Mb L: 254/3906 MS: 4 CMP-ChangeBit-CopyPart-EraseBytes- DE: "\177\000\000\000\000\000\000\000"-
#3049496	REDUCE cov: 586 ft: 2952 corp: 794/160Kb lim: 4096 exec/s: 9559 rss: 816Mb L: 143/3906 MS: 1 EraseBytes-
#3050633	REDUCE cov: 586 ft: 2952 corp: 794/160Kb lim: 4096 exec/s: 9563 rss: 816Mb L: 76/3906 MS: 2 EraseBytes-CopyPart-
#3051639	REDUCE cov: 586 ft: 2952 corp: 794/160Kb lim: 4096 exec/s: 9566 rss: 816Mb L: 384/3906 MS: 1 EraseBytes-
#3051675	REDUCE cov: 586 ft: 2952 corp: 794/160Kb lim: 4096 exec/s: 9566 rss: 816Mb L: 10/3906 MS: 1 EraseBytes-
#3052997	REDUCE cov: 586 ft: 2952 corp: 794/160Kb lim: 4096 exec/s: 9540 rss: 816Mb L: 43/3906 MS: 2 PersAutoDict-EraseBytes- DE: "\377\377\377["-
#3054243	REDUCE cov: 586 ft: 2952 corp: 794/160Kb lim: 4096 exec/s: 9544 rss: 816Mb L: 14/3906 MS: 1 EraseBytes-
#3054429	REDUCE cov: 586 ft: 2952 corp: 794/160Kb lim: 4096 exec/s: 9545 rss: 816Mb L: 52/3906 MS: 1 EraseBytes-
#3057160	REDUCE cov: 586 ft: 2952 corp: 794/160Kb lim: 4096 exec/s: 9553 rss: 816Mb L: 22/3906 MS: 1 EraseBytes-
#3058531	REDUCE cov: 586 ft: 2952 corp: 794/160Kb lim: 4096 exec/s: 9528 rss: 816Mb L: 261/3906 MS: 1 EraseBytes-
#3060588	REDUCE cov: 586 ft: 2952 corp: 794/160Kb lim: 4096 exec/s: 9534 rss: 816Mb L: 13/3906 MS: 2 EraseBytes-CopyPart-
#3060919	REDUCE cov: 586 ft: 2952 corp: 794/160Kb lim: 4096 exec/s: 9535 rss: 816Mb L: 33/3906 MS: 1 EraseBytes-
#3061541	REDUCE cov: 586 ft: 2952 corp: 794/160Kb lim: 4096 exec/s: 9537 rss: 816Mb L: 343/3906 MS: 2 ShuffleBytes-EraseBytes-
#3061927	REDUCE cov: 586 ft: 2952 corp: 794/160Kb lim: 4096 exec/s: 9538 rss: 816Mb L: 19/3906 MS: 1 EraseBytes-
#3063870	REDUCE cov: 586 ft: 2952 corp: 794/160Kb lim: 4096 exec/s: 9515 rss: 816Mb L: 527/3906 MS: 3 CMP-EraseBytes-InsertByte- DE: "\001\000\000 "-
#3064641	REDUCE cov: 586 ft: 2952 corp: 794/160Kb lim: 4096 exec/s: 9517 rss: 816Mb L: 333/3906 MS: 1 EraseBytes-
#3066022	REDUCE cov: 586 ft: 2952 corp: 794/160Kb lim: 4096 exec/s: 9521 rss: 816Mb L: 84/3906 MS: 1 EraseBytes-
#3066619	REDUCE cov: 586 ft: 2952 corp: 794/160Kb lim: 4096 exec/s: 9523 rss: 816Mb L: 80/3906 MS: 2 CopyPart-EraseBytes-
#3067460	REDUCE cov: 586 ft: 2952 corp: 794/160Kb lim: 4096 exec/s: 9526 rss: 816Mb L: 36/3906 MS: 1 EraseBytes-
#3068646	REDUCE cov: 586 ft: 2952 corp: 794/160Kb lim: 4096 exec/s: 9529 rss: 816Mb L: 17/3906 MS: 1 EraseBytes-
#3074107	REDUCE cov: 586 ft: 2952 corp: 794/160Kb lim: 4096 exec/s: 9517 rss: 816Mb L: 94/3906 MS: 1 EraseBytes-
#3076188	REDUCE cov: 586 ft: 2952 corp: 794/160Kb lim: 4096 exec/s: 9494 rss: 816Mb L: 196/3906 MS: 1 EraseBytes-
#3076895	REDUCE cov: 586 ft: 2952 corp: 794/160Kb lim: 4096 exec/s: 9496 rss: 816Mb L: 35/3906 MS: 2 ChangeBinInt-EraseBytes-
#3078167	REDUCE cov: 586 ft: 2952 corp: 794/160Kb lim: 4096 exec/s: 9500 rss: 816Mb L: 185/3906 MS: 2 ChangeBinInt-EraseBytes-
#3078463	REDUCE cov: 586 ft: 2952 corp: 794/160Kb lim: 4096 exec/s: 9501 rss: 816Mb L: 189/3906 MS: 1 EraseBytes-
#3078884	REDUCE cov: 586 ft: 2952 corp: 794/160Kb lim: 4096 exec/s: 9502 rss: 816Mb L: 18/3906 MS: 1 EraseBytes-
#3081670	REDUCE cov: 586 ft: 2952 corp: 794/160Kb lim: 4096 exec/s: 9482 rss: 816Mb L: 121/3906 MS: 1 EraseBytes-
#3082996	REDUCE cov: 586 ft: 2952 corp: 794/160Kb lim: 4096 exec/s: 9486 rss: 816Mb L: 14/3906 MS: 1 EraseBytes-
#3083843	REDUCE cov: 586 ft: 2952 corp: 794/160Kb lim: 4096 exec/s: 9488 rss: 816Mb L: 137/3906 MS: 2 CopyPart-EraseBytes-
#3086874	REDUCE cov: 586 ft: 2952 corp: 794/160Kb lim: 4096 exec/s: 9468 rss: 816Mb L: 48/3906 MS: 1 EraseBytes-
#3087721	REDUCE cov: 586 ft: 2952 corp: 794/160Kb lim: 4096 exec/s: 9471 rss: 816Mb L: 175/3906 MS: 2 ChangeByte-EraseBytes-
#3088857	REDUCE cov: 586 ft: 2952 corp: 794/160Kb lim: 4096 exec/s: 9475 rss: 816Mb L: 41/3906 MS: 1 EraseBytes-
#3089103	REDUCE cov: 586 ft: 2952 corp: 794/160Kb lim: 4096 exec/s: 9475 rss: 816Mb L: 186/3906 MS: 1 EraseBytes-
#3090600	REDUCE cov: 586 ft: 2952 corp: 794/160Kb lim: 4096 exec/s: 9480 rss: 816Mb L: 2118/3906 MS: 2 ChangeBinInt-EraseBytes-
#3093448	REDUCE cov: 586 ft: 2952 corp: 794/160Kb lim: 4096 exec/s: 9460 rss: 816Mb L: 583/3906 MS: 3 ChangeBit-CrossOver-CrossOver-
#3093865	REDUCE cov: 586 ft: 2952 corp: 794/160Kb lim: 4096 exec/s: 9461 rss: 816Mb L: 37/3906 MS: 2 ChangeBit-EraseBytes-
#3095822	REDUCE cov: 586 ft: 2952 corp: 794/160Kb lim: 4096 exec/s: 9467 rss: 816Mb L: 30/3906 MS: 2 ChangeByte-EraseBytes-
#3097773	REDUCE cov: 586 ft: 2952 corp: 794/160Kb lim: 4096 exec/s: 9444 rss: 816Mb L: 262/3906 MS: 1 EraseBytes-
#3099359	REDUCE cov: 586 ft: 2952 corp: 794/160Kb lim: 4096 exec/s: 9449 rss: 816Mb L: 109/3906 MS: 1 EraseBytes-
#3103496	REDUCE cov: 586 ft: 2952 corp: 794/160Kb lim: 4096 exec/s: 9433 rss: 816Mb L: 30/3906 MS: 2 ShuffleBytes-EraseBytes-
#3103625	REDUCE cov: 586 ft: 2952 corp: 794/160Kb lim: 4096 exec/s: 9433 rss: 816Mb L: 2113/3906 MS: 4 PersAutoDict-EraseBytes-PersAutoDict-CopyPart- DE: "m\000\000\000\000\000\000\000"-"\000\000\000\000\000\000\000\017"-
#3105366	REDUCE cov: 586 ft: 2952 corp: 794/160Kb lim: 4096 exec/s: 9438 rss: 816Mb L: 11/3906 MS: 1 EraseBytes-
#3107568	REDUCE cov: 586 ft: 2952 corp: 794/160Kb lim: 4096 exec/s: 9445 rss: 816Mb L: 92/3906 MS: 2 ChangeByte-EraseBytes-
#3107695	REDUCE cov: 586 ft: 2952 corp: 794/160Kb lim: 4096 exec/s: 9445 rss: 816Mb L: 349/3906 MS: 2 EraseBytes-CopyPart-
#3107946	REDUCE cov: 586 ft: 2952 corp: 794/160Kb lim: 4096 exec/s: 9446 rss: 816Mb L: 3003/3906 MS: 1 EraseBytes-
#3109248	REDUCE cov: 586 ft: 2952 corp: 794/160Kb lim: 4096 exec/s: 9421 rss: 816Mb L: 32/3906 MS: 2 ShuffleBytes-EraseBytes-
#3110585	REDUCE cov: 586 ft: 2952 corp: 794/160Kb lim: 4096 exec/s: 9426 rss: 816Mb L: 23/3906 MS: 2 EraseBytes-CopyPart-
#3110930	REDUCE cov: 586 ft: 2952 corp: 794/160Kb lim: 4096 exec/s: 9427 rss: 816Mb L: 3398/3906 MS: 5 PersAutoDict-ChangeBinInt-ChangeBinInt-ChangeBinInt-EraseBytes- DE: "\000\000\000\010"-
#3113201	REDUCE cov: 586 ft: 2952 corp: 794/160Kb lim: 4096 exec/s: 9433 rss: 816Mb L: 491/3906 MS: 1 EraseBytes-
#3116919	REDUCE cov: 586 ft: 2952 corp: 794/160Kb lim: 4096 exec/s: 9416 rss: 816Mb L: 183/3906 MS: 3 InsertByte-EraseBytes-CopyPart-
#3117470	REDUCE cov: 586 ft: 2952 corp: 794/160Kb lim: 4096 exec/s: 9418 rss: 816Mb L: 20/3906 MS: 1 EraseBytes-
#3118562	REDUCE cov: 586 ft: 2952 corp: 794/160Kb lim: 4096 exec/s: 9421 rss: 816Mb L: 12/3906 MS: 2 CopyPart-EraseBytes-
#3119950	REDUCE cov: 586 ft: 2952 corp: 794/160Kb lim: 4096 exec/s: 9425 rss: 816Mb L: 41/3906 MS: 3 CopyPart-ChangeByte-EraseBytes-
#3122831	REDUCE cov: 586 ft: 2952 corp: 794/160Kb lim: 4096 exec/s: 9406 rss: 816Mb L: 41/3906 MS: 1 EraseBytes-
#3123042	REDUCE cov: 586 ft: 2952 corp: 794/160Kb lim: 4096 exec/s: 9406 rss: 816Mb L: 33/3906 MS: 1 EraseBytes-
#3126778	REDUCE cov: 586 ft: 2952 corp: 794/160Kb lim: 4096 exec/s: 9389 rss: 816Mb L: 558/3906 MS: 1 CrossOver-
#3127111	REDUCE cov: 586 ft: 2952 corp: 794/160Kb lim: 4096 exec/s: 9390 rss: 816Mb L: 104/3906 MS: 3 InsertByte-ChangeByte-EraseBytes-
#3127595	REDUCE cov: 586 ft: 2952 corp: 794/160Kb lim: 4096 exec/s: 9392 rss: 816Mb L: 1095/3906 MS: 4 CMP-CrossOver-PersAutoDict-EraseBytes- DE: "\001\000\220\205"-"y\000\000\000\000\000\000\000"-
#3128876	REDUCE cov: 586 ft: 2952 corp: 794/159Kb lim: 4096 exec/s: 9396 rss: 816Mb L: 284/3906 MS: 1 EraseBytes-
#3129185	REDUCE cov: 586 ft: 2952 corp: 794/159Kb lim: 4096 exec/s: 9396 rss: 816Mb L: 136/3906 MS: 4 CMP-ChangeBit-ChangeBit-EraseBytes- DE: "'\000\000\000"-
#3129291	REDUCE cov: 586 ft: 2952 corp: 794/159Kb lim: 4096 exec/s: 9397 rss: 816Mb L: 107/3906 MS: 1 EraseBytes-
#3131747	REDUCE cov: 586 ft: 2952 corp: 794/159Kb lim: 4096 exec/s: 9404 rss: 816Mb L: 139/3906 MS: 1 EraseBytes-
#3132278	REDUCE cov: 586 ft: 2952 corp: 794/159Kb lim: 4096 exec/s: 9406 rss: 816Mb L: 34/3906 MS: 1 EraseBytes-
#3133414	REDUCE cov: 586 ft: 2952 corp: 794/159Kb lim: 4096 exec/s: 9381 rss: 816Mb L: 43/3906 MS: 1 EraseBytes-
#3134015	REDUCE cov: 586 ft: 2952 corp: 794/159Kb lim: 4096 exec/s: 9383 rss: 816Mb L: 35/3906 MS: 1 EraseBytes-
#3134902	REDUCE cov: 586 ft: 2952 corp: 794/159Kb lim: 4096 exec/s: 9385 rss: 816Mb L: 334/3906 MS: 2 InsertByte-EraseBytes-
#3135343	REDUCE cov: 586 ft: 2952 corp: 794/159Kb lim: 4096 exec/s: 9387 rss: 816Mb L: 17/3906 MS: 1 EraseBytes-
#3136591	REDUCE cov: 586 ft: 2952 corp: 794/159Kb lim: 4096 exec/s: 9390 rss: 816Mb L: 248/3906 MS: 3 EraseBytes-ChangeBinInt-CopyPart-
#3137873	REDUCE cov: 586 ft: 2952 corp: 794/159Kb lim: 4096 exec/s: 9394 rss: 816Mb L: 85/3906 MS: 2 ShuffleBytes-EraseBytes-
#3138819	REDUCE cov: 586 ft: 2952 corp: 794/159Kb lim: 4096 exec/s: 9397 rss: 816Mb L: 246/3906 MS: 1 EraseBytes-
#3139072	REDUCE cov: 586 ft: 2952 corp: 794/159Kb lim: 4096 exec/s: 9398 rss: 816Mb L: 281/3906 MS: 3 ChangeByte-ChangeByte-EraseBytes-
#3141678	REDUCE cov: 586 ft: 2952 corp: 794/159Kb lim: 4096 exec/s: 9406 rss: 816Mb L: 23/3906 MS: 1 EraseBytes-
#3142114	REDUCE cov: 586 ft: 2952 corp: 794/159Kb lim: 4096 exec/s: 9379 rss: 816Mb L: 274/3906 MS: 1 EraseBytes-
#3143002	REDUCE cov: 586 ft: 2952 corp: 794/159Kb lim: 4096 exec/s: 9382 rss: 816Mb L: 33/3906 MS: 3 InsertByte-CopyPart-EraseBytes-
#3143408	REDUCE cov: 586 ft: 2952 corp: 794/159Kb lim: 4096 exec/s: 9383 rss: 816Mb L: 40/3906 MS: 1 EraseBytes-
#3143997	REDUCE cov: 586 ft: 2952 corp: 794/159Kb lim: 4096 exec/s: 9385 rss: 816Mb L: 44/3906 MS: 4 ChangeBinInt-CopyPart-ShuffleBytes-EraseBytes-
#3144008	REDUCE cov: 586 ft: 2952 corp: 794/159Kb lim: 4096 exec/s: 9385 rss: 816Mb L: 405/3906 MS: 1 EraseBytes-
#3145600	REDUCE cov: 586 ft: 2952 corp: 794/159Kb lim: 4096 exec/s: 9389 rss: 816Mb L: 3490/3906 MS: 2 EraseBytes-CopyPart-
#3145908	REDUCE cov: 586 ft: 2952 corp: 794/159Kb lim: 4096 exec/s: 9390 rss: 816Mb L: 332/3906 MS: 3 ChangeASCIIInt-ChangeByte-EraseBytes-
#3146354	REDUCE cov: 586 ft: 2952 corp: 794/159Kb lim: 4096 exec/s: 9392 rss: 816Mb L: 10/3906 MS: 1 EraseBytes-
#3148071	REDUCE cov: 586 ft: 2952 corp: 794/159Kb lim: 4096 exec/s: 9397 rss: 816Mb L: 29/3906 MS: 2 InsertByte-EraseBytes-
#3148377	REDUCE cov: 586 ft: 2952 corp: 794/159Kb lim: 4096 exec/s: 9398 rss: 816Mb L: 647/3906 MS: 1 EraseBytes-
#3149069	REDUCE cov: 586 ft: 2952 corp: 794/159Kb lim: 4096 exec/s: 9400 rss: 816Mb L: 20/3906 MS: 2 ChangeBinInt-EraseBytes-
#3149206	REDUCE cov: 586 ft: 2952 corp: 794/159Kb lim: 4096 exec/s: 9400 rss: 816Mb L: 180/3906 MS: 2 InsertRepeatedBytes-EraseBytes-
#3149248	REDUCE cov: 586 ft: 2952 corp: 794/159Kb lim: 4096 exec/s: 9400 rss: 816Mb L: 78/3906 MS: 2 CrossOver-EraseBytes-
#3153354	REDUCE cov: 586 ft: 2952 corp: 794/159Kb lim: 4096 exec/s: 9384 rss: 816Mb L: 16/3906 MS: 1 EraseBytes-
#3153695	REDUCE cov: 586 ft: 2952 corp: 794/159Kb lim: 4096 exec/s: 9385 rss: 816Mb L: 16/3906 MS: 1 EraseBytes-
#3157587	REDUCE cov: 586 ft: 2952 corp: 794/159Kb lim: 4096 exec/s: 9397 rss: 816Mb L: 124/3906 MS: 2 ShuffleBytes-EraseBytes-
#3158200	REDUCE cov: 586 ft: 2952 corp: 794/159Kb lim: 4096 exec/s: 9399 rss: 816Mb L: 81/3906 MS: 3 ShuffleBytes-ChangeBinInt-EraseBytes-
#3160330	REDUCE cov: 586 ft: 2952 corp: 794/159Kb lim: 4096 exec/s: 9377 rss: 816Mb L: 25/3906 MS: 5 InsertByte-InsertByte-PersAutoDict-InsertByte-EraseBytes- DE: "\005\000"-
#3163471	REDUCE cov: 586 ft: 2952 corp: 794/159Kb lim: 4096 exec/s: 9387 rss: 816Mb L: 54/3906 MS: 1 EraseBytes-
#3166147	REDUCE cov: 586 ft: 2952 corp: 794/159Kb lim: 4096 exec/s: 9395 rss: 816Mb L: 13/3906 MS: 1 EraseBytes-
#3166820	REDUCE cov: 586 ft: 2952 corp: 794/159Kb lim: 4096 exec/s: 9397 rss: 816Mb L: 13/3906 MS: 3 InsertByte-ChangeASCIIInt-EraseBytes-
#3168570	REDUCE cov: 586 ft: 2952 corp: 794/159Kb lim: 4096 exec/s: 9374 rss: 816Mb L: 140/3906 MS: 5 ShuffleBytes-ChangeASCIIInt-ChangeBit-CopyPart-EraseBytes-
#3168897	REDUCE cov: 586 ft: 2952 corp: 794/159Kb lim: 4096 exec/s: 9375 rss: 816Mb L: 1146/3906 MS: 2 ChangeASCIIInt-EraseBytes-
#3171708	REDUCE cov: 586 ft: 2952 corp: 794/159Kb lim: 4096 exec/s: 9383 rss: 816Mb L: 49/3906 MS: 1 EraseBytes-
#3172839	REDUCE cov: 586 ft: 2952 corp: 794/159Kb lim: 4096 exec/s: 9387 rss: 816Mb L: 14/3906 MS: 1 EraseBytes-
#3173770	REDUCE cov: 586 ft: 2952 corp: 794/159Kb lim: 4096 exec/s: 9389 rss: 816Mb L: 21/3906 MS: 1 EraseBytes-
#3173786	REDUCE cov: 586 ft: 2952 corp: 794/159Kb lim: 4096 exec/s: 9389 rss: 816Mb L: 146/3906 MS: 1 EraseBytes-
#3174659	REDUCE cov: 586 ft: 2952 corp: 794/159Kb lim: 4096 exec/s: 9392 rss: 816Mb L: 72/3906 MS: 3 ChangeBinInt-CopyPart-EraseBytes-
#3175095	REDUCE cov: 586 ft: 2952 corp: 794/159Kb lim: 4096 exec/s: 9393 rss: 816Mb L: 127/3906 MS: 1 EraseBytes-
#3176632	REDUCE cov: 586 ft: 2952 corp: 794/159Kb lim: 4096 exec/s: 9370 rss: 816Mb L: 47/3906 MS: 2 CopyPart-EraseBytes-
#3178883	REDUCE cov: 586 ft: 2952 corp: 794/159Kb lim: 4096 exec/s: 9377 rss: 816Mb L: 38/3906 MS: 1 EraseBytes-
#3183194	REDUCE cov: 586 ft: 2952 corp: 794/159Kb lim: 4096 exec/s: 9389 rss: 816Mb L: 17/3906 MS: 1 EraseBytes-
#3183202	REDUCE cov: 586 ft: 2952 corp: 794/159Kb lim: 4096 exec/s: 9389 rss: 816Mb L: 105/3906 MS: 3 ChangeByte-ShuffleBytes-EraseBytes-
#3183748	REDUCE cov: 586 ft: 2952 corp: 794/159Kb lim: 4096 exec/s: 9391 rss: 816Mb L: 66/3906 MS: 1 EraseBytes-
#3185329	REDUCE cov: 586 ft: 2952 corp: 794/159Kb lim: 4096 exec/s: 9396 rss: 816Mb L: 2179/3906 MS: 1 EraseBytes-
#3187338	REDUCE cov: 586 ft: 2952 corp: 794/159Kb lim: 4096 exec/s: 9374 rss: 816Mb L: 1580/3906 MS: 4 ShuffleBytes-CrossOver-ChangeBinInt-EraseBytes-
#3188789	REDUCE cov: 586 ft: 2952 corp: 794/159Kb lim: 4096 exec/s: 9378 rss: 816Mb L: 32/3906 MS: 1 EraseBytes-
#3189895	REDUCE cov: 586 ft: 2952 corp: 794/159Kb lim: 4096 exec/s: 9382 rss: 816Mb L: 75/3906 MS: 1 EraseBytes-
#3191081	REDUCE cov: 586 ft: 2952 corp: 794/159Kb lim: 4096 exec/s: 9385 rss: 816Mb L: 94/3906 MS: 1 EraseBytes-
#3191382	REDUCE cov: 586 ft: 2952 corp: 794/159Kb lim: 4096 exec/s: 9386 rss: 816Mb L: 53/3906 MS: 1 EraseBytes-
#3192663	REDUCE cov: 586 ft: 2952 corp: 794/159Kb lim: 4096 exec/s: 9390 rss: 816Mb L: 85/3906 MS: 1 EraseBytes-
#3193129	REDUCE cov: 586 ft: 2952 corp: 794/159Kb lim: 4096 exec/s: 9391 rss: 816Mb L: 101/3906 MS: 1 EraseBytes-
#3196712	REDUCE cov: 586 ft: 2952 corp: 794/159Kb lim: 4096 exec/s: 9374 rss: 816Mb L: 544/3906 MS: 3 CopyPart-ChangeBit-EraseBytes-
#3200664	REDUCE cov: 586 ft: 2952 corp: 794/159Kb lim: 4096 exec/s: 9386 rss: 816Mb L: 2983/3906 MS: 2 ShuffleBytes-EraseBytes-
#3200930	REDUCE cov: 586 ft: 2952 corp: 794/159Kb lim: 4096 exec/s: 9386 rss: 816Mb L: 178/3906 MS: 1 EraseBytes-
#3201153	REDUCE cov: 586 ft: 2952 corp: 794/159Kb lim: 4096 exec/s: 9387 rss: 816Mb L: 2/3906 MS: 3 ShuffleBytes-ChangeByte-EraseBytes-
#3203160	REDUCE cov: 586 ft: 2952 corp: 794/159Kb lim: 4096 exec/s: 9393 rss: 816Mb L: 106/3906 MS: 2 ChangeBinInt-EraseBytes-
#3204362	REDUCE cov: 586 ft: 2952 corp: 794/159Kb lim: 4096 exec/s: 9396 rss: 816Mb L: 460/3906 MS: 2 InsertByte-EraseBytes-
#3206058	REDUCE cov: 586 ft: 2952 corp: 794/159Kb lim: 4096 exec/s: 9374 rss: 816Mb L: 144/3906 MS: 1 EraseBytes-
#3206159	REDUCE cov: 586 ft: 2952 corp: 794/159Kb lim: 4096 exec/s: 9374 rss: 816Mb L: 431/3906 MS: 1 EraseBytes-
#3206455	REDUCE cov: 586 ft: 2952 corp: 794/159Kb lim: 4096 exec/s: 9375 rss: 816Mb L: 277/3906 MS: 1 EraseBytes-
#3206848	REDUCE cov: 586 ft: 2952 corp: 794/159Kb lim: 4096 exec/s: 9376 rss: 816Mb L: 710/3906 MS: 3 EraseBytes-InsertRepeatedBytes-InsertRepeatedBytes-
#3211539	REDUCE cov: 586 ft: 2952 corp: 794/159Kb lim: 4096 exec/s: 9390 rss: 816Mb L: 27/3906 MS: 1 EraseBytes-
#3213495	REDUCE cov: 586 ft: 2952 corp: 794/159Kb lim: 4096 exec/s: 9396 rss: 816Mb L: 709/3906 MS: 1 EraseBytes-
#3213931	REDUCE cov: 586 ft: 2952 corp: 794/159Kb lim: 4096 exec/s: 9397 rss: 816Mb L: 178/3906 MS: 1 EraseBytes-
#3214468	REDUCE cov: 586 ft: 2952 corp: 794/159Kb lim: 4096 exec/s: 9371 rss: 816Mb L: 288/3906 MS: 2 InsertByte-EraseBytes-
#3214964	REDUCE cov: 586 ft: 2952 corp: 794/159Kb lim: 4096 exec/s: 9373 rss: 816Mb L: 129/3906 MS: 1 EraseBytes-
#3216335	REDUCE cov: 586 ft: 2952 corp: 794/159Kb lim: 4096 exec/s: 9377 rss: 816Mb L: 9/3906 MS: 1 EraseBytes-
#3219291	REDUCE cov: 586 ft: 2952 corp: 794/159Kb lim: 4096 exec/s: 9385 rss: 816Mb L: 73/3906 MS: 1 EraseBytes-
#3220072	REDUCE cov: 586 ft: 2952 corp: 794/159Kb lim: 4096 exec/s: 9387 rss: 816Mb L: 37/3906 MS: 1 EraseBytes-
#3220163	REDUCE cov: 586 ft: 2952 corp: 794/159Kb lim: 4096 exec/s: 9388 rss: 816Mb L: 15/3906 MS: 1 EraseBytes-
#3221579	REDUCE cov: 586 ft: 2952 corp: 794/159Kb lim: 4096 exec/s: 9392 rss: 816Mb L: 79/3906 MS: 1 EraseBytes-
#3223860	REDUCE cov: 586 ft: 2952 corp: 794/159Kb lim: 4096 exec/s: 9371 rss: 816Mb L: 15/3906 MS: 1 EraseBytes-
#3225749	REDUCE cov: 586 ft: 2953 corp: 795/163Kb lim: 4096 exec/s: 9377 rss: 816Mb L: 3681/3906 MS: 4 CopyPart-CrossOver-CopyPart-CopyPart-
#3226576	REDUCE cov: 586 ft: 2953 corp: 795/163Kb lim: 4096 exec/s: 9379 rss: 816Mb L: 16/3906 MS: 2 ChangeBit-EraseBytes-
#3226582	REDUCE cov: 586 ft: 2953 corp: 795/163Kb lim: 4096 exec/s: 9379 rss: 816Mb L: 15/3906 MS: 1 EraseBytes-
#3227909	REDUCE cov: 586 ft: 2953 corp: 795/163Kb lim: 4096 exec/s: 9383 rss: 816Mb L: 11/3906 MS: 2 PersAutoDict-EraseBytes- DE: "\013\000\000\000\000\000\000\000"-
#3228291	REDUCE cov: 586 ft: 2953 corp: 795/163Kb lim: 4096 exec/s: 9384 rss: 816Mb L: 83/3906 MS: 2 ChangeBinInt-EraseBytes-
#3229434	REDUCE cov: 586 ft: 2953 corp: 795/163Kb lim: 4096 exec/s: 9387 rss: 816Mb L: 276/3906 MS: 3 ChangeByte-ChangeBit-EraseBytes-
#3230605	REDUCE cov: 586 ft: 2953 corp: 795/163Kb lim: 4096 exec/s: 9391 rss: 816Mb L: 19/3906 MS: 1 EraseBytes-
#3231974	REDUCE cov: 586 ft: 2953 corp: 795/163Kb lim: 4096 exec/s: 9395 rss: 816Mb L: 872/3906 MS: 4 ChangeByte-PersAutoDict-InsertByte-EraseBytes- DE: "\376\377\377\377\377\377\377\177"-
#3232192	REDUCE cov: 586 ft: 2953 corp: 795/163Kb lim: 4096 exec/s: 9368 rss: 816Mb L: 180/3906 MS: 3 InsertByte-PersAutoDict-EraseBytes- DE: "\0010"-
#3233989	REDUCE cov: 586 ft: 2953 corp: 795/163Kb lim: 4096 exec/s: 9373 rss: 816Mb L: 12/3906 MS: 2 CopyPart-EraseBytes-
#3235182	REDUCE cov: 586 ft: 2953 corp: 795/162Kb lim: 4096 exec/s: 9377 rss: 816Mb L: 2692/3906 MS: 3 ChangeBinInt-InsertByte-CrossOver-
#3235183	REDUCE cov: 586 ft: 2953 corp: 795/162Kb lim: 4096 exec/s: 9377 rss: 816Mb L: 79/3906 MS: 1 EraseBytes-
#3235267	REDUCE cov: 586 ft: 2953 corp: 795/162Kb lim: 4096 exec/s: 9377 rss: 816Mb L: 326/3906 MS: 4 ChangeByte-PersAutoDict-InsertByte-EraseBytes- DE: "\0010"-
#3235844	REDUCE cov: 586 ft: 2953 corp: 795/162Kb lim: 4096 exec/s: 9379 rss: 816Mb L: 35/3906 MS: 2 ChangeBinInt-EraseBytes-
#3236183	REDUCE cov: 586 ft: 2953 corp: 795/162Kb lim: 4096 exec/s: 9380 rss: 816Mb L: 1032/3906 MS: 4 InsertByte-CopyPart-InsertByte-EraseBytes-
#3236502	REDUCE cov: 586 ft: 2953 corp: 795/162Kb lim: 4096 exec/s: 9381 rss: 816Mb L: 3427/3906 MS: 4 ChangeASCIIInt-ChangeBinInt-CrossOver-EraseBytes-
#3237253	REDUCE cov: 586 ft: 2953 corp: 795/162Kb lim: 4096 exec/s: 9383 rss: 816Mb L: 708/3906 MS: 1 EraseBytes-
#3237760	REDUCE cov: 586 ft: 2953 corp: 795/162Kb lim: 4096 exec/s: 9384 rss: 816Mb L: 30/3906 MS: 2 ChangeByte-EraseBytes-
#3238305	REDUCE cov: 586 ft: 2953 corp: 795/162Kb lim: 4096 exec/s: 9386 rss: 816Mb L: 309/3906 MS: 5 ChangeASCIIInt-ChangeBinInt-InsertByte-CopyPart-EraseBytes-
#3241211	REDUCE cov: 586 ft: 2953 corp: 795/162Kb lim: 4096 exec/s: 9367 rss: 816Mb L: 707/3906 MS: 1 EraseBytes-
#3242298	REDUCE cov: 586 ft: 2953 corp: 795/162Kb lim: 4096 exec/s: 9370 rss: 816Mb L: 125/3906 MS: 2 ChangeASCIIInt-EraseBytes-
#3244545	REDUCE cov: 586 ft: 2953 corp: 795/162Kb lim: 4096 exec/s: 9377 rss: 816Mb L: 17/3906 MS: 2 CopyPart-EraseBytes-
#3245016	REDUCE cov: 586 ft: 2953 corp: 795/162Kb lim: 4096 exec/s: 9378 rss: 816Mb L: 13/3906 MS: 1 EraseBytes-
#3245287	REDUCE cov: 586 ft: 2953 corp: 795/162Kb lim: 4096 exec/s: 9379 rss: 816Mb L: 20/3906 MS: 1 EraseBytes-
#3245943	REDUCE cov: 586 ft: 2953 corp: 795/162Kb lim: 4096 exec/s: 9381 rss: 816Mb L: 24/3906 MS: 1 EraseBytes-
#3247734	REDUCE cov: 586 ft: 2953 corp: 795/162Kb lim: 4096 exec/s: 9386 rss: 816Mb L: 47/3906 MS: 1 EraseBytes-
#3248761	REDUCE cov: 586 ft: 2953 corp: 795/162Kb lim: 4096 exec/s: 9362 rss: 816Mb L: 3673/3906 MS: 2 PersAutoDict-EraseBytes- DE: " \000\000\000\000\000\000\000"-
#3251085	REDUCE cov: 586 ft: 2953 corp: 795/162Kb lim: 4096 exec/s: 9369 rss: 816Mb L: 96/3906 MS: 4 CopyPart-ChangeASCIIInt-CopyPart-EraseBytes-
#3251113	REDUCE cov: 586 ft: 2953 corp: 795/162Kb lim: 4096 exec/s: 9369 rss: 816Mb L: 35/3906 MS: 3 CopyPart-ChangeBinInt-EraseBytes-
#3251227	REDUCE cov: 586 ft: 2953 corp: 795/162Kb lim: 4096 exec/s: 9369 rss: 816Mb L: 137/3906 MS: 4 InsertByte-InsertByte-CopyPart-EraseBytes-
#3251243	REDUCE cov: 586 ft: 2953 corp: 795/162Kb lim: 4096 exec/s: 9369 rss: 816Mb L: 94/3906 MS: 1 EraseBytes-
#3251287	REDUCE cov: 586 ft: 2953 corp: 795/162Kb lim: 4096 exec/s: 9369 rss: 816Mb L: 960/3906 MS: 4 ChangeASCIIInt-InsertByte-PersAutoDict-EraseBytes- DE: ",\000\000\000"-
#3251538	REDUCE cov: 586 ft: 2953 corp: 795/162Kb lim: 4096 exec/s: 9370 rss: 816Mb L: 33/3906 MS: 1 EraseBytes-
#3251679	REDUCE cov: 586 ft: 2953 corp: 795/162Kb lim: 4096 exec/s: 9370 rss: 816Mb L: 32/3906 MS: 1 EraseBytes-
#3252965	REDUCE cov: 586 ft: 2953 corp: 795/162Kb lim: 4096 exec/s: 9374 rss: 816Mb L: 62/3906 MS: 1 EraseBytes-
#3260276	REDUCE cov: 586 ft: 2953 corp: 795/162Kb lim: 4096 exec/s: 9368 rss: 816Mb L: 22/3906 MS: 1 EraseBytes-
#3262228	REDUCE cov: 586 ft: 2953 corp: 795/162Kb lim: 4096 exec/s: 9374 rss: 816Mb L: 29/3906 MS: 2 CopyPart-EraseBytes-
#3263119	REDUCE cov: 586 ft: 2953 corp: 795/162Kb lim: 4096 exec/s: 9376 rss: 816Mb L: 9/3906 MS: 1 EraseBytes-
#3270560	REDUCE cov: 586 ft: 2953 corp: 795/162Kb lim: 4096 exec/s: 9344 rss: 816Mb L: 27/3906 MS: 1 EraseBytes-
#3270912	REDUCE cov: 586 ft: 2953 corp: 795/162Kb lim: 4096 exec/s: 9345 rss: 816Mb L: 30/3906 MS: 2 ShuffleBytes-EraseBytes-
#3273733	REDUCE cov: 586 ft: 2953 corp: 795/162Kb lim: 4096 exec/s: 9353 rss: 816Mb L: 821/3906 MS: 1 EraseBytes-
#3276654	REDUCE cov: 586 ft: 2953 corp: 795/162Kb lim: 4096 exec/s: 9361 rss: 816Mb L: 109/3906 MS: 1 EraseBytes-
#3277001	REDUCE cov: 586 ft: 2953 corp: 795/162Kb lim: 4096 exec/s: 9362 rss: 816Mb L: 357/3906 MS: 2 InsertByte-EraseBytes-
#3277067	REDUCE cov: 586 ft: 2953 corp: 795/162Kb lim: 4096 exec/s: 9363 rss: 816Mb L: 394/3906 MS: 1 EraseBytes-
#3278843	REDUCE cov: 586 ft: 2953 corp: 795/162Kb lim: 4096 exec/s: 9341 rss: 816Mb L: 82/3906 MS: 1 EraseBytes-
#3279585	REDUCE cov: 586 ft: 2953 corp: 795/162Kb lim: 4096 exec/s: 9343 rss: 816Mb L: 415/3906 MS: 2 ChangeBit-EraseBytes-
#3281464	REDUCE cov: 586 ft: 2953 corp: 795/162Kb lim: 4096 exec/s: 9348 rss: 816Mb L: 261/3906 MS: 4 ShuffleBytes-InsertByte-CopyPart-EraseBytes-
#3282178	REDUCE cov: 586 ft: 2953 corp: 795/162Kb lim: 4096 exec/s: 9350 rss: 816Mb L: 870/3906 MS: 4 ChangeBit-ShuffleBytes-CMP-EraseBytes- DE: "\002\000\000\000\000\000\000\000"-
#3284444	REDUCE cov: 586 ft: 2953 corp: 795/162Kb lim: 4096 exec/s: 9357 rss: 816Mb L: 87/3906 MS: 1 EraseBytes-
#3285240	REDUCE cov: 586 ft: 2953 corp: 795/162Kb lim: 4096 exec/s: 9359 rss: 816Mb L: 811/3906 MS: 1 EraseBytes-
#3285301	REDUCE cov: 586 ft: 2953 corp: 795/162Kb lim: 4096 exec/s: 9359 rss: 816Mb L: 31/3906 MS: 1 EraseBytes-
#3285742	REDUCE cov: 586 ft: 2953 corp: 795/162Kb lim: 4096 exec/s: 9361 rss: 816Mb L: 392/3906 MS: 1 EraseBytes-
#3285974	REDUCE cov: 586 ft: 2953 corp: 795/162Kb lim: 4096 exec/s: 9361 rss: 816Mb L: 8/3906 MS: 2 CopyPart-EraseBytes-
#3286550	REDUCE cov: 586 ft: 2953 corp: 795/162Kb lim: 4096 exec/s: 9336 rss: 816Mb L: 29/3906 MS: 1 EraseBytes-
#3290656	REDUCE cov: 586 ft: 2953 corp: 795/162Kb lim: 4096 exec/s: 9348 rss: 816Mb L: 119/3906 MS: 1 EraseBytes-
#3292113	REDUCE cov: 586 ft: 2953 corp: 795/162Kb lim: 4096 exec/s: 9352 rss: 816Mb L: 25/3906 MS: 2 ShuffleBytes-EraseBytes-
#3292558	REDUCE cov: 586 ft: 2953 corp: 795/162Kb lim: 4096 exec/s: 9353 rss: 816Mb L: 103/3906 MS: 5 CrossOver-ChangeASCIIInt-InsertByte-ChangeByte-EraseBytes-
#3293038	REDUCE cov: 586 ft: 2953 corp: 795/162Kb lim: 4096 exec/s: 9355 rss: 816Mb L: 1394/3906 MS: 5 PersAutoDict-CMP-InsertByte-ChangeBit-EraseBytes- DE: "\000\016"-"\007\000"-
#3293076	REDUCE cov: 586 ft: 2953 corp: 795/162Kb lim: 4096 exec/s: 9355 rss: 816Mb L: 42/3906 MS: 3 ChangeByte-ShuffleBytes-EraseBytes-
#3293127	REDUCE cov: 586 ft: 2953 corp: 795/162Kb lim: 4096 exec/s: 9355 rss: 816Mb L: 29/3906 MS: 1 EraseBytes-
#3293155	REDUCE cov: 586 ft: 2953 corp: 795/162Kb lim: 4096 exec/s: 9355 rss: 816Mb L: 1388/3906 MS: 3 EraseBytes-ShuffleBytes-CopyPart-
#3295280	REDUCE cov: 586 ft: 2953 corp: 795/162Kb lim: 4096 exec/s: 9361 rss: 816Mb L: 1127/3906 MS: 5 ChangeASCIIInt-ChangeByte-ChangeBit-CopyPart-EraseBytes-
#3297656	REDUCE cov: 586 ft: 2953 corp: 795/162Kb lim: 4096 exec/s: 9341 rss: 816Mb L: 128/3906 MS: 1 EraseBytes-
#3298840	REDUCE cov: 586 ft: 2953 corp: 795/162Kb lim: 4096 exec/s: 9345 rss: 816Mb L: 622/3906 MS: 4 ShuffleBytes-EraseBytes-ChangeBit-CopyPart-
#3298971	REDUCE cov: 586 ft: 2953 corp: 795/162Kb lim: 4096 exec/s: 9345 rss: 816Mb L: 122/3906 MS: 1 EraseBytes-
#3303122	REDUCE cov: 586 ft: 2953 corp: 795/162Kb lim: 4096 exec/s: 9357 rss: 816Mb L: 42/3906 MS: 1 EraseBytes-
#3307653	REDUCE cov: 586 ft: 2953 corp: 795/162Kb lim: 4096 exec/s: 9343 rss: 816Mb L: 36/3906 MS: 1 EraseBytes-
#3308915	REDUCE cov: 586 ft: 2953 corp: 795/162Kb lim: 4096 exec/s: 9347 rss: 816Mb L: 318/3906 MS: 2 InsertByte-EraseBytes-
#3309658	REDUCE cov: 586 ft: 2953 corp: 795/162Kb lim: 4096 exec/s: 9349 rss: 816Mb L: 18/3906 MS: 3 ChangeASCIIInt-CopyPart-EraseBytes-
#3310229	REDUCE cov: 586 ft: 2953 corp: 795/162Kb lim: 4096 exec/s: 9350 rss: 816Mb L: 19/3906 MS: 1 EraseBytes-
#3310540	REDUCE cov: 586 ft: 2953 corp: 795/161Kb lim: 4096 exec/s: 9351 rss: 816Mb L: 37/3906 MS: 1 EraseBytes-
#3311803	REDUCE cov: 586 ft: 2953 corp: 795/161Kb lim: 4096 exec/s: 9355 rss: 816Mb L: 1382/3906 MS: 3 CMP-ChangeByte-EraseBytes- DE: "\034\000\000\000"-
#3314270	REDUCE cov: 586 ft: 2953 corp: 795/161Kb lim: 4096 exec/s: 9335 rss: 816Mb L: 260/3906 MS: 2 ChangeBit-EraseBytes-
#3318076	REDUCE cov: 586 ft: 2953 corp: 795/161Kb lim: 4096 exec/s: 9346 rss: 816Mb L: 15/3906 MS: 1 EraseBytes-
#3318987	REDUCE cov: 586 ft: 2953 corp: 795/161Kb lim: 4096 exec/s: 9349 rss: 816Mb L: 1577/3906 MS: 1 EraseBytes-
#3319661	REDUCE cov: 586 ft: 2953 corp: 795/161Kb lim: 4096 exec/s: 9351 rss: 816Mb L: 2622/3906 MS: 4 ChangeBinInt-CopyPart-InsertRepeatedBytes-EraseBytes-
#3324283	REDUCE cov: 586 ft: 2953 corp: 795/161Kb lim: 4096 exec/s: 9337 rss: 816Mb L: 255/3906 MS: 2 ChangeByte-EraseBytes-
#3326699	REDUCE cov: 586 ft: 2953 corp: 795/161Kb lim: 4096 exec/s: 9344 rss: 816Mb L: 31/3906 MS: 1 EraseBytes-
#3326942	REDUCE cov: 586 ft: 2953 corp: 795/161Kb lim: 4096 exec/s: 9345 rss: 816Mb L: 682/3906 MS: 3 ChangeByte-ShuffleBytes-EraseBytes-
#3329153	REDUCE cov: 586 ft: 2953 corp: 795/161Kb lim: 4096 exec/s: 9325 rss: 816Mb L: 296/3906 MS: 1 EraseBytes-
#3330520	REDUCE cov: 586 ft: 2953 corp: 795/161Kb lim: 4096 exec/s: 9329 rss: 816Mb L: 586/3906 MS: 2 ChangeBit-EraseBytes-
#3330802	REDUCE cov: 586 ft: 2953 corp: 795/161Kb lim: 4096 exec/s: 9329 rss: 816Mb L: 274/3906 MS: 2 PersAutoDict-EraseBytes- DE: "\000\000\000A"-
#3331179	REDUCE cov: 586 ft: 2953 corp: 795/161Kb lim: 4096 exec/s: 9331 rss: 816Mb L: 39/3906 MS: 2 ChangeBit-EraseBytes-
#3331300	REDUCE cov: 586 ft: 2953 corp: 795/161Kb lim: 4096 exec/s: 9331 rss: 816Mb L: 10/3906 MS: 1 EraseBytes-
#3331591	REDUCE cov: 586 ft: 2953 corp: 795/161Kb lim: 4096 exec/s: 9332 rss: 816Mb L: 41/3906 MS: 1 EraseBytes-
#3332763	REDUCE cov: 586 ft: 2953 corp: 795/161Kb lim: 4096 exec/s: 9335 rss: 816Mb L: 408/3906 MS: 2 ChangeBit-EraseBytes-
#3334225	REDUCE cov: 586 ft: 2953 corp: 795/161Kb lim: 4096 exec/s: 9339 rss: 816Mb L: 44/3906 MS: 2 ChangeASCIIInt-EraseBytes-
#3335346	REDUCE cov: 586 ft: 2953 corp: 795/161Kb lim: 4096 exec/s: 9316 rss: 816Mb L: 581/3906 MS: 1 EraseBytes-
#3335927	REDUCE cov: 586 ft: 2953 corp: 795/161Kb lim: 4096 exec/s: 9318 rss: 816Mb L: 295/3906 MS: 1 EraseBytes-
#3337693	REDUCE cov: 586 ft: 2953 corp: 795/161Kb lim: 4096 exec/s: 9323 rss: 816Mb L: 70/3906 MS: 1 EraseBytes-
#3338524	REDUCE cov: 586 ft: 2953 corp: 795/161Kb lim: 4096 exec/s: 9325 rss: 816Mb L: 47/3906 MS: 1 EraseBytes-
#3339381	REDUCE cov: 586 ft: 2953 corp: 795/161Kb lim: 4096 exec/s: 9327 rss: 816Mb L: 3540/3906 MS: 2 ChangeBinInt-EraseBytes-
#3340354	REDUCE cov: 586 ft: 2953 corp: 795/161Kb lim: 4096 exec/s: 9330 rss: 816Mb L: 84/3906 MS: 3 ChangeBit-InsertByte-EraseBytes-
#3341185	REDUCE cov: 586 ft: 2953 corp: 795/161Kb lim: 4096 exec/s: 9332 rss: 816Mb L: 39/3906 MS: 1 EraseBytes-
#3343888	REDUCE cov: 586 ft: 2953 corp: 795/161Kb lim: 4096 exec/s: 9314 rss: 816Mb L: 34/3906 MS: 3 EraseBytes-ChangeByte-InsertByte-
#3345344	REDUCE cov: 586 ft: 2953 corp: 795/161Kb lim: 4096 exec/s: 9318 rss: 816Mb L: 18/3906 MS: 1 EraseBytes-
#3346266	REDUCE cov: 586 ft: 2953 corp: 795/161Kb lim: 4096 exec/s: 9321 rss: 816Mb L: 540/3906 MS: 2 ChangeBit-EraseBytes-
#3349918	REDUCE cov: 586 ft: 2953 corp: 795/161Kb lim: 4096 exec/s: 9331 rss: 816Mb L: 29/3906 MS: 2 ChangeBinInt-EraseBytes-
#3351790	REDUCE cov: 586 ft: 2953 corp: 795/161Kb lim: 4096 exec/s: 9336 rss: 816Mb L: 65/3906 MS: 2 CrossOver-EraseBytes-
#3354311	REDUCE cov: 586 ft: 2953 corp: 795/161Kb lim: 4096 exec/s: 9317 rss: 816Mb L: 57/3906 MS: 1 EraseBytes-
#3354852	REDUCE cov: 586 ft: 2953 corp: 795/161Kb lim: 4096 exec/s: 9319 rss: 816Mb L: 19/3906 MS: 1 EraseBytes-
#3355037	REDUCE cov: 586 ft: 2953 corp: 795/161Kb lim: 4096 exec/s: 9319 rss: 816Mb L: 161/3906 MS: 5 InsertByte-InsertByte-InsertByte-CopyPart-EraseBytes-
#3356123	REDUCE cov: 586 ft: 2953 corp: 795/161Kb lim: 4096 exec/s: 9322 rss: 816Mb L: 25/3906 MS: 1 EraseBytes-
#3357422	REDUCE cov: 586 ft: 2953 corp: 795/161Kb lim: 4096 exec/s: 9326 rss: 816Mb L: 41/3906 MS: 4 ChangeBit-ChangeByte-CopyPart-EraseBytes-
#3358028	REDUCE cov: 586 ft: 2953 corp: 795/161Kb lim: 4096 exec/s: 9327 rss: 816Mb L: 130/3906 MS: 1 EraseBytes-
#3358559	REDUCE cov: 586 ft: 2953 corp: 795/161Kb lim: 4096 exec/s: 9329 rss: 816Mb L: 58/3906 MS: 1 EraseBytes-
#3359705	REDUCE cov: 586 ft: 2953 corp: 795/161Kb lim: 4096 exec/s: 9332 rss: 816Mb L: 11/3906 MS: 1 EraseBytes-
#3360531	REDUCE cov: 586 ft: 2953 corp: 795/161Kb lim: 4096 exec/s: 9308 rss: 816Mb L: 18/3906 MS: 1 EraseBytes-
#3363300	REDUCE cov: 586 ft: 2955 corp: 796/164Kb lim: 4096 exec/s: 9316 rss: 816Mb L: 2819/3906 MS: 4 CopyPart-CopyPart-CrossOver-CopyPart-
#3363774	REDUCE cov: 586 ft: 2955 corp: 796/164Kb lim: 4096 exec/s: 9317 rss: 816Mb L: 2726/3906 MS: 4 CopyPart-InsertRepeatedBytes-ChangeByte-EraseBytes-
#3363985	REDUCE cov: 586 ft: 2955 corp: 796/164Kb lim: 4096 exec/s: 9318 rss: 816Mb L: 497/3906 MS: 1 EraseBytes-
#3364199	REDUCE cov: 586 ft: 2955 corp: 796/164Kb lim: 4096 exec/s: 9319 rss: 816Mb L: 3327/3906 MS: 4 ChangeBinInt-PersAutoDict-EraseBytes-CopyPart- DE: "\001\000\000\000\000\000\000\200"-
#3367118	REDUCE cov: 586 ft: 2955 corp: 796/164Kb lim: 4096 exec/s: 9327 rss: 816Mb L: 815/3906 MS: 4 ChangeBit-CopyPart-ShuffleBytes-EraseBytes-
#3369961	REDUCE cov: 586 ft: 2955 corp: 796/164Kb lim: 4096 exec/s: 9309 rss: 816Mb L: 714/3906 MS: 3 ShuffleBytes-ChangeASCIIInt-EraseBytes-
#3370957	REDUCE cov: 586 ft: 2955 corp: 796/164Kb lim: 4096 exec/s: 9312 rss: 816Mb L: 27/3906 MS: 1 EraseBytes-
#3371631	REDUCE cov: 586 ft: 2955 corp: 796/164Kb lim: 4096 exec/s: 9313 rss: 816Mb L: 114/3906 MS: 4 ChangeBit-CrossOver-CopyPart-EraseBytes-
#3371708	REDUCE cov: 586 ft: 2955 corp: 796/163Kb lim: 4096 exec/s: 9314 rss: 816Mb L: 2375/3906 MS: 2 ChangeASCIIInt-EraseBytes-
#3372364	REDUCE cov: 586 ft: 2955 corp: 796/163Kb lim: 4096 exec/s: 9315 rss: 816Mb L: 542/3906 MS: 1 EraseBytes-
#3374150	REDUCE cov: 586 ft: 2955 corp: 796/163Kb lim: 4096 exec/s: 9320 rss: 816Mb L: 156/3906 MS: 1 EraseBytes-
#3375120	REDUCE cov: 586 ft: 2955 corp: 796/163Kb lim: 4096 exec/s: 9323 rss: 816Mb L: 1126/3906 MS: 5 CrossOver-CopyPart-InsertRepeatedBytes-InsertByte-EraseBytes-
#3377171	REDUCE cov: 586 ft: 2955 corp: 796/163Kb lim: 4096 exec/s: 9329 rss: 816Mb L: 21/3906 MS: 1 EraseBytes-
#3382382	REDUCE cov: 586 ft: 2955 corp: 796/163Kb lim: 4096 exec/s: 9317 rss: 816Mb L: 16/3906 MS: 1 EraseBytes-
#3382929	REDUCE cov: 586 ft: 2955 corp: 796/163Kb lim: 4096 exec/s: 9319 rss: 816Mb L: 366/3906 MS: 2 ChangeBit-EraseBytes-
#3386501	REDUCE cov: 586 ft: 2955 corp: 796/163Kb lim: 4096 exec/s: 9303 rss: 816Mb L: 556/3906 MS: 2 PersAutoDict-EraseBytes- DE: ")\000"-
#3386867	REDUCE cov: 586 ft: 2955 corp: 796/163Kb lim: 4096 exec/s: 9304 rss: 816Mb L: 38/3906 MS: 1 EraseBytes-
#3388820	REDUCE cov: 586 ft: 2955 corp: 796/163Kb lim: 4096 exec/s: 9309 rss: 816Mb L: 2318/3906 MS: 3 PersAutoDict-InsertByte-EraseBytes- DE: "\000\000\000\373"-
#3389483	REDUCE cov: 586 ft: 2955 corp: 796/163Kb lim: 4096 exec/s: 9311 rss: 816Mb L: 27/3906 MS: 3 CopyPart-ChangeBit-EraseBytes-
#3392544	REDUCE cov: 586 ft: 2955 corp: 796/163Kb lim: 4096 exec/s: 9320 rss: 816Mb L: 217/3906 MS: 1 EraseBytes-
#3398261	REDUCE cov: 586 ft: 2955 corp: 796/163Kb lim: 4096 exec/s: 9310 rss: 816Mb L: 469/3906 MS: 2 ChangeBinInt-EraseBytes-
#3401197	REDUCE cov: 586 ft: 2955 corp: 796/163Kb lim: 4096 exec/s: 9318 rss: 816Mb L: 27/3906 MS: 1 EraseBytes-
#3401739	REDUCE cov: 586 ft: 2955 corp: 796/163Kb lim: 4096 exec/s: 9319 rss: 816Mb L: 281/3906 MS: 2 ShuffleBytes-EraseBytes-
#3402125	REDUCE cov: 586 ft: 2955 corp: 796/163Kb lim: 4096 exec/s: 9295 rss: 816Mb L: 10/3906 MS: 1 EraseBytes-
#3403346	REDUCE cov: 586 ft: 2955 corp: 796/163Kb lim: 4096 exec/s: 9298 rss: 816Mb L: 39/3906 MS: 1 EraseBytes-
#3403747	REDUCE cov: 586 ft: 2955 corp: 796/163Kb lim: 4096 exec/s: 9299 rss: 816Mb L: 482/3906 MS: 1 EraseBytes-
#3404294	REDUCE cov: 586 ft: 2955 corp: 796/163Kb lim: 4096 exec/s: 9301 rss: 816Mb L: 22/3906 MS: 2 InsertByte-EraseBytes-
#3408691	REDUCE cov: 586 ft: 2955 corp: 796/163Kb lim: 4096 exec/s: 9313 rss: 816Mb L: 118/3906 MS: 2 InsertByte-EraseBytes-
#3409267	REDUCE cov: 586 ft: 2955 corp: 796/163Kb lim: 4096 exec/s: 9314 rss: 816Mb L: 19/3906 MS: 1 EraseBytes-
#3409863	REDUCE cov: 586 ft: 2955 corp: 796/163Kb lim: 4096 exec/s: 9316 rss: 816Mb L: 1028/3906 MS: 1 EraseBytes-
#3409895	REDUCE cov: 586 ft: 2955 corp: 796/163Kb lim: 4096 exec/s: 9316 rss: 816Mb L: 8/3906 MS: 2 ChangeByte-EraseBytes-
#3412172	REDUCE cov: 586 ft: 2955 corp: 796/163Kb lim: 4096 exec/s: 9297 rss: 816Mb L: 188/3906 MS: 2 ChangeBinInt-EraseBytes-
#3412871	REDUCE cov: 586 ft: 2955 corp: 796/163Kb lim: 4096 exec/s: 9299 rss: 816Mb L: 192/3906 MS: 4 ChangeBinInt-CMP-CopyPart-EraseBytes- DE: "\235\001\000\000\000\000\000\000"-
#3415677	REDUCE cov: 586 ft: 2955 corp: 796/163Kb lim: 4096 exec/s: 9307 rss: 816Mb L: 69/3906 MS: 1 EraseBytes-
#3416398	REDUCE cov: 586 ft: 2955 corp: 796/163Kb lim: 4096 exec/s: 9308 rss: 816Mb L: 2299/3906 MS: 1 EraseBytes-
#3416629	REDUCE cov: 586 ft: 2955 corp: 796/163Kb lim: 4096 exec/s: 9309 rss: 816Mb L: 28/3906 MS: 1 EraseBytes-
#3417480	REDUCE cov: 586 ft: 2955 corp: 796/163Kb lim: 4096 exec/s: 9311 rss: 816Mb L: 19/3906 MS: 1 EraseBytes-
#3422527	REDUCE cov: 586 ft: 2955 corp: 796/163Kb lim: 4096 exec/s: 9300 rss: 816Mb L: 45/3906 MS: 2 CMP-EraseBytes- DE: "2\000"-
#3424336	REDUCE cov: 586 ft: 2955 corp: 796/163Kb lim: 4096 exec/s: 9305 rss: 816Mb L: 26/3906 MS: 4 ChangeASCIIInt-CopyPart-ShuffleBytes-EraseBytes-
#3429977	REDUCE cov: 586 ft: 2955 corp: 796/163Kb lim: 4096 exec/s: 9295 rss: 816Mb L: 104/3906 MS: 1 EraseBytes-
#3430683	REDUCE cov: 586 ft: 2955 corp: 796/163Kb lim: 4096 exec/s: 9297 rss: 816Mb L: 214/3906 MS: 1 EraseBytes-
#3431710	REDUCE cov: 586 ft: 2955 corp: 796/163Kb lim: 4096 exec/s: 9300 rss: 816Mb L: 313/3906 MS: 2 ChangeBinInt-EraseBytes-
#3432588	REDUCE cov: 586 ft: 2955 corp: 796/163Kb lim: 4096 exec/s: 9302 rss: 816Mb L: 698/3906 MS: 3 ChangeByte-InsertByte-EraseBytes-
#3434129	REDUCE cov: 586 ft: 2955 corp: 796/163Kb lim: 4096 exec/s: 9306 rss: 816Mb L: 33/3906 MS: 1 EraseBytes-
#3435532	REDUCE cov: 586 ft: 2955 corp: 796/163Kb lim: 4096 exec/s: 9285 rss: 816Mb L: 492/3906 MS: 3 ShuffleBytes-ChangeBinInt-EraseBytes-
#3435778	REDUCE cov: 586 ft: 2955 corp: 796/163Kb lim: 4096 exec/s: 9285 rss: 816Mb L: 16/3906 MS: 1 EraseBytes-
#3438479	REDUCE cov: 586 ft: 2955 corp: 796/163Kb lim: 4096 exec/s: 9293 rss: 816Mb L: 35/3906 MS: 1 EraseBytes-
#3439565	REDUCE cov: 586 ft: 2955 corp: 796/163Kb lim: 4096 exec/s: 9296 rss: 816Mb L: 279/3906 MS: 1 EraseBytes-
#3440366	REDUCE cov: 586 ft: 2955 corp: 796/163Kb lim: 4096 exec/s: 9298 rss: 816Mb L: 84/3906 MS: 1 EraseBytes-
#3440577	REDUCE cov: 586 ft: 2955 corp: 796/163Kb lim: 4096 exec/s: 9298 rss: 816Mb L: 30/3906 MS: 1 EraseBytes-
#3441974	REDUCE cov: 586 ft: 2955 corp: 796/163Kb lim: 4096 exec/s: 9302 rss: 816Mb L: 114/3906 MS: 2 ChangeBinInt-EraseBytes-
#3444946	REDUCE cov: 586 ft: 2955 corp: 796/163Kb lim: 4096 exec/s: 9285 rss: 816Mb L: 2112/3906 MS: 2 CopyPart-EraseBytes-
#3445247	REDUCE cov: 586 ft: 2955 corp: 796/163Kb lim: 4096 exec/s: 9286 rss: 816Mb L: 260/3906 MS: 1 EraseBytes-
#3446984	REDUCE cov: 586 ft: 2955 corp: 796/163Kb lim: 4096 exec/s: 9291 rss: 816Mb L: 342/3906 MS: 2 EraseBytes-CopyPart-
#3449206	REDUCE cov: 586 ft: 2955 corp: 796/163Kb lim: 4096 exec/s: 9297 rss: 816Mb L: 19/3906 MS: 2 PersAutoDict-EraseBytes- DE: "\001\200"-
#3451028	REDUCE cov: 586 ft: 2955 corp: 796/163Kb lim: 4096 exec/s: 9301 rss: 816Mb L: 12/3906 MS: 2 ChangeBit-EraseBytes-
#3452144	REDUCE cov: 586 ft: 2955 corp: 796/163Kb lim: 4096 exec/s: 9279 rss: 816Mb L: 176/3906 MS: 1 EraseBytes-
#3452181	REDUCE cov: 586 ft: 2955 corp: 796/163Kb lim: 4096 exec/s: 9280 rss: 816Mb L: 718/3906 MS: 2 ChangeASCIIInt-EraseBytes-
#3452312	REDUCE cov: 586 ft: 2955 corp: 796/163Kb lim: 4096 exec/s: 9280 rss: 816Mb L: 807/3906 MS: 1 EraseBytes-
#3453053	REDUCE cov: 586 ft: 2955 corp: 796/163Kb lim: 4096 exec/s: 9282 rss: 816Mb L: 249/3906 MS: 1 EraseBytes-
#3454789	REDUCE cov: 586 ft: 2955 corp: 796/163Kb lim: 4096 exec/s: 9287 rss: 816Mb L: 13/3906 MS: 1 EraseBytes-
#3455090	REDUCE cov: 586 ft: 2955 corp: 796/163Kb lim: 4096 exec/s: 9287 rss: 816Mb L: 35/3906 MS: 1 EraseBytes-
#3455982	REDUCE cov: 586 ft: 2955 corp: 796/163Kb lim: 4096 exec/s: 9290 rss: 816Mb L: 2578/3906 MS: 2 InsertByte-EraseBytes-
#3464133	REDUCE cov: 586 ft: 2955 corp: 796/163Kb lim: 4096 exec/s: 9287 rss: 816Mb L: 696/3906 MS: 1 EraseBytes-
#3465429	REDUCE cov: 586 ft: 2955 corp: 796/163Kb lim: 4096 exec/s: 9290 rss: 816Mb L: 24/3906 MS: 1 EraseBytes-
#3466055	REDUCE cov: 586 ft: 2955 corp: 796/163Kb lim: 4096 exec/s: 9292 rss: 816Mb L: 39/3906 MS: 1 EraseBytes-
#3469133	REDUCE cov: 586 ft: 2955 corp: 796/163Kb lim: 4096 exec/s: 9275 rss: 816Mb L: 968/3906 MS: 3 ShuffleBytes-InsertByte-EraseBytes-
#3469875	REDUCE cov: 586 ft: 2955 corp: 796/163Kb lim: 4096 exec/s: 9277 rss: 816Mb L: 21/3906 MS: 2 CopyPart-EraseBytes-
#3471063	REDUCE cov: 586 ft: 2955 corp: 796/163Kb lim: 4096 exec/s: 9280 rss: 816Mb L: 538/3906 MS: 3 ShuffleBytes-CopyPart-EraseBytes-
#3472539	REDUCE cov: 586 ft: 2955 corp: 796/163Kb lim: 4096 exec/s: 9284 rss: 816Mb L: 105/3906 MS: 1 EraseBytes-
#3473705	REDUCE cov: 586 ft: 2955 corp: 796/163Kb lim: 4096 exec/s: 9287 rss: 816Mb L: 2282/3906 MS: 1 EraseBytes-
#3473900	REDUCE cov: 586 ft: 2955 corp: 796/163Kb lim: 4096 exec/s: 9288 rss: 816Mb L: 2272/3906 MS: 5 CopyPart-ChangeBit-ChangeByte-InsertByte-EraseBytes-
#3476131	REDUCE cov: 586 ft: 2955 corp: 796/163Kb lim: 4096 exec/s: 9269 rss: 816Mb L: 10/3906 MS: 1 EraseBytes-
#3477427	REDUCE cov: 586 ft: 2955 corp: 796/163Kb lim: 4096 exec/s: 9273 rss: 816Mb L: 2524/3906 MS: 1 EraseBytes-
#3477778	REDUCE cov: 586 ft: 2955 corp: 796/163Kb lim: 4096 exec/s: 9274 rss: 816Mb L: 68/3906 MS: 1 EraseBytes-
#3479629	REDUCE cov: 586 ft: 2955 corp: 796/163Kb lim: 4096 exec/s: 9279 rss: 816Mb L: 701/3906 MS: 1 EraseBytes-
#3480155	REDUCE cov: 586 ft: 2955 corp: 796/163Kb lim: 4096 exec/s: 9280 rss: 816Mb L: 536/3906 MS: 1 EraseBytes-
#3480739	REDUCE cov: 586 ft: 2955 corp: 796/163Kb lim: 4096 exec/s: 9281 rss: 816Mb L: 2200/3906 MS: 4 EraseBytes-InsertByte-CrossOver-CrossOver-
#3481533	REDUCE cov: 586 ft: 2955 corp: 796/162Kb lim: 4096 exec/s: 9284 rss: 816Mb L: 185/3906 MS: 4 ChangeBit-ChangeBit-InsertByte-EraseBytes-
#3483182	REDUCE cov: 586 ft: 2955 corp: 796/162Kb lim: 4096 exec/s: 9288 rss: 816Mb L: 258/3906 MS: 4 ChangeByte-ChangeBit-CopyPart-EraseBytes-
#3487130	REDUCE cov: 586 ft: 2955 corp: 796/162Kb lim: 4096 exec/s: 9274 rss: 816Mb L: 26/3906 MS: 3 ChangeByte-ChangeBit-EraseBytes-
#3488626	REDUCE cov: 586 ft: 2955 corp: 796/162Kb lim: 4096 exec/s: 9278 rss: 816Mb L: 2811/3906 MS: 1 EraseBytes-
#3488633	REDUCE cov: 586 ft: 2955 corp: 796/162Kb lim: 4096 exec/s: 9278 rss: 816Mb L: 373/3906 MS: 2 PersAutoDict-EraseBytes- DE: "\001J"-
#3491470	REDUCE cov: 586 ft: 2955 corp: 796/162Kb lim: 4096 exec/s: 9285 rss: 816Mb L: 47/3906 MS: 2 InsertRepeatedBytes-EraseBytes-
#3492760	REDUCE cov: 586 ft: 2955 corp: 796/162Kb lim: 4096 exec/s: 9289 rss: 816Mb L: 1243/3906 MS: 5 ShuffleBytes-InsertByte-ChangeByte-ShuffleBytes-EraseBytes-
#3495671	REDUCE cov: 586 ft: 2955 corp: 796/162Kb lim: 4096 exec/s: 9272 rss: 816Mb L: 17/3906 MS: 1 EraseBytes-
#3496052	REDUCE cov: 586 ft: 2955 corp: 796/162Kb lim: 4096 exec/s: 9273 rss: 816Mb L: 40/3906 MS: 1 EraseBytes-
#3496683	REDUCE cov: 586 ft: 2955 corp: 796/162Kb lim: 4096 exec/s: 9275 rss: 816Mb L: 45/3906 MS: 1 EraseBytes-
#3497180	REDUCE cov: 586 ft: 2955 corp: 796/162Kb lim: 4096 exec/s: 9276 rss: 816Mb L: 175/3906 MS: 2 EraseBytes-CopyPart-
#3498167	REDUCE cov: 586 ft: 2955 corp: 796/162Kb lim: 4096 exec/s: 9278 rss: 816Mb L: 18/3906 MS: 2 ChangeBit-EraseBytes-
#3499283	REDUCE cov: 586 ft: 2955 corp: 796/162Kb lim: 4096 exec/s: 9281 rss: 816Mb L: 40/3906 MS: 1 EraseBytes-
#3502365	REDUCE cov: 586 ft: 2955 corp: 796/162Kb lim: 4096 exec/s: 9265 rss: 816Mb L: 76/3906 MS: 2 EraseBytes-CopyPart-
#3502776	REDUCE cov: 586 ft: 2955 corp: 796/162Kb lim: 4096 exec/s: 9266 rss: 816Mb L: 587/3906 MS: 1 EraseBytes-
#3504442	REDUCE cov: 586 ft: 2955 corp: 796/162Kb lim: 4096 exec/s: 9271 rss: 816Mb L: 23/3906 MS: 1 EraseBytes-
#3506323	REDUCE cov: 586 ft: 2955 corp: 796/162Kb lim: 4096 exec/s: 9275 rss: 816Mb L: 34/3906 MS: 1 EraseBytes-
#3506609	REDUCE cov: 586 ft: 2955 corp: 796/162Kb lim: 4096 exec/s: 9276 rss: 816Mb L: 1422/3906 MS: 1 EraseBytes-
#3510455	REDUCE cov: 586 ft: 2955 corp: 796/162Kb lim: 4096 exec/s: 9262 rss: 816Mb L: 318/3906 MS: 1 EraseBytes-
#3510986	NEW    cov: 586 ft: 2956 corp: 797/162Kb lim: 4096 exec/s: 9263 rss: 816Mb L: 48/3906 MS: 1 CopyPart-
#3512767	REDUCE cov: 586 ft: 2956 corp: 797/162Kb lim: 4096 exec/s: 9268 rss: 816Mb L: 25/3906 MS: 1 EraseBytes-
#3513358	REDUCE cov: 586 ft: 2956 corp: 797/162Kb lim: 4096 exec/s: 9270 rss: 816Mb L: 64/3906 MS: 1 EraseBytes-
#3515079	REDUCE cov: 586 ft: 2956 corp: 797/162Kb lim: 4096 exec/s: 9274 rss: 816Mb L: 2140/3906 MS: 1 EraseBytes-
#3515340	REDUCE cov: 586 ft: 2956 corp: 797/162Kb lim: 4096 exec/s: 9275 rss: 816Mb L: 33/3906 MS: 1 EraseBytes-
#3515451	REDUCE cov: 586 ft: 2956 corp: 797/162Kb lim: 4096 exec/s: 9275 rss: 816Mb L: 178/3906 MS: 1 EraseBytes-
#3517042	REDUCE cov: 586 ft: 2956 corp: 797/162Kb lim: 4096 exec/s: 9255 rss: 816Mb L: 44/3906 MS: 1 EraseBytes-
#3517063	REDUCE cov: 586 ft: 2956 corp: 797/162Kb lim: 4096 exec/s: 9255 rss: 816Mb L: 39/3906 MS: 1 EraseBytes-
#3523964	REDUCE cov: 586 ft: 2956 corp: 797/162Kb lim: 4096 exec/s: 9273 rss: 816Mb L: 248/3906 MS: 1 EraseBytes-
#3524190	REDUCE cov: 586 ft: 2956 corp: 797/162Kb lim: 4096 exec/s: 9274 rss: 816Mb L: 71/3906 MS: 1 EraseBytes-
#3524991	REDUCE cov: 586 ft: 2956 corp: 797/162Kb lim: 4096 exec/s: 9251 rss: 816Mb L: 3452/3906 MS: 1 EraseBytes-
#3525104	REDUCE cov: 586 ft: 2956 corp: 797/162Kb lim: 4096 exec/s: 9252 rss: 816Mb L: 111/3906 MS: 3 CopyPart-EraseBytes-CopyPart-
#3529496	REDUCE cov: 586 ft: 2956 corp: 797/162Kb lim: 4096 exec/s: 9263 rss: 816Mb L: 14/3906 MS: 2 InsertByte-EraseBytes-
#3529697	REDUCE cov: 586 ft: 2956 corp: 797/162Kb lim: 4096 exec/s: 9264 rss: 816Mb L: 270/3906 MS: 1 EraseBytes-
#3531936	REDUCE cov: 586 ft: 2956 corp: 797/162Kb lim: 4096 exec/s: 9270 rss: 816Mb L: 243/3906 MS: 4 EraseBytes-PersAutoDict-PersAutoDict-CopyPart- DE: ")\000"-"\001\000\000\000\000\000\000\365"-
#3533248	REDUCE cov: 586 ft: 2956 corp: 797/162Kb lim: 4096 exec/s: 9249 rss: 816Mb L: 2643/3906 MS: 2 ChangeByte-EraseBytes-
#3535930	REDUCE cov: 586 ft: 2956 corp: 797/162Kb lim: 4096 exec/s: 9256 rss: 816Mb L: 33/3906 MS: 2 EraseBytes-CopyPart-
#3535954	REDUCE cov: 586 ft: 2956 corp: 797/162Kb lim: 4096 exec/s: 9256 rss: 816Mb L: 805/3906 MS: 4 CMP-CopyPart-CrossOver-EraseBytes- DE: "\204\000"-
#3537082	REDUCE cov: 586 ft: 2956 corp: 797/162Kb lim: 4096 exec/s: 9259 rss: 816Mb L: 1107/3906 MS: 3 ChangeASCIIInt-CMP-EraseBytes- DE: "\001\000\000\000\000\000\000\000"-
#3537342	REDUCE cov: 586 ft: 2956 corp: 797/162Kb lim: 4096 exec/s: 9260 rss: 816Mb L: 706/3906 MS: 5 EraseBytes-EraseBytes-CopyPart-ChangeBit-CopyPart-
#3538505	REDUCE cov: 586 ft: 2956 corp: 797/162Kb lim: 4096 exec/s: 9263 rss: 816Mb L: 272/3906 MS: 3 EraseBytes-InsertByte-CopyPart-
#3539621	REDUCE cov: 586 ft: 2956 corp: 797/162Kb lim: 4096 exec/s: 9266 rss: 816Mb L: 575/3906 MS: 1 EraseBytes-
#3540412	REDUCE cov: 586 ft: 2956 corp: 797/162Kb lim: 4096 exec/s: 9268 rss: 816Mb L: 15/3906 MS: 1 EraseBytes-
#3540808	REDUCE cov: 586 ft: 2956 corp: 797/162Kb lim: 4096 exec/s: 9269 rss: 816Mb L: 244/3906 MS: 1 EraseBytes-
#3543571	REDUCE cov: 586 ft: 2956 corp: 797/162Kb lim: 4096 exec/s: 9252 rss: 816Mb L: 88/3906 MS: 3 CrossOver-ChangeBinInt-EraseBytes-
#3545283	REDUCE cov: 586 ft: 2956 corp: 797/162Kb lim: 4096 exec/s: 9256 rss: 816Mb L: 15/3906 MS: 2 ShuffleBytes-EraseBytes-
#3545569	REDUCE cov: 586 ft: 2956 corp: 797/162Kb lim: 4096 exec/s: 9257 rss: 816Mb L: 10/3906 MS: 1 EraseBytes-
#3547494	REDUCE cov: 586 ft: 2956 corp: 797/162Kb lim: 4096 exec/s: 9262 rss: 816Mb L: 496/3906 MS: 5 ChangeBinInt-ChangeByte-ChangeASCIIInt-CrossOver-CrossOver-
#3550390	REDUCE cov: 586 ft: 2956 corp: 797/162Kb lim: 4096 exec/s: 9245 rss: 816Mb L: 37/3906 MS: 1 EraseBytes-
#3550593	REDUCE cov: 586 ft: 2956 corp: 797/162Kb lim: 4096 exec/s: 9246 rss: 816Mb L: 136/3906 MS: 3 ChangeBinInt-ChangeBinInt-EraseBytes-
#3550899	REDUCE cov: 586 ft: 2956 corp: 797/162Kb lim: 4096 exec/s: 9247 rss: 816Mb L: 2643/3906 MS: 1 EraseBytes-
#3552910	REDUCE cov: 586 ft: 2956 corp: 797/162Kb lim: 4096 exec/s: 9252 rss: 816Mb L: 30/3906 MS: 1 EraseBytes-
#3555773	REDUCE cov: 586 ft: 2956 corp: 797/162Kb lim: 4096 exec/s: 9259 rss: 816Mb L: 14/3906 MS: 3 ChangeByte-ShuffleBytes-EraseBytes-
#3559009	REDUCE cov: 586 ft: 2956 corp: 797/162Kb lim: 4096 exec/s: 9244 rss: 816Mb L: 220/3906 MS: 1 EraseBytes-
#3560086	REDUCE cov: 586 ft: 2956 corp: 797/162Kb lim: 4096 exec/s: 9246 rss: 816Mb L: 27/3906 MS: 2 PersAutoDict-EraseBytes- DE: "\377\377\377["-
#3561211	REDUCE cov: 586 ft: 2956 corp: 797/162Kb lim: 4096 exec/s: 9249 rss: 816Mb L: 190/3906 MS: 5 EraseBytes-CopyPart-ChangeBit-ChangeByte-CopyPart-
#3562263	REDUCE cov: 586 ft: 2956 corp: 797/162Kb lim: 4096 exec/s: 9252 rss: 816Mb L: 41/3906 MS: 2 CopyPart-EraseBytes-
#3563309	REDUCE cov: 586 ft: 2956 corp: 797/162Kb lim: 4096 exec/s: 9255 rss: 816Mb L: 101/3906 MS: 1 EraseBytes-
#3566817	REDUCE cov: 586 ft: 2956 corp: 797/162Kb lim: 4096 exec/s: 9240 rss: 816Mb L: 289/3906 MS: 3 CopyPart-ChangeByte-EraseBytes-
#3568994	REDUCE cov: 586 ft: 2956 corp: 797/162Kb lim: 4096 exec/s: 9246 rss: 816Mb L: 63/3906 MS: 2 PersAutoDict-EraseBytes- DE: "\001\000\377\374"-
#3569635	REDUCE cov: 586 ft: 2956 corp: 797/162Kb lim: 4096 exec/s: 9247 rss: 816Mb L: 21/3906 MS: 1 EraseBytes-
#3571576	REDUCE cov: 586 ft: 2956 corp: 797/162Kb lim: 4096 exec/s: 9252 rss: 816Mb L: 115/3906 MS: 1 EraseBytes-
#3572492	REDUCE cov: 586 ft: 2956 corp: 797/162Kb lim: 4096 exec/s: 9255 rss: 816Mb L: 79/3906 MS: 1 EraseBytes-
#3572675	REDUCE cov: 586 ft: 2956 corp: 797/162Kb lim: 4096 exec/s: 9255 rss: 816Mb L: 13/3906 MS: 3 CopyPart-InsertByte-EraseBytes-
#3574422	REDUCE cov: 586 ft: 2956 corp: 797/162Kb lim: 4096 exec/s: 9236 rss: 816Mb L: 664/3906 MS: 2 ShuffleBytes-EraseBytes-
#3574823	REDUCE cov: 586 ft: 2956 corp: 797/162Kb lim: 4096 exec/s: 9237 rss: 816Mb L: 793/3906 MS: 1 EraseBytes-
#3575354	REDUCE cov: 586 ft: 2956 corp: 797/162Kb lim: 4096 exec/s: 9238 rss: 816Mb L: 41/3906 MS: 1 EraseBytes-
#3575364	REDUCE cov: 586 ft: 2956 corp: 797/162Kb lim: 4096 exec/s: 9238 rss: 816Mb L: 705/3906 MS: 5 ShuffleBytes-InsertByte-ShuffleBytes-InsertRepeatedBytes-EraseBytes-
#3577070	REDUCE cov: 586 ft: 2956 corp: 797/162Kb lim: 4096 exec/s: 9243 rss: 816Mb L: 3879/3879 MS: 1 EraseBytes-
#3581563	REDUCE cov: 586 ft: 2956 corp: 797/162Kb lim: 4096 exec/s: 9230 rss: 816Mb L: 174/3879 MS: 3 PersAutoDict-EraseBytes-CopyPart- DE: "\376\375"-
#3583884	REDUCE cov: 586 ft: 2956 corp: 797/162Kb lim: 4096 exec/s: 9236 rss: 816Mb L: 68/3879 MS: 1 EraseBytes-
#3584920	REDUCE cov: 586 ft: 2956 corp: 797/162Kb lim: 4096 exec/s: 9239 rss: 816Mb L: 204/3879 MS: 1 EraseBytes-
#3585811	REDUCE cov: 586 ft: 2956 corp: 797/162Kb lim: 4096 exec/s: 9241 rss: 816Mb L: 32/3879 MS: 1 EraseBytes-
#3585922	REDUCE cov: 586 ft: 2956 corp: 797/162Kb lim: 4096 exec/s: 9242 rss: 816Mb L: 24/3879 MS: 1 EraseBytes-
#3586633	REDUCE cov: 586 ft: 2956 corp: 797/162Kb lim: 4096 exec/s: 9243 rss: 816Mb L: 12/3879 MS: 1 EraseBytes-
#3590199	REDUCE cov: 586 ft: 2956 corp: 797/162Kb lim: 4096 exec/s: 9229 rss: 816Mb L: 3256/3879 MS: 1 EraseBytes-
#3590300	REDUCE cov: 586 ft: 2956 corp: 797/162Kb lim: 4096 exec/s: 9229 rss: 816Mb L: 26/3879 MS: 1 EraseBytes-
#3591366	REDUCE cov: 586 ft: 2956 corp: 797/162Kb lim: 4096 exec/s: 9232 rss: 816Mb L: 97/3879 MS: 1 EraseBytes-
#3594872	REDUCE cov: 586 ft: 2956 corp: 797/162Kb lim: 4096 exec/s: 9241 rss: 816Mb L: 3853/3853 MS: 1 EraseBytes-
#3597868	REDUCE cov: 586 ft: 2956 corp: 797/162Kb lim: 4096 exec/s: 9225 rss: 816Mb L: 138/3853 MS: 1 EraseBytes-
#3598759	REDUCE cov: 586 ft: 2956 corp: 797/162Kb lim: 4096 exec/s: 9227 rss: 816Mb L: 459/3853 MS: 1 EraseBytes-
#3602888	REDUCE cov: 586 ft: 2956 corp: 797/162Kb lim: 4096 exec/s: 9238 rss: 817Mb L: 530/3853 MS: 4 ShuffleBytes-PersAutoDict-ChangeASCIIInt-EraseBytes- DE: "\377\377\377K"-
#3604699	REDUCE cov: 586 ft: 2956 corp: 797/162Kb lim: 4096 exec/s: 9242 rss: 817Mb L: 211/3853 MS: 1 EraseBytes-
#3605755	REDUCE cov: 586 ft: 2956 corp: 797/162Kb lim: 4096 exec/s: 9245 rss: 817Mb L: 30/3853 MS: 1 EraseBytes-
#3606631	REDUCE cov: 586 ft: 2956 corp: 797/162Kb lim: 4096 exec/s: 9224 rss: 817Mb L: 794/3853 MS: 1 EraseBytes-
#3607646	REDUCE cov: 586 ft: 2956 corp: 797/162Kb lim: 4096 exec/s: 9226 rss: 817Mb L: 3421/3853 MS: 5 ChangeBit-CrossOver-InsertRepeatedBytes-InsertRepeatedBytes-CopyPart-
#3611047	REDUCE cov: 586 ft: 2956 corp: 797/162Kb lim: 4096 exec/s: 9235 rss: 817Mb L: 33/3853 MS: 1 EraseBytes-
#3616848	REDUCE cov: 586 ft: 2956 corp: 797/162Kb lim: 4096 exec/s: 9226 rss: 817Mb L: 14/3853 MS: 1 EraseBytes-
#3617596	REDUCE cov: 586 ft: 2956 corp: 797/162Kb lim: 4096 exec/s: 9228 rss: 817Mb L: 839/3853 MS: 3 CrossOver-EraseBytes-CopyPart-
#3618193	REDUCE cov: 586 ft: 2956 corp: 797/162Kb lim: 4096 exec/s: 9230 rss: 817Mb L: 190/3853 MS: 2 ShuffleBytes-EraseBytes-
#3618572	REDUCE cov: 586 ft: 2956 corp: 797/162Kb lim: 4096 exec/s: 9231 rss: 817Mb L: 309/3853 MS: 4 PersAutoDict-CopyPart-ChangeASCIIInt-EraseBytes- DE: "\205\000\000\000"-
#3622233	REDUCE cov: 586 ft: 2956 corp: 797/162Kb lim: 4096 exec/s: 9216 rss: 817Mb L: 83/3853 MS: 1 EraseBytes-
#3622659	REDUCE cov: 586 ft: 2956 corp: 797/162Kb lim: 4096 exec/s: 9217 rss: 817Mb L: 29/3853 MS: 1 EraseBytes-
#3624380	REDUCE cov: 586 ft: 2956 corp: 797/162Kb lim: 4096 exec/s: 9222 rss: 817Mb L: 172/3853 MS: 1 EraseBytes-
#3624942	REDUCE cov: 586 ft: 2956 corp: 797/162Kb lim: 4096 exec/s: 9223 rss: 817Mb L: 46/3853 MS: 2 InsertByte-EraseBytes-
#3628498	REDUCE cov: 586 ft: 2956 corp: 797/162Kb lim: 4096 exec/s: 9232 rss: 817Mb L: 34/3853 MS: 1 EraseBytes-
#3631639	REDUCE cov: 586 ft: 2956 corp: 797/162Kb lim: 4096 exec/s: 9217 rss: 817Mb L: 7/3853 MS: 1 EraseBytes-
#3633232	REDUCE cov: 586 ft: 2956 corp: 797/162Kb lim: 4096 exec/s: 9221 rss: 817Mb L: 48/3853 MS: 3 EraseBytes-ShuffleBytes-CopyPart-
#3636298	REDUCE cov: 586 ft: 2956 corp: 797/162Kb lim: 4096 exec/s: 9229 rss: 817Mb L: 108/3853 MS: 1 EraseBytes-
#3636381	REDUCE cov: 586 ft: 2956 corp: 797/162Kb lim: 4096 exec/s: 9229 rss: 817Mb L: 1319/3853 MS: 3 EraseBytes-ChangeASCIIInt-CopyPart-
#3637177	REDUCE cov: 586 ft: 2956 corp: 797/162Kb lim: 4096 exec/s: 9231 rss: 817Mb L: 1099/3853 MS: 1 EraseBytes-
#3637493	REDUCE cov: 586 ft: 2956 corp: 797/162Kb lim: 4096 exec/s: 9232 rss: 817Mb L: 49/3853 MS: 1 EraseBytes-
#3638299	REDUCE cov: 586 ft: 2956 corp: 797/162Kb lim: 4096 exec/s: 9234 rss: 817Mb L: 43/3853 MS: 1 EraseBytes-
#3639691	REDUCE cov: 586 ft: 2956 corp: 797/162Kb lim: 4096 exec/s: 9214 rss: 817Mb L: 114/3853 MS: 2 CopyPart-EraseBytes-
#3640021	REDUCE cov: 586 ft: 2956 corp: 797/162Kb lim: 4096 exec/s: 9215 rss: 817Mb L: 54/3853 MS: 5 ChangeASCIIInt-InsertByte-CMP-ChangeASCIIInt-EraseBytes- DE: "\001h"-
#3649367	REDUCE cov: 586 ft: 2956 corp: 797/162Kb lim: 4096 exec/s: 9215 rss: 817Mb L: 56/3853 MS: 1 EraseBytes-
#3650853	REDUCE cov: 586 ft: 2956 corp: 797/162Kb lim: 4096 exec/s: 9219 rss: 817Mb L: 807/3853 MS: 1 EraseBytes-
#3651024	REDUCE cov: 586 ft: 2956 corp: 797/162Kb lim: 4096 exec/s: 9219 rss: 817Mb L: 24/3853 MS: 1 EraseBytes-
#3651209	REDUCE cov: 586 ft: 2956 corp: 797/162Kb lim: 4096 exec/s: 9220 rss: 817Mb L: 2066/3853 MS: 5 EraseBytes-ChangeBit-InsertByte-ChangeBinInt-CopyPart-
#3651290	REDUCE cov: 586 ft: 2956 corp: 797/162Kb lim: 4096 exec/s: 9220 rss: 817Mb L: 11/3853 MS: 1 EraseBytes-
#3651416	REDUCE cov: 586 ft: 2956 corp: 797/162Kb lim: 4096 exec/s: 9220 rss: 817Mb L: 14/3853 MS: 1 EraseBytes-
#3651818	REDUCE cov: 586 ft: 2956 corp: 797/162Kb lim: 4096 exec/s: 9221 rss: 817Mb L: 35/3853 MS: 2 ChangeByte-EraseBytes-
#3652154	REDUCE cov: 586 ft: 2956 corp: 797/162Kb lim: 4096 exec/s: 9222 rss: 817Mb L: 18/3853 MS: 1 EraseBytes-
#3652882	REDUCE cov: 586 ft: 2956 corp: 797/162Kb lim: 4096 exec/s: 9224 rss: 817Mb L: 494/3853 MS: 3 ChangeASCIIInt-ChangeByte-EraseBytes-
#3652913	REDUCE cov: 586 ft: 2956 corp: 797/162Kb lim: 4096 exec/s: 9224 rss: 817Mb L: 2756/3853 MS: 1 EraseBytes-
#3657245	REDUCE cov: 586 ft: 2956 corp: 797/162Kb lim: 4096 exec/s: 9212 rss: 817Mb L: 517/3853 MS: 2 EraseBytes-CopyPart-
#3657692	REDUCE cov: 586 ft: 2956 corp: 797/161Kb lim: 4096 exec/s: 9213 rss: 817Mb L: 482/3853 MS: 2 CrossOver-EraseBytes-
#3662393	REDUCE cov: 586 ft: 2956 corp: 797/161Kb lim: 4096 exec/s: 9225 rss: 817Mb L: 458/3853 MS: 1 EraseBytes-
#3663954	REDUCE cov: 586 ft: 2956 corp: 797/161Kb lim: 4096 exec/s: 9205 rss: 817Mb L: 108/3853 MS: 1 EraseBytes-
#3664415	REDUCE cov: 586 ft: 2956 corp: 797/161Kb lim: 4096 exec/s: 9207 rss: 817Mb L: 63/3853 MS: 1 EraseBytes-
#3666187	REDUCE cov: 586 ft: 2956 corp: 797/161Kb lim: 4096 exec/s: 9211 rss: 817Mb L: 2101/3853 MS: 2 ChangeASCIIInt-EraseBytes-
#3666450	REDUCE cov: 586 ft: 2956 corp: 797/161Kb lim: 4096 exec/s: 9212 rss: 817Mb L: 172/3853 MS: 3 ChangeBit-ChangeBit-EraseBytes-
#3666981	REDUCE cov: 586 ft: 2956 corp: 797/161Kb lim: 4096 exec/s: 9213 rss: 817Mb L: 38/3853 MS: 1 EraseBytes-
#3667413	REDUCE cov: 586 ft: 2956 corp: 797/161Kb lim: 4096 exec/s: 9214 rss: 817Mb L: 265/3853 MS: 2 ChangeBinInt-EraseBytes-
#3674141	REDUCE cov: 586 ft: 2956 corp: 797/161Kb lim: 4096 exec/s: 9208 rss: 817Mb L: 90/3853 MS: 3 CopyPart-ChangeBinInt-EraseBytes-
#3674837	REDUCE cov: 586 ft: 2956 corp: 797/161Kb lim: 4096 exec/s: 9210 rss: 817Mb L: 35/3853 MS: 1 EraseBytes-
#3676008	REDUCE cov: 586 ft: 2956 corp: 797/161Kb lim: 4096 exec/s: 9213 rss: 817Mb L: 996/3853 MS: 1 EraseBytes-
#3676926	REDUCE cov: 586 ft: 2956 corp: 797/161Kb lim: 4096 exec/s: 9215 rss: 817Mb L: 805/3853 MS: 3 CopyPart-CrossOver-EraseBytes-
#3679933	REDUCE cov: 586 ft: 2956 corp: 797/161Kb lim: 4096 exec/s: 9199 rss: 817Mb L: 34/3853 MS: 2 ChangeByte-EraseBytes-
#3680682	REDUCE cov: 586 ft: 2956 corp: 797/161Kb lim: 4096 exec/s: 9201 rss: 817Mb L: 13/3853 MS: 4 InsertByte-ChangeBit-InsertByte-EraseBytes-
#3681213	REDUCE cov: 586 ft: 2956 corp: 797/161Kb lim: 4096 exec/s: 9203 rss: 817Mb L: 49/3853 MS: 1 EraseBytes-
#3682864	REDUCE cov: 586 ft: 2956 corp: 797/161Kb lim: 4096 exec/s: 9207 rss: 817Mb L: 1090/3853 MS: 1 EraseBytes-
#3683575	REDUCE cov: 586 ft: 2956 corp: 797/161Kb lim: 4096 exec/s: 9208 rss: 817Mb L: 208/3853 MS: 1 EraseBytes-
#3683691	REDUCE cov: 586 ft: 2956 corp: 797/161Kb lim: 4096 exec/s: 9209 rss: 817Mb L: 328/3853 MS: 1 EraseBytes-
#3686057	REDUCE cov: 586 ft: 2956 corp: 797/161Kb lim: 4096 exec/s: 9215 rss: 817Mb L: 220/3853 MS: 1 EraseBytes-
#3686473	REDUCE cov: 586 ft: 2956 corp: 797/161Kb lim: 4096 exec/s: 9216 rss: 817Mb L: 39/3853 MS: 1 EraseBytes-
#3687634	REDUCE cov: 586 ft: 2956 corp: 797/161Kb lim: 4096 exec/s: 9219 rss: 817Mb L: 75/3853 MS: 1 EraseBytes-
#3688870	REDUCE cov: 586 ft: 2956 corp: 797/161Kb lim: 4096 exec/s: 9199 rss: 817Mb L: 45/3853 MS: 1 EraseBytes-
#3690222	REDUCE cov: 586 ft: 2956 corp: 797/161Kb lim: 4096 exec/s: 9202 rss: 817Mb L: 80/3853 MS: 2 InsertByte-EraseBytes-
#3690638	REDUCE cov: 586 ft: 2956 corp: 797/161Kb lim: 4096 exec/s: 9203 rss: 817Mb L: 18/3853 MS: 1 EraseBytes-
#3691034	REDUCE cov: 586 ft: 2956 corp: 797/161Kb lim: 4096 exec/s: 9204 rss: 817Mb L: 36/3853 MS: 1 EraseBytes-
#3693455	REDUCE cov: 586 ft: 2956 corp: 797/161Kb lim: 4096 exec/s: 9210 rss: 817Mb L: 168/3853 MS: 1 EraseBytes-
#3696706	REDUCE cov: 586 ft: 2956 corp: 797/161Kb lim: 4096 exec/s: 9195 rss: 817Mb L: 68/3853 MS: 1 EraseBytes-
#3697381	REDUCE cov: 586 ft: 2956 corp: 797/161Kb lim: 4096 exec/s: 9197 rss: 817Mb L: 552/3853 MS: 5 ChangeByte-InsertRepeatedBytes-EraseBytes-InsertByte-CopyPart-
#3699737	REDUCE cov: 586 ft: 2956 corp: 797/161Kb lim: 4096 exec/s: 9203 rss: 817Mb L: 242/3853 MS: 1 EraseBytes-
#3707568	REDUCE cov: 586 ft: 2956 corp: 797/161Kb lim: 4096 exec/s: 9199 rss: 817Mb L: 449/3853 MS: 1 EraseBytes-
#3708864	REDUCE cov: 586 ft: 2956 corp: 797/161Kb lim: 4096 exec/s: 9203 rss: 817Mb L: 29/3853 MS: 1 EraseBytes-
#3710615	REDUCE cov: 586 ft: 2956 corp: 797/161Kb lim: 4096 exec/s: 9207 rss: 817Mb L: 116/3853 MS: 1 EraseBytes-
#3712022	REDUCE cov: 586 ft: 2956 corp: 797/161Kb lim: 4096 exec/s: 9210 rss: 817Mb L: 581/3853 MS: 2 ChangeBit-EraseBytes-
#3717754	REDUCE cov: 586 ft: 2956 corp: 797/161Kb lim: 4096 exec/s: 9202 rss: 817Mb L: 251/3853 MS: 2 InsertByte-EraseBytes-
#3720226	REDUCE cov: 586 ft: 2956 corp: 797/161Kb lim: 4096 exec/s: 9208 rss: 817Mb L: 2741/3853 MS: 2 CrossOver-EraseBytes-
#3722852	REDUCE cov: 586 ft: 2956 corp: 797/161Kb lim: 4096 exec/s: 9192 rss: 817Mb L: 31/3853 MS: 1 EraseBytes-
#3724239	REDUCE cov: 586 ft: 2956 corp: 797/161Kb lim: 4096 exec/s: 9195 rss: 817Mb L: 17/3853 MS: 2 ChangeByte-EraseBytes-
#3725070	REDUCE cov: 586 ft: 2956 corp: 797/161Kb lim: 4096 exec/s: 9197 rss: 817Mb L: 47/3853 MS: 1 EraseBytes-
#3725568	REDUCE cov: 586 ft: 2956 corp: 797/161Kb lim: 4096 exec/s: 9198 rss: 817Mb L: 345/3853 MS: 3 InsertByte-CopyPart-EraseBytes-
#3731334	REDUCE cov: 586 ft: 2956 corp: 797/161Kb lim: 4096 exec/s: 9190 rss: 817Mb L: 12/3853 MS: 1 EraseBytes-
#3731855	REDUCE cov: 586 ft: 2956 corp: 797/161Kb lim: 4096 exec/s: 9191 rss: 817Mb L: 27/3853 MS: 1 EraseBytes-
#3733533	REDUCE cov: 586 ft: 2956 corp: 797/161Kb lim: 4096 exec/s: 9195 rss: 817Mb L: 433/3853 MS: 3 ChangeBinInt-CopyPart-EraseBytes-
#3733599	REDUCE cov: 586 ft: 2956 corp: 797/161Kb lim: 4096 exec/s: 9196 rss: 817Mb L: 258/3853 MS: 1 EraseBytes-
#3733602	REDUCE cov: 586 ft: 2956 corp: 797/161Kb lim: 4096 exec/s: 9196 rss: 817Mb L: 390/3853 MS: 3 ChangeByte-ChangeBit-EraseBytes-
#3735198	REDUCE cov: 586 ft: 2956 corp: 797/161Kb lim: 4096 exec/s: 9199 rss: 817Mb L: 23/3853 MS: 1 EraseBytes-
#3735599	REDUCE cov: 586 ft: 2956 corp: 797/161Kb lim: 4096 exec/s: 9200 rss: 817Mb L: 25/3853 MS: 1 EraseBytes-
#3736905	REDUCE cov: 586 ft: 2956 corp: 797/161Kb lim: 4096 exec/s: 9204 rss: 817Mb L: 62/3853 MS: 1 EraseBytes-
#3738057	REDUCE cov: 586 ft: 2956 corp: 797/161Kb lim: 4096 exec/s: 9207 rss: 817Mb L: 5/3853 MS: 2 PersAutoDict-EraseBytes- DE: "c\000\000\000"-
#3738373	REDUCE cov: 586 ft: 2956 corp: 797/161Kb lim: 4096 exec/s: 9207 rss: 817Mb L: 90/3853 MS: 1 EraseBytes-
#3738760	REDUCE cov: 586 ft: 2956 corp: 797/161Kb lim: 4096 exec/s: 9208 rss: 817Mb L: 935/3853 MS: 2 ShuffleBytes-EraseBytes-
#3739110	REDUCE cov: 586 ft: 2956 corp: 797/161Kb lim: 4096 exec/s: 9209 rss: 817Mb L: 8/3853 MS: 5 EraseBytes-ShuffleBytes-ChangeBinInt-ChangeBinInt-CMP- DE: "\377\377\377\377\377\377\377\377"-
#3739256	REDUCE cov: 586 ft: 2956 corp: 797/161Kb lim: 4096 exec/s: 9209 rss: 817Mb L: 46/3853 MS: 1 EraseBytes-
#3742307	REDUCE cov: 586 ft: 2956 corp: 797/161Kb lim: 4096 exec/s: 9194 rss: 817Mb L: 13/3853 MS: 1 EraseBytes-
#3742899	REDUCE cov: 586 ft: 2956 corp: 797/161Kb lim: 4096 exec/s: 9196 rss: 817Mb L: 169/3853 MS: 2 ChangeByte-EraseBytes-
#3747377	REDUCE cov: 586 ft: 2956 corp: 797/161Kb lim: 4096 exec/s: 9207 rss: 817Mb L: 606/3853 MS: 3 ChangeBinInt-CopyPart-EraseBytes-
#3747449	REDUCE cov: 586 ft: 2956 corp: 797/161Kb lim: 4096 exec/s: 9207 rss: 817Mb L: 321/3853 MS: 2 InsertByte-EraseBytes-
#3750610	REDUCE cov: 586 ft: 2956 corp: 797/161Kb lim: 4096 exec/s: 9192 rss: 817Mb L: 2071/3853 MS: 1 EraseBytes-
#3751538	REDUCE cov: 586 ft: 2956 corp: 797/161Kb lim: 4096 exec/s: 9194 rss: 817Mb L: 128/3853 MS: 3 CMP-ChangeBinInt-EraseBytes- DE: "3\000\000\000"-
#3751550	REDUCE cov: 586 ft: 2956 corp: 797/161Kb lim: 4096 exec/s: 9194 rss: 817Mb L: 42/3853 MS: 2 ChangeBit-EraseBytes-
#3753401	REDUCE cov: 586 ft: 2956 corp: 797/161Kb lim: 4096 exec/s: 9199 rss: 817Mb L: 44/3853 MS: 1 EraseBytes-
#3754240	REDUCE cov: 586 ft: 2956 corp: 797/161Kb lim: 4096 exec/s: 9201 rss: 817Mb L: 432/3853 MS: 4 PersAutoDict-PersAutoDict-ShuffleBytes-EraseBytes- DE: "\000["-"\000\000\000\000\000\000\000\032"-
#3754378	REDUCE cov: 586 ft: 2958 corp: 798/162Kb lim: 4096 exec/s: 9201 rss: 817Mb L: 1073/3853 MS: 3 CopyPart-CopyPart-CopyPart-
#3758549	REDUCE cov: 586 ft: 2958 corp: 798/162Kb lim: 4096 exec/s: 9189 rss: 817Mb L: 286/3853 MS: 1 EraseBytes-
#3761812	REDUCE cov: 586 ft: 2958 corp: 798/162Kb lim: 4096 exec/s: 9197 rss: 817Mb L: 93/3853 MS: 3 InsertByte-ChangeByte-EraseBytes-
#3764288	REDUCE cov: 586 ft: 2958 corp: 798/162Kb lim: 4096 exec/s: 9203 rss: 817Mb L: 257/3853 MS: 1 EraseBytes-
#3764868	REDUCE cov: 586 ft: 2959 corp: 799/163Kb lim: 4096 exec/s: 9205 rss: 817Mb L: 1501/3853 MS: 5 CopyPart-ChangeBit-ShuffleBytes-PersAutoDict-CopyPart- DE: "\001\005"-
#3764946	REDUCE cov: 586 ft: 2959 corp: 799/163Kb lim: 4096 exec/s: 9205 rss: 817Mb L: 398/3853 MS: 3 PersAutoDict-InsertByte-EraseBytes- DE: "\001\005"-
#3766364	NEW    cov: 586 ft: 2960 corp: 800/166Kb lim: 4096 exec/s: 9186 rss: 817Mb L: 2210/3853 MS: 3 ChangeBit-PersAutoDict-CopyPart- DE: "\201\000\000\000"-
#3766393	REDUCE cov: 586 ft: 2960 corp: 800/166Kb lim: 4096 exec/s: 9186 rss: 817Mb L: 95/3853 MS: 4 ChangeBinInt-EraseBytes-CopyPart-ChangeBinInt-
#3767889	REDUCE cov: 586 ft: 2960 corp: 800/165Kb lim: 4096 exec/s: 9189 rss: 817Mb L: 1993/3853 MS: 1 EraseBytes-
#3768958	REDUCE cov: 586 ft: 2960 corp: 800/165Kb lim: 4096 exec/s: 9192 rss: 817Mb L: 1754/3853 MS: 4 InsertRepeatedBytes-CopyPart-ShuffleBytes-EraseBytes-
#3769515	REDUCE cov: 586 ft: 2960 corp: 800/165Kb lim: 4096 exec/s: 9193 rss: 817Mb L: 30/3853 MS: 2 EraseBytes-InsertByte-
#3770166	REDUCE cov: 586 ft: 2960 corp: 800/165Kb lim: 4096 exec/s: 9195 rss: 817Mb L: 70/3853 MS: 1 EraseBytes-
#3771697	REDUCE cov: 586 ft: 2960 corp: 800/165Kb lim: 4096 exec/s: 9199 rss: 817Mb L: 1015/3853 MS: 1 EraseBytes-
#3772248	REDUCE cov: 586 ft: 2960 corp: 800/165Kb lim: 4096 exec/s: 9200 rss: 817Mb L: 299/3853 MS: 1 EraseBytes-
#3774049	REDUCE cov: 586 ft: 2960 corp: 800/165Kb lim: 4096 exec/s: 9204 rss: 817Mb L: 9/3853 MS: 1 EraseBytes-
#3775498	REDUCE cov: 586 ft: 2960 corp: 800/165Kb lim: 4096 exec/s: 9186 rss: 817Mb L: 810/3853 MS: 4 ChangeByte-EraseBytes-EraseBytes-CopyPart-
#3777104	REDUCE cov: 586 ft: 2960 corp: 800/165Kb lim: 4096 exec/s: 9190 rss: 817Mb L: 92/3853 MS: 1 EraseBytes-
#3778056	REDUCE cov: 586 ft: 2960 corp: 800/165Kb lim: 4096 exec/s: 9192 rss: 818Mb L: 915/3853 MS: 2 InsertByte-EraseBytes-
#3780553	REDUCE cov: 586 ft: 2960 corp: 800/165Kb lim: 4096 exec/s: 9198 rss: 818Mb L: 933/3853 MS: 2 CMP-EraseBytes- DE: "\010\000\000\000\000\000\000\000"-
#3782570	REDUCE cov: 586 ft: 2960 corp: 800/165Kb lim: 4096 exec/s: 9203 rss: 819Mb L: 1595/3853 MS: 2 ChangeASCIIInt-EraseBytes-
#3788546	REDUCE cov: 586 ft: 2960 corp: 800/165Kb lim: 4096 exec/s: 9195 rss: 819Mb L: 75/3853 MS: 1 EraseBytes-
#3789572	REDUCE cov: 586 ft: 2960 corp: 800/165Kb lim: 4096 exec/s: 9197 rss: 819Mb L: 180/3853 MS: 1 EraseBytes-
#3790698	REDUCE cov: 586 ft: 2960 corp: 800/165Kb lim: 4096 exec/s: 9200 rss: 819Mb L: 106/3853 MS: 1 EraseBytes-
#3791544	REDUCE cov: 586 ft: 2960 corp: 800/165Kb lim: 4096 exec/s: 9202 rss: 819Mb L: 307/3853 MS: 1 EraseBytes-
#3791831	REDUCE cov: 586 ft: 2960 corp: 800/165Kb lim: 4096 exec/s: 9203 rss: 819Mb L: 48/3853 MS: 2 CopyPart-EraseBytes-
#3795067	REDUCE cov: 586 ft: 2960 corp: 800/165Kb lim: 4096 exec/s: 9189 rss: 819Mb L: 21/3853 MS: 1 EraseBytes-
#3797139	REDUCE cov: 586 ft: 2960 corp: 800/165Kb lim: 4096 exec/s: 9194 rss: 819Mb L: 161/3853 MS: 2 ChangeBit-EraseBytes-
#3799051	REDUCE cov: 586 ft: 2960 corp: 800/165Kb lim: 4096 exec/s: 9198 rss: 819Mb L: 89/3853 MS: 2 CrossOver-EraseBytes-
#3799240	REDUCE cov: 586 ft: 2960 corp: 800/165Kb lim: 4096 exec/s: 9199 rss: 819Mb L: 2092/3853 MS: 4 CopyPart-ChangeBit-ShuffleBytes-EraseBytes-
#3800212	REDUCE cov: 586 ft: 2960 corp: 800/165Kb lim: 4096 exec/s: 9201 rss: 819Mb L: 78/3853 MS: 2 ChangeBit-EraseBytes-
#3801483	REDUCE cov: 586 ft: 2960 corp: 800/165Kb lim: 4096 exec/s: 9182 rss: 819Mb L: 11/3853 MS: 1 EraseBytes-
#3802759	REDUCE cov: 586 ft: 2960 corp: 800/165Kb lim: 4096 exec/s: 9185 rss: 819Mb L: 156/3853 MS: 1 EraseBytes-
#3807425	REDUCE cov: 586 ft: 2960 corp: 800/165Kb lim: 4096 exec/s: 9196 rss: 819Mb L: 792/3853 MS: 1 EraseBytes-
#3808371	REDUCE cov: 586 ft: 2960 corp: 800/165Kb lim: 4096 exec/s: 9198 rss: 819Mb L: 2108/3853 MS: 1 EraseBytes-
#3810362	REDUCE cov: 586 ft: 2960 corp: 800/165Kb lim: 4096 exec/s: 9181 rss: 819Mb L: 293/3853 MS: 1 EraseBytes-
#3810409	REDUCE cov: 586 ft: 2960 corp: 800/165Kb lim: 4096 exec/s: 9181 rss: 819Mb L: 10/3853 MS: 2 ShuffleBytes-EraseBytes-
#3811907	REDUCE cov: 586 ft: 2960 corp: 800/165Kb lim: 4096 exec/s: 9185 rss: 819Mb L: 38/3853 MS: 3 CopyPart-CopyPart-EraseBytes-
#3812679	REDUCE cov: 586 ft: 2960 corp: 800/165Kb lim: 4096 exec/s: 9187 rss: 819Mb L: 160/3853 MS: 2 ChangeByte-EraseBytes-
#3816292	REDUCE cov: 586 ft: 2960 corp: 800/165Kb lim: 4096 exec/s: 9195 rss: 819Mb L: 23/3853 MS: 3 CrossOver-ChangeBinInt-EraseBytes-
#3816864	REDUCE cov: 586 ft: 2960 corp: 800/165Kb lim: 4096 exec/s: 9197 rss: 819Mb L: 116/3853 MS: 2 ChangeBit-EraseBytes-
#3819139	REDUCE cov: 586 ft: 2960 corp: 800/165Kb lim: 4096 exec/s: 9180 rss: 819Mb L: 327/3853 MS: 5 PersAutoDict-CopyPart-ChangeBinInt-ChangeASCIIInt-EraseBytes- DE: "\001\005"-
#3826555	REDUCE cov: 586 ft: 2960 corp: 800/165Kb lim: 4096 exec/s: 9176 rss: 819Mb L: 11/3853 MS: 1 EraseBytes-
#3829192	REDUCE cov: 586 ft: 2960 corp: 800/165Kb lim: 4096 exec/s: 9182 rss: 819Mb L: 22/3853 MS: 2 InsertByte-EraseBytes-
#3830699	REDUCE cov: 586 ft: 2960 corp: 800/165Kb lim: 4096 exec/s: 9186 rss: 819Mb L: 996/3853 MS: 2 ChangeBit-EraseBytes-
#3833255	REDUCE cov: 586 ft: 2960 corp: 800/165Kb lim: 4096 exec/s: 9192 rss: 819Mb L: 83/3853 MS: 1 EraseBytes-
#3838091	REDUCE cov: 586 ft: 2960 corp: 800/165Kb lim: 4096 exec/s: 9182 rss: 819Mb L: 26/3853 MS: 1 EraseBytes-
#3838676	REDUCE cov: 586 ft: 2962 corp: 801/165Kb lim: 4096 exec/s: 9183 rss: 819Mb L: 803/3853 MS: 5 ShuffleBytes-CrossOver-CrossOver-CopyPart-CrossOver-
#3838698	REDUCE cov: 586 ft: 2962 corp: 801/165Kb lim: 4096 exec/s: 9183 rss: 819Mb L: 50/3853 MS: 2 ShuffleBytes-EraseBytes-
#3838764	REDUCE cov: 586 ft: 2962 corp: 801/165Kb lim: 4096 exec/s: 9183 rss: 819Mb L: 24/3853 MS: 1 EraseBytes-
#3839206	REDUCE cov: 586 ft: 2962 corp: 801/165Kb lim: 4096 exec/s: 9184 rss: 819Mb L: 696/3853 MS: 2 ShuffleBytes-EraseBytes-
#3841747	REDUCE cov: 586 ft: 2962 corp: 801/165Kb lim: 4096 exec/s: 9190 rss: 819Mb L: 122/3853 MS: 1 EraseBytes-
#3842379	REDUCE cov: 586 ft: 2962 corp: 801/165Kb lim: 4096 exec/s: 9192 rss: 819Mb L: 112/3853 MS: 2 PersAutoDict-EraseBytes- DE: "\000\200"-
#3843800	REDUCE cov: 586 ft: 2962 corp: 801/165Kb lim: 4096 exec/s: 9195 rss: 819Mb L: 772/3853 MS: 1 EraseBytes-
#3845131	REDUCE cov: 586 ft: 2962 corp: 801/165Kb lim: 4096 exec/s: 9176 rss: 819Mb L: 29/3853 MS: 1 EraseBytes-
#3846042	REDUCE cov: 586 ft: 2962 corp: 801/165Kb lim: 4096 exec/s: 9179 rss: 819Mb L: 37/3853 MS: 1 EraseBytes-
#3846048	REDUCE cov: 586 ft: 2962 corp: 801/165Kb lim: 4096 exec/s: 9179 rss: 819Mb L: 77/3853 MS: 1 EraseBytes-
#3846385	REDUCE cov: 586 ft: 2962 corp: 801/165Kb lim: 4096 exec/s: 9179 rss: 819Mb L: 690/3853 MS: 2 ChangeByte-EraseBytes-
#3846949	REDUCE cov: 586 ft: 2962 corp: 801/165Kb lim: 4096 exec/s: 9181 rss: 819Mb L: 931/3853 MS: 4 ChangeBit-CopyPart-CrossOver-EraseBytes-
#3848935	REDUCE cov: 586 ft: 2962 corp: 801/165Kb lim: 4096 exec/s: 9186 rss: 819Mb L: 23/3853 MS: 1 EraseBytes-
#3849203	REDUCE cov: 586 ft: 2962 corp: 801/165Kb lim: 4096 exec/s: 9186 rss: 819Mb L: 682/3853 MS: 3 ShuffleBytes-InsertByte-EraseBytes-
#3849814	REDUCE cov: 586 ft: 2962 corp: 801/165Kb lim: 4096 exec/s: 9188 rss: 819Mb L: 11/3853 MS: 1 EraseBytes-
#3851593	REDUCE cov: 586 ft: 2962 corp: 801/165Kb lim: 4096 exec/s: 9192 rss: 819Mb L: 100/3853 MS: 4 ShuffleBytes-ChangeByte-ChangeASCIIInt-EraseBytes-
#3853575	REDUCE cov: 586 ft: 2962 corp: 801/165Kb lim: 4096 exec/s: 9175 rss: 819Mb L: 1580/3853 MS: 2 InsertRepeatedBytes-EraseBytes-
#3856040	REDUCE cov: 586 ft: 2962 corp: 801/165Kb lim: 4096 exec/s: 9181 rss: 819Mb L: 1018/3853 MS: 5 CopyPart-CopyPart-EraseBytes-CMP-EraseBytes- DE: "\000\000\000\000\000\000\000\000"-
#3857012	REDUCE cov: 586 ft: 2962 corp: 801/165Kb lim: 4096 exec/s: 9183 rss: 819Mb L: 33/3853 MS: 2 CopyPart-EraseBytes-
#3860478	REDUCE cov: 586 ft: 2962 corp: 801/165Kb lim: 4096 exec/s: 9191 rss: 819Mb L: 27/3853 MS: 1 EraseBytes-
#3861154	REDUCE cov: 586 ft: 2962 corp: 801/165Kb lim: 4096 exec/s: 9171 rss: 819Mb L: 64/3853 MS: 1 EraseBytes-
#3861440	REDUCE cov: 586 ft: 2962 corp: 801/165Kb lim: 4096 exec/s: 9172 rss: 819Mb L: 17/3853 MS: 1 EraseBytes-
#3863112	REDUCE cov: 586 ft: 2962 corp: 801/165Kb lim: 4096 exec/s: 9176 rss: 819Mb L: 22/3853 MS: 2 CopyPart-EraseBytes-
#3864517	REDUCE cov: 586 ft: 2962 corp: 801/165Kb lim: 4096 exec/s: 9179 rss: 819Mb L: 980/3853 MS: 5 ShuffleBytes-InsertByte-CopyPart-ChangeByte-EraseBytes-
#3866088	REDUCE cov: 586 ft: 2962 corp: 801/165Kb lim: 4096 exec/s: 9183 rss: 819Mb L: 297/3853 MS: 1 EraseBytes-
#3867984	REDUCE cov: 586 ft: 2962 corp: 801/165Kb lim: 4096 exec/s: 9187 rss: 819Mb L: 904/3853 MS: 1 EraseBytes-
#3868433	REDUCE cov: 586 ft: 2962 corp: 801/165Kb lim: 4096 exec/s: 9188 rss: 819Mb L: 122/3853 MS: 4 CopyPart-ChangeByte-ChangeBinInt-EraseBytes-
#3869910	REDUCE cov: 586 ft: 2962 corp: 801/165Kb lim: 4096 exec/s: 9170 rss: 819Mb L: 32/3853 MS: 2 ChangeASCIIInt-EraseBytes-
#3870236	REDUCE cov: 586 ft: 2962 corp: 801/165Kb lim: 4096 exec/s: 9171 rss: 819Mb L: 1521/3853 MS: 1 EraseBytes-
#3871097	REDUCE cov: 586 ft: 2962 corp: 801/165Kb lim: 4096 exec/s: 9173 rss: 819Mb L: 21/3853 MS: 1 EraseBytes-
#3875717	REDUCE cov: 586 ft: 2963 corp: 802/166Kb lim: 4096 exec/s: 9184 rss: 820Mb L: 1458/3853 MS: 5 CopyPart-CopyPart-CopyPart-CopyPart-CopyPart-
#3877499	REDUCE cov: 586 ft: 2963 corp: 802/166Kb lim: 4096 exec/s: 9188 rss: 820Mb L: 1397/3853 MS: 2 CopyPart-EraseBytes-
#3878118	REDUCE cov: 586 ft: 2963 corp: 802/166Kb lim: 4096 exec/s: 9168 rss: 820Mb L: 1352/3853 MS: 4 ChangeBinInt-CopyPart-ChangeASCIIInt-CrossOver-
#3879705	REDUCE cov: 586 ft: 2963 corp: 802/166Kb lim: 4096 exec/s: 9171 rss: 820Mb L: 34/3853 MS: 2 ShuffleBytes-EraseBytes-
#3881157	REDUCE cov: 586 ft: 2963 corp: 802/166Kb lim: 4096 exec/s: 9175 rss: 820Mb L: 515/3853 MS: 2 ChangeASCIIInt-EraseBytes-
#3881553	REDUCE cov: 586 ft: 2963 corp: 802/166Kb lim: 4096 exec/s: 9176 rss: 820Mb L: 287/3853 MS: 1 EraseBytes-
#3886514	REDUCE cov: 586 ft: 2963 corp: 802/166Kb lim: 4096 exec/s: 9166 rss: 820Mb L: 197/3853 MS: 1 EraseBytes-
#3889725	REDUCE cov: 586 ft: 2963 corp: 802/166Kb lim: 4096 exec/s: 9173 rss: 820Mb L: 18/3853 MS: 1 EraseBytes-
#3891029	REDUCE cov: 586 ft: 2963 corp: 802/166Kb lim: 4096 exec/s: 9176 rss: 820Mb L: 72/3853 MS: 4 InsertByte-ChangeBit-ChangeBit-EraseBytes-
#3892027	REDUCE cov: 586 ft: 2963 corp: 802/166Kb lim: 4096 exec/s: 9179 rss: 820Mb L: 347/3853 MS: 3 CopyPart-ChangeBit-EraseBytes-
#3893190	REDUCE cov: 586 ft: 2963 corp: 802/166Kb lim: 4096 exec/s: 9182 rss: 820Mb L: 18/3853 MS: 3 ChangeBinInt-EraseBytes-CopyPart-
#3893306	REDUCE cov: 586 ft: 2963 corp: 802/166Kb lim: 4096 exec/s: 9182 rss: 820Mb L: 19/3853 MS: 1 EraseBytes-
#3897654	REDUCE cov: 586 ft: 2963 corp: 802/166Kb lim: 4096 exec/s: 9170 rss: 820Mb L: 242/3853 MS: 3 CrossOver-ChangeByte-EraseBytes-
#3900862	REDUCE cov: 586 ft: 2963 corp: 802/166Kb lim: 4096 exec/s: 9178 rss: 820Mb L: 175/3853 MS: 3 ChangeByte-ChangeBinInt-EraseBytes-
#3902343	REDUCE cov: 586 ft: 2963 corp: 802/166Kb lim: 4096 exec/s: 9181 rss: 820Mb L: 31/3853 MS: 1 EraseBytes-
#3902829	REDUCE cov: 586 ft: 2963 corp: 802/166Kb lim: 4096 exec/s: 9161 rss: 820Mb L: 2876/3853 MS: 1 EraseBytes-
#3903847	REDUCE cov: 586 ft: 2963 corp: 802/166Kb lim: 4096 exec/s: 9163 rss: 820Mb L: 285/3853 MS: 3 ShuffleBytes-ChangeByte-EraseBytes-
#3907534	REDUCE cov: 586 ft: 2963 corp: 802/166Kb lim: 4096 exec/s: 9172 rss: 820Mb L: 23/3853 MS: 2 ChangeByte-EraseBytes-
#3910687	REDUCE cov: 586 ft: 2963 corp: 802/166Kb lim: 4096 exec/s: 9180 rss: 820Mb L: 139/3853 MS: 3 CopyPart-EraseBytes-EraseBytes-
#3912980	REDUCE cov: 586 ft: 2963 corp: 802/166Kb lim: 4096 exec/s: 9163 rss: 820Mb L: 174/3853 MS: 3 InsertByte-EraseBytes-CopyPart-
#3913508	REDUCE cov: 586 ft: 2963 corp: 802/166Kb lim: 4096 exec/s: 9165 rss: 820Mb L: 1316/3853 MS: 3 ChangeBinInt-InsertByte-EraseBytes-
#3913654	REDUCE cov: 586 ft: 2963 corp: 802/166Kb lim: 4096 exec/s: 9165 rss: 820Mb L: 88/3853 MS: 1 EraseBytes-
#3913810	REDUCE cov: 586 ft: 2963 corp: 802/166Kb lim: 4096 exec/s: 9165 rss: 820Mb L: 249/3853 MS: 1 EraseBytes-
#3913843	REDUCE cov: 586 ft: 2963 corp: 802/166Kb lim: 4096 exec/s: 9165 rss: 820Mb L: 163/3853 MS: 3 ShuffleBytes-ChangeByte-EraseBytes-
#3914435	REDUCE cov: 586 ft: 2963 corp: 802/166Kb lim: 4096 exec/s: 9167 rss: 820Mb L: 277/3853 MS: 2 CopyPart-EraseBytes-
#3914815	REDUCE cov: 586 ft: 2963 corp: 802/166Kb lim: 4096 exec/s: 9168 rss: 820Mb L: 239/3853 MS: 5 ChangeByte-CopyPart-ChangeByte-ChangeASCIIInt-EraseBytes-
#3918481	REDUCE cov: 586 ft: 2963 corp: 802/166Kb lim: 4096 exec/s: 9176 rss: 820Mb L: 46/3853 MS: 1 EraseBytes-
#3918707	REDUCE cov: 586 ft: 2963 corp: 802/166Kb lim: 4096 exec/s: 9177 rss: 820Mb L: 102/3853 MS: 1 EraseBytes-
#3919383	REDUCE cov: 586 ft: 2963 corp: 802/166Kb lim: 4096 exec/s: 9178 rss: 821Mb L: 959/3853 MS: 1 EraseBytes-
#3921899	REDUCE cov: 586 ft: 2963 corp: 802/166Kb lim: 4096 exec/s: 9163 rss: 821Mb L: 102/3853 MS: 1 EraseBytes-
#3921925	REDUCE cov: 586 ft: 2963 corp: 802/166Kb lim: 4096 exec/s: 9163 rss: 821Mb L: 26/3853 MS: 1 EraseBytes-
#3921961	REDUCE cov: 586 ft: 2963 corp: 802/166Kb lim: 4096 exec/s: 9163 rss: 821Mb L: 75/3853 MS: 1 EraseBytes-
#3922193	REDUCE cov: 586 ft: 2963 corp: 802/166Kb lim: 4096 exec/s: 9164 rss: 821Mb L: 19/3853 MS: 2 CopyPart-EraseBytes-
#3923195	REDUCE cov: 586 ft: 2963 corp: 802/166Kb lim: 4096 exec/s: 9166 rss: 821Mb L: 36/3853 MS: 2 EraseBytes-CopyPart-
#3924221	REDUCE cov: 586 ft: 2963 corp: 802/166Kb lim: 4096 exec/s: 9168 rss: 821Mb L: 161/3853 MS: 1 EraseBytes-
#3926009	REDUCE cov: 586 ft: 2963 corp: 802/166Kb lim: 4096 exec/s: 9172 rss: 821Mb L: 564/3853 MS: 3 ChangeASCIIInt-ChangeByte-EraseBytes-
#3927244	REDUCE cov: 586 ft: 2963 corp: 802/166Kb lim: 4096 exec/s: 9175 rss: 821Mb L: 3322/3853 MS: 5 EraseBytes-ShuffleBytes-InsertByte-CMP-CopyPart- DE: "-\000\000\000\000\000\000\000"-
#3928386	REDUCE cov: 586 ft: 2963 corp: 802/166Kb lim: 4096 exec/s: 9157 rss: 821Mb L: 62/3853 MS: 2 CopyPart-EraseBytes-
#3929249	REDUCE cov: 586 ft: 2963 corp: 802/166Kb lim: 4096 exec/s: 9159 rss: 821Mb L: 982/3853 MS: 3 EraseBytes-PersAutoDict-CopyPart- DE: "\377\374"-
#3929462	REDUCE cov: 586 ft: 2963 corp: 802/166Kb lim: 4096 exec/s: 9159 rss: 821Mb L: 59/3853 MS: 3 InsertByte-ChangeByte-EraseBytes-
#3931820	REDUCE cov: 586 ft: 2963 corp: 802/166Kb lim: 4096 exec/s: 9165 rss: 821Mb L: 202/3853 MS: 3 ChangeByte-EraseBytes-ChangeByte-
#3932711	REDUCE cov: 586 ft: 2963 corp: 802/166Kb lim: 4096 exec/s: 9167 rss: 821Mb L: 230/3853 MS: 1 EraseBytes-
#3932792	REDUCE cov: 586 ft: 2963 corp: 802/166Kb lim: 4096 exec/s: 9167 rss: 821Mb L: 914/3853 MS: 1 EraseBytes-
#3934231	REDUCE cov: 586 ft: 2963 corp: 802/166Kb lim: 4096 exec/s: 9170 rss: 821Mb L: 41/3853 MS: 4 CopyPart-CopyPart-ChangeBinInt-EraseBytes-
#3934393	REDUCE cov: 586 ft: 2963 corp: 802/166Kb lim: 4096 exec/s: 9171 rss: 821Mb L: 1576/3853 MS: 2 ChangeBit-EraseBytes-
#3935034	REDUCE cov: 586 ft: 2963 corp: 802/166Kb lim: 4096 exec/s: 9172 rss: 821Mb L: 35/3853 MS: 1 EraseBytes-
#3935545	REDUCE cov: 586 ft: 2963 corp: 802/166Kb lim: 4096 exec/s: 9173 rss: 821Mb L: 57/3853 MS: 1 EraseBytes-
#3940667	REDUCE cov: 586 ft: 2963 corp: 802/166Kb lim: 4096 exec/s: 9164 rss: 822Mb L: 2487/3853 MS: 2 EraseBytes-CopyPart-
#3946739	REDUCE cov: 586 ft: 2963 corp: 802/166Kb lim: 4096 exec/s: 9157 rss: 822Mb L: 71/3853 MS: 2 ChangeByte-EraseBytes-
#3947156	REDUCE cov: 586 ft: 2963 corp: 802/166Kb lim: 4096 exec/s: 9158 rss: 822Mb L: 36/3853 MS: 2 CopyPart-EraseBytes-
#3948997	REDUCE cov: 586 ft: 2963 corp: 802/166Kb lim: 4096 exec/s: 9162 rss: 822Mb L: 324/3853 MS: 1 EraseBytes-
#3950093	REDUCE cov: 586 ft: 2963 corp: 802/166Kb lim: 4096 exec/s: 9164 rss: 822Mb L: 122/3853 MS: 1 EraseBytes-
#3950324	REDUCE cov: 586 ft: 2963 corp: 802/166Kb lim: 4096 exec/s: 9165 rss: 822Mb L: 265/3853 MS: 1 EraseBytes-
#3953830	REDUCE cov: 586 ft: 2963 corp: 802/166Kb lim: 4096 exec/s: 9152 rss: 822Mb L: 872/3853 MS: 1 EraseBytes-
#3956886	REDUCE cov: 586 ft: 2963 corp: 802/166Kb lim: 4096 exec/s: 9159 rss: 822Mb L: 40/3853 MS: 1 EraseBytes-
#3957728	REDUCE cov: 586 ft: 2963 corp: 802/166Kb lim: 4096 exec/s: 9161 rss: 822Mb L: 228/3853 MS: 2 ShuffleBytes-EraseBytes-
#3958690	REDUCE cov: 586 ft: 2963 corp: 802/166Kb lim: 4096 exec/s: 9163 rss: 822Mb L: 72/3853 MS: 2 ChangeBit-EraseBytes-
#3959106	REDUCE cov: 586 ft: 2963 corp: 802/166Kb lim: 4096 exec/s: 9164 rss: 822Mb L: 82/3853 MS: 1 EraseBytes-
#3959868	REDUCE cov: 586 ft: 2963 corp: 802/166Kb lim: 4096 exec/s: 9166 rss: 822Mb L: 323/3853 MS: 2 CopyPart-EraseBytes-
#3960850	REDUCE cov: 586 ft: 2963 corp: 802/166Kb lim: 4096 exec/s: 9168 rss: 822Mb L: 61/3853 MS: 2 InsertByte-EraseBytes-
#3962106	REDUCE cov: 586 ft: 2963 corp: 802/166Kb lim: 4096 exec/s: 9171 rss: 822Mb L: 62/3853 MS: 1 EraseBytes-
#3962482	REDUCE cov: 586 ft: 2963 corp: 802/166Kb lim: 4096 exec/s: 9151 rss: 822Mb L: 92/3853 MS: 1 EraseBytes-
#3965048	REDUCE cov: 586 ft: 2963 corp: 802/166Kb lim: 4096 exec/s: 9157 rss: 822Mb L: 122/3853 MS: 1 EraseBytes-
#3966952	REDUCE cov: 586 ft: 2963 corp: 802/166Kb lim: 4096 exec/s: 9161 rss: 822Mb L: 248/3853 MS: 4 ChangeBinInt-CopyPart-ChangeBit-EraseBytes-
#3967065	REDUCE cov: 586 ft: 2963 corp: 802/166Kb lim: 4096 exec/s: 9161 rss: 822Mb L: 1309/3853 MS: 3 ShuffleBytes-InsertByte-EraseBytes-
#3972891	REDUCE cov: 586 ft: 2963 corp: 802/166Kb lim: 4096 exec/s: 9154 rss: 822Mb L: 130/3853 MS: 1 EraseBytes-
#3974888	REDUCE cov: 586 ft: 2963 corp: 802/166Kb lim: 4096 exec/s: 9158 rss: 822Mb L: 449/3853 MS: 2 InsertByte-EraseBytes-
#3975794	REDUCE cov: 586 ft: 2963 corp: 802/166Kb lim: 4096 exec/s: 9160 rss: 822Mb L: 34/3853 MS: 1 EraseBytes-
#3976525	REDUCE cov: 586 ft: 2963 corp: 802/166Kb lim: 4096 exec/s: 9162 rss: 822Mb L: 88/3853 MS: 1 EraseBytes-
#3981496	REDUCE cov: 586 ft: 2963 corp: 802/166Kb lim: 4096 exec/s: 9152 rss: 822Mb L: 21/3853 MS: 1 EraseBytes-
#3981852	REDUCE cov: 586 ft: 2963 corp: 802/166Kb lim: 4096 exec/s: 9153 rss: 822Mb L: 1184/3853 MS: 1 EraseBytes-
#3981984	REDUCE cov: 586 ft: 2963 corp: 802/166Kb lim: 4096 exec/s: 9153 rss: 822Mb L: 1409/3853 MS: 2 ChangeBit-EraseBytes-
#3982205	REDUCE cov: 586 ft: 2963 corp: 802/166Kb lim: 4096 exec/s: 9154 rss: 822Mb L: 8/3853 MS: 1 EraseBytes-
#3983011	REDUCE cov: 586 ft: 2963 corp: 802/166Kb lim: 4096 exec/s: 9156 rss: 822Mb L: 33/3853 MS: 1 EraseBytes-
#3984752	REDUCE cov: 586 ft: 2963 corp: 802/166Kb lim: 4096 exec/s: 9160 rss: 822Mb L: 14/3853 MS: 1 EraseBytes-
#3991337	REDUCE cov: 586 ft: 2963 corp: 802/166Kb lim: 4096 exec/s: 9154 rss: 822Mb L: 226/3853 MS: 5 CrossOver-CopyPart-ChangeBinInt-ChangeASCIIInt-EraseBytes-
#3993333	REDUCE cov: 586 ft: 2963 corp: 802/166Kb lim: 4096 exec/s: 9159 rss: 822Mb L: 20/3853 MS: 1 EraseBytes-
#3993939	REDUCE cov: 586 ft: 2963 corp: 802/166Kb lim: 4096 exec/s: 9160 rss: 822Mb L: 20/3853 MS: 1 EraseBytes-
#3994275	REDUCE cov: 586 ft: 2963 corp: 802/166Kb lim: 4096 exec/s: 9161 rss: 822Mb L: 29/3853 MS: 1 EraseBytes-
#3995013	REDUCE cov: 586 ft: 2963 corp: 802/166Kb lim: 4096 exec/s: 9162 rss: 822Mb L: 259/3853 MS: 3 CopyPart-ShuffleBytes-EraseBytes-
#3996369	REDUCE cov: 586 ft: 2963 corp: 802/166Kb lim: 4096 exec/s: 9165 rss: 822Mb L: 430/3853 MS: 1 EraseBytes-
#3996742	REDUCE cov: 586 ft: 2963 corp: 802/166Kb lim: 4096 exec/s: 9166 rss: 822Mb L: 242/3853 MS: 3 InsertByte-ChangeBit-EraseBytes-
#3997045	REDUCE cov: 586 ft: 2963 corp: 802/166Kb lim: 4096 exec/s: 9167 rss: 822Mb L: 269/3853 MS: 3 ShuffleBytes-ChangeBit-EraseBytes-
#3998056	REDUCE cov: 586 ft: 2963 corp: 802/166Kb lim: 4096 exec/s: 9148 rss: 822Mb L: 134/3853 MS: 1 EraseBytes-
#3998747	REDUCE cov: 586 ft: 2963 corp: 802/166Kb lim: 4096 exec/s: 9150 rss: 822Mb L: 247/3853 MS: 1 EraseBytes-
#3999468	REDUCE cov: 586 ft: 2963 corp: 802/166Kb lim: 4096 exec/s: 9152 rss: 822Mb L: 22/3853 MS: 1 EraseBytes-
#4003239	REDUCE cov: 586 ft: 2963 corp: 802/166Kb lim: 4096 exec/s: 9160 rss: 822Mb L: 136/3853 MS: 1 EraseBytes-
#4003245	REDUCE cov: 586 ft: 2963 corp: 802/166Kb lim: 4096 exec/s: 9160 rss: 822Mb L: 56/3853 MS: 1 EraseBytes-
#4004726	REDUCE cov: 586 ft: 2963 corp: 802/166Kb lim: 4096 exec/s: 9164 rss: 822Mb L: 81/3853 MS: 1 EraseBytes-
#4008587	REDUCE cov: 586 ft: 2963 corp: 802/166Kb lim: 4096 exec/s: 9152 rss: 822Mb L: 39/3853 MS: 1 EraseBytes-
#4009414	REDUCE cov: 586 ft: 2963 corp: 802/166Kb lim: 4096 exec/s: 9153 rss: 822Mb L: 114/3853 MS: 2 CMP-EraseBytes- DE: "\016\000"-
#4014292	REDUCE cov: 586 ft: 2963 corp: 802/166Kb lim: 4096 exec/s: 9144 rss: 822Mb L: 184/3853 MS: 3 CopyPart-ChangeBinInt-EraseBytes-
#4015083	REDUCE cov: 586 ft: 2963 corp: 802/166Kb lim: 4096 exec/s: 9145 rss: 822Mb L: 771/3853 MS: 1 EraseBytes-
#4015489	REDUCE cov: 586 ft: 2963 corp: 802/166Kb lim: 4096 exec/s: 9146 rss: 822Mb L: 2626/3853 MS: 1 EraseBytes-
#4018251	REDUCE cov: 586 ft: 2963 corp: 802/166Kb lim: 4096 exec/s: 9153 rss: 822Mb L: 1387/3853 MS: 2 CMP-EraseBytes- DE: "0\000"-
#4020932	REDUCE cov: 586 ft: 2963 corp: 802/166Kb lim: 4096 exec/s: 9159 rss: 822Mb L: 41/3853 MS: 1 EraseBytes-
#4021148	REDUCE cov: 586 ft: 2963 corp: 802/166Kb lim: 4096 exec/s: 9159 rss: 822Mb L: 10/3853 MS: 1 EraseBytes-
#4021822	REDUCE cov: 586 ft: 2963 corp: 802/166Kb lim: 4096 exec/s: 9161 rss: 822Mb L: 33/3853 MS: 4 InsertByte-ChangeBit-ChangeBit-EraseBytes-
#4022595	REDUCE cov: 586 ft: 2963 corp: 802/166Kb lim: 4096 exec/s: 9163 rss: 822Mb L: 2702/3853 MS: 3 ChangeASCIIInt-CMP-EraseBytes- DE: "\000\000\000\000\000\000\000x"-
#4024004	REDUCE cov: 586 ft: 2963 corp: 802/166Kb lim: 4096 exec/s: 9145 rss: 822Mb L: 3012/3853 MS: 4 InsertByte-ChangeByte-ChangeByte-EraseBytes-
#4024026	REDUCE cov: 586 ft: 2963 corp: 802/166Kb lim: 4096 exec/s: 9145 rss: 822Mb L: 112/3853 MS: 2 ChangeBinInt-EraseBytes-
#4026297	REDUCE cov: 586 ft: 2963 corp: 802/166Kb lim: 4096 exec/s: 9150 rss: 822Mb L: 160/3853 MS: 1 EraseBytes-
#4029069	REDUCE cov: 586 ft: 2963 corp: 802/166Kb lim: 4096 exec/s: 9156 rss: 822Mb L: 36/3853 MS: 2 EraseBytes-InsertRepeatedBytes-
#4032142	REDUCE cov: 586 ft: 2963 corp: 802/166Kb lim: 4096 exec/s: 9143 rss: 822Mb L: 371/3853 MS: 3 ChangeBit-CopyPart-EraseBytes-
#4034413	REDUCE cov: 586 ft: 2963 corp: 802/166Kb lim: 4096 exec/s: 9148 rss: 822Mb L: 31/3853 MS: 1 EraseBytes-
#4034454	REDUCE cov: 586 ft: 2963 corp: 802/166Kb lim: 4096 exec/s: 9148 rss: 822Mb L: 45/3853 MS: 1 EraseBytes-
#4036530	REDUCE cov: 586 ft: 2963 corp: 802/166Kb lim: 4096 exec/s: 9153 rss: 822Mb L: 130/3853 MS: 1 EraseBytes-
#4039204	REDUCE cov: 586 ft: 2963 corp: 802/166Kb lim: 4096 exec/s: 9159 rss: 822Mb L: 93/3853 MS: 4 ChangeByte-ChangeBit-InsertByte-EraseBytes-
#4041492	REDUCE cov: 586 ft: 2963 corp: 802/166Kb lim: 4096 exec/s: 9143 rss: 822Mb L: 11/3853 MS: 3 ChangeByte-CopyPart-EraseBytes-
#4042688	REDUCE cov: 586 ft: 2963 corp: 802/166Kb lim: 4096 exec/s: 9146 rss: 822Mb L: 109/3853 MS: 1 EraseBytes-
#4043298	REDUCE cov: 586 ft: 2963 corp: 802/166Kb lim: 4096 exec/s: 9147 rss: 822Mb L: 172/3853 MS: 5 ChangeASCIIInt-ChangeBit-CopyPart-EraseBytes-EraseBytes-
#4044584	REDUCE cov: 586 ft: 2963 corp: 802/165Kb lim: 4096 exec/s: 9150 rss: 822Mb L: 851/3853 MS: 1 EraseBytes-
#4045970	REDUCE cov: 586 ft: 2963 corp: 802/165Kb lim: 4096 exec/s: 9153 rss: 822Mb L: 3359/3853 MS: 1 EraseBytes-
#4047352	REDUCE cov: 586 ft: 2963 corp: 802/165Kb lim: 4096 exec/s: 9156 rss: 822Mb L: 47/3853 MS: 2 ChangeBit-EraseBytes-
#4048082	REDUCE cov: 586 ft: 2963 corp: 802/165Kb lim: 4096 exec/s: 9158 rss: 822Mb L: 449/3853 MS: 5 CrossOver-CrossOver-CopyPart-CopyPart-EraseBytes-
#4048699	REDUCE cov: 586 ft: 2963 corp: 802/165Kb lim: 4096 exec/s: 9159 rss: 822Mb L: 38/3853 MS: 2 ChangeBinInt-EraseBytes-
#4051611	REDUCE cov: 586 ft: 2963 corp: 802/165Kb lim: 4096 exec/s: 9145 rss: 822Mb L: 17/3853 MS: 2 ChangeBinInt-EraseBytes-
#4053107	REDUCE cov: 586 ft: 2963 corp: 802/165Kb lim: 4096 exec/s: 9149 rss: 822Mb L: 155/3853 MS: 1 EraseBytes-
#4054835	REDUCE cov: 586 ft: 2963 corp: 802/165Kb lim: 4096 exec/s: 9153 rss: 822Mb L: 108/3853 MS: 3 PersAutoDict-EraseBytes-CopyPart- DE: "\205\000"-
#4054971	REDUCE cov: 586 ft: 2963 corp: 802/165Kb lim: 4096 exec/s: 9153 rss: 822Mb L: 268/3853 MS: 1 EraseBytes-
#4055157	REDUCE cov: 586 ft: 2963 corp: 802/165Kb lim: 4096 exec/s: 9153 rss: 822Mb L: 25/3853 MS: 1 EraseBytes-
#4055453	REDUCE cov: 586 ft: 2963 corp: 802/165Kb lim: 4096 exec/s: 9154 rss: 822Mb L: 144/3853 MS: 1 EraseBytes-
#4055714	REDUCE cov: 586 ft: 2963 corp: 802/165Kb lim: 4096 exec/s: 9155 rss: 822Mb L: 24/3853 MS: 1 EraseBytes-
#4057125	REDUCE cov: 586 ft: 2963 corp: 802/165Kb lim: 4096 exec/s: 9137 rss: 822Mb L: 31/3853 MS: 1 EraseBytes-
#4058146	REDUCE cov: 586 ft: 2963 corp: 802/165Kb lim: 4096 exec/s: 9139 rss: 822Mb L: 1497/3853 MS: 1 EraseBytes-
#4058641	REDUCE cov: 586 ft: 2963 corp: 802/165Kb lim: 4096 exec/s: 9141 rss: 822Mb L: 48/3853 MS: 5 InsertByte-ChangeBit-PersAutoDict-EraseBytes-CMP- DE: "\001\000\377\375"-"_\000\000\000"-
#4062212	REDUCE cov: 586 ft: 2963 corp: 802/165Kb lim: 4096 exec/s: 9149 rss: 822Mb L: 80/3853 MS: 1 EraseBytes-
#4063419	REDUCE cov: 586 ft: 2963 corp: 802/165Kb lim: 4096 exec/s: 9151 rss: 822Mb L: 3846/3846 MS: 2 CMP-EraseBytes- DE: "\000\000\000\022"-
#4064665	REDUCE cov: 586 ft: 2963 corp: 802/165Kb lim: 4096 exec/s: 9154 rss: 822Mb L: 1982/3846 MS: 1 EraseBytes-
#4065591	REDUCE cov: 586 ft: 2963 corp: 802/165Kb lim: 4096 exec/s: 9136 rss: 822Mb L: 111/3846 MS: 1 EraseBytes-
#4067782	REDUCE cov: 586 ft: 2963 corp: 802/165Kb lim: 4096 exec/s: 9141 rss: 822Mb L: 218/3846 MS: 1 EraseBytes-
#4068256	REDUCE cov: 586 ft: 2963 corp: 802/165Kb lim: 4096 exec/s: 9142 rss: 822Mb L: 270/3846 MS: 4 ChangeBit-PersAutoDict-CMP-EraseBytes- DE: "\377\377\377\377\377\377\3776"-"\200\000"-
#4069321	REDUCE cov: 586 ft: 2963 corp: 802/165Kb lim: 4096 exec/s: 9144 rss: 822Mb L: 1494/3846 MS: 5 ChangeBit-CopyPart-PersAutoDict-InsertByte-EraseBytes- DE: "y\000\000\000\000\000\000\000"-
#4071562	REDUCE cov: 586 ft: 2963 corp: 802/165Kb lim: 4096 exec/s: 9149 rss: 822Mb L: 274/3846 MS: 1 EraseBytes-
#4073043	REDUCE cov: 586 ft: 2963 corp: 802/165Kb lim: 4096 exec/s: 9152 rss: 822Mb L: 40/3846 MS: 1 EraseBytes-
#4076670	REDUCE cov: 586 ft: 2963 corp: 802/165Kb lim: 4096 exec/s: 9140 rss: 822Mb L: 17/3846 MS: 2 ChangeBit-EraseBytes-
#4077846	REDUCE cov: 586 ft: 2963 corp: 802/165Kb lim: 4096 exec/s: 9143 rss: 822Mb L: 23/3846 MS: 1 EraseBytes-
#4078798	REDUCE cov: 586 ft: 2963 corp: 802/165Kb lim: 4096 exec/s: 9145 rss: 822Mb L: 2456/3846 MS: 2 ChangeBinInt-EraseBytes-
#4080099	REDUCE cov: 586 ft: 2963 corp: 802/165Kb lim: 4096 exec/s: 9148 rss: 822Mb L: 318/3846 MS: 1 EraseBytes-
#4081666	REDUCE cov: 586 ft: 2963 corp: 802/165Kb lim: 4096 exec/s: 9151 rss: 822Mb L: 75/3846 MS: 2 ChangeASCIIInt-EraseBytes-
#4082283	REDUCE cov: 586 ft: 2963 corp: 802/165Kb lim: 4096 exec/s: 9132 rss: 822Mb L: 33/3846 MS: 2 ChangeByte-EraseBytes-
#4082655	REDUCE cov: 586 ft: 2963 corp: 802/165Kb lim: 4096 exec/s: 9133 rss: 822Mb L: 42/3846 MS: 2 ChangeASCIIInt-EraseBytes-
#4086742	REDUCE cov: 586 ft: 2963 corp: 802/165Kb lim: 4096 exec/s: 9142 rss: 822Mb L: 318/3846 MS: 2 CopyPart-EraseBytes-
#4087298	REDUCE cov: 586 ft: 2963 corp: 802/165Kb lim: 4096 exec/s: 9143 rss: 822Mb L: 2866/3846 MS: 1 EraseBytes-
#4091424	REDUCE cov: 586 ft: 2963 corp: 802/165Kb lim: 4096 exec/s: 9132 rss: 822Mb L: 32/3846 MS: 1 EraseBytes-
#4091505	REDUCE cov: 586 ft: 2963 corp: 802/165Kb lim: 4096 exec/s: 9132 rss: 822Mb L: 175/3846 MS: 1 EraseBytes-
#4095771	REDUCE cov: 586 ft: 2963 corp: 802/165Kb lim: 4096 exec/s: 9142 rss: 822Mb L: 238/3846 MS: 1 EraseBytes-
#4096632	REDUCE cov: 586 ft: 2963 corp: 802/165Kb lim: 4096 exec/s: 9144 rss: 822Mb L: 173/3846 MS: 1 EraseBytes-
#4096893	REDUCE cov: 586 ft: 2963 corp: 802/165Kb lim: 4096 exec/s: 9144 rss: 822Mb L: 10/3846 MS: 1 EraseBytes-
#4096905	REDUCE cov: 586 ft: 2963 corp: 802/165Kb lim: 4096 exec/s: 9144 rss: 822Mb L: 42/3846 MS: 2 CopyPart-EraseBytes-
#4098751	REDUCE cov: 586 ft: 2963 corp: 802/165Kb lim: 4096 exec/s: 9128 rss: 822Mb L: 20/3846 MS: 1 EraseBytes-
#4104855	REDUCE cov: 586 ft: 2963 corp: 802/165Kb lim: 4096 exec/s: 9142 rss: 822Mb L: 195/3846 MS: 4 ChangeByte-EraseBytes-ShuffleBytes-CopyPart-
#4108657	REDUCE cov: 586 ft: 2963 corp: 802/165Kb lim: 4096 exec/s: 9130 rss: 822Mb L: 86/3846 MS: 2 ChangeBinInt-EraseBytes-
#4109763	REDUCE cov: 586 ft: 2963 corp: 802/165Kb lim: 4096 exec/s: 9132 rss: 822Mb L: 448/3846 MS: 1 EraseBytes-
#4110907	REDUCE cov: 586 ft: 2963 corp: 802/165Kb lim: 4096 exec/s: 9135 rss: 822Mb L: 661/3846 MS: 4 ChangeBinInt-ChangeByte-ChangeBit-EraseBytes-
#4112914	REDUCE cov: 586 ft: 2963 corp: 802/165Kb lim: 4096 exec/s: 9139 rss: 822Mb L: 448/3846 MS: 2 ChangeBinInt-EraseBytes-
#4113305	REDUCE cov: 586 ft: 2963 corp: 802/165Kb lim: 4096 exec/s: 9140 rss: 822Mb L: 134/3846 MS: 1 EraseBytes-
#4114691	REDUCE cov: 586 ft: 2963 corp: 802/165Kb lim: 4096 exec/s: 9143 rss: 822Mb L: 119/3846 MS: 1 EraseBytes-
#4115942	REDUCE cov: 586 ft: 2963 corp: 802/165Kb lim: 4096 exec/s: 9126 rss: 822Mb L: 1956/3846 MS: 1 EraseBytes-
#4117333	REDUCE cov: 586 ft: 2963 corp: 802/165Kb lim: 4096 exec/s: 9129 rss: 822Mb L: 8/3846 MS: 1 EraseBytes-
#4117461	REDUCE cov: 586 ft: 2963 corp: 802/165Kb lim: 4096 exec/s: 9129 rss: 822Mb L: 25/3846 MS: 3 ShuffleBytes-EraseBytes-CopyPart-
#4118887	REDUCE cov: 586 ft: 2963 corp: 802/165Kb lim: 4096 exec/s: 9132 rss: 822Mb L: 28/3846 MS: 1 EraseBytes-
#4119804	REDUCE cov: 586 ft: 2963 corp: 802/165Kb lim: 4096 exec/s: 9134 rss: 822Mb L: 3318/3846 MS: 2 InsertRepeatedBytes-EraseBytes-
#4121605	REDUCE cov: 586 ft: 2963 corp: 802/165Kb lim: 4096 exec/s: 9138 rss: 822Mb L: 18/3846 MS: 1 EraseBytes-
#4123722	REDUCE cov: 586 ft: 2963 corp: 802/165Kb lim: 4096 exec/s: 9123 rss: 822Mb L: 3313/3846 MS: 2 ShuffleBytes-EraseBytes-
#4125634	REDUCE cov: 586 ft: 2963 corp: 802/165Kb lim: 4096 exec/s: 9127 rss: 822Mb L: 24/3846 MS: 2 InsertByte-EraseBytes-
#4126665	REDUCE cov: 586 ft: 2963 corp: 802/165Kb lim: 4096 exec/s: 9129 rss: 822Mb L: 44/3846 MS: 1 EraseBytes-
#4126768	REDUCE cov: 586 ft: 2963 corp: 802/165Kb lim: 4096 exec/s: 9130 rss: 822Mb L: 2430/3846 MS: 3 ChangeASCIIInt-PersAutoDict-EraseBytes- DE: "\007\000\000\000"-
#4128264	REDUCE cov: 586 ft: 2963 corp: 802/165Kb lim: 4096 exec/s: 9133 rss: 822Mb L: 33/3846 MS: 1 EraseBytes-
#4129336	REDUCE cov: 586 ft: 2963 corp: 802/165Kb lim: 4096 exec/s: 9135 rss: 822Mb L: 212/3846 MS: 2 ChangeBinInt-EraseBytes-
#4131353	REDUCE cov: 586 ft: 2963 corp: 802/165Kb lim: 4096 exec/s: 9119 rss: 822Mb L: 86/3846 MS: 2 ChangeBit-EraseBytes-
#4136633	REDUCE cov: 586 ft: 2963 corp: 802/165Kb lim: 4096 exec/s: 9131 rss: 822Mb L: 113/3846 MS: 5 CopyPart-ChangeByte-EraseBytes-CMP-EraseBytes- DE: "\375\377\000\000"-
#4137780	REDUCE cov: 586 ft: 2963 corp: 802/165Kb lim: 4096 exec/s: 9134 rss: 822Mb L: 129/3846 MS: 2 ChangeByte-EraseBytes-
#4138323	REDUCE cov: 586 ft: 2963 corp: 802/165Kb lim: 4096 exec/s: 9135 rss: 822Mb L: 542/3846 MS: 3 ShuffleBytes-ChangeByte-EraseBytes-
#4140744	REDUCE cov: 586 ft: 2963 corp: 802/165Kb lim: 4096 exec/s: 9120 rss: 822Mb L: 68/3846 MS: 1 EraseBytes-
#4141681	REDUCE cov: 586 ft: 2963 corp: 802/165Kb lim: 4096 exec/s: 9122 rss: 822Mb L: 25/3846 MS: 2 ChangeBinInt-EraseBytes-
#4143737	REDUCE cov: 586 ft: 2963 corp: 802/165Kb lim: 4096 exec/s: 9127 rss: 822Mb L: 279/3846 MS: 1 EraseBytes-
#4145268	REDUCE cov: 586 ft: 2963 corp: 802/165Kb lim: 4096 exec/s: 9130 rss: 822Mb L: 760/3846 MS: 1 EraseBytes-
#4149106	REDUCE cov: 586 ft: 2963 corp: 802/165Kb lim: 4096 exec/s: 9118 rss: 822Mb L: 1306/3846 MS: 3 ChangeBinInt-ChangeASCIIInt-EraseBytes-
#4149512	REDUCE cov: 586 ft: 2963 corp: 802/165Kb lim: 4096 exec/s: 9119 rss: 822Mb L: 34/3846 MS: 1 EraseBytes-
#4150863	REDUCE cov: 586 ft: 2963 corp: 802/165Kb lim: 4096 exec/s: 9122 rss: 822Mb L: 785/3846 MS: 1 EraseBytes-
#4151761	REDUCE cov: 586 ft: 2963 corp: 802/165Kb lim: 4096 exec/s: 9124 rss: 822Mb L: 236/3846 MS: 3 InsertByte-ChangeASCIIInt-EraseBytes-
#4153519	REDUCE cov: 586 ft: 2963 corp: 802/165Kb lim: 4096 exec/s: 9128 rss: 822Mb L: 1080/3846 MS: 3 ChangeBit-CrossOver-EraseBytes-
#4155194	REDUCE cov: 586 ft: 2963 corp: 802/165Kb lim: 4096 exec/s: 9132 rss: 822Mb L: 302/3846 MS: 5 ChangeBinInt-ChangeASCIIInt-CMP-EraseBytes-CopyPart- DE: "\026\000\000\000\000\000\000\000"-
#4156645	REDUCE cov: 586 ft: 2963 corp: 802/165Kb lim: 4096 exec/s: 9135 rss: 822Mb L: 217/3846 MS: 1 EraseBytes-
#4162031	REDUCE cov: 586 ft: 2963 corp: 802/165Kb lim: 4096 exec/s: 9127 rss: 822Mb L: 40/3846 MS: 1 EraseBytes-
#4162744	REDUCE cov: 586 ft: 2963 corp: 802/165Kb lim: 4096 exec/s: 9128 rss: 822Mb L: 74/3846 MS: 3 ChangeByte-InsertByte-EraseBytes-
#4163325	REDUCE cov: 586 ft: 2963 corp: 802/165Kb lim: 4096 exec/s: 9130 rss: 822Mb L: 46/3846 MS: 1 EraseBytes-
#4164751	REDUCE cov: 586 ft: 2963 corp: 802/165Kb lim: 4096 exec/s: 9133 rss: 822Mb L: 67/3846 MS: 1 EraseBytes-
#4165442	REDUCE cov: 586 ft: 2963 corp: 802/165Kb lim: 4096 exec/s: 9134 rss: 822Mb L: 69/3846 MS: 1 EraseBytes-
#4168579	REDUCE cov: 586 ft: 2963 corp: 802/165Kb lim: 4096 exec/s: 9121 rss: 822Mb L: 243/3846 MS: 2 EraseBytes-ChangeByte-
#4170723	REDUCE cov: 586 ft: 2963 corp: 802/165Kb lim: 4096 exec/s: 9126 rss: 822Mb L: 967/3846 MS: 4 CopyPart-ChangeByte-InsertRepeatedBytes-EraseBytes-
#4172664	REDUCE cov: 586 ft: 2963 corp: 802/165Kb lim: 4096 exec/s: 9130 rss: 822Mb L: 9/3846 MS: 1 EraseBytes-
#4174825	REDUCE cov: 586 ft: 2963 corp: 802/165Kb lim: 4096 exec/s: 9115 rss: 822Mb L: 12/3846 MS: 1 EraseBytes-
#4176796	REDUCE cov: 586 ft: 2963 corp: 802/165Kb lim: 4096 exec/s: 9119 rss: 822Mb L: 759/3846 MS: 1 EraseBytes-
#4177635	REDUCE cov: 586 ft: 2963 corp: 802/165Kb lim: 4096 exec/s: 9121 rss: 822Mb L: 738/3846 MS: 4 EraseBytes-EraseBytes-ChangeBinInt-CopyPart-
#4181849	REDUCE cov: 586 ft: 2963 corp: 802/165Kb lim: 4096 exec/s: 9130 rss: 822Mb L: 73/3846 MS: 4 ChangeByte-InsertByte-ShuffleBytes-EraseBytes-
#4181881	REDUCE cov: 586 ft: 2963 corp: 802/165Kb lim: 4096 exec/s: 9130 rss: 822Mb L: 798/3846 MS: 2 ChangeBinInt-EraseBytes-
#4182012	REDUCE cov: 586 ft: 2963 corp: 802/165Kb lim: 4096 exec/s: 9131 rss: 822Mb L: 21/3846 MS: 1 EraseBytes-
#4184988	REDUCE cov: 586 ft: 2963 corp: 802/165Kb lim: 4096 exec/s: 9117 rss: 822Mb L: 42/3846 MS: 1 EraseBytes-
#4185086	REDUCE cov: 586 ft: 2963 corp: 802/165Kb lim: 4096 exec/s: 9117 rss: 822Mb L: 1925/3846 MS: 3 EraseBytes-ChangeByte-CopyPart-
#4185699	REDUCE cov: 586 ft: 2963 corp: 802/165Kb lim: 4096 exec/s: 9119 rss: 822Mb L: 300/3846 MS: 3 ChangeBit-CopyPart-EraseBytes-
#4187435	REDUCE cov: 586 ft: 2963 corp: 802/165Kb lim: 4096 exec/s: 9122 rss: 822Mb L: 1385/3846 MS: 1 EraseBytes-
#4189018	REDUCE cov: 586 ft: 2963 corp: 802/165Kb lim: 4096 exec/s: 9126 rss: 822Mb L: 315/3846 MS: 3 EraseBytes-CopyPart-CopyPart-
#4189743	REDUCE cov: 586 ft: 2963 corp: 802/165Kb lim: 4096 exec/s: 9127 rss: 822Mb L: 260/3846 MS: 5 CopyPart-InsertByte-PersAutoDict-EraseBytes-CopyPart- DE: "z\000"-
#4193104	REDUCE cov: 586 ft: 2963 corp: 802/165Kb lim: 4096 exec/s: 9115 rss: 822Mb L: 37/3846 MS: 1 EraseBytes-
#4194304	pulse  cov: 586 ft: 2963 corp: 802/165Kb lim: 4096 exec/s: 9118 rss: 822Mb
#4194470	REDUCE cov: 586 ft: 2963 corp: 802/165Kb lim: 4096 exec/s: 9118 rss: 822Mb L: 12/3846 MS: 1 EraseBytes-
#4194891	REDUCE cov: 586 ft: 2963 corp: 802/165Kb lim: 4096 exec/s: 9119 rss: 822Mb L: 19/3846 MS: 1 EraseBytes-
#4196835	REDUCE cov: 586 ft: 2963 corp: 802/165Kb lim: 4096 exec/s: 9123 rss: 822Mb L: 89/3846 MS: 4 ChangeByte-PersAutoDict-ShuffleBytes-EraseBytes- DE: "\001\000\000h"-
#4197406	REDUCE cov: 586 ft: 2963 corp: 802/165Kb lim: 4096 exec/s: 9124 rss: 822Mb L: 3273/3846 MS: 1 CrossOver-
#4198919	REDUCE cov: 586 ft: 2963 corp: 802/165Kb lim: 4096 exec/s: 9128 rss: 822Mb L: 77/3846 MS: 3 ChangeBit-CopyPart-EraseBytes-
#4201145	REDUCE cov: 586 ft: 2963 corp: 802/165Kb lim: 4096 exec/s: 9113 rss: 822Mb L: 242/3846 MS: 1 EraseBytes-
#4201941	REDUCE cov: 586 ft: 2963 corp: 802/165Kb lim: 4096 exec/s: 9114 rss: 822Mb L: 20/3846 MS: 1 EraseBytes-
#4204733	REDUCE cov: 586 ft: 2963 corp: 802/165Kb lim: 4096 exec/s: 9120 rss: 822Mb L: 12/3846 MS: 2 ShuffleBytes-EraseBytes-
#4204916	REDUCE cov: 586 ft: 2963 corp: 802/165Kb lim: 4096 exec/s: 9121 rss: 822Mb L: 1208/3846 MS: 3 InsertByte-ChangeBit-EraseBytes-
#4204947	REDUCE cov: 586 ft: 2963 corp: 802/165Kb lim: 4096 exec/s: 9121 rss: 822Mb L: 19/3846 MS: 1 EraseBytes-
#4206123	REDUCE cov: 586 ft: 2963 corp: 802/165Kb lim: 4096 exec/s: 9123 rss: 822Mb L: 29/3846 MS: 1 EraseBytes-
#4207199	REDUCE cov: 586 ft: 2963 corp: 802/165Kb lim: 4096 exec/s: 9126 rss: 822Mb L: 117/3846 MS: 1 EraseBytes-
#4208175	REDUCE cov: 586 ft: 2963 corp: 802/165Kb lim: 4096 exec/s: 9108 rss: 822Mb L: 12/3846 MS: 1 EraseBytes-
#4208527	REDUCE cov: 586 ft: 2963 corp: 802/165Kb lim: 4096 exec/s: 9109 rss: 822Mb L: 124/3846 MS: 2 CMP-EraseBytes- DE: "\377\377\377["-
#4208837	REDUCE cov: 586 ft: 2963 corp: 802/165Kb lim: 4096 exec/s: 9110 rss: 822Mb L: 49/3846 MS: 5 CopyPart-EraseBytes-InsertByte-ChangeByte-EraseBytes-
#4210023	REDUCE cov: 586 ft: 2963 corp: 802/165Kb lim: 4096 exec/s: 9112 rss: 822Mb L: 74/3846 MS: 1 EraseBytes-
#4210226	REDUCE cov: 586 ft: 2963 corp: 802/165Kb lim: 4096 exec/s: 9113 rss: 822Mb L: 569/3846 MS: 3 InsertByte-ChangeBit-EraseBytes-
#4210836	REDUCE cov: 586 ft: 2963 corp: 802/165Kb lim: 4096 exec/s: 9114 rss: 822Mb L: 3250/3846 MS: 5 CopyPart-EraseBytes-ChangeBit-ChangeBit-CopyPart-
#4210987	REDUCE cov: 586 ft: 2963 corp: 802/165Kb lim: 4096 exec/s: 9114 rss: 822Mb L: 171/3846 MS: 1 EraseBytes-
#4212923	REDUCE cov: 586 ft: 2963 corp: 802/165Kb lim: 4096 exec/s: 9099 rss: 822Mb L: 26/3846 MS: 1 EraseBytes-
#4213714	REDUCE cov: 586 ft: 2963 corp: 802/165Kb lim: 4096 exec/s: 9100 rss: 822Mb L: 324/3846 MS: 1 EraseBytes-
#4216380	REDUCE cov: 586 ft: 2963 corp: 802/165Kb lim: 4096 exec/s: 9106 rss: 822Mb L: 61/3846 MS: 1 EraseBytes-
#4216831	REDUCE cov: 586 ft: 2963 corp: 802/165Kb lim: 4096 exec/s: 9107 rss: 822Mb L: 1913/3846 MS: 1 EraseBytes-
#4219307	REDUCE cov: 586 ft: 2963 corp: 802/165Kb lim: 4096 exec/s: 9093 rss: 822Mb L: 2566/3846 MS: 1 EraseBytes-
#4220564	REDUCE cov: 586 ft: 2963 corp: 802/165Kb lim: 4096 exec/s: 9096 rss: 822Mb L: 453/3846 MS: 2 ChangeBit-EraseBytes-
#4222642	REDUCE cov: 586 ft: 2963 corp: 802/165Kb lim: 4096 exec/s: 9100 rss: 822Mb L: 29/3846 MS: 3 InsertByte-ChangeBinInt-EraseBytes-
#4226885	REDUCE cov: 586 ft: 2963 corp: 802/165Kb lim: 4096 exec/s: 9090 rss: 822Mb L: 171/3846 MS: 3 ChangeBinInt-ChangeBit-EraseBytes-
#4228746	REDUCE cov: 586 ft: 2963 corp: 802/165Kb lim: 4096 exec/s: 9094 rss: 822Mb L: 241/3846 MS: 1 EraseBytes-
#4230472	REDUCE cov: 586 ft: 2963 corp: 802/165Kb lim: 4096 exec/s: 9078 rss: 822Mb L: 170/3846 MS: 1 EraseBytes-
#4232948	REDUCE cov: 586 ft: 2963 corp: 802/165Kb lim: 4096 exec/s: 9083 rss: 822Mb L: 36/3846 MS: 1 EraseBytes-
#4233491	REDUCE cov: 586 ft: 2963 corp: 802/165Kb lim: 4096 exec/s: 9084 rss: 822Mb L: 243/3846 MS: 3 ShuffleBytes-InsertByte-EraseBytes-
#4234689	REDUCE cov: 586 ft: 2963 corp: 802/165Kb lim: 4096 exec/s: 9087 rss: 822Mb L: 369/3846 MS: 3 ShuffleBytes-ChangeBit-EraseBytes-
#4237255	REDUCE cov: 586 ft: 2963 corp: 802/165Kb lim: 4096 exec/s: 9092 rss: 822Mb L: 78/3846 MS: 1 EraseBytes-
#4238626	REDUCE cov: 586 ft: 2963 corp: 802/165Kb lim: 4096 exec/s: 9076 rss: 822Mb L: 85/3846 MS: 1 EraseBytes-
#4239222	REDUCE cov: 586 ft: 2963 corp: 802/165Kb lim: 4096 exec/s: 9077 rss: 822Mb L: 439/3846 MS: 1 EraseBytes-
#4242121	REDUCE cov: 586 ft: 2963 corp: 802/165Kb lim: 4096 exec/s: 9083 rss: 822Mb L: 15/3846 MS: 4 ChangeBit-ShuffleBytes-EraseBytes-CMP- DE: "\256\000\000\000"-
#4242228	REDUCE cov: 586 ft: 2963 corp: 802/164Kb lim: 4096 exec/s: 9084 rss: 822Mb L: 2631/3846 MS: 2 EraseBytes-CopyPart-
#4242382	REDUCE cov: 586 ft: 2963 corp: 802/164Kb lim: 4096 exec/s: 9084 rss: 822Mb L: 2582/3846 MS: 4 CrossOver-CopyPart-CopyPart-ChangeByte-
#4244039	REDUCE cov: 586 ft: 2963 corp: 802/164Kb lim: 4096 exec/s: 9087 rss: 822Mb L: 2802/3846 MS: 2 EraseBytes-CopyPart-
#4244290	REDUCE cov: 586 ft: 2963 corp: 802/164Kb lim: 4096 exec/s: 9088 rss: 822Mb L: 12/3846 MS: 1 EraseBytes-
#4244788	REDUCE cov: 586 ft: 2963 corp: 802/164Kb lim: 4096 exec/s: 9089 rss: 822Mb L: 39/3846 MS: 3 PersAutoDict-InsertByte-EraseBytes- DE: "\000s"-
#4245035	REDUCE cov: 586 ft: 2963 corp: 802/164Kb lim: 4096 exec/s: 9090 rss: 822Mb L: 250/3846 MS: 2 CopyPart-EraseBytes-
#4245298	REDUCE cov: 586 ft: 2963 corp: 802/164Kb lim: 4096 exec/s: 9090 rss: 822Mb L: 439/3846 MS: 3 PersAutoDict-ChangeBinInt-EraseBytes- DE: "\377\377\377\377\377\377\377d"-
#4249894	REDUCE cov: 586 ft: 2963 corp: 802/164Kb lim: 4096 exec/s: 9080 rss: 822Mb L: 34/3846 MS: 1 EraseBytes-
#4249945	REDUCE cov: 586 ft: 2963 corp: 802/164Kb lim: 4096 exec/s: 9081 rss: 822Mb L: 32/3846 MS: 1 EraseBytes-
#4250078	REDUCE cov: 586 ft: 2963 corp: 802/164Kb lim: 4096 exec/s: 9081 rss: 822Mb L: 272/3846 MS: 3 PersAutoDict-PersAutoDict-EraseBytes- DE: "\016\000\000\000\000\000\000\000"-"\246\000"-
#4253079	REDUCE cov: 586 ft: 2963 corp: 802/164Kb lim: 4096 exec/s: 9087 rss: 822Mb L: 102/3846 MS: 1 EraseBytes-
#4253545	REDUCE cov: 586 ft: 2963 corp: 802/164Kb lim: 4096 exec/s: 9088 rss: 822Mb L: 21/3846 MS: 1 EraseBytes-
#4253886	REDUCE cov: 586 ft: 2963 corp: 802/164Kb lim: 4096 exec/s: 9089 rss: 822Mb L: 3217/3846 MS: 1 EraseBytes-
#4254632	REDUCE cov: 586 ft: 2963 corp: 802/164Kb lim: 4096 exec/s: 9071 rss: 822Mb L: 17/3846 MS: 1 EraseBytes-
#4257264	REDUCE cov: 586 ft: 2963 corp: 802/164Kb lim: 4096 exec/s: 9077 rss: 822Mb L: 20/3846 MS: 2 ShuffleBytes-EraseBytes-
#4258670	REDUCE cov: 586 ft: 2963 corp: 802/164Kb lim: 4096 exec/s: 9080 rss: 822Mb L: 39/3846 MS: 1 EraseBytes-
#4259367	REDUCE cov: 586 ft: 2963 corp: 802/164Kb lim: 4096 exec/s: 9081 rss: 822Mb L: 127/3846 MS: 2 EraseBytes-CopyPart-
#4263649	REDUCE cov: 586 ft: 2963 corp: 802/164Kb lim: 4096 exec/s: 9071 rss: 822Mb L: 18/3846 MS: 2 ChangeBinInt-EraseBytes-
#4265185	REDUCE cov: 586 ft: 2963 corp: 802/164Kb lim: 4096 exec/s: 9074 rss: 822Mb L: 173/3846 MS: 1 EraseBytes-
#4265606	REDUCE cov: 586 ft: 2963 corp: 802/164Kb lim: 4096 exec/s: 9075 rss: 822Mb L: 5/3846 MS: 1 EraseBytes-
#4265657	REDUCE cov: 586 ft: 2963 corp: 802/164Kb lim: 4096 exec/s: 9075 rss: 822Mb L: 19/3846 MS: 1 EraseBytes-
#4267445	REDUCE cov: 586 ft: 2963 corp: 802/164Kb lim: 4096 exec/s: 9079 rss: 822Mb L: 2539/3846 MS: 3 ChangeBit-ChangeByte-EraseBytes-
#4268104	REDUCE cov: 586 ft: 2963 corp: 802/164Kb lim: 4096 exec/s: 9081 rss: 822Mb L: 97/3846 MS: 4 InsertByte-EraseBytes-ChangeByte-CopyPart-
#4273115	REDUCE cov: 586 ft: 2963 corp: 802/164Kb lim: 4096 exec/s: 9072 rss: 822Mb L: 109/3846 MS: 1 EraseBytes-
#4273448	REDUCE cov: 586 ft: 2963 corp: 802/164Kb lim: 4096 exec/s: 9073 rss: 822Mb L: 61/3846 MS: 3 CopyPart-CopyPart-EraseBytes-
#4274345	REDUCE cov: 586 ft: 2963 corp: 802/164Kb lim: 4096 exec/s: 9075 rss: 822Mb L: 2535/3846 MS: 2 CopyPart-EraseBytes-
#4276424	REDUCE cov: 586 ft: 2963 corp: 802/164Kb lim: 4096 exec/s: 9079 rss: 822Mb L: 1570/3846 MS: 4 InsertByte-ChangeBinInt-PersAutoDict-EraseBytes- DE: "\377\013"-
#4276918	REDUCE cov: 586 ft: 2963 corp: 802/164Kb lim: 4096 exec/s: 9080 rss: 822Mb L: 1217/3846 MS: 4 EraseBytes-InsertByte-ChangeBinInt-CMP- DE: "\001\000\000("-
#4277590	REDUCE cov: 586 ft: 2963 corp: 802/164Kb lim: 4096 exec/s: 9081 rss: 822Mb L: 244/3846 MS: 2 ChangeBinInt-EraseBytes-
#4284132	REDUCE cov: 586 ft: 2963 corp: 802/164Kb lim: 4096 exec/s: 9076 rss: 822Mb L: 142/3846 MS: 2 EraseBytes-CopyPart-
#4286262	REDUCE cov: 586 ft: 2963 corp: 802/164Kb lim: 4096 exec/s: 9081 rss: 822Mb L: 70/3846 MS: 5 ChangeByte-ChangeByte-EraseBytes-ChangeBinInt-CopyPart-
#4287599	REDUCE cov: 586 ft: 2963 corp: 802/164Kb lim: 4096 exec/s: 9083 rss: 822Mb L: 14/3846 MS: 2 PersAutoDict-EraseBytes- DE: "\377\377\377\377\377\377\377\177"-
#4289675	REDUCE cov: 586 ft: 2963 corp: 802/164Kb lim: 4096 exec/s: 9069 rss: 822Mb L: 13/3846 MS: 1 EraseBytes-
#4290361	REDUCE cov: 586 ft: 2963 corp: 802/164Kb lim: 4096 exec/s: 9070 rss: 822Mb L: 81/3846 MS: 1 EraseBytes-
#4294978	REDUCE cov: 586 ft: 2963 corp: 802/164Kb lim: 4096 exec/s: 9080 rss: 822Mb L: 154/3846 MS: 2 PersAutoDict-EraseBytes- DE: "\001\000\000 "-
#4296272	REDUCE cov: 586 ft: 2963 corp: 802/164Kb lim: 4096 exec/s: 9083 rss: 822Mb L: 2/3846 MS: 4 ChangeByte-ChangeByte-InsertByte-EraseBytes-
#4301639	REDUCE cov: 586 ft: 2963 corp: 802/164Kb lim: 4096 exec/s: 9075 rss: 822Mb L: 314/3846 MS: 2 ChangeByte-EraseBytes-
#4303165	REDUCE cov: 586 ft: 2963 corp: 802/164Kb lim: 4096 exec/s: 9078 rss: 822Mb L: 480/3846 MS: 1 EraseBytes-
#4303446	REDUCE cov: 586 ft: 2963 corp: 802/164Kb lim: 4096 exec/s: 9079 rss: 822Mb L: 19/3846 MS: 1 EraseBytes-
#4309607	REDUCE cov: 586 ft: 2963 corp: 802/164Kb lim: 4096 exec/s: 9072 rss: 822Mb L: 310/3846 MS: 1 EraseBytes-
#4310764	REDUCE cov: 586 ft: 2963 corp: 802/164Kb lim: 4096 exec/s: 9075 rss: 822Mb L: 108/3846 MS: 2 InsertByte-EraseBytes-
#4311720	REDUCE cov: 586 ft: 2963 corp: 802/164Kb lim: 4096 exec/s: 9077 rss: 822Mb L: 33/3846 MS: 1 EraseBytes-
#4312326	REDUCE cov: 586 ft: 2963 corp: 802/164Kb lim: 4096 exec/s: 9078 rss: 822Mb L: 37/3846 MS: 1 EraseBytes-
#4315367	REDUCE cov: 586 ft: 2963 corp: 802/164Kb lim: 4096 exec/s: 9084 rss: 822Mb L: 70/3846 MS: 1 EraseBytes-
#4317574	REDUCE cov: 586 ft: 2963 corp: 802/164Kb lim: 4096 exec/s: 9070 rss: 822Mb L: 17/3846 MS: 2 ChangeByte-EraseBytes-
#4319770	REDUCE cov: 586 ft: 2963 corp: 802/164Kb lim: 4096 exec/s: 9075 rss: 822Mb L: 1458/3846 MS: 1 EraseBytes-
#4319921	REDUCE cov: 586 ft: 2963 corp: 802/164Kb lim: 4096 exec/s: 9075 rss: 822Mb L: 102/3846 MS: 1 EraseBytes-
#4322152	REDUCE cov: 586 ft: 2963 corp: 802/164Kb lim: 4096 exec/s: 9080 rss: 822Mb L: 67/3846 MS: 1 EraseBytes-
#4322483	REDUCE cov: 586 ft: 2963 corp: 802/164Kb lim: 4096 exec/s: 9080 rss: 822Mb L: 1910/3846 MS: 1 EraseBytes-
#4323637	REDUCE cov: 586 ft: 2963 corp: 802/164Kb lim: 4096 exec/s: 9083 rss: 822Mb L: 166/3846 MS: 4 ShuffleBytes-ChangeBit-EraseBytes-CopyPart-
#4326292	REDUCE cov: 586 ft: 2963 corp: 802/164Kb lim: 4096 exec/s: 9069 rss: 822Mb L: 1443/3846 MS: 5 ChangeASCIIInt-InsertByte-EraseBytes-ChangeByte-CopyPart-
#4327089	REDUCE cov: 586 ft: 2963 corp: 802/164Kb lim: 4096 exec/s: 9071 rss: 822Mb L: 134/3846 MS: 2 ChangeBinInt-EraseBytes-
#4329315	REDUCE cov: 586 ft: 2963 corp: 802/164Kb lim: 4096 exec/s: 9076 rss: 822Mb L: 78/3846 MS: 1 EraseBytes-
#4331418	REDUCE cov: 586 ft: 2963 corp: 802/164Kb lim: 4096 exec/s: 9080 rss: 822Mb L: 509/3846 MS: 3 ChangeBinInt-PersAutoDict-EraseBytes- DE: "\000\000\000\007"-
#4331674	REDUCE cov: 586 ft: 2963 corp: 802/164Kb lim: 4096 exec/s: 9081 rss: 822Mb L: 57/3846 MS: 1 EraseBytes-
#4334255	REDUCE cov: 586 ft: 2963 corp: 802/164Kb lim: 4096 exec/s: 9086 rss: 822Mb L: 1981/3846 MS: 1 EraseBytes-
#4335551	REDUCE cov: 586 ft: 2963 corp: 802/164Kb lim: 4096 exec/s: 9070 rss: 822Mb L: 30/3846 MS: 1 EraseBytes-
#4336186	REDUCE cov: 586 ft: 2963 corp: 802/164Kb lim: 4096 exec/s: 9071 rss: 822Mb L: 4/3846 MS: 5 CrossOver-ChangeBit-ChangeByte-ShuffleBytes-EraseBytes-
#4351037	REDUCE cov: 586 ft: 2963 corp: 802/164Kb lim: 4096 exec/s: 9083 rss: 822Mb L: 80/3846 MS: 1 EraseBytes-
#4351609	REDUCE cov: 586 ft: 2963 corp: 802/164Kb lim: 4096 exec/s: 9084 rss: 822Mb L: 87/3846 MS: 2 PersAutoDict-EraseBytes- DE: "\000R"-
#4352975	REDUCE cov: 586 ft: 2963 corp: 802/164Kb lim: 4096 exec/s: 9087 rss: 822Mb L: 239/3846 MS: 1 EraseBytes-
#4363343	REDUCE cov: 586 ft: 2963 corp: 802/164Kb lim: 4096 exec/s: 9090 rss: 822Mb L: 121/3846 MS: 3 ChangeBinInt-CopyPart-EraseBytes-
#4366564	REDUCE cov: 586 ft: 2963 corp: 802/164Kb lim: 4096 exec/s: 9078 rss: 822Mb L: 271/3846 MS: 1 EraseBytes-
#4367040	REDUCE cov: 586 ft: 2963 corp: 802/164Kb lim: 4096 exec/s: 9079 rss: 822Mb L: 76/3846 MS: 1 EraseBytes-
#4371106	REDUCE cov: 586 ft: 2963 corp: 802/164Kb lim: 4096 exec/s: 9087 rss: 822Mb L: 78/3846 MS: 1 EraseBytes-
#4372118	REDUCE cov: 586 ft: 2963 corp: 802/164Kb lim: 4096 exec/s: 9089 rss: 822Mb L: 82/3846 MS: 2 InsertByte-EraseBytes-
#4372625	REDUCE cov: 586 ft: 2963 corp: 802/164Kb lim: 4096 exec/s: 9090 rss: 822Mb L: 122/3846 MS: 2 ChangeBit-EraseBytes-
#4372711	REDUCE cov: 586 ft: 2963 corp: 802/164Kb lim: 4096 exec/s: 9090 rss: 823Mb L: 92/3846 MS: 1 EraseBytes-
#4377176	REDUCE cov: 586 ft: 2963 corp: 802/164Kb lim: 4096 exec/s: 9081 rss: 824Mb L: 365/3846 MS: 5 EraseBytes-PersAutoDict-ChangeBit-ChangeBinInt-CopyPart- DE: "\205\000"-
#4380882	REDUCE cov: 586 ft: 2963 corp: 802/164Kb lim: 4096 exec/s: 9088 rss: 824Mb L: 60/3846 MS: 1 EraseBytes-
#4381092	REDUCE cov: 586 ft: 2963 corp: 802/164Kb lim: 4096 exec/s: 9089 rss: 824Mb L: 1270/3846 MS: 5 PersAutoDict-ChangeByte-CopyPart-ChangeByte-EraseBytes- DE: "\003\000\000\000\000\000\000\200"-
#4384056	REDUCE cov: 586 ft: 2963 corp: 802/164Kb lim: 4096 exec/s: 9076 rss: 825Mb L: 2852/3846 MS: 4 CopyPart-InsertByte-ChangeBinInt-EraseBytes-
#4384843	REDUCE cov: 586 ft: 2963 corp: 802/164Kb lim: 4096 exec/s: 9078 rss: 826Mb L: 1409/3846 MS: 2 ChangeASCIIInt-EraseBytes-
#4386659	REDUCE cov: 586 ft: 2963 corp: 802/164Kb lim: 4096 exec/s: 9082 rss: 826Mb L: 238/3846 MS: 1 EraseBytes-
#4388430	REDUCE cov: 586 ft: 2963 corp: 802/164Kb lim: 4096 exec/s: 9085 rss: 827Mb L: 2107/3846 MS: 1 EraseBytes-
#4388787	REDUCE cov: 586 ft: 2963 corp: 802/164Kb lim: 4096 exec/s: 9086 rss: 827Mb L: 603/3846 MS: 2 ShuffleBytes-EraseBytes-
#4391773	REDUCE cov: 586 ft: 2963 corp: 802/164Kb lim: 4096 exec/s: 9073 rss: 828Mb L: 132/3846 MS: 1 EraseBytes-
#4392851	REDUCE cov: 586 ft: 2963 corp: 802/164Kb lim: 4096 exec/s: 9076 rss: 828Mb L: 224/3846 MS: 3 PersAutoDict-CopyPart-EraseBytes- DE: "\377V"-
#4402372	REDUCE cov: 586 ft: 2963 corp: 802/164Kb lim: 4096 exec/s: 9077 rss: 828Mb L: 161/3846 MS: 1 EraseBytes-
#4402858	REDUCE cov: 586 ft: 2963 corp: 802/164Kb lim: 4096 exec/s: 9078 rss: 828Mb L: 47/3846 MS: 1 EraseBytes-
#4407073	REDUCE cov: 586 ft: 2963 corp: 802/164Kb lim: 4096 exec/s: 9086 rss: 828Mb L: 203/3846 MS: 5 EraseBytes-ChangeBit-ChangeBit-ChangeBinInt-CopyPart-
#4407261	REDUCE cov: 586 ft: 2963 corp: 802/164Kb lim: 4096 exec/s: 9087 rss: 828Mb L: 1269/3846 MS: 3 PersAutoDict-EraseBytes-ChangeBit- DE: "\000\000\000\000\000\000\000\032"-
#4409082	REDUCE cov: 586 ft: 2963 corp: 802/164Kb lim: 4096 exec/s: 9072 rss: 828Mb L: 131/3846 MS: 1 EraseBytes-
#4409289	REDUCE cov: 586 ft: 2963 corp: 802/164Kb lim: 4096 exec/s: 9072 rss: 828Mb L: 223/3846 MS: 2 EraseBytes-CopyPart-
#4414026	REDUCE cov: 586 ft: 2963 corp: 802/164Kb lim: 4096 exec/s: 9082 rss: 828Mb L: 1245/3846 MS: 2 EraseBytes-CopyPart-
#4419513	REDUCE cov: 586 ft: 2963 corp: 802/164Kb lim: 4096 exec/s: 9074 rss: 828Mb L: 74/3846 MS: 2 ShuffleBytes-EraseBytes-
#4419549	REDUCE cov: 586 ft: 2963 corp: 802/164Kb lim: 4096 exec/s: 9075 rss: 828Mb L: 40/3846 MS: 1 EraseBytes-
#4422003	REDUCE cov: 586 ft: 2963 corp: 802/164Kb lim: 4096 exec/s: 9080 rss: 828Mb L: 26/3846 MS: 4 CopyPart-CopyPart-EraseBytes-EraseBytes-
#4426176	REDUCE cov: 586 ft: 2963 corp: 802/164Kb lim: 4096 exec/s: 9070 rss: 828Mb L: 1244/3846 MS: 3 ChangeByte-ChangeByte-EraseBytes-
#4426599	REDUCE cov: 586 ft: 2963 corp: 802/164Kb lim: 4096 exec/s: 9070 rss: 828Mb L: 1220/3846 MS: 3 ChangeBit-ChangeASCIIInt-EraseBytes-
#4429761	REDUCE cov: 586 ft: 2963 corp: 802/164Kb lim: 4096 exec/s: 9077 rss: 829Mb L: 299/3846 MS: 2 InsertByte-EraseBytes-
#4430737	REDUCE cov: 586 ft: 2963 corp: 802/164Kb lim: 4096 exec/s: 9079 rss: 829Mb L: 1341/3846 MS: 1 EraseBytes-
#4431449	REDUCE cov: 586 ft: 2963 corp: 802/164Kb lim: 4096 exec/s: 9080 rss: 829Mb L: 99/3846 MS: 2 CrossOver-EraseBytes-
#4431579	REDUCE cov: 586 ft: 2963 corp: 802/164Kb lim: 4096 exec/s: 9081 rss: 829Mb L: 1352/3846 MS: 5 CopyPart-ShuffleBytes-ShuffleBytes-EraseBytes-CrossOver-
#4431653	REDUCE cov: 586 ft: 2963 corp: 802/164Kb lim: 4096 exec/s: 9081 rss: 829Mb L: 1159/3846 MS: 4 InsertByte-InsertByte-CopyPart-EraseBytes-
#4435589	REDUCE cov: 586 ft: 2963 corp: 802/164Kb lim: 4096 exec/s: 9070 rss: 829Mb L: 1122/3846 MS: 1 EraseBytes-
#4438345	REDUCE cov: 586 ft: 2963 corp: 802/164Kb lim: 4096 exec/s: 9076 rss: 829Mb L: 759/3846 MS: 1 EraseBytes-
#4441210	REDUCE cov: 586 ft: 2963 corp: 802/164Kb lim: 4096 exec/s: 9082 rss: 829Mb L: 1842/3846 MS: 5 CopyPart-ChangeBit-CrossOver-ChangeASCIIInt-EraseBytes-
#4441826	REDUCE cov: 586 ft: 2963 corp: 802/164Kb lim: 4096 exec/s: 9064 rss: 829Mb L: 32/3846 MS: 1 EraseBytes-
#4442573	REDUCE cov: 586 ft: 2963 corp: 802/164Kb lim: 4096 exec/s: 9066 rss: 829Mb L: 1112/3846 MS: 2 ChangeBinInt-EraseBytes-
#4447146	REDUCE cov: 586 ft: 2963 corp: 802/164Kb lim: 4096 exec/s: 9075 rss: 830Mb L: 186/3846 MS: 3 CopyPart-ChangeBit-EraseBytes-
#4447667	REDUCE cov: 586 ft: 2963 corp: 802/164Kb lim: 4096 exec/s: 9076 rss: 830Mb L: 3215/3846 MS: 1 EraseBytes-
#4448118	REDUCE cov: 586 ft: 2963 corp: 802/163Kb lim: 4096 exec/s: 9077 rss: 830Mb L: 3108/3846 MS: 1 EraseBytes-
#4450590	REDUCE cov: 586 ft: 2963 corp: 802/163Kb lim: 4096 exec/s: 9082 rss: 830Mb L: 17/3846 MS: 2 InsertByte-EraseBytes-
#4454433	REDUCE cov: 586 ft: 2963 corp: 802/163Kb lim: 4096 exec/s: 9072 rss: 830Mb L: 2561/3846 MS: 3 CMP-CMP-EraseBytes- DE: "\005\000\000\000\000\000\000\200"-"\255\000"-
#4454784	REDUCE cov: 586 ft: 2963 corp: 802/163Kb lim: 4096 exec/s: 9072 rss: 830Mb L: 29/3846 MS: 1 EraseBytes-
#4461440	REDUCE cov: 586 ft: 2963 corp: 802/163Kb lim: 4096 exec/s: 9067 rss: 830Mb L: 69/3846 MS: 1 EraseBytes-
#4462939	REDUCE cov: 586 ft: 2963 corp: 802/163Kb lim: 4096 exec/s: 9071 rss: 830Mb L: 1066/3846 MS: 4 CopyPart-ChangeByte-ChangeASCIIInt-EraseBytes-
#4462971	REDUCE cov: 586 ft: 2963 corp: 802/163Kb lim: 4096 exec/s: 9071 rss: 830Mb L: 503/3846 MS: 2 ChangeASCIIInt-EraseBytes-
#4465052	REDUCE cov: 586 ft: 2963 corp: 802/163Kb lim: 4096 exec/s: 9075 rss: 831Mb L: 1952/3846 MS: 1 EraseBytes-
#4468653	REDUCE cov: 586 ft: 2963 corp: 802/163Kb lim: 4096 exec/s: 9082 rss: 831Mb L: 31/3846 MS: 1 EraseBytes-
#4469844	REDUCE cov: 586 ft: 2963 corp: 802/163Kb lim: 4096 exec/s: 9066 rss: 831Mb L: 25/3846 MS: 1 EraseBytes-
#4471306	REDUCE cov: 586 ft: 2963 corp: 802/163Kb lim: 4096 exec/s: 9069 rss: 831Mb L: 269/3846 MS: 2 ChangeBit-EraseBytes-
#4472704	REDUCE cov: 586 ft: 2963 corp: 802/163Kb lim: 4096 exec/s: 9072 rss: 831Mb L: 1106/3846 MS: 3 ChangeByte-CopyPart-EraseBytes-
#4474895	REDUCE cov: 586 ft: 2963 corp: 802/163Kb lim: 4096 exec/s: 9076 rss: 831Mb L: 1977/3846 MS: 1 EraseBytes-
#4478074	REDUCE cov: 586 ft: 2963 corp: 802/163Kb lim: 4096 exec/s: 9083 rss: 831Mb L: 267/3846 MS: 4 EraseBytes-ChangeBinInt-ChangeBit-CopyPart-
#4481536	REDUCE cov: 586 ft: 2963 corp: 802/163Kb lim: 4096 exec/s: 9071 rss: 831Mb L: 1091/3846 MS: 2 EraseBytes-CopyPart-
#4482419	REDUCE cov: 586 ft: 2963 corp: 802/163Kb lim: 4096 exec/s: 9073 rss: 831Mb L: 257/3846 MS: 3 CopyPart-EraseBytes-CopyPart-
#4482879	REDUCE cov: 586 ft: 2963 corp: 802/163Kb lim: 4096 exec/s: 9074 rss: 831Mb L: 1062/3846 MS: 5 ShuffleBytes-InsertByte-PersAutoDict-CopyPart-EraseBytes- DE: "\377\377"-
#4483391	REDUCE cov: 586 ft: 2963 corp: 802/163Kb lim: 4096 exec/s: 9075 rss: 831Mb L: 1060/3846 MS: 2 ChangeASCIIInt-EraseBytes-
#4484036	REDUCE cov: 586 ft: 2963 corp: 802/163Kb lim: 4096 exec/s: 9076 rss: 831Mb L: 1047/3846 MS: 5 InsertByte-EraseBytes-ChangeASCIIInt-CopyPart-EraseBytes-
#4484062	REDUCE cov: 586 ft: 2963 corp: 802/163Kb lim: 4096 exec/s: 9077 rss: 831Mb L: 32/3846 MS: 1 EraseBytes-
#4484336	REDUCE cov: 586 ft: 2963 corp: 802/163Kb lim: 4096 exec/s: 9077 rss: 831Mb L: 1933/3846 MS: 4 ShuffleBytes-ChangeByte-CopyPart-EraseBytes-
#4484427	REDUCE cov: 586 ft: 2963 corp: 802/163Kb lim: 4096 exec/s: 9077 rss: 831Mb L: 1038/3846 MS: 1 EraseBytes-
#4485098	REDUCE cov: 586 ft: 2963 corp: 802/163Kb lim: 4096 exec/s: 9079 rss: 831Mb L: 700/3846 MS: 1 EraseBytes-
#4485725	REDUCE cov: 586 ft: 2963 corp: 802/163Kb lim: 4096 exec/s: 9080 rss: 831Mb L: 22/3846 MS: 2 EraseBytes-CrossOver-
#4486440	REDUCE cov: 586 ft: 2963 corp: 802/163Kb lim: 4096 exec/s: 9081 rss: 831Mb L: 76/3846 MS: 5 EraseBytes-ChangeBinInt-CopyPart-PersAutoDict-CopyPart- DE: "\000\000\000\010"-
#4486666	REDUCE cov: 586 ft: 2963 corp: 802/163Kb lim: 4096 exec/s: 9082 rss: 831Mb L: 1029/3846 MS: 1 EraseBytes-
#4487338	REDUCE cov: 586 ft: 2963 corp: 802/163Kb lim: 4096 exec/s: 9083 rss: 831Mb L: 1017/3846 MS: 2 InsertByte-EraseBytes-
#4487370	REDUCE cov: 586 ft: 2963 corp: 802/163Kb lim: 4096 exec/s: 9083 rss: 831Mb L: 990/3846 MS: 2 InsertRepeatedBytes-EraseBytes-
#4491276	REDUCE cov: 586 ft: 2963 corp: 802/163Kb lim: 4096 exec/s: 9073 rss: 831Mb L: 250/3846 MS: 1 EraseBytes-
#4493704	REDUCE cov: 586 ft: 2963 corp: 802/163Kb lim: 4096 exec/s: 9078 rss: 832Mb L: 983/3846 MS: 3 CrossOver-EraseBytes-CrossOver-
#4495034	REDUCE cov: 586 ft: 2963 corp: 802/163Kb lim: 4096 exec/s: 9080 rss: 832Mb L: 1096/3846 MS: 5 EraseBytes-ShuffleBytes-InsertByte-ShuffleBytes-CrossOver-
#4497725	REDUCE cov: 586 ft: 2963 corp: 802/163Kb lim: 4096 exec/s: 9086 rss: 832Mb L: 3841/3841 MS: 1 EraseBytes-
#4498126	REDUCE cov: 586 ft: 2963 corp: 802/163Kb lim: 4096 exec/s: 9087 rss: 832Mb L: 25/3841 MS: 1 EraseBytes-
#4500899	REDUCE cov: 586 ft: 2963 corp: 802/163Kb lim: 4096 exec/s: 9074 rss: 832Mb L: 973/3841 MS: 3 CrossOver-CopyPart-EraseBytes-
#4502025	REDUCE cov: 586 ft: 2963 corp: 802/163Kb lim: 4096 exec/s: 9076 rss: 832Mb L: 248/3841 MS: 1 EraseBytes-
#4509046	REDUCE cov: 586 ft: 2963 corp: 802/163Kb lim: 4096 exec/s: 9072 rss: 834Mb L: 28/3841 MS: 1 EraseBytes-
#4510367	REDUCE cov: 586 ft: 2963 corp: 802/163Kb lim: 4096 exec/s: 9075 rss: 834Mb L: 16/3841 MS: 1 EraseBytes-
#4510468	REDUCE cov: 586 ft: 2963 corp: 802/163Kb lim: 4096 exec/s: 9075 rss: 834Mb L: 10/3841 MS: 1 EraseBytes-
#4512749	REDUCE cov: 586 ft: 2963 corp: 802/163Kb lim: 4096 exec/s: 9079 rss: 834Mb L: 512/3841 MS: 1 EraseBytes-
#4515226	REDUCE cov: 586 ft: 2963 corp: 802/163Kb lim: 4096 exec/s: 9084 rss: 834Mb L: 290/3841 MS: 2 ShuffleBytes-EraseBytes-
#4517575	REDUCE cov: 586 ft: 2963 corp: 802/163Kb lim: 4096 exec/s: 9071 rss: 835Mb L: 930/3841 MS: 4 CopyPart-ChangeBit-CrossOver-EraseBytes-
#4519709	REDUCE cov: 586 ft: 2963 corp: 802/163Kb lim: 4096 exec/s: 9075 rss: 835Mb L: 2480/3841 MS: 4 PersAutoDict-ChangeBit-EraseBytes-CopyPart- DE: "\377\177"-
#4520861	REDUCE cov: 586 ft: 2963 corp: 802/163Kb lim: 4096 exec/s: 9078 rss: 835Mb L: 38/3841 MS: 2 EraseBytes-CopyPart-
#4521407	REDUCE cov: 586 ft: 2963 corp: 802/163Kb lim: 4096 exec/s: 9079 rss: 835Mb L: 245/3841 MS: 1 EraseBytes-
#4522603	REDUCE cov: 586 ft: 2963 corp: 802/163Kb lim: 4096 exec/s: 9081 rss: 835Mb L: 121/3841 MS: 1 EraseBytes-
#4524134	REDUCE cov: 586 ft: 2963 corp: 802/163Kb lim: 4096 exec/s: 9084 rss: 835Mb L: 30/3841 MS: 1 EraseBytes-
#4525124	REDUCE cov: 586 ft: 2963 corp: 802/163Kb lim: 4096 exec/s: 9086 rss: 835Mb L: 921/3841 MS: 5 CMP-ChangeBinInt-ShuffleBytes-InsertByte-EraseBytes- DE: "\001\000\000\000\000\000\000\033"-
#4526592	REDUCE cov: 586 ft: 2963 corp: 802/163Kb lim: 4096 exec/s: 9089 rss: 835Mb L: 2609/3841 MS: 3 ChangeASCIIInt-InsertRepeatedBytes-EraseBytes-
#4526938	REDUCE cov: 586 ft: 2963 corp: 802/163Kb lim: 4096 exec/s: 9072 rss: 835Mb L: 12/3841 MS: 1 EraseBytes-
#4531899	REDUCE cov: 586 ft: 2963 corp: 802/163Kb lim: 4096 exec/s: 9081 rss: 836Mb L: 33/3841 MS: 1 EraseBytes-
#4532765	REDUCE cov: 586 ft: 2963 corp: 802/163Kb lim: 4096 exec/s: 9083 rss: 836Mb L: 98/3841 MS: 1 EraseBytes-
#4533542	REDUCE cov: 586 ft: 2963 corp: 802/163Kb lim: 4096 exec/s: 9085 rss: 836Mb L: 17/3841 MS: 2 ChangeBinInt-EraseBytes-
#4536522	REDUCE cov: 586 ft: 2963 corp: 802/163Kb lim: 4096 exec/s: 9091 rss: 836Mb L: 194/3841 MS: 5 PersAutoDict-EraseBytes-InsertByte-ChangeASCIIInt-CopyPart- DE: "\001\000\000\016"-
#4537745	REDUCE cov: 586 ft: 2963 corp: 802/163Kb lim: 4096 exec/s: 9075 rss: 837Mb L: 916/3841 MS: 3 CMP-ChangeBinInt-EraseBytes- DE: "\374\377\000\000"-
#4540306	REDUCE cov: 586 ft: 2963 corp: 802/163Kb lim: 4096 exec/s: 9080 rss: 837Mb L: 48/3841 MS: 1 EraseBytes-
#4541052	REDUCE cov: 586 ft: 2963 corp: 802/163Kb lim: 4096 exec/s: 9082 rss: 837Mb L: 134/3841 MS: 1 EraseBytes-
#4543534	REDUCE cov: 586 ft: 2963 corp: 802/163Kb lim: 4096 exec/s: 9087 rss: 837Mb L: 73/3841 MS: 2 CopyPart-EraseBytes-
#4544521	REDUCE cov: 586 ft: 2963 corp: 802/163Kb lim: 4096 exec/s: 9089 rss: 837Mb L: 511/3841 MS: 2 ShuffleBytes-EraseBytes-
#4548154	REDUCE cov: 586 ft: 2963 corp: 802/163Kb lim: 4096 exec/s: 9078 rss: 837Mb L: 201/3841 MS: 3 ChangeASCIIInt-ChangeBit-EraseBytes-
#4549145	REDUCE cov: 586 ft: 2963 corp: 802/163Kb lim: 4096 exec/s: 9080 rss: 837Mb L: 25/3841 MS: 1 EraseBytes-
#4550096	REDUCE cov: 586 ft: 2963 corp: 802/163Kb lim: 4096 exec/s: 9082 rss: 837Mb L: 500/3841 MS: 1 EraseBytes-
#4550356	REDUCE cov: 586 ft: 2963 corp: 802/163Kb lim: 4096 exec/s: 9082 rss: 837Mb L: 231/3841 MS: 5 CrossOver-CrossOver-CopyPart-InsertRepeatedBytes-EraseBytes-
#4552017	REDUCE cov: 586 ft: 2963 corp: 802/163Kb lim: 4096 exec/s: 9085 rss: 837Mb L: 502/3841 MS: 1 EraseBytes-
#4555979	REDUCE cov: 586 ft: 2963 corp: 802/163Kb lim: 4096 exec/s: 9075 rss: 837Mb L: 197/3841 MS: 2 PersAutoDict-EraseBytes- DE: "\375\377\000\000"-
#4556990	REDUCE cov: 586 ft: 2963 corp: 802/163Kb lim: 4096 exec/s: 9077 rss: 837Mb L: 35/3841 MS: 1 EraseBytes-
#4558006	REDUCE cov: 586 ft: 2963 corp: 802/163Kb lim: 4096 exec/s: 9079 rss: 837Mb L: 222/3841 MS: 1 EraseBytes-
#4559808	REDUCE cov: 586 ft: 2963 corp: 802/163Kb lim: 4096 exec/s: 9083 rss: 837Mb L: 9/3841 MS: 2 InsertByte-EraseBytes-
#4561609	REDUCE cov: 586 ft: 2963 corp: 802/163Kb lim: 4096 exec/s: 9086 rss: 837Mb L: 220/3841 MS: 1 EraseBytes-
#4566545	REDUCE cov: 586 ft: 2963 corp: 802/163Kb lim: 4096 exec/s: 9078 rss: 837Mb L: 15/3841 MS: 1 EraseBytes-
#4568040	REDUCE cov: 586 ft: 2963 corp: 802/163Kb lim: 4096 exec/s: 9081 rss: 837Mb L: 2798/3841 MS: 5 InsertRepeatedBytes-InsertByte-ChangeBit-ChangeByte-EraseBytes-
#4569481	REDUCE cov: 586 ft: 2963 corp: 802/163Kb lim: 4096 exec/s: 9084 rss: 837Mb L: 215/3841 MS: 1 EraseBytes-
#4571149	REDUCE cov: 586 ft: 2963 corp: 802/163Kb lim: 4096 exec/s: 9087 rss: 837Mb L: 65/3841 MS: 3 InsertByte-EraseBytes-InsertByte-
#4574315	REDUCE cov: 586 ft: 2963 corp: 802/163Kb lim: 4096 exec/s: 9094 rss: 837Mb L: 161/3841 MS: 1 EraseBytes-
#4576302	REDUCE cov: 586 ft: 2963 corp: 802/163Kb lim: 4096 exec/s: 9079 rss: 837Mb L: 213/3841 MS: 2 PersAutoDict-EraseBytes- DE: "\377V"-
#4579529	REDUCE cov: 586 ft: 2963 corp: 802/163Kb lim: 4096 exec/s: 9086 rss: 837Mb L: 1075/3841 MS: 2 ShuffleBytes-EraseBytes-
#4588005	REDUCE cov: 586 ft: 2963 corp: 802/163Kb lim: 4096 exec/s: 9085 rss: 837Mb L: 40/3841 MS: 1 EraseBytes-
#4592140	REDUCE cov: 586 ft: 2963 corp: 802/163Kb lim: 4096 exec/s: 9093 rss: 837Mb L: 429/3841 MS: 5 CrossOver-ChangeByte-EraseBytes-InsertByte-ChangeBit-
#4593700	REDUCE cov: 586 ft: 2963 corp: 802/163Kb lim: 4096 exec/s: 9096 rss: 837Mb L: 492/3841 MS: 5 ChangeBit-CopyPart-ChangeBinInt-CrossOver-EraseBytes-
#4597416	REDUCE cov: 586 ft: 2963 corp: 802/163Kb lim: 4096 exec/s: 9085 rss: 837Mb L: 1003/3841 MS: 1 EraseBytes-
#4613828	REDUCE cov: 586 ft: 2963 corp: 802/163Kb lim: 4096 exec/s: 9100 rss: 837Mb L: 3179/3841 MS: 2 CrossOver-CrossOver-
#4614854	REDUCE cov: 586 ft: 2963 corp: 802/163Kb lim: 4096 exec/s: 9102 rss: 837Mb L: 412/3841 MS: 1 EraseBytes-
#4616953	REDUCE cov: 586 ft: 2963 corp: 802/163Kb lim: 4096 exec/s: 9088 rss: 837Mb L: 533/3841 MS: 4 CMP-ChangeByte-PersAutoDict-EraseBytes- DE: "\265\002\000\000\000\000\000\000"-"\377\177"-
#4617695	REDUCE cov: 586 ft: 2963 corp: 802/163Kb lim: 4096 exec/s: 9089 rss: 837Mb L: 43/3841 MS: 2 ChangeASCIIInt-EraseBytes-
#4620951	REDUCE cov: 586 ft: 2963 corp: 802/163Kb lim: 4096 exec/s: 9096 rss: 837Mb L: 247/3841 MS: 1 EraseBytes-
#4626232	REDUCE cov: 586 ft: 2963 corp: 802/163Kb lim: 4096 exec/s: 9106 rss: 837Mb L: 604/3841 MS: 1 EraseBytes-
#4635783	REDUCE cov: 586 ft: 2963 corp: 802/163Kb lim: 4096 exec/s: 9107 rss: 837Mb L: 38/3841 MS: 1 EraseBytes-
#4638805	REDUCE cov: 586 ft: 2963 corp: 802/163Kb lim: 4096 exec/s: 9095 rss: 837Mb L: 165/3841 MS: 2 InsertRepeatedBytes-EraseBytes-
#4644593	REDUCE cov: 586 ft: 2963 corp: 802/163Kb lim: 4096 exec/s: 9107 rss: 838Mb L: 132/3841 MS: 3 CopyPart-EraseBytes-CopyPart-
#4649106	REDUCE cov: 586 ft: 2963 corp: 802/163Kb lim: 4096 exec/s: 9098 rss: 839Mb L: 454/3841 MS: 3 InsertByte-ChangeByte-EraseBytes-
#4654775	REDUCE cov: 586 ft: 2963 corp: 802/163Kb lim: 4096 exec/s: 9109 rss: 840Mb L: 2053/3841 MS: 4 ShuffleBytes-PersAutoDict-PersAutoDict-EraseBytes- DE: "t\000"-"\001\000\000a"-
#4655696	REDUCE cov: 586 ft: 2963 corp: 802/163Kb lim: 4096 exec/s: 9093 rss: 840Mb L: 28/3841 MS: 1 EraseBytes-
#4659747	REDUCE cov: 586 ft: 2963 corp: 802/163Kb lim: 4096 exec/s: 9101 rss: 840Mb L: 497/3841 MS: 1 EraseBytes-
#4664352	REDUCE cov: 586 ft: 2963 corp: 802/163Kb lim: 4096 exec/s: 9110 rss: 840Mb L: 496/3841 MS: 5 InsertByte-ChangeBinInt-CopyPart-ChangeASCIIInt-EraseBytes-
#4666198	REDUCE cov: 586 ft: 2963 corp: 802/163Kb lim: 4096 exec/s: 9095 rss: 840Mb L: 131/3841 MS: 1 EraseBytes-
#4667024	REDUCE cov: 586 ft: 2963 corp: 802/163Kb lim: 4096 exec/s: 9097 rss: 840Mb L: 243/3841 MS: 1 EraseBytes-
#4681390	REDUCE cov: 586 ft: 2963 corp: 802/163Kb lim: 4096 exec/s: 9107 rss: 840Mb L: 1514/3841 MS: 1 EraseBytes-
#4681580	REDUCE cov: 586 ft: 2963 corp: 802/163Kb lim: 4096 exec/s: 9108 rss: 840Mb L: 971/3841 MS: 5 ChangeByte-CMP-PersAutoDict-CrossOver-EraseBytes- DE: "\001\010"-"\377\377\377?"-
#4682906	REDUCE cov: 586 ft: 2963 corp: 802/163Kb lim: 4096 exec/s: 9110 rss: 840Mb L: 914/3841 MS: 1 EraseBytes-
#4683487	REDUCE cov: 586 ft: 2963 corp: 802/162Kb lim: 4096 exec/s: 9111 rss: 840Mb L: 359/3841 MS: 1 EraseBytes-
#4684701	REDUCE cov: 586 ft: 2963 corp: 802/162Kb lim: 4096 exec/s: 9096 rss: 840Mb L: 1470/3841 MS: 4 EraseBytes-CopyPart-EraseBytes-EraseBytes-
#4684863	REDUCE cov: 586 ft: 2963 corp: 802/162Kb lim: 4096 exec/s: 9096 rss: 840Mb L: 467/3841 MS: 2 CopyPart-EraseBytes-
#4684865	REDUCE cov: 586 ft: 2963 corp: 802/162Kb lim: 4096 exec/s: 9096 rss: 840Mb L: 1435/3841 MS: 2 InsertRepeatedBytes-EraseBytes-
#4687693	REDUCE cov: 586 ft: 2963 corp: 802/162Kb lim: 4096 exec/s: 9102 rss: 840Mb L: 211/3841 MS: 3 ShuffleBytes-EraseBytes-CopyPart-
#4688277	REDUCE cov: 586 ft: 2963 corp: 802/162Kb lim: 4096 exec/s: 9103 rss: 840Mb L: 207/3841 MS: 4 CopyPart-ChangeBit-ShuffleBytes-EraseBytes-
#4690008	REDUCE cov: 586 ft: 2963 corp: 802/162Kb lim: 4096 exec/s: 9106 rss: 840Mb L: 212/3841 MS: 1 EraseBytes-
#4707729	REDUCE cov: 586 ft: 2963 corp: 802/162Kb lim: 4096 exec/s: 9105 rss: 840Mb L: 28/3841 MS: 1 EraseBytes-
#4709085	REDUCE cov: 586 ft: 2963 corp: 802/162Kb lim: 4096 exec/s: 9108 rss: 840Mb L: 567/3841 MS: 1 EraseBytes-
#4709132	REDUCE cov: 586 ft: 2963 corp: 802/162Kb lim: 4096 exec/s: 9108 rss: 840Mb L: 903/3841 MS: 2 ChangeBinInt-EraseBytes-
#4711358	REDUCE cov: 586 ft: 2963 corp: 802/162Kb lim: 4096 exec/s: 9095 rss: 840Mb L: 9/3841 MS: 1 EraseBytes-
#4715429	REDUCE cov: 586 ft: 2963 corp: 802/162Kb lim: 4096 exec/s: 9103 rss: 840Mb L: 901/3841 MS: 1 EraseBytes-
#4717935	REDUCE cov: 586 ft: 2963 corp: 802/162Kb lim: 4096 exec/s: 9107 rss: 840Mb L: 18/3841 MS: 1 EraseBytes-
#4722777	REDUCE cov: 586 ft: 2963 corp: 802/162Kb lim: 4096 exec/s: 9099 rss: 840Mb L: 251/3841 MS: 2 EraseBytes-ChangeBinInt-
#4727236	REDUCE cov: 586 ft: 2963 corp: 802/162Kb lim: 4096 exec/s: 9108 rss: 840Mb L: 1432/3841 MS: 4 PersAutoDict-ChangeByte-ChangeBit-EraseBytes- DE: "\377\013"-
#4729377	REDUCE cov: 586 ft: 2963 corp: 802/162Kb lim: 4096 exec/s: 9094 rss: 840Mb L: 62/3841 MS: 1 EraseBytes-
#4730275	REDUCE cov: 586 ft: 2963 corp: 802/162Kb lim: 4096 exec/s: 9096 rss: 840Mb L: 1777/3841 MS: 3 CrossOver-InsertByte-EraseBytes-
#4733461	REDUCE cov: 586 ft: 2963 corp: 802/162Kb lim: 4096 exec/s: 9102 rss: 840Mb L: 17/3841 MS: 1 EraseBytes-
#4734207	REDUCE cov: 586 ft: 2963 corp: 802/162Kb lim: 4096 exec/s: 9104 rss: 840Mb L: 281/3841 MS: 1 EraseBytes-
#4740798	REDUCE cov: 586 ft: 2963 corp: 802/162Kb lim: 4096 exec/s: 9099 rss: 841Mb L: 1489/3841 MS: 1 EraseBytes-
#4742079	REDUCE cov: 586 ft: 2963 corp: 802/162Kb lim: 4096 exec/s: 9101 rss: 841Mb L: 1745/3841 MS: 1 EraseBytes-
#4746806	REDUCE cov: 586 ft: 2963 corp: 802/162Kb lim: 4096 exec/s: 9093 rss: 843Mb L: 60/3841 MS: 2 InsertByte-EraseBytes-
#4751946	REDUCE cov: 586 ft: 2963 corp: 802/162Kb lim: 4096 exec/s: 9103 rss: 844Mb L: 558/3841 MS: 5 ChangeByte-CopyPart-ChangeBit-ShuffleBytes-EraseBytes-
#4767857	REDUCE cov: 586 ft: 2963 corp: 802/162Kb lim: 4096 exec/s: 9081 rss: 867Mb L: 140/3841 MS: 1 EraseBytes-
#4768732	REDUCE cov: 586 ft: 2963 corp: 802/162Kb lim: 4096 exec/s: 9083 rss: 867Mb L: 1427/3841 MS: 5 ChangeByte-InsertByte-ChangeBinInt-EraseBytes-CopyPart-
#4784173	REDUCE cov: 586 ft: 2963 corp: 802/162Kb lim: 4096 exec/s: 9060 rss: 867Mb L: 208/3841 MS: 1 EraseBytes-
#4786250	REDUCE cov: 586 ft: 2963 corp: 802/162Kb lim: 4096 exec/s: 9064 rss: 868Mb L: 64/3841 MS: 2 ChangeByte-EraseBytes-
#4788571	REDUCE cov: 586 ft: 2963 corp: 802/162Kb lim: 4096 exec/s: 9069 rss: 868Mb L: 19/3841 MS: 1 EraseBytes-
#4793283	REDUCE cov: 586 ft: 2963 corp: 802/162Kb lim: 4096 exec/s: 9061 rss: 868Mb L: 106/3841 MS: 2 ChangeBit-EraseBytes-
#4799438	REDUCE cov: 586 ft: 2963 corp: 802/162Kb lim: 4096 exec/s: 9055 rss: 868Mb L: 72/3841 MS: 5 ChangeBit-ChangeBit-EraseBytes-ChangeByte-InsertByte-
#4807429	REDUCE cov: 586 ft: 2963 corp: 802/162Kb lim: 4096 exec/s: 9053 rss: 868Mb L: 21/3841 MS: 1 EraseBytes-
#4807806	REDUCE cov: 586 ft: 2963 corp: 802/162Kb lim: 4096 exec/s: 9054 rss: 868Mb L: 85/3841 MS: 2 PersAutoDict-EraseBytes- DE: "\001\000\000\000\000\000\000\025"-
#4809523	REDUCE cov: 586 ft: 2963 corp: 802/162Kb lim: 4096 exec/s: 9057 rss: 868Mb L: 2391/3841 MS: 2 EraseBytes-InsertByte-
#4811546	REDUCE cov: 586 ft: 2963 corp: 802/162Kb lim: 4096 exec/s: 9044 rss: 868Mb L: 198/3841 MS: 3 CMP-EraseBytes-CopyPart- DE: "\000\000"-
#4811758	REDUCE cov: 586 ft: 2963 corp: 802/162Kb lim: 4096 exec/s: 9044 rss: 868Mb L: 369/3841 MS: 2 ChangeBit-EraseBytes-
#4812650	REDUCE cov: 586 ft: 2963 corp: 802/162Kb lim: 4096 exec/s: 9046 rss: 868Mb L: 193/3841 MS: 2 CopyPart-EraseBytes-
#4814941	REDUCE cov: 586 ft: 2963 corp: 802/162Kb lim: 4096 exec/s: 9050 rss: 868Mb L: 81/3841 MS: 1 EraseBytes-
#4815407	REDUCE cov: 586 ft: 2963 corp: 802/162Kb lim: 4096 exec/s: 9051 rss: 868Mb L: 188/3841 MS: 1 EraseBytes-
#4817919	REDUCE cov: 586 ft: 2963 corp: 802/162Kb lim: 4096 exec/s: 9039 rss: 868Mb L: 111/3841 MS: 2 ShuffleBytes-EraseBytes-
#4820276	REDUCE cov: 586 ft: 2963 corp: 802/162Kb lim: 4096 exec/s: 9043 rss: 868Mb L: 20/3841 MS: 2 ChangeByte-EraseBytes-
#4821160	REDUCE cov: 586 ft: 2963 corp: 802/162Kb lim: 4096 exec/s: 9045 rss: 868Mb L: 1214/3841 MS: 4 CopyPart-EraseBytes-ChangeBit-PersAutoDict- DE: "\000\000\000\000\000\000\000)"-
#4821506	REDUCE cov: 586 ft: 2963 corp: 802/162Kb lim: 4096 exec/s: 9045 rss: 868Mb L: 105/3841 MS: 1 EraseBytes-
#4824543	REDUCE cov: 586 ft: 2963 corp: 802/162Kb lim: 4096 exec/s: 9034 rss: 869Mb L: 395/3841 MS: 2 ChangeBinInt-EraseBytes-
#4827544	REDUCE cov: 586 ft: 2963 corp: 802/162Kb lim: 4096 exec/s: 9040 rss: 869Mb L: 241/3841 MS: 1 EraseBytes-
#4840582	REDUCE cov: 586 ft: 2963 corp: 802/162Kb lim: 4096 exec/s: 9030 rss: 869Mb L: 39/3841 MS: 3 ChangeByte-CMP-EraseBytes- DE: "\001\000\000\016"-
#4841374	REDUCE cov: 586 ft: 2963 corp: 802/162Kb lim: 4096 exec/s: 9032 rss: 869Mb L: 222/3841 MS: 2 ChangeBit-EraseBytes-
#4843936	REDUCE cov: 586 ft: 2963 corp: 802/162Kb lim: 4096 exec/s: 9020 rss: 869Mb L: 3153/3841 MS: 2 CopyPart-EraseBytes-
#4849883	REDUCE cov: 586 ft: 2963 corp: 802/162Kb lim: 4096 exec/s: 9031 rss: 869Mb L: 285/3841 MS: 2 ChangeASCIIInt-EraseBytes-
#4850215	REDUCE cov: 586 ft: 2963 corp: 802/162Kb lim: 4096 exec/s: 9015 rss: 869Mb L: 171/3841 MS: 2 EraseBytes-CopyPart-
#4851087	REDUCE cov: 586 ft: 2963 corp: 802/162Kb lim: 4096 exec/s: 9016 rss: 869Mb L: 40/3841 MS: 2 CopyPart-EraseBytes-
#4853466	REDUCE cov: 586 ft: 2963 corp: 802/162Kb lim: 4096 exec/s: 9021 rss: 869Mb L: 1735/3841 MS: 4 PersAutoDict-EraseBytes-ShuffleBytes-CopyPart- DE: "\376\375"-
#4853798	REDUCE cov: 586 ft: 2963 corp: 802/162Kb lim: 4096 exec/s: 9021 rss: 869Mb L: 1528/3841 MS: 2 ChangeByte-EraseBytes-
#4854848	REDUCE cov: 586 ft: 2963 corp: 802/162Kb lim: 4096 exec/s: 9023 rss: 869Mb L: 1944/3841 MS: 5 CopyPart-EraseBytes-ShuffleBytes-InsertRepeatedBytes-CopyPart-
#4855299	REDUCE cov: 586 ft: 2963 corp: 802/162Kb lim: 4096 exec/s: 9024 rss: 869Mb L: 79/3841 MS: 1 EraseBytes-
#4862340	REDUCE cov: 586 ft: 2963 corp: 802/162Kb lim: 4096 exec/s: 9021 rss: 869Mb L: 74/3841 MS: 1 EraseBytes-
#4863107	REDUCE cov: 586 ft: 2963 corp: 802/162Kb lim: 4096 exec/s: 9005 rss: 869Mb L: 13/3841 MS: 2 ChangeBinInt-EraseBytes-
#4872124	REDUCE cov: 586 ft: 2963 corp: 802/162Kb lim: 4096 exec/s: 9005 rss: 872Mb L: 3096/3841 MS: 2 ShuffleBytes-EraseBytes-
#4875301	REDUCE cov: 586 ft: 2963 corp: 802/162Kb lim: 4096 exec/s: 8995 rss: 872Mb L: 237/3841 MS: 2 PersAutoDict-EraseBytes- DE: "#\000"-
#4877387	REDUCE cov: 586 ft: 2963 corp: 802/162Kb lim: 4096 exec/s: 8998 rss: 872Mb L: 3083/3841 MS: 1 EraseBytes-
#4877816	REDUCE cov: 586 ft: 2963 corp: 802/162Kb lim: 4096 exec/s: 8999 rss: 872Mb L: 1511/3841 MS: 4 CMP-CrossOver-ChangeASCIIInt-EraseBytes- DE: "1'"-
#4879393	REDUCE cov: 586 ft: 2963 corp: 802/162Kb lim: 4096 exec/s: 9002 rss: 872Mb L: 104/3841 MS: 2 ChangeBit-EraseBytes-
#4880022	REDUCE cov: 586 ft: 2963 corp: 802/162Kb lim: 4096 exec/s: 9003 rss: 872Mb L: 3795/3795 MS: 4 ChangeBinInt-CMP-PersAutoDict-EraseBytes- DE: "\000\000\000\000\000\000\000\020"-"\377\377\007\000"-
#4880668	REDUCE cov: 586 ft: 2963 corp: 802/162Kb lim: 4096 exec/s: 9004 rss: 872Mb L: 100/3795 MS: 1 EraseBytes-
#4886129	REDUCE cov: 586 ft: 2963 corp: 802/161Kb lim: 4096 exec/s: 8998 rss: 872Mb L: 1448/3795 MS: 1 EraseBytes-
#4886605	REDUCE cov: 586 ft: 2963 corp: 802/161Kb lim: 4096 exec/s: 8999 rss: 872Mb L: 105/3795 MS: 1 EraseBytes-
#4888071	NEW    cov: 586 ft: 2964 corp: 803/161Kb lim: 4096 exec/s: 8985 rss: 872Mb L: 24/3795 MS: 1 CopyPart-
#4889907	REDUCE cov: 586 ft: 2964 corp: 803/161Kb lim: 4096 exec/s: 8988 rss: 872Mb L: 202/3795 MS: 1 EraseBytes-
#4891593	REDUCE cov: 586 ft: 2964 corp: 803/161Kb lim: 4096 exec/s: 8991 rss: 872Mb L: 2084/3795 MS: 1 EraseBytes-
#4892726	REDUCE cov: 586 ft: 2964 corp: 803/161Kb lim: 4096 exec/s: 8993 rss: 872Mb L: 2599/3795 MS: 3 ChangeBinInt-ChangeBit-EraseBytes-
#4896844	REDUCE cov: 586 ft: 2964 corp: 803/161Kb lim: 4096 exec/s: 8985 rss: 874Mb L: 2572/3795 MS: 3 ChangeByte-InsertByte-EraseBytes-
#4897072	REDUCE cov: 586 ft: 2964 corp: 803/161Kb lim: 4096 exec/s: 8985 rss: 874Mb L: 3050/3795 MS: 3 InsertByte-CMP-EraseBytes- DE: "\000\000\000\032"-
#4898600	REDUCE cov: 586 ft: 2964 corp: 803/161Kb lim: 4096 exec/s: 8988 rss: 874Mb L: 900/3795 MS: 3 CopyPart-CopyPart-EraseBytes-
#4903342	REDUCE cov: 586 ft: 2964 corp: 803/161Kb lim: 4096 exec/s: 8980 rss: 874Mb L: 1314/3795 MS: 2 CopyPart-EraseBytes-
#4903623	REDUCE cov: 586 ft: 2964 corp: 803/161Kb lim: 4096 exec/s: 8980 rss: 874Mb L: 167/3795 MS: 1 EraseBytes-
#4904279	REDUCE cov: 586 ft: 2964 corp: 803/161Kb lim: 4096 exec/s: 8982 rss: 874Mb L: 98/3795 MS: 1 EraseBytes-
#4904680	REDUCE cov: 586 ft: 2964 corp: 803/161Kb lim: 4096 exec/s: 8982 rss: 874Mb L: 897/3795 MS: 1 EraseBytes-
#4906821	REDUCE cov: 586 ft: 2964 corp: 803/161Kb lim: 4096 exec/s: 8970 rss: 874Mb L: 130/3795 MS: 1 EraseBytes-
#4909348	REDUCE cov: 586 ft: 2964 corp: 803/161Kb lim: 4096 exec/s: 8975 rss: 874Mb L: 95/3795 MS: 2 ChangeByte-EraseBytes-
#4909969	REDUCE cov: 586 ft: 2964 corp: 803/161Kb lim: 4096 exec/s: 8976 rss: 874Mb L: 54/3795 MS: 1 EraseBytes-
#4910006	REDUCE cov: 586 ft: 2964 corp: 803/161Kb lim: 4096 exec/s: 8976 rss: 874Mb L: 2530/3795 MS: 2 ChangeByte-EraseBytes-
#4911138	REDUCE cov: 586 ft: 2964 corp: 803/161Kb lim: 4096 exec/s: 8961 rss: 874Mb L: 895/3795 MS: 2 InsertByte-EraseBytes-
#4911819	REDUCE cov: 586 ft: 2964 corp: 803/161Kb lim: 4096 exec/s: 8963 rss: 874Mb L: 187/3795 MS: 1 EraseBytes-
#4912290	REDUCE cov: 586 ft: 2964 corp: 803/161Kb lim: 4096 exec/s: 8964 rss: 874Mb L: 547/3795 MS: 1 EraseBytes-
#4912302	REDUCE cov: 586 ft: 2964 corp: 803/161Kb lim: 4096 exec/s: 8964 rss: 874Mb L: 199/3795 MS: 2 ChangeBinInt-EraseBytes-
#4916514	REDUCE cov: 586 ft: 2964 corp: 803/161Kb lim: 4096 exec/s: 8971 rss: 874Mb L: 73/3795 MS: 2 ChangeBinInt-EraseBytes-
#4917029	REDUCE cov: 586 ft: 2964 corp: 803/161Kb lim: 4096 exec/s: 8972 rss: 874Mb L: 163/3795 MS: 5 ChangeBinInt-ShuffleBytes-CopyPart-ShuffleBytes-EraseBytes-
#4920122	REDUCE cov: 586 ft: 2964 corp: 803/161Kb lim: 4096 exec/s: 8961 rss: 874Mb L: 1415/3795 MS: 3 ShuffleBytes-CopyPart-EraseBytes-
#4923019	REDUCE cov: 586 ft: 2964 corp: 803/161Kb lim: 4096 exec/s: 8950 rss: 874Mb L: 194/3795 MS: 2 ChangeBinInt-EraseBytes-
#4924040	REDUCE cov: 586 ft: 2964 corp: 803/161Kb lim: 4096 exec/s: 8952 rss: 874Mb L: 13/3795 MS: 1 EraseBytes-
#4930191	REDUCE cov: 586 ft: 2964 corp: 803/161Kb lim: 4096 exec/s: 8947 rss: 874Mb L: 241/3795 MS: 1 EraseBytes-
#4933690	REDUCE cov: 586 ft: 2964 corp: 803/161Kb lim: 4096 exec/s: 8954 rss: 874Mb L: 1919/3795 MS: 4 ChangeByte-CMP-EraseBytes-CopyPart- DE: "3\003\000\000\000\000\000\000"-
#4934286	REDUCE cov: 586 ft: 2964 corp: 803/161Kb lim: 4096 exec/s: 8955 rss: 874Mb L: 3045/3795 MS: 1 EraseBytes-
#4934919	REDUCE cov: 586 ft: 2964 corp: 803/161Kb lim: 4096 exec/s: 8940 rss: 874Mb L: 3147/3795 MS: 3 ChangeByte-CMP-EraseBytes- DE: "\003\002\000\000\000\000\000\000"-
#4940721	REDUCE cov: 586 ft: 2964 corp: 803/161Kb lim: 4096 exec/s: 8934 rss: 874Mb L: 889/3795 MS: 2 ChangeByte-EraseBytes-
#4943149	REDUCE cov: 586 ft: 2964 corp: 803/161Kb lim: 4096 exec/s: 8938 rss: 874Mb L: 162/3795 MS: 3 ChangeBinInt-ChangeBit-EraseBytes-
#4943210	REDUCE cov: 586 ft: 2964 corp: 803/161Kb lim: 4096 exec/s: 8938 rss: 874Mb L: 572/3795 MS: 1 EraseBytes-
#4944621	REDUCE cov: 586 ft: 2964 corp: 803/161Kb lim: 4096 exec/s: 8941 rss: 874Mb L: 103/3795 MS: 1 EraseBytes-
#4951007	REDUCE cov: 586 ft: 2964 corp: 803/161Kb lim: 4096 exec/s: 8920 rss: 874Mb L: 546/3795 MS: 1 EraseBytes-
#4954539	REDUCE cov: 586 ft: 2964 corp: 803/161Kb lim: 4096 exec/s: 8927 rss: 874Mb L: 72/3795 MS: 2 ChangeBinInt-EraseBytes-
#4957020	REDUCE cov: 586 ft: 2964 corp: 803/161Kb lim: 4096 exec/s: 8915 rss: 874Mb L: 13/3795 MS: 1 EraseBytes-
#4965671	REDUCE cov: 586 ft: 2964 corp: 803/161Kb lim: 4096 exec/s: 8915 rss: 874Mb L: 888/3795 MS: 1 EraseBytes-
#4969012	REDUCE cov: 586 ft: 2964 corp: 803/161Kb lim: 4096 exec/s: 8905 rss: 874Mb L: 1492/3795 MS: 1 EraseBytes-
#4970224	REDUCE cov: 586 ft: 2964 corp: 803/161Kb lim: 4096 exec/s: 8907 rss: 874Mb L: 3007/3795 MS: 2 ChangeASCIIInt-EraseBytes-
#4976370	REDUCE cov: 586 ft: 2964 corp: 803/161Kb lim: 4096 exec/s: 8902 rss: 874Mb L: 32/3795 MS: 1 EraseBytes-
#4976917	REDUCE cov: 586 ft: 2964 corp: 803/161Kb lim: 4096 exec/s: 8903 rss: 874Mb L: 718/3795 MS: 2 InsertRepeatedBytes-EraseBytes-
#4979197	REDUCE cov: 586 ft: 2968 corp: 804/163Kb lim: 4096 exec/s: 8907 rss: 874Mb L: 2389/3795 MS: 5 CopyPart-ChangeByte-ChangeByte-CopyPart-CopyPart-
#4987528	REDUCE cov: 586 ft: 2968 corp: 804/163Kb lim: 4096 exec/s: 8890 rss: 874Mb L: 1410/3795 MS: 1 EraseBytes-
#4987896	REDUCE cov: 586 ft: 2968 corp: 804/163Kb lim: 4096 exec/s: 8891 rss: 874Mb L: 2981/3795 MS: 3 ChangeByte-CopyPart-EraseBytes-
#4989346	REDUCE cov: 586 ft: 2968 corp: 804/163Kb lim: 4096 exec/s: 8893 rss: 874Mb L: 887/3795 MS: 5 ChangeBinInt-PersAutoDict-EraseBytes-ChangeBinInt-CopyPart- DE: "\377\377\377\204"-
#4991203	REDUCE cov: 586 ft: 2968 corp: 804/163Kb lim: 4096 exec/s: 8896 rss: 874Mb L: 158/3795 MS: 2 ChangeByte-EraseBytes-
#4996156	REDUCE cov: 586 ft: 2968 corp: 804/163Kb lim: 4096 exec/s: 8889 rss: 874Mb L: 252/3795 MS: 3 ChangeBit-CopyPart-EraseBytes-
#4998457	REDUCE cov: 586 ft: 2968 corp: 804/163Kb lim: 4096 exec/s: 8894 rss: 874Mb L: 19/3795 MS: 1 EraseBytes-
#4999857	REDUCE cov: 586 ft: 2968 corp: 804/163Kb lim: 4096 exec/s: 8880 rss: 874Mb L: 2949/3795 MS: 5 ChangeBinInt-ShuffleBytes-ChangeBinInt-EraseBytes-CopyPart-
#5000949	REDUCE cov: 586 ft: 2968 corp: 804/163Kb lim: 4096 exec/s: 8882 rss: 874Mb L: 16/3795 MS: 2 ChangeBinInt-EraseBytes-
#5002475	REDUCE cov: 586 ft: 2968 corp: 804/163Kb lim: 4096 exec/s: 8885 rss: 874Mb L: 238/3795 MS: 1 EraseBytes-
#5004847	REDUCE cov: 586 ft: 2968 corp: 804/163Kb lim: 4096 exec/s: 8873 rss: 874Mb L: 1997/3795 MS: 2 ChangeBit-EraseBytes-
#5009688	REDUCE cov: 586 ft: 2968 corp: 804/163Kb lim: 4096 exec/s: 8882 rss: 874Mb L: 1189/3795 MS: 1 EraseBytes-
#5013324	REDUCE cov: 586 ft: 2968 corp: 804/163Kb lim: 4096 exec/s: 8873 rss: 874Mb L: 162/3795 MS: 1 EraseBytes-
#5016790	REDUCE cov: 586 ft: 2968 corp: 804/163Kb lim: 4096 exec/s: 8879 rss: 874Mb L: 220/3795 MS: 1 EraseBytes-
#5017021	REDUCE cov: 586 ft: 2968 corp: 804/163Kb lim: 4096 exec/s: 8879 rss: 874Mb L: 21/3795 MS: 1 EraseBytes-
#5017248	REDUCE cov: 586 ft: 2968 corp: 804/163Kb lim: 4096 exec/s: 8864 rss: 874Mb L: 101/3795 MS: 2 CopyPart-EraseBytes-
#5020959	REDUCE cov: 586 ft: 2968 corp: 804/163Kb lim: 4096 exec/s: 8870 rss: 874Mb L: 120/3795 MS: 1 EraseBytes-
#5022944	REDUCE cov: 586 ft: 2968 corp: 804/163Kb lim: 4096 exec/s: 8874 rss: 874Mb L: 367/3795 MS: 5 PersAutoDict-CopyPart-CrossOver-ChangeBinInt-EraseBytes- DE: "\000\000\377\375"-
#5028695	REDUCE cov: 586 ft: 2968 corp: 804/163Kb lim: 4096 exec/s: 8868 rss: 874Mb L: 17/3795 MS: 1 EraseBytes-
#5034557	REDUCE cov: 586 ft: 2968 corp: 804/163Kb lim: 4096 exec/s: 8848 rss: 874Mb L: 218/3795 MS: 2 CopyPart-EraseBytes-
#5038728	REDUCE cov: 586 ft: 2968 corp: 804/163Kb lim: 4096 exec/s: 8855 rss: 874Mb L: 1454/3795 MS: 1 EraseBytes-
#5039979	REDUCE cov: 586 ft: 2968 corp: 804/163Kb lim: 4096 exec/s: 8857 rss: 874Mb L: 2914/3795 MS: 1 EraseBytes-
#5041191	REDUCE cov: 586 ft: 2968 corp: 804/163Kb lim: 4096 exec/s: 8844 rss: 874Mb L: 2893/3795 MS: 2 InsertRepeatedBytes-EraseBytes-
#5048402	REDUCE cov: 586 ft: 2968 corp: 804/163Kb lim: 4096 exec/s: 8841 rss: 874Mb L: 1992/3795 MS: 1 EraseBytes-
#5049769	REDUCE cov: 586 ft: 2968 corp: 804/163Kb lim: 4096 exec/s: 8843 rss: 874Mb L: 76/3795 MS: 2 ChangeByte-EraseBytes-
#5052997	REDUCE cov: 586 ft: 2968 corp: 804/163Kb lim: 4096 exec/s: 8833 rss: 874Mb L: 1909/3795 MS: 3 EraseBytes-ChangeByte-CopyPart-
#5057204	REDUCE cov: 586 ft: 2968 corp: 804/163Kb lim: 4096 exec/s: 8841 rss: 874Mb L: 1410/3795 MS: 2 CopyPart-EraseBytes-
#5057909	REDUCE cov: 586 ft: 2968 corp: 804/163Kb lim: 4096 exec/s: 8842 rss: 875Mb L: 364/3795 MS: 5 ChangeBinInt-ChangeByte-ChangeASCIIInt-ChangeBit-EraseBytes-
#5061500	NEW    cov: 586 ft: 2969 corp: 805/163Kb lim: 4096 exec/s: 8833 rss: 875Mb L: 96/3795 MS: 1 CrossOver-
#5066801	REDUCE cov: 586 ft: 2969 corp: 805/163Kb lim: 4096 exec/s: 8827 rss: 875Mb L: 235/3795 MS: 1 EraseBytes-
#5067521	REDUCE cov: 586 ft: 2969 corp: 805/163Kb lim: 4096 exec/s: 8828 rss: 875Mb L: 92/3795 MS: 5 ChangeBinInt-CopyPart-PersAutoDict-ChangeBit-EraseBytes- DE: "\001\000\000\000"-
#5071331	REDUCE cov: 586 ft: 2969 corp: 805/163Kb lim: 4096 exec/s: 8819 rss: 875Mb L: 1889/3795 MS: 5 InsertByte-PersAutoDict-CMP-CopyPart-EraseBytes- DE: "\001\000\000 "-"\377)"-
#5075772	REDUCE cov: 586 ft: 2969 corp: 805/163Kb lim: 4096 exec/s: 8827 rss: 875Mb L: 74/3795 MS: 1 EraseBytes-
#5077467	REDUCE cov: 586 ft: 2969 corp: 805/163Kb lim: 4096 exec/s: 8815 rss: 875Mb L: 2795/3795 MS: 5 InsertRepeatedBytes-ShuffleBytes-ChangeBit-CopyPart-EraseBytes-
#5078671	REDUCE cov: 586 ft: 2969 corp: 805/163Kb lim: 4096 exec/s: 8817 rss: 875Mb L: 181/3795 MS: 4 ChangeBit-ChangeBit-CrossOver-EraseBytes-
#5083266	REDUCE cov: 586 ft: 2969 corp: 805/163Kb lim: 4096 exec/s: 8809 rss: 875Mb L: 1408/3795 MS: 5 ChangeASCIIInt-ShuffleBytes-CopyPart-ChangeBit-EraseBytes-
#5084215	REDUCE cov: 586 ft: 2969 corp: 805/163Kb lim: 4096 exec/s: 8811 rss: 875Mb L: 1876/3795 MS: 4 EraseBytes-CopyPart-CMP-CopyPart- DE: "\000("-
#5086910	REDUCE cov: 586 ft: 2969 corp: 805/163Kb lim: 4096 exec/s: 8816 rss: 875Mb L: 49/3795 MS: 5 CrossOver-ChangeByte-ChangeBit-ShuffleBytes-EraseBytes-
#5087011	REDUCE cov: 586 ft: 2969 corp: 805/163Kb lim: 4096 exec/s: 8816 rss: 875Mb L: 99/3795 MS: 1 EraseBytes-
#5087687	REDUCE cov: 586 ft: 2969 corp: 805/163Kb lim: 4096 exec/s: 8817 rss: 875Mb L: 98/3795 MS: 1 EraseBytes-
#5087769	REDUCE cov: 586 ft: 2969 corp: 805/163Kb lim: 4096 exec/s: 8817 rss: 875Mb L: 103/3795 MS: 2 CopyPart-EraseBytes-
#5088744	REDUCE cov: 586 ft: 2969 corp: 805/163Kb lim: 4096 exec/s: 8819 rss: 875Mb L: 304/3795 MS: 5 PersAutoDict-ChangeBit-CopyPart-ChangeBinInt-EraseBytes- DE: "\000\000\000\001"-
#5091182	REDUCE cov: 586 ft: 2969 corp: 805/163Kb lim: 4096 exec/s: 8808 rss: 875Mb L: 1395/3795 MS: 3 ChangeASCIIInt-ShuffleBytes-EraseBytes-
#5092644	REDUCE cov: 586 ft: 2969 corp: 805/163Kb lim: 4096 exec/s: 8810 rss: 875Mb L: 158/3795 MS: 2 EraseBytes-ShuffleBytes-
#5094405	REDUCE cov: 586 ft: 2969 corp: 805/163Kb lim: 4096 exec/s: 8813 rss: 875Mb L: 181/3795 MS: 1 EraseBytes-
#5094546	REDUCE cov: 586 ft: 2969 corp: 805/163Kb lim: 4096 exec/s: 8814 rss: 875Mb L: 101/3795 MS: 1 EraseBytes-
#5095292	REDUCE cov: 586 ft: 2969 corp: 805/163Kb lim: 4096 exec/s: 8815 rss: 875Mb L: 194/3795 MS: 1 EraseBytes-
#5097591	REDUCE cov: 586 ft: 2969 corp: 805/163Kb lim: 4096 exec/s: 8804 rss: 875Mb L: 1392/3795 MS: 4 ShuffleBytes-ShuffleBytes-ChangeBinInt-EraseBytes-
#5100072	REDUCE cov: 586 ft: 2969 corp: 805/163Kb lim: 4096 exec/s: 8808 rss: 875Mb L: 212/3795 MS: 1 EraseBytes-
#5103793	REDUCE cov: 586 ft: 2969 corp: 805/163Kb lim: 4096 exec/s: 8799 rss: 875Mb L: 1826/3795 MS: 1 EraseBytes-
#5103870	REDUCE cov: 586 ft: 2969 corp: 805/163Kb lim: 4096 exec/s: 8799 rss: 875Mb L: 1451/3795 MS: 2 InsertByte-EraseBytes-
#5104381	REDUCE cov: 586 ft: 2969 corp: 805/163Kb lim: 4096 exec/s: 8800 rss: 875Mb L: 70/3795 MS: 1 EraseBytes-
#5109847	REDUCE cov: 586 ft: 2969 corp: 805/163Kb lim: 4096 exec/s: 8794 rss: 875Mb L: 51/3795 MS: 1 EraseBytes-
#5114103	REDUCE cov: 586 ft: 2969 corp: 805/163Kb lim: 4096 exec/s: 8787 rss: 875Mb L: 24/3795 MS: 1 EraseBytes-
#5120904	REDUCE cov: 586 ft: 2969 corp: 805/163Kb lim: 4096 exec/s: 8783 rss: 875Mb L: 100/3795 MS: 1 EraseBytes-
#5121291	REDUCE cov: 586 ft: 2969 corp: 805/163Kb lim: 4096 exec/s: 8784 rss: 875Mb L: 92/3795 MS: 2 PersAutoDict-EraseBytes- DE: "\323\377\377\377"-
#5121417	REDUCE cov: 586 ft: 2969 corp: 805/163Kb lim: 4096 exec/s: 8784 rss: 875Mb L: 191/3795 MS: 1 EraseBytes-
#5125093	REDUCE cov: 586 ft: 2969 corp: 805/163Kb lim: 4096 exec/s: 8790 rss: 875Mb L: 541/3795 MS: 1 EraseBytes-
#5126234	REDUCE cov: 586 ft: 2969 corp: 805/163Kb lim: 4096 exec/s: 8777 rss: 875Mb L: 90/3795 MS: 1 EraseBytes-
#5126585	REDUCE cov: 586 ft: 2969 corp: 805/163Kb lim: 4096 exec/s: 8778 rss: 875Mb L: 522/3795 MS: 1 EraseBytes-
#5126876	REDUCE cov: 586 ft: 2969 corp: 805/163Kb lim: 4096 exec/s: 8778 rss: 875Mb L: 15/3795 MS: 1 EraseBytes-
#5133727	REDUCE cov: 586 ft: 2969 corp: 805/163Kb lim: 4096 exec/s: 8775 rss: 875Mb L: 89/3795 MS: 1 EraseBytes-
#5137868	REDUCE cov: 586 ft: 2969 corp: 805/163Kb lim: 4096 exec/s: 8767 rss: 875Mb L: 761/3795 MS: 1 EraseBytes-
#5139734	REDUCE cov: 586 ft: 2969 corp: 805/163Kb lim: 4096 exec/s: 8770 rss: 876Mb L: 224/3795 MS: 1 EraseBytes-
#5148455	REDUCE cov: 586 ft: 2969 corp: 805/163Kb lim: 4096 exec/s: 8770 rss: 876Mb L: 87/3795 MS: 1 EraseBytes-
#5152996	REDUCE cov: 586 ft: 2969 corp: 805/163Kb lim: 4096 exec/s: 8763 rss: 876Mb L: 164/3795 MS: 1 EraseBytes-
#5153752	REDUCE cov: 586 ft: 2969 corp: 805/163Kb lim: 4096 exec/s: 8764 rss: 876Mb L: 70/3795 MS: 1 EraseBytes-
#5158644	REDUCE cov: 586 ft: 2969 corp: 805/163Kb lim: 4096 exec/s: 8758 rss: 876Mb L: 13/3795 MS: 2 ChangeASCIIInt-EraseBytes-
#5161645	REDUCE cov: 586 ft: 2969 corp: 805/163Kb lim: 4096 exec/s: 8748 rss: 876Mb L: 106/3795 MS: 1 EraseBytes-
#5165039	REDUCE cov: 586 ft: 2969 corp: 805/162Kb lim: 4096 exec/s: 8739 rss: 876Mb L: 1445/3795 MS: 4 CopyPart-ChangeASCIIInt-InsertRepeatedBytes-EraseBytes-
#5169979	REDUCE cov: 586 ft: 2969 corp: 805/162Kb lim: 4096 exec/s: 8733 rss: 876Mb L: 1323/3795 MS: 5 ChangeByte-ChangeByte-EraseBytes-ShuffleBytes-CopyPart-
#5176719	REDUCE cov: 586 ft: 2969 corp: 805/162Kb lim: 4096 exec/s: 8729 rss: 876Mb L: 24/3795 MS: 5 ShuffleBytes-ShuffleBytes-ChangeBinInt-ChangeBit-EraseBytes-
#5180657	REDUCE cov: 586 ft: 2969 corp: 805/162Kb lim: 4096 exec/s: 8736 rss: 876Mb L: 156/3795 MS: 3 ChangeByte-EraseBytes-CrossOver-
#5181498	REDUCE cov: 586 ft: 2969 corp: 805/162Kb lim: 4096 exec/s: 8723 rss: 876Mb L: 211/3795 MS: 1 EraseBytes-
#5186193	REDUCE cov: 586 ft: 2969 corp: 805/162Kb lim: 4096 exec/s: 8730 rss: 876Mb L: 95/3795 MS: 5 ShuffleBytes-ChangeBit-PersAutoDict-EraseBytes-CopyPart- DE: "\001\000\000\000\000\000\000s"-
#5186536	REDUCE cov: 586 ft: 2969 corp: 805/162Kb lim: 4096 exec/s: 8731 rss: 876Mb L: 2884/3795 MS: 3 PersAutoDict-PersAutoDict-EraseBytes- DE: "\001Z"-")\000"-
#5189812	REDUCE cov: 586 ft: 2969 corp: 805/162Kb lim: 4096 exec/s: 8722 rss: 876Mb L: 466/3795 MS: 1 EraseBytes-
#5194944	REDUCE cov: 586 ft: 2969 corp: 805/162Kb lim: 4096 exec/s: 8716 rss: 876Mb L: 3763/3763 MS: 2 ChangeBinInt-EraseBytes-
#5197301	REDUCE cov: 586 ft: 2969 corp: 805/162Kb lim: 4096 exec/s: 8720 rss: 876Mb L: 161/3763 MS: 2 PersAutoDict-EraseBytes- DE: "\000\376"-
#5205570	REDUCE cov: 586 ft: 2969 corp: 805/162Kb lim: 4096 exec/s: 8704 rss: 876Mb L: 2281/3763 MS: 4 CopyPart-ShuffleBytes-ChangeByte-CrossOver-
#5207821	REDUCE cov: 586 ft: 2969 corp: 805/162Kb lim: 4096 exec/s: 8708 rss: 876Mb L: 816/3763 MS: 1 EraseBytes-
#5207917	REDUCE cov: 586 ft: 2969 corp: 805/162Kb lim: 4096 exec/s: 8708 rss: 876Mb L: 3746/3746 MS: 1 EraseBytes-
#5208338	REDUCE cov: 586 ft: 2969 corp: 805/161Kb lim: 4096 exec/s: 8709 rss: 876Mb L: 1860/3746 MS: 1 CrossOver-
#5208390	REDUCE cov: 586 ft: 2969 corp: 805/161Kb lim: 4096 exec/s: 8709 rss: 876Mb L: 1574/3746 MS: 2 ChangeBinInt-EraseBytes-
#5210011	REDUCE cov: 586 ft: 2969 corp: 805/161Kb lim: 4096 exec/s: 8697 rss: 876Mb L: 81/3746 MS: 1 EraseBytes-
#5210062	REDUCE cov: 586 ft: 2969 corp: 805/161Kb lim: 4096 exec/s: 8697 rss: 876Mb L: 93/3746 MS: 1 EraseBytes-
#5216525	REDUCE cov: 586 ft: 2969 corp: 805/161Kb lim: 4096 exec/s: 8708 rss: 876Mb L: 178/3746 MS: 3 ChangeBit-ChangeByte-EraseBytes-
#5216536	REDUCE cov: 586 ft: 2969 corp: 805/161Kb lim: 4096 exec/s: 8708 rss: 876Mb L: 69/3746 MS: 1 EraseBytes-
#5219977	REDUCE cov: 586 ft: 2969 corp: 805/161Kb lim: 4096 exec/s: 8699 rss: 876Mb L: 14/3746 MS: 1 EraseBytes-
#5222509	REDUCE cov: 586 ft: 2969 corp: 805/161Kb lim: 4096 exec/s: 8704 rss: 876Mb L: 1294/3746 MS: 2 ChangeBit-EraseBytes-
#5223085	REDUCE cov: 586 ft: 2969 corp: 805/161Kb lim: 4096 exec/s: 8705 rss: 876Mb L: 2042/3746 MS: 1 EraseBytes-
#5223671	REDUCE cov: 586 ft: 2969 corp: 805/161Kb lim: 4096 exec/s: 8706 rss: 876Mb L: 69/3746 MS: 1 EraseBytes-
#5224001	DONE   cov: 586 ft: 2969 corp: 805/161Kb lim: 4096 exec/s: 8692 rss: 876Mb
###### Recommended dictionary. ######
"\377\377\377\377" # Uses: 3589
"]\000" # Uses: 3543
"\377\377\377\377\377\377\377\377" # Uses: 3564
"d\000\000\000" # Uses: 3567
"\000\000\000\000\000\000\000\000" # Uses: 3387
"\001\000\000\000\000\000\000," # Uses: 3429
"\001\032" # Uses: 3568
"\200\000\000\000\000\000\000\001" # Uses: 3347
"\200\000\000\000\000\000\000\000" # Uses: 3435
"z\000" # Uses: 3544
"\377\204" # Uses: 3476
"\001\205" # Uses: 3465
"\201\000\000\000\000\000\000N" # Uses: 3350
"\007\000" # Uses: 3579
"\011\000\000\000\000\000\000\000" # Uses: 3315
"\323\377\377\377" # Uses: 3408
"\000\000\000\000\000\000\000\032" # Uses: 3357
"\376\377" # Uses: 3524
"\001\000\000\000\000\000\000\011" # Uses: 3267
"(\000" # Uses: 3464
"\205\000" # Uses: 3514
"\377\377" # Uses: 3581
"\001\000\000\000\000\000\000\000" # Uses: 3325
"\"\000\000\000" # Uses: 3387
"\377\377\377K" # Uses: 3406
"\377\377\377\007" # Uses: 3439
"\000\032" # Uses: 3385
"\010\000\000\000" # Uses: 3416
"\001\000\377\375" # Uses: 3444
"\001\000\000\000\000\000\000\001" # Uses: 3279
"\373\377\000\000" # Uses: 3372
"\204\000\000\000" # Uses: 3301
"\001\000\000\000\000\000\000\200" # Uses: 3320
"\000\000\000\000\000\000\000\010" # Uses: 3106
"\002\000\000\000\000\000\000\000" # Uses: 3211
"\001\200" # Uses: 3460
"\031\000" # Uses: 3364
"\001\000\377\374" # Uses: 3309
"\016\000\000\000\000\000\000\000" # Uses: 3157
"\001\000\000'" # Uses: 3172
"\001h" # Uses: 3237
"\377\377\377\015" # Uses: 3232
"\201\000\000\000" # Uses: 3170
"\012\000\000\000\000\000\000\000" # Uses: 3122
"\001\000\000\016" # Uses: 3146
"\000\000\000\001" # Uses: 3132
"\001\000\000\000\000\000\000\006" # Uses: 3122
"\000\000\000\000\000\000\000\017" # Uses: 2956
" \000\000\000\000\000\000\000" # Uses: 3005
"\377\377\007\000" # Uses: 3078
" \000" # Uses: 3210
"\000\200" # Uses: 3136
"\201\000\000\000\000\000\000\000" # Uses: 3048
"\001\000\000\000\000\000\000\025" # Uses: 3034
"\377\377\377\377\377\377\3776" # Uses: 3020
"\376\377\377\377\377\377\377\377" # Uses: 3012
"\000\376" # Uses: 3226
"\377g" # Uses: 3126
"\377\374" # Uses: 3141
"\374\377\000\000" # Uses: 3086
"\010\000\000\000\000\000\000\000" # Uses: 2980
"'\000\000\000" # Uses: 3086
"\206\000\000\000" # Uses: 3170
"'\000" # Uses: 3042
"!\000" # Uses: 3182
"\376\377\377\377\377\377\377\177" # Uses: 2971
"\000\000\000\000" # Uses: 3032
"\377\377\377\377\377\377\377A" # Uses: 2945
"\246\000" # Uses: 3222
"\001\000\000\000\000\000\000\027" # Uses: 3033
"\005\000\000\000\000\000\000\000" # Uses: 2905
"t\000" # Uses: 3047
"\007\000\000\000" # Uses: 2890
"\377\377\377/" # Uses: 3063
"\377\375" # Uses: 3048
"\001\000\000\000" # Uses: 2963
"\000\000\000\007" # Uses: 3119
"\001\000\000-" # Uses: 3017
"X\026\000\000" # Uses: 2936
"\377[" # Uses: 3079
"\364\000\000\000\000\000\000\000" # Uses: 2863
"@\000\000\000" # Uses: 2846
"\377\242" # Uses: 3032
"\377\377\377\377\377\377\377\003" # Uses: 2814
"\000\010" # Uses: 3014
"\000\000\000\010" # Uses: 2957
"\000\000\000\000\000\000\000\003" # Uses: 2840
"\177\000\000\000\000\000\000\003" # Uses: 2810
"\001\005" # Uses: 2879
"\0010" # Uses: 2962
"y\000\000\000\000\000\000\000" # Uses: 2739
"\000s" # Uses: 2877
"@\000" # Uses: 2870
"\373\377" # Uses: 2929
"\013\000\000\000\000\000\000\000" # Uses: 2785
"\0006" # Uses: 2870
"\001\016" # Uses: 2886
"\005\000" # Uses: 2868
"\377\013" # Uses: 2761
"O\000" # Uses: 2879
"\204\000" # Uses: 2789
"\004\000\000\000\000\000\000\000" # Uses: 2730
"c\000\000\000" # Uses: 2801
"\000\000\000\000\000\000\000x" # Uses: 2662
"\376\377\000\000" # Uses: 2778
"/\000" # Uses: 2697
"\000\000\000\373" # Uses: 2773
"\377\377\377\177" # Uses: 2652
"0\000" # Uses: 2649
"\001\\" # Uses: 2614
"\000\000\000A" # Uses: 2671
"\377\377\377[" # Uses: 2503
"#\000" # Uses: 2594
"\376\375" # Uses: 2614
"\000R" # Uses: 2591
"\377\377\377\377\377\377\377d" # Uses: 2521
"\000\000\377\375" # Uses: 2590
"\377N" # Uses: 2635
"\377V" # Uses: 2545
"\001\231" # Uses: 2501
"\001\000\000\000\000\000\002)" # Uses: 2390
"\377\377\377\377\377\377\377\177" # Uses: 2347
"\001\000\000\000\000\000\000\365" # Uses: 2408
"\377\377\377?" # Uses: 2435
"\001Z" # Uses: 2405
"m\000\000\000\000\000\000\000" # Uses: 2275
"\201\000\000\000\000\000\000\004" # Uses: 2429
"\377D" # Uses: 2438
"\001\000\000\000\000\000\000\010" # Uses: 2274
"\001\000\000\000\000\000\000s" # Uses: 2257
"\011\000" # Uses: 2317
"\000\016" # Uses: 2336
"\001\000\000\000\000\000\000\003" # Uses: 2208
"\000[" # Uses: 2208
"\000\000\000\000\000\000\000\016" # Uses: 2186
"\012\000\000\000" # Uses: 2199
"\374\377" # Uses: 2279
"J\000\000\000\000\000\000\000" # Uses: 2108
"\001\000\000\000\000\000\000\356" # Uses: 2134
"\001\001\000\000" # Uses: 2115
"\000\000\000\231" # Uses: 2095
"\377\377\377\204" # Uses: 2125
"\001\000\0001" # Uses: 2044
"\001J" # Uses: 2084
",\000\000\000" # Uses: 1953
"\025\000\000\000\000\000\000\000" # Uses: 1945
"\017\000\000\000" # Uses: 1936
"\011\000\000\000" # Uses: 1988
")\000" # Uses: 1886
"\001\000\000\205" # Uses: 1790
"\377\031" # Uses: 1848
"\003\000\000\000\000\000\000\200" # Uses: 1716
"\001\000\000a" # Uses: 1779
"\000\000\000\322" # Uses: 1704
"r\000" # Uses: 1676
"\\\000\000\000" # Uses: 1596
"\177\000\000\000\000\000\000\000" # Uses: 1596
"\206\000" # Uses: 1633
"\377\007" # Uses: 1581
"\001\000\000 " # Uses: 1481
"\377\377\377\377\377\377\377S" # Uses: 1445
"\377\377\377\377\377\377\377\243" # Uses: 1511
"\205\000\000\000" # Uses: 1418
"\377\377\000\377" # Uses: 1473
"\001\000" # Uses: 1358
"\001\000\000h" # Uses: 1349
"\377d" # Uses: 1370
"\015\000" # Uses: 1330
"\000\000\000\000\000\000\000)" # Uses: 1261
" \000\000\000" # Uses: 1229
"\377\377\376\375" # Uses: 1144
"\377\177" # Uses: 1193
"\000\000\000\000\000\000\000\372" # Uses: 1114
"\001\000\220\205" # Uses: 976
"\034\000\000\000" # Uses: 968
"\235\001\000\000\000\000\000\000" # Uses: 873
"2\000" # Uses: 904
"3\000\000\000" # Uses: 741
"-\000\000\000\000\000\000\000" # Uses: 629
"\016\000" # Uses: 596
"_\000\000\000" # Uses: 553
"\000\000\000\022" # Uses: 589
"\200\000" # Uses: 572
"\375\377\000\000" # Uses: 524
"\026\000\000\000\000\000\000\000" # Uses: 498
"\256\000\000\000" # Uses: 496
"\001\000\000(" # Uses: 425
"\005\000\000\000\000\000\000\200" # Uses: 385
"\255\000" # Uses: 382
"\001\000\000\000\000\000\000\033" # Uses: 343
"\265\002\000\000\000\000\000\000" # Uses: 283
"\001\010" # Uses: 260
"\000\000" # Uses: 202
"1'" # Uses: 149
"\000\000\000\000\000\000\000\020" # Uses: 149
"\000\000\000\032" # Uses: 159
"3\003\000\000\000\000\000\000" # Uses: 126
"\003\002\000\000\000\000\000\000" # Uses: 115
"\377)" # Uses: 76
"\000(" # Uses: 70
###### End of recommended dictionary. ######
Done 5224001 runs in 601 second(s)
finished_at=2026-09-09T16:32:45Z
