warning: binary `fuzz_bind` should have a kebab-case name
   |
 1 | /Users/user/code/rsWordParser/fuzz/target/.../fuzz_bind
   |                                               ^^^^^^^^^
   |
   = note: `cargo::non_kebab_case_bins` is set to `warn` by default
help: to change the binary name to `fuzz-bind`, convert `bin.name`
  --> Cargo.toml:58:8
   |
58 - name = "fuzz_bind"
58 + name = "fuzz-bind"
   |
warning: binary `fuzz_edit` should have a kebab-case name
   |
 1 | /Users/user/code/rsWordParser/fuzz/target/.../fuzz_edit
   |                                               ^^^^^^^^^
   |
help: to change the binary name to `fuzz-edit`, convert `bin.name`
  --> Cargo.toml:51:8
   |
51 - name = "fuzz_edit"
51 + name = "fuzz-edit"
   |
warning: binary `fuzz_embedded` should have a kebab-case name
   |
 1 | /Users/user/code/rsWordParser/fuzz/target/.../fuzz_embedded
   |                                               ^^^^^^^^^^^^^
   |
help: to change the binary name to `fuzz-embedded`, convert `bin.name`
  --> Cargo.toml:44:8
   |
44 - name = "fuzz_embedded"
44 + name = "fuzz-embedded"
   |
warning: binary `fuzz_instr` should have a kebab-case name
   |
 1 | /Users/user/code/rsWordParser/fuzz/target/.../fuzz_instr
   |                                               ^^^^^^^^^^
   |
help: to change the binary name to `fuzz-instr`, convert `bin.name`
  --> Cargo.toml:37:8
   |
37 - name = "fuzz_instr"
37 + name = "fuzz-instr"
   |
warning: binary `fuzz_xml` should have a kebab-case name
   |
 1 | /Users/user/code/rsWordParser/fuzz/target/.../fuzz_xml
   |                                               ^^^^^^^^
   |
help: to change the binary name to `fuzz-xml`, convert `bin.name`
  --> Cargo.toml:23:8
   |
23 - name = "fuzz_xml"
23 + name = "fuzz-xml"
   |
warning: binary `fuzz_zip` should have a kebab-case name
   |
 1 | /Users/user/code/rsWordParser/fuzz/target/.../fuzz_zip
   |                                               ^^^^^^^^
   |
help: to change the binary name to `fuzz-zip`, convert `bin.name`
  --> Cargo.toml:30:8
   |
30 - name = "fuzz_zip"
30 + name = "fuzz-zip"
   |
warning: `rsword-fuzz` (manifest) generated 6 warnings
warning: binary `rsword_e2e_driver` should have a kebab-case name
  |
1 | /Users/user/code/rsWordParser/fuzz/target/.../rsword_e2e_driver
  |                                               ^^^^^^^^^^^^^^^^^
  |
  = note: `cargo::non_kebab_case_bins` is set to `warn` by default
help: to change the binary name to `rsword-e2e-driver`, convert the file stem
  |
1 - src/bin/rsword_e2e_driver.rs
1 + src/bin/rsword-e2e-driver.rs
  |
warning: `rsword` (manifest) generated 1 warning
    Blocking waiting for file lock on package cache
    Blocking waiting for file lock on package cache
    Blocking waiting for file lock on package cache
    Blocking waiting for file lock on build directory
    Finished `release` profile [optimized + debuginfo] target(s) in 0.10s
warning: binary `fuzz_bind` should have a kebab-case name
   |
 1 | /Users/user/code/rsWordParser/fuzz/target/.../fuzz_bind
   |                                               ^^^^^^^^^
   |
   = note: `cargo::non_kebab_case_bins` is set to `warn` by default
help: to change the binary name to `fuzz-bind`, convert `bin.name`
  --> Cargo.toml:58:8
   |
58 - name = "fuzz_bind"
58 + name = "fuzz-bind"
   |
warning: binary `fuzz_edit` should have a kebab-case name
   |
 1 | /Users/user/code/rsWordParser/fuzz/target/.../fuzz_edit
   |                                               ^^^^^^^^^
   |
help: to change the binary name to `fuzz-edit`, convert `bin.name`
  --> Cargo.toml:51:8
   |
51 - name = "fuzz_edit"
51 + name = "fuzz-edit"
   |
warning: binary `fuzz_embedded` should have a kebab-case name
   |
 1 | /Users/user/code/rsWordParser/fuzz/target/.../fuzz_embedded
   |                                               ^^^^^^^^^^^^^
   |
help: to change the binary name to `fuzz-embedded`, convert `bin.name`
  --> Cargo.toml:44:8
   |
44 - name = "fuzz_embedded"
44 + name = "fuzz-embedded"
   |
warning: binary `fuzz_instr` should have a kebab-case name
   |
 1 | /Users/user/code/rsWordParser/fuzz/target/.../fuzz_instr
   |                                               ^^^^^^^^^^
   |
help: to change the binary name to `fuzz-instr`, convert `bin.name`
  --> Cargo.toml:37:8
   |
37 - name = "fuzz_instr"
37 + name = "fuzz-instr"
   |
warning: binary `fuzz_xml` should have a kebab-case name
   |
 1 | /Users/user/code/rsWordParser/fuzz/target/.../fuzz_xml
   |                                               ^^^^^^^^
   |
help: to change the binary name to `fuzz-xml`, convert `bin.name`
  --> Cargo.toml:23:8
   |
23 - name = "fuzz_xml"
23 + name = "fuzz-xml"
   |
warning: binary `fuzz_zip` should have a kebab-case name
   |
 1 | /Users/user/code/rsWordParser/fuzz/target/.../fuzz_zip
   |                                               ^^^^^^^^
   |
help: to change the binary name to `fuzz-zip`, convert `bin.name`
  --> Cargo.toml:30:8
   |
30 - name = "fuzz_zip"
30 + name = "fuzz-zip"
   |
warning: `rsword-fuzz` (manifest) generated 6 warnings
warning: binary `rsword_e2e_driver` should have a kebab-case name
  |
1 | /Users/user/code/rsWordParser/fuzz/target/.../rsword_e2e_driver
  |                                               ^^^^^^^^^^^^^^^^^
  |
  = note: `cargo::non_kebab_case_bins` is set to `warn` by default
help: to change the binary name to `rsword-e2e-driver`, convert the file stem
  |
1 - src/bin/rsword_e2e_driver.rs
1 + src/bin/rsword-e2e-driver.rs
  |
warning: `rsword` (manifest) generated 1 warning
    Blocking waiting for file lock on package cache
    Finished `release` profile [optimized + debuginfo] target(s) in 0.03s
     Running `target/aarch64-apple-darwin/release/fuzz_xml -artifact_prefix=/Users/user/code/rsWordParser/fuzz/artifacts/fuzz_xml/ -max_total_time=30 -timeout=20 -rss_limit_mb=4096 -artifact_prefix=/tmp/rsword-fuzz-artifacts-fuzz_xml.FmdmHE/ /tmp/rsword-fuzz-fuzz_xml.o45LMI`
INFO: Running with entropic power schedule (0xFF, 100).
INFO: Seed: 1057778823
INFO: Loaded 1 modules   (524832 inline 8-bit counters): 524832 [0x10420d8a0, 0x10428dac0), 
INFO: Loaded 1 PC tables (524832 PCs): 524832 [0x10428dac0,0x104a8fcc0), 
INFO:       23 files found in /tmp/rsword-fuzz-fuzz_xml.o45LMI
INFO: -max_len is not provided; libFuzzer will not generate inputs larger than 4096 bytes
INFO: seed corpus: files: 23 min: 208b max: 899b total: 11082b rss: 47Mb
#24	INITED cov: 932 ft: 2608 corp: 21/10224b exec/s: 0 rss: 50Mb
	NEW_FUNC[1/7]: 0x0001023806fc in _RINvNtCs7oq3hgLOR5a_4core3ptr9drop_glueINtNtCs7a5mATVz8u3_5alloc3vec3VecINtNtBG_4sync3ArceEEECsaadRk6yvHw6_6rsword+0x0 (fuzz_xml:arm64+0x1000b06fc)
	NEW_FUNC[2/7]: 0x000102381c3c in _RINvNtCs7oq3hgLOR5a_4core3ptr9drop_glueINtNtCs7a5mATVz8u3_5alloc3vec3VecNtNtCsaadRk6yvHw6_6rsword4diag10DiagnosticEEB1c_+0x0 (fuzz_xml:arm64+0x1000b1c3c)
#25	NEW    cov: 1004 ft: 2736 corp: 22/10603b lim: 899 exec/s: 0 rss: 52Mb L: 379/899 MS: 1 ChangeByte-
#26	NEW    cov: 1008 ft: 2740 corp: 23/10982b lim: 899 exec/s: 0 rss: 52Mb L: 379/899 MS: 1 ChangeBinInt-
	NEW_FUNC[1/1]: 0x00010387ac68 in _RNvXs1i_NtCs7oq3hgLOR5a_4core3fmtReNtB6_7Display3fmtCsaadRk6yvHw6_6rsword+0x0 (fuzz_xml:arm64+0x1015aac68)
#33	NEW    cov: 1014 ft: 2786 corp: 24/11388b lim: 899 exec/s: 0 rss: 52Mb L: 406/899 MS: 2 ChangeASCIIInt-ShuffleBytes-
#39	NEW    cov: 1016 ft: 2816 corp: 25/12287b lim: 899 exec/s: 0 rss: 52Mb L: 899/899 MS: 1 ChangeBit-
#40	NEW    cov: 1024 ft: 2907 corp: 26/12469b lim: 899 exec/s: 0 rss: 52Mb L: 182/899 MS: 1 EraseBytes-
#41	NEW    cov: 1024 ft: 2952 corp: 27/13367b lim: 899 exec/s: 0 rss: 52Mb L: 898/899 MS: 1 CrossOver-
#42	NEW    cov: 1045 ft: 2977 corp: 28/13442b lim: 899 exec/s: 0 rss: 52Mb L: 75/899 MS: 1 CrossOver-
#43	NEW    cov: 1056 ft: 3009 corp: 29/13726b lim: 899 exec/s: 0 rss: 52Mb L: 284/899 MS: 1 ChangeASCIIInt-
#49	NEW    cov: 1061 ft: 3047 corp: 30/14091b lim: 899 exec/s: 0 rss: 52Mb L: 365/899 MS: 1 ChangeByte-
#50	NEW    cov: 1066 ft: 3056 corp: 31/14497b lim: 899 exec/s: 0 rss: 52Mb L: 406/899 MS: 1 ShuffleBytes-
#56	NEW    cov: 1070 ft: 3082 corp: 32/15277b lim: 899 exec/s: 0 rss: 52Mb L: 780/899 MS: 1 ShuffleBytes-
#57	NEW    cov: 1077 ft: 3094 corp: 33/16089b lim: 899 exec/s: 0 rss: 52Mb L: 812/899 MS: 1 ChangeBit-
#58	NEW    cov: 1077 ft: 3108 corp: 34/16Kb lim: 899 exec/s: 0 rss: 52Mb L: 406/899 MS: 1 ChangeASCIIInt-
#59	NEW    cov: 1080 ft: 3114 corp: 35/16Kb lim: 899 exec/s: 0 rss: 53Mb L: 270/899 MS: 1 ChangeBit-
#72	NEW    cov: 1080 ft: 3115 corp: 36/16Kb lim: 899 exec/s: 0 rss: 53Mb L: 107/899 MS: 3 ChangeBit-CMP-CopyPart- DE: "\000\000\000\000"-
#73	NEW    cov: 1080 ft: 3135 corp: 37/16Kb lim: 899 exec/s: 0 rss: 53Mb L: 379/899 MS: 1 CrossOver-
#74	NEW    cov: 1081 ft: 3146 corp: 38/17Kb lim: 899 exec/s: 0 rss: 53Mb L: 837/899 MS: 1 InsertRepeatedBytes-
#81	NEW    cov: 1081 ft: 3162 corp: 39/17Kb lim: 899 exec/s: 0 rss: 53Mb L: 284/899 MS: 2 ShuffleBytes-CopyPart-
#82	NEW    cov: 1081 ft: 3165 corp: 40/18Kb lim: 899 exec/s: 0 rss: 53Mb L: 605/899 MS: 1 CrossOver-
#83	NEW    cov: 1081 ft: 3177 corp: 41/19Kb lim: 899 exec/s: 0 rss: 53Mb L: 518/899 MS: 1 EraseBytes-
#84	NEW    cov: 1081 ft: 3183 corp: 42/19Kb lim: 899 exec/s: 0 rss: 53Mb L: 343/899 MS: 1 CopyPart-
#87	NEW    cov: 1082 ft: 3185 corp: 43/20Kb lim: 899 exec/s: 0 rss: 53Mb L: 690/899 MS: 3 InsertRepeatedBytes-ChangeByte-CopyPart-
#96	NEW    cov: 1082 ft: 3191 corp: 44/20Kb lim: 899 exec/s: 0 rss: 53Mb L: 162/899 MS: 4 InsertRepeatedBytes-CopyPart-CrossOver-EraseBytes-
#98	NEW    cov: 1084 ft: 3194 corp: 45/20Kb lim: 899 exec/s: 0 rss: 53Mb L: 633/899 MS: 2 ChangeBinInt-PersAutoDict- DE: "\000\000\000\000"-
#100	NEW    cov: 1084 ft: 3195 corp: 46/21Kb lim: 899 exec/s: 0 rss: 53Mb L: 818/899 MS: 2 PersAutoDict-EraseBytes- DE: "\000\000\000\000"-
	NEW_FUNC[1/4]: 0x0001022faa28 in _RINvMs2_NtNtCsaadRk6yvHw6_6rsword3xml5parseNtB6_6Parser4diagNtNtCs7a5mATVz8u3_5alloc6string6StringEBa_+0x0 (fuzz_xml:arm64+0x10002aa28)
	NEW_FUNC[2/4]: 0x000103d09318 in _RINvMs6_NtCsbj6Qx8ZjbjC_9hashbrown3rawINtB6_8RawTableTNtNtNtCsaadRk6yvHw6_6rsword3xml8interner8InterneduEE14reserve_rehashNCINvNtB8_3map11make_hasherBQ_uNtNtNtCsaUuYFEltIKL_3std4hash6random11RandomStateE0EBW_+0x0 (fuzz_xml:arm64+0x101a39318)
#101	NEW    cov: 1138 ft: 3250 corp: 47/21Kb lim: 899 exec/s: 0 rss: 53Mb L: 365/899 MS: 1 ChangeBit-
#102	NEW    cov: 1141 ft: 3262 corp: 48/22Kb lim: 899 exec/s: 0 rss: 53Mb L: 633/899 MS: 1 CMP- DE: "\001\000\000\000\000\000\000\000"-
#108	NEW    cov: 1142 ft: 3263 corp: 49/23Kb lim: 899 exec/s: 0 rss: 53Mb L: 818/899 MS: 1 ChangeByte-
#109	NEW    cov: 1143 ft: 3270 corp: 50/24Kb lim: 899 exec/s: 0 rss: 53Mb L: 698/899 MS: 1 CMP- DE: "\001\000\000\000\000\000\000\000"-
#111	NEW    cov: 1154 ft: 3320 corp: 51/24Kb lim: 899 exec/s: 0 rss: 53Mb L: 168/899 MS: 2 EraseBytes-EraseBytes-
#117	NEW    cov: 1166 ft: 3347 corp: 52/24Kb lim: 899 exec/s: 0 rss: 53Mb L: 346/899 MS: 1 InsertRepeatedBytes-
#118	NEW    cov: 1166 ft: 3353 corp: 53/24Kb lim: 899 exec/s: 0 rss: 53Mb L: 386/899 MS: 1 EraseBytes-
#129	NEW    cov: 1167 ft: 3354 corp: 54/25Kb lim: 899 exec/s: 0 rss: 54Mb L: 385/899 MS: 1 PersAutoDict- DE: "\001\000\000\000\000\000\000\000"-
#131	NEW    cov: 1173 ft: 3400 corp: 55/25Kb lim: 899 exec/s: 0 rss: 54Mb L: 291/899 MS: 2 EraseBytes-EraseBytes-
#132	NEW    cov: 1174 ft: 3401 corp: 56/25Kb lim: 899 exec/s: 0 rss: 54Mb L: 370/899 MS: 1 EraseBytes-
#138	NEW    cov: 1176 ft: 3406 corp: 57/26Kb lim: 899 exec/s: 0 rss: 54Mb L: 176/899 MS: 1 PersAutoDict- DE: "\001\000\000\000\000\000\000\000"-
#141	NEW    cov: 1186 ft: 3416 corp: 58/26Kb lim: 899 exec/s: 0 rss: 54Mb L: 162/899 MS: 3 CrossOver-ChangeASCIIInt-CrossOver-
#142	NEW    cov: 1187 ft: 3426 corp: 59/27Kb lim: 899 exec/s: 0 rss: 54Mb L: 812/899 MS: 1 ChangeByte-
#143	NEW    cov: 1187 ft: 3429 corp: 60/27Kb lim: 899 exec/s: 0 rss: 54Mb L: 340/899 MS: 1 EraseBytes-
#148	NEW    cov: 1188 ft: 3430 corp: 61/27Kb lim: 899 exec/s: 0 rss: 54Mb L: 440/899 MS: 5 InsertRepeatedBytes-ShuffleBytes-ChangeBinInt-ChangeByte-EraseBytes-
#154	NEW    cov: 1190 ft: 3432 corp: 62/28Kb lim: 899 exec/s: 0 rss: 54Mb L: 735/899 MS: 1 ChangeBinInt-
#157	NEW    cov: 1191 ft: 3433 corp: 63/28Kb lim: 899 exec/s: 0 rss: 54Mb L: 189/899 MS: 3 PersAutoDict-EraseBytes-EraseBytes- DE: "\000\000\000\000"-
#158	NEW    cov: 1191 ft: 3434 corp: 64/29Kb lim: 899 exec/s: 0 rss: 54Mb L: 680/899 MS: 1 EraseBytes-
#164	NEW    cov: 1191 ft: 3438 corp: 65/30Kb lim: 899 exec/s: 0 rss: 54Mb L: 681/899 MS: 1 EraseBytes-
#165	NEW    cov: 1192 ft: 3440 corp: 66/30Kb lim: 899 exec/s: 0 rss: 54Mb L: 183/899 MS: 1 InsertByte-
#171	NEW    cov: 1192 ft: 3448 corp: 67/30Kb lim: 899 exec/s: 0 rss: 54Mb L: 519/899 MS: 1 InsertByte-
#177	NEW    cov: 1192 ft: 3451 corp: 68/31Kb lim: 899 exec/s: 0 rss: 54Mb L: 667/899 MS: 1 InsertRepeatedBytes-
#183	NEW    cov: 1192 ft: 3467 corp: 69/31Kb lim: 899 exec/s: 0 rss: 54Mb L: 176/899 MS: 1 ChangeByte-
#189	REDUCE cov: 1192 ft: 3467 corp: 69/31Kb lim: 899 exec/s: 0 rss: 54Mb L: 377/899 MS: 1 EraseBytes-
#200	NEW    cov: 1192 ft: 3481 corp: 70/31Kb lim: 899 exec/s: 0 rss: 54Mb L: 287/899 MS: 1 ChangeByte-
#202	NEW    cov: 1195 ft: 3486 corp: 71/32Kb lim: 899 exec/s: 0 rss: 54Mb L: 735/899 MS: 2 ShuffleBytes-ChangeASCIIInt-
#224	REDUCE cov: 1195 ft: 3486 corp: 71/32Kb lim: 899 exec/s: 0 rss: 55Mb L: 300/899 MS: 2 ChangeBinInt-EraseBytes-
#236	REDUCE cov: 1195 ft: 3486 corp: 71/32Kb lim: 899 exec/s: 0 rss: 55Mb L: 299/899 MS: 2 ChangeByte-EraseBytes-
#237	NEW    cov: 1195 ft: 3489 corp: 72/33Kb lim: 899 exec/s: 0 rss: 55Mb L: 585/899 MS: 1 EraseBytes-
#241	NEW    cov: 1195 ft: 3495 corp: 73/33Kb lim: 899 exec/s: 0 rss: 55Mb L: 749/899 MS: 4 ChangeASCIIInt-PersAutoDict-ChangeASCIIInt-EraseBytes- DE: "\000\000\000\000"-
#242	NEW    cov: 1195 ft: 3496 corp: 74/34Kb lim: 899 exec/s: 0 rss: 55Mb L: 346/899 MS: 1 ChangeASCIIInt-
#243	NEW    cov: 1195 ft: 3497 corp: 75/34Kb lim: 899 exec/s: 0 rss: 55Mb L: 354/899 MS: 1 EraseBytes-
#244	NEW    cov: 1196 ft: 3501 corp: 76/35Kb lim: 899 exec/s: 0 rss: 55Mb L: 560/899 MS: 1 CopyPart-
#252	NEW    cov: 1198 ft: 3505 corp: 77/35Kb lim: 899 exec/s: 0 rss: 55Mb L: 170/899 MS: 3 ChangeASCIIInt-ChangeByte-CMP- DE: "\033\000\000\000\000\000\000\000"-
#258	NEW    cov: 1198 ft: 3515 corp: 78/36Kb lim: 899 exec/s: 0 rss: 55Mb L: 899/899 MS: 1 ChangeBit-
#259	NEW    cov: 1198 ft: 3516 corp: 79/36Kb lim: 899 exec/s: 0 rss: 55Mb L: 266/899 MS: 1 PersAutoDict- DE: "\033\000\000\000\000\000\000\000"-
#279	REDUCE cov: 1198 ft: 3516 corp: 79/36Kb lim: 899 exec/s: 0 rss: 55Mb L: 184/899 MS: 5 CMP-CopyPart-ChangeBit-ChangeBit-CrossOver- DE: "\002\000\000\000\000\000\000\000"-
#310	NEW    cov: 1201 ft: 3527 corp: 80/36Kb lim: 899 exec/s: 0 rss: 55Mb L: 291/899 MS: 1 CMP- DE: "\001\000\000@"-
#311	NEW    cov: 1201 ft: 3528 corp: 81/36Kb lim: 899 exec/s: 0 rss: 55Mb L: 366/899 MS: 1 InsertByte-
#312	NEW    cov: 1210 ft: 3537 corp: 82/37Kb lim: 899 exec/s: 0 rss: 55Mb L: 62/899 MS: 1 EraseBytes-
#316	NEW    cov: 1210 ft: 3543 corp: 83/37Kb lim: 899 exec/s: 0 rss: 55Mb L: 537/899 MS: 4 CopyPart-ShuffleBytes-CrossOver-InsertRepeatedBytes-
#347	NEW    cov: 1211 ft: 3544 corp: 84/37Kb lim: 899 exec/s: 0 rss: 55Mb L: 380/899 MS: 1 InsertByte-
#353	REDUCE cov: 1211 ft: 3544 corp: 84/37Kb lim: 899 exec/s: 0 rss: 55Mb L: 421/899 MS: 1 EraseBytes-
#354	NEW    cov: 1212 ft: 3545 corp: 85/37Kb lim: 899 exec/s: 0 rss: 55Mb L: 305/899 MS: 1 EraseBytes-
#355	NEW    cov: 1213 ft: 3546 corp: 86/38Kb lim: 899 exec/s: 0 rss: 55Mb L: 899/899 MS: 1 CopyPart-
#357	REDUCE cov: 1213 ft: 3546 corp: 86/38Kb lim: 899 exec/s: 0 rss: 55Mb L: 255/899 MS: 2 PersAutoDict-EraseBytes- DE: "\033\000\000\000\000\000\000\000"-
#358	NEW    cov: 1213 ft: 3547 corp: 87/38Kb lim: 899 exec/s: 0 rss: 55Mb L: 273/899 MS: 1 ShuffleBytes-
#359	NEW    cov: 1214 ft: 3580 corp: 88/39Kb lim: 899 exec/s: 0 rss: 55Mb L: 891/899 MS: 1 CopyPart-
#360	NEW    cov: 1215 ft: 3592 corp: 89/40Kb lim: 899 exec/s: 0 rss: 55Mb L: 406/899 MS: 1 CrossOver-
#367	NEW    cov: 1225 ft: 3640 corp: 90/40Kb lim: 899 exec/s: 0 rss: 56Mb L: 168/899 MS: 2 PersAutoDict-CopyPart- DE: "\001\000\000\000\000\000\000\000"-
#388	NEW    cov: 1228 ft: 3646 corp: 91/41Kb lim: 899 exec/s: 0 rss: 56Mb L: 785/899 MS: 1 CrossOver-
#392	NEW    cov: 1229 ft: 3647 corp: 92/41Kb lim: 899 exec/s: 0 rss: 56Mb L: 273/899 MS: 4 ShuffleBytes-InsertRepeatedBytes-EraseBytes-PersAutoDict- DE: "\000\000\000\000"-
#418	NEW    cov: 1230 ft: 3650 corp: 93/41Kb lim: 899 exec/s: 0 rss: 56Mb L: 633/899 MS: 1 ShuffleBytes-
#419	REDUCE cov: 1230 ft: 3650 corp: 93/41Kb lim: 899 exec/s: 0 rss: 56Mb L: 359/899 MS: 1 EraseBytes-
#425	NEW    cov: 1231 ft: 3651 corp: 94/42Kb lim: 899 exec/s: 0 rss: 56Mb L: 270/899 MS: 1 PersAutoDict- DE: "\033\000\000\000\000\000\000\000"-
#446	NEW    cov: 1231 ft: 3657 corp: 95/42Kb lim: 899 exec/s: 0 rss: 56Mb L: 270/899 MS: 1 ChangeBit-
#452	NEW    cov: 1235 ft: 3662 corp: 96/43Kb lim: 899 exec/s: 0 rss: 56Mb L: 837/899 MS: 1 ShuffleBytes-
#453	NEW    cov: 1236 ft: 3667 corp: 97/43Kb lim: 899 exec/s: 0 rss: 56Mb L: 681/899 MS: 1 ChangeBit-
#458	NEW    cov: 1237 ft: 3668 corp: 98/44Kb lim: 899 exec/s: 0 rss: 56Mb L: 284/899 MS: 5 ChangeBinInt-ChangeBit-CopyPart-ChangeByte-ChangeBit-
#459	NEW    cov: 1238 ft: 3674 corp: 99/44Kb lim: 899 exec/s: 0 rss: 56Mb L: 346/899 MS: 1 ChangeByte-
#460	NEW    cov: 1242 ft: 3710 corp: 100/45Kb lim: 899 exec/s: 0 rss: 56Mb L: 735/899 MS: 1 ChangeASCIIInt-
#466	NEW    cov: 1246 ft: 3720 corp: 101/46Kb lim: 899 exec/s: 0 rss: 56Mb L: 818/899 MS: 1 CopyPart-
#472	NEW    cov: 1246 ft: 3732 corp: 102/46Kb lim: 899 exec/s: 0 rss: 56Mb L: 176/899 MS: 1 CopyPart-
#484	NEW    cov: 1249 ft: 3739 corp: 103/46Kb lim: 899 exec/s: 0 rss: 56Mb L: 585/899 MS: 2 ShuffleBytes-ShuffleBytes-
#485	NEW    cov: 1250 ft: 3743 corp: 104/47Kb lim: 899 exec/s: 0 rss: 56Mb L: 637/899 MS: 1 PersAutoDict- DE: "\001\000\000\000\000\000\000\000"-
#501	NEW    cov: 1250 ft: 3747 corp: 105/48Kb lim: 899 exec/s: 0 rss: 56Mb L: 743/899 MS: 1 PersAutoDict- DE: "\001\000\000\000\000\000\000\000"-
#502	REDUCE cov: 1250 ft: 3747 corp: 105/47Kb lim: 899 exec/s: 0 rss: 56Mb L: 501/899 MS: 1 EraseBytes-
#509	REDUCE cov: 1251 ft: 3749 corp: 106/48Kb lim: 899 exec/s: 0 rss: 56Mb L: 418/899 MS: 2 InsertRepeatedBytes-CrossOver-
#520	NEW    cov: 1252 ft: 3752 corp: 107/48Kb lim: 899 exec/s: 0 rss: 56Mb L: 299/899 MS: 1 PersAutoDict- DE: "\001\000\000\000\000\000\000\000"-
#532	REDUCE cov: 1252 ft: 3752 corp: 107/48Kb lim: 899 exec/s: 0 rss: 56Mb L: 238/899 MS: 2 CMP-EraseBytes- DE: "\376\377\377\377"-
#533	NEW    cov: 1253 ft: 3758 corp: 108/49Kb lim: 899 exec/s: 0 rss: 56Mb L: 731/899 MS: 1 ChangeBit-
#536	NEW    cov: 1254 ft: 3769 corp: 109/49Kb lim: 899 exec/s: 0 rss: 57Mb L: 731/899 MS: 3 PersAutoDict-ChangeASCIIInt-CrossOver- DE: "\000\000\000\000"-
#537	REDUCE cov: 1254 ft: 3769 corp: 109/49Kb lim: 899 exec/s: 0 rss: 57Mb L: 193/899 MS: 1 EraseBytes-
#538	NEW    cov: 1254 ft: 3776 corp: 110/50Kb lim: 899 exec/s: 0 rss: 57Mb L: 744/899 MS: 1 InsertByte-
#544	NEW    cov: 1254 ft: 3779 corp: 111/51Kb lim: 899 exec/s: 0 rss: 57Mb L: 743/899 MS: 1 ChangeBinInt-
#560	NEW    cov: 1254 ft: 3783 corp: 112/51Kb lim: 899 exec/s: 0 rss: 57Mb L: 183/899 MS: 1 CrossOver-
#561	NEW    cov: 1254 ft: 3784 corp: 113/51Kb lim: 899 exec/s: 0 rss: 57Mb L: 273/899 MS: 1 CrossOver-
#567	NEW    cov: 1255 ft: 3785 corp: 114/52Kb lim: 899 exec/s: 0 rss: 57Mb L: 208/899 MS: 1 ChangeBinInt-
#568	NEW    cov: 1255 ft: 3786 corp: 115/52Kb lim: 899 exec/s: 0 rss: 57Mb L: 267/899 MS: 1 InsertByte-
#569	NEW    cov: 1258 ft: 3791 corp: 116/52Kb lim: 899 exec/s: 0 rss: 57Mb L: 681/899 MS: 1 PersAutoDict- DE: "\033\000\000\000\000\000\000\000"-
#581	NEW    cov: 1261 ft: 3794 corp: 117/53Kb lim: 899 exec/s: 0 rss: 57Mb L: 463/899 MS: 2 ChangeByte-InsertRepeatedBytes-
#582	NEW    cov: 1261 ft: 3795 corp: 118/53Kb lim: 899 exec/s: 0 rss: 57Mb L: 585/899 MS: 1 ChangeByte-
#591	NEW    cov: 1269 ft: 3805 corp: 119/54Kb lim: 899 exec/s: 0 rss: 57Mb L: 112/899 MS: 4 InsertByte-PersAutoDict-ShuffleBytes-CrossOver- DE: "\376\377\377\377"-
#617	REDUCE cov: 1269 ft: 3805 corp: 119/53Kb lim: 899 exec/s: 0 rss: 57Mb L: 203/899 MS: 1 EraseBytes-
#623	NEW    cov: 1269 ft: 3808 corp: 120/54Kb lim: 899 exec/s: 0 rss: 57Mb L: 185/899 MS: 1 InsertRepeatedBytes-
#626	REDUCE cov: 1269 ft: 3808 corp: 120/54Kb lim: 899 exec/s: 0 rss: 57Mb L: 183/899 MS: 3 CrossOver-CopyPart-EraseBytes-
#627	NEW    cov: 1269 ft: 3819 corp: 121/54Kb lim: 899 exec/s: 0 rss: 57Mb L: 585/899 MS: 1 ChangeBit-
#634	REDUCE cov: 1269 ft: 3819 corp: 121/54Kb lim: 899 exec/s: 0 rss: 57Mb L: 432/899 MS: 2 InsertByte-EraseBytes-
#637	NEW    cov: 1277 ft: 3831 corp: 122/55Kb lim: 899 exec/s: 0 rss: 57Mb L: 890/899 MS: 3 ChangeBit-ShuffleBytes-CopyPart-
#642	NEW    cov: 1278 ft: 3833 corp: 123/55Kb lim: 899 exec/s: 0 rss: 57Mb L: 560/899 MS: 5 PersAutoDict-ShuffleBytes-CrossOver-CrossOver-ShuffleBytes- DE: "\376\377\377\377"-
#651	NEW    cov: 1286 ft: 3841 corp: 124/56Kb lim: 899 exec/s: 0 rss: 57Mb L: 249/899 MS: 4 InsertByte-CrossOver-ChangeBit-EraseBytes-
#652	NEW    cov: 1286 ft: 3843 corp: 125/56Kb lim: 899 exec/s: 0 rss: 57Mb L: 556/899 MS: 1 InsertRepeatedBytes-
#679	NEW    cov: 1286 ft: 3844 corp: 126/57Kb lim: 899 exec/s: 0 rss: 57Mb L: 367/899 MS: 2 InsertByte-InsertByte-
#688	NEW    cov: 1286 ft: 3845 corp: 127/57Kb lim: 899 exec/s: 0 rss: 58Mb L: 720/899 MS: 4 ShuffleBytes-InsertRepeatedBytes-ShuffleBytes-ChangeBit-
#689	NEW    cov: 1286 ft: 3846 corp: 128/58Kb lim: 899 exec/s: 0 rss: 58Mb L: 354/899 MS: 1 PersAutoDict- DE: "\033\000\000\000\000\000\000\000"-
#690	NEW    cov: 1286 ft: 3848 corp: 129/58Kb lim: 899 exec/s: 0 rss: 58Mb L: 183/899 MS: 1 CopyPart-
#721	REDUCE cov: 1286 ft: 3848 corp: 129/58Kb lim: 899 exec/s: 0 rss: 58Mb L: 188/899 MS: 1 EraseBytes-
#722	NEW    cov: 1286 ft: 3849 corp: 130/58Kb lim: 899 exec/s: 0 rss: 58Mb L: 585/899 MS: 1 PersAutoDict- DE: "\033\000\000\000\000\000\000\000"-
#739	NEW    cov: 1287 ft: 3857 corp: 131/59Kb lim: 899 exec/s: 0 rss: 58Mb L: 258/899 MS: 2 ChangeBit-CopyPart-
#747	NEW    cov: 1288 ft: 3858 corp: 132/59Kb lim: 899 exec/s: 0 rss: 58Mb L: 161/899 MS: 3 CopyPart-ChangeASCIIInt-CrossOver-
#749	NEW    cov: 1288 ft: 3859 corp: 133/59Kb lim: 899 exec/s: 0 rss: 58Mb L: 720/899 MS: 2 ShuffleBytes-CopyPart-
#758	NEW    cov: 1288 ft: 3861 corp: 134/60Kb lim: 899 exec/s: 0 rss: 58Mb L: 204/899 MS: 4 ChangeASCIIInt-CrossOver-ChangeBit-EraseBytes-
#765	NEW    cov: 1288 ft: 3867 corp: 135/60Kb lim: 899 exec/s: 0 rss: 58Mb L: 392/899 MS: 2 ShuffleBytes-CopyPart-
#776	NEW    cov: 1290 ft: 3869 corp: 136/61Kb lim: 899 exec/s: 0 rss: 58Mb L: 592/899 MS: 1 CopyPart-
#777	NEW    cov: 1290 ft: 3875 corp: 137/61Kb lim: 899 exec/s: 0 rss: 58Mb L: 653/899 MS: 1 CrossOver-
#786	NEW    cov: 1290 ft: 3876 corp: 138/62Kb lim: 899 exec/s: 0 rss: 58Mb L: 802/899 MS: 4 PersAutoDict-CrossOver-CopyPart-ShuffleBytes- DE: "\002\000\000\000\000\000\000\000"-
#788	NEW    cov: 1292 ft: 3878 corp: 139/62Kb lim: 899 exec/s: 0 rss: 58Mb L: 406/899 MS: 2 ChangeBit-ChangeBinInt-
#790	NEW    cov: 1292 ft: 3892 corp: 140/63Kb lim: 899 exec/s: 0 rss: 58Mb L: 540/899 MS: 2 ChangeBit-EraseBytes-
#801	NEW    cov: 1293 ft: 3898 corp: 141/64Kb lim: 899 exec/s: 0 rss: 58Mb L: 747/899 MS: 1 PersAutoDict- DE: "\001\000\000@"-
#804	REDUCE cov: 1293 ft: 3898 corp: 141/64Kb lim: 899 exec/s: 0 rss: 58Mb L: 318/899 MS: 3 ChangeBit-CMP-EraseBytes- DE: "\000\306"-
#810	NEW    cov: 1293 ft: 3899 corp: 142/65Kb lim: 899 exec/s: 0 rss: 58Mb L: 899/899 MS: 1 PersAutoDict- DE: "\001\000\000@"-
#814	NEW    cov: 1294 ft: 3900 corp: 143/65Kb lim: 899 exec/s: 0 rss: 59Mb L: 743/899 MS: 4 ShuffleBytes-PersAutoDict-CopyPart-CopyPart- DE: "\376\377\377\377"-
#815	NEW    cov: 1294 ft: 3907 corp: 144/66Kb lim: 899 exec/s: 0 rss: 59Mb L: 284/899 MS: 1 PersAutoDict- DE: "\001\000\000\000\000\000\000\000"-
#821	NEW    cov: 1294 ft: 3908 corp: 145/66Kb lim: 899 exec/s: 0 rss: 59Mb L: 540/899 MS: 1 ShuffleBytes-
#825	NEW    cov: 1295 ft: 3909 corp: 146/66Kb lim: 899 exec/s: 0 rss: 59Mb L: 414/899 MS: 4 ChangeASCIIInt-PersAutoDict-ChangeByte-EraseBytes- DE: "\000\000\000\000"-
#831	NEW    cov: 1295 ft: 3913 corp: 147/67Kb lim: 899 exec/s: 0 rss: 59Mb L: 748/899 MS: 1 InsertByte-
#867	NEW    cov: 1298 ft: 3916 corp: 148/67Kb lim: 899 exec/s: 0 rss: 59Mb L: 258/899 MS: 1 CopyPart-
#874	NEW    cov: 1298 ft: 3917 corp: 149/68Kb lim: 899 exec/s: 0 rss: 59Mb L: 465/899 MS: 2 ChangeBinInt-InsertRepeatedBytes-
#876	NEW    cov: 1299 ft: 3918 corp: 150/68Kb lim: 899 exec/s: 0 rss: 59Mb L: 340/899 MS: 2 ShuffleBytes-ChangeByte-
#882	NEW    cov: 1300 ft: 3919 corp: 151/69Kb lim: 899 exec/s: 0 rss: 59Mb L: 436/899 MS: 1 CopyPart-
#893	REDUCE cov: 1300 ft: 3919 corp: 151/69Kb lim: 899 exec/s: 0 rss: 59Mb L: 112/899 MS: 1 EraseBytes-
#894	NEW    cov: 1300 ft: 3920 corp: 152/69Kb lim: 899 exec/s: 0 rss: 59Mb L: 350/899 MS: 1 EraseBytes-
#915	REDUCE cov: 1300 ft: 3920 corp: 152/69Kb lim: 899 exec/s: 0 rss: 59Mb L: 814/899 MS: 1 EraseBytes-
#921	NEW    cov: 1300 ft: 3929 corp: 153/70Kb lim: 899 exec/s: 0 rss: 59Mb L: 812/899 MS: 1 ChangeBinInt-
#978	NEW    cov: 1300 ft: 3930 corp: 154/70Kb lim: 899 exec/s: 0 rss: 59Mb L: 267/899 MS: 2 ChangeASCIIInt-CopyPart-
#992	NEW    cov: 1300 ft: 3931 corp: 155/71Kb lim: 899 exec/s: 0 rss: 60Mb L: 795/899 MS: 4 ChangeASCIIInt-ChangeASCIIInt-InsertRepeatedBytes-CopyPart-
#998	REDUCE cov: 1300 ft: 3931 corp: 155/71Kb lim: 899 exec/s: 0 rss: 60Mb L: 790/899 MS: 1 EraseBytes-
#999	NEW    cov: 1301 ft: 3943 corp: 156/71Kb lim: 899 exec/s: 0 rss: 60Mb L: 466/899 MS: 1 InsertByte-
#1015	NEW    cov: 1302 ft: 3945 corp: 157/72Kb lim: 899 exec/s: 0 rss: 60Mb L: 422/899 MS: 1 PersAutoDict- DE: "\002\000\000\000\000\000\000\000"-
#1016	NEW    cov: 1302 ft: 3946 corp: 158/72Kb lim: 899 exec/s: 0 rss: 60Mb L: 736/899 MS: 1 InsertByte-
#1023	NEW    cov: 1302 ft: 3952 corp: 159/73Kb lim: 899 exec/s: 0 rss: 60Mb L: 728/899 MS: 2 InsertRepeatedBytes-CopyPart-
#1025	REDUCE cov: 1303 ft: 3953 corp: 160/73Kb lim: 899 exec/s: 0 rss: 60Mb L: 403/899 MS: 2 CopyPart-ChangeByte-
#1027	NEW    cov: 1303 ft: 3954 corp: 161/74Kb lim: 899 exec/s: 0 rss: 60Mb L: 733/899 MS: 2 InsertByte-InsertByte-
#1034	NEW    cov: 1303 ft: 3960 corp: 162/74Kb lim: 899 exec/s: 0 rss: 60Mb L: 105/899 MS: 2 CrossOver-EraseBytes-
#1052	NEW    cov: 1304 ft: 3961 corp: 163/75Kb lim: 899 exec/s: 0 rss: 60Mb L: 379/899 MS: 3 ChangeASCIIInt-ChangeBit-ChangeByte-
#1053	NEW    cov: 1304 ft: 3962 corp: 164/75Kb lim: 899 exec/s: 0 rss: 60Mb L: 603/899 MS: 1 CopyPart-
#1054	NEW    cov: 1304 ft: 3963 corp: 165/76Kb lim: 899 exec/s: 0 rss: 60Mb L: 681/899 MS: 1 ChangeASCIIInt-
	NEW_FUNC[1/1]: 0x000103d9cdd4 in _RNvNtNtNtCsgKwZIBsrJpx_6memchr4arch3all9rabinkarp12is_equal_raw+0x0 (fuzz_xml:arm64+0x101accdd4)
#1097	NEW    cov: 1313 ft: 3972 corp: 166/76Kb lim: 899 exec/s: 0 rss: 60Mb L: 58/899 MS: 3 ChangeASCIIInt-ChangeBit-EraseBytes-
#1106	NEW    cov: 1313 ft: 3973 corp: 167/76Kb lim: 899 exec/s: 0 rss: 60Mb L: 628/899 MS: 4 InsertRepeatedBytes-CopyPart-EraseBytes-InsertRepeatedBytes-
#1132	NEW    cov: 1313 ft: 3974 corp: 168/77Kb lim: 899 exec/s: 0 rss: 60Mb L: 744/899 MS: 1 CopyPart-
#1136	NEW    cov: 1313 ft: 3980 corp: 169/78Kb lim: 899 exec/s: 0 rss: 61Mb L: 340/899 MS: 4 ChangeBit-ShuffleBytes-ChangeByte-PersAutoDict- DE: "\033\000\000\000\000\000\000\000"-
#1137	REDUCE cov: 1313 ft: 3980 corp: 169/77Kb lim: 899 exec/s: 0 rss: 61Mb L: 289/899 MS: 1 EraseBytes-
#1163	NEW    cov: 1314 ft: 3981 corp: 170/78Kb lim: 899 exec/s: 0 rss: 61Mb L: 346/899 MS: 1 ChangeASCIIInt-
#1165	NEW    cov: 1314 ft: 3982 corp: 171/78Kb lim: 899 exec/s: 0 rss: 61Mb L: 388/899 MS: 2 ChangeBinInt-PersAutoDict- DE: "\033\000\000\000\000\000\000\000"-
#1176	NEW    cov: 1314 ft: 3983 corp: 172/78Kb lim: 899 exec/s: 0 rss: 61Mb L: 287/899 MS: 1 ShuffleBytes-
#1186	NEW    cov: 1315 ft: 3984 corp: 173/79Kb lim: 899 exec/s: 0 rss: 61Mb L: 456/899 MS: 5 ShuffleBytes-InsertRepeatedBytes-ChangeASCIIInt-ShuffleBytes-PersAutoDict- DE: "\002\000\000\000\000\000\000\000"-
#1199	NEW    cov: 1315 ft: 3985 corp: 174/79Kb lim: 899 exec/s: 0 rss: 61Mb L: 281/899 MS: 3 ShuffleBytes-ChangeASCIIInt-InsertRepeatedBytes-
#1210	REDUCE cov: 1315 ft: 3985 corp: 174/79Kb lim: 899 exec/s: 0 rss: 61Mb L: 509/899 MS: 1 EraseBytes-
#1235	REDUCE cov: 1315 ft: 3985 corp: 174/79Kb lim: 899 exec/s: 0 rss: 61Mb L: 76/899 MS: 5 ChangeByte-CopyPart-ChangeBit-ChangeASCIIInt-EraseBytes-
#1236	REDUCE cov: 1315 ft: 3985 corp: 174/79Kb lim: 899 exec/s: 0 rss: 61Mb L: 468/899 MS: 1 EraseBytes-
#1242	NEW    cov: 1315 ft: 3987 corp: 175/79Kb lim: 899 exec/s: 0 rss: 61Mb L: 252/899 MS: 1 CopyPart-
#1281	NEW    cov: 1315 ft: 3989 corp: 176/79Kb lim: 899 exec/s: 0 rss: 61Mb L: 75/899 MS: 4 ChangeByte-ChangeBinInt-ChangeBinInt-CopyPart-
#1285	NEW    cov: 1316 ft: 3990 corp: 177/79Kb lim: 899 exec/s: 0 rss: 61Mb L: 599/899 MS: 4 EraseBytes-EraseBytes-ChangeByte-CrossOver-
#1291	REDUCE cov: 1316 ft: 3990 corp: 177/79Kb lim: 899 exec/s: 0 rss: 61Mb L: 380/899 MS: 1 EraseBytes-
#1303	NEW    cov: 1316 ft: 3996 corp: 178/80Kb lim: 899 exec/s: 0 rss: 61Mb L: 302/899 MS: 2 InsertRepeatedBytes-EraseBytes-
#1344	REDUCE cov: 1316 ft: 3996 corp: 178/80Kb lim: 899 exec/s: 0 rss: 62Mb L: 120/899 MS: 1 EraseBytes-
#1387	NEW    cov: 1316 ft: 3998 corp: 179/81Kb lim: 899 exec/s: 0 rss: 62Mb L: 878/899 MS: 3 ChangeASCIIInt-ShuffleBytes-CrossOver-
#1404	NEW    cov: 1317 ft: 4001 corp: 180/81Kb lim: 899 exec/s: 0 rss: 62Mb L: 877/899 MS: 2 ChangeASCIIInt-CrossOver-
#1406	NEW    cov: 1318 ft: 4031 corp: 181/82Kb lim: 899 exec/s: 0 rss: 62Mb L: 743/899 MS: 2 ChangeByte-CopyPart-
#1454	NEW    cov: 1319 ft: 4032 corp: 182/82Kb lim: 899 exec/s: 0 rss: 62Mb L: 240/899 MS: 3 ShuffleBytes-ShuffleBytes-EraseBytes-
#1465	NEW    cov: 1319 ft: 4033 corp: 183/83Kb lim: 899 exec/s: 0 rss: 62Mb L: 287/899 MS: 1 ChangeASCIIInt-
#1478	NEW    cov: 1319 ft: 4034 corp: 184/83Kb lim: 899 exec/s: 0 rss: 62Mb L: 699/899 MS: 3 ChangeBit-CrossOver-CopyPart-
#1483	NEW    cov: 1320 ft: 4036 corp: 185/84Kb lim: 899 exec/s: 0 rss: 62Mb L: 349/899 MS: 5 PersAutoDict-ChangeBit-ChangeByte-CopyPart-CrossOver- DE: "\001\000\000@"-
#1485	REDUCE cov: 1320 ft: 4036 corp: 185/84Kb lim: 899 exec/s: 0 rss: 62Mb L: 523/899 MS: 2 ChangeASCIIInt-EraseBytes-
#1496	NEW    cov: 1320 ft: 4038 corp: 186/84Kb lim: 899 exec/s: 0 rss: 62Mb L: 812/899 MS: 1 ChangeByte-
#1514	REDUCE cov: 1320 ft: 4038 corp: 186/84Kb lim: 899 exec/s: 0 rss: 62Mb L: 133/899 MS: 3 ChangeBit-ShuffleBytes-EraseBytes-
#1535	REDUCE cov: 1321 ft: 4040 corp: 187/85Kb lim: 899 exec/s: 0 rss: 63Mb L: 814/899 MS: 1 ShuffleBytes-
#1547	NEW    cov: 1323 ft: 4046 corp: 188/86Kb lim: 899 exec/s: 0 rss: 63Mb L: 466/899 MS: 2 ChangeBinInt-CopyPart-
#1548	NEW    cov: 1334 ft: 4063 corp: 189/86Kb lim: 899 exec/s: 0 rss: 63Mb L: 273/899 MS: 1 CrossOver-
#1555	NEW    cov: 1339 ft: 4068 corp: 190/87Kb lim: 899 exec/s: 0 rss: 63Mb L: 812/899 MS: 2 CopyPart-CrossOver-
#1557	REDUCE cov: 1339 ft: 4076 corp: 191/87Kb lim: 899 exec/s: 0 rss: 63Mb L: 868/899 MS: 2 InsertByte-CopyPart-
#1558	REDUCE cov: 1339 ft: 4076 corp: 191/87Kb lim: 899 exec/s: 0 rss: 63Mb L: 394/899 MS: 1 EraseBytes-
#1581	NEW    cov: 1340 ft: 4077 corp: 192/88Kb lim: 899 exec/s: 0 rss: 63Mb L: 295/899 MS: 3 ShuffleBytes-ShuffleBytes-PersAutoDict- DE: "\002\000\000\000\000\000\000\000"-
#1607	NEW    cov: 1340 ft: 4080 corp: 193/88Kb lim: 899 exec/s: 0 rss: 63Mb L: 748/899 MS: 1 ChangeASCIIInt-
#1610	NEW    cov: 1340 ft: 4091 corp: 194/89Kb lim: 899 exec/s: 0 rss: 63Mb L: 894/899 MS: 3 ChangeBinInt-InsertByte-CopyPart-
#1627	NEW    cov: 1341 ft: 4152 corp: 195/90Kb lim: 899 exec/s: 0 rss: 63Mb L: 899/899 MS: 2 ChangeASCIIInt-CopyPart-
#1629	NEW    cov: 1341 ft: 4153 corp: 196/91Kb lim: 899 exec/s: 0 rss: 63Mb L: 748/899 MS: 2 ChangeBit-CopyPart-
#1663	NEW    cov: 1342 ft: 4154 corp: 197/91Kb lim: 899 exec/s: 0 rss: 64Mb L: 241/899 MS: 4 ChangeASCIIInt-ChangeBit-ChangeASCIIInt-EraseBytes-
#1676	NEW    cov: 1343 ft: 4155 corp: 198/91Kb lim: 899 exec/s: 0 rss: 64Mb L: 241/899 MS: 3 InsertRepeatedBytes-ChangeByte-EraseBytes-
#1687	NEW    cov: 1344 ft: 4156 corp: 199/92Kb lim: 899 exec/s: 0 rss: 64Mb L: 346/899 MS: 1 ChangeBit-
#1699	NEW    cov: 1344 ft: 4160 corp: 200/92Kb lim: 899 exec/s: 0 rss: 64Mb L: 431/899 MS: 2 ChangeBit-ChangeBinInt-
#1728	NEW    cov: 1363 ft: 4196 corp: 201/93Kb lim: 899 exec/s: 0 rss: 64Mb L: 821/899 MS: 4 PersAutoDict-ChangeBinInt-CrossOver-InsertRepeatedBytes- DE: "\001\000\000@"-
#1784	NEW    cov: 1363 ft: 4197 corp: 202/93Kb lim: 899 exec/s: 0 rss: 64Mb L: 138/899 MS: 1 EraseBytes-
#1801	REDUCE cov: 1363 ft: 4197 corp: 202/93Kb lim: 899 exec/s: 0 rss: 64Mb L: 256/899 MS: 2 CrossOver-EraseBytes-
#1827	REDUCE cov: 1363 ft: 4197 corp: 202/93Kb lim: 899 exec/s: 0 rss: 64Mb L: 500/899 MS: 1 EraseBytes-
#1840	REDUCE cov: 1363 ft: 4197 corp: 202/93Kb lim: 899 exec/s: 0 rss: 64Mb L: 352/899 MS: 3 ChangeByte-ShuffleBytes-EraseBytes-
#1846	NEW    cov: 1363 ft: 4198 corp: 203/94Kb lim: 899 exec/s: 0 rss: 64Mb L: 812/899 MS: 1 ChangeBit-
#1877	NEW    cov: 1364 ft: 4199 corp: 204/94Kb lim: 899 exec/s: 0 rss: 65Mb L: 379/899 MS: 1 ShuffleBytes-
#1915	NEW    cov: 1365 ft: 4200 corp: 205/95Kb lim: 899 exec/s: 0 rss: 65Mb L: 803/899 MS: 3 CrossOver-ChangeASCIIInt-CrossOver-
#1929	REDUCE cov: 1367 ft: 4202 corp: 206/96Kb lim: 899 exec/s: 0 rss: 65Mb L: 717/899 MS: 4 ChangeASCIIInt-CopyPart-ChangeByte-InsertRepeatedBytes-
#1931	REDUCE cov: 1367 ft: 4202 corp: 206/96Kb lim: 899 exec/s: 0 rss: 65Mb L: 66/899 MS: 2 CrossOver-EraseBytes-
#1944	REDUCE cov: 1367 ft: 4202 corp: 206/95Kb lim: 899 exec/s: 0 rss: 65Mb L: 311/899 MS: 3 ChangeBit-InsertRepeatedBytes-CrossOver-
#1951	REDUCE cov: 1367 ft: 4202 corp: 206/95Kb lim: 899 exec/s: 0 rss: 65Mb L: 103/899 MS: 2 ChangeByte-EraseBytes-
#1952	NEW    cov: 1368 ft: 4203 corp: 207/96Kb lim: 899 exec/s: 0 rss: 65Mb L: 366/899 MS: 1 ChangeByte-
#1953	NEW    cov: 1368 ft: 4211 corp: 208/96Kb lim: 899 exec/s: 0 rss: 65Mb L: 411/899 MS: 1 EraseBytes-
#1954	NEW    cov: 1369 ft: 4212 corp: 209/96Kb lim: 899 exec/s: 0 rss: 65Mb L: 440/899 MS: 1 EraseBytes-
#1965	NEW    cov: 1369 ft: 4213 corp: 210/97Kb lim: 899 exec/s: 0 rss: 65Mb L: 273/899 MS: 1 ShuffleBytes-
#1971	REDUCE cov: 1369 ft: 4213 corp: 210/97Kb lim: 899 exec/s: 0 rss: 65Mb L: 585/899 MS: 1 EraseBytes-
#2052	NEW    cov: 1370 ft: 4214 corp: 211/97Kb lim: 899 exec/s: 0 rss: 65Mb L: 899/899 MS: 1 ChangeBit-
#2083	NEW    cov: 1373 ft: 4217 corp: 212/98Kb lim: 899 exec/s: 0 rss: 66Mb L: 273/899 MS: 1 CopyPart-
#2084	REDUCE cov: 1373 ft: 4217 corp: 212/98Kb lim: 899 exec/s: 0 rss: 66Mb L: 795/899 MS: 1 EraseBytes-
#2095	NEW    cov: 1376 ft: 4220 corp: 213/98Kb lim: 899 exec/s: 0 rss: 66Mb L: 176/899 MS: 1 ChangeBit-
#2136	REDUCE cov: 1376 ft: 4220 corp: 213/98Kb lim: 899 exec/s: 0 rss: 66Mb L: 43/899 MS: 1 EraseBytes-
#2147	NEW    cov: 1376 ft: 4222 corp: 214/98Kb lim: 899 exec/s: 0 rss: 66Mb L: 241/899 MS: 1 ChangeBit-
#2156	NEW    cov: 1376 ft: 4225 corp: 215/98Kb lim: 899 exec/s: 0 rss: 66Mb L: 418/899 MS: 4 ChangeBit-ChangeASCIIInt-ShuffleBytes-CrossOver-
#2188	REDUCE cov: 1376 ft: 4225 corp: 215/98Kb lim: 899 exec/s: 0 rss: 66Mb L: 420/899 MS: 2 PersAutoDict-EraseBytes- DE: "\002\000\000\000\000\000\000\000"-
#2204	REDUCE cov: 1376 ft: 4225 corp: 215/98Kb lim: 899 exec/s: 0 rss: 66Mb L: 160/899 MS: 1 EraseBytes-
#2210	NEW    cov: 1377 ft: 4226 corp: 216/99Kb lim: 899 exec/s: 0 rss: 66Mb L: 879/899 MS: 1 InsertByte-
#2240	NEW    cov: 1377 ft: 4227 corp: 217/99Kb lim: 899 exec/s: 0 rss: 66Mb L: 550/899 MS: 5 ChangeASCIIInt-InsertByte-CopyPart-ChangeByte-EraseBytes-
#2241	NEW    cov: 1378 ft: 4230 corp: 218/100Kb lim: 899 exec/s: 0 rss: 66Mb L: 324/899 MS: 1 CrossOver-
#2248	NEW    cov: 1378 ft: 4231 corp: 219/100Kb lim: 899 exec/s: 0 rss: 67Mb L: 449/899 MS: 2 ChangeASCIIInt-EraseBytes-
#2265	NEW    cov: 1378 ft: 4232 corp: 220/101Kb lim: 899 exec/s: 0 rss: 67Mb L: 701/899 MS: 2 ChangeBit-EraseBytes-
#2276	NEW    cov: 1379 ft: 4233 corp: 221/101Kb lim: 899 exec/s: 0 rss: 67Mb L: 633/899 MS: 1 CopyPart-
#2292	NEW    cov: 1379 ft: 4234 corp: 222/102Kb lim: 899 exec/s: 0 rss: 67Mb L: 437/899 MS: 1 EraseBytes-
#2299	NEW    cov: 1379 ft: 4235 corp: 223/102Kb lim: 899 exec/s: 0 rss: 67Mb L: 325/899 MS: 2 InsertByte-ShuffleBytes-
#2300	NEW    cov: 1380 ft: 4236 corp: 224/103Kb lim: 899 exec/s: 0 rss: 67Mb L: 588/899 MS: 1 EraseBytes-
#2426	NEW    cov: 1380 ft: 4237 corp: 225/104Kb lim: 899 exec/s: 0 rss: 67Mb L: 735/899 MS: 1 ChangeBit-
#2429	NEW    cov: 1380 ft: 4238 corp: 226/104Kb lim: 899 exec/s: 0 rss: 67Mb L: 588/899 MS: 3 ShuffleBytes-ChangeBit-PersAutoDict- DE: "\001\000\000@"-
#2431	NEW    cov: 1380 ft: 4239 corp: 227/105Kb lim: 899 exec/s: 0 rss: 67Mb L: 491/899 MS: 2 CMP-EraseBytes- DE: "\000\000\000\000"-
#2432	NEW    cov: 1380 ft: 4251 corp: 228/105Kb lim: 899 exec/s: 0 rss: 67Mb L: 406/899 MS: 1 ShuffleBytes-
#2460	NEW    cov: 1380 ft: 4254 corp: 229/105Kb lim: 899 exec/s: 0 rss: 68Mb L: 245/899 MS: 3 ChangeASCIIInt-ChangeBinInt-PersAutoDict- DE: "\000\000\000\000"-
#2461	NEW    cov: 1380 ft: 4262 corp: 230/106Kb lim: 899 exec/s: 0 rss: 68Mb L: 731/899 MS: 1 ShuffleBytes-
#2530	NEW    cov: 1380 ft: 4265 corp: 231/106Kb lim: 899 exec/s: 0 rss: 68Mb L: 28/899 MS: 4 EraseBytes-ChangeBinInt-InsertRepeatedBytes-CrossOver-
#2533	NEW    cov: 1381 ft: 4269 corp: 232/106Kb lim: 899 exec/s: 0 rss: 68Mb L: 287/899 MS: 3 ChangeBinInt-PersAutoDict-CMP- DE: "\033\000\000\000\000\000\000\000"-"\001\000\000:"-
#2574	NEW    cov: 1381 ft: 4270 corp: 233/107Kb lim: 899 exec/s: 0 rss: 68Mb L: 731/899 MS: 1 ChangeASCIIInt-
#2641	NEW    cov: 1381 ft: 4272 corp: 234/107Kb lim: 899 exec/s: 0 rss: 68Mb L: 182/899 MS: 2 CMP-PersAutoDict- DE: "\017\000"-"\001\000\000:"-
#2662	REDUCE cov: 1381 ft: 4272 corp: 234/107Kb lim: 899 exec/s: 0 rss: 68Mb L: 267/899 MS: 1 EraseBytes-
#2689	NEW    cov: 1382 ft: 4275 corp: 235/108Kb lim: 899 exec/s: 0 rss: 68Mb L: 683/899 MS: 2 InsertByte-InsertByte-
#2726	NEW    cov: 1382 ft: 4276 corp: 236/108Kb lim: 899 exec/s: 0 rss: 68Mb L: 276/899 MS: 2 ShuffleBytes-CopyPart-
#2732	NEW    cov: 1382 ft: 4277 corp: 237/108Kb lim: 899 exec/s: 0 rss: 69Mb L: 241/899 MS: 1 ChangeBinInt-
#2743	NEW    cov: 1382 ft: 4280 corp: 238/109Kb lim: 899 exec/s: 0 rss: 69Mb L: 743/899 MS: 1 CopyPart-
#2751	NEW    cov: 1391 ft: 4289 corp: 239/109Kb lim: 899 exec/s: 0 rss: 69Mb L: 306/899 MS: 3 EraseBytes-ChangeBit-EraseBytes-
#2762	NEW    cov: 1393 ft: 4291 corp: 240/110Kb lim: 899 exec/s: 0 rss: 69Mb L: 812/899 MS: 1 ShuffleBytes-
#2763	NEW    cov: 1393 ft: 4292 corp: 241/110Kb lim: 899 exec/s: 0 rss: 69Mb L: 346/899 MS: 1 ShuffleBytes-
#2825	NEW    cov: 1393 ft: 4294 corp: 242/111Kb lim: 899 exec/s: 0 rss: 69Mb L: 106/899 MS: 2 ChangeBit-EraseBytes-
#2846	NEW    cov: 1393 ft: 4295 corp: 243/111Kb lim: 899 exec/s: 0 rss: 69Mb L: 406/899 MS: 1 CopyPart-
#2852	NEW    cov: 1393 ft: 4296 corp: 244/112Kb lim: 899 exec/s: 0 rss: 69Mb L: 682/899 MS: 1 InsertByte-
#2883	REDUCE cov: 1393 ft: 4296 corp: 244/112Kb lim: 899 exec/s: 0 rss: 69Mb L: 233/899 MS: 1 EraseBytes-
#2944	NEW    cov: 1394 ft: 4297 corp: 245/112Kb lim: 899 exec/s: 0 rss: 69Mb L: 633/899 MS: 1 ChangeBit-
#2951	REDUCE cov: 1394 ft: 4297 corp: 245/112Kb lim: 899 exec/s: 0 rss: 69Mb L: 53/899 MS: 2 ChangeByte-EraseBytes-
#2954	NEW    cov: 1396 ft: 4299 corp: 246/112Kb lim: 899 exec/s: 0 rss: 69Mb L: 112/899 MS: 3 PersAutoDict-ShuffleBytes-EraseBytes- DE: "\001\000\000@"-
#2957	REDUCE cov: 1396 ft: 4299 corp: 246/112Kb lim: 899 exec/s: 0 rss: 69Mb L: 74/899 MS: 3 InsertByte-ChangeBit-EraseBytes-
#3018	REDUCE cov: 1396 ft: 4299 corp: 246/112Kb lim: 899 exec/s: 0 rss: 70Mb L: 85/899 MS: 1 EraseBytes-
#3038	NEW    cov: 1397 ft: 4302 corp: 247/113Kb lim: 899 exec/s: 0 rss: 70Mb L: 452/899 MS: 5 ChangeASCIIInt-ShuffleBytes-CopyPart-CMP-InsertRepeatedBytes- DE: "\007\000"-
#3039	REDUCE cov: 1397 ft: 4302 corp: 247/113Kb lim: 899 exec/s: 0 rss: 70Mb L: 313/899 MS: 1 EraseBytes-
#3070	REDUCE cov: 1397 ft: 4302 corp: 247/113Kb lim: 899 exec/s: 0 rss: 70Mb L: 289/899 MS: 1 EraseBytes-
#3152	NEW    cov: 1397 ft: 4303 corp: 248/113Kb lim: 899 exec/s: 0 rss: 70Mb L: 798/899 MS: 2 InsertByte-CopyPart-
#3158	NEW    cov: 1397 ft: 4304 corp: 249/114Kb lim: 899 exec/s: 0 rss: 70Mb L: 736/899 MS: 1 InsertByte-
#3159	REDUCE cov: 1397 ft: 4304 corp: 249/114Kb lim: 899 exec/s: 0 rss: 70Mb L: 297/899 MS: 1 EraseBytes-
#3202	NEW    cov: 1397 ft: 4309 corp: 250/114Kb lim: 899 exec/s: 0 rss: 70Mb L: 479/899 MS: 3 InsertByte-CopyPart-EraseBytes-
	NEW_FUNC[1/1]: 0x0001030b0c60 in _RNvMs2_NtNtCsaadRk6yvHw6_6rsword3xml5parseNtB5_6Parser12parse_opaque+0x0 (fuzz_xml:arm64+0x100de0c60)
#3205	NEW    cov: 1405 ft: 4325 corp: 251/115Kb lim: 899 exec/s: 0 rss: 70Mb L: 745/899 MS: 3 InsertRepeatedBytes-ShuffleBytes-ChangeBit-
#3220	NEW    cov: 1405 ft: 4336 corp: 252/116Kb lim: 899 exec/s: 0 rss: 70Mb L: 367/899 MS: 5 PersAutoDict-ChangeASCIIInt-CMP-ShuffleBytes-CrossOver- DE: "\007\000"-"\001\000\000\000"-
#3221	REDUCE cov: 1405 ft: 4339 corp: 253/116Kb lim: 899 exec/s: 0 rss: 70Mb L: 8/899 MS: 1 CrossOver-
#3248	NEW    cov: 1405 ft: 4340 corp: 254/116Kb lim: 899 exec/s: 0 rss: 71Mb L: 838/899 MS: 2 PersAutoDict-InsertRepeatedBytes- DE: "\002\000\000\000\000\000\000\000"-
#3329	REDUCE cov: 1405 ft: 4340 corp: 254/116Kb lim: 899 exec/s: 0 rss: 71Mb L: 342/899 MS: 1 EraseBytes-
#3343	NEW    cov: 1405 ft: 4341 corp: 255/117Kb lim: 899 exec/s: 0 rss: 71Mb L: 805/899 MS: 4 CopyPart-CopyPart-PersAutoDict-EraseBytes- DE: "\001\000\000\000\000\000\000\000"-
#3351	NEW    cov: 1405 ft: 4342 corp: 256/118Kb lim: 899 exec/s: 0 rss: 71Mb L: 735/899 MS: 3 PersAutoDict-CrossOver-ChangeBinInt- DE: "\033\000\000\000\000\000\000\000"-
#3400	NEW    cov: 1405 ft: 4344 corp: 257/118Kb lim: 899 exec/s: 0 rss: 71Mb L: 291/899 MS: 4 ChangeBit-ChangeBit-ChangeBit-ShuffleBytes-
#3433	NEW    cov: 1406 ft: 4345 corp: 258/118Kb lim: 899 exec/s: 0 rss: 71Mb L: 224/899 MS: 3 InsertRepeatedBytes-ShuffleBytes-PersAutoDict- DE: "\001\000\000:"-
#3435	NEW    cov: 1407 ft: 4346 corp: 259/119Kb lim: 899 exec/s: 0 rss: 71Mb L: 872/899 MS: 2 ShuffleBytes-PersAutoDict- DE: "\001\000\000\000"-
#3462	NEW    cov: 1407 ft: 4350 corp: 260/120Kb lim: 899 exec/s: 0 rss: 71Mb L: 819/899 MS: 2 ChangeBinInt-CrossOver-
#3534	REDUCE cov: 1407 ft: 4350 corp: 260/120Kb lim: 899 exec/s: 0 rss: 72Mb L: 173/899 MS: 2 CrossOver-EraseBytes-
#3580	NEW    cov: 1408 ft: 4351 corp: 261/120Kb lim: 899 exec/s: 0 rss: 72Mb L: 208/899 MS: 1 EraseBytes-
#3626	NEW    cov: 1409 ft: 4352 corp: 262/121Kb lim: 899 exec/s: 0 rss: 72Mb L: 645/899 MS: 1 CopyPart-
#3639	REDUCE cov: 1409 ft: 4352 corp: 262/121Kb lim: 899 exec/s: 0 rss: 72Mb L: 369/899 MS: 3 PersAutoDict-ChangeASCIIInt-EraseBytes- DE: "\000\000\000\000"-
#3656	NEW    cov: 1409 ft: 4366 corp: 263/122Kb lim: 899 exec/s: 0 rss: 72Mb L: 790/899 MS: 2 CopyPart-CopyPart-
#3657	REDUCE cov: 1409 ft: 4366 corp: 263/122Kb lim: 899 exec/s: 0 rss: 72Mb L: 548/899 MS: 1 EraseBytes-
#3728	NEW    cov: 1409 ft: 4367 corp: 264/122Kb lim: 899 exec/s: 0 rss: 72Mb L: 204/899 MS: 1 EraseBytes-
#3834	REDUCE cov: 1409 ft: 4367 corp: 264/122Kb lim: 899 exec/s: 0 rss: 73Mb L: 542/899 MS: 1 EraseBytes-
#3892	NEW    cov: 1409 ft: 4369 corp: 265/122Kb lim: 899 exec/s: 0 rss: 73Mb L: 394/899 MS: 3 PersAutoDict-ShuffleBytes-InsertRepeatedBytes- DE: "\033\000\000\000\000\000\000\000"-
#3958	NEW    cov: 1409 ft: 4371 corp: 266/122Kb lim: 899 exec/s: 0 rss: 73Mb L: 406/899 MS: 1 ShuffleBytes-
#3964	NEW    cov: 1409 ft: 4372 corp: 267/123Kb lim: 899 exec/s: 0 rss: 73Mb L: 245/899 MS: 1 PersAutoDict- DE: "\000\000\000\000"-
#3987	NEW    cov: 1409 ft: 4374 corp: 268/123Kb lim: 899 exec/s: 0 rss: 73Mb L: 743/899 MS: 3 ShuffleBytes-ChangeASCIIInt-ChangeByte-
#3990	NEW    cov: 1409 ft: 4377 corp: 269/124Kb lim: 899 exec/s: 0 rss: 73Mb L: 817/899 MS: 3 ShuffleBytes-PersAutoDict-InsertByte- DE: "\000\000\000\000"-
#4008	NEW    cov: 1409 ft: 4379 corp: 270/125Kb lim: 899 exec/s: 0 rss: 73Mb L: 287/899 MS: 3 ChangeBinInt-ChangeByte-ChangeBit-
#4044	NEW    cov: 1409 ft: 4380 corp: 271/125Kb lim: 899 exec/s: 0 rss: 74Mb L: 752/899 MS: 1 PersAutoDict- DE: "\000\000\000\000"-
#4047	NEW    cov: 1410 ft: 4381 corp: 272/125Kb lim: 899 exec/s: 0 rss: 74Mb L: 258/899 MS: 3 ShuffleBytes-ChangeBinInt-ShuffleBytes-
#4115	REDUCE cov: 1410 ft: 4381 corp: 272/125Kb lim: 899 exec/s: 0 rss: 74Mb L: 188/899 MS: 3 InsertByte-CMP-EraseBytes- DE: "\000\000\000\000\000\000\000\000"-
#4167	REDUCE cov: 1410 ft: 4381 corp: 272/125Kb lim: 899 exec/s: 0 rss: 74Mb L: 538/899 MS: 2 InsertByte-EraseBytes-
#4186	REDUCE cov: 1410 ft: 4381 corp: 272/125Kb lim: 899 exec/s: 0 rss: 74Mb L: 39/899 MS: 4 ChangeByte-CMP-ChangeBit-EraseBytes- DE: "\021\000\000\000\000\000\000\000"-
#4228	REDUCE cov: 1410 ft: 4381 corp: 272/125Kb lim: 899 exec/s: 0 rss: 74Mb L: 151/899 MS: 2 ChangeBit-CrossOver-
#4375	NEW    cov: 1411 ft: 4382 corp: 273/125Kb lim: 899 exec/s: 0 rss: 75Mb L: 171/899 MS: 2 ShuffleBytes-EraseBytes-
#4426	NEW    cov: 1411 ft: 4384 corp: 274/126Kb lim: 899 exec/s: 0 rss: 75Mb L: 287/899 MS: 1 PersAutoDict- DE: "\001\000\000:"-
#4494	NEW    cov: 1411 ft: 4385 corp: 275/126Kb lim: 899 exec/s: 0 rss: 75Mb L: 355/899 MS: 3 ShuffleBytes-InsertByte-CrossOver-
#4500	NEW    cov: 1412 ft: 4386 corp: 276/127Kb lim: 899 exec/s: 0 rss: 75Mb L: 803/899 MS: 1 InsertByte-
#4573	REDUCE cov: 1412 ft: 4386 corp: 276/127Kb lim: 899 exec/s: 0 rss: 75Mb L: 181/899 MS: 3 ChangeByte-ChangeByte-EraseBytes-
#4645	NEW    cov: 1412 ft: 4388 corp: 277/127Kb lim: 899 exec/s: 0 rss: 76Mb L: 731/899 MS: 2 PersAutoDict-CrossOver- DE: "\001\000\000\000"-
#4652	NEW    cov: 1412 ft: 4394 corp: 278/128Kb lim: 899 exec/s: 0 rss: 76Mb L: 899/899 MS: 2 ChangeByte-InsertRepeatedBytes-
#4738	REDUCE cov: 1412 ft: 4394 corp: 278/128Kb lim: 899 exec/s: 0 rss: 76Mb L: 375/899 MS: 1 CrossOver-
#4795	REDUCE cov: 1412 ft: 4394 corp: 278/128Kb lim: 899 exec/s: 0 rss: 76Mb L: 668/899 MS: 2 ChangeBit-EraseBytes-
#4851	REDUCE cov: 1412 ft: 4398 corp: 279/128Kb lim: 899 exec/s: 0 rss: 76Mb L: 70/899 MS: 1 EraseBytes-
#4928	NEW    cov: 1416 ft: 4402 corp: 280/129Kb lim: 899 exec/s: 0 rss: 77Mb L: 743/899 MS: 2 ChangeBit-CrossOver-
#4930	NEW    cov: 1417 ft: 4407 corp: 281/129Kb lim: 899 exec/s: 0 rss: 77Mb L: 387/899 MS: 2 ChangeByte-CopyPart-
#4948	NEW    cov: 1417 ft: 4409 corp: 282/129Kb lim: 899 exec/s: 0 rss: 77Mb L: 287/899 MS: 3 ShuffleBytes-ChangeByte-ChangeBinInt-
#4972	REDUCE cov: 1417 ft: 4409 corp: 282/129Kb lim: 899 exec/s: 0 rss: 77Mb L: 289/899 MS: 4 ChangeByte-ChangeByte-CrossOver-EraseBytes-
#4979	NEW    cov: 1417 ft: 4410 corp: 283/130Kb lim: 899 exec/s: 0 rss: 77Mb L: 819/899 MS: 2 ChangeBinInt-ChangeBit-
#5002	NEW    cov: 1419 ft: 4412 corp: 284/131Kb lim: 899 exec/s: 0 rss: 77Mb L: 899/899 MS: 3 ChangeBinInt-CopyPart-ChangeByte-
#5014	REDUCE cov: 1419 ft: 4412 corp: 284/131Kb lim: 899 exec/s: 0 rss: 77Mb L: 74/899 MS: 2 ChangeBit-EraseBytes-
#5028	NEW    cov: 1421 ft: 4414 corp: 285/131Kb lim: 899 exec/s: 0 rss: 77Mb L: 5/899 MS: 4 ChangeByte-PersAutoDict-ChangeByte-EraseBytes- DE: "\001\000\000\000\000\000\000\000"-
#5043	NEW    cov: 1421 ft: 4415 corp: 286/131Kb lim: 899 exec/s: 0 rss: 77Mb L: 572/899 MS: 5 CrossOver-CrossOver-ChangeBit-ShuffleBytes-EraseBytes-
#5185	NEW    cov: 1421 ft: 4417 corp: 287/132Kb lim: 899 exec/s: 0 rss: 78Mb L: 261/899 MS: 2 CopyPart-EraseBytes-
#5189	NEW    cov: 1424 ft: 4420 corp: 288/132Kb lim: 899 exec/s: 0 rss: 78Mb L: 1/899 MS: 4 EraseBytes-EraseBytes-ChangeBinInt-CrossOver-
#5190	NEW    cov: 1425 ft: 4421 corp: 289/132Kb lim: 899 exec/s: 0 rss: 78Mb L: 183/899 MS: 1 CrossOver-
#5202	NEW    cov: 1425 ft: 4424 corp: 290/132Kb lim: 899 exec/s: 0 rss: 78Mb L: 10/899 MS: 2 CrossOver-CrossOver-
#5270	REDUCE cov: 1425 ft: 4424 corp: 290/132Kb lim: 899 exec/s: 0 rss: 78Mb L: 169/899 MS: 3 InsertByte-ChangeBit-EraseBytes-
#5317	NEW    cov: 1428 ft: 4455 corp: 291/133Kb lim: 899 exec/s: 0 rss: 78Mb L: 814/899 MS: 2 ChangeByte-ChangeByte-
#5334	NEW    cov: 1428 ft: 4457 corp: 292/133Kb lim: 899 exec/s: 0 rss: 78Mb L: 259/899 MS: 2 ChangeBit-CrossOver-
#5395	NEW    cov: 1431 ft: 4460 corp: 293/133Kb lim: 899 exec/s: 0 rss: 78Mb L: 2/899 MS: 1 CopyPart-
#5406	REDUCE cov: 1431 ft: 4460 corp: 293/133Kb lim: 899 exec/s: 0 rss: 78Mb L: 157/899 MS: 1 EraseBytes-
#5407	REDUCE cov: 1431 ft: 4460 corp: 293/133Kb lim: 899 exec/s: 0 rss: 79Mb L: 654/899 MS: 1 EraseBytes-
#5445	NEW    cov: 1432 ft: 4462 corp: 294/133Kb lim: 899 exec/s: 0 rss: 79Mb L: 743/899 MS: 3 CrossOver-ShuffleBytes-CrossOver-
#5461	NEW    cov: 1432 ft: 4467 corp: 295/134Kb lim: 899 exec/s: 0 rss: 79Mb L: 742/899 MS: 1 CrossOver-
#5462	NEW    cov: 1432 ft: 4468 corp: 296/135Kb lim: 899 exec/s: 0 rss: 79Mb L: 633/899 MS: 1 ChangeBinInt-
#5503	REDUCE cov: 1432 ft: 4468 corp: 296/135Kb lim: 899 exec/s: 0 rss: 79Mb L: 68/899 MS: 1 EraseBytes-
	NEW_FUNC[1/2]: 0x00010322f534 in _RNvNtNtCsaadRk6yvHw6_6rsword3xml8entities9parse_ref+0x0 (fuzz_xml:arm64+0x100f5f534)
	NEW_FUNC[2/2]: 0x000103ac8b0c in _RNvXsq_NtCs7a5mATVz8u3_5alloc6stringNtB5_6StringNtNtCs7oq3hgLOR5a_4core3fmt7Display3fmt+0x0 (fuzz_xml:arm64+0x1017f8b0c)
#5504	NEW    cov: 1475 ft: 4512 corp: 297/135Kb lim: 899 exec/s: 0 rss: 79Mb L: 812/899 MS: 1 ChangeBit-
#5556	REDUCE cov: 1475 ft: 4512 corp: 297/135Kb lim: 899 exec/s: 0 rss: 79Mb L: 557/899 MS: 2 ChangeBit-EraseBytes-
#5557	REDUCE cov: 1475 ft: 4512 corp: 297/135Kb lim: 899 exec/s: 0 rss: 79Mb L: 37/899 MS: 1 EraseBytes-
#5558	NEW    cov: 1476 ft: 4513 corp: 298/135Kb lim: 899 exec/s: 0 rss: 79Mb L: 4/899 MS: 1 CopyPart-
#5586	NEW    cov: 1477 ft: 4514 corp: 299/136Kb lim: 899 exec/s: 0 rss: 79Mb L: 637/899 MS: 3 ChangeASCIIInt-CopyPart-EraseBytes-
#5631	NEW    cov: 1479 ft: 4516 corp: 300/136Kb lim: 899 exec/s: 0 rss: 80Mb L: 45/899 MS: 5 CopyPart-ShuffleBytes-CopyPart-ChangeBit-CrossOver-
#5657	NEW    cov: 1479 ft: 4526 corp: 301/137Kb lim: 899 exec/s: 0 rss: 80Mb L: 858/899 MS: 1 CopyPart-
#5698	NEW    cov: 1479 ft: 4527 corp: 302/137Kb lim: 899 exec/s: 0 rss: 80Mb L: 274/899 MS: 1 InsertByte-
#5709	NEW    cov: 1481 ft: 4529 corp: 303/137Kb lim: 899 exec/s: 0 rss: 80Mb L: 199/899 MS: 1 CrossOver-
#5745	REDUCE cov: 1481 ft: 4529 corp: 303/137Kb lim: 899 exec/s: 0 rss: 80Mb L: 299/899 MS: 1 EraseBytes-
#5843	NEW    cov: 1481 ft: 4579 corp: 304/138Kb lim: 899 exec/s: 0 rss: 80Mb L: 327/899 MS: 3 InsertRepeatedBytes-ChangeByte-CrossOver-
#6095	REDUCE cov: 1481 ft: 4581 corp: 305/138Kb lim: 899 exec/s: 0 rss: 81Mb L: 10/899 MS: 2 CrossOver-ChangeByte-
#6216	NEW    cov: 1481 ft: 4582 corp: 306/138Kb lim: 899 exec/s: 0 rss: 81Mb L: 469/899 MS: 1 CopyPart-
#6227	NEW    cov: 1482 ft: 4609 corp: 307/139Kb lim: 899 exec/s: 0 rss: 81Mb L: 754/899 MS: 1 InsertRepeatedBytes-
#6228	NEW    cov: 1482 ft: 4610 corp: 308/139Kb lim: 899 exec/s: 0 rss: 81Mb L: 739/899 MS: 1 CMP- DE: "\000\000\000\000\000\000\000\010"-
#6301	REDUCE cov: 1482 ft: 4610 corp: 308/139Kb lim: 899 exec/s: 0 rss: 82Mb L: 257/899 MS: 3 InsertRepeatedBytes-ChangeASCIIInt-EraseBytes-
#6365	REDUCE cov: 1482 ft: 4610 corp: 308/139Kb lim: 899 exec/s: 0 rss: 82Mb L: 39/899 MS: 4 ChangeBit-ChangeBinInt-InsertByte-EraseBytes-
#6392	NEW    cov: 1482 ft: 4611 corp: 309/140Kb lim: 899 exec/s: 0 rss: 82Mb L: 749/899 MS: 2 ShuffleBytes-InsertByte-
#6428	NEW    cov: 1482 ft: 4622 corp: 310/141Kb lim: 899 exec/s: 0 rss: 82Mb L: 380/899 MS: 1 InsertByte-
#6448	REDUCE cov: 1482 ft: 4624 corp: 311/141Kb lim: 899 exec/s: 0 rss: 82Mb L: 697/899 MS: 5 InsertRepeatedBytes-PersAutoDict-CrossOver-ChangeByte-CopyPart- DE: "\017\000"-
#6571	REDUCE cov: 1482 ft: 4624 corp: 311/141Kb lim: 899 exec/s: 0 rss: 83Mb L: 836/899 MS: 3 ChangeBit-InsertByte-EraseBytes-
#6629	NEW    cov: 1482 ft: 4625 corp: 312/142Kb lim: 899 exec/s: 0 rss: 83Mb L: 346/899 MS: 3 ChangeBit-ShuffleBytes-EraseBytes-
#6647	REDUCE cov: 1482 ft: 4625 corp: 312/142Kb lim: 899 exec/s: 0 rss: 83Mb L: 145/899 MS: 3 PersAutoDict-InsertByte-EraseBytes- DE: "\007\000"-
#6669	REDUCE cov: 1482 ft: 4625 corp: 312/141Kb lim: 899 exec/s: 0 rss: 83Mb L: 371/899 MS: 2 CopyPart-EraseBytes-
#6690	NEW    cov: 1483 ft: 4626 corp: 313/142Kb lim: 899 exec/s: 0 rss: 83Mb L: 246/899 MS: 1 EraseBytes-
#6772	REDUCE cov: 1483 ft: 4626 corp: 313/142Kb lim: 899 exec/s: 0 rss: 83Mb L: 99/899 MS: 2 InsertByte-EraseBytes-
#6806	REDUCE cov: 1483 ft: 4627 corp: 314/142Kb lim: 899 exec/s: 0 rss: 83Mb L: 815/899 MS: 4 ChangeASCIIInt-InsertByte-ChangeASCIIInt-ChangeByte-
#6832	REDUCE cov: 1483 ft: 4627 corp: 314/142Kb lim: 899 exec/s: 0 rss: 83Mb L: 106/899 MS: 1 EraseBytes-
#6999	REDUCE cov: 1483 ft: 4627 corp: 314/142Kb lim: 899 exec/s: 0 rss: 84Mb L: 129/899 MS: 2 ShuffleBytes-EraseBytes-
#7103	REDUCE cov: 1483 ft: 4627 corp: 314/142Kb lim: 899 exec/s: 0 rss: 84Mb L: 358/899 MS: 4 CopyPart-PersAutoDict-ChangeByte-CrossOver- DE: "\017\000"-
#7135	NEW    cov: 1483 ft: 4628 corp: 315/143Kb lim: 899 exec/s: 0 rss: 84Mb L: 885/899 MS: 2 CrossOver-CrossOver-
#7151	NEW    cov: 1483 ft: 4629 corp: 316/143Kb lim: 899 exec/s: 0 rss: 84Mb L: 246/899 MS: 1 ChangeByte-
#7172	NEW    cov: 1483 ft: 4636 corp: 317/144Kb lim: 899 exec/s: 0 rss: 85Mb L: 812/899 MS: 1 CopyPart-
#7222	REDUCE cov: 1483 ft: 4636 corp: 317/144Kb lim: 899 exec/s: 0 rss: 85Mb L: 295/899 MS: 5 ChangeBinInt-InsertRepeatedBytes-PersAutoDict-ChangeByte-EraseBytes- DE: "\001\000\000\000\000\000\000\000"-
#7298	REDUCE cov: 1483 ft: 4636 corp: 317/144Kb lim: 899 exec/s: 0 rss: 85Mb L: 233/899 MS: 1 EraseBytes-
#7302	NEW    cov: 1483 ft: 4637 corp: 318/145Kb lim: 899 exec/s: 0 rss: 85Mb L: 831/899 MS: 4 ChangeASCIIInt-ShuffleBytes-PersAutoDict-CopyPart- DE: "\017\000"-
#7363	NEW    cov: 1483 ft: 4665 corp: 319/145Kb lim: 899 exec/s: 0 rss: 85Mb L: 795/899 MS: 1 CopyPart-
#7409	NEW    cov: 1484 ft: 4667 corp: 320/146Kb lim: 899 exec/s: 0 rss: 85Mb L: 499/899 MS: 1 EraseBytes-
#7510	NEW    cov: 1484 ft: 4669 corp: 321/147Kb lim: 899 exec/s: 0 rss: 86Mb L: 899/899 MS: 1 ChangeBit-
#7511	REDUCE cov: 1484 ft: 4669 corp: 321/147Kb lim: 899 exec/s: 0 rss: 86Mb L: 7/899 MS: 1 EraseBytes-
#7516	NEW    cov: 1484 ft: 4671 corp: 322/147Kb lim: 899 exec/s: 0 rss: 86Mb L: 702/899 MS: 5 ChangeBinInt-InsertRepeatedBytes-ChangeByte-InsertRepeatedBytes-EraseBytes-
#7638	NEW    cov: 1486 ft: 4680 corp: 323/148Kb lim: 899 exec/s: 0 rss: 86Mb L: 732/899 MS: 2 ChangeASCIIInt-InsertByte-
#7726	REDUCE cov: 1486 ft: 4680 corp: 323/148Kb lim: 899 exec/s: 0 rss: 87Mb L: 183/899 MS: 3 ChangeByte-ChangeBinInt-EraseBytes-
#7827	REDUCE cov: 1486 ft: 4680 corp: 323/148Kb lim: 899 exec/s: 0 rss: 87Mb L: 874/899 MS: 1 EraseBytes-
#7842	REDUCE cov: 1487 ft: 4681 corp: 324/149Kb lim: 899 exec/s: 0 rss: 87Mb L: 713/899 MS: 5 CrossOver-ChangeBinInt-ShuffleBytes-EraseBytes-ShuffleBytes-
#7869	NEW    cov: 1487 ft: 4689 corp: 325/149Kb lim: 899 exec/s: 0 rss: 87Mb L: 45/899 MS: 2 ShuffleBytes-CopyPart-
#7880	REDUCE cov: 1487 ft: 4689 corp: 325/149Kb lim: 899 exec/s: 0 rss: 87Mb L: 586/899 MS: 1 EraseBytes-
#7897	REDUCE cov: 1487 ft: 4689 corp: 325/149Kb lim: 899 exec/s: 0 rss: 87Mb L: 434/899 MS: 2 ChangeBit-EraseBytes-
#7948	REDUCE cov: 1489 ft: 4691 corp: 326/149Kb lim: 899 exec/s: 0 rss: 88Mb L: 468/899 MS: 1 ShuffleBytes-
#7956	NEW    cov: 1489 ft: 4692 corp: 327/150Kb lim: 899 exec/s: 0 rss: 88Mb L: 682/899 MS: 3 InsertByte-ChangeBit-ChangeBit-
#7962	REDUCE cov: 1489 ft: 4694 corp: 328/150Kb lim: 899 exec/s: 0 rss: 88Mb L: 586/899 MS: 1 ChangeASCIIInt-
#7974	NEW    cov: 1491 ft: 4696 corp: 329/151Kb lim: 899 exec/s: 0 rss: 88Mb L: 366/899 MS: 2 ChangeByte-ChangeByte-
#8060	REDUCE cov: 1491 ft: 4696 corp: 329/151Kb lim: 899 exec/s: 0 rss: 88Mb L: 142/899 MS: 1 EraseBytes-
#8064	NEW    cov: 1492 ft: 4697 corp: 330/151Kb lim: 899 exec/s: 0 rss: 88Mb L: 150/899 MS: 4 ChangeByte-CopyPart-CMP-EraseBytes- DE: "\027\000\000\000"-
#8090	REDUCE cov: 1492 ft: 4697 corp: 330/151Kb lim: 899 exec/s: 0 rss: 88Mb L: 87/899 MS: 1 EraseBytes-
#8121	REDUCE cov: 1492 ft: 4697 corp: 330/151Kb lim: 899 exec/s: 0 rss: 88Mb L: 4/899 MS: 1 EraseBytes-
#8143	NEW    cov: 1495 ft: 4700 corp: 331/151Kb lim: 899 exec/s: 0 rss: 88Mb L: 471/899 MS: 2 ShuffleBytes-CMP- DE: "\000\000\000\000\000\000\000l"-
#8293	NEW    cov: 1496 ft: 4701 corp: 332/152Kb lim: 899 exec/s: 0 rss: 89Mb L: 362/899 MS: 5 InsertRepeatedBytes-ChangeByte-ChangeByte-CMP-CopyPart- DE: "\000\000\000\016"-
#8300	REDUCE cov: 1496 ft: 4701 corp: 332/151Kb lim: 899 exec/s: 0 rss: 89Mb L: 643/899 MS: 2 ChangeASCIIInt-EraseBytes-
#8338	REDUCE cov: 1496 ft: 4701 corp: 332/151Kb lim: 899 exec/s: 0 rss: 89Mb L: 168/899 MS: 3 ChangeASCIIInt-ChangeASCIIInt-EraseBytes-
#8359	REDUCE cov: 1496 ft: 4701 corp: 332/151Kb lim: 899 exec/s: 0 rss: 89Mb L: 28/899 MS: 1 EraseBytes-
#8386	REDUCE cov: 1496 ft: 4701 corp: 332/151Kb lim: 899 exec/s: 0 rss: 89Mb L: 184/899 MS: 2 CopyPart-EraseBytes-
#8553	REDUCE cov: 1496 ft: 4701 corp: 332/151Kb lim: 899 exec/s: 0 rss: 90Mb L: 414/899 MS: 2 CMP-EraseBytes- DE: "\000\000\000\000"-
#8737	NEW    cov: 1496 ft: 4702 corp: 333/152Kb lim: 899 exec/s: 8737 rss: 91Mb L: 515/899 MS: 4 CMP-CopyPart-ChangeByte-EraseBytes- DE: "\377\377\377\377"-
#8754	REDUCE cov: 1496 ft: 4702 corp: 333/152Kb lim: 899 exec/s: 8754 rss: 91Mb L: 34/899 MS: 2 InsertByte-EraseBytes-
#8755	REDUCE cov: 1496 ft: 4702 corp: 333/152Kb lim: 899 exec/s: 8755 rss: 91Mb L: 316/899 MS: 1 EraseBytes-
#8859	NEW    cov: 1496 ft: 4705 corp: 334/152Kb lim: 899 exec/s: 8859 rss: 91Mb L: 353/899 MS: 4 InsertByte-InsertRepeatedBytes-EraseBytes-CrossOver-
#8865	NEW    cov: 1497 ft: 4706 corp: 335/152Kb lim: 899 exec/s: 8865 rss: 91Mb L: 262/899 MS: 1 CMP- DE: "\000\000\000\000"-
#8884	REDUCE cov: 1497 ft: 4706 corp: 335/152Kb lim: 899 exec/s: 8884 rss: 96Mb L: 25/899 MS: 2 CopyPart-EraseBytes-
#8889	NEW    cov: 1498 ft: 4708 corp: 336/153Kb lim: 899 exec/s: 8889 rss: 96Mb L: 354/899 MS: 5 ChangeASCIIInt-ChangeBit-ShuffleBytes-ChangeASCIIInt-InsertByte-
#9066	REDUCE cov: 1498 ft: 4708 corp: 336/153Kb lim: 899 exec/s: 9066 rss: 96Mb L: 820/899 MS: 2 ChangeBit-EraseBytes-
#9084	NEW    cov: 1498 ft: 4709 corp: 337/153Kb lim: 899 exec/s: 9084 rss: 97Mb L: 617/899 MS: 3 InsertRepeatedBytes-CrossOver-CMP- DE: "\021\000\000\000\000\000\000\000"-
#9100	REDUCE cov: 1498 ft: 4709 corp: 337/153Kb lim: 899 exec/s: 9100 rss: 97Mb L: 608/899 MS: 1 EraseBytes-
#9129	NEW    cov: 1499 ft: 4716 corp: 338/154Kb lim: 899 exec/s: 9129 rss: 97Mb L: 602/899 MS: 4 ChangeByte-ChangeBit-PersAutoDict-EraseBytes- DE: "\027\000\000\000"-
#9143	NEW    cov: 1500 ft: 4717 corp: 339/154Kb lim: 899 exec/s: 9143 rss: 97Mb L: 593/899 MS: 4 ChangeByte-ChangeBinInt-PersAutoDict-CrossOver- DE: "\021\000\000\000\000\000\000\000"-
#9200	REDUCE cov: 1500 ft: 4717 corp: 339/154Kb lim: 899 exec/s: 9200 rss: 97Mb L: 142/899 MS: 2 ChangeByte-EraseBytes-
#9231	NEW    cov: 1502 ft: 4719 corp: 340/154Kb lim: 899 exec/s: 9231 rss: 97Mb L: 379/899 MS: 1 CopyPart-
#9232	REDUCE cov: 1502 ft: 4719 corp: 340/154Kb lim: 899 exec/s: 9232 rss: 97Mb L: 80/899 MS: 1 EraseBytes-
#9283	REDUCE cov: 1502 ft: 4719 corp: 340/154Kb lim: 899 exec/s: 9283 rss: 98Mb L: 815/899 MS: 1 EraseBytes-
#9286	NEW    cov: 1502 ft: 4720 corp: 341/155Kb lim: 899 exec/s: 9286 rss: 98Mb L: 812/899 MS: 3 ChangeASCIIInt-ChangeASCIIInt-ChangeBinInt-
#9313	REDUCE cov: 1503 ft: 4722 corp: 342/155Kb lim: 899 exec/s: 9313 rss: 98Mb L: 233/899 MS: 2 ChangeBinInt-ShuffleBytes-
#9339	NEW    cov: 1503 ft: 4724 corp: 343/156Kb lim: 899 exec/s: 9339 rss: 98Mb L: 587/899 MS: 1 PersAutoDict- DE: "\017\000"-
#9465	NEW    cov: 1503 ft: 4725 corp: 344/157Kb lim: 899 exec/s: 9465 rss: 98Mb L: 735/899 MS: 1 ShuffleBytes-
#9581	REDUCE cov: 1503 ft: 4725 corp: 344/157Kb lim: 899 exec/s: 9581 rss: 98Mb L: 664/899 MS: 1 EraseBytes-
#9587	NEW    cov: 1503 ft: 4726 corp: 345/157Kb lim: 899 exec/s: 9587 rss: 99Mb L: 269/899 MS: 1 CMP- DE: "i\001"-
#9772	NEW    cov: 1503 ft: 4728 corp: 346/158Kb lim: 899 exec/s: 9772 rss: 99Mb L: 854/899 MS: 5 CopyPart-ChangeASCIIInt-ChangeBit-ShuffleBytes-ShuffleBytes-
#9784	REDUCE cov: 1503 ft: 4728 corp: 346/158Kb lim: 899 exec/s: 9784 rss: 99Mb L: 825/899 MS: 2 ChangeASCIIInt-EraseBytes-
#9785	REDUCE cov: 1503 ft: 4729 corp: 347/158Kb lim: 899 exec/s: 9785 rss: 99Mb L: 340/899 MS: 1 EraseBytes-
#9811	REDUCE cov: 1503 ft: 4729 corp: 347/158Kb lim: 899 exec/s: 9811 rss: 99Mb L: 459/899 MS: 1 CrossOver-
#9873	REDUCE cov: 1503 ft: 4729 corp: 347/158Kb lim: 899 exec/s: 9873 rss: 99Mb L: 204/899 MS: 2 PersAutoDict-EraseBytes- DE: "i\001"-
#9879	REDUCE cov: 1503 ft: 4729 corp: 347/158Kb lim: 899 exec/s: 9879 rss: 99Mb L: 209/899 MS: 1 EraseBytes-
#9901	REDUCE cov: 1503 ft: 4730 corp: 348/159Kb lim: 899 exec/s: 9901 rss: 100Mb L: 656/899 MS: 2 ChangeASCIIInt-EraseBytes-
#9912	REDUCE cov: 1503 ft: 4730 corp: 348/158Kb lim: 899 exec/s: 9912 rss: 100Mb L: 138/899 MS: 1 EraseBytes-
#9928	REDUCE cov: 1503 ft: 4730 corp: 348/158Kb lim: 899 exec/s: 9928 rss: 100Mb L: 100/899 MS: 1 EraseBytes-
#9955	REDUCE cov: 1503 ft: 4730 corp: 348/158Kb lim: 899 exec/s: 9955 rss: 100Mb L: 589/899 MS: 2 ChangeBinInt-EraseBytes-
#10037	REDUCE cov: 1503 ft: 4730 corp: 348/158Kb lim: 899 exec/s: 10037 rss: 100Mb L: 278/899 MS: 2 InsertRepeatedBytes-EraseBytes-
#10041	REDUCE cov: 1503 ft: 4730 corp: 348/158Kb lim: 899 exec/s: 10041 rss: 100Mb L: 328/899 MS: 4 ChangeBit-PersAutoDict-ChangeASCIIInt-EraseBytes- DE: "i\001"-
#10063	REDUCE cov: 1503 ft: 4730 corp: 348/158Kb lim: 899 exec/s: 10063 rss: 100Mb L: 593/899 MS: 2 CopyPart-EraseBytes-
#10065	REDUCE cov: 1503 ft: 4730 corp: 348/158Kb lim: 899 exec/s: 10065 rss: 100Mb L: 135/899 MS: 2 CrossOver-EraseBytes-
#10098	NEW    cov: 1504 ft: 4731 corp: 349/158Kb lim: 899 exec/s: 10098 rss: 100Mb L: 324/899 MS: 3 ShuffleBytes-PersAutoDict-CopyPart- DE: "\000\000\000\000\000\000\000l"-
#10154	NEW    cov: 1504 ft: 4732 corp: 350/159Kb lim: 899 exec/s: 10154 rss: 100Mb L: 812/899 MS: 1 ChangeASCIIInt-
#10165	NEW    cov: 1504 ft: 4733 corp: 351/159Kb lim: 899 exec/s: 10165 rss: 100Mb L: 257/899 MS: 1 EraseBytes-
#10236	REDUCE cov: 1505 ft: 4734 corp: 352/159Kb lim: 899 exec/s: 10236 rss: 101Mb L: 7/899 MS: 1 PersAutoDict- DE: "\001\000\000:"-
#10265	NEW    cov: 1506 ft: 4735 corp: 353/160Kb lim: 899 exec/s: 10265 rss: 101Mb L: 415/899 MS: 4 InsertRepeatedBytes-ShuffleBytes-ShuffleBytes-EraseBytes-
#10276	REDUCE cov: 1506 ft: 4735 corp: 353/160Kb lim: 899 exec/s: 10276 rss: 101Mb L: 690/899 MS: 1 EraseBytes-
#10318	NEW    cov: 1506 ft: 4736 corp: 354/160Kb lim: 899 exec/s: 10318 rss: 101Mb L: 614/899 MS: 2 InsertByte-InsertRepeatedBytes-
#10339	REDUCE cov: 1506 ft: 4736 corp: 354/160Kb lim: 899 exec/s: 10339 rss: 101Mb L: 42/899 MS: 1 EraseBytes-
#10345	REDUCE cov: 1506 ft: 4736 corp: 354/160Kb lim: 899 exec/s: 10345 rss: 101Mb L: 114/899 MS: 1 EraseBytes-
#10458	REDUCE cov: 1506 ft: 4736 corp: 354/160Kb lim: 899 exec/s: 10458 rss: 101Mb L: 215/899 MS: 3 CrossOver-PersAutoDict-EraseBytes- DE: "\002\000\000\000\000\000\000\000"-
#10498	NEW    cov: 1506 ft: 4737 corp: 355/161Kb lim: 899 exec/s: 10498 rss: 102Mb L: 470/899 MS: 5 ShuffleBytes-ShuffleBytes-CMP-InsertByte-ShuffleBytes- DE: "\001\000\000\013"-
#10510	NEW    cov: 1506 ft: 4738 corp: 356/161Kb lim: 899 exec/s: 10510 rss: 102Mb L: 261/899 MS: 2 ShuffleBytes-EraseBytes-
#10522	REDUCE cov: 1506 ft: 4738 corp: 356/161Kb lim: 899 exec/s: 10522 rss: 102Mb L: 356/899 MS: 2 ChangeBit-EraseBytes-
#10529	NEW    cov: 1506 ft: 4739 corp: 357/161Kb lim: 899 exec/s: 10529 rss: 102Mb L: 184/899 MS: 2 InsertByte-CMP- DE: "\001\000\000\000\000\000\000\000"-
#10530	NEW    cov: 1506 ft: 4740 corp: 358/162Kb lim: 899 exec/s: 10530 rss: 102Mb L: 656/899 MS: 1 ShuffleBytes-
#10546	REDUCE cov: 1506 ft: 4740 corp: 358/161Kb lim: 899 exec/s: 10546 rss: 102Mb L: 282/899 MS: 1 EraseBytes-
#10609	NEW    cov: 1506 ft: 4741 corp: 359/162Kb lim: 899 exec/s: 10609 rss: 102Mb L: 820/899 MS: 3 ChangeASCIIInt-ShuffleBytes-CMP- DE: "\007\000\000\000\000\000\000\000"-
#10656	NEW    cov: 1507 ft: 4742 corp: 360/163Kb lim: 899 exec/s: 10656 rss: 102Mb L: 812/899 MS: 2 ChangeASCIIInt-ChangeBit-
#10692	NEW    cov: 1507 ft: 4751 corp: 361/163Kb lim: 899 exec/s: 10692 rss: 102Mb L: 273/899 MS: 1 CrossOver-
#10757	NEW    cov: 1507 ft: 4753 corp: 362/164Kb lim: 899 exec/s: 10757 rss: 103Mb L: 827/899 MS: 5 ShuffleBytes-ChangeBit-ChangeASCIIInt-ChangeBit-CopyPart-
#10847	NEW    cov: 1508 ft: 4754 corp: 363/165Kb lim: 899 exec/s: 10847 rss: 103Mb L: 640/899 MS: 5 InsertByte-CrossOver-PersAutoDict-ShuffleBytes-CopyPart- DE: "\001\000\000:"-
#10864	NEW    cov: 1508 ft: 4755 corp: 364/165Kb lim: 899 exec/s: 10864 rss: 103Mb L: 495/899 MS: 2 ChangeByte-EraseBytes-
#10915	NEW    cov: 1508 ft: 4757 corp: 365/166Kb lim: 899 exec/s: 10915 rss: 103Mb L: 748/899 MS: 1 CopyPart-
#10961	REDUCE cov: 1508 ft: 4757 corp: 365/166Kb lim: 899 exec/s: 10961 rss: 103Mb L: 787/899 MS: 1 CrossOver-
#11012	NEW    cov: 1508 ft: 4758 corp: 366/166Kb lim: 899 exec/s: 11012 rss: 104Mb L: 258/899 MS: 1 InsertByte-
#11014	REDUCE cov: 1508 ft: 4758 corp: 366/166Kb lim: 899 exec/s: 11014 rss: 104Mb L: 730/899 MS: 2 CrossOver-CrossOver-
#11030	REDUCE cov: 1508 ft: 4758 corp: 366/166Kb lim: 899 exec/s: 11030 rss: 104Mb L: 303/899 MS: 1 EraseBytes-
#11082	NEW    cov: 1508 ft: 4759 corp: 367/167Kb lim: 899 exec/s: 11082 rss: 104Mb L: 785/899 MS: 2 ShuffleBytes-InsertRepeatedBytes-
#11093	REDUCE cov: 1508 ft: 4759 corp: 367/167Kb lim: 899 exec/s: 11093 rss: 104Mb L: 200/899 MS: 1 EraseBytes-
#11174	NEW    cov: 1508 ft: 4761 corp: 368/167Kb lim: 899 exec/s: 11174 rss: 104Mb L: 739/899 MS: 1 CopyPart-
#11196	NEW    cov: 1508 ft: 4763 corp: 369/168Kb lim: 899 exec/s: 11196 rss: 104Mb L: 744/899 MS: 2 InsertRepeatedBytes-PersAutoDict- DE: "i\001"-
#11315	REDUCE cov: 1509 ft: 4764 corp: 370/168Kb lim: 899 exec/s: 11315 rss: 105Mb L: 217/899 MS: 4 ChangeByte-InsertRepeatedBytes-EraseBytes-CopyPart-
#11346	NEW    cov: 1510 ft: 4765 corp: 371/169Kb lim: 899 exec/s: 11346 rss: 105Mb L: 653/899 MS: 1 PersAutoDict- DE: "\033\000\000\000\000\000\000\000"-
#11353	REDUCE cov: 1510 ft: 4765 corp: 371/169Kb lim: 899 exec/s: 11353 rss: 105Mb L: 740/899 MS: 2 ShuffleBytes-EraseBytes-
#11530	NEW    cov: 1536 ft: 4791 corp: 372/169Kb lim: 899 exec/s: 11530 rss: 106Mb L: 10/899 MS: 2 InsertByte-CMP- DE: "\000\000\000\000\000\000\000\020"-
#11557	NEW    cov: 1536 ft: 4792 corp: 373/169Kb lim: 899 exec/s: 11557 rss: 106Mb L: 296/899 MS: 2 InsertRepeatedBytes-InsertByte-
#11564	NEW    cov: 1536 ft: 4793 corp: 374/170Kb lim: 899 exec/s: 11564 rss: 106Mb L: 797/899 MS: 2 CrossOver-InsertByte-
#11591	REDUCE cov: 1536 ft: 4793 corp: 374/170Kb lim: 899 exec/s: 11591 rss: 106Mb L: 42/899 MS: 2 ShuffleBytes-EraseBytes-
#11617	NEW    cov: 1538 ft: 4795 corp: 375/171Kb lim: 899 exec/s: 11617 rss: 106Mb L: 566/899 MS: 1 EraseBytes-
#11678	NEW    cov: 1538 ft: 4797 corp: 376/171Kb lim: 899 exec/s: 11678 rss: 106Mb L: 790/899 MS: 1 CopyPart-
#11724	REDUCE cov: 1538 ft: 4797 corp: 376/171Kb lim: 899 exec/s: 11724 rss: 106Mb L: 33/899 MS: 1 EraseBytes-
#11866	REDUCE cov: 1538 ft: 4797 corp: 376/171Kb lim: 899 exec/s: 11866 rss: 107Mb L: 315/899 MS: 2 InsertByte-CrossOver-
#11922	NEW    cov: 1539 ft: 4798 corp: 377/171Kb lim: 899 exec/s: 11922 rss: 107Mb L: 11/899 MS: 1 CMP- DE: "\015\000\000\000"-
#11923	REDUCE cov: 1539 ft: 4798 corp: 377/171Kb lim: 899 exec/s: 11923 rss: 107Mb L: 234/899 MS: 1 EraseBytes-
#11986	REDUCE cov: 1539 ft: 4798 corp: 377/171Kb lim: 899 exec/s: 11986 rss: 107Mb L: 292/899 MS: 3 ShuffleBytes-ChangeBit-EraseBytes-
#11987	NEW    cov: 1540 ft: 4799 corp: 378/172Kb lim: 899 exec/s: 11987 rss: 107Mb L: 743/899 MS: 1 CrossOver-
#12019	NEW    cov: 1540 ft: 4800 corp: 379/173Kb lim: 899 exec/s: 12019 rss: 108Mb L: 842/899 MS: 2 PersAutoDict-CopyPart- DE: "\001\000\000\013"-
#12191	NEW    cov: 1540 ft: 4801 corp: 380/173Kb lim: 899 exec/s: 12191 rss: 108Mb L: 209/899 MS: 2 ChangeASCIIInt-InsertByte-
#12207	NEW    cov: 1542 ft: 4803 corp: 381/174Kb lim: 899 exec/s: 12207 rss: 108Mb L: 544/899 MS: 1 PersAutoDict- DE: "\015\000\000\000"-
#12222	REDUCE cov: 1542 ft: 4803 corp: 381/174Kb lim: 899 exec/s: 12222 rss: 108Mb L: 222/899 MS: 5 InsertByte-ShuffleBytes-ChangeBinInt-CrossOver-EraseBytes-
#12233	NEW    cov: 1542 ft: 4804 corp: 382/174Kb lim: 899 exec/s: 12233 rss: 108Mb L: 451/899 MS: 1 EraseBytes-
#12234	REDUCE cov: 1542 ft: 4804 corp: 382/174Kb lim: 899 exec/s: 12234 rss: 108Mb L: 225/899 MS: 1 EraseBytes-
#12352	REDUCE cov: 1542 ft: 4804 corp: 382/174Kb lim: 899 exec/s: 12352 rss: 109Mb L: 293/899 MS: 3 ChangeBinInt-ChangeBinInt-EraseBytes-
#12353	REDUCE cov: 1542 ft: 4804 corp: 382/174Kb lim: 899 exec/s: 12353 rss: 109Mb L: 327/899 MS: 1 EraseBytes-
#12367	NEW    cov: 1543 ft: 4805 corp: 383/174Kb lim: 899 exec/s: 12367 rss: 109Mb L: 388/899 MS: 4 InsertRepeatedBytes-CMP-CopyPart-CrossOver- DE: "\004\240"-
#12386	NEW    cov: 1544 ft: 4806 corp: 384/175Kb lim: 899 exec/s: 12386 rss: 109Mb L: 731/899 MS: 4 ChangeASCIIInt-ChangeBit-ChangeByte-ChangeBinInt-
#12422	REDUCE cov: 1544 ft: 4808 corp: 385/175Kb lim: 899 exec/s: 12422 rss: 109Mb L: 5/899 MS: 1 EraseBytes-
#12448	REDUCE cov: 1546 ft: 4821 corp: 386/175Kb lim: 899 exec/s: 12448 rss: 109Mb L: 144/899 MS: 1 InsertRepeatedBytes-
#12496	REDUCE cov: 1546 ft: 4825 corp: 387/175Kb lim: 899 exec/s: 12496 rss: 109Mb L: 118/899 MS: 3 InsertRepeatedBytes-ChangeByte-EraseBytes-
#12574	REDUCE cov: 1546 ft: 4825 corp: 387/175Kb lim: 899 exec/s: 12574 rss: 110Mb L: 626/899 MS: 3 EraseBytes-ChangeASCIIInt-EraseBytes-
#12659	NEW    cov: 1547 ft: 4826 corp: 388/175Kb lim: 899 exec/s: 12659 rss: 110Mb L: 90/899 MS: 5 ChangeBit-ChangeBinInt-InsertByte-CrossOver-CrossOver-
#12765	REDUCE cov: 1547 ft: 4826 corp: 388/175Kb lim: 899 exec/s: 12765 rss: 110Mb L: 212/899 MS: 1 EraseBytes-
#12807	REDUCE cov: 1547 ft: 4826 corp: 388/175Kb lim: 899 exec/s: 12807 rss: 111Mb L: 245/899 MS: 2 PersAutoDict-EraseBytes- DE: "i\001"-
#12834	REDUCE cov: 1547 ft: 4826 corp: 388/175Kb lim: 899 exec/s: 12834 rss: 111Mb L: 25/899 MS: 2 ChangeByte-EraseBytes-
#12955	NEW    cov: 1547 ft: 4827 corp: 389/175Kb lim: 899 exec/s: 12955 rss: 111Mb L: 2/899 MS: 1 CrossOver-
#12962	REDUCE cov: 1547 ft: 4827 corp: 389/175Kb lim: 899 exec/s: 12962 rss: 111Mb L: 648/899 MS: 2 ChangeASCIIInt-CrossOver-
#12973	REDUCE cov: 1547 ft: 4827 corp: 389/175Kb lim: 899 exec/s: 12973 rss: 111Mb L: 548/899 MS: 1 EraseBytes-
#12994	REDUCE cov: 1547 ft: 4827 corp: 389/175Kb lim: 899 exec/s: 12994 rss: 111Mb L: 65/899 MS: 1 EraseBytes-
#12996	NEW    cov: 1550 ft: 4832 corp: 390/175Kb lim: 899 exec/s: 12996 rss: 111Mb L: 105/899 MS: 2 InsertByte-EraseBytes-
#13037	REDUCE cov: 1550 ft: 4832 corp: 390/175Kb lim: 899 exec/s: 13037 rss: 111Mb L: 194/899 MS: 1 EraseBytes-
#13159	REDUCE cov: 1550 ft: 4832 corp: 390/175Kb lim: 899 exec/s: 13159 rss: 112Mb L: 658/899 MS: 2 ShuffleBytes-EraseBytes-
#13180	NEW    cov: 1551 ft: 4833 corp: 391/175Kb lim: 899 exec/s: 13180 rss: 112Mb L: 105/899 MS: 1 CopyPart-
#13187	REDUCE cov: 1551 ft: 4833 corp: 391/175Kb lim: 899 exec/s: 13187 rss: 112Mb L: 292/899 MS: 2 ChangeByte-EraseBytes-
#13253	REDUCE cov: 1551 ft: 4890 corp: 392/175Kb lim: 899 exec/s: 13253 rss: 112Mb L: 302/899 MS: 1 EraseBytes-
#13275	REDUCE cov: 1551 ft: 4890 corp: 392/175Kb lim: 899 exec/s: 13275 rss: 112Mb L: 559/899 MS: 2 ChangeASCIIInt-EraseBytes-
#13277	NEW    cov: 1551 ft: 4891 corp: 393/176Kb lim: 899 exec/s: 13277 rss: 112Mb L: 625/899 MS: 2 CopyPart-ChangeByte-
#13278	NEW    cov: 1552 ft: 4892 corp: 394/176Kb lim: 899 exec/s: 13278 rss: 112Mb L: 837/899 MS: 1 CrossOver-
#13339	REDUCE cov: 1552 ft: 4892 corp: 394/176Kb lim: 899 exec/s: 13339 rss: 112Mb L: 536/899 MS: 1 EraseBytes-
#13375	REDUCE cov: 1552 ft: 4892 corp: 394/176Kb lim: 899 exec/s: 13375 rss: 112Mb L: 396/899 MS: 1 EraseBytes-
#13376	NEW    cov: 1552 ft: 4893 corp: 395/177Kb lim: 899 exec/s: 13376 rss: 113Mb L: 739/899 MS: 1 PersAutoDict- DE: "\000\000\000\000\000\000\000l"-
#13412	NEW    cov: 1553 ft: 4894 corp: 396/177Kb lim: 899 exec/s: 13412 rss: 113Mb L: 274/899 MS: 1 InsertByte-
#13468	REDUCE cov: 1555 ft: 4905 corp: 397/177Kb lim: 899 exec/s: 13468 rss: 113Mb L: 7/899 MS: 1 PersAutoDict- DE: "\376\377\377\377"-
#13484	REDUCE cov: 1555 ft: 4905 corp: 397/177Kb lim: 899 exec/s: 13484 rss: 113Mb L: 96/899 MS: 1 EraseBytes-
#13486	NEW    cov: 1555 ft: 4906 corp: 398/178Kb lim: 899 exec/s: 13486 rss: 113Mb L: 888/899 MS: 2 CrossOver-InsertByte-
#13562	REDUCE cov: 1555 ft: 4906 corp: 398/177Kb lim: 899 exec/s: 13562 rss: 113Mb L: 453/899 MS: 1 EraseBytes-
#13593	NEW    cov: 1557 ft: 4908 corp: 399/178Kb lim: 899 exec/s: 13593 rss: 113Mb L: 645/899 MS: 1 ChangeBinInt-
#13595	REDUCE cov: 1557 ft: 4908 corp: 399/178Kb lim: 899 exec/s: 13595 rss: 113Mb L: 254/899 MS: 2 CrossOver-EraseBytes-
#13653	REDUCE cov: 1557 ft: 4908 corp: 399/178Kb lim: 899 exec/s: 13653 rss: 114Mb L: 319/899 MS: 3 ChangeASCIIInt-PersAutoDict-EraseBytes- DE: "\017\000"-
#13675	NEW    cov: 1557 ft: 4909 corp: 400/179Kb lim: 899 exec/s: 13675 rss: 114Mb L: 745/899 MS: 2 CrossOver-CMP- DE: "\021\002"-
#13682	REDUCE cov: 1557 ft: 4909 corp: 400/179Kb lim: 899 exec/s: 13682 rss: 114Mb L: 339/899 MS: 2 ChangeBit-CrossOver-
#13699	REDUCE cov: 1557 ft: 4910 corp: 401/179Kb lim: 899 exec/s: 13699 rss: 114Mb L: 502/899 MS: 2 PersAutoDict-EraseBytes- DE: "\000\000\000\000\000\000\000l"-
#13731	NEW    cov: 1558 ft: 4911 corp: 402/180Kb lim: 899 exec/s: 13731 rss: 114Mb L: 465/899 MS: 2 PersAutoDict-InsertRepeatedBytes- DE: "\001\000\000:"-
#13823	NEW    cov: 1558 ft: 4912 corp: 403/180Kb lim: 899 exec/s: 13823 rss: 114Mb L: 732/899 MS: 2 ShuffleBytes-InsertByte-
#13855	REDUCE cov: 1558 ft: 4912 corp: 403/180Kb lim: 899 exec/s: 13855 rss: 115Mb L: 223/899 MS: 2 ChangeBinInt-EraseBytes-
#13861	NEW    cov: 1559 ft: 4913 corp: 404/180Kb lim: 899 exec/s: 13861 rss: 115Mb L: 6/899 MS: 1 EraseBytes-
#13958	NEW    cov: 1559 ft: 4919 corp: 405/181Kb lim: 899 exec/s: 13958 rss: 115Mb L: 842/899 MS: 2 ChangeASCIIInt-ChangeBinInt-
#13970	REDUCE cov: 1559 ft: 4919 corp: 405/181Kb lim: 899 exec/s: 13970 rss: 115Mb L: 337/899 MS: 2 ChangeBit-EraseBytes-
#13999	NEW    cov: 1559 ft: 4920 corp: 406/181Kb lim: 899 exec/s: 13999 rss: 115Mb L: 193/899 MS: 4 CopyPart-ChangeBit-EraseBytes-CopyPart-
#14043	NEW    cov: 1559 ft: 4921 corp: 407/182Kb lim: 899 exec/s: 14043 rss: 115Mb L: 538/899 MS: 4 InsertRepeatedBytes-CopyPart-InsertByte-EraseBytes-
#14140	NEW    cov: 1561 ft: 4923 corp: 408/182Kb lim: 899 exec/s: 14140 rss: 115Mb L: 733/899 MS: 2 ChangeByte-InsertByte-
#14196	NEW    cov: 1561 ft: 4924 corp: 409/183Kb lim: 899 exec/s: 14196 rss: 116Mb L: 645/899 MS: 1 CopyPart-
#14199	NEW    cov: 1561 ft: 4934 corp: 410/183Kb lim: 899 exec/s: 14199 rss: 116Mb L: 26/899 MS: 3 CrossOver-CrossOver-PersAutoDict- DE: "\000\000\000\000\000\000\000\020"-
#14241	REDUCE cov: 1561 ft: 4934 corp: 410/183Kb lim: 899 exec/s: 14241 rss: 116Mb L: 459/899 MS: 2 ChangeASCIIInt-EraseBytes-
#14313	NEW    cov: 1561 ft: 4937 corp: 411/184Kb lim: 899 exec/s: 14313 rss: 116Mb L: 898/899 MS: 2 InsertRepeatedBytes-CopyPart-
#14390	NEW    cov: 1565 ft: 4941 corp: 412/184Kb lim: 899 exec/s: 14390 rss: 116Mb L: 57/899 MS: 2 ChangeByte-CrossOver-
#14417	REDUCE cov: 1565 ft: 4941 corp: 412/184Kb lim: 899 exec/s: 14417 rss: 117Mb L: 711/899 MS: 2 ChangeBit-EraseBytes-
#14443	REDUCE cov: 1565 ft: 4944 corp: 413/184Kb lim: 899 exec/s: 14443 rss: 117Mb L: 157/899 MS: 1 InsertRepeatedBytes-
#14510	REDUCE cov: 1565 ft: 4944 corp: 413/184Kb lim: 899 exec/s: 14510 rss: 117Mb L: 143/899 MS: 2 ChangeASCIIInt-EraseBytes-
#14515	NEW    cov: 1565 ft: 4947 corp: 414/184Kb lim: 899 exec/s: 14515 rss: 117Mb L: 11/899 MS: 5 CopyPart-ChangeASCIIInt-CopyPart-EraseBytes-ChangeBit-
#14551	REDUCE cov: 1565 ft: 4947 corp: 414/184Kb lim: 899 exec/s: 14551 rss: 117Mb L: 548/899 MS: 1 EraseBytes-
#14569	NEW    cov: 1565 ft: 4948 corp: 415/184Kb lim: 899 exec/s: 14569 rss: 117Mb L: 448/899 MS: 3 CopyPart-PersAutoDict-EraseBytes- DE: "\027\000\000\000"-
#14666	REDUCE cov: 1565 ft: 4948 corp: 415/184Kb lim: 899 exec/s: 14666 rss: 118Mb L: 469/899 MS: 2 ChangeByte-CrossOver-
#14759	NEW    cov: 1565 ft: 4949 corp: 416/185Kb lim: 899 exec/s: 14759 rss: 118Mb L: 785/899 MS: 3 ChangeBit-CMP-ShuffleBytes- DE: "\001\000"-
#14771	REDUCE cov: 1565 ft: 4949 corp: 416/185Kb lim: 899 exec/s: 14771 rss: 118Mb L: 284/899 MS: 2 ChangeASCIIInt-EraseBytes-
#14788	NEW    cov: 1566 ft: 4950 corp: 417/185Kb lim: 899 exec/s: 14788 rss: 118Mb L: 740/899 MS: 2 ShuffleBytes-InsertByte-
#14810	NEW    cov: 1566 ft: 4954 corp: 418/186Kb lim: 899 exec/s: 14810 rss: 118Mb L: 791/899 MS: 2 InsertByte-ChangeBinInt-
#14812	REDUCE cov: 1566 ft: 4954 corp: 418/186Kb lim: 899 exec/s: 14812 rss: 118Mb L: 566/899 MS: 2 InsertByte-EraseBytes-
#14818	NEW    cov: 1566 ft: 4955 corp: 419/186Kb lim: 899 exec/s: 14818 rss: 118Mb L: 412/899 MS: 1 CopyPart-
#14926	REDUCE cov: 1566 ft: 4955 corp: 419/186Kb lim: 899 exec/s: 14926 rss: 119Mb L: 29/899 MS: 3 ShuffleBytes-PersAutoDict-EraseBytes- DE: "\000\000\000\000\000\000\000l"-
#14967	NEW    cov: 1566 ft: 4957 corp: 420/187Kb lim: 899 exec/s: 14967 rss: 119Mb L: 274/899 MS: 1 CMP- DE: "fffffff\006"-
#15064	NEW    cov: 1566 ft: 4963 corp: 421/187Kb lim: 899 exec/s: 15064 rss: 119Mb L: 165/899 MS: 2 ChangeASCIIInt-CMP- DE: "\001\000\000\000\377\377\377\377"-
#15091	NEW    cov: 1567 ft: 4964 corp: 422/187Kb lim: 899 exec/s: 15091 rss: 119Mb L: 3/899 MS: 2 InsertByte-CrossOver-
#15188	NEW    cov: 1567 ft: 4973 corp: 423/187Kb lim: 899 exec/s: 15188 rss: 120Mb L: 55/899 MS: 2 CrossOver-InsertRepeatedBytes-
#15217	REDUCE cov: 1567 ft: 4973 corp: 423/187Kb lim: 899 exec/s: 15217 rss: 120Mb L: 281/899 MS: 4 InsertRepeatedBytes-InsertByte-ChangeASCIIInt-EraseBytes-
#15239	REDUCE cov: 1567 ft: 4973 corp: 423/187Kb lim: 899 exec/s: 15239 rss: 120Mb L: 177/899 MS: 2 CMP-EraseBytes- DE: "\377\377\377\377\377\377\000O"-
#15270	NEW    cov: 1567 ft: 4974 corp: 424/188Kb lim: 899 exec/s: 15270 rss: 120Mb L: 657/899 MS: 1 InsertByte-
#15311	NEW    cov: 1567 ft: 4976 corp: 425/188Kb lim: 899 exec/s: 15311 rss: 120Mb L: 8/899 MS: 1 CopyPart-
#15313	REDUCE cov: 1567 ft: 4976 corp: 425/187Kb lim: 899 exec/s: 15313 rss: 120Mb L: 273/899 MS: 2 PersAutoDict-EraseBytes- DE: "fffffff\006"-
#15394	REDUCE cov: 1567 ft: 4976 corp: 425/187Kb lim: 899 exec/s: 15394 rss: 121Mb L: 534/899 MS: 1 CrossOver-
#15475	REDUCE cov: 1567 ft: 4976 corp: 425/187Kb lim: 899 exec/s: 15475 rss: 121Mb L: 433/899 MS: 1 EraseBytes-
#15477	NEW    cov: 1567 ft: 4978 corp: 426/187Kb lim: 899 exec/s: 15477 rss: 121Mb L: 113/899 MS: 2 ChangeBinInt-PersAutoDict- DE: "\021\000\000\000\000\000\000\000"-
#15743	REDUCE cov: 1567 ft: 4978 corp: 426/187Kb lim: 899 exec/s: 15743 rss: 122Mb L: 346/899 MS: 1 EraseBytes-
#15815	REDUCE cov: 1567 ft: 4978 corp: 426/187Kb lim: 899 exec/s: 15815 rss: 122Mb L: 697/899 MS: 2 CopyPart-EraseBytes-
#15820	NEW    cov: 1567 ft: 4979 corp: 427/187Kb lim: 899 exec/s: 15820 rss: 122Mb L: 150/899 MS: 5 CopyPart-ShuffleBytes-ChangeBinInt-ChangeBinInt-InsertRepeatedBytes-
#15848	NEW    cov: 1567 ft: 4982 corp: 428/187Kb lim: 899 exec/s: 15848 rss: 122Mb L: 3/899 MS: 3 CopyPart-ShuffleBytes-InsertByte-
#15880	NEW    cov: 1567 ft: 4984 corp: 429/187Kb lim: 899 exec/s: 15880 rss: 122Mb L: 141/899 MS: 2 ShuffleBytes-EraseBytes-
#15957	REDUCE cov: 1567 ft: 4984 corp: 429/187Kb lim: 899 exec/s: 15957 rss: 122Mb L: 192/899 MS: 2 ChangeASCIIInt-EraseBytes-
#15968	NEW    cov: 1567 ft: 4985 corp: 430/188Kb lim: 899 exec/s: 15968 rss: 123Mb L: 724/899 MS: 1 CopyPart-
#16009	REDUCE cov: 1567 ft: 4985 corp: 430/188Kb lim: 899 exec/s: 16009 rss: 123Mb L: 607/899 MS: 1 EraseBytes-
#16080	NEW    cov: 1567 ft: 4987 corp: 431/188Kb lim: 899 exec/s: 16080 rss: 123Mb L: 273/899 MS: 1 ChangeASCIIInt-
#16134	REDUCE cov: 1567 ft: 4987 corp: 431/188Kb lim: 899 exec/s: 16134 rss: 123Mb L: 302/899 MS: 4 ChangeByte-InsertRepeatedBytes-ChangeBit-EraseBytes-
#16202	NEW    cov: 1567 ft: 4988 corp: 432/189Kb lim: 899 exec/s: 16202 rss: 123Mb L: 650/899 MS: 3 EraseBytes-ChangeBinInt-InsertRepeatedBytes-
#16274	REDUCE cov: 1567 ft: 4988 corp: 432/189Kb lim: 899 exec/s: 16274 rss: 124Mb L: 167/899 MS: 2 ChangeBinInt-EraseBytes-
#16283	NEW    cov: 1567 ft: 4991 corp: 433/189Kb lim: 899 exec/s: 16283 rss: 124Mb L: 4/899 MS: 4 ChangeASCIIInt-EraseBytes-CopyPart-CrossOver-
#16358	NEW    cov: 1568 ft: 4992 corp: 434/189Kb lim: 899 exec/s: 16358 rss: 124Mb L: 501/899 MS: 5 PersAutoDict-PersAutoDict-InsertRepeatedBytes-ChangeBit-CopyPart- DE: "fffffff\006"-"i\001"-
#16399	REDUCE cov: 1568 ft: 4992 corp: 434/189Kb lim: 899 exec/s: 16399 rss: 124Mb L: 566/899 MS: 1 EraseBytes-
#16427	NEW    cov: 1571 ft: 4996 corp: 435/189Kb lim: 899 exec/s: 16427 rss: 124Mb L: 114/899 MS: 3 PersAutoDict-InsertByte-ChangeBit- DE: "\002\000\000\000\000\000\000\000"-
#16443	REDUCE cov: 1571 ft: 4996 corp: 435/189Kb lim: 899 exec/s: 16443 rss: 124Mb L: 584/899 MS: 1 EraseBytes-
#16578	REDUCE cov: 1571 ft: 4996 corp: 435/189Kb lim: 899 exec/s: 16578 rss: 125Mb L: 338/899 MS: 5 ChangeASCIIInt-ShuffleBytes-ChangeBit-PersAutoDict-EraseBytes- DE: "\000\306"-
#16660	REDUCE cov: 1571 ft: 4996 corp: 435/189Kb lim: 899 exec/s: 16660 rss: 125Mb L: 163/899 MS: 2 ChangeASCIIInt-EraseBytes-
#16671	REDUCE cov: 1571 ft: 4996 corp: 435/189Kb lim: 899 exec/s: 16671 rss: 125Mb L: 15/899 MS: 1 EraseBytes-
#16703	REDUCE cov: 1571 ft: 4996 corp: 435/189Kb lim: 899 exec/s: 16703 rss: 125Mb L: 431/899 MS: 2 CrossOver-CrossOver-
#16717	NEW    cov: 1571 ft: 5000 corp: 436/189Kb lim: 899 exec/s: 16717 rss: 125Mb L: 48/899 MS: 4 PersAutoDict-ChangeByte-ChangeByte-InsertRepeatedBytes- DE: "\004\240"-
#16758	NEW    cov: 1571 ft: 5004 corp: 437/189Kb lim: 899 exec/s: 16758 rss: 125Mb L: 16/899 MS: 1 CopyPart-
#16784	REDUCE cov: 1571 ft: 5004 corp: 437/189Kb lim: 899 exec/s: 16784 rss: 125Mb L: 251/899 MS: 1 EraseBytes-
#16951	NEW    cov: 1571 ft: 5006 corp: 438/189Kb lim: 899 exec/s: 16951 rss: 126Mb L: 155/899 MS: 2 CopyPart-EraseBytes-
#17052	NEW    cov: 1571 ft: 5009 corp: 439/190Kb lim: 899 exec/s: 17052 rss: 126Mb L: 899/899 MS: 1 ChangeBinInt-
#17058	REDUCE cov: 1571 ft: 5009 corp: 439/190Kb lim: 899 exec/s: 17058 rss: 126Mb L: 752/899 MS: 1 EraseBytes-
#17210	NEW    cov: 1573 ft: 5011 corp: 440/190Kb lim: 899 exec/s: 17210 rss: 127Mb L: 284/899 MS: 2 ChangeByte-CMP- DE: "\001\000\000\000\000\000\000\015"-
#17216	NEW    cov: 1573 ft: 5020 corp: 441/190Kb lim: 899 exec/s: 17216 rss: 127Mb L: 404/899 MS: 1 CrossOver-
#17241	NEW    cov: 1573 ft: 5021 corp: 442/190Kb lim: 899 exec/s: 17241 rss: 127Mb L: 159/899 MS: 5 InsertByte-ChangeBinInt-InsertByte-ShuffleBytes-ChangeBinInt-
#17348	NEW    cov: 1573 ft: 5022 corp: 443/191Kb lim: 899 exec/s: 17348 rss: 127Mb L: 686/899 MS: 2 CopyPart-CopyPart-
#17393	NEW    cov: 1573 ft: 5025 corp: 444/191Kb lim: 899 exec/s: 17393 rss: 127Mb L: 194/899 MS: 5 CrossOver-CopyPart-InsertByte-ChangeBit-CopyPart-
#17399	NEW    cov: 1574 ft: 5026 corp: 445/192Kb lim: 899 exec/s: 17399 rss: 127Mb L: 357/899 MS: 1 EraseBytes-
#17520	REDUCE cov: 1574 ft: 5026 corp: 445/192Kb lim: 899 exec/s: 17520 rss: 128Mb L: 252/899 MS: 1 EraseBytes-
#17582	NEW    cov: 1576 ft: 5028 corp: 446/192Kb lim: 899 exec/s: 17582 rss: 128Mb L: 748/899 MS: 2 ChangeASCIIInt-CMP- DE: "\001\000\000\012"-
#17583	NEW    cov: 1577 ft: 5033 corp: 447/193Kb lim: 899 exec/s: 17583 rss: 128Mb L: 899/899 MS: 1 CopyPart-
#17589	NEW    cov: 1577 ft: 5034 corp: 448/194Kb lim: 899 exec/s: 17589 rss: 128Mb L: 687/899 MS: 1 CopyPart-
#17675	REDUCE cov: 1577 ft: 5034 corp: 448/194Kb lim: 899 exec/s: 17675 rss: 128Mb L: 116/899 MS: 1 EraseBytes-
#17722	NEW    cov: 1577 ft: 5037 corp: 449/195Kb lim: 899 exec/s: 17722 rss: 129Mb L: 810/899 MS: 2 ChangeBit-CopyPart-
#17738	NEW    cov: 1577 ft: 5038 corp: 450/195Kb lim: 899 exec/s: 17738 rss: 129Mb L: 412/899 MS: 1 PersAutoDict- DE: "\377\377\377\377\377\377\000O"-
#17848	NEW    cov: 1577 ft: 5040 corp: 451/196Kb lim: 899 exec/s: 17848 rss: 129Mb L: 755/899 MS: 5 EraseBytes-CrossOver-EraseBytes-ChangeASCIIInt-CopyPart-
#17864	NEW    cov: 1577 ft: 5041 corp: 452/196Kb lim: 899 exec/s: 17864 rss: 129Mb L: 687/899 MS: 1 CrossOver-
#17955	REDUCE cov: 1577 ft: 5041 corp: 452/196Kb lim: 899 exec/s: 17955 rss: 130Mb L: 192/899 MS: 1 EraseBytes-
#17968	NEW    cov: 1577 ft: 5047 corp: 453/197Kb lim: 899 exec/s: 17968 rss: 130Mb L: 884/899 MS: 3 InsertByte-CrossOver-InsertRepeatedBytes-
#18006	NEW    cov: 1577 ft: 5048 corp: 454/197Kb lim: 899 exec/s: 18006 rss: 130Mb L: 9/899 MS: 3 CMP-InsertByte-ShuffleBytes- DE: "\000\000\000\354"-
#18087	REDUCE cov: 1577 ft: 5048 corp: 454/197Kb lim: 899 exec/s: 18087 rss: 130Mb L: 698/899 MS: 1 EraseBytes-
#18138	REDUCE cov: 1577 ft: 5048 corp: 454/197Kb lim: 899 exec/s: 18138 rss: 130Mb L: 586/899 MS: 1 EraseBytes-
#18184	REDUCE cov: 1577 ft: 5048 corp: 454/197Kb lim: 899 exec/s: 18184 rss: 130Mb L: 805/899 MS: 1 EraseBytes-
#18270	NEW    cov: 1578 ft: 5049 corp: 455/198Kb lim: 899 exec/s: 18270 rss: 131Mb L: 882/899 MS: 1 CopyPart-
#18289	REDUCE cov: 1579 ft: 5050 corp: 456/198Kb lim: 899 exec/s: 18289 rss: 131Mb L: 201/899 MS: 4 PersAutoDict-ChangeBit-ChangeBinInt-InsertRepeatedBytes- DE: "\000\000\000\000"-
#18300	NEW    cov: 1579 ft: 5051 corp: 457/199Kb lim: 899 exec/s: 18300 rss: 131Mb L: 809/899 MS: 1 EraseBytes-
#18373	NEW    cov: 1579 ft: 5052 corp: 458/200Kb lim: 899 exec/s: 18373 rss: 131Mb L: 872/899 MS: 3 PersAutoDict-ChangeByte-CopyPart- DE: "\001\000\000\000\000\000\000\000"-
#18390	NEW    cov: 1579 ft: 5053 corp: 459/201Kb lim: 899 exec/s: 18390 rss: 131Mb L: 813/899 MS: 2 PersAutoDict-InsertByte- DE: "\033\000\000\000\000\000\000\000"-
#18408	REDUCE cov: 1579 ft: 5053 corp: 459/201Kb lim: 899 exec/s: 18408 rss: 131Mb L: 132/899 MS: 3 PersAutoDict-ChangeByte-EraseBytes- DE: "\001\000\000\000\000\000\000\000"-
#18553	REDUCE cov: 1579 ft: 5053 corp: 459/201Kb lim: 899 exec/s: 18553 rss: 132Mb L: 304/899 MS: 5 ChangeBit-InsertRepeatedBytes-ShuffleBytes-EraseBytes-EraseBytes-
#18620	REDUCE cov: 1579 ft: 5053 corp: 459/200Kb lim: 899 exec/s: 18620 rss: 132Mb L: 538/899 MS: 2 CopyPart-CrossOver-
#18679	REDUCE cov: 1579 ft: 5053 corp: 459/200Kb lim: 899 exec/s: 18679 rss: 132Mb L: 179/899 MS: 4 CopyPart-PersAutoDict-ChangeBit-EraseBytes- DE: "\007\000"-
#18714	REDUCE cov: 1579 ft: 5053 corp: 459/200Kb lim: 899 exec/s: 18714 rss: 132Mb L: 124/899 MS: 5 ChangeASCIIInt-ChangeByte-ChangeASCIIInt-EraseBytes-CMP- DE: "\001\000\000\000\000\000\000\003"-
#18715	NEW    cov: 1579 ft: 5054 corp: 460/201Kb lim: 899 exec/s: 18715 rss: 132Mb L: 687/899 MS: 1 ChangeBit-
#18722	NEW    cov: 1579 ft: 5055 corp: 461/201Kb lim: 899 exec/s: 18722 rss: 132Mb L: 270/899 MS: 2 ChangeByte-InsertRepeatedBytes-
#18723	REDUCE cov: 1579 ft: 5055 corp: 461/201Kb lim: 899 exec/s: 18723 rss: 133Mb L: 87/899 MS: 1 EraseBytes-
#18801	NEW    cov: 1581 ft: 5058 corp: 462/201Kb lim: 899 exec/s: 18801 rss: 133Mb L: 219/899 MS: 3 ShuffleBytes-InsertRepeatedBytes-ChangeBit-
#18830	REDUCE cov: 1581 ft: 5058 corp: 462/201Kb lim: 899 exec/s: 18830 rss: 133Mb L: 176/899 MS: 4 ChangeASCIIInt-ChangeBit-ChangeBinInt-EraseBytes-
#18876	NEW    cov: 1585 ft: 5062 corp: 463/201Kb lim: 899 exec/s: 18876 rss: 133Mb L: 105/899 MS: 1 ChangeByte-
#18976	REDUCE cov: 1585 ft: 5062 corp: 463/201Kb lim: 899 exec/s: 18976 rss: 133Mb L: 62/899 MS: 5 CrossOver-CMP-ChangeBinInt-ShuffleBytes-EraseBytes- DE: "p\000\000\000\000\000\000\000"-
#18982	REDUCE cov: 1585 ft: 5062 corp: 463/201Kb lim: 899 exec/s: 18982 rss: 133Mb L: 43/899 MS: 1 EraseBytes-
#19063	REDUCE cov: 1585 ft: 5062 corp: 463/201Kb lim: 899 exec/s: 19063 rss: 134Mb L: 195/899 MS: 1 EraseBytes-
#19147	REDUCE cov: 1585 ft: 5062 corp: 463/201Kb lim: 899 exec/s: 19147 rss: 134Mb L: 386/899 MS: 4 ChangeByte-PersAutoDict-PersAutoDict-CrossOver- DE: "\376\377\377\377"-"\021\002"-
#19245	NEW    cov: 1585 ft: 5064 corp: 464/202Kb lim: 899 exec/s: 19245 rss: 134Mb L: 795/899 MS: 3 InsertByte-PersAutoDict-ChangeByte- DE: "\001\000\000\012"-
#19286	NEW    cov: 1586 ft: 5065 corp: 465/203Kb lim: 899 exec/s: 19286 rss: 134Mb L: 769/899 MS: 1 CrossOver-
#19302	NEW    cov: 1588 ft: 5067 corp: 466/203Kb lim: 899 exec/s: 19302 rss: 134Mb L: 270/899 MS: 1 ChangeBinInt-
#19394	NEW    cov: 1588 ft: 5068 corp: 467/203Kb lim: 899 exec/s: 19394 rss: 135Mb L: 296/899 MS: 2 CrossOver-InsertRepeatedBytes-
#19482	REDUCE cov: 1588 ft: 5068 corp: 467/203Kb lim: 899 exec/s: 19482 rss: 135Mb L: 657/899 MS: 3 ChangeASCIIInt-ChangeBinInt-EraseBytes-
#19488	NEW    cov: 1588 ft: 5069 corp: 468/204Kb lim: 899 exec/s: 19488 rss: 135Mb L: 714/899 MS: 1 EraseBytes-
	NEW_FUNC[1/1]: 0x0001024d7b78 in _RINvNtNtCsaadRk6yvHw6_6rsword3xml5parse9malformedReEB6_+0x0 (fuzz_xml:arm64+0x100207b78)
#19506	REDUCE cov: 1596 ft: 5077 corp: 469/204Kb lim: 899 exec/s: 19506 rss: 135Mb L: 715/899 MS: 3 PersAutoDict-InsertRepeatedBytes-InsertByte- DE: "\001\000\000\000"-
#19677	NEW    cov: 1596 ft: 5078 corp: 470/205Kb lim: 899 exec/s: 19677 rss: 136Mb L: 689/899 MS: 1 CMP- DE: "\0043333333"-
#19759	REDUCE cov: 1596 ft: 5078 corp: 470/205Kb lim: 899 exec/s: 19759 rss: 136Mb L: 752/899 MS: 2 InsertByte-EraseBytes-
#19848	NEW    cov: 1596 ft: 5080 corp: 471/205Kb lim: 899 exec/s: 19848 rss: 136Mb L: 274/899 MS: 4 ChangeASCIIInt-CrossOver-PersAutoDict-CrossOver- DE: "\001\000\000\012"-
#19864	REDUCE cov: 1596 ft: 5080 corp: 471/205Kb lim: 899 exec/s: 19864 rss: 136Mb L: 6/899 MS: 1 EraseBytes-
#19865	NEW    cov: 1597 ft: 5081 corp: 472/205Kb lim: 899 exec/s: 19865 rss: 136Mb L: 96/899 MS: 1 InsertRepeatedBytes-
#19937	REDUCE cov: 1597 ft: 5081 corp: 472/205Kb lim: 899 exec/s: 19937 rss: 137Mb L: 32/899 MS: 2 EraseBytes-EraseBytes-
#20003	REDUCE cov: 1597 ft: 5081 corp: 472/205Kb lim: 899 exec/s: 20003 rss: 137Mb L: 190/899 MS: 1 EraseBytes-
#20029	REDUCE cov: 1597 ft: 5081 corp: 472/205Kb lim: 899 exec/s: 20029 rss: 137Mb L: 479/899 MS: 1 EraseBytes-
#20060	REDUCE cov: 1597 ft: 5081 corp: 472/205Kb lim: 899 exec/s: 20060 rss: 137Mb L: 766/899 MS: 1 EraseBytes-
#20166	REDUCE cov: 1597 ft: 5082 corp: 473/205Kb lim: 899 exec/s: 20166 rss: 138Mb L: 225/899 MS: 1 CopyPart-
#20167	REDUCE cov: 1597 ft: 5082 corp: 473/205Kb lim: 899 exec/s: 20167 rss: 138Mb L: 139/899 MS: 1 EraseBytes-
#20195	NEW    cov: 1597 ft: 5084 corp: 474/206Kb lim: 899 exec/s: 20195 rss: 138Mb L: 888/899 MS: 3 CopyPart-ChangeBit-ChangeASCIIInt-
#20471	REDUCE cov: 1597 ft: 5084 corp: 474/206Kb lim: 899 exec/s: 20471 rss: 139Mb L: 9/899 MS: 1 EraseBytes-
#20477	NEW    cov: 1597 ft: 5085 corp: 475/207Kb lim: 899 exec/s: 20477 rss: 139Mb L: 842/899 MS: 1 ShuffleBytes-
#20522	NEW    cov: 1598 ft: 5086 corp: 476/208Kb lim: 899 exec/s: 20522 rss: 139Mb L: 525/899 MS: 5 ChangeBit-CopyPart-CMP-ChangeASCIIInt-EraseBytes- DE: "\222$I\222$I\222\004"-
#20554	REDUCE cov: 1598 ft: 5086 corp: 476/208Kb lim: 899 exec/s: 20554 rss: 139Mb L: 372/899 MS: 2 CMP-EraseBytes- DE: "\000\000\000\000"-
#20665	NEW    cov: 1598 ft: 5088 corp: 477/208Kb lim: 899 exec/s: 20665 rss: 139Mb L: 899/899 MS: 1 ShuffleBytes-
#20693	REDUCE cov: 1598 ft: 5088 corp: 477/208Kb lim: 899 exec/s: 20693 rss: 139Mb L: 208/899 MS: 3 PersAutoDict-ChangeBit-EraseBytes- DE: "\000\000\000\016"-
#20736	REDUCE cov: 1598 ft: 5129 corp: 478/209Kb lim: 899 exec/s: 20736 rss: 140Mb L: 602/899 MS: 3 ChangeASCIIInt-ChangeByte-CopyPart-
#20746	REDUCE cov: 1598 ft: 5129 corp: 478/209Kb lim: 899 exec/s: 20746 rss: 140Mb L: 385/899 MS: 5 ChangeASCIIInt-InsertByte-ChangeByte-CopyPart-CrossOver-
#20782	NEW    cov: 1598 ft: 5135 corp: 479/210Kb lim: 899 exec/s: 20782 rss: 140Mb L: 810/899 MS: 1 CrossOver-
#20823	REDUCE cov: 1598 ft: 5135 corp: 479/210Kb lim: 899 exec/s: 20823 rss: 140Mb L: 867/899 MS: 1 EraseBytes-
#20874	REDUCE cov: 1598 ft: 5136 corp: 480/210Kb lim: 899 exec/s: 20874 rss: 140Mb L: 218/899 MS: 1 CopyPart-
#20920	NEW    cov: 1598 ft: 5137 corp: 481/211Kb lim: 899 exec/s: 20920 rss: 141Mb L: 888/899 MS: 1 ChangeBinInt-
#20931	REDUCE cov: 1598 ft: 5137 corp: 481/211Kb lim: 899 exec/s: 20931 rss: 141Mb L: 718/899 MS: 1 EraseBytes-
#20963	NEW    cov: 1598 ft: 5138 corp: 482/211Kb lim: 899 exec/s: 20963 rss: 141Mb L: 274/899 MS: 2 CrossOver-ChangeBit-
#20970	NEW    cov: 1598 ft: 5142 corp: 483/211Kb lim: 899 exec/s: 20970 rss: 141Mb L: 469/899 MS: 2 ChangeBit-CopyPart-
#20979	REDUCE cov: 1598 ft: 5142 corp: 483/211Kb lim: 899 exec/s: 20979 rss: 141Mb L: 423/899 MS: 4 InsertByte-PersAutoDict-ChangeBinInt-EraseBytes- DE: "\001\000\000@"-
#21006	NEW    cov: 1598 ft: 5143 corp: 484/212Kb lim: 899 exec/s: 21006 rss: 141Mb L: 837/899 MS: 2 CopyPart-CMP- DE: "\004\003\000\000"-
#21060	REDUCE cov: 1598 ft: 5143 corp: 484/212Kb lim: 899 exec/s: 21060 rss: 141Mb L: 486/899 MS: 4 ChangeASCIIInt-ChangeBit-CopyPart-EraseBytes-
#21126	REDUCE cov: 1598 ft: 5143 corp: 484/212Kb lim: 899 exec/s: 21126 rss: 141Mb L: 69/899 MS: 1 EraseBytes-
#21213	NEW    cov: 1598 ft: 5146 corp: 485/213Kb lim: 899 exec/s: 21213 rss: 142Mb L: 866/899 MS: 2 CopyPart-InsertByte-
#21240	REDUCE cov: 1598 ft: 5146 corp: 485/213Kb lim: 899 exec/s: 21240 rss: 142Mb L: 164/899 MS: 2 InsertRepeatedBytes-EraseBytes-
#21417	REDUCE cov: 1598 ft: 5146 corp: 485/212Kb lim: 899 exec/s: 21417 rss: 142Mb L: 413/899 MS: 2 PersAutoDict-EraseBytes- DE: "\007\000\000\000\000\000\000\000"-
#21464	NEW    cov: 1598 ft: 5148 corp: 486/213Kb lim: 899 exec/s: 21464 rss: 143Mb L: 173/899 MS: 2 ChangeBit-PersAutoDict- DE: "\001\000\000\000\000\000\000\003"-
#21533	REDUCE cov: 1598 ft: 5148 corp: 486/213Kb lim: 899 exec/s: 21533 rss: 143Mb L: 416/899 MS: 4 CopyPart-CopyPart-ChangeASCIIInt-EraseBytes-
#21539	NEW    cov: 1598 ft: 5151 corp: 487/213Kb lim: 899 exec/s: 21539 rss: 143Mb L: 643/899 MS: 1 EraseBytes-
#21575	REDUCE cov: 1598 ft: 5154 corp: 488/214Kb lim: 899 exec/s: 21575 rss: 143Mb L: 557/899 MS: 1 CopyPart-
#21618	REDUCE cov: 1598 ft: 5154 corp: 488/214Kb lim: 899 exec/s: 21618 rss: 143Mb L: 547/899 MS: 3 CMP-InsertRepeatedBytes-EraseBytes- DE: "\000\000\000\000\000\000\000\203"-
#21639	NEW    cov: 1598 ft: 5155 corp: 489/214Kb lim: 899 exec/s: 21639 rss: 143Mb L: 247/899 MS: 1 InsertByte-
#21680	REDUCE cov: 1598 ft: 5156 corp: 490/214Kb lim: 899 exec/s: 21680 rss: 143Mb L: 178/899 MS: 1 CopyPart-
#21736	REDUCE cov: 1598 ft: 5156 corp: 490/214Kb lim: 899 exec/s: 21736 rss: 144Mb L: 334/899 MS: 1 EraseBytes-
#21753	REDUCE cov: 1598 ft: 5156 corp: 490/214Kb lim: 899 exec/s: 21753 rss: 144Mb L: 173/899 MS: 2 InsertByte-EraseBytes-
#21819	NEW    cov: 1599 ft: 5158 corp: 491/215Kb lim: 899 exec/s: 21819 rss: 144Mb L: 650/899 MS: 1 CopyPart-
#21856	REDUCE cov: 1599 ft: 5159 corp: 492/215Kb lim: 899 exec/s: 21856 rss: 144Mb L: 120/899 MS: 2 EraseBytes-InsertRepeatedBytes-
#21912	NEW    cov: 1603 ft: 5190 corp: 493/216Kb lim: 899 exec/s: 21912 rss: 144Mb L: 843/899 MS: 1 InsertByte-
#21913	REDUCE cov: 1603 ft: 5190 corp: 493/215Kb lim: 899 exec/s: 21913 rss: 144Mb L: 238/899 MS: 1 EraseBytes-
#22028	NEW    cov: 1603 ft: 5191 corp: 494/216Kb lim: 899 exec/s: 22028 rss: 145Mb L: 573/899 MS: 5 EraseBytes-EraseBytes-ChangeASCIIInt-PersAutoDict-CMP- DE: "\000\000\000\000\000\000\000l"-"G\004\000\000"-
#22040	NEW    cov: 1603 ft: 5195 corp: 495/216Kb lim: 899 exec/s: 22040 rss: 145Mb L: 290/899 MS: 2 PersAutoDict-EraseBytes- DE: "fffffff\006"-
#22191	REDUCE cov: 1603 ft: 5195 corp: 495/216Kb lim: 899 exec/s: 22191 rss: 145Mb L: 258/899 MS: 1 EraseBytes-
#22212	NEW    cov: 1604 ft: 5196 corp: 496/217Kb lim: 899 exec/s: 22212 rss: 145Mb L: 885/899 MS: 1 InsertByte-
#22303	NEW    cov: 1607 ft: 5200 corp: 497/218Kb lim: 899 exec/s: 22303 rss: 146Mb L: 883/899 MS: 1 CopyPart-
#22318	REDUCE cov: 1607 ft: 5201 corp: 498/219Kb lim: 899 exec/s: 22318 rss: 146Mb L: 521/899 MS: 5 CopyPart-InsertRepeatedBytes-InsertByte-ChangeBinInt-CrossOver-
#22371	REDUCE cov: 1607 ft: 5201 corp: 498/218Kb lim: 899 exec/s: 22371 rss: 146Mb L: 788/899 MS: 3 CopyPart-EraseBytes-CrossOver-
#22433	REDUCE cov: 1607 ft: 5209 corp: 499/219Kb lim: 899 exec/s: 22433 rss: 146Mb L: 643/899 MS: 2 PersAutoDict-ChangeBinInt- DE: "i\001"-
#22470	REDUCE cov: 1609 ft: 5211 corp: 500/219Kb lim: 899 exec/s: 11235 rss: 146Mb L: 295/899 MS: 2 ChangeBit-CrossOver-
#22512	NEW    cov: 1609 ft: 5214 corp: 501/220Kb lim: 899 exec/s: 11256 rss: 147Mb L: 801/899 MS: 2 ChangeBit-CrossOver-
#22546	NEW    cov: 1610 ft: 5216 corp: 502/221Kb lim: 899 exec/s: 11273 rss: 147Mb L: 895/899 MS: 4 ChangeBinInt-ShuffleBytes-EraseBytes-CopyPart-
#22567	REDUCE cov: 1610 ft: 5217 corp: 503/222Kb lim: 899 exec/s: 11283 rss: 147Mb L: 711/899 MS: 1 ShuffleBytes-
#22693	NEW    cov: 1610 ft: 5220 corp: 504/222Kb lim: 899 exec/s: 11346 rss: 147Mb L: 538/899 MS: 1 CopyPart-
#22864	REDUCE cov: 1610 ft: 5220 corp: 504/222Kb lim: 899 exec/s: 11432 rss: 153Mb L: 642/899 MS: 1 EraseBytes-
#22905	NEW    cov: 1610 ft: 5223 corp: 505/223Kb lim: 899 exec/s: 11452 rss: 153Mb L: 798/899 MS: 1 CopyPart-
#22916	NEW    cov: 1610 ft: 5227 corp: 506/224Kb lim: 899 exec/s: 11458 rss: 153Mb L: 885/899 MS: 1 ChangeASCIIInt-
#23008	NEW    cov: 1610 ft: 5228 corp: 507/224Kb lim: 899 exec/s: 11504 rss: 153Mb L: 114/899 MS: 2 ChangeBit-ChangeBinInt-
#23064	NEW    cov: 1610 ft: 5231 corp: 508/225Kb lim: 899 exec/s: 11532 rss: 154Mb L: 895/899 MS: 1 InsertRepeatedBytes-
#23120	REDUCE cov: 1611 ft: 5232 corp: 509/225Kb lim: 899 exec/s: 11560 rss: 154Mb L: 235/899 MS: 1 InsertByte-
#23272	NEW    cov: 1611 ft: 5233 corp: 510/226Kb lim: 899 exec/s: 11636 rss: 154Mb L: 744/899 MS: 2 ShuffleBytes-CrossOver-
#23279	REDUCE cov: 1611 ft: 5233 corp: 510/226Kb lim: 899 exec/s: 11639 rss: 154Mb L: 354/899 MS: 2 CopyPart-EraseBytes-
#23305	NEW    cov: 1611 ft: 5234 corp: 511/227Kb lim: 899 exec/s: 11652 rss: 155Mb L: 767/899 MS: 1 CopyPart-
#23426	REDUCE cov: 1611 ft: 5234 corp: 511/227Kb lim: 899 exec/s: 11713 rss: 155Mb L: 675/899 MS: 1 EraseBytes-
#23427	NEW    cov: 1611 ft: 5235 corp: 512/227Kb lim: 899 exec/s: 11713 rss: 155Mb L: 489/899 MS: 1 CrossOver-
#23433	REDUCE cov: 1611 ft: 5235 corp: 512/227Kb lim: 899 exec/s: 11716 rss: 155Mb L: 485/899 MS: 1 EraseBytes-
#23625	REDUCE cov: 1611 ft: 5236 corp: 513/227Kb lim: 899 exec/s: 11812 rss: 156Mb L: 6/899 MS: 2 ChangeBit-ChangeBinInt-
#23648	REDUCE cov: 1611 ft: 5236 corp: 513/227Kb lim: 899 exec/s: 11824 rss: 156Mb L: 855/899 MS: 3 ChangeByte-ChangeBinInt-EraseBytes-
#23734	REDUCE cov: 1611 ft: 5236 corp: 513/227Kb lim: 899 exec/s: 11867 rss: 156Mb L: 71/899 MS: 1 EraseBytes-
#23793	REDUCE cov: 1611 ft: 5236 corp: 513/227Kb lim: 899 exec/s: 11896 rss: 157Mb L: 574/899 MS: 4 ChangeByte-ChangeByte-ChangeByte-EraseBytes-
#23810	REDUCE cov: 1611 ft: 5236 corp: 513/227Kb lim: 899 exec/s: 11905 rss: 157Mb L: 284/899 MS: 2 ChangeASCIIInt-EraseBytes-
#23879	NEW    cov: 1612 ft: 5237 corp: 514/227Kb lim: 899 exec/s: 11939 rss: 157Mb L: 215/899 MS: 4 InsertByte-ChangeASCIIInt-InsertByte-InsertRepeatedBytes-
#23907	REDUCE cov: 1612 ft: 5237 corp: 514/227Kb lim: 899 exec/s: 11953 rss: 157Mb L: 533/899 MS: 3 PersAutoDict-CopyPart-EraseBytes- DE: "\001\000\000\000\000\000\000\015"-
#24013	NEW    cov: 1613 ft: 5238 corp: 515/227Kb lim: 899 exec/s: 12006 rss: 157Mb L: 405/899 MS: 1 InsertRepeatedBytes-
#24035	REDUCE cov: 1613 ft: 5238 corp: 515/227Kb lim: 899 exec/s: 12017 rss: 158Mb L: 383/899 MS: 2 ChangeASCIIInt-EraseBytes-
#24101	REDUCE cov: 1613 ft: 5238 corp: 515/227Kb lim: 899 exec/s: 12050 rss: 158Mb L: 67/899 MS: 1 EraseBytes-
#24284	REDUCE cov: 1613 ft: 5238 corp: 515/227Kb lim: 899 exec/s: 12142 rss: 158Mb L: 724/899 MS: 3 InsertRepeatedBytes-CopyPart-EraseBytes-
#24300	REDUCE cov: 1613 ft: 5238 corp: 515/227Kb lim: 899 exec/s: 12150 rss: 158Mb L: 303/899 MS: 1 EraseBytes-
#24307	REDUCE cov: 1613 ft: 5238 corp: 515/227Kb lim: 899 exec/s: 12153 rss: 158Mb L: 782/899 MS: 2 InsertByte-EraseBytes-
#24376	NEW    cov: 1613 ft: 5241 corp: 516/228Kb lim: 899 exec/s: 12188 rss: 159Mb L: 866/899 MS: 4 ChangeBinInt-ChangeBit-ChangeASCIIInt-ShuffleBytes-
#24402	REDUCE cov: 1613 ft: 5241 corp: 516/228Kb lim: 899 exec/s: 12201 rss: 159Mb L: 234/899 MS: 1 EraseBytes-
#24473	REDUCE cov: 1613 ft: 5241 corp: 516/228Kb lim: 899 exec/s: 12236 rss: 159Mb L: 279/899 MS: 1 EraseBytes-
#24679	NEW    cov: 1614 ft: 5242 corp: 517/228Kb lim: 899 exec/s: 12339 rss: 160Mb L: 733/899 MS: 1 ChangeBit-
#24799	NEW    cov: 1614 ft: 5245 corp: 518/229Kb lim: 899 exec/s: 12399 rss: 160Mb L: 836/899 MS: 5 ChangeASCIIInt-InsertByte-ChangeASCIIInt-ChangeASCIIInt-CopyPart-
#24847	NEW    cov: 1614 ft: 5247 corp: 519/229Kb lim: 899 exec/s: 12423 rss: 160Mb L: 279/899 MS: 3 CMP-CopyPart-ChangeBinInt- DE: "\000\000\000\000\000\000\000\261"-
#24976	REDUCE cov: 1614 ft: 5249 corp: 520/230Kb lim: 899 exec/s: 12488 rss: 161Mb L: 637/899 MS: 4 EraseBytes-ChangeASCIIInt-PersAutoDict-CrossOver- DE: "\017\000"-
#24998	REDUCE cov: 1614 ft: 5249 corp: 520/230Kb lim: 899 exec/s: 12499 rss: 161Mb L: 563/899 MS: 2 ChangeASCIIInt-EraseBytes-
#25033	NEW    cov: 1614 ft: 5250 corp: 521/231Kb lim: 899 exec/s: 12516 rss: 161Mb L: 780/899 MS: 5 CopyPart-ChangeASCIIInt-ShuffleBytes-ChangeASCIIInt-CopyPart-
#25049	REDUCE cov: 1614 ft: 5250 corp: 521/231Kb lim: 899 exec/s: 12524 rss: 161Mb L: 275/899 MS: 1 EraseBytes-
#25050	REDUCE cov: 1614 ft: 5250 corp: 521/231Kb lim: 899 exec/s: 12525 rss: 161Mb L: 278/899 MS: 1 EraseBytes-
#25051	REDUCE cov: 1614 ft: 5250 corp: 521/231Kb lim: 899 exec/s: 12525 rss: 161Mb L: 213/899 MS: 1 EraseBytes-
#25123	NEW    cov: 1614 ft: 5251 corp: 522/231Kb lim: 899 exec/s: 12561 rss: 162Mb L: 751/899 MS: 2 InsertRepeatedBytes-ChangeByte-
#25153	NEW    cov: 1614 ft: 5252 corp: 523/232Kb lim: 899 exec/s: 12576 rss: 162Mb L: 378/899 MS: 5 ShuffleBytes-InsertRepeatedBytes-ChangeByte-ShuffleBytes-ChangeBinInt-
#25155	REDUCE cov: 1614 ft: 5252 corp: 523/232Kb lim: 899 exec/s: 12577 rss: 162Mb L: 147/899 MS: 2 InsertByte-EraseBytes-
#25266	REDUCE cov: 1614 ft: 5252 corp: 523/232Kb lim: 899 exec/s: 12633 rss: 162Mb L: 277/899 MS: 1 EraseBytes-
#25288	REDUCE cov: 1614 ft: 5255 corp: 524/232Kb lim: 899 exec/s: 12644 rss: 162Mb L: 755/899 MS: 2 CrossOver-CopyPart-
#25473	REDUCE cov: 1614 ft: 5255 corp: 524/232Kb lim: 899 exec/s: 12736 rss: 163Mb L: 157/899 MS: 5 PersAutoDict-CrossOver-ChangeBit-ChangeBinInt-EraseBytes- DE: "\000\000\000\000\000\000\000l"-
#25474	REDUCE cov: 1614 ft: 5255 corp: 524/232Kb lim: 899 exec/s: 12737 rss: 163Mb L: 279/899 MS: 1 EraseBytes-
#25482	NEW    cov: 1615 ft: 5264 corp: 525/233Kb lim: 899 exec/s: 12741 rss: 163Mb L: 817/899 MS: 3 ChangeBit-ChangeByte-ShuffleBytes-
#25549	NEW    cov: 1615 ft: 5272 corp: 526/234Kb lim: 899 exec/s: 12774 rss: 163Mb L: 836/899 MS: 2 ChangeBinInt-ChangeBinInt-
#25576	REDUCE cov: 1616 ft: 5275 corp: 527/234Kb lim: 899 exec/s: 12788 rss: 164Mb L: 150/899 MS: 2 InsertByte-InsertRepeatedBytes-
#25762	REDUCE cov: 1616 ft: 5275 corp: 527/234Kb lim: 899 exec/s: 12881 rss: 164Mb L: 80/899 MS: 1 EraseBytes-
#25763	REDUCE cov: 1616 ft: 5275 corp: 527/234Kb lim: 899 exec/s: 12881 rss: 164Mb L: 53/899 MS: 1 EraseBytes-
#25769	NEW    cov: 1616 ft: 5276 corp: 528/235Kb lim: 899 exec/s: 12884 rss: 164Mb L: 853/899 MS: 1 CopyPart-
#25773	REDUCE cov: 1616 ft: 5276 corp: 528/234Kb lim: 899 exec/s: 12886 rss: 164Mb L: 359/899 MS: 4 ChangeBinInt-PersAutoDict-InsertByte-EraseBytes- DE: "\007\000\000\000\000\000\000\000"-
#25818	NEW    cov: 1616 ft: 5280 corp: 529/235Kb lim: 899 exec/s: 12909 rss: 164Mb L: 544/899 MS: 5 CrossOver-CrossOver-InsertRepeatedBytes-PersAutoDict-CopyPart- DE: "\002\000\000\000\000\000\000\000"-
#25873	NEW    cov: 1617 ft: 5281 corp: 530/235Kb lim: 899 exec/s: 12936 rss: 165Mb L: 305/899 MS: 5 ChangeASCIIInt-ShuffleBytes-ChangeASCIIInt-InsertByte-CrossOver-
#25898	NEW    cov: 1617 ft: 5282 corp: 531/236Kb lim: 899 exec/s: 12949 rss: 165Mb L: 327/899 MS: 5 ChangeBit-ChangeBit-PersAutoDict-ChangeByte-ChangeBit- DE: "\021\002"-
#25939	REDUCE cov: 1617 ft: 5282 corp: 531/235Kb lim: 899 exec/s: 12969 rss: 165Mb L: 264/899 MS: 1 EraseBytes-
#25965	REDUCE cov: 1617 ft: 5282 corp: 531/235Kb lim: 899 exec/s: 12982 rss: 165Mb L: 338/899 MS: 1 EraseBytes-
#26023	NEW    cov: 1617 ft: 5325 corp: 532/236Kb lim: 899 exec/s: 13011 rss: 165Mb L: 393/899 MS: 3 CrossOver-CopyPart-EraseBytes-
#26103	REDUCE cov: 1617 ft: 5325 corp: 532/236Kb lim: 899 exec/s: 13051 rss: 166Mb L: 102/899 MS: 5 InsertByte-ChangeByte-ChangeASCIIInt-InsertByte-EraseBytes-
#26172	REDUCE cov: 1617 ft: 5327 corp: 533/236Kb lim: 899 exec/s: 13086 rss: 166Mb L: 455/899 MS: 4 CMP-ChangeASCIIInt-InsertByte-EraseBytes- DE: "\\\002\000\000\000\000\000\000"-
#26229	REDUCE cov: 1617 ft: 5327 corp: 533/236Kb lim: 899 exec/s: 13114 rss: 166Mb L: 735/899 MS: 2 ChangeBit-EraseBytes-
#26311	REDUCE cov: 1617 ft: 5327 corp: 533/236Kb lim: 899 exec/s: 13155 rss: 167Mb L: 599/899 MS: 2 PersAutoDict-CrossOver- DE: "\000\000\000\000\000\000\000\010"-
#26354	NEW    cov: 1618 ft: 5328 corp: 534/236Kb lim: 899 exec/s: 13177 rss: 167Mb L: 470/899 MS: 3 ChangeByte-InsertRepeatedBytes-InsertRepeatedBytes-
#26382	REDUCE cov: 1618 ft: 5330 corp: 535/236Kb lim: 899 exec/s: 13191 rss: 167Mb L: 4/899 MS: 3 ShuffleBytes-InsertByte-EraseBytes-
#26489	REDUCE cov: 1618 ft: 5330 corp: 535/236Kb lim: 899 exec/s: 13244 rss: 167Mb L: 549/899 MS: 2 ChangeBit-EraseBytes-
#26502	NEW    cov: 1618 ft: 5335 corp: 536/237Kb lim: 899 exec/s: 13251 rss: 167Mb L: 575/899 MS: 3 InsertByte-InsertByte-EraseBytes-
#26563	REDUCE cov: 1618 ft: 5335 corp: 536/237Kb lim: 899 exec/s: 13281 rss: 168Mb L: 162/899 MS: 1 EraseBytes-
#26589	REDUCE cov: 1619 ft: 5336 corp: 537/237Kb lim: 899 exec/s: 13294 rss: 168Mb L: 234/899 MS: 1 CopyPart-
#26622	REDUCE cov: 1619 ft: 5336 corp: 537/237Kb lim: 899 exec/s: 13311 rss: 168Mb L: 39/899 MS: 3 ChangeASCIIInt-ShuffleBytes-EraseBytes-
#26668	NEW    cov: 1620 ft: 5337 corp: 538/238Kb lim: 899 exec/s: 13334 rss: 168Mb L: 859/899 MS: 1 EraseBytes-
#26679	REDUCE cov: 1620 ft: 5337 corp: 538/238Kb lim: 899 exec/s: 13339 rss: 168Mb L: 878/899 MS: 1 EraseBytes-
#26686	REDUCE cov: 1622 ft: 5339 corp: 539/238Kb lim: 899 exec/s: 13343 rss: 168Mb L: 303/899 MS: 2 ChangeByte-PersAutoDict- DE: "\001\000\000\012"-
#26870	REDUCE cov: 1622 ft: 5339 corp: 539/238Kb lim: 899 exec/s: 13435 rss: 168Mb L: 29/899 MS: 4 PersAutoDict-PersAutoDict-ShuffleBytes-EraseBytes- DE: "\000\000\000\000\000\000\000\261"-"G\004\000\000"-
#26911	REDUCE cov: 1622 ft: 5339 corp: 539/238Kb lim: 899 exec/s: 13455 rss: 169Mb L: 778/899 MS: 1 EraseBytes-
#26982	NEW    cov: 1622 ft: 5342 corp: 540/238Kb lim: 899 exec/s: 13491 rss: 169Mb L: 501/899 MS: 1 CopyPart-
#27119	REDUCE cov: 1622 ft: 5342 corp: 540/238Kb lim: 899 exec/s: 13559 rss: 169Mb L: 445/899 MS: 2 CrossOver-EraseBytes-
#27156	REDUCE cov: 1622 ft: 5342 corp: 540/238Kb lim: 899 exec/s: 13578 rss: 170Mb L: 5/899 MS: 2 ChangeByte-EraseBytes-
#27227	REDUCE cov: 1623 ft: 5343 corp: 541/238Kb lim: 899 exec/s: 13613 rss: 170Mb L: 6/899 MS: 1 ShuffleBytes-
#27379	NEW    cov: 1623 ft: 5344 corp: 542/239Kb lim: 899 exec/s: 13689 rss: 170Mb L: 839/899 MS: 2 ChangeByte-InsertRepeatedBytes-
#27395	REDUCE cov: 1623 ft: 5344 corp: 542/239Kb lim: 899 exec/s: 13697 rss: 171Mb L: 350/899 MS: 1 EraseBytes-
#27432	REDUCE cov: 1623 ft: 5344 corp: 542/239Kb lim: 899 exec/s: 13716 rss: 171Mb L: 231/899 MS: 2 InsertByte-EraseBytes-
#27523	NEW    cov: 1623 ft: 5352 corp: 543/240Kb lim: 899 exec/s: 13761 rss: 171Mb L: 867/899 MS: 1 InsertByte-
#27582	REDUCE cov: 1623 ft: 5352 corp: 543/240Kb lim: 899 exec/s: 13791 rss: 171Mb L: 187/899 MS: 4 InsertByte-InsertRepeatedBytes-ShuffleBytes-EraseBytes-
#27584	REDUCE cov: 1623 ft: 5352 corp: 543/239Kb lim: 899 exec/s: 13792 rss: 171Mb L: 507/899 MS: 2 ShuffleBytes-EraseBytes-
#27641	REDUCE cov: 1623 ft: 5352 corp: 543/239Kb lim: 899 exec/s: 13820 rss: 171Mb L: 273/899 MS: 2 InsertByte-EraseBytes-
#27653	REDUCE cov: 1623 ft: 5352 corp: 543/239Kb lim: 899 exec/s: 13826 rss: 171Mb L: 73/899 MS: 2 ShuffleBytes-CrossOver-
#27759	REDUCE cov: 1623 ft: 5354 corp: 544/240Kb lim: 899 exec/s: 13879 rss: 172Mb L: 145/899 MS: 1 CopyPart-
#27875	REDUCE cov: 1623 ft: 5354 corp: 544/240Kb lim: 899 exec/s: 13937 rss: 172Mb L: 467/899 MS: 1 EraseBytes-
#27931	REDUCE cov: 1623 ft: 5354 corp: 544/240Kb lim: 899 exec/s: 13965 rss: 172Mb L: 32/899 MS: 1 EraseBytes-
#28148	REDUCE cov: 1623 ft: 5354 corp: 544/240Kb lim: 899 exec/s: 14074 rss: 173Mb L: 140/899 MS: 2 PersAutoDict-EraseBytes- DE: "\001\000\000\000\000\000\000\015"-
#28176	REDUCE cov: 1623 ft: 5357 corp: 545/240Kb lim: 899 exec/s: 14088 rss: 173Mb L: 895/899 MS: 3 CopyPart-CopyPart-CopyPart-
#28317	REDUCE cov: 1623 ft: 5357 corp: 545/240Kb lim: 899 exec/s: 14158 rss: 173Mb L: 133/899 MS: 1 EraseBytes-
#28404	REDUCE cov: 1623 ft: 5358 corp: 546/240Kb lim: 899 exec/s: 14202 rss: 174Mb L: 108/899 MS: 2 EraseBytes-InsertRepeatedBytes-
#28415	REDUCE cov: 1623 ft: 5358 corp: 546/240Kb lim: 899 exec/s: 14207 rss: 174Mb L: 340/899 MS: 1 EraseBytes-
#28452	NEW    cov: 1623 ft: 5360 corp: 547/241Kb lim: 899 exec/s: 14226 rss: 174Mb L: 886/899 MS: 2 PersAutoDict-InsertByte- DE: "\002\000\000\000\000\000\000\000"-
#28473	REDUCE cov: 1623 ft: 5360 corp: 547/241Kb lim: 899 exec/s: 14236 rss: 174Mb L: 603/899 MS: 1 EraseBytes-
#28574	REDUCE cov: 1623 ft: 5360 corp: 547/241Kb lim: 899 exec/s: 14287 rss: 175Mb L: 186/899 MS: 1 EraseBytes-
#28612	REDUCE cov: 1623 ft: 5360 corp: 547/241Kb lim: 899 exec/s: 14306 rss: 175Mb L: 628/899 MS: 3 ShuffleBytes-CopyPart-EraseBytes-
#28665	NEW    cov: 1623 ft: 5361 corp: 548/241Kb lim: 899 exec/s: 14332 rss: 175Mb L: 123/899 MS: 3 ChangeByte-ChangeByte-InsertRepeatedBytes-
#28893	NEW    cov: 1623 ft: 5362 corp: 549/242Kb lim: 899 exec/s: 14446 rss: 176Mb L: 470/899 MS: 3 ChangeBinInt-CrossOver-ChangeByte-
#28939	REDUCE cov: 1623 ft: 5362 corp: 549/242Kb lim: 899 exec/s: 14469 rss: 176Mb L: 223/899 MS: 1 EraseBytes-
#28985	NEW    cov: 1623 ft: 5363 corp: 550/242Kb lim: 899 exec/s: 14492 rss: 176Mb L: 827/899 MS: 1 ChangeBinInt-
#28986	REDUCE cov: 1623 ft: 5363 corp: 550/242Kb lim: 899 exec/s: 14493 rss: 176Mb L: 204/899 MS: 1 EraseBytes-
#29122	REDUCE cov: 1623 ft: 5363 corp: 550/242Kb lim: 899 exec/s: 14561 rss: 177Mb L: 59/899 MS: 1 EraseBytes-
#29166	REDUCE cov: 1623 ft: 5363 corp: 550/242Kb lim: 899 exec/s: 14583 rss: 177Mb L: 492/899 MS: 4 ShuffleBytes-ChangeByte-CrossOver-EraseBytes-
#29212	REDUCE cov: 1623 ft: 5363 corp: 550/242Kb lim: 899 exec/s: 14606 rss: 177Mb L: 177/899 MS: 1 EraseBytes-
#29318	REDUCE cov: 1623 ft: 5363 corp: 550/242Kb lim: 899 exec/s: 14659 rss: 178Mb L: 104/899 MS: 1 EraseBytes-
#29319	NEW    cov: 1625 ft: 5365 corp: 551/242Kb lim: 899 exec/s: 14659 rss: 178Mb L: 17/899 MS: 1 InsertByte-
#29410	NEW    cov: 1625 ft: 5366 corp: 552/243Kb lim: 899 exec/s: 14705 rss: 178Mb L: 393/899 MS: 1 ChangeByte-
#29411	NEW    cov: 1625 ft: 5368 corp: 553/243Kb lim: 899 exec/s: 14705 rss: 178Mb L: 397/899 MS: 1 PersAutoDict- DE: "\001\000\000\012"-
#29469	REDUCE cov: 1625 ft: 5368 corp: 553/243Kb lim: 899 exec/s: 14734 rss: 178Mb L: 326/899 MS: 3 InsertByte-CrossOver-EraseBytes-
#29510	REDUCE cov: 1625 ft: 5368 corp: 553/243Kb lim: 899 exec/s: 14755 rss: 179Mb L: 182/899 MS: 1 EraseBytes-
#29531	NEW    cov: 1626 ft: 5372 corp: 554/243Kb lim: 899 exec/s: 14765 rss: 179Mb L: 274/899 MS: 1 CopyPart-
#29563	REDUCE cov: 1626 ft: 5372 corp: 554/243Kb lim: 899 exec/s: 14781 rss: 179Mb L: 50/899 MS: 2 ChangeASCIIInt-EraseBytes-
#29669	REDUCE cov: 1626 ft: 5372 corp: 554/243Kb lim: 899 exec/s: 14834 rss: 179Mb L: 71/899 MS: 1 EraseBytes-
#29683	REDUCE cov: 1626 ft: 5372 corp: 554/243Kb lim: 899 exec/s: 14841 rss: 179Mb L: 94/899 MS: 4 CopyPart-InsertByte-ChangeByte-EraseBytes-
#29726	NEW    cov: 1626 ft: 5374 corp: 555/244Kb lim: 899 exec/s: 14863 rss: 179Mb L: 899/899 MS: 3 InsertByte-ShuffleBytes-CopyPart-
#29829	NEW    cov: 1626 ft: 5375 corp: 556/245Kb lim: 899 exec/s: 14914 rss: 180Mb L: 814/899 MS: 3 ChangeByte-ChangeBinInt-CrossOver-
#29925	REDUCE cov: 1626 ft: 5375 corp: 556/244Kb lim: 899 exec/s: 14962 rss: 180Mb L: 495/899 MS: 1 EraseBytes-
#30067	REDUCE cov: 1626 ft: 5375 corp: 556/244Kb lim: 899 exec/s: 15033 rss: 181Mb L: 352/899 MS: 2 ChangeByte-EraseBytes-
#30239	REDUCE cov: 1626 ft: 5375 corp: 556/244Kb lim: 899 exec/s: 15119 rss: 181Mb L: 783/899 MS: 2 ChangeASCIIInt-CrossOver-
#30695	REDUCE cov: 1626 ft: 5375 corp: 556/244Kb lim: 899 exec/s: 15347 rss: 183Mb L: 236/899 MS: 1 EraseBytes-
#30697	REDUCE cov: 1626 ft: 5375 corp: 556/244Kb lim: 899 exec/s: 15348 rss: 183Mb L: 41/899 MS: 2 CMP-EraseBytes- DE: "\001\000\000\000\000\000\000\001"-
#30773	REDUCE cov: 1626 ft: 5376 corp: 557/245Kb lim: 899 exec/s: 15386 rss: 183Mb L: 895/899 MS: 1 CopyPart-
#30779	REDUCE cov: 1626 ft: 5376 corp: 557/245Kb lim: 899 exec/s: 15389 rss: 183Mb L: 523/899 MS: 1 EraseBytes-
#30780	NEW    cov: 1626 ft: 5377 corp: 558/246Kb lim: 899 exec/s: 15390 rss: 183Mb L: 812/899 MS: 1 ShuffleBytes-
#30880	REDUCE cov: 1626 ft: 5377 corp: 558/246Kb lim: 899 exec/s: 15440 rss: 184Mb L: 797/899 MS: 5 InsertByte-PersAutoDict-ChangeByte-CrossOver-CrossOver- DE: "\002\000\000\000\000\000\000\000"-
#30896	REDUCE cov: 1626 ft: 5377 corp: 558/246Kb lim: 899 exec/s: 15448 rss: 184Mb L: 5/899 MS: 1 EraseBytes-
#30983	REDUCE cov: 1626 ft: 5377 corp: 558/246Kb lim: 899 exec/s: 15491 rss: 184Mb L: 558/899 MS: 2 ChangeBinInt-EraseBytes-
#30997	NEW    cov: 1626 ft: 5378 corp: 559/246Kb lim: 899 exec/s: 15498 rss: 184Mb L: 697/899 MS: 4 ShuffleBytes-InsertByte-CrossOver-CMP- DE: "\000\000\000\000\000\000\0016"-
#31019	REDUCE cov: 1626 ft: 5378 corp: 559/246Kb lim: 899 exec/s: 15509 rss: 184Mb L: 274/899 MS: 2 ChangeASCIIInt-EraseBytes-
#31041	NEW    cov: 1626 ft: 5379 corp: 560/247Kb lim: 899 exec/s: 15520 rss: 184Mb L: 656/899 MS: 2 ChangeBit-CopyPart-
#31042	REDUCE cov: 1626 ft: 5379 corp: 560/247Kb lim: 899 exec/s: 15521 rss: 184Mb L: 54/899 MS: 1 EraseBytes-
#31094	REDUCE cov: 1626 ft: 5380 corp: 561/247Kb lim: 899 exec/s: 15547 rss: 185Mb L: 77/899 MS: 2 InsertRepeatedBytes-ChangeBit-
#31188	REDUCE cov: 1626 ft: 5380 corp: 561/247Kb lim: 899 exec/s: 15594 rss: 185Mb L: 647/899 MS: 4 ShuffleBytes-CopyPart-ChangeBit-CrossOver-
#31488	REDUCE cov: 1626 ft: 5380 corp: 561/247Kb lim: 899 exec/s: 15744 rss: 186Mb L: 86/899 MS: 5 PersAutoDict-InsertByte-CrossOver-EraseBytes-CMP- DE: "\000\306"-"0.\000\000"-
#31526	NEW    cov: 1626 ft: 5382 corp: 562/247Kb lim: 899 exec/s: 15763 rss: 186Mb L: 488/899 MS: 3 CMP-InsertRepeatedBytes-CopyPart- DE: "\005\000\000\000\000\000\000\000"-
#31827	REDUCE cov: 1626 ft: 5384 corp: 563/247Kb lim: 899 exec/s: 15913 rss: 187Mb L: 6/899 MS: 1 InsertByte-
#31835	REDUCE cov: 1626 ft: 5384 corp: 563/247Kb lim: 899 exec/s: 15917 rss: 187Mb L: 380/899 MS: 3 InsertRepeatedBytes-ShuffleBytes-EraseBytes-
#31924	NEW    cov: 1626 ft: 5388 corp: 564/248Kb lim: 899 exec/s: 15962 rss: 187Mb L: 411/899 MS: 4 ChangeByte-ShuffleBytes-PersAutoDict-InsertRepeatedBytes- DE: "\015\000\000\000"-
#32086	REDUCE cov: 1626 ft: 5388 corp: 564/248Kb lim: 899 exec/s: 16043 rss: 188Mb L: 859/899 MS: 2 ChangeASCIIInt-EraseBytes-
#32089	NEW    cov: 1626 ft: 5389 corp: 565/248Kb lim: 899 exec/s: 16044 rss: 188Mb L: 813/899 MS: 3 ChangeASCIIInt-ChangeBinInt-ChangeByte-
#32147	REDUCE cov: 1626 ft: 5389 corp: 565/248Kb lim: 899 exec/s: 16073 rss: 188Mb L: 410/899 MS: 3 CopyPart-ChangeByte-EraseBytes-
#32210	REDUCE cov: 1629 ft: 5392 corp: 566/249Kb lim: 899 exec/s: 16105 rss: 188Mb L: 779/899 MS: 3 InsertByte-ChangeASCIIInt-ChangeByte-
#32308	NEW    cov: 1629 ft: 5393 corp: 567/250Kb lim: 899 exec/s: 16154 rss: 189Mb L: 645/899 MS: 3 PersAutoDict-CMP-CopyPart- DE: "\001\000\000\000\000\000\000\001"-"K\001\000\000\000\000\000\000"-
#32319	NEW    cov: 1630 ft: 5394 corp: 568/250Kb lim: 899 exec/s: 16159 rss: 189Mb L: 378/899 MS: 1 ShuffleBytes-
#32768	pulse  cov: 1630 ft: 5394 corp: 568/250Kb lim: 899 exec/s: 16384 rss: 190Mb
#32815	REDUCE cov: 1630 ft: 5394 corp: 568/250Kb lim: 899 exec/s: 16407 rss: 190Mb L: 22/899 MS: 1 EraseBytes-
#32823	REDUCE cov: 1630 ft: 5398 corp: 569/250Kb lim: 899 exec/s: 16411 rss: 190Mb L: 9/899 MS: 3 ShuffleBytes-CMP-ChangeBinInt- DE: "\000\000\000\217"-
#33240	REDUCE cov: 1630 ft: 5398 corp: 569/250Kb lim: 899 exec/s: 16620 rss: 192Mb L: 18/899 MS: 2 ChangeBit-EraseBytes-
#33417	REDUCE cov: 1630 ft: 5398 corp: 569/250Kb lim: 899 exec/s: 16708 rss: 192Mb L: 143/899 MS: 2 ChangeByte-EraseBytes-
#33499	NEW    cov: 1630 ft: 5399 corp: 570/251Kb lim: 899 exec/s: 16749 rss: 193Mb L: 842/899 MS: 2 ChangeBit-ShuffleBytes-
#33520	NEW    cov: 1630 ft: 5402 corp: 571/251Kb lim: 899 exec/s: 16760 rss: 193Mb L: 289/899 MS: 1 CopyPart-
#33656	REDUCE cov: 1630 ft: 5402 corp: 571/251Kb lim: 899 exec/s: 16828 rss: 193Mb L: 236/899 MS: 1 EraseBytes-
#33709	NEW    cov: 1631 ft: 5403 corp: 572/251Kb lim: 899 exec/s: 16854 rss: 193Mb L: 475/899 MS: 3 ChangeASCIIInt-CopyPart-InsertRepeatedBytes-
#33750	REDUCE cov: 1631 ft: 5403 corp: 572/251Kb lim: 899 exec/s: 16875 rss: 194Mb L: 261/899 MS: 1 EraseBytes-
#33851	REDUCE cov: 1631 ft: 5403 corp: 572/251Kb lim: 899 exec/s: 16925 rss: 194Mb L: 346/899 MS: 1 EraseBytes-
#33932	REDUCE cov: 1631 ft: 5403 corp: 572/251Kb lim: 899 exec/s: 16966 rss: 194Mb L: 422/899 MS: 1 CrossOver-
#33958	REDUCE cov: 1631 ft: 5403 corp: 572/251Kb lim: 899 exec/s: 16979 rss: 195Mb L: 37/899 MS: 1 EraseBytes-
#33969	REDUCE cov: 1631 ft: 5403 corp: 572/251Kb lim: 899 exec/s: 16984 rss: 195Mb L: 319/899 MS: 1 EraseBytes-
#33970	NEW    cov: 1631 ft: 5404 corp: 573/252Kb lim: 899 exec/s: 16985 rss: 195Mb L: 360/899 MS: 1 EraseBytes-
#34006	REDUCE cov: 1631 ft: 5404 corp: 573/252Kb lim: 899 exec/s: 17003 rss: 195Mb L: 17/899 MS: 1 EraseBytes-
#34088	REDUCE cov: 1631 ft: 5405 corp: 574/252Kb lim: 899 exec/s: 17044 rss: 195Mb L: 706/899 MS: 2 ChangeByte-CopyPart-
#34110	REDUCE cov: 1631 ft: 5405 corp: 574/252Kb lim: 899 exec/s: 17055 rss: 195Mb L: 4/899 MS: 2 CopyPart-EraseBytes-
#34118	NEW    cov: 1631 ft: 5410 corp: 575/252Kb lim: 899 exec/s: 17059 rss: 195Mb L: 57/899 MS: 3 CrossOver-CrossOver-CrossOver-
#34119	REDUCE cov: 1631 ft: 5410 corp: 575/252Kb lim: 899 exec/s: 17059 rss: 195Mb L: 176/899 MS: 1 EraseBytes-
#34121	REDUCE cov: 1631 ft: 5410 corp: 575/252Kb lim: 899 exec/s: 17060 rss: 195Mb L: 713/899 MS: 2 ChangeBit-EraseBytes-
#34458	REDUCE cov: 1631 ft: 5410 corp: 575/252Kb lim: 899 exec/s: 17229 rss: 197Mb L: 34/899 MS: 2 ChangeBinInt-EraseBytes-
#34595	REDUCE cov: 1631 ft: 5410 corp: 575/252Kb lim: 899 exec/s: 17297 rss: 197Mb L: 15/899 MS: 2 PersAutoDict-EraseBytes- DE: "\000\000\000\000\000\000\000\203"-
#34725	REDUCE cov: 1631 ft: 5410 corp: 575/252Kb lim: 899 exec/s: 17362 rss: 198Mb L: 35/899 MS: 5 ShuffleBytes-ChangeASCIIInt-ChangeASCIIInt-InsertByte-EraseBytes-
#34807	REDUCE cov: 1631 ft: 5410 corp: 575/252Kb lim: 899 exec/s: 17403 rss: 198Mb L: 61/899 MS: 2 ChangeBinInt-EraseBytes-
#34848	NEW    cov: 1631 ft: 5413 corp: 576/253Kb lim: 899 exec/s: 17424 rss: 198Mb L: 843/899 MS: 1 CopyPart-
#34995	NEW    cov: 1632 ft: 5414 corp: 577/253Kb lim: 899 exec/s: 17497 rss: 199Mb L: 17/899 MS: 2 ChangeBinInt-ChangeBinInt-
#35014	REDUCE cov: 1632 ft: 5414 corp: 577/253Kb lim: 899 exec/s: 17507 rss: 199Mb L: 484/899 MS: 4 ChangeByte-ShuffleBytes-ChangeBit-EraseBytes-
#35125	REDUCE cov: 1632 ft: 5414 corp: 577/253Kb lim: 899 exec/s: 17562 rss: 199Mb L: 539/899 MS: 1 EraseBytes-
#35126	REDUCE cov: 1632 ft: 5414 corp: 577/253Kb lim: 899 exec/s: 17563 rss: 199Mb L: 641/899 MS: 1 EraseBytes-
#35236	REDUCE cov: 1632 ft: 5414 corp: 577/253Kb lim: 899 exec/s: 17618 rss: 199Mb L: 56/899 MS: 5 ChangeBit-ChangeByte-ChangeBinInt-ChangeBinInt-EraseBytes-
#35257	NEW    cov: 1632 ft: 5418 corp: 578/253Kb lim: 899 exec/s: 17628 rss: 199Mb L: 894/899 MS: 1 CopyPart-
#35267	REDUCE cov: 1632 ft: 5418 corp: 578/253Kb lim: 899 exec/s: 17633 rss: 199Mb L: 93/899 MS: 5 CMP-InsertByte-ChangeBit-CopyPart-EraseBytes- DE: "\002V"-
#35288	NEW    cov: 1632 ft: 5419 corp: 579/254Kb lim: 899 exec/s: 17644 rss: 200Mb L: 780/899 MS: 1 CrossOver-
#35295	REDUCE cov: 1632 ft: 5419 corp: 579/254Kb lim: 899 exec/s: 17647 rss: 200Mb L: 626/899 MS: 2 ShuffleBytes-EraseBytes-
#35306	REDUCE cov: 1632 ft: 5419 corp: 579/254Kb lim: 899 exec/s: 17653 rss: 200Mb L: 14/899 MS: 1 EraseBytes-
#35404	NEW    cov: 1632 ft: 5420 corp: 580/255Kb lim: 899 exec/s: 17702 rss: 200Mb L: 815/899 MS: 3 ShuffleBytes-InsertByte-ShuffleBytes-
#35422	REDUCE cov: 1632 ft: 5420 corp: 580/255Kb lim: 899 exec/s: 17711 rss: 200Mb L: 38/899 MS: 3 InsertByte-InsertByte-EraseBytes-
#35423	REDUCE cov: 1632 ft: 5420 corp: 580/255Kb lim: 899 exec/s: 17711 rss: 200Mb L: 364/899 MS: 1 EraseBytes-
#35476	NEW    cov: 1632 ft: 5422 corp: 581/255Kb lim: 899 exec/s: 17738 rss: 200Mb L: 349/899 MS: 3 EraseBytes-CMP-CrossOver- DE: "\000\000\000\000\000\000\000\002"-
#35522	NEW    cov: 1632 ft: 5423 corp: 582/255Kb lim: 899 exec/s: 17761 rss: 201Mb L: 325/899 MS: 1 InsertByte-
#35534	REDUCE cov: 1632 ft: 5423 corp: 582/255Kb lim: 899 exec/s: 17767 rss: 201Mb L: 190/899 MS: 2 ChangeByte-EraseBytes-
#35546	REDUCE cov: 1632 ft: 5423 corp: 582/255Kb lim: 899 exec/s: 17773 rss: 201Mb L: 307/899 MS: 2 ChangeASCIIInt-EraseBytes-
#35723	NEW    cov: 1632 ft: 5426 corp: 583/256Kb lim: 899 exec/s: 17861 rss: 201Mb L: 578/899 MS: 2 ChangeBit-CopyPart-
#35747	REDUCE cov: 1632 ft: 5426 corp: 583/256Kb lim: 899 exec/s: 17873 rss: 202Mb L: 233/899 MS: 4 ChangeASCIIInt-InsertByte-PersAutoDict-EraseBytes- DE: "\033\000\000\000\000\000\000\000"-
#35761	NEW    cov: 1633 ft: 5427 corp: 584/256Kb lim: 899 exec/s: 17880 rss: 202Mb L: 863/899 MS: 4 InsertRepeatedBytes-EraseBytes-ChangeBit-CrossOver-
#35796	REDUCE cov: 1633 ft: 5427 corp: 584/256Kb lim: 899 exec/s: 17898 rss: 202Mb L: 28/899 MS: 5 ChangeASCIIInt-ChangeASCIIInt-ChangeBit-ChangeBit-EraseBytes-
#36055	REDUCE cov: 1633 ft: 5427 corp: 584/256Kb lim: 899 exec/s: 18027 rss: 203Mb L: 400/899 MS: 4 InsertByte-InsertByte-CrossOver-EraseBytes-
#36091	NEW    cov: 1633 ft: 5428 corp: 585/256Kb lim: 899 exec/s: 18045 rss: 203Mb L: 220/899 MS: 1 EraseBytes-
#36092	NEW    cov: 1633 ft: 5434 corp: 586/257Kb lim: 899 exec/s: 18046 rss: 203Mb L: 884/899 MS: 1 ChangeBit-
#36211	NEW    cov: 1633 ft: 5435 corp: 587/258Kb lim: 899 exec/s: 18105 rss: 204Mb L: 648/899 MS: 4 ShuffleBytes-ChangeASCIIInt-EraseBytes-EraseBytes-
#36214	REDUCE cov: 1633 ft: 5435 corp: 587/258Kb lim: 899 exec/s: 18107 rss: 204Mb L: 694/899 MS: 3 ShuffleBytes-CopyPart-EraseBytes-
#36357	REDUCE cov: 1633 ft: 5435 corp: 587/258Kb lim: 899 exec/s: 18178 rss: 204Mb L: 141/899 MS: 3 PersAutoDict-ChangeBinInt-EraseBytes- DE: "\000\000\000\000\000\000\000\002"-
#36360	REDUCE cov: 1633 ft: 5435 corp: 587/258Kb lim: 899 exec/s: 18180 rss: 204Mb L: 378/899 MS: 3 ChangeBit-ChangeByte-EraseBytes-
#36438	REDUCE cov: 1633 ft: 5435 corp: 587/258Kb lim: 899 exec/s: 18219 rss: 204Mb L: 154/899 MS: 3 PersAutoDict-PersAutoDict-EraseBytes- DE: "\000\000\000\016"-"\000\000\000\000\000\000\000l"-
#36634	NEW    cov: 1633 ft: 5436 corp: 588/258Kb lim: 899 exec/s: 18317 rss: 205Mb L: 469/899 MS: 1 ChangeBinInt-
#36658	NEW    cov: 1633 ft: 5437 corp: 589/259Kb lim: 899 exec/s: 18329 rss: 205Mb L: 887/899 MS: 4 ShuffleBytes-CMP-ChangeASCIIInt-InsertRepeatedBytes- DE: "\001\000\0015"-
#36703	REDUCE cov: 1633 ft: 5437 corp: 589/259Kb lim: 899 exec/s: 18351 rss: 206Mb L: 250/899 MS: 5 ChangeByte-PersAutoDict-CrossOver-CopyPart-EraseBytes- DE: "\001\000\000\012"-
#36787	REDUCE cov: 1633 ft: 5437 corp: 589/259Kb lim: 899 exec/s: 18393 rss: 206Mb L: 355/899 MS: 4 ChangeByte-ChangeByte-ChangeBit-EraseBytes-
#36823	NEW    cov: 1633 ft: 5439 corp: 590/259Kb lim: 899 exec/s: 18411 rss: 206Mb L: 307/899 MS: 1 EraseBytes-
#36894	REDUCE cov: 1633 ft: 5439 corp: 590/259Kb lim: 899 exec/s: 18447 rss: 206Mb L: 145/899 MS: 1 EraseBytes-
#36895	REDUCE cov: 1633 ft: 5439 corp: 590/259Kb lim: 899 exec/s: 18447 rss: 206Mb L: 6/899 MS: 1 EraseBytes-
#36925	REDUCE cov: 1633 ft: 5440 corp: 591/260Kb lim: 899 exec/s: 18462 rss: 206Mb L: 776/899 MS: 5 InsertRepeatedBytes-InsertRepeatedBytes-InsertByte-ChangeByte-CopyPart-
#36972	REDUCE cov: 1634 ft: 5441 corp: 592/260Kb lim: 899 exec/s: 18486 rss: 207Mb L: 248/899 MS: 2 ChangeASCIIInt-CopyPart-
#37158	NEW    cov: 1634 ft: 5442 corp: 593/260Kb lim: 899 exec/s: 12386 rss: 207Mb L: 77/899 MS: 1 EraseBytes-
#37210	NEW    cov: 1635 ft: 5444 corp: 594/261Kb lim: 899 exec/s: 12403 rss: 208Mb L: 844/899 MS: 2 InsertByte-ChangeASCIIInt-
#37362	NEW    cov: 1635 ft: 5445 corp: 595/262Kb lim: 899 exec/s: 12454 rss: 208Mb L: 591/899 MS: 2 InsertByte-EraseBytes-
#37395	NEW    cov: 1635 ft: 5447 corp: 596/262Kb lim: 899 exec/s: 12465 rss: 208Mb L: 848/899 MS: 3 ChangeByte-InsertByte-InsertRepeatedBytes-
#37462	REDUCE cov: 1635 ft: 5447 corp: 596/262Kb lim: 899 exec/s: 12487 rss: 209Mb L: 56/899 MS: 2 ShuffleBytes-EraseBytes-
#37483	REDUCE cov: 1635 ft: 5447 corp: 596/262Kb lim: 899 exec/s: 12494 rss: 209Mb L: 266/899 MS: 1 EraseBytes-
#37484	REDUCE cov: 1635 ft: 5447 corp: 596/262Kb lim: 899 exec/s: 12494 rss: 209Mb L: 669/899 MS: 1 EraseBytes-
#37510	NEW    cov: 1635 ft: 5448 corp: 597/263Kb lim: 899 exec/s: 12503 rss: 209Mb L: 899/899 MS: 1 CopyPart-
#37551	REDUCE cov: 1635 ft: 5448 corp: 597/263Kb lim: 899 exec/s: 12517 rss: 209Mb L: 184/899 MS: 1 EraseBytes-
#37563	REDUCE cov: 1635 ft: 5448 corp: 597/263Kb lim: 899 exec/s: 12521 rss: 209Mb L: 213/899 MS: 2 ChangeASCIIInt-EraseBytes-
#37594	NEW    cov: 1635 ft: 5449 corp: 598/264Kb lim: 899 exec/s: 12531 rss: 209Mb L: 817/899 MS: 1 ShuffleBytes-
#37615	NEW    cov: 1636 ft: 5451 corp: 599/264Kb lim: 899 exec/s: 12538 rss: 209Mb L: 604/899 MS: 1 EraseBytes-
#37693	REDUCE cov: 1636 ft: 5451 corp: 599/264Kb lim: 899 exec/s: 12564 rss: 210Mb L: 581/899 MS: 3 PersAutoDict-ChangeASCIIInt-EraseBytes- DE: "\377\377\377\377"-
#37708	NEW    cov: 1636 ft: 5452 corp: 600/265Kb lim: 899 exec/s: 12569 rss: 214Mb L: 143/899 MS: 5 CrossOver-CrossOver-CrossOver-PersAutoDict-InsertRepeatedBytes- DE: "\000\000\000\000"-
#37715	REDUCE cov: 1636 ft: 5452 corp: 600/265Kb lim: 899 exec/s: 12571 rss: 214Mb L: 263/899 MS: 2 PersAutoDict-EraseBytes- DE: "i\001"-
#37787	NEW    cov: 1637 ft: 5453 corp: 601/265Kb lim: 899 exec/s: 12595 rss: 214Mb L: 899/899 MS: 2 CrossOver-CopyPart-
#37850	NEW    cov: 1637 ft: 5454 corp: 602/266Kb lim: 899 exec/s: 12616 rss: 214Mb L: 796/899 MS: 3 CrossOver-EraseBytes-CrossOver-
#37906	REDUCE cov: 1637 ft: 5454 corp: 602/266Kb lim: 899 exec/s: 12635 rss: 215Mb L: 184/899 MS: 1 EraseBytes-
#37910	REDUCE cov: 1637 ft: 5454 corp: 602/266Kb lim: 899 exec/s: 12636 rss: 215Mb L: 318/899 MS: 4 CrossOver-CrossOver-ShuffleBytes-EraseBytes-
#37966	NEW    cov: 1637 ft: 5455 corp: 603/267Kb lim: 899 exec/s: 12655 rss: 215Mb L: 853/899 MS: 1 CopyPart-
#38188	REDUCE cov: 1637 ft: 5456 corp: 604/267Kb lim: 899 exec/s: 12729 rss: 216Mb L: 635/899 MS: 2 InsertRepeatedBytes-InsertRepeatedBytes-
#38197	REDUCE cov: 1637 ft: 5456 corp: 604/267Kb lim: 899 exec/s: 12732 rss: 216Mb L: 382/899 MS: 4 ChangeASCIIInt-ShuffleBytes-ShuffleBytes-EraseBytes-
#38201	REDUCE cov: 1637 ft: 5456 corp: 604/267Kb lim: 899 exec/s: 12733 rss: 216Mb L: 248/899 MS: 4 ChangeBit-CrossOver-InsertByte-EraseBytes-
#38294	REDUCE cov: 1638 ft: 5457 corp: 605/268Kb lim: 899 exec/s: 12764 rss: 216Mb L: 133/899 MS: 3 ShuffleBytes-EraseBytes-InsertByte-
#38297	REDUCE cov: 1638 ft: 5457 corp: 605/267Kb lim: 899 exec/s: 12765 rss: 216Mb L: 332/899 MS: 3 InsertRepeatedBytes-ChangeBinInt-EraseBytes-
#38478	REDUCE cov: 1638 ft: 5457 corp: 605/267Kb lim: 899 exec/s: 12826 rss: 217Mb L: 207/899 MS: 1 EraseBytes-
#38485	REDUCE cov: 1638 ft: 5457 corp: 605/267Kb lim: 899 exec/s: 12828 rss: 217Mb L: 142/899 MS: 2 ChangeBinInt-EraseBytes-
#38518	REDUCE cov: 1638 ft: 5457 corp: 605/267Kb lim: 899 exec/s: 12839 rss: 217Mb L: 50/899 MS: 3 PersAutoDict-ShuffleBytes-EraseBytes- DE: "G\004\000\000"-
#38570	REDUCE cov: 1638 ft: 5457 corp: 605/267Kb lim: 899 exec/s: 12856 rss: 217Mb L: 128/899 MS: 2 InsertByte-EraseBytes-
#38581	REDUCE cov: 1638 ft: 5457 corp: 605/267Kb lim: 899 exec/s: 12860 rss: 217Mb L: 401/899 MS: 1 EraseBytes-
#38583	REDUCE cov: 1638 ft: 5457 corp: 605/267Kb lim: 899 exec/s: 12861 rss: 218Mb L: 30/899 MS: 2 ChangeASCIIInt-EraseBytes-
#38849	REDUCE cov: 1638 ft: 5457 corp: 605/267Kb lim: 899 exec/s: 12949 rss: 218Mb L: 267/899 MS: 1 EraseBytes-
#38936	NEW    cov: 1638 ft: 5460 corp: 606/268Kb lim: 899 exec/s: 12978 rss: 219Mb L: 649/899 MS: 2 CrossOver-CopyPart-
#39076	REDUCE cov: 1638 ft: 5460 corp: 606/268Kb lim: 899 exec/s: 13025 rss: 219Mb L: 613/899 MS: 5 ChangeBit-CopyPart-ChangeByte-InsertByte-EraseBytes-
#39466	REDUCE cov: 1638 ft: 5460 corp: 606/268Kb lim: 899 exec/s: 13155 rss: 220Mb L: 331/899 MS: 5 CMP-PersAutoDict-ChangeByte-ChangeBit-EraseBytes- DE: "\001\000\000!"-"\021\002"-
#39488	REDUCE cov: 1638 ft: 5460 corp: 606/268Kb lim: 899 exec/s: 13162 rss: 220Mb L: 272/899 MS: 2 ShuffleBytes-EraseBytes-
#39594	REDUCE cov: 1638 ft: 5460 corp: 606/268Kb lim: 899 exec/s: 13198 rss: 221Mb L: 431/899 MS: 1 CrossOver-
#40016	REDUCE cov: 1638 ft: 5460 corp: 606/268Kb lim: 899 exec/s: 13338 rss: 222Mb L: 713/899 MS: 2 InsertByte-EraseBytes-
#40022	REDUCE cov: 1638 ft: 5460 corp: 606/268Kb lim: 899 exec/s: 13340 rss: 222Mb L: 170/899 MS: 1 EraseBytes-
#40059	REDUCE cov: 1638 ft: 5460 corp: 606/268Kb lim: 899 exec/s: 13353 rss: 222Mb L: 255/899 MS: 2 PersAutoDict-EraseBytes- DE: "\000\000\000\000\000\000\0016"-
#40070	REDUCE cov: 1638 ft: 5460 corp: 606/268Kb lim: 899 exec/s: 13356 rss: 222Mb L: 80/899 MS: 1 EraseBytes-
#40072	REDUCE cov: 1638 ft: 5460 corp: 606/268Kb lim: 899 exec/s: 13357 rss: 222Mb L: 126/899 MS: 2 ChangeASCIIInt-EraseBytes-
#40214	REDUCE cov: 1638 ft: 5460 corp: 606/267Kb lim: 899 exec/s: 13404 rss: 223Mb L: 330/899 MS: 2 InsertByte-EraseBytes-
#40291	NEW    cov: 1638 ft: 5461 corp: 607/268Kb lim: 899 exec/s: 13430 rss: 223Mb L: 786/899 MS: 2 ShuffleBytes-CopyPart-
#40368	REDUCE cov: 1638 ft: 5461 corp: 607/268Kb lim: 899 exec/s: 13456 rss: 223Mb L: 710/899 MS: 2 PersAutoDict-EraseBytes- DE: "\000\000\000\000\000\000\000\020"-
#40669	REDUCE cov: 1638 ft: 5461 corp: 607/268Kb lim: 899 exec/s: 13556 rss: 224Mb L: 373/899 MS: 1 EraseBytes-
#40728	REDUCE cov: 1638 ft: 5461 corp: 607/268Kb lim: 899 exec/s: 13576 rss: 225Mb L: 24/899 MS: 4 ChangeBit-ChangeBinInt-ShuffleBytes-EraseBytes-
#40781	REDUCE cov: 1639 ft: 5462 corp: 608/268Kb lim: 899 exec/s: 13593 rss: 225Mb L: 6/899 MS: 3 ChangeByte-ShuffleBytes-CopyPart-
#40782	NEW    cov: 1639 ft: 5463 corp: 609/268Kb lim: 899 exec/s: 13594 rss: 225Mb L: 150/899 MS: 1 ChangeByte-
#40849	REDUCE cov: 1639 ft: 5463 corp: 609/268Kb lim: 899 exec/s: 13616 rss: 225Mb L: 563/899 MS: 2 ChangeBit-EraseBytes-
#41005	NEW    cov: 1639 ft: 5464 corp: 610/269Kb lim: 899 exec/s: 13668 rss: 226Mb L: 468/899 MS: 1 CopyPart-
#41241	REDUCE cov: 1639 ft: 5464 corp: 610/269Kb lim: 899 exec/s: 13747 rss: 226Mb L: 219/899 MS: 1 EraseBytes-
#41287	REDUCE cov: 1639 ft: 5464 corp: 610/269Kb lim: 899 exec/s: 13762 rss: 226Mb L: 287/899 MS: 1 EraseBytes-
#41463	REDUCE cov: 1639 ft: 5464 corp: 610/268Kb lim: 899 exec/s: 13821 rss: 227Mb L: 620/899 MS: 1 EraseBytes-
#41565	NEW    cov: 1639 ft: 5471 corp: 611/269Kb lim: 899 exec/s: 13855 rss: 227Mb L: 873/899 MS: 2 InsertByte-InsertRepeatedBytes-
#41936	REDUCE cov: 1639 ft: 5471 corp: 611/269Kb lim: 899 exec/s: 13978 rss: 229Mb L: 707/899 MS: 1 EraseBytes-
#42016	REDUCE cov: 1639 ft: 5471 corp: 611/269Kb lim: 899 exec/s: 14005 rss: 229Mb L: 163/899 MS: 5 ChangeBinInt-ChangeByte-ChangeByte-InsertByte-EraseBytes-
#42167	NEW    cov: 1639 ft: 5472 corp: 612/269Kb lim: 899 exec/s: 14055 rss: 230Mb L: 145/899 MS: 1 ShuffleBytes-
#42206	REDUCE cov: 1639 ft: 5472 corp: 612/269Kb lim: 899 exec/s: 14068 rss: 230Mb L: 321/899 MS: 4 ChangeByte-ShuffleBytes-CrossOver-EraseBytes-
#42452	NEW    cov: 1639 ft: 5473 corp: 613/270Kb lim: 899 exec/s: 14150 rss: 230Mb L: 341/899 MS: 1 InsertByte-
#42563	REDUCE cov: 1639 ft: 5473 corp: 613/270Kb lim: 899 exec/s: 14187 rss: 231Mb L: 164/899 MS: 1 EraseBytes-
#42664	REDUCE cov: 1639 ft: 5473 corp: 613/270Kb lim: 899 exec/s: 14221 rss: 231Mb L: 116/899 MS: 1 EraseBytes-
#42790	REDUCE cov: 1639 ft: 5473 corp: 613/270Kb lim: 899 exec/s: 14263 rss: 231Mb L: 6/899 MS: 1 EraseBytes-
#42820	REDUCE cov: 1639 ft: 5473 corp: 613/270Kb lim: 899 exec/s: 14273 rss: 232Mb L: 43/899 MS: 5 PersAutoDict-ShuffleBytes-ChangeBinInt-ChangeBinInt-EraseBytes- DE: "\004\003\000\000"-
#42906	REDUCE cov: 1639 ft: 5473 corp: 613/270Kb lim: 899 exec/s: 14302 rss: 232Mb L: 80/899 MS: 1 EraseBytes-
#42977	REDUCE cov: 1639 ft: 5473 corp: 613/269Kb lim: 899 exec/s: 14325 rss: 232Mb L: 803/899 MS: 1 EraseBytes-
#43098	REDUCE cov: 1639 ft: 5473 corp: 613/269Kb lim: 899 exec/s: 14366 rss: 233Mb L: 825/899 MS: 1 EraseBytes-
#43190	NEW    cov: 1639 ft: 5474 corp: 614/270Kb lim: 899 exec/s: 14396 rss: 233Mb L: 721/899 MS: 2 EraseBytes-CrossOver-
#43241	REDUCE cov: 1639 ft: 5474 corp: 614/270Kb lim: 899 exec/s: 14413 rss: 233Mb L: 174/899 MS: 1 EraseBytes-
#43260	REDUCE cov: 1639 ft: 5478 corp: 615/271Kb lim: 899 exec/s: 14420 rss: 233Mb L: 713/899 MS: 4 InsertByte-InsertRepeatedBytes-EraseBytes-CopyPart-
#43331	NEW    cov: 1640 ft: 5479 corp: 616/271Kb lim: 899 exec/s: 14443 rss: 234Mb L: 465/899 MS: 1 ChangeBit-
#43337	NEW    cov: 1640 ft: 5480 corp: 617/272Kb lim: 899 exec/s: 14445 rss: 234Mb L: 475/899 MS: 1 CrossOver-
#43354	REDUCE cov: 1640 ft: 5480 corp: 617/272Kb lim: 899 exec/s: 14451 rss: 234Mb L: 373/899 MS: 2 CopyPart-EraseBytes-
#43362	REDUCE cov: 1640 ft: 5480 corp: 617/272Kb lim: 899 exec/s: 14454 rss: 234Mb L: 763/899 MS: 3 ChangeASCIIInt-InsertByte-EraseBytes-
#43373	REDUCE cov: 1640 ft: 5480 corp: 617/272Kb lim: 899 exec/s: 14457 rss: 234Mb L: 160/899 MS: 1 EraseBytes-
#43409	NEW    cov: 1640 ft: 5481 corp: 618/272Kb lim: 899 exec/s: 14469 rss: 234Mb L: 650/899 MS: 1 ChangeByte-
#43469	REDUCE cov: 1640 ft: 5482 corp: 619/272Kb lim: 899 exec/s: 14489 rss: 234Mb L: 97/899 MS: 5 PersAutoDict-ChangeBit-InsertByte-PersAutoDict-CopyPart- DE: "\001\000\000\000\000\000\000\000"-"\015\000\000\000"-
#43560	REDUCE cov: 1640 ft: 5482 corp: 619/272Kb lim: 899 exec/s: 14520 rss: 235Mb L: 400/899 MS: 1 EraseBytes-
#43651	REDUCE cov: 1640 ft: 5482 corp: 619/272Kb lim: 899 exec/s: 14550 rss: 235Mb L: 571/899 MS: 1 EraseBytes-
#43687	REDUCE cov: 1640 ft: 5483 corp: 620/273Kb lim: 899 exec/s: 14562 rss: 235Mb L: 575/899 MS: 1 CMP- DE: "\000\000\003\034"-
#43698	NEW    cov: 1640 ft: 5484 corp: 621/273Kb lim: 899 exec/s: 14566 rss: 235Mb L: 254/899 MS: 1 PersAutoDict- DE: "\007\000\000\000\000\000\000\000"-
#43859	REDUCE cov: 1640 ft: 5484 corp: 621/273Kb lim: 899 exec/s: 14619 rss: 236Mb L: 284/899 MS: 1 EraseBytes-
#44063	NEW    cov: 1640 ft: 5485 corp: 622/274Kb lim: 899 exec/s: 14687 rss: 236Mb L: 805/899 MS: 4 PersAutoDict-InsertByte-CopyPart-ShuffleBytes- DE: "\004\003\000\000"-
#44268	REDUCE cov: 1640 ft: 5486 corp: 623/274Kb lim: 899 exec/s: 14756 rss: 237Mb L: 255/899 MS: 5 CopyPart-InsertRepeatedBytes-ChangeASCIIInt-EraseBytes-EraseBytes-
#44339	REDUCE cov: 1640 ft: 5486 corp: 623/274Kb lim: 899 exec/s: 14779 rss: 237Mb L: 7/899 MS: 1 EraseBytes-
#44427	REDUCE cov: 1640 ft: 5486 corp: 623/274Kb lim: 899 exec/s: 14809 rss: 237Mb L: 524/899 MS: 3 CopyPart-EraseBytes-EraseBytes-
#44470	REDUCE cov: 1640 ft: 5486 corp: 623/274Kb lim: 899 exec/s: 14823 rss: 238Mb L: 182/899 MS: 3 ChangeASCIIInt-ShuffleBytes-EraseBytes-
#44501	REDUCE cov: 1640 ft: 5486 corp: 623/274Kb lim: 899 exec/s: 14833 rss: 238Mb L: 173/899 MS: 1 EraseBytes-
#44523	REDUCE cov: 1640 ft: 5486 corp: 623/274Kb lim: 899 exec/s: 14841 rss: 238Mb L: 54/899 MS: 2 CopyPart-EraseBytes-
#44754	REDUCE cov: 1640 ft: 5486 corp: 623/274Kb lim: 899 exec/s: 14918 rss: 239Mb L: 145/899 MS: 1 EraseBytes-
#44755	REDUCE cov: 1640 ft: 5486 corp: 623/274Kb lim: 899 exec/s: 14918 rss: 239Mb L: 182/899 MS: 1 EraseBytes-
#44791	REDUCE cov: 1640 ft: 5486 corp: 623/274Kb lim: 899 exec/s: 14930 rss: 239Mb L: 390/899 MS: 1 EraseBytes-
#44863	REDUCE cov: 1640 ft: 5486 corp: 623/274Kb lim: 899 exec/s: 14954 rss: 239Mb L: 325/899 MS: 2 ShuffleBytes-EraseBytes-
#44893	REDUCE cov: 1640 ft: 5486 corp: 623/274Kb lim: 899 exec/s: 14964 rss: 239Mb L: 183/899 MS: 5 ChangeASCIIInt-CrossOver-InsertByte-ChangeByte-EraseBytes-
#44894	REDUCE cov: 1640 ft: 5486 corp: 623/274Kb lim: 899 exec/s: 14964 rss: 239Mb L: 179/899 MS: 1 EraseBytes-
#44965	REDUCE cov: 1640 ft: 5486 corp: 623/274Kb lim: 899 exec/s: 14988 rss: 239Mb L: 13/899 MS: 1 EraseBytes-
#44966	REDUCE cov: 1640 ft: 5486 corp: 623/274Kb lim: 899 exec/s: 14988 rss: 239Mb L: 120/899 MS: 1 EraseBytes-
#45001	NEW    cov: 1640 ft: 5526 corp: 624/274Kb lim: 899 exec/s: 15000 rss: 240Mb L: 818/899 MS: 5 ChangeBit-ChangeByte-ChangeBit-InsertByte-ChangeByte-
#45174	REDUCE cov: 1640 ft: 5526 corp: 624/274Kb lim: 899 exec/s: 15058 rss: 240Mb L: 369/899 MS: 3 ChangeByte-InsertByte-EraseBytes-
#45220	REDUCE cov: 1640 ft: 5526 corp: 624/274Kb lim: 899 exec/s: 15073 rss: 240Mb L: 49/899 MS: 1 EraseBytes-
#45231	NEW    cov: 1640 ft: 5535 corp: 625/275Kb lim: 899 exec/s: 15077 rss: 241Mb L: 601/899 MS: 1 EraseBytes-
#45367	REDUCE cov: 1640 ft: 5535 corp: 625/275Kb lim: 899 exec/s: 15122 rss: 241Mb L: 32/899 MS: 1 EraseBytes-
#45373	REDUCE cov: 1640 ft: 5535 corp: 625/275Kb lim: 899 exec/s: 15124 rss: 241Mb L: 118/899 MS: 1 EraseBytes-
#45449	REDUCE cov: 1640 ft: 5535 corp: 625/275Kb lim: 899 exec/s: 15149 rss: 241Mb L: 324/899 MS: 1 EraseBytes-
#45631	REDUCE cov: 1640 ft: 5535 corp: 625/275Kb lim: 899 exec/s: 15210 rss: 242Mb L: 243/899 MS: 2 ChangeBinInt-EraseBytes-
#45799	REDUCE cov: 1640 ft: 5536 corp: 626/275Kb lim: 899 exec/s: 15266 rss: 243Mb L: 206/899 MS: 3 ChangeBit-CrossOver-CopyPart-
#45884	REDUCE cov: 1640 ft: 5536 corp: 626/275Kb lim: 899 exec/s: 15294 rss: 243Mb L: 124/899 MS: 5 InsertByte-ChangeBit-ShuffleBytes-CopyPart-EraseBytes-
#45925	REDUCE cov: 1640 ft: 5536 corp: 626/275Kb lim: 899 exec/s: 15308 rss: 243Mb L: 840/899 MS: 1 EraseBytes-
#45937	REDUCE cov: 1640 ft: 5536 corp: 626/275Kb lim: 899 exec/s: 15312 rss: 243Mb L: 231/899 MS: 2 ChangeByte-EraseBytes-
#45940	REDUCE cov: 1640 ft: 5536 corp: 626/275Kb lim: 899 exec/s: 15313 rss: 243Mb L: 760/899 MS: 3 ChangeBinInt-ChangeASCIIInt-EraseBytes-
#45957	NEW    cov: 1640 ft: 5539 corp: 627/276Kb lim: 899 exec/s: 15319 rss: 243Mb L: 867/899 MS: 2 ShuffleBytes-ChangeBinInt-
#46009	REDUCE cov: 1640 ft: 5539 corp: 627/276Kb lim: 899 exec/s: 15336 rss: 244Mb L: 349/899 MS: 2 CrossOver-EraseBytes-
#46116	REDUCE cov: 1640 ft: 5539 corp: 627/276Kb lim: 899 exec/s: 15372 rss: 244Mb L: 729/899 MS: 2 ChangeASCIIInt-EraseBytes-
#46185	REDUCE cov: 1640 ft: 5539 corp: 627/275Kb lim: 899 exec/s: 15395 rss: 244Mb L: 225/899 MS: 4 ChangeBinInt-ChangeASCIIInt-CMP-EraseBytes- DE: "\3778"-
#46238	REDUCE cov: 1640 ft: 5539 corp: 627/275Kb lim: 899 exec/s: 15412 rss: 244Mb L: 37/899 MS: 3 ShuffleBytes-ChangeBit-EraseBytes-
#46239	REDUCE cov: 1640 ft: 5539 corp: 627/275Kb lim: 899 exec/s: 15413 rss: 244Mb L: 331/899 MS: 1 EraseBytes-
#46250	REDUCE cov: 1640 ft: 5539 corp: 627/275Kb lim: 899 exec/s: 15416 rss: 245Mb L: 561/899 MS: 1 EraseBytes-
#46471	REDUCE cov: 1640 ft: 5539 corp: 627/275Kb lim: 899 exec/s: 15490 rss: 246Mb L: 405/899 MS: 1 EraseBytes-
#46522	REDUCE cov: 1640 ft: 5539 corp: 627/275Kb lim: 899 exec/s: 15507 rss: 246Mb L: 217/899 MS: 1 EraseBytes-
#46644	REDUCE cov: 1640 ft: 5539 corp: 627/275Kb lim: 899 exec/s: 15548 rss: 246Mb L: 251/899 MS: 2 CopyPart-EraseBytes-
#46661	REDUCE cov: 1640 ft: 5539 corp: 627/275Kb lim: 899 exec/s: 15553 rss: 246Mb L: 546/899 MS: 2 ChangeBit-CrossOver-
#46808	REDUCE cov: 1640 ft: 5542 corp: 628/275Kb lim: 899 exec/s: 15602 rss: 247Mb L: 359/899 MS: 2 CopyPart-CopyPart-
#47080	REDUCE cov: 1640 ft: 5542 corp: 628/275Kb lim: 899 exec/s: 15693 rss: 248Mb L: 437/899 MS: 2 CrossOver-EraseBytes-
#47097	REDUCE cov: 1640 ft: 5542 corp: 628/275Kb lim: 899 exec/s: 15699 rss: 248Mb L: 716/899 MS: 2 InsertByte-EraseBytes-
#47138	NEW    cov: 1640 ft: 5543 corp: 629/276Kb lim: 899 exec/s: 15712 rss: 248Mb L: 521/899 MS: 1 CopyPart-
#47275	REDUCE cov: 1640 ft: 5543 corp: 629/276Kb lim: 899 exec/s: 15758 rss: 248Mb L: 35/899 MS: 2 EraseBytes-ChangeByte-
#47403	REDUCE cov: 1640 ft: 5543 corp: 629/275Kb lim: 899 exec/s: 15801 rss: 249Mb L: 395/899 MS: 3 ChangeBit-ChangeBinInt-EraseBytes-
#47490	REDUCE cov: 1640 ft: 5543 corp: 629/275Kb lim: 899 exec/s: 15830 rss: 249Mb L: 87/899 MS: 2 ShuffleBytes-EraseBytes-
#47517	NEW    cov: 1640 ft: 5544 corp: 630/276Kb lim: 899 exec/s: 15839 rss: 249Mb L: 892/899 MS: 2 ShuffleBytes-CopyPart-
#47557	REDUCE cov: 1640 ft: 5544 corp: 630/276Kb lim: 899 exec/s: 15852 rss: 249Mb L: 382/899 MS: 5 ChangeASCIIInt-ShuffleBytes-PersAutoDict-ShuffleBytes-EraseBytes- DE: "\001\000\000\000\000\000\000\000"-
#47579	REDUCE cov: 1640 ft: 5544 corp: 630/276Kb lim: 899 exec/s: 15859 rss: 250Mb L: 784/899 MS: 2 ChangeBit-EraseBytes-
#47606	REDUCE cov: 1640 ft: 5545 corp: 631/276Kb lim: 899 exec/s: 15868 rss: 250Mb L: 374/899 MS: 2 InsertByte-CopyPart-
#47640	REDUCE cov: 1640 ft: 5545 corp: 631/276Kb lim: 899 exec/s: 15880 rss: 250Mb L: 140/899 MS: 4 ShuffleBytes-EraseBytes-ShuffleBytes-CrossOver-
#47683	REDUCE cov: 1640 ft: 5545 corp: 631/276Kb lim: 899 exec/s: 15894 rss: 250Mb L: 559/899 MS: 3 InsertByte-ChangeBit-EraseBytes-
#47687	REDUCE cov: 1640 ft: 5545 corp: 631/276Kb lim: 899 exec/s: 15895 rss: 250Mb L: 10/899 MS: 4 InsertByte-ChangeBinInt-ChangeByte-EraseBytes-
#47693	NEW    cov: 1640 ft: 5552 corp: 632/277Kb lim: 899 exec/s: 15897 rss: 250Mb L: 849/899 MS: 1 InsertRepeatedBytes-
#47822	REDUCE cov: 1640 ft: 5552 corp: 632/277Kb lim: 899 exec/s: 15940 rss: 250Mb L: 326/899 MS: 4 ChangeBinInt-CopyPart-ChangeBit-EraseBytes-
#47847	NEW    cov: 1640 ft: 5553 corp: 633/278Kb lim: 899 exec/s: 15949 rss: 250Mb L: 882/899 MS: 5 InsertRepeatedBytes-ChangeByte-PersAutoDict-ChangeASCIIInt-PersAutoDict- DE: "\002V"-"\001\000\000!"-
#48043	REDUCE cov: 1640 ft: 5553 corp: 633/278Kb lim: 899 exec/s: 16014 rss: 251Mb L: 227/899 MS: 1 EraseBytes-
#48049	NEW    cov: 1640 ft: 5554 corp: 634/278Kb lim: 899 exec/s: 16016 rss: 251Mb L: 278/899 MS: 1 PersAutoDict- DE: "\001\000\000\000\000\000\000\001"-
#48320	REDUCE cov: 1640 ft: 5554 corp: 634/278Kb lim: 899 exec/s: 16106 rss: 252Mb L: 719/899 MS: 1 EraseBytes-
#48521	REDUCE cov: 1640 ft: 5554 corp: 634/278Kb lim: 899 exec/s: 16173 rss: 253Mb L: 49/899 MS: 1 EraseBytes-
#48646	REDUCE cov: 1640 ft: 5555 corp: 635/278Kb lim: 899 exec/s: 16215 rss: 253Mb L: 545/899 MS: 5 InsertByte-ShuffleBytes-EraseBytes-ChangeByte-CopyPart-
#48727	REDUCE cov: 1640 ft: 5555 corp: 635/278Kb lim: 899 exec/s: 16242 rss: 253Mb L: 200/899 MS: 1 EraseBytes-
#48863	REDUCE cov: 1640 ft: 5555 corp: 635/278Kb lim: 899 exec/s: 16287 rss: 254Mb L: 182/899 MS: 1 EraseBytes-
#48934	REDUCE cov: 1640 ft: 5555 corp: 635/278Kb lim: 899 exec/s: 16311 rss: 254Mb L: 98/899 MS: 1 EraseBytes-
#48951	REDUCE cov: 1640 ft: 5555 corp: 635/278Kb lim: 899 exec/s: 16317 rss: 254Mb L: 180/899 MS: 2 PersAutoDict-EraseBytes- DE: "\001\000\000\000\000\000\000\001"-
#49017	REDUCE cov: 1640 ft: 5555 corp: 635/278Kb lim: 899 exec/s: 16339 rss: 254Mb L: 172/899 MS: 1 EraseBytes-
#49029	REDUCE cov: 1640 ft: 5555 corp: 635/278Kb lim: 899 exec/s: 16343 rss: 255Mb L: 332/899 MS: 2 CMP-EraseBytes- DE: "\0023333333"-
#49069	REDUCE cov: 1642 ft: 5557 corp: 636/279Kb lim: 899 exec/s: 16356 rss: 255Mb L: 415/899 MS: 5 PersAutoDict-EraseBytes-ChangeByte-CopyPart-EraseBytes- DE: "\017\000"-
#49290	REDUCE cov: 1642 ft: 5557 corp: 636/278Kb lim: 899 exec/s: 16430 rss: 256Mb L: 279/899 MS: 1 EraseBytes-
#49424	NEW    cov: 1642 ft: 5559 corp: 637/279Kb lim: 899 exec/s: 16474 rss: 256Mb L: 771/899 MS: 4 ChangeBit-InsertRepeatedBytes-ShuffleBytes-CopyPart-
#49437	REDUCE cov: 1642 ft: 5559 corp: 637/279Kb lim: 899 exec/s: 16479 rss: 256Mb L: 578/899 MS: 3 ShuffleBytes-ChangeASCIIInt-EraseBytes-
#49469	REDUCE cov: 1642 ft: 5559 corp: 637/279Kb lim: 899 exec/s: 16489 rss: 256Mb L: 21/899 MS: 2 InsertByte-EraseBytes-
#49563	REDUCE cov: 1642 ft: 5559 corp: 637/279Kb lim: 899 exec/s: 16521 rss: 257Mb L: 182/899 MS: 4 ChangeBit-ChangeBinInt-InsertByte-EraseBytes-
#49626	REDUCE cov: 1642 ft: 5559 corp: 637/279Kb lim: 899 exec/s: 16542 rss: 257Mb L: 11/899 MS: 3 CopyPart-CMP-EraseBytes- DE: "\001\000\000\000"-
#49848	NEW    cov: 1642 ft: 5560 corp: 638/280Kb lim: 899 exec/s: 16616 rss: 257Mb L: 637/899 MS: 2 ChangeASCIIInt-ShuffleBytes-
#50022	REDUCE cov: 1642 ft: 5560 corp: 638/280Kb lim: 899 exec/s: 16674 rss: 258Mb L: 156/899 MS: 4 ChangeByte-ChangeBinInt-ChangeBit-EraseBytes-
#50054	REDUCE cov: 1642 ft: 5560 corp: 638/280Kb lim: 899 exec/s: 16684 rss: 258Mb L: 749/899 MS: 2 ChangeBit-EraseBytes-
#50105	REDUCE cov: 1642 ft: 5560 corp: 638/280Kb lim: 899 exec/s: 16701 rss: 258Mb L: 353/899 MS: 1 EraseBytes-
#50150	REDUCE cov: 1642 ft: 5560 corp: 638/279Kb lim: 899 exec/s: 16716 rss: 258Mb L: 90/899 MS: 5 EraseBytes-ChangeBinInt-InsertByte-ChangeBinInt-EraseBytes-
#50163	REDUCE cov: 1642 ft: 5560 corp: 638/279Kb lim: 899 exec/s: 16721 rss: 258Mb L: 110/899 MS: 3 ChangeBinInt-PersAutoDict-EraseBytes- DE: "\033\000\000\000\000\000\000\000"-
#50165	REDUCE cov: 1642 ft: 5560 corp: 638/279Kb lim: 899 exec/s: 16721 rss: 258Mb L: 114/899 MS: 2 CrossOver-CrossOver-
#50210	REDUCE cov: 1642 ft: 5560 corp: 638/279Kb lim: 899 exec/s: 16736 rss: 259Mb L: 724/899 MS: 5 ChangeByte-InsertByte-PersAutoDict-ChangeByte-EraseBytes- DE: "\000\000\000\016"-
#50319	REDUCE cov: 1642 ft: 5560 corp: 638/279Kb lim: 899 exec/s: 16773 rss: 259Mb L: 93/899 MS: 4 ChangeBit-ChangeASCIIInt-InsertByte-EraseBytes-
#50326	REDUCE cov: 1642 ft: 5561 corp: 639/280Kb lim: 899 exec/s: 16775 rss: 259Mb L: 371/899 MS: 2 CopyPart-ChangeBit-
#50428	REDUCE cov: 1642 ft: 5561 corp: 639/280Kb lim: 899 exec/s: 16809 rss: 260Mb L: 457/899 MS: 2 CopyPart-EraseBytes-
#50449	REDUCE cov: 1642 ft: 5561 corp: 639/279Kb lim: 899 exec/s: 16816 rss: 260Mb L: 409/899 MS: 1 EraseBytes-
#50474	REDUCE cov: 1642 ft: 5561 corp: 639/279Kb lim: 899 exec/s: 16824 rss: 260Mb L: 118/899 MS: 5 ChangeBit-PersAutoDict-ShuffleBytes-ChangeBinInt-EraseBytes- DE: "\002\000\000\000\000\000\000\000"-
#50490	REDUCE cov: 1642 ft: 5561 corp: 639/279Kb lim: 899 exec/s: 16830 rss: 260Mb L: 135/899 MS: 1 CrossOver-
#50553	REDUCE cov: 1642 ft: 5561 corp: 639/279Kb lim: 899 exec/s: 16851 rss: 260Mb L: 64/899 MS: 3 CopyPart-PersAutoDict-EraseBytes- DE: "\001\000"-
#50584	REDUCE cov: 1642 ft: 5561 corp: 639/279Kb lim: 899 exec/s: 16861 rss: 260Mb L: 38/899 MS: 1 EraseBytes-
#50610	REDUCE cov: 1642 ft: 5561 corp: 639/279Kb lim: 899 exec/s: 16870 rss: 260Mb L: 173/899 MS: 1 EraseBytes-
#50702	REDUCE cov: 1642 ft: 5561 corp: 639/279Kb lim: 899 exec/s: 16900 rss: 261Mb L: 17/899 MS: 2 CrossOver-EraseBytes-
#50763	NEW    cov: 1643 ft: 5562 corp: 640/280Kb lim: 899 exec/s: 16921 rss: 261Mb L: 873/899 MS: 1 ChangeBit-
#50792	REDUCE cov: 1643 ft: 5562 corp: 640/280Kb lim: 899 exec/s: 16930 rss: 261Mb L: 388/899 MS: 4 ChangeASCIIInt-ChangeASCIIInt-ChangeByte-EraseBytes-
#50918	REDUCE cov: 1643 ft: 5565 corp: 641/280Kb lim: 899 exec/s: 16972 rss: 262Mb L: 303/899 MS: 1 InsertRepeatedBytes-
#50979	REDUCE cov: 1643 ft: 5565 corp: 641/280Kb lim: 899 exec/s: 16993 rss: 262Mb L: 237/899 MS: 1 EraseBytes-
#51001	NEW    cov: 1643 ft: 5568 corp: 642/281Kb lim: 899 exec/s: 17000 rss: 262Mb L: 181/899 MS: 2 ChangeBinInt-InsertRepeatedBytes-
#51261	REDUCE cov: 1643 ft: 5568 corp: 642/280Kb lim: 899 exec/s: 17087 rss: 263Mb L: 453/899 MS: 5 PersAutoDict-CMP-ChangeBit-ChangeByte-EraseBytes- DE: "\002\000\000\000\000\000\000\000"-"\000\000\000\000"-
#51292	REDUCE cov: 1643 ft: 5568 corp: 642/280Kb lim: 899 exec/s: 17097 rss: 263Mb L: 138/899 MS: 1 EraseBytes-
#51335	NEW    cov: 1643 ft: 5570 corp: 643/281Kb lim: 899 exec/s: 17111 rss: 263Mb L: 845/899 MS: 3 CMP-ChangeBit-InsertByte- DE: "\033\003"-
#51535	REDUCE cov: 1643 ft: 5570 corp: 643/281Kb lim: 899 exec/s: 17178 rss: 264Mb L: 80/899 MS: 5 ChangeBinInt-ShuffleBytes-ChangeByte-InsertByte-EraseBytes-
#51746	REDUCE cov: 1643 ft: 5570 corp: 643/281Kb lim: 899 exec/s: 17248 rss: 265Mb L: 385/899 MS: 1 EraseBytes-
#51823	NEW    cov: 1643 ft: 5571 corp: 644/282Kb lim: 899 exec/s: 17274 rss: 265Mb L: 874/899 MS: 2 ChangeBit-InsertByte-
#51849	REDUCE cov: 1648 ft: 5580 corp: 645/282Kb lim: 899 exec/s: 17283 rss: 265Mb L: 156/899 MS: 1 InsertRepeatedBytes-
#51903	REDUCE cov: 1648 ft: 5580 corp: 645/282Kb lim: 899 exec/s: 17301 rss: 265Mb L: 769/899 MS: 4 InsertByte-PersAutoDict-CMP-EraseBytes- DE: "0.\000\000"-"\001\000\000\000\000\000\002\012"-
#52076	REDUCE cov: 1648 ft: 5580 corp: 645/282Kb lim: 899 exec/s: 17358 rss: 266Mb L: 300/899 MS: 3 ChangeBit-ChangeByte-EraseBytes-
#52297	REDUCE cov: 1648 ft: 5580 corp: 645/282Kb lim: 899 exec/s: 17432 rss: 267Mb L: 171/899 MS: 1 EraseBytes-
#52417	REDUCE cov: 1648 ft: 5580 corp: 645/282Kb lim: 899 exec/s: 17472 rss: 267Mb L: 261/899 MS: 5 ChangeASCIIInt-InsertRepeatedBytes-ShuffleBytes-ChangeBit-EraseBytes-
#52678	REDUCE cov: 1648 ft: 5580 corp: 645/282Kb lim: 899 exec/s: 17559 rss: 268Mb L: 232/899 MS: 1 EraseBytes-
#52755	REDUCE cov: 1648 ft: 5580 corp: 645/282Kb lim: 899 exec/s: 17585 rss: 268Mb L: 59/899 MS: 2 ChangeBit-EraseBytes-
#52791	NEW    cov: 1648 ft: 5581 corp: 646/282Kb lim: 899 exec/s: 13197 rss: 268Mb L: 899/899 MS: 1 CopyPart-
#52813	NEW    cov: 1648 ft: 5582 corp: 647/283Kb lim: 899 exec/s: 13203 rss: 268Mb L: 825/899 MS: 2 PersAutoDict-CrossOver- DE: "\005\000\000\000\000\000\000\000"-
#52954	REDUCE cov: 1648 ft: 5582 corp: 647/283Kb lim: 899 exec/s: 13238 rss: 269Mb L: 496/899 MS: 1 EraseBytes-
#53221	REDUCE cov: 1648 ft: 5582 corp: 647/283Kb lim: 899 exec/s: 13305 rss: 270Mb L: 857/899 MS: 2 ChangeBinInt-EraseBytes-
#53254	REDUCE cov: 1648 ft: 5582 corp: 647/283Kb lim: 899 exec/s: 13313 rss: 270Mb L: 456/899 MS: 3 CMP-ChangeASCIIInt-EraseBytes- DE: "\377\377\377\377\377\377\377\007"-
#53296	REDUCE cov: 1648 ft: 5583 corp: 648/284Kb lim: 899 exec/s: 13324 rss: 270Mb L: 883/899 MS: 2 InsertRepeatedBytes-InsertByte-
#53343	REDUCE cov: 1648 ft: 5586 corp: 649/284Kb lim: 899 exec/s: 13335 rss: 270Mb L: 292/899 MS: 2 CrossOver-PersAutoDict- DE: "\001\000\000\000\000\000\000\015"-
#53344	NEW    cov: 1648 ft: 5587 corp: 650/284Kb lim: 899 exec/s: 13336 rss: 270Mb L: 181/899 MS: 1 CopyPart-
#53385	NEW    cov: 1648 ft: 5589 corp: 651/285Kb lim: 899 exec/s: 13346 rss: 271Mb L: 823/899 MS: 1 CopyPart-
#53490	REDUCE cov: 1648 ft: 5589 corp: 651/285Kb lim: 899 exec/s: 13372 rss: 274Mb L: 102/899 MS: 5 CMP-ShuffleBytes-ChangeByte-ShuffleBytes-EraseBytes- DE: "\000\000\000\000"-
#53501	REDUCE cov: 1648 ft: 5590 corp: 652/285Kb lim: 899 exec/s: 13375 rss: 274Mb L: 456/899 MS: 1 CopyPart-
#53636	REDUCE cov: 1648 ft: 5590 corp: 652/285Kb lim: 899 exec/s: 13409 rss: 275Mb L: 222/899 MS: 5 CopyPart-ChangeByte-ChangeBit-ChangeBinInt-EraseBytes-
#53677	NEW    cov: 1648 ft: 5591 corp: 653/286Kb lim: 899 exec/s: 13419 rss: 275Mb L: 742/899 MS: 1 CrossOver-
#53768	REDUCE cov: 1648 ft: 5591 corp: 653/286Kb lim: 899 exec/s: 13442 rss: 275Mb L: 80/899 MS: 1 EraseBytes-
#53799	NEW    cov: 1651 ft: 5594 corp: 654/287Kb lim: 899 exec/s: 13449 rss: 275Mb L: 844/899 MS: 1 ShuffleBytes-
#53920	REDUCE cov: 1651 ft: 5594 corp: 654/287Kb lim: 899 exec/s: 13480 rss: 276Mb L: 162/899 MS: 1 EraseBytes-
#54002	REDUCE cov: 1651 ft: 5598 corp: 655/287Kb lim: 899 exec/s: 13500 rss: 276Mb L: 422/899 MS: 2 CopyPart-InsertByte-
#54153	REDUCE cov: 1651 ft: 5598 corp: 655/287Kb lim: 899 exec/s: 13538 rss: 277Mb L: 318/899 MS: 1 EraseBytes-
#54264	REDUCE cov: 1651 ft: 5598 corp: 655/287Kb lim: 899 exec/s: 13566 rss: 277Mb L: 170/899 MS: 1 EraseBytes-
#54327	NEW    cov: 1651 ft: 5602 corp: 656/288Kb lim: 899 exec/s: 13581 rss: 277Mb L: 843/899 MS: 3 CrossOver-PersAutoDict-CrossOver- DE: "\3778"-
#54404	NEW    cov: 1651 ft: 5603 corp: 657/288Kb lim: 899 exec/s: 13601 rss: 277Mb L: 182/899 MS: 2 ChangeBit-InsertByte-
#54690	NEW    cov: 1651 ft: 5604 corp: 658/289Kb lim: 899 exec/s: 13672 rss: 278Mb L: 215/899 MS: 1 InsertRepeatedBytes-
#54791	REDUCE cov: 1651 ft: 5604 corp: 658/288Kb lim: 899 exec/s: 13697 rss: 279Mb L: 542/899 MS: 1 EraseBytes-
#54807	NEW    cov: 1651 ft: 5605 corp: 659/289Kb lim: 899 exec/s: 13701 rss: 279Mb L: 859/899 MS: 1 CrossOver-
#54838	REDUCE cov: 1651 ft: 5605 corp: 659/289Kb lim: 899 exec/s: 13709 rss: 279Mb L: 557/899 MS: 1 EraseBytes-
#54844	REDUCE cov: 1651 ft: 5605 corp: 659/289Kb lim: 899 exec/s: 13711 rss: 279Mb L: 608/899 MS: 1 EraseBytes-
#54963	REDUCE cov: 1651 ft: 5605 corp: 659/289Kb lim: 899 exec/s: 13740 rss: 280Mb L: 635/899 MS: 4 ChangeBinInt-PersAutoDict-InsertRepeatedBytes-EraseBytes- DE: "\001\000\000\000\000\000\000\003"-
#54970	REDUCE cov: 1651 ft: 5605 corp: 659/288Kb lim: 899 exec/s: 13742 rss: 280Mb L: 657/899 MS: 2 ChangeBit-EraseBytes-
#55097	NEW    cov: 1651 ft: 5606 corp: 660/289Kb lim: 899 exec/s: 13774 rss: 280Mb L: 287/899 MS: 2 CrossOver-CopyPart-
#55139	REDUCE cov: 1651 ft: 5606 corp: 660/289Kb lim: 899 exec/s: 13784 rss: 280Mb L: 278/899 MS: 2 PersAutoDict-EraseBytes- DE: "G\004\000\000"-
#55180	REDUCE cov: 1651 ft: 5606 corp: 660/288Kb lim: 899 exec/s: 13795 rss: 281Mb L: 524/899 MS: 1 EraseBytes-
#55241	REDUCE cov: 1651 ft: 5606 corp: 660/288Kb lim: 899 exec/s: 13810 rss: 281Mb L: 248/899 MS: 1 CrossOver-
#55252	REDUCE cov: 1651 ft: 5606 corp: 660/288Kb lim: 899 exec/s: 13813 rss: 281Mb L: 255/899 MS: 1 EraseBytes-
#55338	REDUCE cov: 1651 ft: 5606 corp: 660/288Kb lim: 899 exec/s: 13834 rss: 281Mb L: 76/899 MS: 1 EraseBytes-
#55449	REDUCE cov: 1651 ft: 5606 corp: 660/288Kb lim: 899 exec/s: 13862 rss: 282Mb L: 735/899 MS: 1 EraseBytes-
#55482	NEW    cov: 1652 ft: 5607 corp: 661/289Kb lim: 899 exec/s: 13870 rss: 282Mb L: 820/899 MS: 3 InsertRepeatedBytes-CopyPart-ChangeBit-
#55529	REDUCE cov: 1652 ft: 5607 corp: 661/289Kb lim: 899 exec/s: 13882 rss: 282Mb L: 174/899 MS: 2 InsertByte-EraseBytes-
#55650	REDUCE cov: 1652 ft: 5607 corp: 661/289Kb lim: 899 exec/s: 13912 rss: 282Mb L: 701/899 MS: 1 EraseBytes-
#55781	REDUCE cov: 1652 ft: 5607 corp: 661/289Kb lim: 899 exec/s: 13945 rss: 283Mb L: 119/899 MS: 1 EraseBytes-
#55817	REDUCE cov: 1652 ft: 5607 corp: 661/289Kb lim: 899 exec/s: 13954 rss: 283Mb L: 683/899 MS: 1 EraseBytes-
#55900	NEW    cov: 1652 ft: 5608 corp: 662/289Kb lim: 899 exec/s: 13975 rss: 283Mb L: 264/899 MS: 3 ChangeBinInt-PersAutoDict-CMP- DE: "\007\000"-"\002\000\000\000\000\000\000\000"-
#55916	REDUCE cov: 1652 ft: 5608 corp: 662/289Kb lim: 899 exec/s: 13979 rss: 283Mb L: 728/899 MS: 1 EraseBytes-
#55977	REDUCE cov: 1652 ft: 5608 corp: 662/289Kb lim: 899 exec/s: 13994 rss: 283Mb L: 234/899 MS: 1 EraseBytes-
#56039	NEW    cov: 1652 ft: 5609 corp: 663/289Kb lim: 899 exec/s: 14009 rss: 284Mb L: 887/899 MS: 2 ChangeASCIIInt-CopyPart-
#56183	REDUCE cov: 1652 ft: 5609 corp: 663/289Kb lim: 899 exec/s: 14045 rss: 284Mb L: 421/899 MS: 4 ChangeBinInt-PersAutoDict-ChangeASCIIInt-EraseBytes- DE: "\007\000\000\000\000\000\000\000"-
#56217	REDUCE cov: 1652 ft: 5609 corp: 663/289Kb lim: 899 exec/s: 14054 rss: 284Mb L: 103/899 MS: 4 ChangeBinInt-ShuffleBytes-ChangeBinInt-EraseBytes-
#56314	NEW    cov: 1653 ft: 5626 corp: 664/289Kb lim: 899 exec/s: 14078 rss: 285Mb L: 273/899 MS: 2 ChangeByte-ChangeByte-
#56333	REDUCE cov: 1653 ft: 5626 corp: 664/289Kb lim: 899 exec/s: 14083 rss: 285Mb L: 483/899 MS: 4 ChangeBinInt-ChangeBinInt-InsertByte-EraseBytes-
#56510	REDUCE cov: 1653 ft: 5627 corp: 665/290Kb lim: 899 exec/s: 14127 rss: 285Mb L: 525/899 MS: 2 ChangeByte-CopyPart-
#56696	REDUCE cov: 1653 ft: 5628 corp: 666/290Kb lim: 899 exec/s: 14174 rss: 286Mb L: 347/899 MS: 1 InsertByte-
#56698	REDUCE cov: 1653 ft: 5628 corp: 666/290Kb lim: 899 exec/s: 14174 rss: 286Mb L: 152/899 MS: 2 CrossOver-EraseBytes-
#56717	NEW    cov: 1653 ft: 5629 corp: 667/290Kb lim: 899 exec/s: 14179 rss: 286Mb L: 182/899 MS: 4 CMP-PersAutoDict-ChangeBinInt-ChangeBit- DE: "\377\377\377\377\377\377\377\002"-"\001\000"-
#56863	REDUCE cov: 1653 ft: 5629 corp: 667/290Kb lim: 899 exec/s: 14215 rss: 287Mb L: 221/899 MS: 1 EraseBytes-
#56866	NEW    cov: 1653 ft: 5631 corp: 668/291Kb lim: 899 exec/s: 14216 rss: 287Mb L: 529/899 MS: 3 CrossOver-PersAutoDict-PersAutoDict- DE: "\0043333333"-"i\001"-
#56997	REDUCE cov: 1653 ft: 5632 corp: 669/291Kb lim: 899 exec/s: 14249 rss: 287Mb L: 213/899 MS: 1 EraseBytes-
#57009	REDUCE cov: 1653 ft: 5632 corp: 669/291Kb lim: 899 exec/s: 14252 rss: 287Mb L: 376/899 MS: 2 PersAutoDict-EraseBytes- DE: "\021\000\000\000\000\000\000\000"-
#57060	REDUCE cov: 1653 ft: 5632 corp: 669/291Kb lim: 899 exec/s: 14265 rss: 288Mb L: 649/899 MS: 1 EraseBytes-
#57427	REDUCE cov: 1654 ft: 5633 corp: 670/292Kb lim: 899 exec/s: 14356 rss: 289Mb L: 762/899 MS: 2 ChangeASCIIInt-EraseBytes-
#57533	REDUCE cov: 1654 ft: 5633 corp: 670/292Kb lim: 899 exec/s: 14383 rss: 289Mb L: 386/899 MS: 1 EraseBytes-
#57549	REDUCE cov: 1654 ft: 5633 corp: 670/291Kb lim: 899 exec/s: 14387 rss: 289Mb L: 275/899 MS: 1 CrossOver-
#57650	REDUCE cov: 1654 ft: 5633 corp: 670/291Kb lim: 899 exec/s: 14412 rss: 289Mb L: 558/899 MS: 1 EraseBytes-
#57657	NEW    cov: 1657 ft: 5636 corp: 671/291Kb lim: 899 exec/s: 14414 rss: 289Mb L: 2/899 MS: 2 ShuffleBytes-EraseBytes-
#57878	REDUCE cov: 1657 ft: 5636 corp: 671/291Kb lim: 899 exec/s: 14469 rss: 290Mb L: 5/899 MS: 1 EraseBytes-
#57919	REDUCE cov: 1657 ft: 5636 corp: 671/291Kb lim: 899 exec/s: 14479 rss: 290Mb L: 727/899 MS: 1 EraseBytes-
#57920	NEW    cov: 1658 ft: 5637 corp: 672/292Kb lim: 899 exec/s: 14480 rss: 290Mb L: 895/899 MS: 1 ChangeBit-
#57931	REDUCE cov: 1658 ft: 5637 corp: 672/292Kb lim: 899 exec/s: 14482 rss: 291Mb L: 576/899 MS: 1 EraseBytes-
#57991	NEW    cov: 1658 ft: 5640 corp: 673/293Kb lim: 899 exec/s: 14497 rss: 291Mb L: 805/899 MS: 5 InsertByte-PersAutoDict-ChangeByte-ShuffleBytes-CrossOver- DE: "\001\000\000\000\000\000\000\001"-
#58037	REDUCE cov: 1658 ft: 5640 corp: 673/293Kb lim: 899 exec/s: 14509 rss: 291Mb L: 593/899 MS: 1 EraseBytes-
#58247	REDUCE cov: 1660 ft: 5642 corp: 674/293Kb lim: 899 exec/s: 14561 rss: 292Mb L: 551/899 MS: 5 ChangeBinInt-InsertByte-ChangeBit-CrossOver-CrossOver-
#58254	REDUCE cov: 1660 ft: 5642 corp: 674/293Kb lim: 899 exec/s: 14563 rss: 292Mb L: 147/899 MS: 2 ShuffleBytes-EraseBytes-
#58381	REDUCE cov: 1660 ft: 5642 corp: 674/293Kb lim: 899 exec/s: 14595 rss: 292Mb L: 632/899 MS: 2 ChangeBit-EraseBytes-
#58507	NEW    cov: 1660 ft: 5645 corp: 675/293Kb lim: 899 exec/s: 14626 rss: 293Mb L: 181/899 MS: 1 CopyPart-
#58521	REDUCE cov: 1660 ft: 5645 corp: 675/293Kb lim: 899 exec/s: 14630 rss: 293Mb L: 719/899 MS: 4 InsertRepeatedBytes-ChangeASCIIInt-PersAutoDict-EraseBytes- DE: "\0043333333"-
#58575	NEW    cov: 1660 ft: 5646 corp: 676/294Kb lim: 899 exec/s: 14643 rss: 293Mb L: 255/899 MS: 4 ChangeASCIIInt-PersAutoDict-ChangeBit-EraseBytes- DE: "\002\000\000\000\000\000\000\000"-
#58617	REDUCE cov: 1660 ft: 5646 corp: 676/294Kb lim: 899 exec/s: 14654 rss: 293Mb L: 392/899 MS: 2 CrossOver-EraseBytes-
#58658	NEW    cov: 1660 ft: 5647 corp: 677/294Kb lim: 899 exec/s: 14664 rss: 294Mb L: 815/899 MS: 1 CrossOver-
#58743	REDUCE cov: 1660 ft: 5647 corp: 677/294Kb lim: 899 exec/s: 14685 rss: 294Mb L: 214/899 MS: 5 ShuffleBytes-ChangeBinInt-CrossOver-EraseBytes-PersAutoDict- DE: "p\000\000\000\000\000\000\000"-
#58744	REDUCE cov: 1660 ft: 5647 corp: 677/294Kb lim: 899 exec/s: 14686 rss: 294Mb L: 365/899 MS: 1 EraseBytes-
#58775	NEW    cov: 1660 ft: 5651 corp: 678/295Kb lim: 899 exec/s: 14693 rss: 294Mb L: 589/899 MS: 1 CopyPart-
#58841	REDUCE cov: 1660 ft: 5651 corp: 678/295Kb lim: 899 exec/s: 14710 rss: 294Mb L: 253/899 MS: 1 EraseBytes-
#58969	REDUCE cov: 1660 ft: 5651 corp: 678/295Kb lim: 899 exec/s: 14742 rss: 295Mb L: 4/899 MS: 3 ChangeBinInt-InsertByte-EraseBytes-
#59120	NEW    cov: 1660 ft: 5660 corp: 679/295Kb lim: 899 exec/s: 14780 rss: 295Mb L: 772/899 MS: 1 CopyPart-
#59133	REDUCE cov: 1660 ft: 5660 corp: 679/295Kb lim: 899 exec/s: 14783 rss: 295Mb L: 104/899 MS: 3 ShuffleBytes-ShuffleBytes-EraseBytes-
#59164	REDUCE cov: 1660 ft: 5660 corp: 679/295Kb lim: 899 exec/s: 14791 rss: 296Mb L: 90/899 MS: 1 EraseBytes-
#59182	REDUCE cov: 1660 ft: 5660 corp: 679/295Kb lim: 899 exec/s: 14795 rss: 296Mb L: 296/899 MS: 3 ChangeBit-PersAutoDict-EraseBytes- DE: "\033\000\000\000\000\000\000\000"-
#59245	REDUCE cov: 1660 ft: 5660 corp: 679/295Kb lim: 899 exec/s: 14811 rss: 296Mb L: 570/899 MS: 3 PersAutoDict-ShuffleBytes-EraseBytes- DE: "\001\000"-
#59261	REDUCE cov: 1660 ft: 5660 corp: 679/295Kb lim: 899 exec/s: 14815 rss: 296Mb L: 49/899 MS: 1 EraseBytes-
#59447	REDUCE cov: 1660 ft: 5660 corp: 679/295Kb lim: 899 exec/s: 14861 rss: 297Mb L: 406/899 MS: 1 EraseBytes-
#59451	REDUCE cov: 1660 ft: 5660 corp: 679/295Kb lim: 899 exec/s: 14862 rss: 297Mb L: 235/899 MS: 4 ChangeByte-InsertRepeatedBytes-ChangeBit-EraseBytes-
#59558	REDUCE cov: 1660 ft: 5660 corp: 679/295Kb lim: 899 exec/s: 14889 rss: 297Mb L: 437/899 MS: 2 ChangeBit-EraseBytes-
#59560	REDUCE cov: 1660 ft: 5660 corp: 679/295Kb lim: 899 exec/s: 14890 rss: 297Mb L: 16/899 MS: 2 CopyPart-EraseBytes-
#59596	REDUCE cov: 1660 ft: 5661 corp: 680/295Kb lim: 899 exec/s: 14899 rss: 297Mb L: 216/899 MS: 1 InsertByte-
#59668	REDUCE cov: 1660 ft: 5661 corp: 680/295Kb lim: 899 exec/s: 14917 rss: 297Mb L: 204/899 MS: 2 CrossOver-EraseBytes-
#59729	REDUCE cov: 1660 ft: 5664 corp: 681/295Kb lim: 899 exec/s: 14932 rss: 298Mb L: 238/899 MS: 1 InsertByte-
#59775	REDUCE cov: 1660 ft: 5664 corp: 681/295Kb lim: 899 exec/s: 14943 rss: 298Mb L: 473/899 MS: 1 EraseBytes-
#59785	REDUCE cov: 1660 ft: 5664 corp: 681/295Kb lim: 899 exec/s: 14946 rss: 298Mb L: 164/899 MS: 5 ChangeByte-ShuffleBytes-PersAutoDict-EraseBytes-EraseBytes- DE: "\001\000\000\000\000\000\000\015"-
#59797	REDUCE cov: 1660 ft: 5664 corp: 681/295Kb lim: 899 exec/s: 14949 rss: 298Mb L: 384/899 MS: 2 ChangeBinInt-EraseBytes-
#59848	REDUCE cov: 1660 ft: 5666 corp: 682/296Kb lim: 899 exec/s: 14962 rss: 298Mb L: 761/899 MS: 1 CrossOver-
#59861	REDUCE cov: 1660 ft: 5667 corp: 683/296Kb lim: 899 exec/s: 14965 rss: 298Mb L: 402/899 MS: 3 PersAutoDict-ShuffleBytes-InsertRepeatedBytes- DE: "\001\000"-
#59897	NEW    cov: 1660 ft: 5668 corp: 684/297Kb lim: 899 exec/s: 14974 rss: 298Mb L: 449/899 MS: 1 InsertByte-
#59923	REDUCE cov: 1660 ft: 5668 corp: 684/297Kb lim: 899 exec/s: 14980 rss: 298Mb L: 123/899 MS: 1 EraseBytes-
#59950	REDUCE cov: 1660 ft: 5668 corp: 684/297Kb lim: 899 exec/s: 14987 rss: 299Mb L: 609/899 MS: 2 PersAutoDict-EraseBytes- DE: "\3778"-
#59954	REDUCE cov: 1660 ft: 5668 corp: 684/297Kb lim: 899 exec/s: 14988 rss: 299Mb L: 285/899 MS: 4 CrossOver-InsertRepeatedBytes-InsertRepeatedBytes-EraseBytes-
#60025	REDUCE cov: 1660 ft: 5668 corp: 684/296Kb lim: 899 exec/s: 15006 rss: 299Mb L: 590/899 MS: 1 EraseBytes-
#60105	REDUCE cov: 1660 ft: 5668 corp: 684/296Kb lim: 899 exec/s: 15026 rss: 299Mb L: 340/899 MS: 5 CopyPart-ShuffleBytes-CopyPart-InsertByte-EraseBytes-
#60244	REDUCE cov: 1660 ft: 5672 corp: 685/297Kb lim: 899 exec/s: 15061 rss: 299Mb L: 832/899 MS: 4 ShuffleBytes-ChangeBinInt-PersAutoDict-CopyPart- DE: "\001\000\000\012"-
#60437	REDUCE cov: 1660 ft: 5672 corp: 685/297Kb lim: 899 exec/s: 15109 rss: 300Mb L: 29/899 MS: 3 InsertByte-CopyPart-EraseBytes-
#60455	REDUCE cov: 1660 ft: 5672 corp: 685/297Kb lim: 899 exec/s: 15113 rss: 300Mb L: 329/899 MS: 3 ShuffleBytes-PersAutoDict-EraseBytes- DE: "\021\000\000\000\000\000\000\000"-
#60472	REDUCE cov: 1660 ft: 5672 corp: 685/297Kb lim: 899 exec/s: 15118 rss: 300Mb L: 350/899 MS: 2 ShuffleBytes-EraseBytes-
#60496	REDUCE cov: 1660 ft: 5672 corp: 685/297Kb lim: 899 exec/s: 15124 rss: 300Mb L: 651/899 MS: 4 ChangeASCIIInt-ChangeASCIIInt-ChangeByte-EraseBytes-
#60527	REDUCE cov: 1660 ft: 5672 corp: 685/297Kb lim: 899 exec/s: 15131 rss: 300Mb L: 247/899 MS: 1 EraseBytes-
#60578	REDUCE cov: 1660 ft: 5672 corp: 685/297Kb lim: 899 exec/s: 15144 rss: 301Mb L: 186/899 MS: 1 EraseBytes-
#60655	REDUCE cov: 1660 ft: 5672 corp: 685/297Kb lim: 899 exec/s: 15163 rss: 301Mb L: 468/899 MS: 2 ShuffleBytes-EraseBytes-
#60717	REDUCE cov: 1660 ft: 5673 corp: 686/297Kb lim: 899 exec/s: 15179 rss: 301Mb L: 205/899 MS: 2 InsertByte-EraseBytes-
#60779	NEW    cov: 1660 ft: 5674 corp: 687/298Kb lim: 899 exec/s: 15194 rss: 301Mb L: 879/899 MS: 2 ShuffleBytes-InsertRepeatedBytes-
#60811	REDUCE cov: 1660 ft: 5674 corp: 687/298Kb lim: 899 exec/s: 15202 rss: 302Mb L: 20/899 MS: 2 PersAutoDict-EraseBytes- DE: "\005\000\000\000\000\000\000\000"-
#60878	REDUCE cov: 1660 ft: 5674 corp: 687/298Kb lim: 899 exec/s: 15219 rss: 302Mb L: 162/899 MS: 2 PersAutoDict-EraseBytes- DE: "\001\000\0015"-
#60973	NEW    cov: 1660 ft: 5676 corp: 688/299Kb lim: 899 exec/s: 15243 rss: 302Mb L: 884/899 MS: 5 PersAutoDict-ShuffleBytes-ChangeASCIIInt-InsertByte-PersAutoDict- DE: "\004\003\000\000"-"\007\000\000\000\000\000\000\000"-
#61119	REDUCE cov: 1660 ft: 5676 corp: 688/299Kb lim: 899 exec/s: 15279 rss: 303Mb L: 234/899 MS: 1 EraseBytes-
#61375	REDUCE cov: 1660 ft: 5676 corp: 688/299Kb lim: 899 exec/s: 15343 rss: 303Mb L: 649/899 MS: 1 EraseBytes-
#61377	REDUCE cov: 1660 ft: 5676 corp: 688/298Kb lim: 899 exec/s: 15344 rss: 303Mb L: 604/899 MS: 2 ShuffleBytes-EraseBytes-
#61458	REDUCE cov: 1660 ft: 5676 corp: 688/298Kb lim: 899 exec/s: 15364 rss: 304Mb L: 9/899 MS: 1 EraseBytes-
#61512	REDUCE cov: 1660 ft: 5676 corp: 688/298Kb lim: 899 exec/s: 15378 rss: 304Mb L: 54/899 MS: 4 PersAutoDict-ChangeByte-CopyPart-EraseBytes- DE: "\\\002\000\000\000\000\000\000"-
#61513	REDUCE cov: 1660 ft: 5676 corp: 688/298Kb lim: 899 exec/s: 15378 rss: 304Mb L: 125/899 MS: 1 EraseBytes-
#61605	REDUCE cov: 1660 ft: 5676 corp: 688/298Kb lim: 899 exec/s: 15401 rss: 304Mb L: 166/899 MS: 2 CopyPart-EraseBytes-
#61611	REDUCE cov: 1660 ft: 5676 corp: 688/298Kb lim: 899 exec/s: 15402 rss: 304Mb L: 32/899 MS: 1 EraseBytes-
#61617	REDUCE cov: 1660 ft: 5676 corp: 688/298Kb lim: 899 exec/s: 15404 rss: 304Mb L: 321/899 MS: 1 EraseBytes-
#61675	REDUCE cov: 1660 ft: 5681 corp: 689/298Kb lim: 899 exec/s: 15418 rss: 305Mb L: 239/899 MS: 3 CopyPart-InsertRepeatedBytes-CopyPart-
#61918	NEW    cov: 1660 ft: 5682 corp: 690/299Kb lim: 899 exec/s: 15479 rss: 305Mb L: 320/899 MS: 3 ChangeBinInt-EraseBytes-CopyPart-
#61999	REDUCE cov: 1660 ft: 5682 corp: 690/299Kb lim: 899 exec/s: 15499 rss: 306Mb L: 357/899 MS: 1 EraseBytes-
#62021	REDUCE cov: 1660 ft: 5682 corp: 690/299Kb lim: 899 exec/s: 15505 rss: 306Mb L: 96/899 MS: 2 ShuffleBytes-EraseBytes-
#62053	REDUCE cov: 1660 ft: 5682 corp: 690/299Kb lim: 899 exec/s: 15513 rss: 306Mb L: 273/899 MS: 2 ShuffleBytes-EraseBytes-
#62150	REDUCE cov: 1660 ft: 5682 corp: 690/299Kb lim: 899 exec/s: 15537 rss: 306Mb L: 701/899 MS: 2 ChangeASCIIInt-EraseBytes-
#62212	NEW    cov: 1660 ft: 5685 corp: 691/300Kb lim: 899 exec/s: 15553 rss: 307Mb L: 845/899 MS: 2 ChangeASCIIInt-PersAutoDict- DE: "\033\003"-
#62260	NEW    cov: 1660 ft: 5686 corp: 692/300Kb lim: 899 exec/s: 15565 rss: 307Mb L: 107/899 MS: 3 ChangeByte-PersAutoDict-InsertRepeatedBytes- DE: "\027\000\000\000"-
#62301	REDUCE cov: 1660 ft: 5686 corp: 692/300Kb lim: 899 exec/s: 15575 rss: 307Mb L: 48/899 MS: 1 EraseBytes-
#62385	NEW    cov: 1660 ft: 5687 corp: 693/300Kb lim: 899 exec/s: 15596 rss: 307Mb L: 179/899 MS: 4 CopyPart-ShuffleBytes-ShuffleBytes-InsertByte-
#62422	REDUCE cov: 1660 ft: 5687 corp: 693/300Kb lim: 899 exec/s: 15605 rss: 307Mb L: 263/899 MS: 2 ChangeBit-EraseBytes-
#62475	REDUCE cov: 1660 ft: 5687 corp: 693/300Kb lim: 899 exec/s: 15618 rss: 308Mb L: 182/899 MS: 3 CopyPart-ChangeASCIIInt-EraseBytes-
#62476	REDUCE cov: 1660 ft: 5687 corp: 693/300Kb lim: 899 exec/s: 15619 rss: 308Mb L: 175/899 MS: 1 EraseBytes-
#62569	REDUCE cov: 1660 ft: 5687 corp: 693/300Kb lim: 899 exec/s: 15642 rss: 308Mb L: 18/899 MS: 3 ChangeBit-ShuffleBytes-EraseBytes-
#62585	REDUCE cov: 1660 ft: 5691 corp: 694/300Kb lim: 899 exec/s: 15646 rss: 308Mb L: 247/899 MS: 1 ChangeByte-
#62635	REDUCE cov: 1660 ft: 5691 corp: 694/300Kb lim: 899 exec/s: 15658 rss: 308Mb L: 102/899 MS: 5 PersAutoDict-PersAutoDict-CMP-ChangeByte-CrossOver- DE: "\001\000\000\000\000\000\000\000"-"\033\003"-"\376\377\377\377\377\377\377\377"-
#62701	REDUCE cov: 1660 ft: 5691 corp: 694/300Kb lim: 899 exec/s: 15675 rss: 308Mb L: 350/899 MS: 1 CrossOver-
#62702	REDUCE cov: 1660 ft: 5691 corp: 694/300Kb lim: 899 exec/s: 15675 rss: 309Mb L: 243/899 MS: 1 EraseBytes-
#62828	REDUCE cov: 1660 ft: 5691 corp: 694/300Kb lim: 899 exec/s: 15707 rss: 309Mb L: 694/899 MS: 1 EraseBytes-
#62899	REDUCE cov: 1660 ft: 5691 corp: 694/300Kb lim: 899 exec/s: 15724 rss: 309Mb L: 206/899 MS: 1 EraseBytes-
#62940	REDUCE cov: 1660 ft: 5691 corp: 694/299Kb lim: 899 exec/s: 15735 rss: 309Mb L: 625/899 MS: 1 EraseBytes-
#62946	REDUCE cov: 1660 ft: 5691 corp: 694/299Kb lim: 899 exec/s: 15736 rss: 309Mb L: 615/899 MS: 1 EraseBytes-
#63012	NEW    cov: 1660 ft: 5693 corp: 695/300Kb lim: 899 exec/s: 15753 rss: 310Mb L: 850/899 MS: 1 PersAutoDict- DE: "\000\000\000\000\000\000\000\020"-
#63100	NEW    cov: 1660 ft: 5694 corp: 696/301Kb lim: 899 exec/s: 15775 rss: 310Mb L: 845/899 MS: 3 ChangeBit-ChangeASCIIInt-ChangeByte-
#63141	NEW    cov: 1660 ft: 5695 corp: 697/302Kb lim: 899 exec/s: 15785 rss: 310Mb L: 821/899 MS: 1 InsertRepeatedBytes-
#63323	REDUCE cov: 1660 ft: 5695 corp: 697/302Kb lim: 899 exec/s: 15830 rss: 311Mb L: 624/899 MS: 2 ChangeBit-CrossOver-
#63650	REDUCE cov: 1662 ft: 5697 corp: 698/302Kb lim: 899 exec/s: 15912 rss: 312Mb L: 175/899 MS: 2 InsertByte-ChangeByte-
#63667	REDUCE cov: 1662 ft: 5697 corp: 698/302Kb lim: 899 exec/s: 15916 rss: 312Mb L: 724/899 MS: 2 ChangeASCIIInt-EraseBytes-
#63707	REDUCE cov: 1662 ft: 5697 corp: 698/302Kb lim: 899 exec/s: 15926 rss: 312Mb L: 186/899 MS: 5 CopyPart-CopyPart-PersAutoDict-ChangeBinInt-CrossOver- DE: "\376\377\377\377\377\377\377\377"-
#63725	REDUCE cov: 1662 ft: 5697 corp: 698/301Kb lim: 899 exec/s: 15931 rss: 312Mb L: 747/899 MS: 3 CopyPart-PersAutoDict-EraseBytes- DE: "\000\000\000\000\000\000\000\010"-
#63846	REDUCE cov: 1662 ft: 5697 corp: 698/301Kb lim: 899 exec/s: 15961 rss: 312Mb L: 525/899 MS: 1 EraseBytes-
#63873	REDUCE cov: 1662 ft: 5697 corp: 698/301Kb lim: 899 exec/s: 15968 rss: 313Mb L: 85/899 MS: 2 ShuffleBytes-CrossOver-
#63890	NEW    cov: 1662 ft: 5698 corp: 699/302Kb lim: 899 exec/s: 15972 rss: 313Mb L: 892/899 MS: 2 ChangeByte-CopyPart-
#64024	REDUCE cov: 1662 ft: 5698 corp: 699/302Kb lim: 899 exec/s: 16006 rss: 313Mb L: 117/899 MS: 4 PersAutoDict-ShuffleBytes-ChangeBit-EraseBytes- DE: "G\004\000\000"-
#64108	REDUCE cov: 1662 ft: 5698 corp: 699/302Kb lim: 899 exec/s: 16027 rss: 313Mb L: 102/899 MS: 4 ChangeByte-ShuffleBytes-ShuffleBytes-EraseBytes-
#64115	REDUCE cov: 1662 ft: 5698 corp: 699/302Kb lim: 899 exec/s: 16028 rss: 313Mb L: 249/899 MS: 2 InsertRepeatedBytes-EraseBytes-
#64202	REDUCE cov: 1662 ft: 5698 corp: 699/302Kb lim: 899 exec/s: 16050 rss: 314Mb L: 183/899 MS: 2 ChangeBinInt-EraseBytes-
#64378	REDUCE cov: 1662 ft: 5698 corp: 699/302Kb lim: 899 exec/s: 16094 rss: 314Mb L: 117/899 MS: 1 CrossOver-
#64384	REDUCE cov: 1662 ft: 5698 corp: 699/302Kb lim: 899 exec/s: 16096 rss: 314Mb L: 604/899 MS: 1 EraseBytes-
#64447	REDUCE cov: 1662 ft: 5698 corp: 699/302Kb lim: 899 exec/s: 16111 rss: 315Mb L: 143/899 MS: 3 PersAutoDict-EraseBytes-EraseBytes- DE: "\015\000\000\000"-
#64448	REDUCE cov: 1662 ft: 5698 corp: 699/302Kb lim: 899 exec/s: 16112 rss: 315Mb L: 78/899 MS: 1 EraseBytes-
#64624	REDUCE cov: 1662 ft: 5698 corp: 699/302Kb lim: 899 exec/s: 16156 rss: 315Mb L: 391/899 MS: 1 EraseBytes-
#64732	REDUCE cov: 1662 ft: 5698 corp: 699/302Kb lim: 899 exec/s: 16183 rss: 315Mb L: 222/899 MS: 3 ChangeByte-ChangeByte-EraseBytes-
#64825	NEW    cov: 1662 ft: 5699 corp: 700/302Kb lim: 899 exec/s: 16206 rss: 316Mb L: 839/899 MS: 3 ChangeBinInt-CMP-CrossOver- DE: "\005\000\000\000\000\000\000\000"-
#65058	REDUCE cov: 1662 ft: 5699 corp: 700/302Kb lim: 899 exec/s: 16264 rss: 317Mb L: 530/899 MS: 3 ShuffleBytes-EraseBytes-ChangeBit-
#65089	REDUCE cov: 1662 ft: 5699 corp: 700/302Kb lim: 899 exec/s: 16272 rss: 317Mb L: 26/899 MS: 1 EraseBytes-
#65100	REDUCE cov: 1662 ft: 5699 corp: 700/302Kb lim: 899 exec/s: 16275 rss: 317Mb L: 93/899 MS: 1 EraseBytes-
#65237	REDUCE cov: 1662 ft: 5699 corp: 700/302Kb lim: 899 exec/s: 16309 rss: 318Mb L: 22/899 MS: 2 CopyPart-EraseBytes-
#65279	NEW    cov: 1662 ft: 5700 corp: 701/302Kb lim: 899 exec/s: 16319 rss: 318Mb L: 180/899 MS: 2 ChangeByte-InsertByte-
#65356	REDUCE cov: 1662 ft: 5700 corp: 701/302Kb lim: 899 exec/s: 16339 rss: 318Mb L: 207/899 MS: 2 ShuffleBytes-EraseBytes-
#65462	NEW    cov: 1662 ft: 5701 corp: 702/303Kb lim: 899 exec/s: 16365 rss: 319Mb L: 248/899 MS: 1 InsertByte-
#65469	REDUCE cov: 1662 ft: 5701 corp: 702/303Kb lim: 899 exec/s: 16367 rss: 319Mb L: 329/899 MS: 2 ChangeBinInt-EraseBytes-
#65513	NEW    cov: 1662 ft: 5702 corp: 703/303Kb lim: 899 exec/s: 16378 rss: 319Mb L: 510/899 MS: 4 PersAutoDict-ChangeBinInt-InsertByte-CopyPart- DE: "\021\000\000\000\000\000\000\000"-
#65536	pulse  cov: 1662 ft: 5702 corp: 703/303Kb lim: 899 exec/s: 16384 rss: 319Mb
#65592	NEW    cov: 1662 ft: 5707 corp: 704/304Kb lim: 899 exec/s: 16398 rss: 319Mb L: 857/899 MS: 4 ChangeByte-ShuffleBytes-InsertByte-CopyPart-
#65713	REDUCE cov: 1662 ft: 5707 corp: 704/304Kb lim: 899 exec/s: 16428 rss: 320Mb L: 148/899 MS: 1 EraseBytes-
#65774	REDUCE cov: 1662 ft: 5707 corp: 704/304Kb lim: 899 exec/s: 16443 rss: 320Mb L: 107/899 MS: 1 EraseBytes-
#65790	REDUCE cov: 1662 ft: 5710 corp: 705/305Kb lim: 899 exec/s: 16447 rss: 320Mb L: 880/899 MS: 1 CopyPart-
#65899	REDUCE cov: 1662 ft: 5710 corp: 705/305Kb lim: 899 exec/s: 16474 rss: 320Mb L: 229/899 MS: 4 ChangeBit-ChangeASCIIInt-ChangeBinInt-EraseBytes-
#65934	REDUCE cov: 1662 ft: 5710 corp: 705/305Kb lim: 899 exec/s: 16483 rss: 321Mb L: 9/899 MS: 5 ChangeBit-ChangeBinInt-ChangeByte-InsertByte-EraseBytes-
#65986	REDUCE cov: 1662 ft: 5712 corp: 706/305Kb lim: 899 exec/s: 16496 rss: 321Mb L: 648/899 MS: 2 InsertByte-CrossOver-
#66032	REDUCE cov: 1662 ft: 5712 corp: 706/305Kb lim: 899 exec/s: 16508 rss: 321Mb L: 82/899 MS: 1 EraseBytes-
#66038	REDUCE cov: 1662 ft: 5712 corp: 706/305Kb lim: 899 exec/s: 16509 rss: 321Mb L: 778/899 MS: 1 EraseBytes-
#66086	NEW    cov: 1663 ft: 5722 corp: 707/306Kb lim: 899 exec/s: 16521 rss: 321Mb L: 458/899 MS: 3 ChangeBit-ShuffleBytes-CopyPart-
#66153	REDUCE cov: 1663 ft: 5722 corp: 707/306Kb lim: 899 exec/s: 16538 rss: 322Mb L: 140/899 MS: 2 ChangeByte-EraseBytes-
#66170	REDUCE cov: 1663 ft: 5722 corp: 707/306Kb lim: 899 exec/s: 16542 rss: 322Mb L: 526/899 MS: 2 ChangeASCIIInt-EraseBytes-
#66281	REDUCE cov: 1663 ft: 5722 corp: 707/306Kb lim: 899 exec/s: 16570 rss: 322Mb L: 55/899 MS: 1 EraseBytes-
#66349	REDUCE cov: 1663 ft: 5722 corp: 707/306Kb lim: 899 exec/s: 16587 rss: 322Mb L: 102/899 MS: 3 InsertByte-ChangeBit-EraseBytes-
#66400	REDUCE cov: 1663 ft: 5722 corp: 707/306Kb lim: 899 exec/s: 16600 rss: 323Mb L: 55/899 MS: 1 EraseBytes-
#66569	REDUCE cov: 1663 ft: 5722 corp: 707/306Kb lim: 899 exec/s: 16642 rss: 323Mb L: 634/899 MS: 4 ShuffleBytes-ShuffleBytes-ChangeBit-EraseBytes-
#66601	REDUCE cov: 1663 ft: 5722 corp: 707/306Kb lim: 899 exec/s: 16650 rss: 323Mb L: 354/899 MS: 2 PersAutoDict-EraseBytes- DE: "\033\000\000\000\000\000\000\000"-
#66714	REDUCE cov: 1663 ft: 5722 corp: 707/305Kb lim: 899 exec/s: 16678 rss: 324Mb L: 457/899 MS: 3 InsertByte-ChangeByte-EraseBytes-
#67045	REDUCE cov: 1663 ft: 5723 corp: 708/306Kb lim: 899 exec/s: 16761 rss: 325Mb L: 261/899 MS: 1 ChangeBit-
#67081	REDUCE cov: 1663 ft: 5723 corp: 708/306Kb lim: 899 exec/s: 16770 rss: 325Mb L: 483/899 MS: 1 EraseBytes-
#67128	REDUCE cov: 1663 ft: 5723 corp: 708/306Kb lim: 899 exec/s: 16782 rss: 325Mb L: 138/899 MS: 2 ChangeBit-EraseBytes-
#67219	NEW    cov: 1670 ft: 5730 corp: 709/306Kb lim: 899 exec/s: 16804 rss: 326Mb L: 175/899 MS: 1 ChangeBit-
#67276	REDUCE cov: 1670 ft: 5730 corp: 709/306Kb lim: 899 exec/s: 16819 rss: 326Mb L: 369/899 MS: 2 ChangeByte-EraseBytes-
#67328	REDUCE cov: 1670 ft: 5730 corp: 709/306Kb lim: 899 exec/s: 16832 rss: 326Mb L: 730/899 MS: 2 InsertByte-EraseBytes-
#67657	NEW    cov: 1670 ft: 5735 corp: 710/306Kb lim: 899 exec/s: 16914 rss: 327Mb L: 563/899 MS: 4 ChangeByte-CrossOver-ChangeBinInt-CopyPart-
#68068	REDUCE cov: 1670 ft: 5736 corp: 711/307Kb lim: 899 exec/s: 17017 rss: 329Mb L: 604/899 MS: 1 CrossOver-
#68095	REDUCE cov: 1670 ft: 5740 corp: 712/308Kb lim: 899 exec/s: 17023 rss: 329Mb L: 694/899 MS: 2 CopyPart-CopyPart-
#68096	REDUCE cov: 1670 ft: 5740 corp: 712/308Kb lim: 899 exec/s: 17024 rss: 329Mb L: 214/899 MS: 1 EraseBytes-
#68097	NEW    cov: 1670 ft: 5742 corp: 713/308Kb lim: 899 exec/s: 17024 rss: 329Mb L: 415/899 MS: 1 EraseBytes-
#68154	REDUCE cov: 1670 ft: 5742 corp: 713/308Kb lim: 899 exec/s: 17038 rss: 329Mb L: 60/899 MS: 2 ChangeByte-EraseBytes-
#68159	REDUCE cov: 1670 ft: 5742 corp: 713/308Kb lim: 899 exec/s: 17039 rss: 329Mb L: 133/899 MS: 5 PersAutoDict-ChangeBinInt-ChangeByte-ChangeBinInt-EraseBytes- DE: "\004\003\000\000"-
#68173	REDUCE cov: 1670 ft: 5742 corp: 713/308Kb lim: 899 exec/s: 17043 rss: 329Mb L: 303/899 MS: 4 ChangeBit-CMP-InsertRepeatedBytes-EraseBytes- DE: "\363\001\000\000\000\000\000\000"-
#68199	REDUCE cov: 1670 ft: 5743 corp: 714/308Kb lim: 899 exec/s: 17049 rss: 329Mb L: 625/899 MS: 1 CopyPart-
#68400	REDUCE cov: 1670 ft: 5743 corp: 714/308Kb lim: 899 exec/s: 13680 rss: 330Mb L: 456/899 MS: 1 EraseBytes-
#68417	REDUCE cov: 1670 ft: 5743 corp: 714/308Kb lim: 899 exec/s: 13683 rss: 330Mb L: 701/899 MS: 2 ChangeBit-EraseBytes-
#68550	REDUCE cov: 1670 ft: 5743 corp: 714/308Kb lim: 899 exec/s: 13710 rss: 331Mb L: 694/899 MS: 3 CopyPart-ChangeBit-EraseBytes-
#68585	NEW    cov: 1670 ft: 5745 corp: 715/309Kb lim: 899 exec/s: 13717 rss: 331Mb L: 846/899 MS: 5 ChangeBit-ChangeBinInt-ChangeBinInt-ChangeByte-InsertByte-
#68611	REDUCE cov: 1670 ft: 5746 corp: 716/310Kb lim: 899 exec/s: 13722 rss: 331Mb L: 856/899 MS: 1 InsertByte-
#68612	REDUCE cov: 1670 ft: 5746 corp: 716/310Kb lim: 899 exec/s: 13722 rss: 331Mb L: 150/899 MS: 1 EraseBytes-
#68643	REDUCE cov: 1670 ft: 5746 corp: 716/310Kb lim: 899 exec/s: 13728 rss: 331Mb L: 168/899 MS: 1 EraseBytes-
#68704	NEW    cov: 1670 ft: 5749 corp: 717/310Kb lim: 899 exec/s: 13740 rss: 331Mb L: 818/899 MS: 1 ChangeBit-
#68775	NEW    cov: 1670 ft: 5750 corp: 718/311Kb lim: 899 exec/s: 13755 rss: 332Mb L: 717/899 MS: 1 CopyPart-
#68836	REDUCE cov: 1670 ft: 5750 corp: 718/311Kb lim: 899 exec/s: 13767 rss: 332Mb L: 42/899 MS: 1 EraseBytes-
#68848	NEW    cov: 1670 ft: 5751 corp: 719/312Kb lim: 899 exec/s: 13769 rss: 332Mb L: 895/899 MS: 2 ChangeBit-CopyPart-
#68952	REDUCE cov: 1670 ft: 5751 corp: 719/312Kb lim: 899 exec/s: 13790 rss: 332Mb L: 208/899 MS: 4 ShuffleBytes-EraseBytes-CopyPart-CrossOver-
#69137	REDUCE cov: 1670 ft: 5751 corp: 719/312Kb lim: 899 exec/s: 13827 rss: 336Mb L: 405/899 MS: 4 ShuffleBytes-CopyPart-InsertRepeatedBytes-EraseBytes-
#69150	NEW    cov: 1670 ft: 5752 corp: 720/313Kb lim: 899 exec/s: 13830 rss: 336Mb L: 767/899 MS: 3 PersAutoDict-CopyPart-InsertRepeatedBytes- DE: "0.\000\000"-
#69166	REDUCE cov: 1670 ft: 5752 corp: 720/312Kb lim: 899 exec/s: 13833 rss: 337Mb L: 241/899 MS: 1 EraseBytes-
#69197	REDUCE cov: 1670 ft: 5752 corp: 720/312Kb lim: 899 exec/s: 13839 rss: 337Mb L: 6/899 MS: 1 EraseBytes-
#69508	REDUCE cov: 1670 ft: 5753 corp: 721/313Kb lim: 899 exec/s: 13901 rss: 338Mb L: 538/899 MS: 1 CopyPart-
#69604	NEW    cov: 1670 ft: 5754 corp: 722/314Kb lim: 899 exec/s: 13920 rss: 338Mb L: 561/899 MS: 1 EraseBytes-
#69651	REDUCE cov: 1670 ft: 5754 corp: 722/314Kb lim: 899 exec/s: 13930 rss: 338Mb L: 213/899 MS: 2 CopyPart-EraseBytes-
#69772	NEW    cov: 1670 ft: 5755 corp: 723/314Kb lim: 899 exec/s: 13954 rss: 338Mb L: 835/899 MS: 1 CMP- DE: "\000\000\000\000\000\000\000\000"-
#69779	REDUCE cov: 1670 ft: 5756 corp: 724/315Kb lim: 899 exec/s: 13955 rss: 338Mb L: 339/899 MS: 2 ChangeByte-PersAutoDict- DE: "\000\000\000\000\000\000\000l"-
#69901	REDUCE cov: 1670 ft: 5756 corp: 724/314Kb lim: 899 exec/s: 13980 rss: 339Mb L: 625/899 MS: 2 PersAutoDict-EraseBytes- DE: "\377\377\377\377\377\377\377\007"-
#69972	REDUCE cov: 1670 ft: 5756 corp: 724/314Kb lim: 899 exec/s: 13994 rss: 339Mb L: 514/899 MS: 1 EraseBytes-
#69998	REDUCE cov: 1670 ft: 5756 corp: 724/314Kb lim: 899 exec/s: 13999 rss: 339Mb L: 539/899 MS: 1 EraseBytes-
#70139	REDUCE cov: 1670 ft: 5756 corp: 724/314Kb lim: 899 exec/s: 14027 rss: 340Mb L: 530/899 MS: 1 EraseBytes-
#70210	REDUCE cov: 1670 ft: 5756 corp: 724/314Kb lim: 899 exec/s: 14042 rss: 340Mb L: 96/899 MS: 1 EraseBytes-
#70241	REDUCE cov: 1670 ft: 5757 corp: 725/315Kb lim: 899 exec/s: 14048 rss: 340Mb L: 857/899 MS: 1 ChangeBit-
#70364	REDUCE cov: 1670 ft: 5757 corp: 725/315Kb lim: 899 exec/s: 14072 rss: 341Mb L: 84/899 MS: 3 ChangeBit-CopyPart-EraseBytes-
#70374	REDUCE cov: 1670 ft: 5757 corp: 725/315Kb lim: 899 exec/s: 14074 rss: 341Mb L: 76/899 MS: 5 ChangeBit-ChangeBit-EraseBytes-CrossOver-CopyPart-
#70425	REDUCE cov: 1670 ft: 5757 corp: 725/315Kb lim: 899 exec/s: 14085 rss: 341Mb L: 48/899 MS: 1 EraseBytes-
#70447	REDUCE cov: 1670 ft: 5757 corp: 725/315Kb lim: 899 exec/s: 14089 rss: 341Mb L: 7/899 MS: 2 CopyPart-EraseBytes-
#70453	NEW    cov: 1670 ft: 5758 corp: 726/316Kb lim: 899 exec/s: 14090 rss: 341Mb L: 800/899 MS: 1 CopyPart-
#70574	REDUCE cov: 1670 ft: 5758 corp: 726/315Kb lim: 899 exec/s: 14114 rss: 342Mb L: 515/899 MS: 1 EraseBytes-
#70576	REDUCE cov: 1670 ft: 5758 corp: 726/315Kb lim: 899 exec/s: 14115 rss: 342Mb L: 453/899 MS: 2 ChangeASCIIInt-EraseBytes-
#70632	REDUCE cov: 1670 ft: 5758 corp: 726/315Kb lim: 899 exec/s: 14126 rss: 342Mb L: 371/899 MS: 1 EraseBytes-
#70928	REDUCE cov: 1670 ft: 5758 corp: 726/315Kb lim: 899 exec/s: 14185 rss: 343Mb L: 207/899 MS: 1 EraseBytes-
#70998	REDUCE cov: 1670 ft: 5758 corp: 726/315Kb lim: 899 exec/s: 14199 rss: 343Mb L: 37/899 MS: 5 PersAutoDict-EraseBytes-ShuffleBytes-EraseBytes-CrossOver- DE: "\000\000\000\000\000\000\000\203"-
#71169	REDUCE cov: 1670 ft: 5758 corp: 726/315Kb lim: 899 exec/s: 14233 rss: 344Mb L: 121/899 MS: 1 EraseBytes-
#71236	REDUCE cov: 1670 ft: 5758 corp: 726/315Kb lim: 899 exec/s: 14247 rss: 344Mb L: 282/899 MS: 2 ShuffleBytes-EraseBytes-
#71237	NEW    cov: 1670 ft: 5759 corp: 727/315Kb lim: 899 exec/s: 14247 rss: 344Mb L: 398/899 MS: 1 InsertByte-
#71338	NEW    cov: 1670 ft: 5763 corp: 728/316Kb lim: 899 exec/s: 14267 rss: 344Mb L: 883/899 MS: 1 ChangeBit-
#71439	REDUCE cov: 1670 ft: 5763 corp: 728/316Kb lim: 899 exec/s: 14287 rss: 345Mb L: 249/899 MS: 1 EraseBytes-
#71441	NEW    cov: 1670 ft: 5766 corp: 729/317Kb lim: 899 exec/s: 14288 rss: 345Mb L: 332/899 MS: 2 PersAutoDict-CrossOver- DE: "fffffff\006"-
#71477	REDUCE cov: 1670 ft: 5766 corp: 729/316Kb lim: 899 exec/s: 14295 rss: 345Mb L: 17/899 MS: 1 EraseBytes-
#71492	NEW    cov: 1670 ft: 5769 corp: 730/317Kb lim: 899 exec/s: 14298 rss: 345Mb L: 897/899 MS: 5 ChangeBit-CrossOver-InsertByte-ChangeByte-CrossOver-
#71663	REDUCE cov: 1670 ft: 5769 corp: 730/317Kb lim: 899 exec/s: 14332 rss: 346Mb L: 230/899 MS: 1 EraseBytes-
#71794	REDUCE cov: 1670 ft: 5769 corp: 730/317Kb lim: 899 exec/s: 14358 rss: 346Mb L: 155/899 MS: 1 EraseBytes-
#71797	REDUCE cov: 1670 ft: 5769 corp: 730/317Kb lim: 899 exec/s: 14359 rss: 346Mb L: 425/899 MS: 3 ChangeBit-PersAutoDict-CrossOver- DE: "\377\377\377\377\377\377\377\002"-
#71839	NEW    cov: 1670 ft: 5771 corp: 731/318Kb lim: 899 exec/s: 14367 rss: 347Mb L: 813/899 MS: 2 ChangeBinInt-CopyPart-
#71881	REDUCE cov: 1670 ft: 5771 corp: 731/318Kb lim: 899 exec/s: 14376 rss: 347Mb L: 13/899 MS: 2 CopyPart-EraseBytes-
#71912	REDUCE cov: 1670 ft: 5772 corp: 732/319Kb lim: 899 exec/s: 14382 rss: 347Mb L: 862/899 MS: 1 CopyPart-
#71938	REDUCE cov: 1670 ft: 5772 corp: 732/319Kb lim: 899 exec/s: 14387 rss: 347Mb L: 71/899 MS: 1 EraseBytes-
#72019	NEW    cov: 1670 ft: 5774 corp: 733/320Kb lim: 899 exec/s: 14403 rss: 347Mb L: 731/899 MS: 1 CopyPart-
#72135	REDUCE cov: 1670 ft: 5774 corp: 733/320Kb lim: 899 exec/s: 14427 rss: 348Mb L: 339/899 MS: 1 EraseBytes-
#72185	REDUCE cov: 1670 ft: 5774 corp: 733/319Kb lim: 899 exec/s: 14437 rss: 348Mb L: 595/899 MS: 5 CopyPart-ShuffleBytes-ChangeByte-CopyPart-EraseBytes-
#72211	REDUCE cov: 1670 ft: 5774 corp: 733/319Kb lim: 899 exec/s: 14442 rss: 348Mb L: 269/899 MS: 1 EraseBytes-
#72362	REDUCE cov: 1670 ft: 5774 corp: 733/319Kb lim: 899 exec/s: 14472 rss: 348Mb L: 7/899 MS: 1 EraseBytes-
#72385	REDUCE cov: 1670 ft: 5774 corp: 733/319Kb lim: 899 exec/s: 14477 rss: 348Mb L: 115/899 MS: 3 ChangeByte-CrossOver-EraseBytes-
#72399	REDUCE cov: 1670 ft: 5774 corp: 733/319Kb lim: 899 exec/s: 14479 rss: 348Mb L: 814/899 MS: 4 ChangeBinInt-ChangeBit-InsertByte-EraseBytes-
#72530	NEW    cov: 1670 ft: 5789 corp: 734/320Kb lim: 899 exec/s: 14506 rss: 349Mb L: 398/899 MS: 1 ChangeByte-
#72661	NEW    cov: 1670 ft: 5790 corp: 735/320Kb lim: 899 exec/s: 14532 rss: 349Mb L: 814/899 MS: 1 EraseBytes-
#72712	REDUCE cov: 1670 ft: 5790 corp: 735/320Kb lim: 899 exec/s: 14542 rss: 350Mb L: 297/899 MS: 1 EraseBytes-
#72814	REDUCE cov: 1670 ft: 5790 corp: 735/320Kb lim: 899 exec/s: 14562 rss: 350Mb L: 72/899 MS: 2 CMP-EraseBytes- DE: "\000\000\000\000\000\000\000X"-
#72985	REDUCE cov: 1670 ft: 5790 corp: 735/320Kb lim: 899 exec/s: 14597 rss: 350Mb L: 65/899 MS: 1 EraseBytes-
#73136	REDUCE cov: 1670 ft: 5790 corp: 735/320Kb lim: 899 exec/s: 14627 rss: 351Mb L: 241/899 MS: 1 EraseBytes-
#73179	REDUCE cov: 1670 ft: 5791 corp: 736/320Kb lim: 899 exec/s: 14635 rss: 351Mb L: 244/899 MS: 3 ChangeByte-InsertRepeatedBytes-CopyPart-
#73200	REDUCE cov: 1670 ft: 5791 corp: 736/320Kb lim: 899 exec/s: 14640 rss: 351Mb L: 49/899 MS: 1 EraseBytes-
#73347	REDUCE cov: 1670 ft: 5791 corp: 736/320Kb lim: 899 exec/s: 14669 rss: 352Mb L: 227/899 MS: 2 ChangeASCIIInt-EraseBytes-
#73348	REDUCE cov: 1670 ft: 5791 corp: 736/320Kb lim: 899 exec/s: 14669 rss: 352Mb L: 320/899 MS: 1 EraseBytes-
#73419	REDUCE cov: 1670 ft: 5791 corp: 736/320Kb lim: 899 exec/s: 14683 rss: 352Mb L: 881/899 MS: 1 EraseBytes-
#73547	NEW    cov: 1670 ft: 5810 corp: 737/321Kb lim: 899 exec/s: 14709 rss: 352Mb L: 881/899 MS: 3 CrossOver-CopyPart-CopyPart-
#73559	REDUCE cov: 1670 ft: 5810 corp: 737/321Kb lim: 899 exec/s: 14711 rss: 352Mb L: 321/899 MS: 2 ShuffleBytes-EraseBytes-
#73666	REDUCE cov: 1670 ft: 5810 corp: 737/321Kb lim: 899 exec/s: 14733 rss: 353Mb L: 245/899 MS: 2 ChangeBinInt-EraseBytes-
#73853	REDUCE cov: 1670 ft: 5810 corp: 737/321Kb lim: 899 exec/s: 14770 rss: 353Mb L: 5/899 MS: 2 InsertByte-EraseBytes-
#73954	REDUCE cov: 1670 ft: 5810 corp: 737/321Kb lim: 899 exec/s: 14790 rss: 354Mb L: 268/899 MS: 1 EraseBytes-
#73973	REDUCE cov: 1670 ft: 5810 corp: 737/321Kb lim: 899 exec/s: 14794 rss: 354Mb L: 780/899 MS: 4 ChangeBinInt-ShuffleBytes-ShuffleBytes-EraseBytes-
#74012	NEW    cov: 1670 ft: 5811 corp: 738/322Kb lim: 899 exec/s: 14802 rss: 354Mb L: 722/899 MS: 4 InsertByte-ShuffleBytes-PersAutoDict-CrossOver- DE: "\002\000\000\000\000\000\000\000"-
#74164	REDUCE cov: 1670 ft: 5811 corp: 738/321Kb lim: 899 exec/s: 14832 rss: 355Mb L: 411/899 MS: 2 InsertByte-EraseBytes-
#74189	REDUCE cov: 1670 ft: 5813 corp: 739/322Kb lim: 899 exec/s: 14837 rss: 355Mb L: 390/899 MS: 5 ShuffleBytes-InsertByte-ChangeByte-InsertRepeatedBytes-EraseBytes-
#74271	REDUCE cov: 1670 ft: 5813 corp: 739/322Kb lim: 899 exec/s: 14854 rss: 355Mb L: 273/899 MS: 2 EraseBytes-PersAutoDict- DE: "0.\000\000"-
#74298	REDUCE cov: 1670 ft: 5813 corp: 739/322Kb lim: 899 exec/s: 14859 rss: 355Mb L: 411/899 MS: 2 ChangeASCIIInt-EraseBytes-
#74400	REDUCE cov: 1670 ft: 5813 corp: 739/322Kb lim: 899 exec/s: 14880 rss: 356Mb L: 386/899 MS: 2 ChangeASCIIInt-EraseBytes-
#74408	REDUCE cov: 1670 ft: 5814 corp: 740/322Kb lim: 899 exec/s: 14881 rss: 356Mb L: 312/899 MS: 3 ChangeASCIIInt-EraseBytes-InsertRepeatedBytes-
#74471	REDUCE cov: 1670 ft: 5814 corp: 740/322Kb lim: 899 exec/s: 14894 rss: 356Mb L: 80/899 MS: 3 PersAutoDict-ChangeBit-EraseBytes- DE: "G\004\000\000"-
#74578	REDUCE cov: 1670 ft: 5814 corp: 740/322Kb lim: 899 exec/s: 14915 rss: 357Mb L: 582/899 MS: 2 ChangeASCIIInt-EraseBytes-
#74769	REDUCE cov: 1670 ft: 5814 corp: 740/322Kb lim: 899 exec/s: 14953 rss: 357Mb L: 253/899 MS: 1 EraseBytes-
#74906	REDUCE cov: 1670 ft: 5814 corp: 740/322Kb lim: 899 exec/s: 14981 rss: 358Mb L: 601/899 MS: 2 ChangeBinInt-EraseBytes-
#74917	REDUCE cov: 1670 ft: 5814 corp: 740/322Kb lim: 899 exec/s: 14983 rss: 358Mb L: 335/899 MS: 1 EraseBytes-
#75148	NEW    cov: 1670 ft: 5816 corp: 741/322Kb lim: 899 exec/s: 15029 rss: 358Mb L: 462/899 MS: 1 CMP- DE: "\376\377\377\375"-
#75164	NEW    cov: 1670 ft: 5817 corp: 742/322Kb lim: 899 exec/s: 15032 rss: 359Mb L: 254/899 MS: 1 ChangeBit-
#75283	REDUCE cov: 1670 ft: 5817 corp: 742/322Kb lim: 899 exec/s: 15056 rss: 359Mb L: 522/899 MS: 4 PersAutoDict-ChangeByte-InsertRepeatedBytes-EraseBytes- DE: "\001\000\000@"-
#75469	NEW    cov: 1670 ft: 5819 corp: 743/323Kb lim: 899 exec/s: 15093 rss: 360Mb L: 372/899 MS: 1 InsertRepeatedBytes-
#75490	REDUCE cov: 1670 ft: 5819 corp: 743/323Kb lim: 899 exec/s: 15098 rss: 360Mb L: 141/899 MS: 1 EraseBytes-
#75497	REDUCE cov: 1670 ft: 5819 corp: 743/323Kb lim: 899 exec/s: 15099 rss: 360Mb L: 399/899 MS: 2 InsertByte-EraseBytes-
#75528	REDUCE cov: 1670 ft: 5819 corp: 743/323Kb lim: 899 exec/s: 15105 rss: 360Mb L: 199/899 MS: 1 EraseBytes-
#75540	REDUCE cov: 1670 ft: 5819 corp: 743/323Kb lim: 899 exec/s: 15108 rss: 360Mb L: 639/899 MS: 2 ShuffleBytes-EraseBytes-
#75566	REDUCE cov: 1670 ft: 5819 corp: 743/322Kb lim: 899 exec/s: 15113 rss: 360Mb L: 274/899 MS: 1 EraseBytes-
#75572	REDUCE cov: 1670 ft: 5819 corp: 743/322Kb lim: 899 exec/s: 15114 rss: 360Mb L: 214/899 MS: 1 EraseBytes-
#75681	REDUCE cov: 1670 ft: 5819 corp: 743/322Kb lim: 899 exec/s: 15136 rss: 361Mb L: 767/899 MS: 4 InsertRepeatedBytes-ChangeByte-ShuffleBytes-EraseBytes-
#75742	REDUCE cov: 1670 ft: 5819 corp: 743/322Kb lim: 899 exec/s: 15148 rss: 361Mb L: 100/899 MS: 1 EraseBytes-
#75868	REDUCE cov: 1670 ft: 5819 corp: 743/322Kb lim: 899 exec/s: 15173 rss: 362Mb L: 520/899 MS: 1 EraseBytes-
#75925	REDUCE cov: 1670 ft: 5819 corp: 743/322Kb lim: 899 exec/s: 15185 rss: 362Mb L: 251/899 MS: 2 ChangeBinInt-EraseBytes-
#75973	REDUCE cov: 1670 ft: 5819 corp: 743/322Kb lim: 899 exec/s: 15194 rss: 362Mb L: 223/899 MS: 3 ChangeByte-ChangeByte-EraseBytes-
#76249	REDUCE cov: 1670 ft: 5819 corp: 743/322Kb lim: 899 exec/s: 15249 rss: 363Mb L: 48/899 MS: 1 EraseBytes-
#76406	REDUCE cov: 1670 ft: 5819 corp: 743/322Kb lim: 899 exec/s: 15281 rss: 363Mb L: 142/899 MS: 2 PersAutoDict-EraseBytes- DE: "\001\000\000\000\000\000\000\015"-
#76407	REDUCE cov: 1670 ft: 5819 corp: 743/322Kb lim: 899 exec/s: 15281 rss: 363Mb L: 564/899 MS: 1 EraseBytes-
#76728	REDUCE cov: 1670 ft: 5819 corp: 743/322Kb lim: 899 exec/s: 15345 rss: 364Mb L: 562/899 MS: 1 EraseBytes-
#76809	REDUCE cov: 1670 ft: 5819 corp: 743/322Kb lim: 899 exec/s: 15361 rss: 365Mb L: 256/899 MS: 1 EraseBytes-
#76946	REDUCE cov: 1670 ft: 5819 corp: 743/322Kb lim: 899 exec/s: 15389 rss: 365Mb L: 275/899 MS: 2 ChangeBit-EraseBytes-
#77037	REDUCE cov: 1670 ft: 5819 corp: 743/322Kb lim: 899 exec/s: 15407 rss: 365Mb L: 510/899 MS: 1 EraseBytes-
#77169	NEW    cov: 1674 ft: 5823 corp: 744/322Kb lim: 899 exec/s: 15433 rss: 366Mb L: 697/899 MS: 2 ChangeBit-CopyPart-
#77238	REDUCE cov: 1674 ft: 5823 corp: 744/322Kb lim: 899 exec/s: 15447 rss: 366Mb L: 417/899 MS: 4 CrossOver-CrossOver-CMP-EraseBytes- DE: "\377\377\001b"-
#77705	REDUCE cov: 1674 ft: 5823 corp: 744/322Kb lim: 899 exec/s: 15541 rss: 368Mb L: 427/899 MS: 2 CrossOver-EraseBytes-
#77987	NEW    cov: 1674 ft: 5837 corp: 745/323Kb lim: 899 exec/s: 15597 rss: 369Mb L: 533/899 MS: 2 PersAutoDict-InsertRepeatedBytes- DE: "\000\000\003\034"-
#78143	REDUCE cov: 1674 ft: 5837 corp: 745/323Kb lim: 899 exec/s: 15628 rss: 369Mb L: 227/899 MS: 1 EraseBytes-
#78215	REDUCE cov: 1674 ft: 5837 corp: 745/323Kb lim: 899 exec/s: 15643 rss: 369Mb L: 625/899 MS: 2 ChangeBit-EraseBytes-
#78276	REDUCE cov: 1674 ft: 5837 corp: 745/323Kb lim: 899 exec/s: 15655 rss: 370Mb L: 345/899 MS: 1 EraseBytes-
#78310	REDUCE cov: 1674 ft: 5837 corp: 745/323Kb lim: 899 exec/s: 15662 rss: 370Mb L: 156/899 MS: 4 ChangeBit-ChangeByte-ChangeBinInt-CrossOver-
#78370	NEW    cov: 1674 ft: 5839 corp: 746/324Kb lim: 899 exec/s: 15674 rss: 370Mb L: 847/899 MS: 5 InsertByte-InsertByte-InsertByte-ShuffleBytes-CrossOver-
#78416	NEW    cov: 1674 ft: 5840 corp: 747/324Kb lim: 899 exec/s: 15683 rss: 370Mb L: 404/899 MS: 1 CrossOver-
#78420	REDUCE cov: 1674 ft: 5841 corp: 748/325Kb lim: 899 exec/s: 15684 rss: 370Mb L: 850/899 MS: 4 InsertRepeatedBytes-ShuffleBytes-CrossOver-InsertByte-
#78487	REDUCE cov: 1674 ft: 5842 corp: 749/326Kb lim: 899 exec/s: 15697 rss: 370Mb L: 853/899 MS: 2 CopyPart-CopyPart-
#78715	REDUCE cov: 1674 ft: 5842 corp: 749/326Kb lim: 899 exec/s: 15743 rss: 371Mb L: 447/899 MS: 3 ChangeByte-PersAutoDict-EraseBytes- DE: "\001\000\000\000\000\000\000\000"-
#78724	REDUCE cov: 1674 ft: 5842 corp: 749/326Kb lim: 899 exec/s: 15744 rss: 371Mb L: 556/899 MS: 4 ChangeBit-ChangeBinInt-ChangeBit-EraseBytes-
#78732	NEW    cov: 1674 ft: 5850 corp: 750/326Kb lim: 899 exec/s: 15746 rss: 371Mb L: 643/899 MS: 3 PersAutoDict-EraseBytes-InsertRepeatedBytes- DE: "\017\000"-
#78859	REDUCE cov: 1674 ft: 5850 corp: 750/326Kb lim: 899 exec/s: 15771 rss: 372Mb L: 26/899 MS: 2 InsertByte-EraseBytes-
#78900	NEW    cov: 1674 ft: 5852 corp: 751/326Kb lim: 899 exec/s: 15780 rss: 372Mb L: 218/899 MS: 1 ChangeBit-
#78953	REDUCE cov: 1674 ft: 5852 corp: 751/326Kb lim: 899 exec/s: 15790 rss: 372Mb L: 228/899 MS: 3 ChangeASCIIInt-InsertByte-EraseBytes-
#79164	REDUCE cov: 1674 ft: 5852 corp: 751/326Kb lim: 899 exec/s: 15832 rss: 373Mb L: 356/899 MS: 1 CrossOver-
#79295	REDUCE cov: 1674 ft: 5852 corp: 751/326Kb lim: 899 exec/s: 15859 rss: 373Mb L: 106/899 MS: 1 EraseBytes-
#79397	REDUCE cov: 1674 ft: 5852 corp: 751/326Kb lim: 899 exec/s: 15879 rss: 373Mb L: 442/899 MS: 2 ChangeBit-EraseBytes-
#79423	NEW    cov: 1674 ft: 5853 corp: 752/327Kb lim: 899 exec/s: 15884 rss: 374Mb L: 847/899 MS: 1 InsertByte-
#79452	REDUCE cov: 1674 ft: 5853 corp: 752/327Kb lim: 899 exec/s: 15890 rss: 374Mb L: 541/899 MS: 4 ShuffleBytes-InsertByte-ChangeBit-EraseBytes-
#79640	REDUCE cov: 1674 ft: 5853 corp: 752/327Kb lim: 899 exec/s: 15928 rss: 374Mb L: 288/899 MS: 3 ChangeBit-ShuffleBytes-EraseBytes-
#79792	REDUCE cov: 1674 ft: 5853 corp: 752/327Kb lim: 899 exec/s: 15958 rss: 375Mb L: 762/899 MS: 2 ChangeBinInt-EraseBytes-
#79818	NEW    cov: 1680 ft: 5859 corp: 753/327Kb lim: 899 exec/s: 15963 rss: 375Mb L: 658/899 MS: 1 CopyPart-
#79849	REDUCE cov: 1680 ft: 5859 corp: 753/327Kb lim: 899 exec/s: 15969 rss: 375Mb L: 540/899 MS: 1 EraseBytes-
#79851	REDUCE cov: 1680 ft: 5859 corp: 753/327Kb lim: 899 exec/s: 15970 rss: 375Mb L: 91/899 MS: 2 PersAutoDict-EraseBytes- DE: "\0043333333"-
#79867	REDUCE cov: 1680 ft: 5859 corp: 753/327Kb lim: 899 exec/s: 15973 rss: 375Mb L: 37/899 MS: 1 EraseBytes-
#79872	REDUCE cov: 1680 ft: 5859 corp: 753/327Kb lim: 899 exec/s: 15974 rss: 375Mb L: 240/899 MS: 5 ChangeASCIIInt-ChangeBit-ChangeBit-CrossOver-EraseBytes-
#79928	REDUCE cov: 1680 ft: 5859 corp: 753/327Kb lim: 899 exec/s: 15985 rss: 375Mb L: 502/899 MS: 1 EraseBytes-
#80074	REDUCE cov: 1680 ft: 5859 corp: 753/327Kb lim: 899 exec/s: 16014 rss: 376Mb L: 233/899 MS: 1 EraseBytes-
#80285	REDUCE cov: 1680 ft: 5859 corp: 753/327Kb lim: 899 exec/s: 16057 rss: 376Mb L: 729/899 MS: 1 EraseBytes-
#80296	REDUCE cov: 1680 ft: 5870 corp: 754/327Kb lim: 899 exec/s: 16059 rss: 377Mb L: 232/899 MS: 1 ChangeBinInt-
#80307	REDUCE cov: 1680 ft: 5870 corp: 754/327Kb lim: 899 exec/s: 16061 rss: 377Mb L: 628/899 MS: 1 CrossOver-
#80455	NEW    cov: 1680 ft: 5871 corp: 755/328Kb lim: 899 exec/s: 16091 rss: 377Mb L: 803/899 MS: 3 InsertRepeatedBytes-ChangeByte-InsertRepeatedBytes-
#80507	NEW    cov: 1680 ft: 5872 corp: 756/329Kb lim: 899 exec/s: 16101 rss: 377Mb L: 776/899 MS: 2 ChangeByte-CopyPart-
#80563	REDUCE cov: 1680 ft: 5872 corp: 756/328Kb lim: 899 exec/s: 16112 rss: 378Mb L: 672/899 MS: 1 EraseBytes-
#80709	REDUCE cov: 1680 ft: 5872 corp: 756/328Kb lim: 899 exec/s: 16141 rss: 378Mb L: 535/899 MS: 1 EraseBytes-
#80752	REDUCE cov: 1680 ft: 5872 corp: 756/328Kb lim: 899 exec/s: 16150 rss: 378Mb L: 161/899 MS: 3 ShuffleBytes-InsertByte-EraseBytes-
#80813	REDUCE cov: 1680 ft: 5872 corp: 756/328Kb lim: 899 exec/s: 16162 rss: 378Mb L: 468/899 MS: 1 EraseBytes-
#80913	REDUCE cov: 1680 ft: 5872 corp: 756/328Kb lim: 899 exec/s: 16182 rss: 379Mb L: 195/899 MS: 5 InsertByte-InsertByte-InsertByte-ChangeByte-EraseBytes-
#81060	REDUCE cov: 1680 ft: 5872 corp: 756/328Kb lim: 899 exec/s: 16212 rss: 379Mb L: 85/899 MS: 2 ChangeBit-EraseBytes-
#81137	REDUCE cov: 1680 ft: 5872 corp: 756/328Kb lim: 899 exec/s: 16227 rss: 380Mb L: 515/899 MS: 2 ChangeByte-EraseBytes-
#81169	REDUCE cov: 1680 ft: 5872 corp: 756/328Kb lim: 899 exec/s: 16233 rss: 380Mb L: 642/899 MS: 2 ChangeBit-EraseBytes-
#81205	REDUCE cov: 1680 ft: 5872 corp: 756/328Kb lim: 899 exec/s: 16241 rss: 380Mb L: 673/899 MS: 1 EraseBytes-
#81291	REDUCE cov: 1680 ft: 5872 corp: 756/328Kb lim: 899 exec/s: 16258 rss: 380Mb L: 52/899 MS: 1 EraseBytes-
#81382	REDUCE cov: 1680 ft: 5872 corp: 756/328Kb lim: 899 exec/s: 16276 rss: 381Mb L: 300/899 MS: 1 EraseBytes-
#81395	NEW    cov: 1680 ft: 5873 corp: 757/328Kb lim: 899 exec/s: 16279 rss: 381Mb L: 526/899 MS: 3 ChangeBit-ShuffleBytes-EraseBytes-
#81396	REDUCE cov: 1680 ft: 5875 corp: 758/329Kb lim: 899 exec/s: 16279 rss: 381Mb L: 886/899 MS: 1 CrossOver-
#81763	NEW    cov: 1680 ft: 5878 corp: 759/330Kb lim: 899 exec/s: 16352 rss: 382Mb L: 273/899 MS: 2 ChangeASCIIInt-ChangeBinInt-
#81875	REDUCE cov: 1680 ft: 5878 corp: 759/329Kb lim: 899 exec/s: 16375 rss: 382Mb L: 888/899 MS: 2 ChangeASCIIInt-EraseBytes-
#81878	REDUCE cov: 1680 ft: 5878 corp: 759/329Kb lim: 899 exec/s: 16375 rss: 382Mb L: 146/899 MS: 3 ShuffleBytes-ChangeBit-EraseBytes-
#81914	REDUCE cov: 1680 ft: 5878 corp: 759/329Kb lim: 899 exec/s: 16382 rss: 383Mb L: 696/899 MS: 1 EraseBytes-
#81997	REDUCE cov: 1680 ft: 5879 corp: 760/330Kb lim: 899 exec/s: 16399 rss: 383Mb L: 285/899 MS: 3 CopyPart-InsertByte-ChangeBit-
#81999	REDUCE cov: 1680 ft: 5879 corp: 760/330Kb lim: 899 exec/s: 16399 rss: 383Mb L: 679/899 MS: 2 ChangeBit-EraseBytes-
#82030	REDUCE cov: 1680 ft: 5879 corp: 760/330Kb lim: 899 exec/s: 16406 rss: 383Mb L: 107/899 MS: 1 EraseBytes-
#82033	REDUCE cov: 1680 ft: 5879 corp: 760/329Kb lim: 899 exec/s: 16406 rss: 383Mb L: 340/899 MS: 3 ShuffleBytes-PersAutoDict-EraseBytes- DE: "\021\002"-
#82064	REDUCE cov: 1680 ft: 5879 corp: 760/329Kb lim: 899 exec/s: 16412 rss: 383Mb L: 295/899 MS: 1 EraseBytes-
#82181	REDUCE cov: 1680 ft: 5879 corp: 760/329Kb lim: 899 exec/s: 16436 rss: 384Mb L: 50/899 MS: 2 ShuffleBytes-EraseBytes-
#82426	REDUCE cov: 1680 ft: 5879 corp: 760/329Kb lim: 899 exec/s: 16485 rss: 384Mb L: 885/899 MS: 5 ChangeASCIIInt-ChangeASCIIInt-ChangeASCIIInt-ChangeByte-EraseBytes-
#82487	REDUCE cov: 1680 ft: 5879 corp: 760/329Kb lim: 899 exec/s: 16497 rss: 385Mb L: 707/899 MS: 1 EraseBytes-
#82488	REDUCE cov: 1680 ft: 5879 corp: 760/329Kb lim: 899 exec/s: 16497 rss: 385Mb L: 13/899 MS: 1 EraseBytes-
#82569	REDUCE cov: 1680 ft: 5879 corp: 760/329Kb lim: 899 exec/s: 16513 rss: 385Mb L: 15/899 MS: 1 EraseBytes-
#82636	REDUCE cov: 1680 ft: 5880 corp: 761/330Kb lim: 899 exec/s: 16527 rss: 386Mb L: 451/899 MS: 2 ChangeByte-InsertRepeatedBytes-
#82707	REDUCE cov: 1680 ft: 5880 corp: 761/330Kb lim: 899 exec/s: 16541 rss: 386Mb L: 514/899 MS: 1 EraseBytes-
#82978	REDUCE cov: 1680 ft: 5880 corp: 761/330Kb lim: 899 exec/s: 16595 rss: 386Mb L: 557/899 MS: 1 EraseBytes-
#83156	REDUCE cov: 1680 ft: 5880 corp: 761/329Kb lim: 899 exec/s: 16631 rss: 387Mb L: 501/899 MS: 3 CMP-ChangeBit-EraseBytes- DE: "\012\000\000\000\000\000\000\000"-
#83218	REDUCE cov: 1680 ft: 5880 corp: 761/329Kb lim: 899 exec/s: 16643 rss: 387Mb L: 708/899 MS: 2 CrossOver-CrossOver-
#83235	REDUCE cov: 1680 ft: 5880 corp: 761/329Kb lim: 899 exec/s: 16647 rss: 388Mb L: 220/899 MS: 2 CopyPart-EraseBytes-
#83298	REDUCE cov: 1680 ft: 5880 corp: 761/329Kb lim: 899 exec/s: 16659 rss: 388Mb L: 180/899 MS: 3 CopyPart-PersAutoDict-EraseBytes- DE: "G\004\000\000"-
#83326	REDUCE cov: 1680 ft: 5880 corp: 761/329Kb lim: 899 exec/s: 16665 rss: 388Mb L: 528/899 MS: 3 ChangeASCIIInt-EraseBytes-CrossOver-
#83337	REDUCE cov: 1680 ft: 5880 corp: 761/329Kb lim: 899 exec/s: 16667 rss: 388Mb L: 72/899 MS: 1 EraseBytes-
#83393	REDUCE cov: 1680 ft: 5880 corp: 761/329Kb lim: 899 exec/s: 16678 rss: 388Mb L: 725/899 MS: 1 EraseBytes-
#83444	NEW    cov: 1680 ft: 5881 corp: 762/330Kb lim: 899 exec/s: 16688 rss: 388Mb L: 734/899 MS: 1 CopyPart-
#83506	REDUCE cov: 1680 ft: 5881 corp: 762/330Kb lim: 899 exec/s: 13917 rss: 389Mb L: 821/899 MS: 2 ChangeASCIIInt-EraseBytes-
#83582	REDUCE cov: 1680 ft: 5881 corp: 762/330Kb lim: 899 exec/s: 13930 rss: 389Mb L: 439/899 MS: 1 EraseBytes-
#83643	REDUCE cov: 1680 ft: 5881 corp: 762/329Kb lim: 899 exec/s: 13940 rss: 389Mb L: 546/899 MS: 1 EraseBytes-
#83859	REDUCE cov: 1680 ft: 5881 corp: 762/329Kb lim: 899 exec/s: 13976 rss: 390Mb L: 683/899 MS: 1 EraseBytes-
#83905	REDUCE cov: 1680 ft: 5881 corp: 762/329Kb lim: 899 exec/s: 13984 rss: 390Mb L: 75/899 MS: 1 EraseBytes-
#83926	REDUCE cov: 1680 ft: 5881 corp: 762/329Kb lim: 899 exec/s: 13987 rss: 390Mb L: 13/899 MS: 1 EraseBytes-
#84527	REDUCE cov: 1680 ft: 5881 corp: 762/329Kb lim: 899 exec/s: 14087 rss: 396Mb L: 19/899 MS: 1 EraseBytes-
#84588	REDUCE cov: 1680 ft: 5881 corp: 762/329Kb lim: 899 exec/s: 14098 rss: 396Mb L: 188/899 MS: 1 EraseBytes-
#84669	REDUCE cov: 1680 ft: 5881 corp: 762/329Kb lim: 899 exec/s: 14111 rss: 396Mb L: 290/899 MS: 1 EraseBytes-
#84691	REDUCE cov: 1680 ft: 5881 corp: 762/329Kb lim: 899 exec/s: 14115 rss: 396Mb L: 214/899 MS: 2 ChangeByte-EraseBytes-
#84718	REDUCE cov: 1680 ft: 5881 corp: 762/329Kb lim: 899 exec/s: 14119 rss: 397Mb L: 309/899 MS: 2 CopyPart-EraseBytes-
#84926	REDUCE cov: 1680 ft: 5883 corp: 763/329Kb lim: 899 exec/s: 14154 rss: 398Mb L: 123/899 MS: 3 CopyPart-InsertByte-EraseBytes-
#85022	REDUCE cov: 1680 ft: 5883 corp: 763/329Kb lim: 899 exec/s: 14170 rss: 398Mb L: 270/899 MS: 1 EraseBytes-
#85049	REDUCE cov: 1680 ft: 5883 corp: 763/329Kb lim: 899 exec/s: 14174 rss: 398Mb L: 59/899 MS: 2 CrossOver-EraseBytes-
#85330	REDUCE cov: 1680 ft: 5883 corp: 763/329Kb lim: 899 exec/s: 14221 rss: 399Mb L: 393/899 MS: 1 EraseBytes-
#85332	REDUCE cov: 1680 ft: 5883 corp: 763/329Kb lim: 899 exec/s: 14222 rss: 399Mb L: 342/899 MS: 2 CopyPart-EraseBytes-
#85409	REDUCE cov: 1680 ft: 5883 corp: 763/329Kb lim: 899 exec/s: 14234 rss: 399Mb L: 68/899 MS: 2 CMP-EraseBytes- DE: "\000\000\000\000\000\000\001\025"-
#85420	REDUCE cov: 1680 ft: 5883 corp: 763/329Kb lim: 899 exec/s: 14236 rss: 399Mb L: 3/899 MS: 1 EraseBytes-
#85499	REDUCE cov: 1680 ft: 5883 corp: 763/329Kb lim: 899 exec/s: 14249 rss: 400Mb L: 157/899 MS: 4 PersAutoDict-ChangeBit-PersAutoDict-EraseBytes- DE: "\001\000\000\012"-"\001\000\000\000\000\000\000\000"-
#85630	REDUCE cov: 1680 ft: 5884 corp: 764/330Kb lim: 899 exec/s: 14271 rss: 400Mb L: 524/899 MS: 1 CrossOver-
#85761	REDUCE cov: 1680 ft: 5884 corp: 764/330Kb lim: 899 exec/s: 14293 rss: 401Mb L: 63/899 MS: 1 EraseBytes-
#85827	REDUCE cov: 1680 ft: 5884 corp: 764/329Kb lim: 899 exec/s: 14304 rss: 401Mb L: 615/899 MS: 1 EraseBytes-
#85863	REDUCE cov: 1680 ft: 5884 corp: 764/329Kb lim: 899 exec/s: 14310 rss: 401Mb L: 328/899 MS: 1 EraseBytes-
#85984	REDUCE cov: 1680 ft: 5884 corp: 764/329Kb lim: 899 exec/s: 14330 rss: 401Mb L: 312/899 MS: 1 EraseBytes-
#86056	REDUCE cov: 1680 ft: 5884 corp: 764/329Kb lim: 899 exec/s: 14342 rss: 402Mb L: 527/899 MS: 2 CrossOver-EraseBytes-
#86192	REDUCE cov: 1680 ft: 5884 corp: 764/329Kb lim: 899 exec/s: 14365 rss: 402Mb L: 102/899 MS: 1 EraseBytes-
#86416	REDUCE cov: 1680 ft: 5884 corp: 764/329Kb lim: 899 exec/s: 14402 rss: 403Mb L: 425/899 MS: 4 ChangeBit-ChangeByte-ChangeBinInt-EraseBytes-
#86442	NEW    cov: 1680 ft: 5885 corp: 765/329Kb lim: 899 exec/s: 14407 rss: 403Mb L: 223/899 MS: 1 EraseBytes-
#86488	REDUCE cov: 1680 ft: 5885 corp: 765/329Kb lim: 899 exec/s: 14414 rss: 404Mb L: 25/899 MS: 1 EraseBytes-
#86589	NEW    cov: 1680 ft: 5886 corp: 766/330Kb lim: 899 exec/s: 14431 rss: 404Mb L: 886/899 MS: 1 EraseBytes-
#86646	NEW    cov: 1680 ft: 5888 corp: 767/331Kb lim: 899 exec/s: 14441 rss: 404Mb L: 874/899 MS: 2 CrossOver-CopyPart-
#86692	REDUCE cov: 1680 ft: 5888 corp: 767/331Kb lim: 899 exec/s: 14448 rss: 404Mb L: 246/899 MS: 1 EraseBytes-
#86749	REDUCE cov: 1680 ft: 5888 corp: 767/331Kb lim: 899 exec/s: 14458 rss: 405Mb L: 646/899 MS: 2 ShuffleBytes-EraseBytes-
#86772	REDUCE cov: 1680 ft: 5888 corp: 767/331Kb lim: 899 exec/s: 14462 rss: 405Mb L: 230/899 MS: 3 CrossOver-InsertByte-CrossOver-
#86878	REDUCE cov: 1680 ft: 5888 corp: 767/331Kb lim: 899 exec/s: 14479 rss: 405Mb L: 39/899 MS: 1 EraseBytes-
#86925	REDUCE cov: 1680 ft: 5888 corp: 767/331Kb lim: 899 exec/s: 14487 rss: 405Mb L: 242/899 MS: 2 ChangeASCIIInt-EraseBytes-
#86928	REDUCE cov: 1680 ft: 5888 corp: 767/331Kb lim: 899 exec/s: 14488 rss: 405Mb L: 79/899 MS: 3 ChangeByte-ChangeBit-EraseBytes-
#86996	REDUCE cov: 1680 ft: 5888 corp: 767/331Kb lim: 899 exec/s: 14499 rss: 406Mb L: 138/899 MS: 3 EraseBytes-ShuffleBytes-ChangeBinInt-
#87052	REDUCE cov: 1680 ft: 5888 corp: 767/331Kb lim: 899 exec/s: 14508 rss: 406Mb L: 458/899 MS: 1 EraseBytes-
#87114	REDUCE cov: 1680 ft: 5888 corp: 767/331Kb lim: 899 exec/s: 14519 rss: 406Mb L: 10/899 MS: 2 ChangeByte-EraseBytes-
#87235	REDUCE cov: 1680 ft: 5888 corp: 767/331Kb lim: 899 exec/s: 14539 rss: 407Mb L: 368/899 MS: 1 EraseBytes-
#87441	REDUCE cov: 1680 ft: 5888 corp: 767/331Kb lim: 899 exec/s: 14573 rss: 407Mb L: 731/899 MS: 1 EraseBytes-
#87624	REDUCE cov: 1680 ft: 5888 corp: 767/330Kb lim: 899 exec/s: 14604 rss: 408Mb L: 348/899 MS: 3 ChangeBit-CrossOver-EraseBytes-
#87636	REDUCE cov: 1680 ft: 5888 corp: 767/330Kb lim: 899 exec/s: 14606 rss: 408Mb L: 537/899 MS: 2 PersAutoDict-EraseBytes- DE: "\017\000"-
#87637	REDUCE cov: 1680 ft: 5888 corp: 767/330Kb lim: 899 exec/s: 14606 rss: 408Mb L: 829/899 MS: 1 EraseBytes-
#87798	REDUCE cov: 1680 ft: 5888 corp: 767/330Kb lim: 899 exec/s: 14633 rss: 408Mb L: 773/899 MS: 1 EraseBytes-
#87800	REDUCE cov: 1680 ft: 5888 corp: 767/330Kb lim: 899 exec/s: 14633 rss: 409Mb L: 610/899 MS: 2 ShuffleBytes-EraseBytes-
#87851	REDUCE cov: 1680 ft: 5888 corp: 767/330Kb lim: 899 exec/s: 14641 rss: 409Mb L: 18/899 MS: 1 EraseBytes-
#87875	REDUCE cov: 1680 ft: 5888 corp: 767/330Kb lim: 899 exec/s: 14645 rss: 409Mb L: 450/899 MS: 4 PersAutoDict-ShuffleBytes-ChangeBit-EraseBytes- DE: "\007\000\000\000\000\000\000\000"-
#88053	REDUCE cov: 1680 ft: 5888 corp: 767/330Kb lim: 899 exec/s: 14675 rss: 410Mb L: 565/899 MS: 3 ChangeASCIIInt-ChangeByte-EraseBytes-
#88209	REDUCE cov: 1680 ft: 5888 corp: 767/330Kb lim: 899 exec/s: 14701 rss: 411Mb L: 232/899 MS: 1 EraseBytes-
#88235	REDUCE cov: 1680 ft: 5888 corp: 767/330Kb lim: 899 exec/s: 14705 rss: 411Mb L: 847/899 MS: 1 EraseBytes-
#88296	NEW    cov: 1680 ft: 5889 corp: 768/331Kb lim: 899 exec/s: 14716 rss: 411Mb L: 886/899 MS: 1 ShuffleBytes-
#88358	REDUCE cov: 1680 ft: 5889 corp: 768/331Kb lim: 899 exec/s: 14726 rss: 411Mb L: 121/899 MS: 2 InsertByte-EraseBytes-
#88659	NEW    cov: 1680 ft: 5890 corp: 769/331Kb lim: 899 exec/s: 14776 rss: 412Mb L: 251/899 MS: 1 PersAutoDict- DE: "G\004\000\000"-
#88676	REDUCE cov: 1680 ft: 5890 corp: 769/331Kb lim: 899 exec/s: 14779 rss: 412Mb L: 6/899 MS: 2 ChangeByte-EraseBytes-
#88692	REDUCE cov: 1680 ft: 5890 corp: 769/331Kb lim: 899 exec/s: 14782 rss: 412Mb L: 272/899 MS: 1 EraseBytes-
#88808	REDUCE cov: 1680 ft: 5890 corp: 769/331Kb lim: 899 exec/s: 14801 rss: 413Mb L: 257/899 MS: 1 EraseBytes-
#88841	REDUCE cov: 1680 ft: 5890 corp: 769/331Kb lim: 899 exec/s: 14806 rss: 413Mb L: 571/899 MS: 3 ShuffleBytes-CopyPart-EraseBytes-
#88868	REDUCE cov: 1680 ft: 5891 corp: 770/331Kb lim: 899 exec/s: 14811 rss: 413Mb L: 241/899 MS: 2 ChangeBit-CopyPart-
#88965	NEW    cov: 1680 ft: 5892 corp: 771/332Kb lim: 899 exec/s: 14827 rss: 413Mb L: 814/899 MS: 2 ChangeBit-CopyPart-
#88966	REDUCE cov: 1680 ft: 5892 corp: 771/332Kb lim: 899 exec/s: 14827 rss: 414Mb L: 509/899 MS: 1 EraseBytes-
#89042	REDUCE cov: 1680 ft: 5892 corp: 771/332Kb lim: 899 exec/s: 14840 rss: 414Mb L: 540/899 MS: 1 EraseBytes-
#89140	REDUCE cov: 1680 ft: 5892 corp: 771/332Kb lim: 899 exec/s: 14856 rss: 414Mb L: 413/899 MS: 3 ChangeBit-ChangeBit-EraseBytes-
#89344	REDUCE cov: 1680 ft: 5892 corp: 771/332Kb lim: 899 exec/s: 14890 rss: 415Mb L: 227/899 MS: 4 ChangeByte-InsertRepeatedBytes-ChangeBit-EraseBytes-
#89345	REDUCE cov: 1680 ft: 5892 corp: 771/331Kb lim: 899 exec/s: 14890 rss: 415Mb L: 404/899 MS: 1 EraseBytes-
#89421	NEW    cov: 1682 ft: 5895 corp: 772/332Kb lim: 899 exec/s: 14903 rss: 415Mb L: 522/899 MS: 1 CopyPart-
#89604	NEW    cov: 1682 ft: 5897 corp: 773/333Kb lim: 899 exec/s: 14934 rss: 416Mb L: 850/899 MS: 3 ChangeByte-ChangeBinInt-CrossOver-
#89647	NEW    cov: 1682 ft: 5898 corp: 774/334Kb lim: 899 exec/s: 14941 rss: 416Mb L: 852/899 MS: 3 ChangeByte-InsertByte-InsertByte-
#89679	NEW    cov: 1682 ft: 5899 corp: 775/334Kb lim: 899 exec/s: 14946 rss: 416Mb L: 815/899 MS: 2 ChangeBinInt-CopyPart-
#89710	REDUCE cov: 1682 ft: 5899 corp: 775/334Kb lim: 899 exec/s: 14951 rss: 416Mb L: 133/899 MS: 1 EraseBytes-
#89736	REDUCE cov: 1682 ft: 5899 corp: 775/334Kb lim: 899 exec/s: 14956 rss: 416Mb L: 157/899 MS: 1 EraseBytes-
#89843	NEW    cov: 1682 ft: 5900 corp: 776/335Kb lim: 899 exec/s: 14973 rss: 417Mb L: 888/899 MS: 2 InsertByte-InsertByte-
#89869	REDUCE cov: 1682 ft: 5900 corp: 776/335Kb lim: 899 exec/s: 14978 rss: 417Mb L: 256/899 MS: 1 EraseBytes-
#89945	REDUCE cov: 1682 ft: 5900 corp: 776/335Kb lim: 899 exec/s: 14990 rss: 417Mb L: 729/899 MS: 1 EraseBytes-
#89951	REDUCE cov: 1682 ft: 5900 corp: 776/335Kb lim: 899 exec/s: 14991 rss: 417Mb L: 42/899 MS: 1 EraseBytes-
#89978	REDUCE cov: 1682 ft: 5900 corp: 776/335Kb lim: 899 exec/s: 14996 rss: 417Mb L: 145/899 MS: 2 ShuffleBytes-EraseBytes-
#89987	REDUCE cov: 1682 ft: 5900 corp: 776/335Kb lim: 899 exec/s: 14997 rss: 418Mb L: 503/899 MS: 4 InsertRepeatedBytes-InsertByte-ChangeBit-EraseBytes-
#90076	REDUCE cov: 1682 ft: 5904 corp: 777/336Kb lim: 899 exec/s: 15012 rss: 418Mb L: 674/899 MS: 4 ShuffleBytes-CrossOver-InsertByte-CrossOver-
#90082	REDUCE cov: 1682 ft: 5904 corp: 777/336Kb lim: 899 exec/s: 15013 rss: 418Mb L: 779/899 MS: 1 EraseBytes-
#90374	REDUCE cov: 1682 ft: 5904 corp: 777/336Kb lim: 899 exec/s: 15062 rss: 419Mb L: 217/899 MS: 2 ChangeBit-EraseBytes-
#90616	REDUCE cov: 1682 ft: 5904 corp: 777/336Kb lim: 899 exec/s: 15102 rss: 419Mb L: 142/899 MS: 2 PersAutoDict-EraseBytes- DE: "\001\000\000@"-
#90662	REDUCE cov: 1682 ft: 5904 corp: 777/336Kb lim: 899 exec/s: 15110 rss: 420Mb L: 320/899 MS: 1 EraseBytes-
#90820	REDUCE cov: 1682 ft: 5904 corp: 777/336Kb lim: 899 exec/s: 15136 rss: 420Mb L: 399/899 MS: 3 ChangeByte-InsertByte-EraseBytes-
#90862	REDUCE cov: 1682 ft: 5904 corp: 777/336Kb lim: 899 exec/s: 15143 rss: 420Mb L: 544/899 MS: 2 InsertByte-EraseBytes-
#91095	REDUCE cov: 1682 ft: 5904 corp: 777/336Kb lim: 899 exec/s: 15182 rss: 421Mb L: 147/899 MS: 3 PersAutoDict-PersAutoDict-EraseBytes- DE: "\007\000"-"\027\000\000\000"-
#91158	NEW    cov: 1682 ft: 5906 corp: 778/336Kb lim: 899 exec/s: 15193 rss: 421Mb L: 856/899 MS: 3 ChangeBit-CopyPart-CopyPart-
#91206	REDUCE cov: 1682 ft: 5906 corp: 778/336Kb lim: 899 exec/s: 15201 rss: 421Mb L: 204/899 MS: 3 InsertRepeatedBytes-InsertRepeatedBytes-EraseBytes-
#91370	REDUCE cov: 1682 ft: 5906 corp: 778/336Kb lim: 899 exec/s: 15228 rss: 422Mb L: 292/899 MS: 4 ShuffleBytes-ChangeBinInt-InsertByte-EraseBytes-
#91542	REDUCE cov: 1683 ft: 5907 corp: 779/336Kb lim: 899 exec/s: 15257 rss: 422Mb L: 9/899 MS: 2 ShuffleBytes-EraseBytes-
#91635	REDUCE cov: 1683 ft: 5907 corp: 779/336Kb lim: 899 exec/s: 15272 rss: 423Mb L: 340/899 MS: 3 ChangeBinInt-PersAutoDict-EraseBytes- DE: "\000\000\000\016"-
#91885	REDUCE cov: 1683 ft: 5907 corp: 779/336Kb lim: 899 exec/s: 15314 rss: 424Mb L: 559/899 MS: 5 ChangeBit-CopyPart-InsertByte-ChangeASCIIInt-EraseBytes-
#91926	REDUCE cov: 1683 ft: 5907 corp: 779/336Kb lim: 899 exec/s: 15321 rss: 424Mb L: 315/899 MS: 1 EraseBytes-
#91972	REDUCE cov: 1683 ft: 5907 corp: 779/336Kb lim: 899 exec/s: 15328 rss: 424Mb L: 425/899 MS: 1 EraseBytes-
#92064	REDUCE cov: 1683 ft: 5907 corp: 779/336Kb lim: 899 exec/s: 15344 rss: 424Mb L: 289/899 MS: 2 CMP-EraseBytes- DE: "\000\011"-
#92160	REDUCE cov: 1683 ft: 5907 corp: 779/336Kb lim: 899 exec/s: 15360 rss: 425Mb L: 54/899 MS: 1 EraseBytes-
#92287	REDUCE cov: 1683 ft: 5907 corp: 779/336Kb lim: 899 exec/s: 15381 rss: 425Mb L: 212/899 MS: 2 EraseBytes-PersAutoDict- DE: "\015\000\000\000"-
#92305	REDUCE cov: 1683 ft: 5907 corp: 779/336Kb lim: 899 exec/s: 15384 rss: 425Mb L: 545/899 MS: 3 CopyPart-ChangeByte-CrossOver-
#92366	REDUCE cov: 1683 ft: 5907 corp: 779/336Kb lim: 899 exec/s: 15394 rss: 426Mb L: 375/899 MS: 1 EraseBytes-
#92835	REDUCE cov: 1683 ft: 5907 corp: 779/336Kb lim: 899 exec/s: 15472 rss: 427Mb L: 750/899 MS: 4 ChangeBinInt-ChangeBinInt-ChangeASCIIInt-EraseBytes-
#92941	REDUCE cov: 1683 ft: 5907 corp: 779/335Kb lim: 899 exec/s: 15490 rss: 427Mb L: 328/899 MS: 1 EraseBytes-
#93037	NEW    cov: 1684 ft: 5908 corp: 780/336Kb lim: 899 exec/s: 15506 rss: 428Mb L: 263/899 MS: 1 CopyPart-
#93091	REDUCE cov: 1684 ft: 5908 corp: 780/335Kb lim: 899 exec/s: 15515 rss: 428Mb L: 465/899 MS: 4 InsertByte-ChangeBit-ChangeBit-EraseBytes-
#93273	REDUCE cov: 1684 ft: 5908 corp: 780/335Kb lim: 899 exec/s: 15545 rss: 428Mb L: 839/899 MS: 2 ChangeByte-EraseBytes-
#93454	NEW    cov: 1684 ft: 5910 corp: 781/336Kb lim: 899 exec/s: 15575 rss: 429Mb L: 275/899 MS: 1 CMP- DE: "\001A"-
#93531	REDUCE cov: 1684 ft: 5910 corp: 781/336Kb lim: 899 exec/s: 15588 rss: 429Mb L: 211/899 MS: 2 ChangeByte-EraseBytes-
#93552	REDUCE cov: 1684 ft: 5910 corp: 781/336Kb lim: 899 exec/s: 15592 rss: 429Mb L: 392/899 MS: 1 EraseBytes-
#93575	REDUCE cov: 1684 ft: 5910 corp: 781/336Kb lim: 899 exec/s: 15595 rss: 429Mb L: 145/899 MS: 3 CopyPart-CrossOver-EraseBytes-
#93843	REDUCE cov: 1684 ft: 5911 corp: 782/336Kb lim: 899 exec/s: 15640 rss: 430Mb L: 890/899 MS: 3 ChangeBit-InsertRepeatedBytes-PersAutoDict- DE: "\001\000\000\000\000\000\000\015"-
#93958	NEW    cov: 1684 ft: 5912 corp: 783/337Kb lim: 899 exec/s: 15659 rss: 431Mb L: 426/899 MS: 5 ChangeBinInt-InsertRepeatedBytes-CMP-ChangeByte-CopyPart- DE: "\376\377\377\333"-
#93971	REDUCE cov: 1684 ft: 5912 corp: 783/337Kb lim: 899 exec/s: 15661 rss: 431Mb L: 571/899 MS: 3 PersAutoDict-ChangeBinInt-EraseBytes- DE: "\012\000\000\000\000\000\000\000"-
#94042	REDUCE cov: 1684 ft: 5912 corp: 783/337Kb lim: 899 exec/s: 15673 rss: 431Mb L: 339/899 MS: 1 EraseBytes-
#94253	NEW    cov: 1684 ft: 5913 corp: 784/337Kb lim: 899 exec/s: 15708 rss: 431Mb L: 397/899 MS: 1 PersAutoDict- DE: "\001\000\000@"-
#94285	REDUCE cov: 1684 ft: 5915 corp: 785/337Kb lim: 899 exec/s: 15714 rss: 431Mb L: 338/899 MS: 2 ChangeASCIIInt-CrossOver-
#94358	REDUCE cov: 1684 ft: 5915 corp: 785/337Kb lim: 899 exec/s: 15726 rss: 432Mb L: 411/899 MS: 3 ChangeBit-ShuffleBytes-EraseBytes-
#94418	REDUCE cov: 1684 ft: 5915 corp: 785/337Kb lim: 899 exec/s: 15736 rss: 432Mb L: 74/899 MS: 5 PersAutoDict-CMP-CopyPart-EraseBytes-EraseBytes- DE: "\002\000\000\000\000\000\000\000"-"\014\000"-
#94674	REDUCE cov: 1684 ft: 5915 corp: 785/337Kb lim: 899 exec/s: 15779 rss: 433Mb L: 15/899 MS: 1 EraseBytes-
#94802	REDUCE cov: 1684 ft: 5915 corp: 785/337Kb lim: 899 exec/s: 15800 rss: 434Mb L: 462/899 MS: 3 PersAutoDict-InsertByte-EraseBytes- DE: "\001\000\000\013"-
#95184	REDUCE cov: 1684 ft: 5915 corp: 785/337Kb lim: 899 exec/s: 15864 rss: 434Mb L: 748/899 MS: 2 PersAutoDict-EraseBytes- DE: "\377\377\377\377\377\377\377\007"-
#95261	NEW    cov: 1684 ft: 5916 corp: 786/338Kb lim: 899 exec/s: 15876 rss: 434Mb L: 656/899 MS: 2 ChangeASCIIInt-ChangeBit-
#95429	REDUCE cov: 1684 ft: 5916 corp: 786/338Kb lim: 899 exec/s: 15904 rss: 434Mb L: 109/899 MS: 3 ShuffleBytes-ChangeByte-EraseBytes-
#95567	NEW    cov: 1684 ft: 5917 corp: 787/338Kb lim: 899 exec/s: 15927 rss: 434Mb L: 259/899 MS: 3 ShuffleBytes-PersAutoDict-CrossOver- DE: "\000\000\000\000\000\000\000\203"-
#95579	REDUCE cov: 1684 ft: 5917 corp: 787/338Kb lim: 899 exec/s: 15929 rss: 434Mb L: 5/899 MS: 2 ChangeByte-EraseBytes-
#95720	NEW    cov: 1684 ft: 5920 corp: 788/339Kb lim: 899 exec/s: 15953 rss: 435Mb L: 859/899 MS: 1 InsertRepeatedBytes-
#96041	REDUCE cov: 1684 ft: 5921 corp: 789/339Kb lim: 899 exec/s: 16006 rss: 435Mb L: 281/899 MS: 1 CopyPart-
#96342	REDUCE cov: 1684 ft: 5921 corp: 789/339Kb lim: 899 exec/s: 16057 rss: 435Mb L: 224/899 MS: 1 EraseBytes-
#96348	REDUCE cov: 1684 ft: 5921 corp: 789/339Kb lim: 899 exec/s: 16058 rss: 435Mb L: 850/899 MS: 1 EraseBytes-
#96385	REDUCE cov: 1684 ft: 5922 corp: 790/340Kb lim: 899 exec/s: 16064 rss: 435Mb L: 895/899 MS: 2 InsertByte-CopyPart-
#96420	REDUCE cov: 1684 ft: 5922 corp: 790/340Kb lim: 899 exec/s: 16070 rss: 435Mb L: 670/899 MS: 5 CrossOver-ChangeBit-InsertByte-ShuffleBytes-EraseBytes-
#96452	REDUCE cov: 1684 ft: 5922 corp: 790/340Kb lim: 899 exec/s: 16075 rss: 435Mb L: 260/899 MS: 2 PersAutoDict-EraseBytes- DE: "\017\000"-
#96505	REDUCE cov: 1684 ft: 5922 corp: 790/340Kb lim: 899 exec/s: 16084 rss: 435Mb L: 635/899 MS: 3 ChangeASCIIInt-ChangeBit-EraseBytes-
#96523	NEW    cov: 1684 ft: 5923 corp: 791/340Kb lim: 899 exec/s: 16087 rss: 435Mb L: 373/899 MS: 3 ChangeASCIIInt-EraseBytes-CrossOver-
#96629	NEW    cov: 1684 ft: 5924 corp: 792/341Kb lim: 899 exec/s: 16104 rss: 435Mb L: 522/899 MS: 1 ChangeByte-
#96654	REDUCE cov: 1684 ft: 5924 corp: 792/341Kb lim: 899 exec/s: 16109 rss: 435Mb L: 142/899 MS: 5 ChangeBit-ChangeBit-ChangeBit-PersAutoDict-CrossOver- DE: "0.\000\000"-
#96801	REDUCE cov: 1684 ft: 5924 corp: 792/341Kb lim: 899 exec/s: 16133 rss: 435Mb L: 166/899 MS: 2 PersAutoDict-EraseBytes- DE: "\001\000\000@"-
#96838	REDUCE cov: 1684 ft: 5924 corp: 792/341Kb lim: 899 exec/s: 16139 rss: 435Mb L: 69/899 MS: 2 ChangeBit-EraseBytes-
#96910	REDUCE cov: 1684 ft: 5924 corp: 792/341Kb lim: 899 exec/s: 16151 rss: 435Mb L: 578/899 MS: 2 ShuffleBytes-EraseBytes-
#97241	REDUCE cov: 1684 ft: 5924 corp: 792/341Kb lim: 899 exec/s: 16206 rss: 435Mb L: 166/899 MS: 1 EraseBytes-
#97367	REDUCE cov: 1684 ft: 5925 corp: 793/341Kb lim: 899 exec/s: 16227 rss: 435Mb L: 102/899 MS: 1 ChangeBit-
#97402	REDUCE cov: 1684 ft: 5925 corp: 793/341Kb lim: 899 exec/s: 16233 rss: 435Mb L: 63/899 MS: 5 CMP-ChangeBit-ChangeBinInt-ChangeBinInt-EraseBytes- DE: "\000\226"-
#97453	REDUCE cov: 1684 ft: 5925 corp: 793/341Kb lim: 899 exec/s: 16242 rss: 435Mb L: 264/899 MS: 1 EraseBytes-
#97554	REDUCE cov: 1684 ft: 5925 corp: 793/341Kb lim: 899 exec/s: 16259 rss: 435Mb L: 621/899 MS: 1 EraseBytes-
#97590	REDUCE cov: 1684 ft: 5925 corp: 793/341Kb lim: 899 exec/s: 16265 rss: 435Mb L: 369/899 MS: 1 EraseBytes-
#97620	REDUCE cov: 1684 ft: 5925 corp: 793/341Kb lim: 899 exec/s: 16270 rss: 435Mb L: 694/899 MS: 5 ShuffleBytes-InsertByte-InsertByte-CrossOver-EraseBytes-
#97720	REDUCE cov: 1684 ft: 5925 corp: 793/341Kb lim: 899 exec/s: 16286 rss: 435Mb L: 152/899 MS: 5 ChangeBit-ShuffleBytes-InsertByte-ChangeBit-EraseBytes-
#97866	REDUCE cov: 1684 ft: 5925 corp: 793/341Kb lim: 899 exec/s: 16311 rss: 435Mb L: 257/899 MS: 1 EraseBytes-
#97907	REDUCE cov: 1684 ft: 5925 corp: 793/340Kb lim: 899 exec/s: 16317 rss: 435Mb L: 59/899 MS: 1 EraseBytes-
#98085	REDUCE cov: 1684 ft: 5925 corp: 793/340Kb lim: 899 exec/s: 16347 rss: 435Mb L: 125/899 MS: 3 PersAutoDict-ChangeBinInt-EraseBytes- DE: "\000\000\000\000\000\000\000\000"-
#98091	REDUCE cov: 1684 ft: 5925 corp: 793/340Kb lim: 899 exec/s: 16348 rss: 435Mb L: 856/899 MS: 1 EraseBytes-
#98127	REDUCE cov: 1684 ft: 5925 corp: 793/340Kb lim: 899 exec/s: 16354 rss: 435Mb L: 868/899 MS: 1 EraseBytes-
#98163	REDUCE cov: 1684 ft: 5925 corp: 793/340Kb lim: 899 exec/s: 16360 rss: 435Mb L: 660/899 MS: 1 EraseBytes-
#98174	REDUCE cov: 1684 ft: 5926 corp: 794/341Kb lim: 899 exec/s: 16362 rss: 435Mb L: 633/899 MS: 1 CopyPart-
#98185	REDUCE cov: 1684 ft: 5926 corp: 794/341Kb lim: 899 exec/s: 16364 rss: 435Mb L: 350/899 MS: 1 EraseBytes-
#98186	REDUCE cov: 1684 ft: 5926 corp: 794/341Kb lim: 899 exec/s: 16364 rss: 435Mb L: 310/899 MS: 1 EraseBytes-
#98237	REDUCE cov: 1684 ft: 5926 corp: 794/341Kb lim: 899 exec/s: 16372 rss: 435Mb L: 46/899 MS: 1 CrossOver-
#98323	REDUCE cov: 1684 ft: 5926 corp: 794/341Kb lim: 899 exec/s: 16387 rss: 436Mb L: 407/899 MS: 1 EraseBytes-
#98384	NEW    cov: 1684 ft: 5928 corp: 795/341Kb lim: 899 exec/s: 14054 rss: 436Mb L: 874/899 MS: 1 ShuffleBytes-
#98426	REDUCE cov: 1684 ft: 5928 corp: 795/341Kb lim: 899 exec/s: 14060 rss: 436Mb L: 331/899 MS: 2 ShuffleBytes-EraseBytes-
#98482	REDUCE cov: 1684 ft: 5936 corp: 796/341Kb lim: 899 exec/s: 14068 rss: 436Mb L: 43/899 MS: 1 CopyPart-
#98589	REDUCE cov: 1684 ft: 5936 corp: 796/341Kb lim: 899 exec/s: 14084 rss: 436Mb L: 104/899 MS: 2 CrossOver-EraseBytes-
#98916	REDUCE cov: 1684 ft: 5936 corp: 796/341Kb lim: 899 exec/s: 14130 rss: 436Mb L: 445/899 MS: 2 CopyPart-EraseBytes-
#98949	REDUCE cov: 1684 ft: 5936 corp: 796/341Kb lim: 899 exec/s: 14135 rss: 436Mb L: 42/899 MS: 3 EraseBytes-ChangeBinInt-CopyPart-
#98990	REDUCE cov: 1684 ft: 5936 corp: 796/341Kb lim: 899 exec/s: 14141 rss: 436Mb L: 624/899 MS: 1 EraseBytes-
#99171	REDUCE cov: 1684 ft: 5936 corp: 796/341Kb lim: 899 exec/s: 14167 rss: 436Mb L: 729/899 MS: 1 EraseBytes-
#99212	REDUCE cov: 1684 ft: 5936 corp: 796/341Kb lim: 899 exec/s: 14173 rss: 436Mb L: 249/899 MS: 1 EraseBytes-
#99297	REDUCE cov: 1684 ft: 5936 corp: 796/341Kb lim: 899 exec/s: 14185 rss: 436Mb L: 298/899 MS: 5 ChangeBit-ChangeASCIIInt-InsertRepeatedBytes-PersAutoDict-EraseBytes- DE: "\0043333333"-
#99304	REDUCE cov: 1684 ft: 5936 corp: 796/341Kb lim: 899 exec/s: 14186 rss: 436Mb L: 634/899 MS: 2 ChangeByte-EraseBytes-
#99345	REDUCE cov: 1684 ft: 5936 corp: 796/341Kb lim: 899 exec/s: 14192 rss: 436Mb L: 184/899 MS: 1 EraseBytes-
#99612	REDUCE cov: 1684 ft: 5936 corp: 796/341Kb lim: 899 exec/s: 14230 rss: 436Mb L: 293/899 MS: 2 PersAutoDict-EraseBytes- DE: "\007\000"-
#99673	NEW    cov: 1684 ft: 5941 corp: 797/341Kb lim: 899 exec/s: 14239 rss: 436Mb L: 533/899 MS: 1 CopyPart-
#99741	REDUCE cov: 1684 ft: 5942 corp: 798/341Kb lim: 899 exec/s: 14248 rss: 436Mb L: 59/899 MS: 3 ChangeBinInt-ShuffleBytes-ChangeBinInt-
#99829	REDUCE cov: 1684 ft: 5942 corp: 798/341Kb lim: 899 exec/s: 14261 rss: 436Mb L: 326/899 MS: 3 InsertByte-ChangeASCIIInt-EraseBytes-
#99930	REDUCE cov: 1684 ft: 5942 corp: 798/341Kb lim: 899 exec/s: 14275 rss: 436Mb L: 8/899 MS: 1 EraseBytes-
#100008	REDUCE cov: 1684 ft: 5942 corp: 798/341Kb lim: 899 exec/s: 14286 rss: 436Mb L: 143/899 MS: 3 InsertRepeatedBytes-CopyPart-EraseBytes-
#100014	REDUCE cov: 1684 ft: 5942 corp: 798/341Kb lim: 899 exec/s: 14287 rss: 436Mb L: 699/899 MS: 1 EraseBytes-
#100145	REDUCE cov: 1684 ft: 5942 corp: 798/341Kb lim: 899 exec/s: 14306 rss: 437Mb L: 138/899 MS: 1 EraseBytes-
#100154	NEW    cov: 1685 ft: 5943 corp: 799/341Kb lim: 899 exec/s: 14307 rss: 437Mb L: 236/899 MS: 4 CopyPart-CrossOver-CrossOver-ChangeByte-
#100161	REDUCE cov: 1685 ft: 5943 corp: 799/341Kb lim: 899 exec/s: 14308 rss: 437Mb L: 547/899 MS: 2 ChangeASCIIInt-EraseBytes-
#100205	NEW    cov: 1685 ft: 5944 corp: 800/342Kb lim: 899 exec/s: 14315 rss: 437Mb L: 897/899 MS: 4 InsertRepeatedBytes-ChangeBit-CrossOver-ChangeByte-
#100651	REDUCE cov: 1685 ft: 5945 corp: 801/342Kb lim: 899 exec/s: 14378 rss: 437Mb L: 159/899 MS: 1 EraseBytes-
#100683	REDUCE cov: 1685 ft: 5945 corp: 801/342Kb lim: 899 exec/s: 14383 rss: 437Mb L: 60/899 MS: 2 CopyPart-EraseBytes-
#100814	REDUCE cov: 1685 ft: 5945 corp: 801/342Kb lim: 899 exec/s: 14402 rss: 437Mb L: 138/899 MS: 1 EraseBytes-
#100866	REDUCE cov: 1685 ft: 5945 corp: 801/342Kb lim: 899 exec/s: 14409 rss: 437Mb L: 714/899 MS: 2 PersAutoDict-EraseBytes- DE: "\002V"-
#100933	REDUCE cov: 1685 ft: 5945 corp: 801/342Kb lim: 899 exec/s: 14419 rss: 437Mb L: 387/899 MS: 2 ChangeBit-EraseBytes-
#101055	REDUCE cov: 1685 ft: 5945 corp: 801/342Kb lim: 899 exec/s: 14436 rss: 437Mb L: 9/899 MS: 2 ChangeBit-EraseBytes-
#101326	REDUCE cov: 1685 ft: 5945 corp: 801/342Kb lim: 899 exec/s: 14475 rss: 437Mb L: 45/899 MS: 1 EraseBytes-
#101354	REDUCE cov: 1685 ft: 5945 corp: 801/342Kb lim: 899 exec/s: 14479 rss: 437Mb L: 536/899 MS: 3 ChangeByte-ChangeBinInt-EraseBytes-
#101380	REDUCE cov: 1685 ft: 5945 corp: 801/342Kb lim: 899 exec/s: 14482 rss: 437Mb L: 7/899 MS: 1 EraseBytes-
#101389	REDUCE cov: 1685 ft: 5945 corp: 801/342Kb lim: 899 exec/s: 14484 rss: 437Mb L: 23/899 MS: 4 CopyPart-ChangeBinInt-PersAutoDict-EraseBytes- DE: "\001\000\000\013"-
#101700	REDUCE cov: 1685 ft: 5945 corp: 801/342Kb lim: 899 exec/s: 14528 rss: 437Mb L: 411/899 MS: 1 EraseBytes-
#101786	REDUCE cov: 1685 ft: 5945 corp: 801/342Kb lim: 899 exec/s: 14540 rss: 437Mb L: 714/899 MS: 1 EraseBytes-
#101792	REDUCE cov: 1685 ft: 5945 corp: 801/342Kb lim: 899 exec/s: 14541 rss: 437Mb L: 804/899 MS: 1 EraseBytes-
#102038	REDUCE cov: 1685 ft: 5945 corp: 801/342Kb lim: 899 exec/s: 14576 rss: 438Mb L: 332/899 MS: 1 EraseBytes-
#102165	REDUCE cov: 1685 ft: 5945 corp: 801/342Kb lim: 899 exec/s: 14595 rss: 438Mb L: 113/899 MS: 2 InsertByte-EraseBytes-
#102170	NEW    cov: 1685 ft: 5951 corp: 802/343Kb lim: 899 exec/s: 14595 rss: 438Mb L: 819/899 MS: 5 CopyPart-ShuffleBytes-InsertRepeatedBytes-InsertRepeatedBytes-ChangeBinInt-
#102181	REDUCE cov: 1685 ft: 5951 corp: 802/343Kb lim: 899 exec/s: 14597 rss: 438Mb L: 456/899 MS: 1 EraseBytes-
#102250	NEW    cov: 1685 ft: 5952 corp: 803/343Kb lim: 899 exec/s: 14607 rss: 438Mb L: 650/899 MS: 4 CrossOver-CMP-ChangeBinInt-EraseBytes- DE: "\001\000\000N"-
#102286	REDUCE cov: 1685 ft: 5952 corp: 803/343Kb lim: 899 exec/s: 14612 rss: 438Mb L: 457/899 MS: 1 EraseBytes-
#102326	REDUCE cov: 1685 ft: 5952 corp: 803/343Kb lim: 899 exec/s: 14618 rss: 438Mb L: 101/899 MS: 5 ChangeByte-ChangeByte-ShuffleBytes-ShuffleBytes-EraseBytes-
#102342	NEW    cov: 1685 ft: 5953 corp: 804/344Kb lim: 899 exec/s: 14620 rss: 438Mb L: 766/899 MS: 1 EraseBytes-
#102395	REDUCE cov: 1685 ft: 5953 corp: 804/344Kb lim: 899 exec/s: 14627 rss: 438Mb L: 406/899 MS: 3 InsertByte-CMP-EraseBytes- DE: "\000\000\002V"-
#102461	REDUCE cov: 1685 ft: 5953 corp: 804/344Kb lim: 899 exec/s: 14637 rss: 438Mb L: 169/899 MS: 1 EraseBytes-
#102477	REDUCE cov: 1685 ft: 5953 corp: 804/344Kb lim: 899 exec/s: 14639 rss: 438Mb L: 13/899 MS: 1 EraseBytes-
#102486	REDUCE cov: 1685 ft: 5953 corp: 804/344Kb lim: 899 exec/s: 14640 rss: 438Mb L: 607/899 MS: 4 ChangeByte-ChangeBinInt-CrossOver-EraseBytes-
#102622	REDUCE cov: 1685 ft: 5953 corp: 804/343Kb lim: 899 exec/s: 14660 rss: 439Mb L: 630/899 MS: 1 EraseBytes-
#102640	REDUCE cov: 1685 ft: 5953 corp: 804/343Kb lim: 899 exec/s: 14662 rss: 439Mb L: 350/899 MS: 3 ShuffleBytes-PersAutoDict-EraseBytes- DE: "\017\000"-
#103121	REDUCE cov: 1685 ft: 5953 corp: 804/343Kb lim: 899 exec/s: 14731 rss: 439Mb L: 298/899 MS: 1 EraseBytes-
#103184	REDUCE cov: 1685 ft: 5956 corp: 805/344Kb lim: 899 exec/s: 14740 rss: 439Mb L: 772/899 MS: 3 CopyPart-EraseBytes-CopyPart-
#103256	REDUCE cov: 1685 ft: 5956 corp: 805/344Kb lim: 899 exec/s: 14750 rss: 439Mb L: 4/899 MS: 2 ChangeByte-EraseBytes-
#103414	REDUCE cov: 1685 ft: 5956 corp: 805/344Kb lim: 899 exec/s: 14773 rss: 440Mb L: 111/899 MS: 3 EraseBytes-ChangeBinInt-EraseBytes-
#103461	REDUCE cov: 1685 ft: 5956 corp: 805/344Kb lim: 899 exec/s: 14780 rss: 440Mb L: 182/899 MS: 2 EraseBytes-EraseBytes-
#103548	REDUCE cov: 1685 ft: 5956 corp: 805/344Kb lim: 899 exec/s: 14792 rss: 440Mb L: 733/899 MS: 2 ShuffleBytes-EraseBytes-
#103549	REDUCE cov: 1685 ft: 5956 corp: 805/344Kb lim: 899 exec/s: 14792 rss: 440Mb L: 341/899 MS: 1 EraseBytes-
#103650	REDUCE cov: 1685 ft: 5956 corp: 805/344Kb lim: 899 exec/s: 14807 rss: 440Mb L: 180/899 MS: 1 EraseBytes-
#103887	NEW    cov: 1685 ft: 5957 corp: 806/344Kb lim: 899 exec/s: 14841 rss: 440Mb L: 255/899 MS: 2 CopyPart-PersAutoDict- DE: "\000\000\000\000\000\000\000\010"-
#104003	REDUCE cov: 1685 ft: 5957 corp: 806/344Kb lim: 899 exec/s: 14857 rss: 441Mb L: 499/899 MS: 1 EraseBytes-
#104139	REDUCE cov: 1685 ft: 5957 corp: 806/344Kb lim: 899 exec/s: 14877 rss: 441Mb L: 281/899 MS: 1 EraseBytes-
#104215	REDUCE cov: 1685 ft: 5957 corp: 806/344Kb lim: 899 exec/s: 14887 rss: 441Mb L: 5/899 MS: 1 EraseBytes-
#104256	REDUCE cov: 1685 ft: 5957 corp: 806/344Kb lim: 899 exec/s: 14893 rss: 441Mb L: 316/899 MS: 1 EraseBytes-
#104302	REDUCE cov: 1685 ft: 5957 corp: 806/344Kb lim: 899 exec/s: 14900 rss: 441Mb L: 118/899 MS: 1 EraseBytes-
#104361	REDUCE cov: 1685 ft: 5957 corp: 806/344Kb lim: 899 exec/s: 14908 rss: 441Mb L: 73/899 MS: 4 InsertByte-ChangeBinInt-ChangeBit-EraseBytes-
#104383	REDUCE cov: 1685 ft: 5957 corp: 806/344Kb lim: 899 exec/s: 14911 rss: 441Mb L: 534/899 MS: 2 InsertRepeatedBytes-EraseBytes-
#104444	NEW    cov: 1685 ft: 5958 corp: 807/345Kb lim: 899 exec/s: 14920 rss: 441Mb L: 886/899 MS: 1 CrossOver-
#104605	REDUCE cov: 1685 ft: 5966 corp: 808/345Kb lim: 899 exec/s: 14943 rss: 441Mb L: 56/899 MS: 1 CopyPart-
#104660	REDUCE cov: 1685 ft: 5966 corp: 808/345Kb lim: 899 exec/s: 14951 rss: 441Mb L: 97/899 MS: 5 ChangeByte-CrossOver-InsertRepeatedBytes-PersAutoDict-EraseBytes- DE: "G\004\000\000"-
#104696	REDUCE cov: 1685 ft: 5966 corp: 808/345Kb lim: 899 exec/s: 14956 rss: 441Mb L: 531/899 MS: 1 EraseBytes-
#104722	REDUCE cov: 1685 ft: 5966 corp: 808/345Kb lim: 899 exec/s: 14960 rss: 441Mb L: 213/899 MS: 1 EraseBytes-
#104744	REDUCE cov: 1685 ft: 5966 corp: 808/345Kb lim: 899 exec/s: 14963 rss: 441Mb L: 5/899 MS: 2 ShuffleBytes-EraseBytes-
#104786	REDUCE cov: 1685 ft: 5966 corp: 808/345Kb lim: 899 exec/s: 14969 rss: 441Mb L: 358/899 MS: 2 ChangeBinInt-EraseBytes-
#104993	NEW    cov: 1685 ft: 5967 corp: 809/346Kb lim: 899 exec/s: 14999 rss: 441Mb L: 871/899 MS: 2 CopyPart-EraseBytes-
#105004	REDUCE cov: 1685 ft: 5967 corp: 809/346Kb lim: 899 exec/s: 15000 rss: 441Mb L: 76/899 MS: 1 EraseBytes-
#105065	REDUCE cov: 1685 ft: 5967 corp: 809/345Kb lim: 899 exec/s: 15009 rss: 441Mb L: 283/899 MS: 1 EraseBytes-
#105081	REDUCE cov: 1685 ft: 5967 corp: 809/345Kb lim: 899 exec/s: 15011 rss: 441Mb L: 10/899 MS: 1 EraseBytes-
#105224	NEW    cov: 1685 ft: 5968 corp: 810/346Kb lim: 899 exec/s: 15032 rss: 441Mb L: 898/899 MS: 3 InsertByte-ChangeBit-ChangeByte-
#105256	REDUCE cov: 1685 ft: 5968 corp: 810/346Kb lim: 899 exec/s: 15036 rss: 442Mb L: 685/899 MS: 2 ChangeBinInt-EraseBytes-
#105375	REDUCE cov: 1685 ft: 5968 corp: 810/346Kb lim: 899 exec/s: 15053 rss: 442Mb L: 268/899 MS: 4 ShuffleBytes-ChangeASCIIInt-ChangeBit-EraseBytes-
#105412	REDUCE cov: 1685 ft: 5968 corp: 810/346Kb lim: 899 exec/s: 15058 rss: 442Mb L: 667/899 MS: 2 ChangeASCIIInt-EraseBytes-
#105479	REDUCE cov: 1685 ft: 5968 corp: 810/346Kb lim: 899 exec/s: 15068 rss: 442Mb L: 307/899 MS: 2 ChangeBit-CrossOver-
#105560	REDUCE cov: 1685 ft: 5968 corp: 810/346Kb lim: 899 exec/s: 15080 rss: 442Mb L: 109/899 MS: 1 EraseBytes-
#105587	REDUCE cov: 1685 ft: 5968 corp: 810/346Kb lim: 899 exec/s: 15083 rss: 442Mb L: 566/899 MS: 2 PersAutoDict-EraseBytes- DE: "\001\000\000\000\000\000\002\012"-
#105634	REDUCE cov: 1685 ft: 5968 corp: 810/346Kb lim: 899 exec/s: 15090 rss: 442Mb L: 194/899 MS: 2 ShuffleBytes-EraseBytes-
#105850	REDUCE cov: 1685 ft: 5968 corp: 810/346Kb lim: 899 exec/s: 15121 rss: 442Mb L: 24/899 MS: 1 EraseBytes-
#105960	NEW    cov: 1685 ft: 5969 corp: 811/346Kb lim: 899 exec/s: 15137 rss: 442Mb L: 897/899 MS: 5 InsertRepeatedBytes-PersAutoDict-ChangeBit-CrossOver-CopyPart- DE: "\377\377\001b"-
#105961	REDUCE cov: 1685 ft: 5969 corp: 811/346Kb lim: 899 exec/s: 15137 rss: 442Mb L: 532/899 MS: 1 EraseBytes-
#105964	REDUCE cov: 1685 ft: 5969 corp: 811/346Kb lim: 899 exec/s: 15137 rss: 442Mb L: 254/899 MS: 3 ChangeBit-CopyPart-EraseBytes-
#105970	REDUCE cov: 1685 ft: 5969 corp: 811/346Kb lim: 899 exec/s: 15138 rss: 442Mb L: 67/899 MS: 1 EraseBytes-
#105971	REDUCE cov: 1685 ft: 5969 corp: 811/346Kb lim: 899 exec/s: 15138 rss: 442Mb L: 321/899 MS: 1 EraseBytes-
#106043	REDUCE cov: 1685 ft: 5969 corp: 811/346Kb lim: 899 exec/s: 15149 rss: 442Mb L: 157/899 MS: 2 ChangeBinInt-EraseBytes-
#106095	REDUCE cov: 1685 ft: 5969 corp: 811/346Kb lim: 899 exec/s: 15156 rss: 442Mb L: 517/899 MS: 2 ChangeBit-EraseBytes-
#106097	REDUCE cov: 1685 ft: 5969 corp: 811/346Kb lim: 899 exec/s: 15156 rss: 442Mb L: 557/899 MS: 2 ChangeASCIIInt-EraseBytes-
#106149	REDUCE cov: 1685 ft: 5969 corp: 811/346Kb lim: 899 exec/s: 15164 rss: 442Mb L: 644/899 MS: 2 CopyPart-EraseBytes-
#106293	REDUCE cov: 1685 ft: 5969 corp: 811/346Kb lim: 899 exec/s: 15184 rss: 442Mb L: 425/899 MS: 4 ChangeASCIIInt-PersAutoDict-InsertRepeatedBytes-EraseBytes- DE: "\377\377\001b"-
#106310	REDUCE cov: 1685 ft: 5969 corp: 811/346Kb lim: 899 exec/s: 15187 rss: 442Mb L: 576/899 MS: 2 PersAutoDict-EraseBytes- DE: "\377\377\377\377"-
#106411	REDUCE cov: 1685 ft: 5969 corp: 811/346Kb lim: 899 exec/s: 15201 rss: 442Mb L: 152/899 MS: 1 CrossOver-
#106533	REDUCE cov: 1685 ft: 5969 corp: 811/346Kb lim: 899 exec/s: 15219 rss: 442Mb L: 120/899 MS: 2 PersAutoDict-EraseBytes- DE: "\377\377\377\377\377\377\377\002"-
#106537	REDUCE cov: 1685 ft: 5970 corp: 812/346Kb lim: 899 exec/s: 15219 rss: 442Mb L: 621/899 MS: 4 ChangeASCIIInt-ChangeByte-CrossOver-InsertRepeatedBytes-
#106539	REDUCE cov: 1685 ft: 5970 corp: 812/346Kb lim: 899 exec/s: 15219 rss: 442Mb L: 643/899 MS: 2 CopyPart-EraseBytes-
#106551	REDUCE cov: 1685 ft: 5970 corp: 812/346Kb lim: 899 exec/s: 15221 rss: 442Mb L: 547/899 MS: 2 PersAutoDict-EraseBytes- DE: "\000\000\000\000\000\000\000\203"-
#106921	REDUCE cov: 1685 ft: 5970 corp: 812/346Kb lim: 899 exec/s: 15274 rss: 442Mb L: 648/899 MS: 5 ChangeASCIIInt-ChangeASCIIInt-ChangeBinInt-CMP-EraseBytes- DE: "\001\000\000\000\000\000\000\007"-
#106988	REDUCE cov: 1685 ft: 5970 corp: 812/346Kb lim: 899 exec/s: 15284 rss: 442Mb L: 470/899 MS: 2 ChangeBit-EraseBytes-
#107002	REDUCE cov: 1685 ft: 5970 corp: 812/346Kb lim: 899 exec/s: 15286 rss: 442Mb L: 781/899 MS: 4 ShuffleBytes-ChangeASCIIInt-ChangeBit-EraseBytes-
#107138	REDUCE cov: 1685 ft: 5970 corp: 812/346Kb lim: 899 exec/s: 15305 rss: 442Mb L: 86/899 MS: 1 EraseBytes-
#107364	REDUCE cov: 1685 ft: 5970 corp: 812/346Kb lim: 899 exec/s: 15337 rss: 442Mb L: 425/899 MS: 1 EraseBytes-
#107395	REDUCE cov: 1685 ft: 5970 corp: 812/346Kb lim: 899 exec/s: 15342 rss: 442Mb L: 239/899 MS: 1 EraseBytes-
#107410	REDUCE cov: 1685 ft: 5970 corp: 812/345Kb lim: 899 exec/s: 15344 rss: 442Mb L: 512/899 MS: 5 ShuffleBytes-ChangeBit-ChangeASCIIInt-ChangeByte-EraseBytes-
#107476	NEW    cov: 1685 ft: 5971 corp: 813/346Kb lim: 899 exec/s: 15353 rss: 442Mb L: 189/899 MS: 1 EraseBytes-
#107495	REDUCE cov: 1685 ft: 5971 corp: 813/345Kb lim: 899 exec/s: 15356 rss: 442Mb L: 326/899 MS: 4 ShuffleBytes-ChangeBit-ShuffleBytes-EraseBytes-
#107497	REDUCE cov: 1685 ft: 5971 corp: 813/345Kb lim: 899 exec/s: 15356 rss: 442Mb L: 64/899 MS: 2 ChangeByte-EraseBytes-
#107563	REDUCE cov: 1685 ft: 5971 corp: 813/345Kb lim: 899 exec/s: 15366 rss: 442Mb L: 264/899 MS: 1 EraseBytes-
#107713	REDUCE cov: 1685 ft: 5971 corp: 813/345Kb lim: 899 exec/s: 15387 rss: 443Mb L: 154/899 MS: 5 ChangeByte-PersAutoDict-InsertByte-CrossOver-EraseBytes- DE: "\001A"-
#107764	NEW    cov: 1685 ft: 5972 corp: 814/346Kb lim: 899 exec/s: 15394 rss: 443Mb L: 820/899 MS: 1 InsertRepeatedBytes-
#107801	REDUCE cov: 1685 ft: 5972 corp: 814/346Kb lim: 899 exec/s: 15400 rss: 443Mb L: 81/899 MS: 2 InsertByte-EraseBytes-
#108090	REDUCE cov: 1685 ft: 5972 corp: 814/346Kb lim: 899 exec/s: 15441 rss: 443Mb L: 482/899 MS: 4 ChangeByte-PersAutoDict-CopyPart-EraseBytes- DE: "\012\000\000\000\000\000\000\000"-
#108139	NEW    cov: 1685 ft: 5975 corp: 815/347Kb lim: 899 exec/s: 15448 rss: 443Mb L: 899/899 MS: 4 ShuffleBytes-ChangeBit-ChangeBit-CopyPart-
#108236	REDUCE cov: 1685 ft: 5975 corp: 815/347Kb lim: 899 exec/s: 15462 rss: 443Mb L: 144/899 MS: 2 CopyPart-EraseBytes-
#108394	REDUCE cov: 1685 ft: 5975 corp: 815/346Kb lim: 899 exec/s: 15484 rss: 443Mb L: 403/899 MS: 3 InsertRepeatedBytes-ChangeASCIIInt-EraseBytes-
#108405	REDUCE cov: 1685 ft: 5975 corp: 815/346Kb lim: 899 exec/s: 15486 rss: 443Mb L: 601/899 MS: 1 EraseBytes-
#108788	REDUCE cov: 1685 ft: 5975 corp: 815/346Kb lim: 899 exec/s: 15541 rss: 443Mb L: 623/899 MS: 3 ChangeBit-ChangeBit-EraseBytes-
#108864	REDUCE cov: 1685 ft: 5975 corp: 815/346Kb lim: 899 exec/s: 15552 rss: 443Mb L: 29/899 MS: 1 EraseBytes-
#108897	REDUCE cov: 1685 ft: 5975 corp: 815/346Kb lim: 899 exec/s: 15556 rss: 443Mb L: 317/899 MS: 3 ChangeASCIIInt-CMP-EraseBytes- DE: "\001\000\000\000\000\000\000\010"-
#108943	REDUCE cov: 1685 ft: 5975 corp: 815/346Kb lim: 899 exec/s: 15563 rss: 443Mb L: 189/899 MS: 1 EraseBytes-
#109011	REDUCE cov: 1685 ft: 5975 corp: 815/346Kb lim: 899 exec/s: 15573 rss: 443Mb L: 108/899 MS: 3 EraseBytes-ChangeByte-PersAutoDict- DE: "\376\377\377\377"-
#109188	REDUCE cov: 1685 ft: 5975 corp: 815/346Kb lim: 899 exec/s: 15598 rss: 443Mb L: 106/899 MS: 2 ChangeASCIIInt-EraseBytes-
#109228	REDUCE cov: 1685 ft: 5978 corp: 816/347Kb lim: 899 exec/s: 15604 rss: 443Mb L: 668/899 MS: 5 ShuffleBytes-CopyPart-EraseBytes-PersAutoDict-InsertRepeatedBytes- DE: "\033\003"-
#109519	NEW    cov: 1685 ft: 5979 corp: 817/348Kb lim: 899 exec/s: 15645 rss: 443Mb L: 816/899 MS: 1 CopyPart-
#109563	REDUCE cov: 1685 ft: 5979 corp: 817/347Kb lim: 899 exec/s: 15651 rss: 443Mb L: 316/899 MS: 4 ChangeBinInt-ChangeBinInt-InsertByte-EraseBytes-
#109604	REDUCE cov: 1685 ft: 5979 corp: 817/347Kb lim: 899 exec/s: 15657 rss: 443Mb L: 788/899 MS: 1 EraseBytes-
#109639	NEW    cov: 1685 ft: 5980 corp: 818/348Kb lim: 899 exec/s: 15662 rss: 443Mb L: 497/899 MS: 5 InsertRepeatedBytes-PersAutoDict-CMP-ChangeByte-CopyPart- DE: "\0043333333"-"\000\000\000\000"-
#109844	REDUCE cov: 1685 ft: 5983 corp: 819/349Kb lim: 899 exec/s: 15692 rss: 443Mb L: 806/899 MS: 5 ChangeByte-ChangeBinInt-CopyPart-ChangeByte-CopyPart-
#109910	REDUCE cov: 1685 ft: 5983 corp: 819/349Kb lim: 899 exec/s: 15701 rss: 443Mb L: 538/899 MS: 1 EraseBytes-
#109948	REDUCE cov: 1685 ft: 5983 corp: 819/349Kb lim: 899 exec/s: 15706 rss: 443Mb L: 10/899 MS: 3 ChangeBit-CopyPart-EraseBytes-
#109959	REDUCE cov: 1685 ft: 5983 corp: 819/349Kb lim: 899 exec/s: 15708 rss: 443Mb L: 133/899 MS: 1 EraseBytes-
#110021	REDUCE cov: 1685 ft: 5983 corp: 819/349Kb lim: 899 exec/s: 15717 rss: 443Mb L: 30/899 MS: 2 CrossOver-EraseBytes-
#110038	REDUCE cov: 1685 ft: 5983 corp: 819/349Kb lim: 899 exec/s: 15719 rss: 443Mb L: 176/899 MS: 2 ChangeBit-EraseBytes-
#110064	REDUCE cov: 1685 ft: 5983 corp: 819/349Kb lim: 899 exec/s: 15723 rss: 443Mb L: 106/899 MS: 1 EraseBytes-
#110150	REDUCE cov: 1685 ft: 5983 corp: 819/349Kb lim: 899 exec/s: 15735 rss: 444Mb L: 113/899 MS: 1 EraseBytes-
#110153	REDUCE cov: 1685 ft: 5984 corp: 820/349Kb lim: 899 exec/s: 15736 rss: 444Mb L: 572/899 MS: 3 CMP-CopyPart-InsertRepeatedBytes- DE: "0\000"-
#110236	NEW    cov: 1685 ft: 5985 corp: 821/349Kb lim: 899 exec/s: 15748 rss: 444Mb L: 295/899 MS: 3 ChangeByte-InsertRepeatedBytes-CMP- DE: "\000\000\000\000\000\000\000\004"-
#110242	REDUCE cov: 1685 ft: 5985 corp: 821/349Kb lim: 899 exec/s: 15748 rss: 444Mb L: 798/899 MS: 1 EraseBytes-
#110294	NEW    cov: 1685 ft: 5986 corp: 822/350Kb lim: 899 exec/s: 15756 rss: 444Mb L: 67/899 MS: 2 PersAutoDict-ChangeBit- DE: "\001\000\000\000\000\000\000\003"-
#110720	REDUCE cov: 1685 ft: 5987 corp: 823/350Kb lim: 899 exec/s: 15817 rss: 444Mb L: 270/899 MS: 1 CMP- DE: "U\002"-
#110754	REDUCE cov: 1685 ft: 5987 corp: 823/350Kb lim: 899 exec/s: 15822 rss: 444Mb L: 95/899 MS: 4 CopyPart-CopyPart-ChangeBinInt-EraseBytes-
#110943	NEW    cov: 1685 ft: 5988 corp: 824/351Kb lim: 899 exec/s: 15849 rss: 444Mb L: 889/899 MS: 4 CrossOver-PersAutoDict-ChangeBit-InsertRepeatedBytes- DE: "\001\000\000\000\000\000\000\007"-
#110999	REDUCE cov: 1685 ft: 5988 corp: 824/351Kb lim: 899 exec/s: 15857 rss: 444Mb L: 464/899 MS: 1 EraseBytes-
#111389	REDUCE cov: 1685 ft: 5988 corp: 824/351Kb lim: 899 exec/s: 15912 rss: 444Mb L: 223/899 MS: 5 ShuffleBytes-CMP-PersAutoDict-ChangeBinInt-EraseBytes- DE: "\024\000"-"\002V"-
#111413	REDUCE cov: 1685 ft: 5988 corp: 824/350Kb lim: 899 exec/s: 15916 rss: 444Mb L: 393/899 MS: 4 ChangeBinInt-ShuffleBytes-InsertRepeatedBytes-EraseBytes-
#111772	NEW    cov: 1685 ft: 5989 corp: 825/351Kb lim: 899 exec/s: 15967 rss: 444Mb L: 495/899 MS: 4 InsertByte-CrossOver-ChangeByte-CopyPart-
#111919	REDUCE cov: 1685 ft: 5989 corp: 825/351Kb lim: 899 exec/s: 15988 rss: 444Mb L: 67/899 MS: 2 ShuffleBytes-EraseBytes-
#112025	REDUCE cov: 1685 ft: 5989 corp: 825/351Kb lim: 899 exec/s: 16003 rss: 444Mb L: 87/899 MS: 1 EraseBytes-
#112186	REDUCE cov: 1685 ft: 5989 corp: 825/351Kb lim: 899 exec/s: 16026 rss: 444Mb L: 35/899 MS: 1 EraseBytes-
#112352	REDUCE cov: 1685 ft: 5989 corp: 825/351Kb lim: 899 exec/s: 16050 rss: 445Mb L: 39/899 MS: 1 EraseBytes-
#112574	REDUCE cov: 1685 ft: 5990 corp: 826/352Kb lim: 899 exec/s: 16082 rss: 445Mb L: 667/899 MS: 2 CrossOver-CopyPart-
#112642	NEW    cov: 1685 ft: 5993 corp: 827/352Kb lim: 899 exec/s: 16091 rss: 445Mb L: 899/899 MS: 3 PersAutoDict-CopyPart-ChangeBinInt- DE: "\000\000\000\000\000\000\000\000"-
#112724	REDUCE cov: 1685 ft: 5993 corp: 827/352Kb lim: 899 exec/s: 16103 rss: 445Mb L: 30/899 MS: 2 InsertByte-EraseBytes-
#113090	NEW    cov: 1685 ft: 5999 corp: 828/353Kb lim: 899 exec/s: 16155 rss: 445Mb L: 820/899 MS: 1 InsertByte-
#113110	REDUCE cov: 1685 ft: 6000 corp: 829/354Kb lim: 899 exec/s: 16158 rss: 445Mb L: 362/899 MS: 5 InsertByte-InsertRepeatedBytes-ChangeByte-CrossOver-CopyPart-
#113167	REDUCE cov: 1685 ft: 6000 corp: 829/354Kb lim: 899 exec/s: 16166 rss: 445Mb L: 497/899 MS: 2 ChangeBit-EraseBytes-
#113171	REDUCE cov: 1685 ft: 6000 corp: 829/353Kb lim: 899 exec/s: 16167 rss: 445Mb L: 504/899 MS: 4 ChangeBit-ChangeByte-ChangeByte-EraseBytes-
#113222	REDUCE cov: 1685 ft: 6000 corp: 829/353Kb lim: 899 exec/s: 16174 rss: 445Mb L: 139/899 MS: 1 EraseBytes-
#113251	REDUCE cov: 1685 ft: 6000 corp: 829/353Kb lim: 899 exec/s: 16178 rss: 445Mb L: 330/899 MS: 4 ChangeASCIIInt-ChangeByte-ChangeASCIIInt-EraseBytes-
#113312	NEW    cov: 1685 ft: 6005 corp: 830/354Kb lim: 899 exec/s: 16187 rss: 445Mb L: 724/899 MS: 1 CrossOver-
#113362	REDUCE cov: 1685 ft: 6006 corp: 831/355Kb lim: 899 exec/s: 16194 rss: 445Mb L: 759/899 MS: 5 ChangeBit-ChangeByte-ShuffleBytes-CopyPart-CopyPart-
#113373	REDUCE cov: 1685 ft: 6007 corp: 832/356Kb lim: 899 exec/s: 16196 rss: 445Mb L: 776/899 MS: 1 CopyPart-
#113404	REDUCE cov: 1685 ft: 6007 corp: 832/356Kb lim: 899 exec/s: 16200 rss: 446Mb L: 243/899 MS: 1 EraseBytes-
#113407	REDUCE cov: 1685 ft: 6007 corp: 832/355Kb lim: 899 exec/s: 16201 rss: 446Mb L: 335/899 MS: 3 CrossOver-InsertRepeatedBytes-EraseBytes-
#113413	REDUCE cov: 1685 ft: 6007 corp: 832/355Kb lim: 899 exec/s: 16201 rss: 446Mb L: 474/899 MS: 1 EraseBytes-
#113441	REDUCE cov: 1685 ft: 6007 corp: 832/355Kb lim: 899 exec/s: 16205 rss: 446Mb L: 135/899 MS: 3 CMP-InsertByte-EraseBytes- DE: "\215\000\000\000\000\000\000\000"-
#113462	REDUCE cov: 1685 ft: 6007 corp: 832/355Kb lim: 899 exec/s: 16208 rss: 446Mb L: 532/899 MS: 1 EraseBytes-
#113573	REDUCE cov: 1685 ft: 6007 corp: 832/355Kb lim: 899 exec/s: 16224 rss: 446Mb L: 200/899 MS: 1 EraseBytes-
#113659	REDUCE cov: 1685 ft: 6007 corp: 832/355Kb lim: 899 exec/s: 16237 rss: 446Mb L: 6/899 MS: 1 EraseBytes-
#113900	REDUCE cov: 1685 ft: 6007 corp: 832/355Kb lim: 899 exec/s: 14237 rss: 447Mb L: 441/899 MS: 1 EraseBytes-
#113965	REDUCE cov: 1685 ft: 6007 corp: 832/355Kb lim: 899 exec/s: 14245 rss: 447Mb L: 494/899 MS: 5 PersAutoDict-ChangeBit-InsertByte-InsertByte-EraseBytes- DE: "\001\000\000\013"-
#113996	REDUCE cov: 1685 ft: 6007 corp: 832/355Kb lim: 899 exec/s: 14249 rss: 447Mb L: 32/899 MS: 1 EraseBytes-
#114034	REDUCE cov: 1685 ft: 6007 corp: 832/355Kb lim: 899 exec/s: 14254 rss: 447Mb L: 215/899 MS: 3 ChangeASCIIInt-InsertByte-EraseBytes-
#114071	REDUCE cov: 1685 ft: 6007 corp: 832/355Kb lim: 899 exec/s: 14258 rss: 447Mb L: 253/899 MS: 2 InsertByte-EraseBytes-
#114087	REDUCE cov: 1685 ft: 6007 corp: 832/355Kb lim: 899 exec/s: 14260 rss: 447Mb L: 57/899 MS: 1 EraseBytes-
#114273	REDUCE cov: 1685 ft: 6007 corp: 832/355Kb lim: 899 exec/s: 14284 rss: 447Mb L: 408/899 MS: 1 EraseBytes-
#114279	REDUCE cov: 1685 ft: 6007 corp: 832/355Kb lim: 899 exec/s: 14284 rss: 447Mb L: 281/899 MS: 1 EraseBytes-
#114280	REDUCE cov: 1685 ft: 6007 corp: 832/355Kb lim: 899 exec/s: 14285 rss: 447Mb L: 88/899 MS: 1 EraseBytes-
#114412	REDUCE cov: 1685 ft: 6007 corp: 832/355Kb lim: 899 exec/s: 14301 rss: 447Mb L: 256/899 MS: 2 ChangeBit-EraseBytes-
#114443	REDUCE cov: 1685 ft: 6007 corp: 832/355Kb lim: 899 exec/s: 14305 rss: 447Mb L: 882/899 MS: 1 EraseBytes-
#114460	REDUCE cov: 1685 ft: 6007 corp: 832/355Kb lim: 899 exec/s: 14307 rss: 447Mb L: 571/899 MS: 2 PersAutoDict-EraseBytes- DE: "\000\000\000\000\000\000\0016"-
#114542	REDUCE cov: 1685 ft: 6007 corp: 832/355Kb lim: 899 exec/s: 14317 rss: 447Mb L: 342/899 MS: 2 ChangeByte-EraseBytes-
#114563	REDUCE cov: 1685 ft: 6007 corp: 832/355Kb lim: 899 exec/s: 14320 rss: 447Mb L: 58/899 MS: 1 EraseBytes-
#114661	NEW    cov: 1685 ft: 6009 corp: 833/356Kb lim: 899 exec/s: 14332 rss: 448Mb L: 859/899 MS: 3 InsertByte-ChangeBinInt-CopyPart-
#114704	REDUCE cov: 1685 ft: 6010 corp: 834/356Kb lim: 899 exec/s: 14338 rss: 448Mb L: 547/899 MS: 3 ShuffleBytes-ChangeASCIIInt-ChangeBit-
#114852	REDUCE cov: 1685 ft: 6011 corp: 835/356Kb lim: 899 exec/s: 14356 rss: 448Mb L: 59/899 MS: 3 CopyPart-ShuffleBytes-PersAutoDict- DE: "\004\003\000\000"-
#114879	REDUCE cov: 1685 ft: 6012 corp: 836/357Kb lim: 899 exec/s: 14359 rss: 448Mb L: 691/899 MS: 2 ShuffleBytes-CopyPart-
#114969	REDUCE cov: 1685 ft: 6012 corp: 836/357Kb lim: 899 exec/s: 14371 rss: 448Mb L: 380/899 MS: 5 InsertRepeatedBytes-CopyPart-InsertByte-ChangeBit-EraseBytes-
#115106	REDUCE cov: 1685 ft: 6012 corp: 836/357Kb lim: 899 exec/s: 14388 rss: 448Mb L: 34/899 MS: 2 ChangeBinInt-EraseBytes-
#115117	NEW    cov: 1685 ft: 6013 corp: 837/357Kb lim: 899 exec/s: 14389 rss: 448Mb L: 271/899 MS: 1 InsertByte-
#115131	REDUCE cov: 1685 ft: 6013 corp: 837/357Kb lim: 899 exec/s: 14391 rss: 448Mb L: 803/899 MS: 4 ChangeBit-ChangeBinInt-InsertByte-EraseBytes-
#115266	REDUCE cov: 1685 ft: 6013 corp: 837/357Kb lim: 899 exec/s: 14408 rss: 448Mb L: 207/899 MS: 5 ChangeBit-ChangeBit-ChangeBinInt-CopyPart-EraseBytes-
#115352	REDUCE cov: 1685 ft: 6013 corp: 837/357Kb lim: 899 exec/s: 14419 rss: 448Mb L: 346/899 MS: 1 EraseBytes-
#115354	REDUCE cov: 1685 ft: 6013 corp: 837/357Kb lim: 899 exec/s: 14419 rss: 448Mb L: 221/899 MS: 2 ShuffleBytes-EraseBytes-
#115505	NEW    cov: 1685 ft: 6014 corp: 838/357Kb lim: 899 exec/s: 14438 rss: 448Mb L: 267/899 MS: 1 ChangeByte-
#115519	REDUCE cov: 1685 ft: 6014 corp: 838/357Kb lim: 899 exec/s: 14439 rss: 448Mb L: 212/899 MS: 4 InsertByte-ChangeBit-EraseBytes-InsertByte-
#115525	REDUCE cov: 1685 ft: 6014 corp: 838/357Kb lim: 899 exec/s: 14440 rss: 448Mb L: 351/899 MS: 1 EraseBytes-
#115546	REDUCE cov: 1685 ft: 6014 corp: 838/357Kb lim: 899 exec/s: 14443 rss: 448Mb L: 250/899 MS: 1 EraseBytes-
#115577	REDUCE cov: 1685 ft: 6014 corp: 838/357Kb lim: 899 exec/s: 14447 rss: 448Mb L: 174/899 MS: 1 EraseBytes-
#115683	REDUCE cov: 1685 ft: 6014 corp: 838/357Kb lim: 899 exec/s: 14460 rss: 448Mb L: 224/899 MS: 1 EraseBytes-
#115880	REDUCE cov: 1685 ft: 6014 corp: 838/357Kb lim: 899 exec/s: 14485 rss: 448Mb L: 184/899 MS: 2 ChangeByte-EraseBytes-
#116391	NEW    cov: 1685 ft: 6028 corp: 839/357Kb lim: 899 exec/s: 14548 rss: 448Mb L: 176/899 MS: 1 PersAutoDict- DE: "\015\000\000\000"-
#116475	REDUCE cov: 1685 ft: 6028 corp: 839/357Kb lim: 899 exec/s: 14559 rss: 448Mb L: 249/899 MS: 4 ChangeByte-ChangeASCIIInt-CopyPart-EraseBytes-
#116651	REDUCE cov: 1685 ft: 6028 corp: 839/357Kb lim: 899 exec/s: 14581 rss: 448Mb L: 818/899 MS: 1 EraseBytes-
#116697	REDUCE cov: 1685 ft: 6028 corp: 839/357Kb lim: 899 exec/s: 14587 rss: 449Mb L: 231/899 MS: 1 EraseBytes-
#116704	REDUCE cov: 1685 ft: 6028 corp: 839/357Kb lim: 899 exec/s: 14588 rss: 449Mb L: 507/899 MS: 2 ShuffleBytes-EraseBytes-
#116715	REDUCE cov: 1685 ft: 6028 corp: 839/357Kb lim: 899 exec/s: 14589 rss: 449Mb L: 246/899 MS: 1 EraseBytes-
#116906	REDUCE cov: 1685 ft: 6028 corp: 839/357Kb lim: 899 exec/s: 14613 rss: 449Mb L: 503/899 MS: 1 EraseBytes-
#116919	REDUCE cov: 1685 ft: 6028 corp: 839/357Kb lim: 899 exec/s: 14614 rss: 449Mb L: 430/899 MS: 3 InsertRepeatedBytes-InsertByte-EraseBytes-
#117044	REDUCE cov: 1685 ft: 6028 corp: 839/357Kb lim: 899 exec/s: 14630 rss: 449Mb L: 187/899 MS: 5 PersAutoDict-PersAutoDict-ChangeASCIIInt-CrossOver-EraseBytes- DE: "\000\000\002V"-"\3778"-
#117066	NEW    cov: 1685 ft: 6072 corp: 840/357Kb lim: 899 exec/s: 14633 rss: 449Mb L: 495/899 MS: 2 ChangeBit-CopyPart-
#117102	REDUCE cov: 1685 ft: 6072 corp: 840/357Kb lim: 899 exec/s: 14637 rss: 449Mb L: 458/899 MS: 1 EraseBytes-
#117123	REDUCE cov: 1685 ft: 6072 corp: 840/357Kb lim: 899 exec/s: 14640 rss: 449Mb L: 233/899 MS: 1 EraseBytes-
#117197	NEW    cov: 1685 ft: 6074 corp: 841/358Kb lim: 899 exec/s: 14649 rss: 449Mb L: 899/899 MS: 4 ChangeByte-ChangeBit-InsertRepeatedBytes-CopyPart-
#117223	REDUCE cov: 1685 ft: 6074 corp: 841/358Kb lim: 899 exec/s: 14652 rss: 449Mb L: 272/899 MS: 1 EraseBytes-
#117316	REDUCE cov: 1685 ft: 6074 corp: 841/358Kb lim: 899 exec/s: 14664 rss: 449Mb L: 17/899 MS: 3 PersAutoDict-ShuffleBytes-EraseBytes- DE: "\001\000\000\013"-
#117792	REDUCE cov: 1685 ft: 6074 corp: 841/358Kb lim: 899 exec/s: 14724 rss: 449Mb L: 208/899 MS: 1 EraseBytes-
#117798	REDUCE cov: 1685 ft: 6074 corp: 841/358Kb lim: 899 exec/s: 14724 rss: 449Mb L: 46/899 MS: 1 EraseBytes-
#117904	REDUCE cov: 1685 ft: 6074 corp: 841/358Kb lim: 899 exec/s: 14738 rss: 449Mb L: 218/899 MS: 1 EraseBytes-
#118360	NEW    cov: 1685 ft: 6078 corp: 842/358Kb lim: 899 exec/s: 14795 rss: 449Mb L: 886/899 MS: 1 CopyPart-
#118476	REDUCE cov: 1685 ft: 6079 corp: 843/359Kb lim: 899 exec/s: 14809 rss: 449Mb L: 225/899 MS: 1 InsertByte-
#118542	REDUCE cov: 1685 ft: 6079 corp: 843/358Kb lim: 899 exec/s: 14817 rss: 449Mb L: 218/899 MS: 1 EraseBytes-
#118595	REDUCE cov: 1685 ft: 6079 corp: 843/358Kb lim: 899 exec/s: 14824 rss: 449Mb L: 203/899 MS: 3 CopyPart-EraseBytes-EraseBytes-
#118718	REDUCE cov: 1685 ft: 6079 corp: 843/358Kb lim: 899 exec/s: 14839 rss: 449Mb L: 215/899 MS: 3 ShuffleBytes-ChangeByte-EraseBytes-
#118764	REDUCE cov: 1685 ft: 6080 corp: 844/359Kb lim: 899 exec/s: 14845 rss: 449Mb L: 577/899 MS: 1 CopyPart-
#119035	REDUCE cov: 1685 ft: 6080 corp: 844/359Kb lim: 899 exec/s: 14879 rss: 449Mb L: 235/899 MS: 1 EraseBytes-
#119070	NEW    cov: 1685 ft: 6086 corp: 845/360Kb lim: 899 exec/s: 14883 rss: 449Mb L: 899/899 MS: 5 ChangeByte-CrossOver-ShuffleBytes-PersAutoDict-CopyPart- DE: "\015\000\000\000"-
#119271	REDUCE cov: 1685 ft: 6086 corp: 845/360Kb lim: 899 exec/s: 14908 rss: 449Mb L: 94/899 MS: 1 EraseBytes-
#119338	REDUCE cov: 1686 ft: 6087 corp: 846/360Kb lim: 899 exec/s: 14917 rss: 449Mb L: 166/899 MS: 2 ChangeByte-CopyPart-
#119348	REDUCE cov: 1686 ft: 6087 corp: 846/360Kb lim: 899 exec/s: 14918 rss: 449Mb L: 291/899 MS: 5 PersAutoDict-ChangeBinInt-ShuffleBytes-ChangeASCIIInt-EraseBytes- DE: "\000\000\000\000\000\000\000\002"-
#119351	REDUCE cov: 1686 ft: 6087 corp: 846/360Kb lim: 899 exec/s: 14918 rss: 449Mb L: 90/899 MS: 3 EraseBytes-ChangeASCIIInt-InsertByte-
#119527	REDUCE cov: 1686 ft: 6087 corp: 846/360Kb lim: 899 exec/s: 14940 rss: 449Mb L: 173/899 MS: 1 EraseBytes-
#119910	REDUCE cov: 1686 ft: 6087 corp: 846/360Kb lim: 899 exec/s: 14988 rss: 450Mb L: 309/899 MS: 3 InsertByte-ShuffleBytes-EraseBytes-
#120440	REDUCE cov: 1686 ft: 6087 corp: 846/360Kb lim: 899 exec/s: 15055 rss: 450Mb L: 676/899 MS: 5 CrossOver-ShuffleBytes-ChangeASCIIInt-ChangeByte-EraseBytes-
#120539	REDUCE cov: 1686 ft: 6087 corp: 846/359Kb lim: 899 exec/s: 15067 rss: 450Mb L: 424/899 MS: 4 ChangeASCIIInt-InsertByte-ChangeBinInt-EraseBytes-
#120730	REDUCE cov: 1686 ft: 6087 corp: 846/359Kb lim: 899 exec/s: 15091 rss: 450Mb L: 377/899 MS: 1 EraseBytes-
#120781	REDUCE cov: 1686 ft: 6087 corp: 846/359Kb lim: 899 exec/s: 15097 rss: 450Mb L: 132/899 MS: 1 EraseBytes-
#120807	REDUCE cov: 1686 ft: 6087 corp: 846/359Kb lim: 899 exec/s: 15100 rss: 450Mb L: 277/899 MS: 1 EraseBytes-
#121114	REDUCE cov: 1686 ft: 6087 corp: 846/359Kb lim: 899 exec/s: 15139 rss: 450Mb L: 4/899 MS: 2 EraseBytes-ChangeBit-
#121180	REDUCE cov: 1686 ft: 6087 corp: 846/359Kb lim: 899 exec/s: 15147 rss: 450Mb L: 65/899 MS: 1 EraseBytes-
#121237	NEW    cov: 1686 ft: 6088 corp: 847/360Kb lim: 899 exec/s: 15154 rss: 450Mb L: 346/899 MS: 2 ShuffleBytes-CrossOver-
#121359	REDUCE cov: 1686 ft: 6088 corp: 847/360Kb lim: 899 exec/s: 15169 rss: 450Mb L: 727/899 MS: 2 ShuffleBytes-EraseBytes-
#121454	REDUCE cov: 1686 ft: 6088 corp: 847/359Kb lim: 899 exec/s: 15181 rss: 450Mb L: 531/899 MS: 5 InsertRepeatedBytes-ChangeByte-ChangeBinInt-PersAutoDict-EraseBytes- DE: "fffffff\006"-
#121473	REDUCE cov: 1686 ft: 6088 corp: 847/359Kb lim: 899 exec/s: 15184 rss: 450Mb L: 48/899 MS: 4 ChangeBit-CMP-InsertRepeatedBytes-EraseBytes- DE: "\001\000\000\000\000\000\000:"-
#121494	REDUCE cov: 1686 ft: 6088 corp: 847/359Kb lim: 899 exec/s: 15186 rss: 450Mb L: 277/899 MS: 1 EraseBytes-
#121680	REDUCE cov: 1686 ft: 6089 corp: 848/360Kb lim: 899 exec/s: 15210 rss: 450Mb L: 215/899 MS: 1 ChangeBit-
#121912	REDUCE cov: 1686 ft: 6089 corp: 848/360Kb lim: 899 exec/s: 15239 rss: 450Mb L: 280/899 MS: 2 ShuffleBytes-EraseBytes-
#122043	REDUCE cov: 1686 ft: 6089 corp: 848/359Kb lim: 899 exec/s: 15255 rss: 450Mb L: 231/899 MS: 1 EraseBytes-
#122211	REDUCE cov: 1686 ft: 6089 corp: 848/359Kb lim: 899 exec/s: 15276 rss: 450Mb L: 261/899 MS: 3 ShuffleBytes-ChangeByte-EraseBytes-
#122537	REDUCE cov: 1687 ft: 6090 corp: 849/360Kb lim: 899 exec/s: 15317 rss: 450Mb L: 372/899 MS: 1 InsertByte-
#122653	REDUCE cov: 1687 ft: 6090 corp: 849/360Kb lim: 899 exec/s: 15331 rss: 451Mb L: 243/899 MS: 1 EraseBytes-
#122665	NEW    cov: 1687 ft: 6091 corp: 850/361Kb lim: 899 exec/s: 15333 rss: 451Mb L: 745/899 MS: 2 CopyPart-EraseBytes-
#122672	REDUCE cov: 1687 ft: 6092 corp: 851/361Kb lim: 899 exec/s: 15334 rss: 451Mb L: 417/899 MS: 2 ChangeByte-CopyPart-
#122683	REDUCE cov: 1687 ft: 6092 corp: 851/361Kb lim: 899 exec/s: 15335 rss: 451Mb L: 323/899 MS: 1 EraseBytes-
#122684	REDUCE cov: 1687 ft: 6092 corp: 851/361Kb lim: 899 exec/s: 15335 rss: 451Mb L: 71/899 MS: 1 EraseBytes-
#122971	NEW    cov: 1687 ft: 6093 corp: 852/362Kb lim: 899 exec/s: 15371 rss: 451Mb L: 859/899 MS: 2 ShuffleBytes-ChangeByte-
#123168	REDUCE cov: 1687 ft: 6093 corp: 852/362Kb lim: 899 exec/s: 15396 rss: 452Mb L: 98/899 MS: 2 ChangeBinInt-EraseBytes-
#123251	REDUCE cov: 1687 ft: 6093 corp: 852/362Kb lim: 899 exec/s: 15406 rss: 452Mb L: 279/899 MS: 3 CopyPart-ChangeASCIIInt-EraseBytes-
#123272	REDUCE cov: 1687 ft: 6093 corp: 852/362Kb lim: 899 exec/s: 15409 rss: 452Mb L: 68/899 MS: 1 EraseBytes-
#123273	REDUCE cov: 1687 ft: 6093 corp: 852/362Kb lim: 899 exec/s: 15409 rss: 452Mb L: 63/899 MS: 1 EraseBytes-
#123467	REDUCE cov: 1687 ft: 6093 corp: 852/362Kb lim: 899 exec/s: 15433 rss: 452Mb L: 692/899 MS: 4 ShuffleBytes-CrossOver-InsertByte-CopyPart-
#123525	REDUCE cov: 1687 ft: 6093 corp: 852/362Kb lim: 899 exec/s: 15440 rss: 452Mb L: 797/899 MS: 3 ChangeByte-ChangeBit-EraseBytes-
#123526	REDUCE cov: 1687 ft: 6093 corp: 852/362Kb lim: 899 exec/s: 15440 rss: 452Mb L: 178/899 MS: 1 CrossOver-
#123842	REDUCE cov: 1687 ft: 6094 corp: 853/362Kb lim: 899 exec/s: 15480 rss: 453Mb L: 547/899 MS: 1 CopyPart-
#123921	REDUCE cov: 1687 ft: 6094 corp: 853/362Kb lim: 899 exec/s: 15490 rss: 453Mb L: 435/899 MS: 4 ChangeByte-ChangeASCIIInt-ChangeASCIIInt-EraseBytes-
#124027	REDUCE cov: 1687 ft: 6094 corp: 853/362Kb lim: 899 exec/s: 15503 rss: 453Mb L: 399/899 MS: 1 EraseBytes-
#124123	REDUCE cov: 1687 ft: 6094 corp: 853/362Kb lim: 899 exec/s: 15515 rss: 453Mb L: 365/899 MS: 1 EraseBytes-
#124170	REDUCE cov: 1687 ft: 6094 corp: 853/362Kb lim: 899 exec/s: 15521 rss: 453Mb L: 87/899 MS: 2 ChangeByte-EraseBytes-
#124184	NEW    cov: 1687 ft: 6097 corp: 854/362Kb lim: 899 exec/s: 15523 rss: 453Mb L: 296/899 MS: 4 CopyPart-ChangeBit-ChangeByte-CrossOver-
#124200	NEW    cov: 1687 ft: 6098 corp: 855/363Kb lim: 899 exec/s: 15525 rss: 453Mb L: 887/899 MS: 1 CopyPart-
#124394	REDUCE cov: 1687 ft: 6098 corp: 855/363Kb lim: 899 exec/s: 15549 rss: 454Mb L: 314/899 MS: 4 InsertByte-InsertByte-PersAutoDict-EraseBytes- DE: "i\001"-
#124395	REDUCE cov: 1687 ft: 6099 corp: 856/363Kb lim: 899 exec/s: 15549 rss: 454Mb L: 178/899 MS: 1 ChangeBinInt-
#124551	REDUCE cov: 1687 ft: 6099 corp: 856/363Kb lim: 899 exec/s: 15568 rss: 454Mb L: 219/899 MS: 1 EraseBytes-
#124555	REDUCE cov: 1687 ft: 6099 corp: 856/363Kb lim: 899 exec/s: 15569 rss: 454Mb L: 62/899 MS: 4 CMP-ChangeBinInt-PersAutoDict-EraseBytes- DE: "\365\377\377\377"-"\000\000\000\000\000\000\001\025"-
#124642	REDUCE cov: 1687 ft: 6099 corp: 856/363Kb lim: 899 exec/s: 15580 rss: 454Mb L: 769/899 MS: 2 ChangeASCIIInt-EraseBytes-
#124663	REDUCE cov: 1687 ft: 6099 corp: 856/363Kb lim: 899 exec/s: 15582 rss: 454Mb L: 50/899 MS: 1 EraseBytes-
#124700	REDUCE cov: 1687 ft: 6099 corp: 856/363Kb lim: 899 exec/s: 15587 rss: 454Mb L: 529/899 MS: 2 ShuffleBytes-EraseBytes-
#124756	NEW    cov: 1687 ft: 6100 corp: 857/364Kb lim: 899 exec/s: 15594 rss: 454Mb L: 886/899 MS: 1 CrossOver-
#124793	REDUCE cov: 1687 ft: 6100 corp: 857/364Kb lim: 899 exec/s: 15599 rss: 454Mb L: 57/899 MS: 2 CrossOver-EraseBytes-
#125184	REDUCE cov: 1687 ft: 6100 corp: 857/364Kb lim: 899 exec/s: 15648 rss: 454Mb L: 293/899 MS: 1 EraseBytes-
#125415	REDUCE cov: 1687 ft: 6100 corp: 857/364Kb lim: 899 exec/s: 15676 rss: 454Mb L: 752/899 MS: 1 EraseBytes-
#125536	REDUCE cov: 1687 ft: 6100 corp: 857/363Kb lim: 899 exec/s: 15692 rss: 454Mb L: 849/899 MS: 1 EraseBytes-
#125683	REDUCE cov: 1687 ft: 6100 corp: 857/363Kb lim: 899 exec/s: 15710 rss: 454Mb L: 40/899 MS: 2 CrossOver-EraseBytes-
#125714	REDUCE cov: 1687 ft: 6100 corp: 857/363Kb lim: 899 exec/s: 15714 rss: 454Mb L: 547/899 MS: 1 EraseBytes-
#125770	REDUCE cov: 1687 ft: 6100 corp: 857/363Kb lim: 899 exec/s: 15721 rss: 454Mb L: 858/899 MS: 1 EraseBytes-
#125924	REDUCE cov: 1687 ft: 6100 corp: 857/363Kb lim: 899 exec/s: 15740 rss: 454Mb L: 258/899 MS: 4 ChangeBinInt-ShuffleBytes-PersAutoDict-EraseBytes- DE: "\000\011"-
#125980	REDUCE cov: 1687 ft: 6100 corp: 857/363Kb lim: 899 exec/s: 15747 rss: 454Mb L: 25/899 MS: 1 EraseBytes-
#126123	NEW    cov: 1687 ft: 6102 corp: 858/364Kb lim: 899 exec/s: 15765 rss: 454Mb L: 887/899 MS: 3 InsertRepeatedBytes-ChangeASCIIInt-CopyPart-
#126179	NEW    cov: 1687 ft: 6109 corp: 859/364Kb lim: 899 exec/s: 15772 rss: 454Mb L: 193/899 MS: 1 CopyPart-
#126340	REDUCE cov: 1687 ft: 6109 corp: 859/364Kb lim: 899 exec/s: 15792 rss: 454Mb L: 57/899 MS: 1 EraseBytes-
#126564	REDUCE cov: 1687 ft: 6109 corp: 859/364Kb lim: 899 exec/s: 15820 rss: 454Mb L: 772/899 MS: 4 ChangeByte-PersAutoDict-InsertByte-EraseBytes- DE: "fffffff\006"-
#126691	REDUCE cov: 1687 ft: 6109 corp: 859/364Kb lim: 899 exec/s: 15836 rss: 454Mb L: 21/899 MS: 2 ChangeByte-EraseBytes-
#126908	REDUCE cov: 1687 ft: 6109 corp: 859/364Kb lim: 899 exec/s: 15863 rss: 454Mb L: 44/899 MS: 2 ShuffleBytes-EraseBytes-
#127038	NEW    cov: 1687 ft: 6110 corp: 860/365Kb lim: 899 exec/s: 15879 rss: 454Mb L: 899/899 MS: 5 ChangeBit-ShuffleBytes-CopyPart-ChangeBit-CopyPart-
#127607	REDUCE cov: 1689 ft: 6112 corp: 861/366Kb lim: 899 exec/s: 15950 rss: 455Mb L: 447/899 MS: 4 InsertRepeatedBytes-InsertByte-CopyPart-EraseBytes-
#127821	REDUCE cov: 1689 ft: 6112 corp: 861/366Kb lim: 899 exec/s: 15977 rss: 455Mb L: 314/899 MS: 4 ShuffleBytes-InsertRepeatedBytes-PersAutoDict-EraseBytes- DE: "\007\000\000\000\000\000\000\000"-
#127877	REDUCE cov: 1689 ft: 6112 corp: 861/366Kb lim: 899 exec/s: 15984 rss: 455Mb L: 559/899 MS: 1 EraseBytes-
#128108	REDUCE cov: 1689 ft: 6112 corp: 861/366Kb lim: 899 exec/s: 16013 rss: 455Mb L: 69/899 MS: 1 EraseBytes-
#128139	REDUCE cov: 1689 ft: 6112 corp: 861/365Kb lim: 899 exec/s: 16017 rss: 455Mb L: 419/899 MS: 1 EraseBytes-
#128140	NEW    cov: 1689 ft: 6117 corp: 862/366Kb lim: 899 exec/s: 16017 rss: 455Mb L: 891/899 MS: 1 CopyPart-
#128249	REDUCE cov: 1689 ft: 6117 corp: 862/366Kb lim: 899 exec/s: 16031 rss: 455Mb L: 107/899 MS: 4 PersAutoDict-PersAutoDict-EraseBytes-PersAutoDict- DE: "\001\000\000\000\000\000\000\010"-"\001\000\000\000\000\000\000\015"-"\000\000\000\217"-
#128286	REDUCE cov: 1689 ft: 6117 corp: 862/366Kb lim: 899 exec/s: 16035 rss: 455Mb L: 18/899 MS: 2 ShuffleBytes-EraseBytes-
#128355	REDUCE cov: 1689 ft: 6117 corp: 862/366Kb lim: 899 exec/s: 16044 rss: 455Mb L: 15/899 MS: 4 PersAutoDict-PersAutoDict-ChangeBinInt-EraseBytes- DE: "\001\000\000\012"-"\376\377\377\377"-
#128434	NEW    cov: 1689 ft: 6118 corp: 863/367Kb lim: 899 exec/s: 16054 rss: 455Mb L: 848/899 MS: 4 ChangeBinInt-ChangeBit-InsertRepeatedBytes-CopyPart-
#128549	REDUCE cov: 1689 ft: 6118 corp: 863/367Kb lim: 899 exec/s: 16068 rss: 455Mb L: 3/899 MS: 5 InsertByte-PersAutoDict-EraseBytes-ChangeByte-EraseBytes- DE: "\001\000"-
#128686	REDUCE cov: 1689 ft: 6118 corp: 863/367Kb lim: 899 exec/s: 14298 rss: 455Mb L: 426/899 MS: 2 ChangeBit-EraseBytes-
#128773	REDUCE cov: 1689 ft: 6118 corp: 863/367Kb lim: 899 exec/s: 14308 rss: 455Mb L: 527/899 MS: 2 ChangeASCIIInt-EraseBytes-
#128924	REDUCE cov: 1689 ft: 6118 corp: 863/367Kb lim: 899 exec/s: 14324 rss: 455Mb L: 55/899 MS: 1 EraseBytes-
#129210	REDUCE cov: 1689 ft: 6118 corp: 863/367Kb lim: 899 exec/s: 14356 rss: 455Mb L: 543/899 MS: 1 EraseBytes-
#129323	REDUCE cov: 1689 ft: 6118 corp: 863/367Kb lim: 899 exec/s: 14369 rss: 455Mb L: 285/899 MS: 3 PersAutoDict-PersAutoDict-EraseBytes- DE: "\000\000\000\000\000\000\000\000"-"\001\000\000\012"-
#129344	REDUCE cov: 1689 ft: 6118 corp: 863/367Kb lim: 899 exec/s: 14371 rss: 455Mb L: 24/899 MS: 1 EraseBytes-
#129361	REDUCE cov: 1689 ft: 6118 corp: 863/367Kb lim: 899 exec/s: 14373 rss: 455Mb L: 268/899 MS: 2 ShuffleBytes-EraseBytes-
#129808	REDUCE cov: 1689 ft: 6118 corp: 863/367Kb lim: 899 exec/s: 14423 rss: 455Mb L: 446/899 MS: 2 CMP-EraseBytes- DE: "\003\000\000\000\000\000\000\000"-
#129994	REDUCE cov: 1689 ft: 6118 corp: 863/367Kb lim: 899 exec/s: 14443 rss: 455Mb L: 220/899 MS: 1 EraseBytes-
#130051	REDUCE cov: 1689 ft: 6118 corp: 863/366Kb lim: 899 exec/s: 14450 rss: 456Mb L: 177/899 MS: 2 ChangeASCIIInt-EraseBytes-
#130362	REDUCE cov: 1689 ft: 6118 corp: 863/366Kb lim: 899 exec/s: 14484 rss: 456Mb L: 446/899 MS: 1 EraseBytes-
#130448	REDUCE cov: 1689 ft: 6118 corp: 863/366Kb lim: 899 exec/s: 14494 rss: 456Mb L: 167/899 MS: 1 EraseBytes-
#130524	REDUCE cov: 1689 ft: 6118 corp: 863/366Kb lim: 899 exec/s: 14502 rss: 456Mb L: 101/899 MS: 1 EraseBytes-
#130664	REDUCE cov: 1689 ft: 6121 corp: 864/367Kb lim: 899 exec/s: 14518 rss: 456Mb L: 287/899 MS: 5 InsertRepeatedBytes-ChangeByte-ShuffleBytes-ChangeASCIIInt-CrossOver-
#130695	REDUCE cov: 1689 ft: 6121 corp: 864/367Kb lim: 899 exec/s: 14521 rss: 456Mb L: 11/899 MS: 1 EraseBytes-
#130826	REDUCE cov: 1689 ft: 6121 corp: 864/367Kb lim: 899 exec/s: 14536 rss: 456Mb L: 174/899 MS: 1 CrossOver-
#130829	REDUCE cov: 1689 ft: 6121 corp: 864/366Kb lim: 899 exec/s: 14536 rss: 456Mb L: 294/899 MS: 3 CMP-ChangeBinInt-EraseBytes- DE: "\376\377\377\377\377\377\377\377"-
#130847	REDUCE cov: 1689 ft: 6121 corp: 864/366Kb lim: 899 exec/s: 14538 rss: 456Mb L: 811/899 MS: 3 ChangeByte-CMP-EraseBytes- DE: "U\002\000\000"-
#130913	REDUCE cov: 1689 ft: 6122 corp: 865/367Kb lim: 899 exec/s: 14545 rss: 456Mb L: 350/899 MS: 1 CMP- DE: "\021\000\000\000\000\000\000\000"-
#130931	REDUCE cov: 1689 ft: 6123 corp: 866/367Kb lim: 899 exec/s: 14547 rss: 456Mb L: 410/899 MS: 3 ChangeBit-ChangeBinInt-EraseBytes-
#130998	NEW    cov: 1689 ft: 6124 corp: 867/368Kb lim: 899 exec/s: 14555 rss: 456Mb L: 816/899 MS: 2 ChangeBit-PersAutoDict- DE: "\033\003"-
#131044	REDUCE cov: 1689 ft: 6124 corp: 867/368Kb lim: 899 exec/s: 14560 rss: 456Mb L: 883/899 MS: 1 EraseBytes-
#131046	NEW    cov: 1689 ft: 6125 corp: 868/369Kb lim: 899 exec/s: 14560 rss: 456Mb L: 831/899 MS: 2 ChangeByte-CrossOver-
#131072	pulse  cov: 1689 ft: 6125 corp: 868/369Kb lim: 899 exec/s: 14563 rss: 456Mb
#131127	REDUCE cov: 1689 ft: 6125 corp: 868/369Kb lim: 899 exec/s: 14569 rss: 456Mb L: 84/899 MS: 1 EraseBytes-
#131274	REDUCE cov: 1689 ft: 6125 corp: 868/369Kb lim: 899 exec/s: 14586 rss: 456Mb L: 256/899 MS: 2 ChangeASCIIInt-EraseBytes-
#131390	REDUCE cov: 1689 ft: 6125 corp: 868/369Kb lim: 899 exec/s: 14598 rss: 456Mb L: 386/899 MS: 1 EraseBytes-
#131503	REDUCE cov: 1689 ft: 6125 corp: 868/368Kb lim: 899 exec/s: 14611 rss: 456Mb L: 618/899 MS: 3 ChangeASCIIInt-CopyPart-EraseBytes-
#131544	REDUCE cov: 1689 ft: 6125 corp: 868/368Kb lim: 899 exec/s: 14616 rss: 456Mb L: 359/899 MS: 1 EraseBytes-
#131649	REDUCE cov: 1689 ft: 6125 corp: 868/368Kb lim: 899 exec/s: 14627 rss: 456Mb L: 284/899 MS: 5 ChangeByte-ChangeByte-ChangeBit-PersAutoDict-EraseBytes- DE: "G\004\000\000"-
#131650	REDUCE cov: 1689 ft: 6126 corp: 869/369Kb lim: 899 exec/s: 14627 rss: 456Mb L: 363/899 MS: 1 CMP- DE: "\004\003\000\000"-
#131917	REDUCE cov: 1689 ft: 6126 corp: 869/369Kb lim: 899 exec/s: 14657 rss: 456Mb L: 624/899 MS: 2 ChangeByte-CrossOver-
#132028	REDUCE cov: 1689 ft: 6126 corp: 869/369Kb lim: 899 exec/s: 14669 rss: 456Mb L: 161/899 MS: 1 EraseBytes-
#132269	REDUCE cov: 1689 ft: 6126 corp: 869/368Kb lim: 899 exec/s: 14696 rss: 456Mb L: 214/899 MS: 1 CrossOver-
#132340	NEW    cov: 1690 ft: 6128 corp: 870/369Kb lim: 899 exec/s: 14704 rss: 456Mb L: 894/899 MS: 1 PersAutoDict- DE: "\027\000\000\000"-
#132486	REDUCE cov: 1690 ft: 6128 corp: 870/369Kb lim: 899 exec/s: 14720 rss: 456Mb L: 10/899 MS: 1 EraseBytes-
#132537	REDUCE cov: 1690 ft: 6128 corp: 870/369Kb lim: 899 exec/s: 14726 rss: 456Mb L: 114/899 MS: 1 EraseBytes-
#132598	REDUCE cov: 1690 ft: 6128 corp: 870/369Kb lim: 899 exec/s: 14733 rss: 457Mb L: 416/899 MS: 1 EraseBytes-
#132674	REDUCE cov: 1690 ft: 6128 corp: 870/369Kb lim: 899 exec/s: 14741 rss: 457Mb L: 501/899 MS: 1 EraseBytes-
#132751	REDUCE cov: 1690 ft: 6128 corp: 870/369Kb lim: 899 exec/s: 14750 rss: 457Mb L: 433/899 MS: 2 ChangeBit-EraseBytes-
#133028	REDUCE cov: 1690 ft: 6128 corp: 870/369Kb lim: 899 exec/s: 14780 rss: 457Mb L: 150/899 MS: 2 ChangeBit-EraseBytes-
#133154	REDUCE cov: 1690 ft: 6128 corp: 870/369Kb lim: 899 exec/s: 14794 rss: 457Mb L: 188/899 MS: 1 EraseBytes-
#133280	REDUCE cov: 1690 ft: 6128 corp: 870/369Kb lim: 899 exec/s: 14808 rss: 457Mb L: 233/899 MS: 1 EraseBytes-
#133611	REDUCE cov: 1690 ft: 6128 corp: 870/369Kb lim: 899 exec/s: 14845 rss: 457Mb L: 494/899 MS: 1 EraseBytes-
#133707	REDUCE cov: 1690 ft: 6128 corp: 870/369Kb lim: 899 exec/s: 14856 rss: 457Mb L: 120/899 MS: 1 EraseBytes-
#133766	REDUCE cov: 1690 ft: 6128 corp: 870/369Kb lim: 899 exec/s: 14862 rss: 457Mb L: 829/899 MS: 4 EraseBytes-CMP-PersAutoDict-ChangeByte- DE: "\001\000\000\000\000\000\000\000"-"\000\000\000\000\000\000\000\004"-
#133832	REDUCE cov: 1690 ft: 6128 corp: 870/368Kb lim: 899 exec/s: 14870 rss: 457Mb L: 469/899 MS: 1 EraseBytes-
#133908	REDUCE cov: 1690 ft: 6128 corp: 870/368Kb lim: 899 exec/s: 14878 rss: 457Mb L: 248/899 MS: 1 EraseBytes-
#134011	REDUCE cov: 1690 ft: 6128 corp: 870/368Kb lim: 899 exec/s: 14890 rss: 457Mb L: 126/899 MS: 3 ChangeBit-ChangeBit-EraseBytes-
#134468	REDUCE cov: 1690 ft: 6128 corp: 870/368Kb lim: 899 exec/s: 14940 rss: 457Mb L: 141/899 MS: 2 ChangeByte-EraseBytes-
#134484	REDUCE cov: 1690 ft: 6128 corp: 870/368Kb lim: 899 exec/s: 14942 rss: 457Mb L: 870/899 MS: 1 EraseBytes-
#134516	REDUCE cov: 1690 ft: 6128 corp: 870/368Kb lim: 899 exec/s: 14946 rss: 457Mb L: 197/899 MS: 2 ChangeASCIIInt-EraseBytes-
#134563	REDUCE cov: 1690 ft: 6128 corp: 870/368Kb lim: 899 exec/s: 14951 rss: 457Mb L: 37/899 MS: 2 ChangeBinInt-EraseBytes-
#134817	REDUCE cov: 1690 ft: 6128 corp: 870/368Kb lim: 899 exec/s: 14979 rss: 457Mb L: 239/899 MS: 4 InsertByte-PersAutoDict-PersAutoDict-EraseBytes- DE: "\001\000\000\000"-"\001\000"-
#135133	REDUCE cov: 1690 ft: 6128 corp: 870/368Kb lim: 899 exec/s: 15014 rss: 457Mb L: 162/899 MS: 1 EraseBytes-
#135202	REDUCE cov: 1690 ft: 6128 corp: 870/368Kb lim: 899 exec/s: 15022 rss: 457Mb L: 321/899 MS: 4 CopyPart-InsertByte-CMP-EraseBytes- DE: "\000\000\000\000"-
#135398	REDUCE cov: 1690 ft: 6128 corp: 870/368Kb lim: 899 exec/s: 15044 rss: 457Mb L: 887/899 MS: 1 EraseBytes-
#135469	REDUCE cov: 1690 ft: 6128 corp: 870/368Kb lim: 899 exec/s: 15052 rss: 457Mb L: 477/899 MS: 1 EraseBytes-
#135617	REDUCE cov: 1690 ft: 6128 corp: 870/368Kb lim: 899 exec/s: 15068 rss: 457Mb L: 713/899 MS: 3 CrossOver-ChangeASCIIInt-EraseBytes-
#135629	REDUCE cov: 1690 ft: 6128 corp: 870/368Kb lim: 899 exec/s: 15069 rss: 457Mb L: 353/899 MS: 2 ShuffleBytes-EraseBytes-
#135796	REDUCE cov: 1690 ft: 6130 corp: 871/369Kb lim: 899 exec/s: 15088 rss: 457Mb L: 842/899 MS: 2 PersAutoDict-CopyPart- DE: "G\004\000\000"-
#135847	REDUCE cov: 1690 ft: 6130 corp: 871/369Kb lim: 899 exec/s: 15094 rss: 457Mb L: 451/899 MS: 1 EraseBytes-
#135980	REDUCE cov: 1690 ft: 6130 corp: 871/369Kb lim: 899 exec/s: 15108 rss: 457Mb L: 333/899 MS: 3 InsertByte-ShuffleBytes-EraseBytes-
#136059	REDUCE cov: 1690 ft: 6130 corp: 871/369Kb lim: 899 exec/s: 15117 rss: 457Mb L: 216/899 MS: 4 PersAutoDict-CrossOver-PersAutoDict-EraseBytes- DE: "\024\000"-"\001\000\000\000\000\000\000\000"-
#136115	REDUCE cov: 1690 ft: 6130 corp: 871/368Kb lim: 899 exec/s: 15123 rss: 457Mb L: 600/899 MS: 1 EraseBytes-
#136206	REDUCE cov: 1690 ft: 6130 corp: 871/368Kb lim: 899 exec/s: 15134 rss: 457Mb L: 93/899 MS: 1 EraseBytes-
#136261	REDUCE cov: 1690 ft: 6130 corp: 871/368Kb lim: 899 exec/s: 15140 rss: 457Mb L: 64/899 MS: 5 CrossOver-EraseBytes-InsertByte-EraseBytes-CrossOver-
#136278	REDUCE cov: 1690 ft: 6131 corp: 872/369Kb lim: 899 exec/s: 15142 rss: 457Mb L: 535/899 MS: 2 ChangeBinInt-CopyPart-
#136360	NEW    cov: 1690 ft: 6151 corp: 873/370Kb lim: 899 exec/s: 15151 rss: 457Mb L: 891/899 MS: 2 ChangeASCIIInt-ChangeBit-
#136468	REDUCE cov: 1690 ft: 6151 corp: 873/369Kb lim: 899 exec/s: 15163 rss: 457Mb L: 599/899 MS: 3 InsertRepeatedBytes-ChangeByte-EraseBytes-
#136489	REDUCE cov: 1690 ft: 6151 corp: 873/369Kb lim: 899 exec/s: 15165 rss: 457Mb L: 453/899 MS: 1 EraseBytes-
#136521	REDUCE cov: 1690 ft: 6151 corp: 873/369Kb lim: 899 exec/s: 15169 rss: 457Mb L: 224/899 MS: 2 ChangeByte-EraseBytes-
#136572	REDUCE cov: 1690 ft: 6151 corp: 873/369Kb lim: 899 exec/s: 15174 rss: 457Mb L: 36/899 MS: 1 EraseBytes-
#136688	NEW    cov: 1690 ft: 6152 corp: 874/370Kb lim: 899 exec/s: 15187 rss: 457Mb L: 270/899 MS: 1 ChangeByte-
#136719	NEW    cov: 1690 ft: 6153 corp: 875/370Kb lim: 899 exec/s: 15191 rss: 457Mb L: 201/899 MS: 1 EraseBytes-
#136805	REDUCE cov: 1690 ft: 6153 corp: 875/370Kb lim: 899 exec/s: 15200 rss: 457Mb L: 254/899 MS: 1 EraseBytes-
#136811	REDUCE cov: 1690 ft: 6153 corp: 875/370Kb lim: 899 exec/s: 15201 rss: 457Mb L: 482/899 MS: 1 EraseBytes-
#136857	REDUCE cov: 1690 ft: 6153 corp: 875/370Kb lim: 899 exec/s: 15206 rss: 457Mb L: 183/899 MS: 1 EraseBytes-
#137038	REDUCE cov: 1690 ft: 6153 corp: 875/370Kb lim: 899 exec/s: 15226 rss: 458Mb L: 605/899 MS: 1 EraseBytes-
#137259	REDUCE cov: 1690 ft: 6153 corp: 875/369Kb lim: 899 exec/s: 15251 rss: 458Mb L: 841/899 MS: 1 EraseBytes-
#137277	REDUCE cov: 1690 ft: 6153 corp: 875/369Kb lim: 899 exec/s: 15253 rss: 458Mb L: 155/899 MS: 3 ShuffleBytes-ChangeBinInt-EraseBytes-
#137288	REDUCE cov: 1690 ft: 6153 corp: 875/369Kb lim: 899 exec/s: 15254 rss: 458Mb L: 599/899 MS: 1 CrossOver-
#137397	REDUCE cov: 1690 ft: 6153 corp: 875/369Kb lim: 899 exec/s: 15266 rss: 458Mb L: 96/899 MS: 4 ChangeASCIIInt-CMP-ChangeASCIIInt-EraseBytes- DE: "\006\000\000\000\000\000\000\000"-
#137449	REDUCE cov: 1690 ft: 6153 corp: 875/369Kb lim: 899 exec/s: 15272 rss: 458Mb L: 536/899 MS: 2 CopyPart-EraseBytes-
#137970	REDUCE cov: 1690 ft: 6155 corp: 876/370Kb lim: 899 exec/s: 15330 rss: 458Mb L: 280/899 MS: 1 ChangeBit-
#138047	REDUCE cov: 1690 ft: 6155 corp: 876/370Kb lim: 899 exec/s: 15338 rss: 458Mb L: 119/899 MS: 2 ChangeByte-EraseBytes-
#138404	REDUCE cov: 1690 ft: 6155 corp: 876/369Kb lim: 899 exec/s: 15378 rss: 458Mb L: 264/899 MS: 2 InsertRepeatedBytes-EraseBytes-
#138409	REDUCE cov: 1690 ft: 6155 corp: 876/369Kb lim: 899 exec/s: 15378 rss: 458Mb L: 149/899 MS: 5 CMP-ChangeByte-ChangeBit-ChangeByte-EraseBytes- DE: "\024\000\000\000"-
#138675	REDUCE cov: 1690 ft: 6155 corp: 876/369Kb lim: 899 exec/s: 15408 rss: 458Mb L: 101/899 MS: 1 EraseBytes-
#138923	REDUCE cov: 1690 ft: 6155 corp: 876/369Kb lim: 899 exec/s: 15435 rss: 458Mb L: 494/899 MS: 3 ChangeByte-ShuffleBytes-EraseBytes-
#139040	REDUCE cov: 1690 ft: 6155 corp: 876/369Kb lim: 899 exec/s: 15448 rss: 458Mb L: 87/899 MS: 2 ChangeASCIIInt-EraseBytes-
#139093	REDUCE cov: 1690 ft: 6155 corp: 876/369Kb lim: 899 exec/s: 15454 rss: 458Mb L: 120/899 MS: 3 InsertRepeatedBytes-ShuffleBytes-EraseBytes-
#139144	REDUCE cov: 1690 ft: 6155 corp: 876/369Kb lim: 899 exec/s: 15460 rss: 458Mb L: 4/899 MS: 1 EraseBytes-
#139278	REDUCE cov: 1690 ft: 6155 corp: 876/369Kb lim: 899 exec/s: 15475 rss: 458Mb L: 27/899 MS: 4 CrossOver-ChangeBit-CopyPart-EraseBytes-
#139455	REDUCE cov: 1690 ft: 6155 corp: 876/369Kb lim: 899 exec/s: 15495 rss: 458Mb L: 253/899 MS: 2 ChangeASCIIInt-EraseBytes-
#139556	REDUCE cov: 1690 ft: 6155 corp: 876/369Kb lim: 899 exec/s: 15506 rss: 458Mb L: 5/899 MS: 1 EraseBytes-
#139672	NEW    cov: 1690 ft: 6156 corp: 877/369Kb lim: 899 exec/s: 15519 rss: 459Mb L: 360/899 MS: 1 CopyPart-
#139673	REDUCE cov: 1690 ft: 6156 corp: 877/369Kb lim: 899 exec/s: 15519 rss: 459Mb L: 562/899 MS: 1 EraseBytes-
#139715	NEW    cov: 1690 ft: 6158 corp: 878/369Kb lim: 899 exec/s: 15523 rss: 459Mb L: 268/899 MS: 2 ChangeASCIIInt-InsertByte-
#139861	REDUCE cov: 1690 ft: 6158 corp: 878/369Kb lim: 899 exec/s: 15540 rss: 459Mb L: 161/899 MS: 1 EraseBytes-
#139939	REDUCE cov: 1690 ft: 6158 corp: 878/369Kb lim: 899 exec/s: 15548 rss: 459Mb L: 842/899 MS: 3 CopyPart-PersAutoDict-EraseBytes- DE: "\000\011"-
#139975	REDUCE cov: 1690 ft: 6158 corp: 878/369Kb lim: 899 exec/s: 15552 rss: 459Mb L: 181/899 MS: 1 EraseBytes-
#140226	REDUCE cov: 1690 ft: 6158 corp: 878/369Kb lim: 899 exec/s: 15580 rss: 459Mb L: 390/899 MS: 1 EraseBytes-
#140302	REDUCE cov: 1690 ft: 6158 corp: 878/369Kb lim: 899 exec/s: 15589 rss: 459Mb L: 157/899 MS: 1 EraseBytes-
#140373	REDUCE cov: 1690 ft: 6158 corp: 878/369Kb lim: 899 exec/s: 15597 rss: 459Mb L: 101/899 MS: 1 EraseBytes-
#140515	REDUCE cov: 1690 ft: 6158 corp: 878/369Kb lim: 899 exec/s: 15612 rss: 459Mb L: 224/899 MS: 2 InsertRepeatedBytes-CrossOver-
#140550	REDUCE cov: 1690 ft: 6158 corp: 878/369Kb lim: 899 exec/s: 15616 rss: 459Mb L: 221/899 MS: 5 ChangeASCIIInt-EraseBytes-ChangeBit-ShuffleBytes-CopyPart-
#140561	REDUCE cov: 1690 ft: 6158 corp: 878/369Kb lim: 899 exec/s: 15617 rss: 459Mb L: 683/899 MS: 1 EraseBytes-
#140657	REDUCE cov: 1690 ft: 6158 corp: 878/369Kb lim: 899 exec/s: 15628 rss: 459Mb L: 96/899 MS: 1 EraseBytes-
#140753	REDUCE cov: 1690 ft: 6158 corp: 878/369Kb lim: 899 exec/s: 15639 rss: 459Mb L: 564/899 MS: 1 EraseBytes-
#140849	REDUCE cov: 1690 ft: 6158 corp: 878/369Kb lim: 899 exec/s: 15649 rss: 459Mb L: 531/899 MS: 1 EraseBytes-
#140881	REDUCE cov: 1690 ft: 6158 corp: 878/369Kb lim: 899 exec/s: 15653 rss: 459Mb L: 688/899 MS: 2 PersAutoDict-EraseBytes- DE: "\001\000\000\000\000\000\000\000"-
#140918	REDUCE cov: 1690 ft: 6158 corp: 878/369Kb lim: 899 exec/s: 15657 rss: 460Mb L: 650/899 MS: 2 ChangeASCIIInt-EraseBytes-
#141060	REDUCE cov: 1690 ft: 6166 corp: 879/370Kb lim: 899 exec/s: 15673 rss: 460Mb L: 778/899 MS: 2 ChangeByte-ChangeBit-
#141220	NEW    cov: 1690 ft: 6167 corp: 880/370Kb lim: 899 exec/s: 15691 rss: 460Mb L: 569/899 MS: 5 InsertByte-CopyPart-ChangeASCIIInt-InsertByte-EraseBytes-
#141271	REDUCE cov: 1690 ft: 6167 corp: 880/370Kb lim: 899 exec/s: 15696 rss: 460Mb L: 637/899 MS: 1 EraseBytes-
#141272	REDUCE cov: 1690 ft: 6167 corp: 880/370Kb lim: 899 exec/s: 15696 rss: 460Mb L: 246/899 MS: 1 EraseBytes-
#141293	REDUCE cov: 1690 ft: 6167 corp: 880/370Kb lim: 899 exec/s: 15699 rss: 460Mb L: 206/899 MS: 1 EraseBytes-
#141320	REDUCE cov: 1690 ft: 6167 corp: 880/370Kb lim: 899 exec/s: 15702 rss: 460Mb L: 148/899 MS: 2 InsertRepeatedBytes-CrossOver-
#141366	REDUCE cov: 1690 ft: 6167 corp: 880/370Kb lim: 899 exec/s: 15707 rss: 460Mb L: 672/899 MS: 1 EraseBytes-
#141379	REDUCE cov: 1690 ft: 6167 corp: 880/370Kb lim: 899 exec/s: 15708 rss: 460Mb L: 385/899 MS: 3 ChangeASCIIInt-ChangeASCIIInt-EraseBytes-
#141600	REDUCE cov: 1690 ft: 6167 corp: 880/370Kb lim: 899 exec/s: 15733 rss: 460Mb L: 335/899 MS: 1 CrossOver-
#141739	REDUCE cov: 1690 ft: 6168 corp: 881/370Kb lim: 899 exec/s: 15748 rss: 460Mb L: 178/899 MS: 4 ShuffleBytes-CMP-CopyPart-PersAutoDict- DE: "\010\000"-"\001\000\000\000\000\000\002\012"-
#141790	REDUCE cov: 1690 ft: 6168 corp: 881/370Kb lim: 899 exec/s: 15754 rss: 460Mb L: 131/899 MS: 1 EraseBytes-
#141851	REDUCE cov: 1690 ft: 6168 corp: 881/370Kb lim: 899 exec/s: 15761 rss: 460Mb L: 824/899 MS: 1 EraseBytes-
#142117	REDUCE cov: 1690 ft: 6168 corp: 881/370Kb lim: 899 exec/s: 15790 rss: 460Mb L: 231/899 MS: 1 EraseBytes-
#142523	REDUCE cov: 1690 ft: 6168 corp: 881/370Kb lim: 899 exec/s: 15835 rss: 460Mb L: 161/899 MS: 1 EraseBytes-
#142737	REDUCE cov: 1690 ft: 6168 corp: 881/370Kb lim: 899 exec/s: 15859 rss: 460Mb L: 218/899 MS: 4 EraseBytes-ShuffleBytes-CopyPart-InsertRepeatedBytes-
#142778	REDUCE cov: 1690 ft: 6168 corp: 881/370Kb lim: 899 exec/s: 15864 rss: 461Mb L: 72/899 MS: 1 EraseBytes-
#142887	REDUCE cov: 1690 ft: 6168 corp: 881/370Kb lim: 899 exec/s: 14288 rss: 461Mb L: 668/899 MS: 4 InsertRepeatedBytes-ChangeASCIIInt-ShuffleBytes-EraseBytes-
#142984	REDUCE cov: 1690 ft: 6168 corp: 881/370Kb lim: 899 exec/s: 14298 rss: 461Mb L: 23/899 MS: 2 ChangeByte-EraseBytes-
#143065	REDUCE cov: 1690 ft: 6168 corp: 881/370Kb lim: 899 exec/s: 14306 rss: 461Mb L: 776/899 MS: 1 EraseBytes-
#143326	REDUCE cov: 1690 ft: 6168 corp: 881/370Kb lim: 899 exec/s: 14332 rss: 461Mb L: 186/899 MS: 1 EraseBytes-
#143387	REDUCE cov: 1690 ft: 6168 corp: 881/370Kb lim: 899 exec/s: 14338 rss: 461Mb L: 389/899 MS: 1 EraseBytes-
#143553	REDUCE cov: 1690 ft: 6168 corp: 881/369Kb lim: 899 exec/s: 14355 rss: 462Mb L: 739/899 MS: 1 EraseBytes-
#143713	REDUCE cov: 1690 ft: 6168 corp: 881/369Kb lim: 899 exec/s: 14371 rss: 462Mb L: 628/899 MS: 5 ShuffleBytes-ChangeASCIIInt-PersAutoDict-ChangeByte-EraseBytes- DE: "\000\000\000\000\000\000\001\025"-
#143845	REDUCE cov: 1690 ft: 6168 corp: 881/369Kb lim: 899 exec/s: 14384 rss: 462Mb L: 22/899 MS: 2 ChangeBit-EraseBytes-
#143927	REDUCE cov: 1690 ft: 6168 corp: 881/369Kb lim: 899 exec/s: 14392 rss: 462Mb L: 599/899 MS: 2 ChangeBit-EraseBytes-
#143963	REDUCE cov: 1690 ft: 6168 corp: 881/369Kb lim: 899 exec/s: 14396 rss: 462Mb L: 240/899 MS: 1 EraseBytes-
#143981	REDUCE cov: 1690 ft: 6169 corp: 882/370Kb lim: 899 exec/s: 14398 rss: 462Mb L: 404/899 MS: 3 InsertByte-ChangeASCIIInt-CopyPart-
#144067	NEW    cov: 1690 ft: 6170 corp: 883/370Kb lim: 899 exec/s: 14406 rss: 462Mb L: 831/899 MS: 1 CopyPart-
#144102	REDUCE cov: 1690 ft: 6170 corp: 883/370Kb lim: 899 exec/s: 14410 rss: 462Mb L: 46/899 MS: 5 InsertByte-InsertByte-InsertByte-ChangeBit-CrossOver-
#144103	REDUCE cov: 1690 ft: 6170 corp: 883/370Kb lim: 899 exec/s: 14410 rss: 462Mb L: 171/899 MS: 1 EraseBytes-
#144224	REDUCE cov: 1690 ft: 6170 corp: 883/370Kb lim: 899 exec/s: 14422 rss: 462Mb L: 90/899 MS: 1 EraseBytes-
#144576	REDUCE cov: 1690 ft: 6170 corp: 883/370Kb lim: 899 exec/s: 14457 rss: 462Mb L: 117/899 MS: 2 ChangeBinInt-EraseBytes-
#144647	REDUCE cov: 1690 ft: 6170 corp: 883/370Kb lim: 899 exec/s: 14464 rss: 462Mb L: 164/899 MS: 1 EraseBytes-
#144755	REDUCE cov: 1690 ft: 6170 corp: 883/370Kb lim: 899 exec/s: 14475 rss: 462Mb L: 317/899 MS: 3 PersAutoDict-ShuffleBytes-EraseBytes- DE: "\001\000\000\000\000\000\000\015"-
#144862	NEW    cov: 1690 ft: 6177 corp: 884/371Kb lim: 899 exec/s: 14486 rss: 462Mb L: 895/899 MS: 2 InsertRepeatedBytes-ChangeBit-
#144878	REDUCE cov: 1690 ft: 6177 corp: 884/371Kb lim: 899 exec/s: 14487 rss: 462Mb L: 133/899 MS: 1 EraseBytes-
#145013	REDUCE cov: 1690 ft: 6178 corp: 885/372Kb lim: 899 exec/s: 14501 rss: 462Mb L: 605/899 MS: 5 PersAutoDict-ChangeByte-ShuffleBytes-ChangeBit-PersAutoDict- DE: "0.\000\000"-"0\000"-
#145019	REDUCE cov: 1690 ft: 6178 corp: 885/372Kb lim: 899 exec/s: 14501 rss: 462Mb L: 256/899 MS: 1 EraseBytes-
#145625	REDUCE cov: 1690 ft: 6178 corp: 885/372Kb lim: 899 exec/s: 14562 rss: 462Mb L: 669/899 MS: 1 EraseBytes-
#145690	REDUCE cov: 1690 ft: 6178 corp: 885/372Kb lim: 899 exec/s: 14569 rss: 462Mb L: 741/899 MS: 5 PersAutoDict-ShuffleBytes-InsertRepeatedBytes-InsertRepeatedBytes-EraseBytes- DE: "\377\377\001b"-
#145693	REDUCE cov: 1690 ft: 6178 corp: 885/371Kb lim: 899 exec/s: 14569 rss: 462Mb L: 143/899 MS: 3 ChangeByte-ChangeBit-EraseBytes-
#145706	REDUCE cov: 1690 ft: 6178 corp: 885/371Kb lim: 899 exec/s: 14570 rss: 462Mb L: 40/899 MS: 3 ChangeByte-ChangeBit-EraseBytes-
#145730	REDUCE cov: 1690 ft: 6178 corp: 885/371Kb lim: 899 exec/s: 14573 rss: 462Mb L: 161/899 MS: 4 ChangeBit-CopyPart-ChangeBit-CrossOver-
#145836	REDUCE cov: 1690 ft: 6178 corp: 885/371Kb lim: 899 exec/s: 14583 rss: 462Mb L: 138/899 MS: 1 EraseBytes-
#145862	REDUCE cov: 1690 ft: 6178 corp: 885/371Kb lim: 899 exec/s: 14586 rss: 462Mb L: 126/899 MS: 1 EraseBytes-
#145866	REDUCE cov: 1690 ft: 6178 corp: 885/371Kb lim: 899 exec/s: 14586 rss: 462Mb L: 723/899 MS: 4 ShuffleBytes-ChangeBit-InsertByte-EraseBytes-
#145903	REDUCE cov: 1690 ft: 6178 corp: 885/371Kb lim: 899 exec/s: 14590 rss: 462Mb L: 59/899 MS: 2 CrossOver-EraseBytes-
#146109	REDUCE cov: 1690 ft: 6178 corp: 885/371Kb lim: 899 exec/s: 14610 rss: 462Mb L: 244/899 MS: 1 EraseBytes-
#146221	REDUCE cov: 1690 ft: 6178 corp: 885/371Kb lim: 899 exec/s: 14622 rss: 462Mb L: 174/899 MS: 2 PersAutoDict-EraseBytes- DE: "p\000\000\000\000\000\000\000"-
#146768	REDUCE cov: 1690 ft: 6178 corp: 885/371Kb lim: 899 exec/s: 14676 rss: 462Mb L: 12/899 MS: 2 CrossOver-EraseBytes-
#146799	REDUCE cov: 1690 ft: 6178 corp: 885/371Kb lim: 899 exec/s: 14679 rss: 462Mb L: 139/899 MS: 1 EraseBytes-
#146880	REDUCE cov: 1690 ft: 6178 corp: 885/371Kb lim: 899 exec/s: 14688 rss: 462Mb L: 140/899 MS: 1 EraseBytes-
#147108	REDUCE cov: 1690 ft: 6178 corp: 885/371Kb lim: 899 exec/s: 14710 rss: 462Mb L: 110/899 MS: 3 ChangeASCIIInt-ChangeByte-EraseBytes-
#147230	REDUCE cov: 1690 ft: 6178 corp: 885/371Kb lim: 899 exec/s: 14723 rss: 462Mb L: 94/899 MS: 2 ChangeByte-EraseBytes-
#147261	REDUCE cov: 1690 ft: 6178 corp: 885/371Kb lim: 899 exec/s: 14726 rss: 462Mb L: 133/899 MS: 1 EraseBytes-
#147265	REDUCE cov: 1690 ft: 6178 corp: 885/371Kb lim: 899 exec/s: 14726 rss: 463Mb L: 283/899 MS: 4 InsertRepeatedBytes-ChangeBit-ShuffleBytes-EraseBytes-
#147316	REDUCE cov: 1690 ft: 6178 corp: 885/371Kb lim: 899 exec/s: 14731 rss: 463Mb L: 90/899 MS: 1 EraseBytes-
#147393	REDUCE cov: 1690 ft: 6178 corp: 885/371Kb lim: 899 exec/s: 14739 rss: 463Mb L: 296/899 MS: 2 ChangeBinInt-EraseBytes-
#147439	REDUCE cov: 1690 ft: 6178 corp: 885/371Kb lim: 899 exec/s: 14743 rss: 463Mb L: 476/899 MS: 1 EraseBytes-
#147586	REDUCE cov: 1690 ft: 6178 corp: 885/371Kb lim: 899 exec/s: 14758 rss: 463Mb L: 58/899 MS: 2 CMP-EraseBytes- DE: "\000\000\000\000\000\000\000\003"-
#147657	REDUCE cov: 1690 ft: 6178 corp: 885/370Kb lim: 899 exec/s: 14765 rss: 463Mb L: 439/899 MS: 1 EraseBytes-
#147901	REDUCE cov: 1690 ft: 6178 corp: 885/370Kb lim: 899 exec/s: 14790 rss: 463Mb L: 419/899 MS: 4 CMP-ShuffleBytes-ChangeBinInt-EraseBytes- DE: "\002\000\000\000\000\000\000\000"-
#147944	REDUCE cov: 1690 ft: 6178 corp: 885/370Kb lim: 899 exec/s: 14794 rss: 463Mb L: 147/899 MS: 3 InsertRepeatedBytes-ChangeBit-EraseBytes-
#148092	REDUCE cov: 1690 ft: 6178 corp: 885/370Kb lim: 899 exec/s: 14809 rss: 463Mb L: 792/899 MS: 3 ChangeASCIIInt-ShuffleBytes-EraseBytes-
#148114	REDUCE cov: 1690 ft: 6178 corp: 885/370Kb lim: 899 exec/s: 14811 rss: 463Mb L: 79/899 MS: 2 ShuffleBytes-EraseBytes-
#148192	REDUCE cov: 1690 ft: 6178 corp: 885/370Kb lim: 899 exec/s: 14819 rss: 463Mb L: 201/899 MS: 3 ChangeASCIIInt-PersAutoDict-EraseBytes- DE: "\033\003"-
#148203	REDUCE cov: 1690 ft: 6178 corp: 885/370Kb lim: 899 exec/s: 14820 rss: 463Mb L: 143/899 MS: 1 EraseBytes-
#148212	REDUCE cov: 1690 ft: 6178 corp: 885/370Kb lim: 899 exec/s: 14821 rss: 463Mb L: 343/899 MS: 4 ShuffleBytes-ChangeByte-ChangeBit-EraseBytes-
#148284	REDUCE cov: 1690 ft: 6178 corp: 885/370Kb lim: 899 exec/s: 14828 rss: 463Mb L: 87/899 MS: 2 EraseBytes-CopyPart-
#148306	REDUCE cov: 1690 ft: 6178 corp: 885/370Kb lim: 899 exec/s: 14830 rss: 463Mb L: 541/899 MS: 2 ChangeBinInt-EraseBytes-
#148341	REDUCE cov: 1690 ft: 6178 corp: 885/370Kb lim: 899 exec/s: 14834 rss: 463Mb L: 840/899 MS: 5 ChangeASCIIInt-ChangeBit-ChangeBit-ShuffleBytes-EraseBytes-
#148358	REDUCE cov: 1690 ft: 6178 corp: 885/370Kb lim: 899 exec/s: 14835 rss: 463Mb L: 184/899 MS: 2 ChangeByte-EraseBytes-
#148509	REDUCE cov: 1690 ft: 6178 corp: 885/370Kb lim: 899 exec/s: 14850 rss: 463Mb L: 184/899 MS: 1 EraseBytes-
#148585	REDUCE cov: 1690 ft: 6178 corp: 885/370Kb lim: 899 exec/s: 14858 rss: 463Mb L: 178/899 MS: 1 EraseBytes-
#148632	REDUCE cov: 1690 ft: 6178 corp: 885/370Kb lim: 899 exec/s: 14863 rss: 463Mb L: 91/899 MS: 2 ChangeBit-EraseBytes-
#148713	REDUCE cov: 1690 ft: 6178 corp: 885/370Kb lim: 899 exec/s: 14871 rss: 463Mb L: 317/899 MS: 1 EraseBytes-
#148825	REDUCE cov: 1690 ft: 6178 corp: 885/370Kb lim: 899 exec/s: 14882 rss: 463Mb L: 289/899 MS: 2 ChangeByte-EraseBytes-
#148922	REDUCE cov: 1690 ft: 6178 corp: 885/370Kb lim: 899 exec/s: 14892 rss: 463Mb L: 650/899 MS: 2 InsertByte-EraseBytes-
#149212	REDUCE cov: 1690 ft: 6178 corp: 885/370Kb lim: 899 exec/s: 14921 rss: 464Mb L: 461/899 MS: 5 ChangeBinInt-ChangeBinInt-PersAutoDict-CopyPart-EraseBytes- DE: "\001\000\000!"-
#149719	REDUCE cov: 1690 ft: 6178 corp: 885/369Kb lim: 899 exec/s: 14971 rss: 464Mb L: 529/899 MS: 2 ChangeBinInt-EraseBytes-
#149830	REDUCE cov: 1690 ft: 6178 corp: 885/369Kb lim: 899 exec/s: 14983 rss: 464Mb L: 14/899 MS: 1 EraseBytes-
#149907	REDUCE cov: 1690 ft: 6178 corp: 885/369Kb lim: 899 exec/s: 14990 rss: 464Mb L: 722/899 MS: 2 InsertByte-EraseBytes-
#149923	REDUCE cov: 1690 ft: 6185 corp: 886/369Kb lim: 899 exec/s: 14992 rss: 464Mb L: 13/899 MS: 1 CopyPart-
#150129	REDUCE cov: 1690 ft: 6185 corp: 886/369Kb lim: 899 exec/s: 15012 rss: 464Mb L: 880/899 MS: 1 EraseBytes-
#150437	REDUCE cov: 1690 ft: 6185 corp: 886/369Kb lim: 899 exec/s: 15043 rss: 464Mb L: 382/899 MS: 3 InsertByte-ChangeByte-EraseBytes-
#150448	REDUCE cov: 1690 ft: 6185 corp: 886/369Kb lim: 899 exec/s: 15044 rss: 464Mb L: 169/899 MS: 1 EraseBytes-
#150481	REDUCE cov: 1690 ft: 6185 corp: 886/369Kb lim: 899 exec/s: 15048 rss: 464Mb L: 292/899 MS: 3 ShuffleBytes-ShuffleBytes-EraseBytes-
#150490	REDUCE cov: 1690 ft: 6185 corp: 886/369Kb lim: 899 exec/s: 15049 rss: 464Mb L: 594/899 MS: 4 ShuffleBytes-PersAutoDict-EraseBytes-ChangeBit- DE: "i\001"-
#150547	REDUCE cov: 1690 ft: 6185 corp: 886/369Kb lim: 899 exec/s: 15054 rss: 464Mb L: 170/899 MS: 2 ChangeBinInt-EraseBytes-
#150571	REDUCE cov: 1690 ft: 6185 corp: 886/369Kb lim: 899 exec/s: 15057 rss: 464Mb L: 29/899 MS: 4 ChangeByte-ChangeByte-EraseBytes-CMP- DE: "\251\252\252\252\252\252\252\002"-
#150647	REDUCE cov: 1690 ft: 6191 corp: 887/370Kb lim: 899 exec/s: 15064 rss: 464Mb L: 877/899 MS: 1 CopyPart-
#150913	REDUCE cov: 1690 ft: 6191 corp: 887/370Kb lim: 899 exec/s: 15091 rss: 464Mb L: 21/899 MS: 1 EraseBytes-
#150919	REDUCE cov: 1690 ft: 6191 corp: 887/370Kb lim: 899 exec/s: 15091 rss: 464Mb L: 254/899 MS: 1 EraseBytes-
#151000	REDUCE cov: 1690 ft: 6191 corp: 887/370Kb lim: 899 exec/s: 15100 rss: 464Mb L: 505/899 MS: 1 EraseBytes-
#151046	REDUCE cov: 1690 ft: 6191 corp: 887/370Kb lim: 899 exec/s: 15104 rss: 465Mb L: 685/899 MS: 1 EraseBytes-
#151117	REDUCE cov: 1690 ft: 6191 corp: 887/370Kb lim: 899 exec/s: 15111 rss: 465Mb L: 57/899 MS: 1 EraseBytes-
#151150	REDUCE cov: 1690 ft: 6191 corp: 887/370Kb lim: 899 exec/s: 15115 rss: 465Mb L: 538/899 MS: 3 EraseBytes-ShuffleBytes-CopyPart-
#151151	REDUCE cov: 1690 ft: 6191 corp: 887/370Kb lim: 899 exec/s: 15115 rss: 465Mb L: 611/899 MS: 1 EraseBytes-
#151193	REDUCE cov: 1690 ft: 6191 corp: 887/370Kb lim: 899 exec/s: 15119 rss: 465Mb L: 280/899 MS: 2 ChangeBinInt-EraseBytes-
#151205	REDUCE cov: 1690 ft: 6191 corp: 887/370Kb lim: 899 exec/s: 15120 rss: 465Mb L: 256/899 MS: 2 ShuffleBytes-EraseBytes-
#151226	REDUCE cov: 1690 ft: 6191 corp: 887/369Kb lim: 899 exec/s: 15122 rss: 465Mb L: 107/899 MS: 1 EraseBytes-
#151254	REDUCE cov: 1690 ft: 6191 corp: 887/369Kb lim: 899 exec/s: 15125 rss: 465Mb L: 37/899 MS: 3 ChangeBinInt-CopyPart-EraseBytes-
#151322	REDUCE cov: 1690 ft: 6191 corp: 887/369Kb lim: 899 exec/s: 15132 rss: 465Mb L: 724/899 MS: 3 ChangeBinInt-InsertByte-EraseBytes-
#151423	NEW    cov: 1690 ft: 6194 corp: 888/370Kb lim: 899 exec/s: 15142 rss: 465Mb L: 247/899 MS: 1 InsertRepeatedBytes-
#151484	REDUCE cov: 1690 ft: 6194 corp: 888/369Kb lim: 899 exec/s: 15148 rss: 465Mb L: 687/899 MS: 1 EraseBytes-
#151596	REDUCE cov: 1690 ft: 6194 corp: 888/369Kb lim: 899 exec/s: 15159 rss: 465Mb L: 107/899 MS: 2 PersAutoDict-EraseBytes- DE: "\001\000\0015"-
#151636	REDUCE cov: 1690 ft: 6194 corp: 888/369Kb lim: 899 exec/s: 15163 rss: 465Mb L: 51/899 MS: 5 PersAutoDict-ChangeBinInt-ChangeBit-ShuffleBytes-EraseBytes- DE: "U\002"-
#151658	REDUCE cov: 1690 ft: 6194 corp: 888/369Kb lim: 899 exec/s: 15165 rss: 465Mb L: 330/899 MS: 2 ChangeASCIIInt-EraseBytes-
#151719	REDUCE cov: 1690 ft: 6194 corp: 888/369Kb lim: 899 exec/s: 15171 rss: 465Mb L: 94/899 MS: 1 EraseBytes-
#151825	REDUCE cov: 1690 ft: 6194 corp: 888/369Kb lim: 899 exec/s: 15182 rss: 465Mb L: 457/899 MS: 1 EraseBytes-
#151826	NEW    cov: 1690 ft: 6200 corp: 889/370Kb lim: 899 exec/s: 15182 rss: 465Mb L: 795/899 MS: 1 EraseBytes-
#151992	REDUCE cov: 1690 ft: 6200 corp: 889/370Kb lim: 899 exec/s: 15199 rss: 465Mb L: 862/899 MS: 1 EraseBytes-
#152178	REDUCE cov: 1690 ft: 6200 corp: 889/370Kb lim: 899 exec/s: 15217 rss: 465Mb L: 2/899 MS: 1 EraseBytes-
#152184	REDUCE cov: 1690 ft: 6200 corp: 889/370Kb lim: 899 exec/s: 15218 rss: 465Mb L: 513/899 MS: 1 EraseBytes-
#152515	REDUCE cov: 1690 ft: 6200 corp: 889/370Kb lim: 899 exec/s: 15251 rss: 466Mb L: 425/899 MS: 1 EraseBytes-
#152533	NEW    cov: 1690 ft: 6202 corp: 890/370Kb lim: 899 exec/s: 15253 rss: 466Mb L: 174/899 MS: 3 ChangeBinInt-ChangeASCIIInt-EraseBytes-
#152549	REDUCE cov: 1690 ft: 6203 corp: 891/370Kb lim: 899 exec/s: 15254 rss: 466Mb L: 146/899 MS: 1 EraseBytes-
#152561	REDUCE cov: 1690 ft: 6203 corp: 891/370Kb lim: 899 exec/s: 15256 rss: 466Mb L: 53/899 MS: 2 PersAutoDict-EraseBytes- DE: "\0043333333"-
#152598	REDUCE cov: 1690 ft: 6203 corp: 891/370Kb lim: 899 exec/s: 15259 rss: 466Mb L: 434/899 MS: 2 ChangeByte-EraseBytes-
#152754	REDUCE cov: 1690 ft: 6203 corp: 891/370Kb lim: 899 exec/s: 15275 rss: 466Mb L: 229/899 MS: 1 EraseBytes-
#152771	REDUCE cov: 1690 ft: 6203 corp: 891/370Kb lim: 899 exec/s: 15277 rss: 466Mb L: 500/899 MS: 2 CrossOver-EraseBytes-
#152898	REDUCE cov: 1690 ft: 6203 corp: 891/370Kb lim: 899 exec/s: 15289 rss: 466Mb L: 36/899 MS: 2 ChangeASCIIInt-EraseBytes-
#152974	REDUCE cov: 1690 ft: 6203 corp: 891/370Kb lim: 899 exec/s: 15297 rss: 466Mb L: 270/899 MS: 1 EraseBytes-
#153010	REDUCE cov: 1690 ft: 6203 corp: 891/370Kb lim: 899 exec/s: 15301 rss: 466Mb L: 719/899 MS: 1 EraseBytes-
#153111	REDUCE cov: 1690 ft: 6203 corp: 891/370Kb lim: 899 exec/s: 15311 rss: 467Mb L: 290/899 MS: 1 EraseBytes-
#153266	REDUCE cov: 1690 ft: 6203 corp: 891/370Kb lim: 899 exec/s: 15326 rss: 467Mb L: 65/899 MS: 5 InsertRepeatedBytes-InsertByte-ShuffleBytes-ShuffleBytes-EraseBytes-
#153348	REDUCE cov: 1690 ft: 6203 corp: 891/370Kb lim: 899 exec/s: 15334 rss: 467Mb L: 259/899 MS: 2 ChangeASCIIInt-EraseBytes-
#153588	REDUCE cov: 1690 ft: 6205 corp: 892/370Kb lim: 899 exec/s: 15358 rss: 467Mb L: 280/899 MS: 5 CopyPart-ChangeASCIIInt-ChangeASCIIInt-ChangeByte-EraseBytes-
#153609	REDUCE cov: 1690 ft: 6205 corp: 892/370Kb lim: 899 exec/s: 15360 rss: 467Mb L: 340/899 MS: 1 EraseBytes-
#153795	REDUCE cov: 1690 ft: 6205 corp: 892/370Kb lim: 899 exec/s: 15379 rss: 467Mb L: 251/899 MS: 1 EraseBytes-
#153929	REDUCE cov: 1690 ft: 6205 corp: 892/370Kb lim: 899 exec/s: 15392 rss: 467Mb L: 157/899 MS: 4 CrossOver-InsertRepeatedBytes-CMP-EraseBytes- DE: "\001\000\000\000"-
#153968	REDUCE cov: 1690 ft: 6205 corp: 892/370Kb lim: 899 exec/s: 15396 rss: 467Mb L: 134/899 MS: 4 ChangeBinInt-CMP-PersAutoDict-EraseBytes- DE: "\001\012"-"\001A"-
#154224	REDUCE cov: 1690 ft: 6205 corp: 892/369Kb lim: 899 exec/s: 15422 rss: 467Mb L: 464/899 MS: 1 EraseBytes-
#154270	REDUCE cov: 1690 ft: 6205 corp: 892/369Kb lim: 899 exec/s: 15427 rss: 467Mb L: 83/899 MS: 1 EraseBytes-
#154290	REDUCE cov: 1690 ft: 6205 corp: 892/369Kb lim: 899 exec/s: 15429 rss: 467Mb L: 207/899 MS: 5 ShuffleBytes-InsertByte-ChangeBit-ChangeBinInt-EraseBytes-
#154322	REDUCE cov: 1690 ft: 6205 corp: 892/369Kb lim: 899 exec/s: 15432 rss: 467Mb L: 635/899 MS: 2 ChangeByte-EraseBytes-
#154358	REDUCE cov: 1690 ft: 6205 corp: 892/369Kb lim: 899 exec/s: 15435 rss: 467Mb L: 356/899 MS: 1 EraseBytes-
#154489	REDUCE cov: 1690 ft: 6205 corp: 892/369Kb lim: 899 exec/s: 15448 rss: 467Mb L: 135/899 MS: 1 EraseBytes-
#154495	REDUCE cov: 1690 ft: 6205 corp: 892/369Kb lim: 899 exec/s: 15449 rss: 467Mb L: 672/899 MS: 1 EraseBytes-
#155008	REDUCE cov: 1690 ft: 6205 corp: 892/369Kb lim: 899 exec/s: 15500 rss: 467Mb L: 220/899 MS: 3 ChangeBit-ShuffleBytes-EraseBytes-
#155041	REDUCE cov: 1690 ft: 6205 corp: 892/369Kb lim: 899 exec/s: 15504 rss: 467Mb L: 865/899 MS: 3 PersAutoDict-ChangeBit-EraseBytes- DE: "\017\000"-
#155092	REDUCE cov: 1690 ft: 6206 corp: 893/370Kb lim: 899 exec/s: 15509 rss: 467Mb L: 669/899 MS: 1 CopyPart-
#155345	NEW    cov: 1690 ft: 6207 corp: 894/371Kb lim: 899 exec/s: 15534 rss: 467Mb L: 675/899 MS: 3 EraseBytes-InsertByte-ShuffleBytes-
#155566	REDUCE cov: 1690 ft: 6207 corp: 894/370Kb lim: 899 exec/s: 15556 rss: 467Mb L: 417/899 MS: 1 EraseBytes-
#155682	REDUCE cov: 1690 ft: 6207 corp: 894/370Kb lim: 899 exec/s: 15568 rss: 467Mb L: 4/899 MS: 1 EraseBytes-
#155725	REDUCE cov: 1690 ft: 6207 corp: 894/370Kb lim: 899 exec/s: 15572 rss: 467Mb L: 507/899 MS: 3 PersAutoDict-ChangeBit-EraseBytes- DE: "\377\377\001b"-
#155741	REDUCE cov: 1690 ft: 6207 corp: 894/370Kb lim: 899 exec/s: 15574 rss: 467Mb L: 101/899 MS: 1 EraseBytes-
#155767	REDUCE cov: 1690 ft: 6207 corp: 894/370Kb lim: 899 exec/s: 15576 rss: 467Mb L: 280/899 MS: 1 EraseBytes-
#155800	REDUCE cov: 1690 ft: 6207 corp: 894/370Kb lim: 899 exec/s: 15580 rss: 467Mb L: 786/899 MS: 3 ChangeBinInt-InsertByte-EraseBytes-
#155918	REDUCE cov: 1690 ft: 6207 corp: 894/370Kb lim: 899 exec/s: 15591 rss: 467Mb L: 222/899 MS: 3 ShuffleBytes-ChangeByte-EraseBytes-
#156100	REDUCE cov: 1690 ft: 6207 corp: 894/370Kb lim: 899 exec/s: 15610 rss: 467Mb L: 210/899 MS: 2 ShuffleBytes-EraseBytes-
#156166	NEW    cov: 1690 ft: 6208 corp: 895/371Kb lim: 899 exec/s: 15616 rss: 467Mb L: 573/899 MS: 1 InsertByte-
#156198	REDUCE cov: 1690 ft: 6208 corp: 895/371Kb lim: 899 exec/s: 15619 rss: 468Mb L: 458/899 MS: 2 CopyPart-EraseBytes-
#156505	REDUCE cov: 1690 ft: 6208 corp: 895/371Kb lim: 899 exec/s: 15650 rss: 468Mb L: 33/899 MS: 2 PersAutoDict-EraseBytes- DE: "\007\000\000\000\000\000\000\000"-
#156867	REDUCE cov: 1690 ft: 6208 corp: 895/371Kb lim: 899 exec/s: 15686 rss: 468Mb L: 187/899 MS: 2 InsertByte-EraseBytes-
#157144	REDUCE cov: 1690 ft: 6209 corp: 896/371Kb lim: 899 exec/s: 14285 rss: 468Mb L: 886/899 MS: 2 CrossOver-CopyPart-
#157220	REDUCE cov: 1690 ft: 6209 corp: 896/371Kb lim: 899 exec/s: 14292 rss: 468Mb L: 19/899 MS: 1 EraseBytes-
#157394	REDUCE cov: 1690 ft: 6209 corp: 896/371Kb lim: 899 exec/s: 14308 rss: 468Mb L: 42/899 MS: 4 CopyPart-ShuffleBytes-ChangeBit-EraseBytes-
#157441	REDUCE cov: 1690 ft: 6209 corp: 896/371Kb lim: 899 exec/s: 14312 rss: 468Mb L: 30/899 MS: 2 CopyPart-EraseBytes-
#157658	REDUCE cov: 1690 ft: 6209 corp: 896/371Kb lim: 899 exec/s: 14332 rss: 468Mb L: 227/899 MS: 2 ShuffleBytes-EraseBytes-
#157979	REDUCE cov: 1690 ft: 6209 corp: 896/371Kb lim: 899 exec/s: 14361 rss: 468Mb L: 82/899 MS: 1 EraseBytes-
#158045	REDUCE cov: 1690 ft: 6209 corp: 896/371Kb lim: 899 exec/s: 14367 rss: 468Mb L: 200/899 MS: 1 EraseBytes-
#158157	REDUCE cov: 1690 ft: 6209 corp: 896/371Kb lim: 899 exec/s: 14377 rss: 468Mb L: 221/899 MS: 2 ChangeBit-EraseBytes-
#158259	REDUCE cov: 1690 ft: 6209 corp: 896/371Kb lim: 899 exec/s: 14387 rss: 468Mb L: 659/899 MS: 2 ShuffleBytes-EraseBytes-
#158337	NEW    cov: 1690 ft: 6211 corp: 897/372Kb lim: 899 exec/s: 14394 rss: 468Mb L: 575/899 MS: 3 ChangeBit-ChangeASCIIInt-CopyPart-
#158368	REDUCE cov: 1690 ft: 6211 corp: 897/372Kb lim: 899 exec/s: 14397 rss: 468Mb L: 470/899 MS: 1 EraseBytes-
#158387	NEW    cov: 1690 ft: 6212 corp: 898/373Kb lim: 899 exec/s: 14398 rss: 468Mb L: 874/899 MS: 4 InsertRepeatedBytes-CMP-ChangeByte-CopyPart- DE: "^\004\000\000"-
#158599	NEW    cov: 1691 ft: 6213 corp: 899/373Kb lim: 899 exec/s: 14418 rss: 468Mb L: 273/899 MS: 2 CopyPart-CopyPart-
#158736	REDUCE cov: 1691 ft: 6213 corp: 899/373Kb lim: 899 exec/s: 14430 rss: 469Mb L: 799/899 MS: 2 CrossOver-EraseBytes-
#158793	REDUCE cov: 1691 ft: 6213 corp: 899/373Kb lim: 899 exec/s: 14435 rss: 469Mb L: 192/899 MS: 2 EraseBytes-InsertByte-
#158810	REDUCE cov: 1691 ft: 6213 corp: 899/373Kb lim: 899 exec/s: 14437 rss: 469Mb L: 436/899 MS: 2 InsertRepeatedBytes-EraseBytes-
#159326	REDUCE cov: 1691 ft: 6213 corp: 899/373Kb lim: 899 exec/s: 14484 rss: 469Mb L: 34/899 MS: 1 EraseBytes-
#159329	REDUCE cov: 1691 ft: 6213 corp: 899/373Kb lim: 899 exec/s: 14484 rss: 469Mb L: 15/899 MS: 3 ShuffleBytes-ChangeBinInt-EraseBytes-
#159375	NEW    cov: 1691 ft: 6217 corp: 900/374Kb lim: 899 exec/s: 14488 rss: 469Mb L: 896/899 MS: 1 CopyPart-
#159426	REDUCE cov: 1691 ft: 6217 corp: 900/374Kb lim: 899 exec/s: 14493 rss: 469Mb L: 827/899 MS: 1 EraseBytes-
#159573	REDUCE cov: 1691 ft: 6217 corp: 900/374Kb lim: 899 exec/s: 14506 rss: 469Mb L: 116/899 MS: 2 ShuffleBytes-EraseBytes-
#159692	REDUCE cov: 1691 ft: 6217 corp: 900/374Kb lim: 899 exec/s: 14517 rss: 469Mb L: 160/899 MS: 4 CopyPart-CrossOver-CMP-EraseBytes- DE: "\021\000\000\000"-
#159733	REDUCE cov: 1691 ft: 6217 corp: 900/373Kb lim: 899 exec/s: 14521 rss: 469Mb L: 161/899 MS: 1 EraseBytes-
#159809	REDUCE cov: 1691 ft: 6217 corp: 900/373Kb lim: 899 exec/s: 14528 rss: 469Mb L: 172/899 MS: 1 EraseBytes-
#159881	REDUCE cov: 1691 ft: 6217 corp: 900/373Kb lim: 899 exec/s: 14534 rss: 469Mb L: 782/899 MS: 2 InsertByte-EraseBytes-
#160047	REDUCE cov: 1691 ft: 6217 corp: 900/373Kb lim: 899 exec/s: 14549 rss: 469Mb L: 517/899 MS: 1 EraseBytes-
#160399	REDUCE cov: 1691 ft: 6217 corp: 900/373Kb lim: 899 exec/s: 14581 rss: 470Mb L: 531/899 MS: 2 PersAutoDict-EraseBytes- DE: "\001\000\000\000\000\000\000\003"-
#160430	REDUCE cov: 1691 ft: 6217 corp: 900/373Kb lim: 899 exec/s: 14584 rss: 470Mb L: 526/899 MS: 1 EraseBytes-
#160554	REDUCE cov: 1691 ft: 6217 corp: 900/373Kb lim: 899 exec/s: 14595 rss: 470Mb L: 24/899 MS: 4 ChangeBit-ChangeBit-ShuffleBytes-EraseBytes-
#160581	REDUCE cov: 1691 ft: 6217 corp: 900/373Kb lim: 899 exec/s: 14598 rss: 470Mb L: 454/899 MS: 2 ChangeByte-EraseBytes-
#160658	REDUCE cov: 1691 ft: 6217 corp: 900/373Kb lim: 899 exec/s: 14605 rss: 470Mb L: 267/899 MS: 2 CMP-EraseBytes- DE: "\000\000"-
#160879	REDUCE cov: 1691 ft: 6217 corp: 900/373Kb lim: 899 exec/s: 14625 rss: 470Mb L: 739/899 MS: 1 EraseBytes-
#160950	REDUCE cov: 1691 ft: 6217 corp: 900/373Kb lim: 899 exec/s: 14631 rss: 470Mb L: 526/899 MS: 1 EraseBytes-
#160970	REDUCE cov: 1691 ft: 6217 corp: 900/373Kb lim: 899 exec/s: 14633 rss: 470Mb L: 35/899 MS: 5 EraseBytes-EraseBytes-ChangeBit-CMP-CopyPart- DE: "\001\000\001\000"-
#161163	REDUCE cov: 1691 ft: 6217 corp: 900/373Kb lim: 899 exec/s: 14651 rss: 470Mb L: 65/899 MS: 3 InsertByte-ChangeBit-EraseBytes-
#161186	REDUCE cov: 1691 ft: 6217 corp: 900/373Kb lim: 899 exec/s: 14653 rss: 470Mb L: 34/899 MS: 3 CopyPart-CopyPart-EraseBytes-
#161882	REDUCE cov: 1691 ft: 6217 corp: 900/373Kb lim: 899 exec/s: 14716 rss: 470Mb L: 692/899 MS: 1 EraseBytes-
#161979	REDUCE cov: 1691 ft: 6217 corp: 900/373Kb lim: 899 exec/s: 14725 rss: 470Mb L: 115/899 MS: 2 CopyPart-EraseBytes-
#162100	REDUCE cov: 1691 ft: 6217 corp: 900/373Kb lim: 899 exec/s: 14736 rss: 470Mb L: 135/899 MS: 1 EraseBytes-
#162160	REDUCE cov: 1691 ft: 6217 corp: 900/373Kb lim: 899 exec/s: 14741 rss: 470Mb L: 257/899 MS: 5 ShuffleBytes-ChangeBit-ChangeASCIIInt-ChangeASCIIInt-EraseBytes-
#162171	REDUCE cov: 1691 ft: 6219 corp: 901/373Kb lim: 899 exec/s: 14742 rss: 470Mb L: 82/899 MS: 1 ChangeBit-
#162203	REDUCE cov: 1691 ft: 6263 corp: 902/373Kb lim: 899 exec/s: 14745 rss: 470Mb L: 726/899 MS: 2 PersAutoDict-CopyPart- DE: "0\000"-
#162359	REDUCE cov: 1691 ft: 6263 corp: 902/373Kb lim: 899 exec/s: 14759 rss: 470Mb L: 220/899 MS: 1 EraseBytes-
#162376	NEW    cov: 1691 ft: 6266 corp: 903/374Kb lim: 899 exec/s: 14761 rss: 471Mb L: 898/899 MS: 2 CrossOver-CopyPart-
#162447	REDUCE cov: 1691 ft: 6266 corp: 903/374Kb lim: 899 exec/s: 14767 rss: 471Mb L: 31/899 MS: 1 EraseBytes-
#162500	REDUCE cov: 1691 ft: 6266 corp: 903/374Kb lim: 899 exec/s: 14772 rss: 471Mb L: 302/899 MS: 3 ShuffleBytes-ChangeBit-EraseBytes-
#162624	REDUCE cov: 1691 ft: 6266 corp: 903/374Kb lim: 899 exec/s: 14784 rss: 471Mb L: 315/899 MS: 4 PersAutoDict-ChangeByte-PersAutoDict-EraseBytes- DE: "\012\000\000\000\000\000\000\000"-"\017\000"-
#162750	REDUCE cov: 1691 ft: 6266 corp: 903/374Kb lim: 899 exec/s: 14795 rss: 471Mb L: 100/899 MS: 1 EraseBytes-
#162782	REDUCE cov: 1691 ft: 6266 corp: 903/374Kb lim: 899 exec/s: 14798 rss: 471Mb L: 663/899 MS: 2 ShuffleBytes-EraseBytes-
#162883	REDUCE cov: 1691 ft: 6266 corp: 903/374Kb lim: 899 exec/s: 14807 rss: 471Mb L: 203/899 MS: 1 EraseBytes-
#163214	REDUCE cov: 1691 ft: 6266 corp: 903/374Kb lim: 899 exec/s: 14837 rss: 471Mb L: 506/899 MS: 1 EraseBytes-
#163305	REDUCE cov: 1691 ft: 6266 corp: 903/374Kb lim: 899 exec/s: 14845 rss: 471Mb L: 519/899 MS: 1 EraseBytes-
#163446	REDUCE cov: 1691 ft: 6267 corp: 904/375Kb lim: 899 exec/s: 14858 rss: 471Mb L: 494/899 MS: 1 CopyPart-
#163883	REDUCE cov: 1691 ft: 6267 corp: 904/374Kb lim: 899 exec/s: 14898 rss: 471Mb L: 260/899 MS: 2 ShuffleBytes-EraseBytes-
#163993	REDUCE cov: 1691 ft: 6267 corp: 904/374Kb lim: 899 exec/s: 14908 rss: 471Mb L: 48/899 MS: 5 ChangeByte-CopyPart-CopyPart-CMP-EraseBytes- DE: "d\000\000\000\000\000\000\000"-
#164069	NEW    cov: 1691 ft: 6268 corp: 905/375Kb lim: 899 exec/s: 14915 rss: 471Mb L: 899/899 MS: 1 CrossOver-
#164075	REDUCE cov: 1691 ft: 6268 corp: 905/375Kb lim: 899 exec/s: 14915 rss: 471Mb L: 528/899 MS: 1 EraseBytes-
#164168	REDUCE cov: 1691 ft: 6268 corp: 905/375Kb lim: 899 exec/s: 14924 rss: 471Mb L: 242/899 MS: 3 ShuffleBytes-ChangeASCIIInt-EraseBytes-
#164315	REDUCE cov: 1691 ft: 6268 corp: 905/375Kb lim: 899 exec/s: 14937 rss: 471Mb L: 3/899 MS: 2 ShuffleBytes-EraseBytes-
#164362	REDUCE cov: 1691 ft: 6268 corp: 905/375Kb lim: 899 exec/s: 14942 rss: 471Mb L: 506/899 MS: 2 ChangeBit-EraseBytes-
#164468	REDUCE cov: 1691 ft: 6268 corp: 905/375Kb lim: 899 exec/s: 14951 rss: 471Mb L: 47/899 MS: 1 EraseBytes-
#164526	REDUCE cov: 1691 ft: 6269 corp: 906/376Kb lim: 899 exec/s: 14956 rss: 471Mb L: 848/899 MS: 3 CopyPart-InsertRepeatedBytes-CopyPart-
#164850	REDUCE cov: 1691 ft: 6270 corp: 907/376Kb lim: 899 exec/s: 14986 rss: 471Mb L: 220/899 MS: 4 ChangeByte-InsertByte-PersAutoDict-EraseBytes- DE: "\000\000\000\354"-
#165007	REDUCE cov: 1691 ft: 6270 corp: 907/376Kb lim: 899 exec/s: 15000 rss: 471Mb L: 695/899 MS: 2 CMP-EraseBytes- DE: "\005\000"-
#165008	REDUCE cov: 1691 ft: 6270 corp: 907/376Kb lim: 899 exec/s: 15000 rss: 471Mb L: 207/899 MS: 1 EraseBytes-
#165159	REDUCE cov: 1691 ft: 6270 corp: 907/376Kb lim: 899 exec/s: 15014 rss: 471Mb L: 169/899 MS: 1 EraseBytes-
#165287	REDUCE cov: 1691 ft: 6270 corp: 907/376Kb lim: 899 exec/s: 15026 rss: 471Mb L: 194/899 MS: 3 ChangeByte-PersAutoDict-EraseBytes- DE: "\001\000\000\000"-
#165359	REDUCE cov: 1691 ft: 6270 corp: 907/376Kb lim: 899 exec/s: 15032 rss: 471Mb L: 679/899 MS: 2 ChangeBinInt-EraseBytes-
#165445	REDUCE cov: 1691 ft: 6270 corp: 907/376Kb lim: 899 exec/s: 15040 rss: 471Mb L: 176/899 MS: 1 EraseBytes-
#165531	NEW    cov: 1691 ft: 6271 corp: 908/377Kb lim: 899 exec/s: 15048 rss: 471Mb L: 497/899 MS: 1 EraseBytes-
#165632	REDUCE cov: 1691 ft: 6271 corp: 908/377Kb lim: 899 exec/s: 15057 rss: 471Mb L: 10/899 MS: 1 EraseBytes-
#165983	REDUCE cov: 1691 ft: 6271 corp: 908/377Kb lim: 899 exec/s: 15089 rss: 471Mb L: 138/899 MS: 1 EraseBytes-
#166009	REDUCE cov: 1691 ft: 6271 corp: 908/377Kb lim: 899 exec/s: 15091 rss: 471Mb L: 585/899 MS: 1 CrossOver-
#166136	REDUCE cov: 1691 ft: 6271 corp: 908/376Kb lim: 899 exec/s: 15103 rss: 471Mb L: 577/899 MS: 2 ChangeBinInt-EraseBytes-
#166157	REDUCE cov: 1691 ft: 6272 corp: 909/377Kb lim: 899 exec/s: 15105 rss: 471Mb L: 819/899 MS: 1 CopyPart-
#166208	REDUCE cov: 1691 ft: 6273 corp: 910/378Kb lim: 899 exec/s: 15109 rss: 471Mb L: 290/899 MS: 1 ShuffleBytes-
#166279	REDUCE cov: 1691 ft: 6273 corp: 910/378Kb lim: 899 exec/s: 15116 rss: 472Mb L: 12/899 MS: 1 EraseBytes-
#166530	REDUCE cov: 1691 ft: 6273 corp: 910/377Kb lim: 899 exec/s: 15139 rss: 472Mb L: 542/899 MS: 1 EraseBytes-
#166581	REDUCE cov: 1691 ft: 6273 corp: 910/377Kb lim: 899 exec/s: 15143 rss: 472Mb L: 16/899 MS: 1 EraseBytes-
#166808	REDUCE cov: 1691 ft: 6273 corp: 910/377Kb lim: 899 exec/s: 15164 rss: 472Mb L: 761/899 MS: 2 ShuffleBytes-EraseBytes-
#166867	REDUCE cov: 1691 ft: 6274 corp: 911/377Kb lim: 899 exec/s: 15169 rss: 472Mb L: 131/899 MS: 4 ChangeBit-EraseBytes-ChangeASCIIInt-CrossOver-
#166885	REDUCE cov: 1691 ft: 6274 corp: 911/377Kb lim: 899 exec/s: 15171 rss: 472Mb L: 53/899 MS: 3 ShuffleBytes-CopyPart-EraseBytes-
#166947	REDUCE cov: 1691 ft: 6274 corp: 911/377Kb lim: 899 exec/s: 15177 rss: 472Mb L: 239/899 MS: 2 ChangeBit-EraseBytes-
#167153	REDUCE cov: 1691 ft: 6274 corp: 911/377Kb lim: 899 exec/s: 15195 rss: 472Mb L: 803/899 MS: 1 EraseBytes-
#167284	REDUCE cov: 1691 ft: 6274 corp: 911/377Kb lim: 899 exec/s: 15207 rss: 472Mb L: 41/899 MS: 1 EraseBytes-
#167325	REDUCE cov: 1691 ft: 6274 corp: 911/377Kb lim: 899 exec/s: 15211 rss: 472Mb L: 245/899 MS: 1 EraseBytes-
#167331	REDUCE cov: 1691 ft: 6274 corp: 911/377Kb lim: 899 exec/s: 15211 rss: 472Mb L: 115/899 MS: 1 EraseBytes-
#167447	REDUCE cov: 1692 ft: 6275 corp: 912/378Kb lim: 899 exec/s: 15222 rss: 472Mb L: 782/899 MS: 1 ShuffleBytes-
#167530	REDUCE cov: 1692 ft: 6275 corp: 912/378Kb lim: 899 exec/s: 15230 rss: 472Mb L: 177/899 MS: 3 ChangeBinInt-CopyPart-EraseBytes-
#167798	REDUCE cov: 1692 ft: 6275 corp: 912/378Kb lim: 899 exec/s: 15254 rss: 472Mb L: 276/899 MS: 3 PersAutoDict-ChangeASCIIInt-EraseBytes- DE: "fffffff\006"-
#167854	REDUCE cov: 1692 ft: 6275 corp: 912/378Kb lim: 899 exec/s: 15259 rss: 472Mb L: 143/899 MS: 1 EraseBytes-
#168011	REDUCE cov: 1692 ft: 6275 corp: 912/378Kb lim: 899 exec/s: 15273 rss: 472Mb L: 53/899 MS: 2 ShuffleBytes-EraseBytes-
#168142	REDUCE cov: 1692 ft: 6275 corp: 912/378Kb lim: 899 exec/s: 15285 rss: 472Mb L: 514/899 MS: 1 EraseBytes-
#168326	REDUCE cov: 1692 ft: 6275 corp: 912/378Kb lim: 899 exec/s: 15302 rss: 472Mb L: 153/899 MS: 4 ChangeByte-PersAutoDict-PersAutoDict-EraseBytes- DE: "\001\000\000\000\000\000\000\001"-"\000\000\000\000\000\000\000l"-
#168470	REDUCE cov: 1692 ft: 6275 corp: 912/378Kb lim: 899 exec/s: 15315 rss: 473Mb L: 627/899 MS: 4 PersAutoDict-ChangeBit-ShuffleBytes-CrossOver- DE: "0\000"-
#168852	REDUCE cov: 1692 ft: 6275 corp: 912/378Kb lim: 899 exec/s: 15350 rss: 473Mb L: 141/899 MS: 2 CopyPart-EraseBytes-
#168858	REDUCE cov: 1692 ft: 6275 corp: 912/378Kb lim: 899 exec/s: 15350 rss: 473Mb L: 30/899 MS: 1 EraseBytes-
#168895	REDUCE cov: 1692 ft: 6275 corp: 912/378Kb lim: 899 exec/s: 15354 rss: 473Mb L: 392/899 MS: 2 ChangeASCIIInt-EraseBytes-
#168925	REDUCE cov: 1692 ft: 6275 corp: 912/378Kb lim: 899 exec/s: 15356 rss: 473Mb L: 241/899 MS: 5 ChangeBinInt-CopyPart-PersAutoDict-EraseBytes-CopyPart- DE: "\000\000\000\000\000\000\000\020"-
#169002	REDUCE cov: 1692 ft: 6275 corp: 912/378Kb lim: 899 exec/s: 15363 rss: 473Mb L: 12/899 MS: 2 PersAutoDict-EraseBytes- DE: "\024\000"-
#169251	REDUCE cov: 1692 ft: 6275 corp: 912/378Kb lim: 899 exec/s: 15386 rss: 473Mb L: 647/899 MS: 4 CopyPart-InsertByte-ShuffleBytes-EraseBytes-
#169298	REDUCE cov: 1692 ft: 6275 corp: 912/378Kb lim: 899 exec/s: 15390 rss: 473Mb L: 106/899 MS: 2 ChangeBinInt-EraseBytes-
#169574	REDUCE cov: 1692 ft: 6275 corp: 912/378Kb lim: 899 exec/s: 15415 rss: 473Mb L: 48/899 MS: 1 EraseBytes-
#169583	REDUCE cov: 1692 ft: 6275 corp: 912/378Kb lim: 899 exec/s: 15416 rss: 473Mb L: 579/899 MS: 4 ChangeBit-ChangeBit-ChangeBit-EraseBytes-
#169629	REDUCE cov: 1692 ft: 6275 corp: 912/378Kb lim: 899 exec/s: 15420 rss: 473Mb L: 164/899 MS: 1 EraseBytes-
#169637	NEW    cov: 1692 ft: 6278 corp: 913/379Kb lim: 899 exec/s: 15421 rss: 473Mb L: 844/899 MS: 3 ChangeBinInt-InsertByte-InsertByte-
#169669	REDUCE cov: 1692 ft: 6278 corp: 913/379Kb lim: 899 exec/s: 15424 rss: 473Mb L: 90/899 MS: 2 ChangeBinInt-EraseBytes-
#169731	REDUCE cov: 1692 ft: 6278 corp: 913/379Kb lim: 899 exec/s: 15430 rss: 473Mb L: 46/899 MS: 2 CopyPart-EraseBytes-
#169862	REDUCE cov: 1692 ft: 6278 corp: 913/379Kb lim: 899 exec/s: 15442 rss: 473Mb L: 293/899 MS: 1 EraseBytes-
#169936	NEW    cov: 1692 ft: 6279 corp: 914/379Kb lim: 899 exec/s: 15448 rss: 473Mb L: 899/899 MS: 4 ShuffleBytes-ChangeBit-CopyPart-ShuffleBytes-
#169946	REDUCE cov: 1692 ft: 6279 corp: 914/379Kb lim: 899 exec/s: 15449 rss: 473Mb L: 363/899 MS: 5 ChangeASCIIInt-PersAutoDict-InsertByte-ChangeByte-EraseBytes- DE: "\000\000\000\000\000\000\000\010"-
#170012	REDUCE cov: 1692 ft: 6279 corp: 914/379Kb lim: 899 exec/s: 15455 rss: 473Mb L: 153/899 MS: 1 EraseBytes-
#170073	REDUCE cov: 1692 ft: 6279 corp: 914/379Kb lim: 899 exec/s: 15461 rss: 473Mb L: 337/899 MS: 1 EraseBytes-
#170074	REDUCE cov: 1692 ft: 6279 corp: 914/379Kb lim: 899 exec/s: 15461 rss: 473Mb L: 506/899 MS: 1 EraseBytes-
#170115	REDUCE cov: 1692 ft: 6279 corp: 914/379Kb lim: 899 exec/s: 15465 rss: 473Mb L: 726/899 MS: 1 EraseBytes-
#170681	REDUCE cov: 1692 ft: 6279 corp: 914/379Kb lim: 899 exec/s: 15516 rss: 474Mb L: 30/899 MS: 1 EraseBytes-
#170689	REDUCE cov: 1692 ft: 6279 corp: 914/379Kb lim: 899 exec/s: 15517 rss: 474Mb L: 246/899 MS: 3 ShuffleBytes-ChangeASCIIInt-EraseBytes-
#171090	REDUCE cov: 1692 ft: 6279 corp: 914/379Kb lim: 899 exec/s: 15553 rss: 474Mb L: 69/899 MS: 1 EraseBytes-
#171268	REDUCE cov: 1692 ft: 6279 corp: 914/379Kb lim: 899 exec/s: 15569 rss: 474Mb L: 71/899 MS: 3 EraseBytes-InsertByte-PersAutoDict- DE: "\000\000\000\016"-
#171296	REDUCE cov: 1692 ft: 6279 corp: 914/379Kb lim: 899 exec/s: 15572 rss: 474Mb L: 121/899 MS: 3 PersAutoDict-PersAutoDict-EraseBytes- DE: "\000\000\000\000\000\000\000\003"-"\000\000\000\000\000\000\000X"-
#171407	REDUCE cov: 1692 ft: 6279 corp: 914/379Kb lim: 899 exec/s: 15582 rss: 474Mb L: 118/899 MS: 1 EraseBytes-
#171510	NEW    cov: 1692 ft: 6280 corp: 915/380Kb lim: 899 exec/s: 15591 rss: 474Mb L: 899/899 MS: 3 InsertRepeatedBytes-ChangeBit-ChangeByte-
#171731	REDUCE cov: 1692 ft: 6280 corp: 915/380Kb lim: 899 exec/s: 15611 rss: 474Mb L: 62/899 MS: 1 EraseBytes-
#172143	REDUCE cov: 1692 ft: 6280 corp: 915/380Kb lim: 899 exec/s: 14345 rss: 474Mb L: 569/899 MS: 2 CopyPart-EraseBytes-
#172174	REDUCE cov: 1692 ft: 6280 corp: 915/380Kb lim: 899 exec/s: 14347 rss: 474Mb L: 444/899 MS: 1 EraseBytes-
#172565	REDUCE cov: 1693 ft: 6281 corp: 916/380Kb lim: 899 exec/s: 14380 rss: 475Mb L: 291/899 MS: 1 ChangeBit-
#172576	REDUCE cov: 1693 ft: 6281 corp: 916/380Kb lim: 899 exec/s: 14381 rss: 475Mb L: 90/899 MS: 1 EraseBytes-
#172627	REDUCE cov: 1693 ft: 6281 corp: 916/380Kb lim: 899 exec/s: 14385 rss: 475Mb L: 188/899 MS: 1 EraseBytes-
#172775	REDUCE cov: 1693 ft: 6281 corp: 916/380Kb lim: 899 exec/s: 14397 rss: 475Mb L: 551/899 MS: 3 InsertRepeatedBytes-ShuffleBytes-EraseBytes-
#172786	REDUCE cov: 1693 ft: 6281 corp: 916/380Kb lim: 899 exec/s: 14398 rss: 475Mb L: 831/899 MS: 1 EraseBytes-
#172797	REDUCE cov: 1693 ft: 6281 corp: 916/380Kb lim: 899 exec/s: 14399 rss: 475Mb L: 66/899 MS: 1 EraseBytes-
#172818	NEW    cov: 1693 ft: 6282 corp: 917/380Kb lim: 899 exec/s: 14401 rss: 475Mb L: 538/899 MS: 1 CopyPart-
#173015	REDUCE cov: 1693 ft: 6282 corp: 917/380Kb lim: 899 exec/s: 14417 rss: 476Mb L: 76/899 MS: 2 ChangeBit-EraseBytes-
#173326	REDUCE cov: 1693 ft: 6282 corp: 917/380Kb lim: 899 exec/s: 14443 rss: 476Mb L: 146/899 MS: 1 EraseBytes-
#173469	REDUCE cov: 1693 ft: 6282 corp: 917/380Kb lim: 899 exec/s: 14455 rss: 476Mb L: 483/899 MS: 3 ChangeByte-ChangeASCIIInt-EraseBytes-
#173726	REDUCE cov: 1693 ft: 6282 corp: 917/380Kb lim: 899 exec/s: 14477 rss: 477Mb L: 491/899 MS: 2 ShuffleBytes-EraseBytes-
#173742	NEW    cov: 1693 ft: 6290 corp: 918/381Kb lim: 899 exec/s: 14478 rss: 477Mb L: 726/899 MS: 1 PersAutoDict- DE: "\002\000\000\000\000\000\000\000"-
#174111	REDUCE cov: 1693 ft: 6290 corp: 918/381Kb lim: 899 exec/s: 14509 rss: 477Mb L: 62/899 MS: 4 ShuffleBytes-ChangeByte-CopyPart-EraseBytes-
#174307	REDUCE cov: 1693 ft: 6290 corp: 918/381Kb lim: 899 exec/s: 14525 rss: 477Mb L: 43/899 MS: 1 EraseBytes-
#174308	REDUCE cov: 1693 ft: 6290 corp: 918/381Kb lim: 899 exec/s: 14525 rss: 477Mb L: 159/899 MS: 1 EraseBytes-
#174505	REDUCE cov: 1693 ft: 6290 corp: 918/381Kb lim: 899 exec/s: 14542 rss: 477Mb L: 65/899 MS: 2 ChangeByte-EraseBytes-
#174551	REDUCE cov: 1693 ft: 6290 corp: 918/381Kb lim: 899 exec/s: 14545 rss: 477Mb L: 139/899 MS: 1 EraseBytes-
#174702	REDUCE cov: 1693 ft: 6290 corp: 918/381Kb lim: 899 exec/s: 14558 rss: 477Mb L: 41/899 MS: 1 EraseBytes-
#174899	REDUCE cov: 1693 ft: 6291 corp: 919/381Kb lim: 899 exec/s: 14574 rss: 477Mb L: 139/899 MS: 2 ChangeBit-EraseBytes-
#174971	REDUCE cov: 1693 ft: 6291 corp: 919/381Kb lim: 899 exec/s: 14580 rss: 477Mb L: 22/899 MS: 2 InsertByte-EraseBytes-
#174988	REDUCE cov: 1693 ft: 6291 corp: 919/381Kb lim: 899 exec/s: 14582 rss: 477Mb L: 684/899 MS: 2 ChangeASCIIInt-EraseBytes-
#175384	REDUCE cov: 1693 ft: 6291 corp: 919/381Kb lim: 899 exec/s: 14615 rss: 477Mb L: 172/899 MS: 1 EraseBytes-
#175418	REDUCE cov: 1693 ft: 6293 corp: 920/382Kb lim: 899 exec/s: 14618 rss: 477Mb L: 852/899 MS: 4 InsertRepeatedBytes-CrossOver-CrossOver-PersAutoDict- DE: "\376\377\377\377"-
#175629	REDUCE cov: 1693 ft: 6293 corp: 920/382Kb lim: 899 exec/s: 14635 rss: 477Mb L: 293/899 MS: 1 EraseBytes-
#175690	NEW    cov: 1693 ft: 6294 corp: 921/382Kb lim: 899 exec/s: 14640 rss: 477Mb L: 681/899 MS: 1 ChangeBit-
#175773	REDUCE cov: 1693 ft: 6294 corp: 921/382Kb lim: 899 exec/s: 14647 rss: 477Mb L: 201/899 MS: 3 ChangeASCIIInt-ShuffleBytes-EraseBytes-
#175879	NEW    cov: 1693 ft: 6296 corp: 922/383Kb lim: 899 exec/s: 14656 rss: 477Mb L: 247/899 MS: 1 ChangeByte-
#175880	REDUCE cov: 1693 ft: 6296 corp: 922/383Kb lim: 899 exec/s: 14656 rss: 477Mb L: 203/899 MS: 1 EraseBytes-
#175908	REDUCE cov: 1693 ft: 6296 corp: 922/383Kb lim: 899 exec/s: 14659 rss: 477Mb L: 28/899 MS: 3 EraseBytes-ShuffleBytes-CopyPart-
#176129	REDUCE cov: 1693 ft: 6306 corp: 923/383Kb lim: 899 exec/s: 14677 rss: 477Mb L: 285/899 MS: 1 CopyPart-
#176365	REDUCE cov: 1693 ft: 6306 corp: 923/383Kb lim: 899 exec/s: 14697 rss: 477Mb L: 96/899 MS: 1 EraseBytes-
#176535	REDUCE cov: 1693 ft: 6306 corp: 923/383Kb lim: 899 exec/s: 14711 rss: 477Mb L: 38/899 MS: 5 InsertByte-ShuffleBytes-CopyPart-ChangeByte-EraseBytes-
#176978	NEW    cov: 1693 ft: 6307 corp: 924/384Kb lim: 899 exec/s: 14748 rss: 477Mb L: 824/899 MS: 3 ChangeASCIIInt-CopyPart-CopyPart-
#177024	NEW    cov: 1693 ft: 6308 corp: 925/384Kb lim: 899 exec/s: 14752 rss: 478Mb L: 280/899 MS: 1 ChangeBinInt-
#177325	REDUCE cov: 1693 ft: 6308 corp: 925/384Kb lim: 899 exec/s: 14777 rss: 478Mb L: 150/899 MS: 1 EraseBytes-
#177943	REDUCE cov: 1693 ft: 6308 corp: 925/384Kb lim: 899 exec/s: 14828 rss: 478Mb L: 142/899 MS: 3 ShuffleBytes-ShuffleBytes-EraseBytes-
#177944	REDUCE cov: 1693 ft: 6308 corp: 925/384Kb lim: 899 exec/s: 14828 rss: 478Mb L: 200/899 MS: 1 EraseBytes-
#177991	REDUCE cov: 1693 ft: 6308 corp: 925/384Kb lim: 899 exec/s: 14832 rss: 478Mb L: 523/899 MS: 2 ShuffleBytes-EraseBytes-
#178087	NEW    cov: 1693 ft: 6310 corp: 926/384Kb lim: 899 exec/s: 14840 rss: 478Mb L: 484/899 MS: 1 CrossOver-
#178098	REDUCE cov: 1693 ft: 6310 corp: 926/384Kb lim: 899 exec/s: 14841 rss: 478Mb L: 163/899 MS: 1 EraseBytes-
#178233	REDUCE cov: 1693 ft: 6310 corp: 926/384Kb lim: 899 exec/s: 14852 rss: 478Mb L: 26/899 MS: 5 EraseBytes-CopyPart-EraseBytes-ShuffleBytes-EraseBytes-
#178446	REDUCE cov: 1693 ft: 6310 corp: 926/384Kb lim: 899 exec/s: 14870 rss: 478Mb L: 326/899 MS: 3 ChangeBit-ChangeBit-EraseBytes-
#178827	REDUCE cov: 1693 ft: 6310 corp: 926/384Kb lim: 899 exec/s: 14902 rss: 478Mb L: 286/899 MS: 1 EraseBytes-
#179073	REDUCE cov: 1693 ft: 6310 corp: 926/384Kb lim: 899 exec/s: 14922 rss: 478Mb L: 529/899 MS: 1 EraseBytes-
#179119	REDUCE cov: 1693 ft: 6311 corp: 927/385Kb lim: 899 exec/s: 14926 rss: 478Mb L: 729/899 MS: 1 CopyPart-
#179131	NEW    cov: 1694 ft: 6312 corp: 928/385Kb lim: 899 exec/s: 14927 rss: 478Mb L: 360/899 MS: 2 PersAutoDict-ShuffleBytes- DE: "\\\002\000\000\000\000\000\000"-
#179563	REDUCE cov: 1694 ft: 6313 corp: 929/385Kb lim: 899 exec/s: 14963 rss: 478Mb L: 241/899 MS: 2 ChangeBinInt-CopyPart-
#179633	REDUCE cov: 1694 ft: 6313 corp: 929/385Kb lim: 899 exec/s: 14969 rss: 478Mb L: 361/899 MS: 5 ChangeBit-ShuffleBytes-InsertByte-CrossOver-EraseBytes-
#180095	REDUCE cov: 1694 ft: 6313 corp: 929/385Kb lim: 899 exec/s: 15007 rss: 479Mb L: 2/899 MS: 2 ChangeByte-EraseBytes-
#180151	REDUCE cov: 1694 ft: 6313 corp: 929/385Kb lim: 899 exec/s: 15012 rss: 479Mb L: 205/899 MS: 1 EraseBytes-
#180195	REDUCE cov: 1694 ft: 6313 corp: 929/385Kb lim: 899 exec/s: 15016 rss: 479Mb L: 216/899 MS: 4 ShuffleBytes-CopyPart-EraseBytes-EraseBytes-
#180256	REDUCE cov: 1694 ft: 6313 corp: 929/385Kb lim: 899 exec/s: 15021 rss: 479Mb L: 790/899 MS: 1 EraseBytes-
#180482	REDUCE cov: 1694 ft: 6313 corp: 929/385Kb lim: 899 exec/s: 15040 rss: 479Mb L: 738/899 MS: 1 EraseBytes-
#180538	REDUCE cov: 1694 ft: 6313 corp: 929/385Kb lim: 899 exec/s: 15044 rss: 479Mb L: 237/899 MS: 1 EraseBytes-
#180700	REDUCE cov: 1694 ft: 6313 corp: 929/385Kb lim: 899 exec/s: 15058 rss: 479Mb L: 57/899 MS: 2 InsertByte-EraseBytes-
#180722	REDUCE cov: 1694 ft: 6313 corp: 929/385Kb lim: 899 exec/s: 15060 rss: 479Mb L: 399/899 MS: 2 ChangeBinInt-EraseBytes-
#180799	REDUCE cov: 1694 ft: 6313 corp: 929/385Kb lim: 899 exec/s: 15066 rss: 479Mb L: 542/899 MS: 2 ShuffleBytes-EraseBytes-
#180850	REDUCE cov: 1694 ft: 6313 corp: 929/385Kb lim: 899 exec/s: 15070 rss: 479Mb L: 110/899 MS: 1 EraseBytes-
#180861	NEW    cov: 1694 ft: 6314 corp: 930/386Kb lim: 899 exec/s: 15071 rss: 479Mb L: 846/899 MS: 1 CrossOver-
#180882	REDUCE cov: 1694 ft: 6314 corp: 930/386Kb lim: 899 exec/s: 15073 rss: 479Mb L: 632/899 MS: 1 EraseBytes-
#180939	REDUCE cov: 1694 ft: 6314 corp: 930/386Kb lim: 899 exec/s: 15078 rss: 479Mb L: 239/899 MS: 2 CopyPart-EraseBytes-
#180999	REDUCE cov: 1694 ft: 6314 corp: 930/386Kb lim: 899 exec/s: 15083 rss: 479Mb L: 699/899 MS: 5 ShuffleBytes-InsertRepeatedBytes-InsertRepeatedBytes-ShuffleBytes-EraseBytes-
#181030	REDUCE cov: 1694 ft: 6315 corp: 931/386Kb lim: 899 exec/s: 15085 rss: 479Mb L: 332/899 MS: 1 InsertByte-
#181046	REDUCE cov: 1694 ft: 6315 corp: 931/386Kb lim: 899 exec/s: 15087 rss: 479Mb L: 123/899 MS: 1 EraseBytes-
#181227	NEW    cov: 1694 ft: 6321 corp: 932/387Kb lim: 899 exec/s: 15102 rss: 479Mb L: 820/899 MS: 1 CopyPart-
#181498	NEW    cov: 1694 ft: 6322 corp: 933/387Kb lim: 899 exec/s: 15124 rss: 480Mb L: 255/899 MS: 1 InsertByte-
#181708	REDUCE cov: 1694 ft: 6323 corp: 934/388Kb lim: 899 exec/s: 15142 rss: 480Mb L: 616/899 MS: 5 CrossOver-CopyPart-InsertByte-ChangeBinInt-EraseBytes-
#181849	REDUCE cov: 1694 ft: 6323 corp: 934/387Kb lim: 899 exec/s: 15154 rss: 480Mb L: 224/899 MS: 1 EraseBytes-
#182077	REDUCE cov: 1694 ft: 6323 corp: 934/387Kb lim: 899 exec/s: 15173 rss: 480Mb L: 21/899 MS: 3 CMP-ShuffleBytes-EraseBytes- DE: "\024\000\000\000"-
#182173	REDUCE cov: 1694 ft: 6323 corp: 934/387Kb lim: 899 exec/s: 15181 rss: 480Mb L: 871/899 MS: 1 EraseBytes-
#182190	REDUCE cov: 1694 ft: 6323 corp: 934/387Kb lim: 899 exec/s: 15182 rss: 480Mb L: 236/899 MS: 2 PersAutoDict-EraseBytes- DE: "\000\000\003\034"-
#182366	REDUCE cov: 1694 ft: 6323 corp: 934/387Kb lim: 899 exec/s: 15197 rss: 480Mb L: 371/899 MS: 1 EraseBytes-
#182412	NEW    cov: 1694 ft: 6324 corp: 935/388Kb lim: 899 exec/s: 15201 rss: 480Mb L: 612/899 MS: 1 EraseBytes-
#182508	REDUCE cov: 1694 ft: 6324 corp: 935/388Kb lim: 899 exec/s: 15209 rss: 480Mb L: 334/899 MS: 1 EraseBytes-
#182783	REDUCE cov: 1694 ft: 6324 corp: 935/388Kb lim: 899 exec/s: 15231 rss: 480Mb L: 267/899 MS: 5 CMP-ChangeBinInt-PersAutoDict-ChangeASCIIInt-EraseBytes- DE: "7\002\000\000\000\000\000\000"-"\017\000"-
#182994	REDUCE cov: 1694 ft: 6325 corp: 936/388Kb lim: 899 exec/s: 15249 rss: 480Mb L: 364/899 MS: 1 CopyPart-
#183116	REDUCE cov: 1694 ft: 6325 corp: 936/388Kb lim: 899 exec/s: 15259 rss: 480Mb L: 4/899 MS: 2 ChangeByte-EraseBytes-
#183262	REDUCE cov: 1694 ft: 6325 corp: 936/388Kb lim: 899 exec/s: 15271 rss: 480Mb L: 145/899 MS: 1 EraseBytes-
#183369	REDUCE cov: 1694 ft: 6325 corp: 936/388Kb lim: 899 exec/s: 15280 rss: 480Mb L: 235/899 MS: 2 ChangeASCIIInt-EraseBytes-
#183392	REDUCE cov: 1694 ft: 6325 corp: 936/388Kb lim: 899 exec/s: 15282 rss: 480Mb L: 362/899 MS: 3 ChangeASCIIInt-ChangeBit-EraseBytes-
#183463	REDUCE cov: 1694 ft: 6325 corp: 936/388Kb lim: 899 exec/s: 15288 rss: 481Mb L: 261/899 MS: 1 EraseBytes-
#183504	REDUCE cov: 1694 ft: 6325 corp: 936/388Kb lim: 899 exec/s: 15292 rss: 481Mb L: 98/899 MS: 1 EraseBytes-
#183526	REDUCE cov: 1694 ft: 6325 corp: 936/388Kb lim: 899 exec/s: 15293 rss: 481Mb L: 217/899 MS: 2 ChangeASCIIInt-EraseBytes-
#183529	REDUCE cov: 1694 ft: 6325 corp: 936/388Kb lim: 899 exec/s: 15294 rss: 481Mb L: 24/899 MS: 3 ChangeByte-EraseBytes-CopyPart-
#183575	NEW    cov: 1694 ft: 6326 corp: 937/389Kb lim: 899 exec/s: 15297 rss: 481Mb L: 831/899 MS: 1 CopyPart-
#183639	REDUCE cov: 1694 ft: 6326 corp: 937/389Kb lim: 899 exec/s: 15303 rss: 481Mb L: 133/899 MS: 4 InsertByte-PersAutoDict-CopyPart-EraseBytes- DE: "\002\000\000\000\000\000\000\000"-
#183708	REDUCE cov: 1694 ft: 6326 corp: 937/389Kb lim: 899 exec/s: 15309 rss: 481Mb L: 851/899 MS: 4 ChangeBit-ChangeASCIIInt-ChangeBit-EraseBytes-
#183744	REDUCE cov: 1694 ft: 6327 corp: 938/389Kb lim: 899 exec/s: 15312 rss: 481Mb L: 317/899 MS: 1 CopyPart-
#183781	REDUCE cov: 1694 ft: 6327 corp: 938/389Kb lim: 899 exec/s: 15315 rss: 481Mb L: 197/899 MS: 2 PersAutoDict-EraseBytes- DE: "\001\000\000\012"-
#183997	REDUCE cov: 1694 ft: 6327 corp: 938/389Kb lim: 899 exec/s: 15333 rss: 481Mb L: 207/899 MS: 1 EraseBytes-
#184030	REDUCE cov: 1694 ft: 6327 corp: 938/389Kb lim: 899 exec/s: 15335 rss: 481Mb L: 127/899 MS: 3 ShuffleBytes-PersAutoDict-EraseBytes- DE: "\000\000\000\000\000\000\000l"-
#184051	REDUCE cov: 1694 ft: 6327 corp: 938/389Kb lim: 899 exec/s: 15337 rss: 481Mb L: 184/899 MS: 1 EraseBytes-
#184054	REDUCE cov: 1694 ft: 6327 corp: 938/389Kb lim: 899 exec/s: 15337 rss: 481Mb L: 503/899 MS: 3 CrossOver-EraseBytes-CopyPart-
#184135	REDUCE cov: 1694 ft: 6327 corp: 938/388Kb lim: 899 exec/s: 15344 rss: 482Mb L: 567/899 MS: 1 EraseBytes-
#184157	REDUCE cov: 1694 ft: 6327 corp: 938/388Kb lim: 899 exec/s: 15346 rss: 482Mb L: 315/899 MS: 2 CrossOver-EraseBytes-
#184610	REDUCE cov: 1694 ft: 6327 corp: 938/388Kb lim: 899 exec/s: 15384 rss: 482Mb L: 398/899 MS: 3 ChangeASCIIInt-ChangeBinInt-EraseBytes-
#184901	REDUCE cov: 1694 ft: 6327 corp: 938/388Kb lim: 899 exec/s: 15408 rss: 482Mb L: 15/899 MS: 1 EraseBytes-
#184934	REDUCE cov: 1694 ft: 6327 corp: 938/388Kb lim: 899 exec/s: 15411 rss: 482Mb L: 767/899 MS: 3 ChangeBit-ChangeByte-EraseBytes-
#185240	REDUCE cov: 1694 ft: 6327 corp: 938/388Kb lim: 899 exec/s: 15436 rss: 482Mb L: 157/899 MS: 1 EraseBytes-
#185287	REDUCE cov: 1694 ft: 6327 corp: 938/388Kb lim: 899 exec/s: 15440 rss: 482Mb L: 629/899 MS: 2 ChangeASCIIInt-EraseBytes-
#185313	REDUCE cov: 1694 ft: 6328 corp: 939/389Kb lim: 899 exec/s: 15442 rss: 482Mb L: 879/899 MS: 1 CopyPart-
#185501	REDUCE cov: 1694 ft: 6328 corp: 939/389Kb lim: 899 exec/s: 15458 rss: 482Mb L: 53/899 MS: 3 ShuffleBytes-ChangeByte-EraseBytes-
#185507	REDUCE cov: 1694 ft: 6328 corp: 939/389Kb lim: 899 exec/s: 15458 rss: 482Mb L: 502/899 MS: 1 EraseBytes-
#185640	REDUCE cov: 1694 ft: 6328 corp: 939/389Kb lim: 899 exec/s: 15470 rss: 482Mb L: 546/899 MS: 3 ChangeByte-PersAutoDict-EraseBytes- DE: "i\001"-
#185676	NEW    cov: 1694 ft: 6329 corp: 940/389Kb lim: 899 exec/s: 15473 rss: 482Mb L: 354/899 MS: 1 InsertRepeatedBytes-
#185948	REDUCE cov: 1694 ft: 6329 corp: 940/389Kb lim: 899 exec/s: 15495 rss: 482Mb L: 750/899 MS: 2 ChangeBinInt-EraseBytes-
#186555	REDUCE cov: 1694 ft: 6329 corp: 940/389Kb lim: 899 exec/s: 15546 rss: 482Mb L: 86/899 MS: 2 CopyPart-EraseBytes-
#186806	REDUCE cov: 1694 ft: 6329 corp: 940/389Kb lim: 899 exec/s: 15567 rss: 482Mb L: 592/899 MS: 1 EraseBytes-
#186813	REDUCE cov: 1694 ft: 6329 corp: 940/389Kb lim: 899 exec/s: 15567 rss: 482Mb L: 513/899 MS: 2 CrossOver-EraseBytes-
#186869	REDUCE cov: 1694 ft: 6329 corp: 940/389Kb lim: 899 exec/s: 15572 rss: 482Mb L: 815/899 MS: 1 EraseBytes-
#186880	REDUCE cov: 1694 ft: 6329 corp: 940/389Kb lim: 899 exec/s: 15573 rss: 482Mb L: 728/899 MS: 1 EraseBytes-
#186941	REDUCE cov: 1694 ft: 6329 corp: 940/389Kb lim: 899 exec/s: 14380 rss: 482Mb L: 211/899 MS: 1 EraseBytes-
#187007	REDUCE cov: 1694 ft: 6329 corp: 940/389Kb lim: 899 exec/s: 14385 rss: 482Mb L: 440/899 MS: 1 EraseBytes-
#187124	REDUCE cov: 1694 ft: 6329 corp: 940/389Kb lim: 899 exec/s: 14394 rss: 482Mb L: 856/899 MS: 2 ShuffleBytes-EraseBytes-
#187265	REDUCE cov: 1694 ft: 6329 corp: 940/389Kb lim: 899 exec/s: 14405 rss: 482Mb L: 224/899 MS: 1 EraseBytes-
#187355	REDUCE cov: 1694 ft: 6329 corp: 940/389Kb lim: 899 exec/s: 14411 rss: 482Mb L: 130/899 MS: 5 PersAutoDict-ChangeBit-ShuffleBytes-ShuffleBytes-EraseBytes- DE: "\000\000\002V"-
#187801	NEW    cov: 1694 ft: 6330 corp: 941/389Kb lim: 899 exec/s: 14446 rss: 482Mb L: 140/899 MS: 1 InsertByte-
#187898	REDUCE cov: 1694 ft: 6330 corp: 941/389Kb lim: 899 exec/s: 14453 rss: 482Mb L: 298/899 MS: 2 ChangeASCIIInt-EraseBytes-
#188249	REDUCE cov: 1694 ft: 6330 corp: 941/389Kb lim: 899 exec/s: 14480 rss: 482Mb L: 729/899 MS: 1 EraseBytes-
#188286	REDUCE cov: 1694 ft: 6330 corp: 941/389Kb lim: 899 exec/s: 14483 rss: 482Mb L: 424/899 MS: 2 CrossOver-EraseBytes-
#188596	REDUCE cov: 1694 ft: 6330 corp: 941/388Kb lim: 899 exec/s: 14507 rss: 482Mb L: 564/899 MS: 5 ChangeASCIIInt-CopyPart-ChangeBinInt-ChangeByte-EraseBytes-
#188672	REDUCE cov: 1694 ft: 6330 corp: 941/388Kb lim: 899 exec/s: 14513 rss: 482Mb L: 171/899 MS: 1 EraseBytes-
#188688	REDUCE cov: 1694 ft: 6330 corp: 941/388Kb lim: 899 exec/s: 14514 rss: 482Mb L: 341/899 MS: 1 EraseBytes-
#188753	NEW    cov: 1694 ft: 6334 corp: 942/389Kb lim: 899 exec/s: 14519 rss: 482Mb L: 311/899 MS: 5 ChangeByte-InsertRepeatedBytes-ChangeBinInt-ChangeASCIIInt-EraseBytes-
#188819	REDUCE cov: 1694 ft: 6334 corp: 942/389Kb lim: 899 exec/s: 14524 rss: 482Mb L: 273/899 MS: 1 EraseBytes-
#188845	REDUCE cov: 1694 ft: 6334 corp: 942/389Kb lim: 899 exec/s: 14526 rss: 482Mb L: 136/899 MS: 1 EraseBytes-
#188864	REDUCE cov: 1694 ft: 6334 corp: 942/389Kb lim: 899 exec/s: 14528 rss: 482Mb L: 897/899 MS: 4 ShuffleBytes-ShuffleBytes-ShuffleBytes-EraseBytes-
#188875	REDUCE cov: 1694 ft: 6334 corp: 942/389Kb lim: 899 exec/s: 14528 rss: 482Mb L: 399/899 MS: 1 EraseBytes-
#188981	REDUCE cov: 1694 ft: 6335 corp: 943/389Kb lim: 899 exec/s: 14537 rss: 482Mb L: 418/899 MS: 1 InsertByte-
#189227	REDUCE cov: 1694 ft: 6335 corp: 943/389Kb lim: 899 exec/s: 14555 rss: 482Mb L: 9/899 MS: 1 EraseBytes-
#189388	REDUCE cov: 1694 ft: 6335 corp: 943/389Kb lim: 899 exec/s: 14568 rss: 483Mb L: 886/899 MS: 1 EraseBytes-
#189439	REDUCE cov: 1694 ft: 6335 corp: 943/389Kb lim: 899 exec/s: 14572 rss: 483Mb L: 303/899 MS: 1 EraseBytes-
#189526	REDUCE cov: 1694 ft: 6335 corp: 943/389Kb lim: 899 exec/s: 14578 rss: 483Mb L: 677/899 MS: 2 InsertRepeatedBytes-EraseBytes-
#189573	REDUCE cov: 1694 ft: 6335 corp: 943/389Kb lim: 899 exec/s: 14582 rss: 483Mb L: 112/899 MS: 2 ShuffleBytes-EraseBytes-
#189630	REDUCE cov: 1694 ft: 6335 corp: 943/389Kb lim: 899 exec/s: 14586 rss: 483Mb L: 231/899 MS: 2 CopyPart-EraseBytes-
#189992	REDUCE cov: 1694 ft: 6335 corp: 943/389Kb lim: 899 exec/s: 14614 rss: 483Mb L: 154/899 MS: 2 PersAutoDict-EraseBytes- DE: "\033\000\000\000\000\000\000\000"-
#190803	REDUCE cov: 1694 ft: 6335 corp: 943/389Kb lim: 899 exec/s: 14677 rss: 483Mb L: 102/899 MS: 1 EraseBytes-
#191004	NEW    cov: 1694 ft: 6336 corp: 944/389Kb lim: 899 exec/s: 14692 rss: 483Mb L: 346/899 MS: 1 EraseBytes-
#191018	REDUCE cov: 1694 ft: 6336 corp: 944/389Kb lim: 899 exec/s: 14693 rss: 483Mb L: 426/899 MS: 4 InsertByte-ShuffleBytes-ShuffleBytes-EraseBytes-
#191039	REDUCE cov: 1694 ft: 6336 corp: 944/389Kb lim: 899 exec/s: 14695 rss: 483Mb L: 643/899 MS: 1 EraseBytes-
#191201	REDUCE cov: 1694 ft: 6336 corp: 944/389Kb lim: 899 exec/s: 14707 rss: 483Mb L: 125/899 MS: 2 ChangeBit-EraseBytes-
#191362	REDUCE cov: 1694 ft: 6336 corp: 944/389Kb lim: 899 exec/s: 14720 rss: 483Mb L: 499/899 MS: 1 EraseBytes-
#192093	REDUCE cov: 1694 ft: 6336 corp: 944/389Kb lim: 899 exec/s: 14776 rss: 483Mb L: 192/899 MS: 1 EraseBytes-
#192164	REDUCE cov: 1694 ft: 6336 corp: 944/389Kb lim: 899 exec/s: 14781 rss: 483Mb L: 442/899 MS: 1 EraseBytes-
#192320	REDUCE cov: 1694 ft: 6336 corp: 944/389Kb lim: 899 exec/s: 14793 rss: 484Mb L: 116/899 MS: 1 EraseBytes-
#192841	REDUCE cov: 1694 ft: 6336 corp: 944/389Kb lim: 899 exec/s: 14833 rss: 484Mb L: 454/899 MS: 1 EraseBytes-
#192884	REDUCE cov: 1694 ft: 6336 corp: 944/389Kb lim: 899 exec/s: 14837 rss: 484Mb L: 190/899 MS: 3 ChangeByte-ChangeBit-EraseBytes-
#192945	NEW    cov: 1694 ft: 6337 corp: 945/390Kb lim: 899 exec/s: 14841 rss: 484Mb L: 795/899 MS: 1 CrossOver-
#192952	REDUCE cov: 1694 ft: 6337 corp: 945/390Kb lim: 899 exec/s: 14842 rss: 484Mb L: 4/899 MS: 2 EraseBytes-InsertByte-
#193280	REDUCE cov: 1694 ft: 6337 corp: 945/390Kb lim: 899 exec/s: 14867 rss: 484Mb L: 10/899 MS: 3 ChangeBinInt-ShuffleBytes-EraseBytes-
#193312	REDUCE cov: 1694 ft: 6337 corp: 945/389Kb lim: 899 exec/s: 14870 rss: 484Mb L: 304/899 MS: 2 InsertRepeatedBytes-EraseBytes-
#193393	REDUCE cov: 1694 ft: 6337 corp: 945/389Kb lim: 899 exec/s: 14876 rss: 484Mb L: 697/899 MS: 1 EraseBytes-
#193472	REDUCE cov: 1694 ft: 6338 corp: 946/390Kb lim: 899 exec/s: 14882 rss: 484Mb L: 829/899 MS: 4 ChangeASCIIInt-ShuffleBytes-ChangeByte-CopyPart-
#193484	NEW    cov: 1694 ft: 6339 corp: 947/391Kb lim: 899 exec/s: 14883 rss: 484Mb L: 765/899 MS: 2 InsertByte-CrossOver-
#193542	REDUCE cov: 1694 ft: 6339 corp: 947/391Kb lim: 899 exec/s: 14887 rss: 484Mb L: 222/899 MS: 3 ChangeASCIIInt-ChangeByte-EraseBytes-
#193634	REDUCE cov: 1694 ft: 6339 corp: 947/391Kb lim: 899 exec/s: 14894 rss: 484Mb L: 110/899 MS: 2 ChangeASCIIInt-EraseBytes-
#193706	NEW    cov: 1694 ft: 6340 corp: 948/391Kb lim: 899 exec/s: 14900 rss: 484Mb L: 220/899 MS: 2 ChangeASCIIInt-ChangeBit-
#194422	REDUCE cov: 1694 ft: 6340 corp: 948/391Kb lim: 899 exec/s: 14955 rss: 485Mb L: 28/899 MS: 1 EraseBytes-
#194669	REDUCE cov: 1694 ft: 6340 corp: 948/391Kb lim: 899 exec/s: 14974 rss: 485Mb L: 198/899 MS: 2 ChangeASCIIInt-EraseBytes-
#194830	REDUCE cov: 1694 ft: 6340 corp: 948/391Kb lim: 899 exec/s: 14986 rss: 485Mb L: 47/899 MS: 1 EraseBytes-
#194862	REDUCE cov: 1694 ft: 6340 corp: 948/391Kb lim: 899 exec/s: 14989 rss: 485Mb L: 198/899 MS: 2 ChangeBinInt-EraseBytes-
#194969	REDUCE cov: 1694 ft: 6342 corp: 949/392Kb lim: 899 exec/s: 14997 rss: 485Mb L: 772/899 MS: 2 CopyPart-ChangeBinInt-
#195001	REDUCE cov: 1694 ft: 6342 corp: 949/392Kb lim: 899 exec/s: 15000 rss: 485Mb L: 1/899 MS: 2 ChangeBit-EraseBytes-
#195078	REDUCE cov: 1694 ft: 6342 corp: 949/392Kb lim: 899 exec/s: 15006 rss: 485Mb L: 247/899 MS: 2 CMP-EraseBytes- DE: "\001\000\002V"-
#195164	REDUCE cov: 1694 ft: 6342 corp: 949/392Kb lim: 899 exec/s: 15012 rss: 485Mb L: 9/899 MS: 1 EraseBytes-
#195231	REDUCE cov: 1694 ft: 6344 corp: 950/392Kb lim: 899 exec/s: 15017 rss: 485Mb L: 538/899 MS: 2 ChangeByte-CrossOver-
#195292	REDUCE cov: 1694 ft: 6345 corp: 951/392Kb lim: 899 exec/s: 15022 rss: 485Mb L: 183/899 MS: 1 ShuffleBytes-
#195348	REDUCE cov: 1694 ft: 6345 corp: 951/392Kb lim: 899 exec/s: 15026 rss: 485Mb L: 262/899 MS: 1 EraseBytes-
#195378	REDUCE cov: 1694 ft: 6345 corp: 951/392Kb lim: 899 exec/s: 15029 rss: 485Mb L: 336/899 MS: 5 CopyPart-InsertRepeatedBytes-InsertByte-ChangeASCIIInt-CrossOver-
#195464	REDUCE cov: 1694 ft: 6345 corp: 951/392Kb lim: 899 exec/s: 15035 rss: 485Mb L: 151/899 MS: 1 EraseBytes-
#195500	REDUCE cov: 1694 ft: 6345 corp: 951/392Kb lim: 899 exec/s: 15038 rss: 485Mb L: 5/899 MS: 1 EraseBytes-
#195946	REDUCE cov: 1694 ft: 6345 corp: 951/392Kb lim: 899 exec/s: 15072 rss: 485Mb L: 512/899 MS: 1 EraseBytes-
#195999	NEW    cov: 1694 ft: 6348 corp: 952/393Kb lim: 899 exec/s: 15076 rss: 485Mb L: 889/899 MS: 3 PersAutoDict-ChangeByte-CrossOver- DE: "\005\000"-
#196192	REDUCE cov: 1694 ft: 6348 corp: 952/393Kb lim: 899 exec/s: 15091 rss: 485Mb L: 358/899 MS: 3 InsertByte-ChangeBinInt-EraseBytes-
#196418	REDUCE cov: 1694 ft: 6348 corp: 952/393Kb lim: 899 exec/s: 15109 rss: 485Mb L: 211/899 MS: 1 CrossOver-
#196453	REDUCE cov: 1694 ft: 6348 corp: 952/393Kb lim: 899 exec/s: 15111 rss: 485Mb L: 81/899 MS: 5 ShuffleBytes-ShuffleBytes-ChangeBit-ShuffleBytes-EraseBytes-
#196490	REDUCE cov: 1694 ft: 6348 corp: 952/393Kb lim: 899 exec/s: 15114 rss: 485Mb L: 617/899 MS: 2 ChangeBit-EraseBytes-
#196762	REDUCE cov: 1694 ft: 6348 corp: 952/393Kb lim: 899 exec/s: 15135 rss: 485Mb L: 616/899 MS: 2 PersAutoDict-EraseBytes- DE: "fffffff\006"-
#196801	REDUCE cov: 1694 ft: 6348 corp: 952/393Kb lim: 899 exec/s: 15138 rss: 485Mb L: 424/899 MS: 4 CopyPart-PersAutoDict-ShuffleBytes-EraseBytes- DE: "0\000"-
#196804	REDUCE cov: 1694 ft: 6348 corp: 952/393Kb lim: 899 exec/s: 15138 rss: 485Mb L: 91/899 MS: 3 ChangeByte-ChangeBit-EraseBytes-
#196805	REDUCE cov: 1694 ft: 6348 corp: 952/392Kb lim: 899 exec/s: 15138 rss: 485Mb L: 97/899 MS: 1 EraseBytes-
#196907	REDUCE cov: 1694 ft: 6348 corp: 952/392Kb lim: 899 exec/s: 15146 rss: 485Mb L: 572/899 MS: 2 ChangeBinInt-EraseBytes-
#196927	NEW    cov: 1694 ft: 6349 corp: 953/393Kb lim: 899 exec/s: 15148 rss: 485Mb L: 623/899 MS: 5 InsertByte-ShuffleBytes-ShuffleBytes-CrossOver-CrossOver-
#197059	REDUCE cov: 1694 ft: 6349 corp: 953/393Kb lim: 899 exec/s: 15158 rss: 485Mb L: 586/899 MS: 2 ChangeBinInt-EraseBytes-
#197562	REDUCE cov: 1694 ft: 6349 corp: 953/393Kb lim: 899 exec/s: 15197 rss: 485Mb L: 98/899 MS: 3 InsertByte-InsertByte-EraseBytes-
#197598	NEW    cov: 1694 ft: 6352 corp: 954/394Kb lim: 899 exec/s: 15199 rss: 485Mb L: 829/899 MS: 1 CopyPart-
#197614	REDUCE cov: 1694 ft: 6352 corp: 954/394Kb lim: 899 exec/s: 15201 rss: 485Mb L: 348/899 MS: 1 EraseBytes-
#197651	REDUCE cov: 1694 ft: 6352 corp: 954/394Kb lim: 899 exec/s: 15203 rss: 485Mb L: 564/899 MS: 2 ChangeBit-EraseBytes-
#198067	REDUCE cov: 1694 ft: 6352 corp: 954/394Kb lim: 899 exec/s: 15235 rss: 485Mb L: 663/899 MS: 1 EraseBytes-
#198248	REDUCE cov: 1694 ft: 6352 corp: 954/393Kb lim: 899 exec/s: 15249 rss: 485Mb L: 98/899 MS: 1 EraseBytes-
#198381	REDUCE cov: 1694 ft: 6352 corp: 954/393Kb lim: 899 exec/s: 15260 rss: 485Mb L: 101/899 MS: 3 ShuffleBytes-EraseBytes-CopyPart-
#198437	REDUCE cov: 1694 ft: 6352 corp: 954/393Kb lim: 899 exec/s: 15264 rss: 485Mb L: 208/899 MS: 1 EraseBytes-
#198463	REDUCE cov: 1694 ft: 6353 corp: 955/394Kb lim: 899 exec/s: 15266 rss: 485Mb L: 863/899 MS: 1 CopyPart-
#198464	REDUCE cov: 1694 ft: 6353 corp: 955/394Kb lim: 899 exec/s: 15266 rss: 485Mb L: 94/899 MS: 1 EraseBytes-
#198491	REDUCE cov: 1694 ft: 6353 corp: 955/394Kb lim: 899 exec/s: 15268 rss: 485Mb L: 771/899 MS: 2 ChangeByte-EraseBytes-
#198522	REDUCE cov: 1694 ft: 6353 corp: 955/394Kb lim: 899 exec/s: 15270 rss: 485Mb L: 735/899 MS: 1 EraseBytes-
#198553	REDUCE cov: 1694 ft: 6353 corp: 955/394Kb lim: 899 exec/s: 15273 rss: 486Mb L: 865/899 MS: 1 EraseBytes-
#198785	REDUCE cov: 1694 ft: 6353 corp: 955/394Kb lim: 899 exec/s: 15291 rss: 486Mb L: 453/899 MS: 2 ChangeASCIIInt-EraseBytes-
#198891	REDUCE cov: 1694 ft: 6353 corp: 955/394Kb lim: 899 exec/s: 15299 rss: 486Mb L: 63/899 MS: 1 EraseBytes-
#199147	REDUCE cov: 1694 ft: 6353 corp: 955/394Kb lim: 899 exec/s: 15319 rss: 486Mb L: 378/899 MS: 1 EraseBytes-
#199163	REDUCE cov: 1694 ft: 6354 corp: 956/395Kb lim: 899 exec/s: 15320 rss: 486Mb L: 599/899 MS: 1 ChangeBinInt-
#199199	NEW    cov: 1694 ft: 6355 corp: 957/395Kb lim: 899 exec/s: 15323 rss: 486Mb L: 265/899 MS: 1 InsertByte-
#199240	REDUCE cov: 1694 ft: 6355 corp: 957/395Kb lim: 899 exec/s: 15326 rss: 486Mb L: 61/899 MS: 1 EraseBytes-
#199582	REDUCE cov: 1694 ft: 6355 corp: 957/395Kb lim: 899 exec/s: 15352 rss: 486Mb L: 269/899 MS: 2 ChangeASCIIInt-EraseBytes-
#199843	REDUCE cov: 1694 ft: 6355 corp: 957/395Kb lim: 899 exec/s: 15372 rss: 486Mb L: 590/899 MS: 1 EraseBytes-
#199943	REDUCE cov: 1694 ft: 6355 corp: 957/395Kb lim: 899 exec/s: 15380 rss: 486Mb L: 110/899 MS: 5 ChangeASCIIInt-InsertByte-InsertByte-ChangeByte-EraseBytes-
#199989	NEW    cov: 1695 ft: 6356 corp: 958/395Kb lim: 899 exec/s: 15383 rss: 486Mb L: 210/899 MS: 1 PersAutoDict- DE: "\001\012"-
#200034	NEW    cov: 1696 ft: 6357 corp: 959/395Kb lim: 899 exec/s: 15387 rss: 486Mb L: 166/899 MS: 5 ChangeBinInt-ShuffleBytes-ChangeBit-EraseBytes-ChangeBinInt-
#200196	REDUCE cov: 1696 ft: 6357 corp: 959/395Kb lim: 899 exec/s: 15399 rss: 486Mb L: 473/899 MS: 2 InsertByte-EraseBytes-
#200552	REDUCE cov: 1696 ft: 6357 corp: 959/395Kb lim: 899 exec/s: 15427 rss: 487Mb L: 166/899 MS: 1 EraseBytes-
#200623	REDUCE cov: 1696 ft: 6357 corp: 959/395Kb lim: 899 exec/s: 15432 rss: 487Mb L: 845/899 MS: 1 EraseBytes-
#200658	REDUCE cov: 1696 ft: 6358 corp: 960/395Kb lim: 899 exec/s: 15435 rss: 487Mb L: 165/899 MS: 5 CopyPart-ShuffleBytes-InsertByte-EraseBytes-PersAutoDict- DE: "\002\000\000\000\000\000\000\000"-
#200944	REDUCE cov: 1696 ft: 6358 corp: 960/395Kb lim: 899 exec/s: 15457 rss: 487Mb L: 877/899 MS: 1 EraseBytes-
#200967	REDUCE cov: 1696 ft: 6358 corp: 960/395Kb lim: 899 exec/s: 15459 rss: 487Mb L: 316/899 MS: 3 ChangeBit-ChangeByte-EraseBytes-
#201199	REDUCE cov: 1696 ft: 6358 corp: 960/395Kb lim: 899 exec/s: 15476 rss: 487Mb L: 461/899 MS: 2 ChangeASCIIInt-EraseBytes-
#201286	REDUCE cov: 1696 ft: 6358 corp: 960/395Kb lim: 899 exec/s: 15483 rss: 487Mb L: 307/899 MS: 2 ShuffleBytes-EraseBytes-
#201297	REDUCE cov: 1696 ft: 6358 corp: 960/395Kb lim: 899 exec/s: 15484 rss: 487Mb L: 265/899 MS: 1 EraseBytes-
#201348	REDUCE cov: 1696 ft: 6358 corp: 960/395Kb lim: 899 exec/s: 15488 rss: 487Mb L: 9/899 MS: 1 EraseBytes-
#201427	REDUCE cov: 1696 ft: 6358 corp: 960/395Kb lim: 899 exec/s: 15494 rss: 487Mb L: 635/899 MS: 4 InsertByte-InsertByte-ChangeByte-EraseBytes-
#201911	REDUCE cov: 1696 ft: 6358 corp: 960/395Kb lim: 899 exec/s: 15531 rss: 487Mb L: 368/899 MS: 4 ChangeASCIIInt-ShuffleBytes-InsertRepeatedBytes-EraseBytes-
#202207	NEW    cov: 1696 ft: 6359 corp: 961/395Kb lim: 899 exec/s: 15554 rss: 487Mb L: 890/899 MS: 1 InsertByte-
#202248	REDUCE cov: 1696 ft: 6360 corp: 962/396Kb lim: 899 exec/s: 15557 rss: 487Mb L: 308/899 MS: 1 InsertByte-
#202454	REDUCE cov: 1696 ft: 6360 corp: 962/396Kb lim: 899 exec/s: 15573 rss: 487Mb L: 746/899 MS: 1 EraseBytes-
#202616	REDUCE cov: 1696 ft: 6360 corp: 962/396Kb lim: 899 exec/s: 15585 rss: 487Mb L: 37/899 MS: 2 ShuffleBytes-EraseBytes-
#202707	REDUCE cov: 1696 ft: 6360 corp: 962/396Kb lim: 899 exec/s: 15592 rss: 487Mb L: 140/899 MS: 1 EraseBytes-
#202863	REDUCE cov: 1696 ft: 6360 corp: 962/396Kb lim: 899 exec/s: 15604 rss: 488Mb L: 81/899 MS: 1 EraseBytes-
#203364	REDUCE cov: 1696 ft: 6360 corp: 962/396Kb lim: 899 exec/s: 14526 rss: 488Mb L: 157/899 MS: 1 EraseBytes-
#203478	REDUCE cov: 1696 ft: 6360 corp: 962/395Kb lim: 899 exec/s: 14534 rss: 488Mb L: 414/899 MS: 4 ChangeASCIIInt-ChangeByte-ChangeASCIIInt-EraseBytes-
#203534	REDUCE cov: 1696 ft: 6360 corp: 962/395Kb lim: 899 exec/s: 14538 rss: 488Mb L: 448/899 MS: 1 EraseBytes-
#203558	REDUCE cov: 1696 ft: 6360 corp: 962/395Kb lim: 899 exec/s: 14539 rss: 488Mb L: 198/899 MS: 4 InsertByte-CMP-CMP-EraseBytes- DE: "\022\000\000\000"-"\000\000\000\000"-
#203622	REDUCE cov: 1696 ft: 6360 corp: 962/395Kb lim: 899 exec/s: 14544 rss: 488Mb L: 211/899 MS: 4 CMP-CMP-InsertByte-EraseBytes- DE: "G\004"-"\000\000\000\000\000\000\0008"-
#203683	REDUCE cov: 1696 ft: 6360 corp: 962/395Kb lim: 899 exec/s: 14548 rss: 488Mb L: 246/899 MS: 1 EraseBytes-
#203768	NEW    cov: 1696 ft: 6363 corp: 963/396Kb lim: 899 exec/s: 14554 rss: 488Mb L: 895/899 MS: 5 ChangeBit-ShuffleBytes-CopyPart-CMP-ChangeByte- DE: "\001\000\000\000\000\000\000\006"-
#203837	REDUCE cov: 1696 ft: 6363 corp: 963/396Kb lim: 899 exec/s: 14559 rss: 488Mb L: 21/899 MS: 4 ShuffleBytes-ChangeByte-ChangeByte-EraseBytes-
#203983	NEW    cov: 1696 ft: 6364 corp: 964/397Kb lim: 899 exec/s: 14570 rss: 488Mb L: 885/899 MS: 1 InsertByte-
#204074	REDUCE cov: 1696 ft: 6364 corp: 964/397Kb lim: 899 exec/s: 14576 rss: 489Mb L: 422/899 MS: 1 EraseBytes-
#204170	REDUCE cov: 1696 ft: 6364 corp: 964/397Kb lim: 899 exec/s: 14583 rss: 489Mb L: 93/899 MS: 1 EraseBytes-
#204187	REDUCE cov: 1696 ft: 6364 corp: 964/397Kb lim: 899 exec/s: 14584 rss: 489Mb L: 570/899 MS: 2 ShuffleBytes-EraseBytes-
#204232	REDUCE cov: 1696 ft: 6365 corp: 965/398Kb lim: 899 exec/s: 14588 rss: 489Mb L: 863/899 MS: 5 ChangeASCIIInt-ChangeBinInt-ChangeBinInt-ChangeBit-InsertByte-
#204274	REDUCE cov: 1696 ft: 6365 corp: 965/398Kb lim: 899 exec/s: 14591 rss: 489Mb L: 230/899 MS: 2 CopyPart-EraseBytes-
#204372	REDUCE cov: 1696 ft: 6365 corp: 965/398Kb lim: 899 exec/s: 14598 rss: 489Mb L: 229/899 MS: 3 ChangeBit-PersAutoDict-EraseBytes- DE: "\001\000\000@"-
#204403	REDUCE cov: 1696 ft: 6365 corp: 965/398Kb lim: 899 exec/s: 14600 rss: 489Mb L: 76/899 MS: 1 EraseBytes-
#204769	REDUCE cov: 1696 ft: 6365 corp: 965/398Kb lim: 899 exec/s: 14626 rss: 490Mb L: 41/899 MS: 1 EraseBytes-
#204781	REDUCE cov: 1696 ft: 6365 corp: 965/398Kb lim: 899 exec/s: 14627 rss: 490Mb L: 727/899 MS: 2 EraseBytes-CopyPart-
#205033	REDUCE cov: 1696 ft: 6365 corp: 965/398Kb lim: 899 exec/s: 14645 rss: 490Mb L: 623/899 MS: 2 InsertByte-EraseBytes-
#205150	REDUCE cov: 1696 ft: 6366 corp: 966/398Kb lim: 899 exec/s: 14653 rss: 490Mb L: 465/899 MS: 2 InsertRepeatedBytes-InsertByte-
#205206	REDUCE cov: 1696 ft: 6371 corp: 967/398Kb lim: 899 exec/s: 14657 rss: 490Mb L: 233/899 MS: 1 CrossOver-
#205320	NEW    cov: 1696 ft: 6372 corp: 968/399Kb lim: 899 exec/s: 14665 rss: 490Mb L: 892/899 MS: 4 CMP-CopyPart-CrossOver-CopyPart- DE: "U\002\000\000"-
#205389	REDUCE cov: 1696 ft: 6372 corp: 968/399Kb lim: 899 exec/s: 14670 rss: 490Mb L: 349/899 MS: 4 ChangeASCIIInt-InsertByte-ShuffleBytes-EraseBytes-
#205485	NEW    cov: 1696 ft: 6373 corp: 969/400Kb lim: 899 exec/s: 14677 rss: 490Mb L: 572/899 MS: 1 CopyPart-
#205676	REDUCE cov: 1696 ft: 6373 corp: 969/400Kb lim: 899 exec/s: 14691 rss: 490Mb L: 138/899 MS: 1 EraseBytes-
#205817	REDUCE cov: 1696 ft: 6373 corp: 969/400Kb lim: 899 exec/s: 14701 rss: 490Mb L: 437/899 MS: 1 EraseBytes-
#205898	REDUCE cov: 1696 ft: 6373 corp: 969/400Kb lim: 899 exec/s: 14707 rss: 490Mb L: 315/899 MS: 1 EraseBytes-
#206051	REDUCE cov: 1696 ft: 6374 corp: 970/400Kb lim: 899 exec/s: 14717 rss: 490Mb L: 617/899 MS: 3 CopyPart-InsertByte-ChangeByte-
#206074	REDUCE cov: 1696 ft: 6374 corp: 970/400Kb lim: 899 exec/s: 14719 rss: 490Mb L: 16/899 MS: 3 ChangeBit-ChangeBit-EraseBytes-
#206180	REDUCE cov: 1696 ft: 6374 corp: 970/400Kb lim: 899 exec/s: 14727 rss: 490Mb L: 37/899 MS: 1 EraseBytes-
#206186	REDUCE cov: 1696 ft: 6374 corp: 970/400Kb lim: 899 exec/s: 14727 rss: 490Mb L: 196/899 MS: 1 EraseBytes-
#206533	REDUCE cov: 1696 ft: 6374 corp: 970/400Kb lim: 899 exec/s: 14752 rss: 490Mb L: 271/899 MS: 2 ChangeByte-EraseBytes-
#206614	REDUCE cov: 1696 ft: 6374 corp: 970/400Kb lim: 899 exec/s: 14758 rss: 490Mb L: 260/899 MS: 1 EraseBytes-
#206632	REDUCE cov: 1696 ft: 6375 corp: 971/401Kb lim: 899 exec/s: 14759 rss: 490Mb L: 865/899 MS: 3 ChangeBit-ShuffleBytes-CopyPart-
#206898	REDUCE cov: 1696 ft: 6375 corp: 971/401Kb lim: 899 exec/s: 14778 rss: 490Mb L: 4/899 MS: 1 EraseBytes-
#206927	REDUCE cov: 1696 ft: 6375 corp: 971/401Kb lim: 899 exec/s: 14780 rss: 490Mb L: 36/899 MS: 4 CMP-ChangeASCIIInt-ChangeBinInt-EraseBytes- DE: "sp\000\000"-
#207039	REDUCE cov: 1696 ft: 6375 corp: 971/401Kb lim: 899 exec/s: 14788 rss: 490Mb L: 18/899 MS: 2 CMP-EraseBytes- DE: "\000\000\000\000"-
#207055	REDUCE cov: 1696 ft: 6375 corp: 971/401Kb lim: 899 exec/s: 14789 rss: 490Mb L: 533/899 MS: 1 EraseBytes-
#207117	REDUCE cov: 1696 ft: 6375 corp: 971/401Kb lim: 899 exec/s: 14794 rss: 490Mb L: 396/899 MS: 2 ShuffleBytes-EraseBytes-
#207238	REDUCE cov: 1696 ft: 6375 corp: 971/401Kb lim: 899 exec/s: 14802 rss: 490Mb L: 589/899 MS: 1 CrossOver-
#207280	REDUCE cov: 1696 ft: 6376 corp: 972/401Kb lim: 899 exec/s: 14805 rss: 490Mb L: 98/899 MS: 2 ChangeByte-InsertRepeatedBytes-
#207434	REDUCE cov: 1696 ft: 6376 corp: 972/401Kb lim: 899 exec/s: 14816 rss: 490Mb L: 298/899 MS: 4 PersAutoDict-ChangeASCIIInt-ChangeASCIIInt-EraseBytes- DE: "\000\000\000\000\000\000\000\002"-
#207634	REDUCE cov: 1696 ft: 6376 corp: 972/401Kb lim: 899 exec/s: 14831 rss: 491Mb L: 235/899 MS: 5 PersAutoDict-ShuffleBytes-InsertByte-ChangeBinInt-EraseBytes- DE: "\001\000"-
#207636	REDUCE cov: 1696 ft: 6376 corp: 972/400Kb lim: 899 exec/s: 14831 rss: 491Mb L: 362/899 MS: 2 InsertRepeatedBytes-EraseBytes-
#207643	REDUCE cov: 1696 ft: 6377 corp: 973/401Kb lim: 899 exec/s: 14831 rss: 491Mb L: 190/899 MS: 2 ChangeBit-CrossOver-
#208094	REDUCE cov: 1696 ft: 6377 corp: 973/401Kb lim: 899 exec/s: 14863 rss: 491Mb L: 399/899 MS: 1 EraseBytes-
#208265	REDUCE cov: 1696 ft: 6377 corp: 973/401Kb lim: 899 exec/s: 14876 rss: 491Mb L: 316/899 MS: 1 EraseBytes-
#208341	REDUCE cov: 1696 ft: 6377 corp: 973/400Kb lim: 899 exec/s: 14881 rss: 491Mb L: 662/899 MS: 1 EraseBytes-
#208498	REDUCE cov: 1696 ft: 6377 corp: 973/400Kb lim: 899 exec/s: 14892 rss: 491Mb L: 597/899 MS: 2 InsertByte-EraseBytes-
#208583	REDUCE cov: 1696 ft: 6377 corp: 973/400Kb lim: 899 exec/s: 14898 rss: 491Mb L: 531/899 MS: 5 ChangeASCIIInt-InsertByte-EraseBytes-PersAutoDict-InsertByte- DE: "\001\000"-
#208616	REDUCE cov: 1696 ft: 6377 corp: 973/400Kb lim: 899 exec/s: 14901 rss: 491Mb L: 137/899 MS: 3 ChangeASCIIInt-ShuffleBytes-EraseBytes-
#208757	REDUCE cov: 1696 ft: 6377 corp: 973/400Kb lim: 899 exec/s: 14911 rss: 491Mb L: 122/899 MS: 1 EraseBytes-
#208939	REDUCE cov: 1696 ft: 6377 corp: 973/400Kb lim: 899 exec/s: 14924 rss: 491Mb L: 225/899 MS: 2 ChangeASCIIInt-EraseBytes-
#209260	REDUCE cov: 1696 ft: 6377 corp: 973/400Kb lim: 899 exec/s: 14947 rss: 491Mb L: 110/899 MS: 1 EraseBytes-
#209301	REDUCE cov: 1696 ft: 6379 corp: 974/401Kb lim: 899 exec/s: 14950 rss: 491Mb L: 681/899 MS: 1 InsertRepeatedBytes-
#209457	REDUCE cov: 1696 ft: 6379 corp: 974/401Kb lim: 899 exec/s: 14961 rss: 492Mb L: 820/899 MS: 1 EraseBytes-
#209603	REDUCE cov: 1696 ft: 6379 corp: 974/401Kb lim: 899 exec/s: 14971 rss: 492Mb L: 293/899 MS: 1 EraseBytes-
#209650	REDUCE cov: 1696 ft: 6379 corp: 974/401Kb lim: 899 exec/s: 14975 rss: 492Mb L: 554/899 MS: 2 PersAutoDict-EraseBytes- DE: "\021\000\000\000"-
#209686	REDUCE cov: 1696 ft: 6379 corp: 974/400Kb lim: 899 exec/s: 14977 rss: 492Mb L: 719/899 MS: 1 EraseBytes-
#209697	REDUCE cov: 1696 ft: 6379 corp: 974/400Kb lim: 899 exec/s: 14978 rss: 492Mb L: 375/899 MS: 1 EraseBytes-
#209719	REDUCE cov: 1696 ft: 6379 corp: 974/400Kb lim: 899 exec/s: 14979 rss: 492Mb L: 276/899 MS: 2 ShuffleBytes-EraseBytes-
#209858	REDUCE cov: 1696 ft: 6380 corp: 975/401Kb lim: 899 exec/s: 14989 rss: 492Mb L: 711/899 MS: 4 ChangeByte-CrossOver-InsertByte-ChangeBit-
#209959	REDUCE cov: 1696 ft: 6380 corp: 975/401Kb lim: 899 exec/s: 14997 rss: 492Mb L: 689/899 MS: 1 EraseBytes-
#209965	REDUCE cov: 1696 ft: 6380 corp: 975/401Kb lim: 899 exec/s: 14997 rss: 492Mb L: 306/899 MS: 1 EraseBytes-
#210323	REDUCE cov: 1696 ft: 6380 corp: 975/401Kb lim: 899 exec/s: 15023 rss: 492Mb L: 60/899 MS: 3 ChangeByte-CopyPart-EraseBytes-
#210510	REDUCE cov: 1696 ft: 6380 corp: 975/401Kb lim: 899 exec/s: 15036 rss: 492Mb L: 615/899 MS: 2 ChangeBinInt-EraseBytes-
#210776	REDUCE cov: 1696 ft: 6380 corp: 975/401Kb lim: 899 exec/s: 15055 rss: 492Mb L: 762/899 MS: 1 EraseBytes-
#210877	REDUCE cov: 1696 ft: 6380 corp: 975/401Kb lim: 899 exec/s: 15062 rss: 492Mb L: 655/899 MS: 1 EraseBytes-
#210995	REDUCE cov: 1696 ft: 6380 corp: 975/401Kb lim: 899 exec/s: 15071 rss: 492Mb L: 736/899 MS: 3 PersAutoDict-InsertRepeatedBytes-EraseBytes- DE: "\001\000\000\013"-
#211181	REDUCE cov: 1696 ft: 6380 corp: 975/401Kb lim: 899 exec/s: 15084 rss: 492Mb L: 22/899 MS: 1 EraseBytes-
#211290	REDUCE cov: 1696 ft: 6380 corp: 975/401Kb lim: 899 exec/s: 15092 rss: 492Mb L: 753/899 MS: 4 ChangeByte-ChangeASCIIInt-PersAutoDict-EraseBytes- DE: "\0043333333"-
#211328	REDUCE cov: 1696 ft: 6380 corp: 975/401Kb lim: 899 exec/s: 15094 rss: 492Mb L: 130/899 MS: 3 CopyPart-InsertRepeatedBytes-EraseBytes-
#211374	REDUCE cov: 1696 ft: 6380 corp: 975/401Kb lim: 899 exec/s: 15098 rss: 493Mb L: 504/899 MS: 1 EraseBytes-
#211495	REDUCE cov: 1696 ft: 6380 corp: 975/401Kb lim: 899 exec/s: 15106 rss: 493Mb L: 11/899 MS: 1 EraseBytes-
#211588	REDUCE cov: 1696 ft: 6380 corp: 975/401Kb lim: 899 exec/s: 15113 rss: 493Mb L: 75/899 MS: 3 ChangeBit-CrossOver-EraseBytes-
#211739	REDUCE cov: 1696 ft: 6380 corp: 975/400Kb lim: 899 exec/s: 15124 rss: 493Mb L: 151/899 MS: 1 EraseBytes-
#211755	REDUCE cov: 1696 ft: 6380 corp: 975/400Kb lim: 899 exec/s: 15125 rss: 493Mb L: 41/899 MS: 1 EraseBytes-
#211805	REDUCE cov: 1696 ft: 6380 corp: 975/400Kb lim: 899 exec/s: 15128 rss: 493Mb L: 145/899 MS: 5 InsertRepeatedBytes-ChangeBinInt-CopyPart-CopyPart-EraseBytes-
#211826	REDUCE cov: 1696 ft: 6380 corp: 975/400Kb lim: 899 exec/s: 15130 rss: 493Mb L: 514/899 MS: 1 EraseBytes-
#211844	NEW    cov: 1696 ft: 6381 corp: 976/401Kb lim: 899 exec/s: 15131 rss: 493Mb L: 836/899 MS: 3 InsertRepeatedBytes-PersAutoDict-CopyPart- DE: "\001\000\0015"-
#211989	REDUCE cov: 1696 ft: 6381 corp: 976/401Kb lim: 899 exec/s: 15142 rss: 493Mb L: 648/899 MS: 5 InsertByte-InsertByte-ShuffleBytes-ChangeBit-EraseBytes-
#211999	REDUCE cov: 1696 ft: 6381 corp: 976/401Kb lim: 899 exec/s: 15142 rss: 493Mb L: 565/899 MS: 5 ChangeBit-ChangeASCIIInt-ChangeBit-ChangeBinInt-EraseBytes-
#212426	REDUCE cov: 1696 ft: 6381 corp: 976/401Kb lim: 899 exec/s: 15173 rss: 493Mb L: 413/899 MS: 2 ChangeBit-EraseBytes-
#212528	REDUCE cov: 1696 ft: 6381 corp: 976/401Kb lim: 899 exec/s: 15180 rss: 493Mb L: 731/899 MS: 2 ChangeBinInt-EraseBytes-
#212684	REDUCE cov: 1696 ft: 6381 corp: 976/400Kb lim: 899 exec/s: 15191 rss: 493Mb L: 293/899 MS: 1 EraseBytes-
#212805	REDUCE cov: 1696 ft: 6381 corp: 976/400Kb lim: 899 exec/s: 15200 rss: 493Mb L: 175/899 MS: 1 EraseBytes-
#212837	REDUCE cov: 1696 ft: 6381 corp: 976/400Kb lim: 899 exec/s: 15202 rss: 493Mb L: 17/899 MS: 2 ChangeByte-EraseBytes-
#212899	REDUCE cov: 1696 ft: 6381 corp: 976/400Kb lim: 899 exec/s: 15207 rss: 493Mb L: 9/899 MS: 2 CMP-EraseBytes- DE: "\333h\000\000"-
#212905	REDUCE cov: 1696 ft: 6381 corp: 976/400Kb lim: 899 exec/s: 15207 rss: 493Mb L: 64/899 MS: 1 EraseBytes-
#213236	REDUCE cov: 1696 ft: 6381 corp: 976/400Kb lim: 899 exec/s: 15231 rss: 494Mb L: 717/899 MS: 1 EraseBytes-
#213932	REDUCE cov: 1696 ft: 6381 corp: 976/400Kb lim: 899 exec/s: 15280 rss: 494Mb L: 613/899 MS: 1 EraseBytes-
#214253	REDUCE cov: 1696 ft: 6381 corp: 976/400Kb lim: 899 exec/s: 15303 rss: 494Mb L: 564/899 MS: 1 EraseBytes-
#214341	REDUCE cov: 1696 ft: 6381 corp: 976/400Kb lim: 899 exec/s: 15310 rss: 494Mb L: 526/899 MS: 3 ChangeASCIIInt-ShuffleBytes-EraseBytes-
#214533	REDUCE cov: 1696 ft: 6381 corp: 976/400Kb lim: 899 exec/s: 15323 rss: 494Mb L: 206/899 MS: 2 ShuffleBytes-EraseBytes-
#214546	REDUCE cov: 1696 ft: 6381 corp: 976/400Kb lim: 899 exec/s: 15324 rss: 494Mb L: 285/899 MS: 3 ShuffleBytes-ChangeByte-EraseBytes-
#214589	REDUCE cov: 1696 ft: 6381 corp: 976/400Kb lim: 899 exec/s: 15327 rss: 494Mb L: 69/899 MS: 3 ShuffleBytes-CopyPart-EraseBytes-
#214646	REDUCE cov: 1696 ft: 6381 corp: 976/400Kb lim: 899 exec/s: 15331 rss: 494Mb L: 276/899 MS: 2 ChangeASCIIInt-EraseBytes-
#214724	REDUCE cov: 1696 ft: 6381 corp: 976/400Kb lim: 899 exec/s: 15337 rss: 494Mb L: 331/899 MS: 3 ChangeByte-ChangeASCIIInt-EraseBytes-
#214865	REDUCE cov: 1696 ft: 6381 corp: 976/400Kb lim: 899 exec/s: 15347 rss: 495Mb L: 15/899 MS: 1 EraseBytes-
#214906	REDUCE cov: 1696 ft: 6381 corp: 976/400Kb lim: 899 exec/s: 15350 rss: 495Mb L: 300/899 MS: 1 EraseBytes-
#214917	REDUCE cov: 1696 ft: 6381 corp: 976/400Kb lim: 899 exec/s: 15351 rss: 495Mb L: 91/899 MS: 1 EraseBytes-
#215163	REDUCE cov: 1696 ft: 6381 corp: 976/400Kb lim: 899 exec/s: 15368 rss: 495Mb L: 244/899 MS: 1 EraseBytes-
#215302	REDUCE cov: 1696 ft: 6381 corp: 976/399Kb lim: 899 exec/s: 15378 rss: 495Mb L: 130/899 MS: 4 ShuffleBytes-ShuffleBytes-PersAutoDict-EraseBytes- DE: "\001\000\000\000\000\000\000\015"-
#215303	REDUCE cov: 1696 ft: 6381 corp: 976/399Kb lim: 899 exec/s: 15378 rss: 495Mb L: 164/899 MS: 1 CrossOver-
#215475	NEW    cov: 1696 ft: 6382 corp: 977/400Kb lim: 899 exec/s: 15391 rss: 495Mb L: 566/899 MS: 2 ChangeASCIIInt-EraseBytes-
#215571	REDUCE cov: 1696 ft: 6382 corp: 977/400Kb lim: 899 exec/s: 15397 rss: 495Mb L: 670/899 MS: 1 EraseBytes-
#215612	REDUCE cov: 1696 ft: 6382 corp: 977/400Kb lim: 899 exec/s: 15400 rss: 495Mb L: 433/899 MS: 1 EraseBytes-
#216014	REDUCE cov: 1696 ft: 6382 corp: 977/400Kb lim: 899 exec/s: 15429 rss: 495Mb L: 44/899 MS: 2 InsertByte-EraseBytes-
#216056	REDUCE cov: 1696 ft: 6382 corp: 977/400Kb lim: 899 exec/s: 15432 rss: 495Mb L: 115/899 MS: 2 ChangeASCIIInt-EraseBytes-
#216249	REDUCE cov: 1696 ft: 6382 corp: 977/400Kb lim: 899 exec/s: 15446 rss: 495Mb L: 8/899 MS: 3 EraseBytes-ChangeBit-CrossOver-
#216259	REDUCE cov: 1696 ft: 6382 corp: 977/400Kb lim: 899 exec/s: 15447 rss: 495Mb L: 390/899 MS: 5 CopyPart-CrossOver-EraseBytes-InsertRepeatedBytes-EraseBytes-
#216265	REDUCE cov: 1696 ft: 6382 corp: 977/400Kb lim: 899 exec/s: 15447 rss: 495Mb L: 703/899 MS: 1 EraseBytes-
#216392	REDUCE cov: 1696 ft: 6382 corp: 977/400Kb lim: 899 exec/s: 15456 rss: 495Mb L: 100/899 MS: 2 PersAutoDict-EraseBytes- DE: "\000\000\000\000\000\000\000X"-
#216569	REDUCE cov: 1696 ft: 6383 corp: 978/400Kb lim: 899 exec/s: 15469 rss: 495Mb L: 457/899 MS: 2 ShuffleBytes-CopyPart-
#216658	REDUCE cov: 1696 ft: 6383 corp: 978/400Kb lim: 899 exec/s: 15475 rss: 495Mb L: 214/899 MS: 4 ChangeBit-ChangeBit-InsertRepeatedBytes-EraseBytes-
#216695	REDUCE cov: 1696 ft: 6383 corp: 978/400Kb lim: 899 exec/s: 15478 rss: 495Mb L: 554/899 MS: 2 InsertByte-EraseBytes-
#216826	REDUCE cov: 1696 ft: 6383 corp: 978/400Kb lim: 899 exec/s: 15487 rss: 495Mb L: 219/899 MS: 1 EraseBytes-
#217009	REDUCE cov: 1696 ft: 6383 corp: 978/400Kb lim: 899 exec/s: 15500 rss: 495Mb L: 26/899 MS: 3 CopyPart-CrossOver-EraseBytes-
#217025	REDUCE cov: 1696 ft: 6384 corp: 979/400Kb lim: 899 exec/s: 15501 rss: 495Mb L: 131/899 MS: 1 CopyPart-
#217032	REDUCE cov: 1696 ft: 6384 corp: 979/400Kb lim: 899 exec/s: 15502 rss: 495Mb L: 89/899 MS: 2 ShuffleBytes-EraseBytes-
#217038	REDUCE cov: 1696 ft: 6384 corp: 979/400Kb lim: 899 exec/s: 15502 rss: 495Mb L: 549/899 MS: 1 CrossOver-
#217104	REDUCE cov: 1696 ft: 6384 corp: 979/400Kb lim: 899 exec/s: 15507 rss: 495Mb L: 230/899 MS: 1 EraseBytes-
#217355	REDUCE cov: 1696 ft: 6384 corp: 979/400Kb lim: 899 exec/s: 15525 rss: 495Mb L: 260/899 MS: 1 EraseBytes-
#217438	REDUCE cov: 1696 ft: 6384 corp: 979/400Kb lim: 899 exec/s: 15531 rss: 495Mb L: 158/899 MS: 3 InsertByte-ShuffleBytes-EraseBytes-
#217685	NEW    cov: 1696 ft: 6385 corp: 980/401Kb lim: 899 exec/s: 15548 rss: 495Mb L: 546/899 MS: 2 ChangeByte-CrossOver-
#217857	REDUCE cov: 1696 ft: 6385 corp: 980/401Kb lim: 899 exec/s: 15561 rss: 495Mb L: 401/899 MS: 2 InsertByte-EraseBytes-
#217938	REDUCE cov: 1696 ft: 6385 corp: 980/401Kb lim: 899 exec/s: 15567 rss: 495Mb L: 600/899 MS: 1 EraseBytes-
#218024	REDUCE cov: 1696 ft: 6385 corp: 980/400Kb lim: 899 exec/s: 15573 rss: 495Mb L: 668/899 MS: 1 EraseBytes-
#218040	REDUCE cov: 1696 ft: 6385 corp: 980/400Kb lim: 899 exec/s: 15574 rss: 495Mb L: 270/899 MS: 1 EraseBytes-
#218057	REDUCE cov: 1696 ft: 6385 corp: 980/400Kb lim: 899 exec/s: 15575 rss: 495Mb L: 199/899 MS: 2 ChangeByte-EraseBytes-
#218078	REDUCE cov: 1696 ft: 6385 corp: 980/400Kb lim: 899 exec/s: 15577 rss: 495Mb L: 166/899 MS: 1 EraseBytes-
#218179	REDUCE cov: 1696 ft: 6385 corp: 980/400Kb lim: 899 exec/s: 15584 rss: 495Mb L: 665/899 MS: 1 EraseBytes-
#218210	REDUCE cov: 1696 ft: 6385 corp: 980/400Kb lim: 899 exec/s: 15586 rss: 495Mb L: 173/899 MS: 1 EraseBytes-
#218462	REDUCE cov: 1696 ft: 6385 corp: 980/400Kb lim: 899 exec/s: 14564 rss: 495Mb L: 654/899 MS: 2 ChangeBit-EraseBytes-
#218594	REDUCE cov: 1696 ft: 6385 corp: 980/400Kb lim: 899 exec/s: 14572 rss: 495Mb L: 850/899 MS: 2 ChangeByte-EraseBytes-
#218626	REDUCE cov: 1696 ft: 6385 corp: 980/400Kb lim: 899 exec/s: 14575 rss: 496Mb L: 761/899 MS: 2 InsertByte-EraseBytes-
#218763	REDUCE cov: 1696 ft: 6385 corp: 980/400Kb lim: 899 exec/s: 14584 rss: 496Mb L: 381/899 MS: 2 InsertByte-EraseBytes-
#218806	REDUCE cov: 1696 ft: 6385 corp: 980/400Kb lim: 899 exec/s: 14587 rss: 496Mb L: 143/899 MS: 3 ShuffleBytes-CopyPart-EraseBytes-
#218858	REDUCE cov: 1696 ft: 6386 corp: 981/400Kb lim: 899 exec/s: 14590 rss: 496Mb L: 265/899 MS: 2 PersAutoDict-PersAutoDict- DE: "\000\000\000\000\000\000\000\000"-"\024\000"-
#219089	REDUCE cov: 1696 ft: 6387 corp: 982/401Kb lim: 899 exec/s: 14605 rss: 496Mb L: 576/899 MS: 1 CopyPart-
#219242	REDUCE cov: 1696 ft: 6387 corp: 982/401Kb lim: 899 exec/s: 14616 rss: 496Mb L: 211/899 MS: 3 PersAutoDict-ShuffleBytes-EraseBytes- DE: "\001\000\000\000\000\000\000\007"-
#219298	NEW    cov: 1696 ft: 6388 corp: 983/401Kb lim: 899 exec/s: 14619 rss: 496Mb L: 294/899 MS: 1 InsertRepeatedBytes-
#219374	REDUCE cov: 1696 ft: 6388 corp: 983/401Kb lim: 899 exec/s: 14624 rss: 496Mb L: 93/899 MS: 1 EraseBytes-
#219506	REDUCE cov: 1696 ft: 6388 corp: 983/401Kb lim: 899 exec/s: 14633 rss: 496Mb L: 341/899 MS: 2 InsertByte-CrossOver-
#219607	REDUCE cov: 1696 ft: 6388 corp: 983/401Kb lim: 899 exec/s: 14640 rss: 496Mb L: 327/899 MS: 1 EraseBytes-
#219795	REDUCE cov: 1696 ft: 6388 corp: 983/401Kb lim: 899 exec/s: 14653 rss: 496Mb L: 219/899 MS: 3 InsertRepeatedBytes-ChangeByte-EraseBytes-
#219806	REDUCE cov: 1696 ft: 6388 corp: 983/401Kb lim: 899 exec/s: 14653 rss: 496Mb L: 242/899 MS: 1 EraseBytes-
#219827	REDUCE cov: 1696 ft: 6388 corp: 983/401Kb lim: 899 exec/s: 14655 rss: 496Mb L: 208/899 MS: 1 EraseBytes-
#219838	REDUCE cov: 1696 ft: 6388 corp: 983/401Kb lim: 899 exec/s: 14655 rss: 496Mb L: 309/899 MS: 1 EraseBytes-
#219920	REDUCE cov: 1696 ft: 6389 corp: 984/401Kb lim: 899 exec/s: 14661 rss: 496Mb L: 531/899 MS: 2 ShuffleBytes-EraseBytes-
#219993	REDUCE cov: 1696 ft: 6389 corp: 984/401Kb lim: 899 exec/s: 14666 rss: 496Mb L: 67/899 MS: 3 CrossOver-ChangeBit-EraseBytes-
#220039	REDUCE cov: 1696 ft: 6389 corp: 984/401Kb lim: 899 exec/s: 14669 rss: 496Mb L: 9/899 MS: 1 EraseBytes-
#220550	REDUCE cov: 1696 ft: 6389 corp: 984/401Kb lim: 899 exec/s: 14703 rss: 497Mb L: 524/899 MS: 1 EraseBytes-
#220771	REDUCE cov: 1696 ft: 6389 corp: 984/401Kb lim: 899 exec/s: 14718 rss: 497Mb L: 305/899 MS: 1 EraseBytes-
#220782	REDUCE cov: 1696 ft: 6389 corp: 984/401Kb lim: 899 exec/s: 14718 rss: 497Mb L: 515/899 MS: 1 EraseBytes-
#220813	REDUCE cov: 1696 ft: 6389 corp: 984/401Kb lim: 899 exec/s: 14720 rss: 497Mb L: 291/899 MS: 1 EraseBytes-
#220869	REDUCE cov: 1696 ft: 6389 corp: 984/401Kb lim: 899 exec/s: 14724 rss: 497Mb L: 226/899 MS: 1 EraseBytes-
#220941	REDUCE cov: 1696 ft: 6389 corp: 984/401Kb lim: 899 exec/s: 14729 rss: 497Mb L: 73/899 MS: 2 CopyPart-EraseBytes-
#220942	REDUCE cov: 1696 ft: 6389 corp: 984/401Kb lim: 899 exec/s: 14729 rss: 497Mb L: 186/899 MS: 1 EraseBytes-
#221114	REDUCE cov: 1696 ft: 6389 corp: 984/401Kb lim: 899 exec/s: 14740 rss: 497Mb L: 55/899 MS: 2 EraseBytes-ChangeBit-
#221263	REDUCE cov: 1696 ft: 6389 corp: 984/401Kb lim: 899 exec/s: 14750 rss: 497Mb L: 320/899 MS: 4 InsertByte-CrossOver-InsertRepeatedBytes-EraseBytes-
#221329	REDUCE cov: 1696 ft: 6389 corp: 984/401Kb lim: 899 exec/s: 14755 rss: 497Mb L: 222/899 MS: 1 EraseBytes-
#221521	REDUCE cov: 1696 ft: 6389 corp: 984/401Kb lim: 899 exec/s: 14768 rss: 497Mb L: 383/899 MS: 2 ChangeASCIIInt-EraseBytes-
#221548	REDUCE cov: 1696 ft: 6389 corp: 984/401Kb lim: 899 exec/s: 14769 rss: 497Mb L: 25/899 MS: 2 ChangeBit-EraseBytes-
#221636	REDUCE cov: 1696 ft: 6389 corp: 984/401Kb lim: 899 exec/s: 14775 rss: 497Mb L: 662/899 MS: 3 ChangeASCIIInt-InsertByte-EraseBytes-
#221770	NEW    cov: 1696 ft: 6390 corp: 985/401Kb lim: 899 exec/s: 14784 rss: 497Mb L: 242/899 MS: 4 ShuffleBytes-PersAutoDict-InsertByte-ChangeByte- DE: "\000\000\000\000\000\000\001\025"-
#221966	REDUCE cov: 1696 ft: 6390 corp: 985/401Kb lim: 899 exec/s: 14797 rss: 497Mb L: 160/899 MS: 1 EraseBytes-
#222047	REDUCE cov: 1696 ft: 6390 corp: 985/401Kb lim: 899 exec/s: 14803 rss: 497Mb L: 382/899 MS: 1 EraseBytes-
#222129	REDUCE cov: 1698 ft: 6392 corp: 986/401Kb lim: 899 exec/s: 14808 rss: 498Mb L: 117/899 MS: 2 ChangeBit-CrossOver-
#222256	REDUCE cov: 1698 ft: 6392 corp: 986/401Kb lim: 899 exec/s: 14817 rss: 498Mb L: 542/899 MS: 2 ChangeBit-EraseBytes-
#222293	REDUCE cov: 1698 ft: 6392 corp: 986/401Kb lim: 899 exec/s: 14819 rss: 498Mb L: 313/899 MS: 2 ChangeByte-EraseBytes-
#222549	REDUCE cov: 1698 ft: 6392 corp: 986/401Kb lim: 899 exec/s: 14836 rss: 498Mb L: 111/899 MS: 1 EraseBytes-
#222613	REDUCE cov: 1698 ft: 6392 corp: 986/401Kb lim: 899 exec/s: 14840 rss: 498Mb L: 128/899 MS: 4 ChangeBinInt-ChangeBinInt-EraseBytes-ChangeBinInt-
#222619	REDUCE cov: 1698 ft: 6392 corp: 986/401Kb lim: 899 exec/s: 14841 rss: 498Mb L: 450/899 MS: 1 EraseBytes-
#222658	NEW    cov: 1698 ft: 6396 corp: 987/402Kb lim: 899 exec/s: 14843 rss: 498Mb L: 851/899 MS: 4 ChangeASCIIInt-InsertByte-CMP-ChangeByte- DE: "\000\000\000\000\000\000\000\000"-
#223064	REDUCE cov: 1698 ft: 6396 corp: 987/402Kb lim: 899 exec/s: 14870 rss: 498Mb L: 153/899 MS: 1 EraseBytes-
#223285	REDUCE cov: 1698 ft: 6396 corp: 987/402Kb lim: 899 exec/s: 14885 rss: 498Mb L: 354/899 MS: 1 EraseBytes-
#223300	NEW    cov: 1698 ft: 6397 corp: 988/402Kb lim: 899 exec/s: 14886 rss: 498Mb L: 389/899 MS: 5 ChangeASCIIInt-PersAutoDict-InsertByte-ChangeByte-CopyPart- DE: "\005\000"-
#223307	REDUCE cov: 1698 ft: 6397 corp: 988/402Kb lim: 899 exec/s: 14887 rss: 498Mb L: 805/899 MS: 2 ChangeBit-EraseBytes-
#223448	REDUCE cov: 1698 ft: 6397 corp: 988/402Kb lim: 899 exec/s: 14896 rss: 498Mb L: 232/899 MS: 1 EraseBytes-
#223515	REDUCE cov: 1698 ft: 6397 corp: 988/402Kb lim: 899 exec/s: 14901 rss: 498Mb L: 282/899 MS: 2 ChangeBit-EraseBytes-
#223537	REDUCE cov: 1698 ft: 6397 corp: 988/402Kb lim: 899 exec/s: 14902 rss: 498Mb L: 155/899 MS: 2 CopyPart-EraseBytes-
#223752	NEW    cov: 1698 ft: 6399 corp: 989/402Kb lim: 899 exec/s: 14916 rss: 498Mb L: 415/899 MS: 5 CopyPart-ChangeASCIIInt-InsertByte-ChangeASCIIInt-EraseBytes-
#224253	REDUCE cov: 1698 ft: 6399 corp: 989/402Kb lim: 899 exec/s: 14950 rss: 499Mb L: 570/899 MS: 1 CrossOver-
#224466	REDUCE cov: 1698 ft: 6400 corp: 990/403Kb lim: 899 exec/s: 14964 rss: 499Mb L: 857/899 MS: 3 ChangeBinInt-ChangeBit-CopyPart-
#224557	REDUCE cov: 1698 ft: 6400 corp: 990/403Kb lim: 899 exec/s: 14970 rss: 499Mb L: 689/899 MS: 1 CrossOver-
#224838	NEW    cov: 1698 ft: 6401 corp: 991/403Kb lim: 899 exec/s: 14989 rss: 499Mb L: 218/899 MS: 1 CopyPart-
#224859	REDUCE cov: 1698 ft: 6401 corp: 991/403Kb lim: 899 exec/s: 14990 rss: 499Mb L: 196/899 MS: 1 EraseBytes-
#224950	REDUCE cov: 1698 ft: 6401 corp: 991/403Kb lim: 899 exec/s: 14996 rss: 499Mb L: 674/899 MS: 1 EraseBytes-
#224951	REDUCE cov: 1698 ft: 6401 corp: 991/403Kb lim: 899 exec/s: 14996 rss: 499Mb L: 55/899 MS: 1 EraseBytes-
#225229	REDUCE cov: 1698 ft: 6401 corp: 991/403Kb lim: 899 exec/s: 15015 rss: 499Mb L: 489/899 MS: 3 EraseBytes-ChangeByte-CrossOver-
#225670	REDUCE cov: 1698 ft: 6402 corp: 992/403Kb lim: 899 exec/s: 15044 rss: 499Mb L: 362/899 MS: 1 CopyPart-
#225854	REDUCE cov: 1698 ft: 6402 corp: 992/403Kb lim: 899 exec/s: 15056 rss: 499Mb L: 240/899 MS: 4 InsertByte-CrossOver-PersAutoDict-EraseBytes- DE: "\000\000\000\000\000\000\000\010"-
#225871	REDUCE cov: 1698 ft: 6402 corp: 992/403Kb lim: 899 exec/s: 15058 rss: 499Mb L: 10/899 MS: 2 ChangeBinInt-EraseBytes-
#225962	REDUCE cov: 1698 ft: 6402 corp: 992/403Kb lim: 899 exec/s: 15064 rss: 499Mb L: 152/899 MS: 1 EraseBytes-
#225998	REDUCE cov: 1698 ft: 6402 corp: 992/403Kb lim: 899 exec/s: 15066 rss: 499Mb L: 151/899 MS: 1 EraseBytes-
#226070	REDUCE cov: 1698 ft: 6402 corp: 992/403Kb lim: 899 exec/s: 15071 rss: 499Mb L: 246/899 MS: 2 ChangeBinInt-EraseBytes-
#226072	NEW    cov: 1698 ft: 6403 corp: 993/404Kb lim: 899 exec/s: 15071 rss: 499Mb L: 505/899 MS: 2 ChangeBit-PersAutoDict- DE: "\000\000\000\000\000\000\000\003"-
#226079	REDUCE cov: 1698 ft: 6403 corp: 993/404Kb lim: 899 exec/s: 15071 rss: 499Mb L: 128/899 MS: 2 InsertRepeatedBytes-EraseBytes-
#226080	REDUCE cov: 1698 ft: 6403 corp: 993/404Kb lim: 899 exec/s: 15072 rss: 499Mb L: 251/899 MS: 1 EraseBytes-
#226111	REDUCE cov: 1698 ft: 6403 corp: 993/403Kb lim: 899 exec/s: 15074 rss: 499Mb L: 486/899 MS: 1 EraseBytes-
#227006	REDUCE cov: 1698 ft: 6403 corp: 993/403Kb lim: 899 exec/s: 15133 rss: 499Mb L: 447/899 MS: 5 ChangeASCIIInt-ShuffleBytes-PersAutoDict-ChangeBinInt-EraseBytes- DE: "G\004"-
#227012	REDUCE cov: 1698 ft: 6403 corp: 993/403Kb lim: 899 exec/s: 15134 rss: 499Mb L: 7/899 MS: 1 EraseBytes-
#227323	REDUCE cov: 1698 ft: 6403 corp: 993/403Kb lim: 899 exec/s: 15154 rss: 499Mb L: 223/899 MS: 1 EraseBytes-
#227496	NEW    cov: 1700 ft: 6405 corp: 994/404Kb lim: 899 exec/s: 15166 rss: 499Mb L: 316/899 MS: 3 ChangeBinInt-ShuffleBytes-EraseBytes-
#227592	REDUCE cov: 1700 ft: 6405 corp: 994/403Kb lim: 899 exec/s: 15172 rss: 500Mb L: 180/899 MS: 1 EraseBytes-
#227643	REDUCE cov: 1700 ft: 6405 corp: 994/403Kb lim: 899 exec/s: 15176 rss: 500Mb L: 209/899 MS: 1 EraseBytes-
#227646	REDUCE cov: 1700 ft: 6405 corp: 994/403Kb lim: 899 exec/s: 15176 rss: 500Mb L: 17/899 MS: 3 PersAutoDict-CrossOver-EraseBytes- DE: "\001\000"-
#227722	REDUCE cov: 1700 ft: 6405 corp: 994/403Kb lim: 899 exec/s: 15181 rss: 500Mb L: 712/899 MS: 1 EraseBytes-
#227958	REDUCE cov: 1700 ft: 6405 corp: 994/403Kb lim: 899 exec/s: 15197 rss: 500Mb L: 157/899 MS: 1 EraseBytes-
#228075	REDUCE cov: 1700 ft: 6405 corp: 994/403Kb lim: 899 exec/s: 15205 rss: 500Mb L: 115/899 MS: 2 EraseBytes-ChangeBit-
#228547	REDUCE cov: 1700 ft: 6405 corp: 994/403Kb lim: 899 exec/s: 15236 rss: 500Mb L: 16/899 MS: 2 CopyPart-EraseBytes-
#228604	REDUCE cov: 1700 ft: 6405 corp: 994/403Kb lim: 899 exec/s: 15240 rss: 500Mb L: 142/899 MS: 2 ShuffleBytes-EraseBytes-
#228800	REDUCE cov: 1700 ft: 6405 corp: 994/403Kb lim: 899 exec/s: 15253 rss: 500Mb L: 392/899 MS: 1 EraseBytes-
#228893	NEW    cov: 1700 ft: 6406 corp: 995/404Kb lim: 899 exec/s: 15259 rss: 500Mb L: 778/899 MS: 3 InsertByte-ChangeASCIIInt-EraseBytes-
#228895	REDUCE cov: 1700 ft: 6406 corp: 995/404Kb lim: 899 exec/s: 15259 rss: 500Mb L: 365/899 MS: 2 ChangeASCIIInt-EraseBytes-
#228982	REDUCE cov: 1700 ft: 6406 corp: 995/404Kb lim: 899 exec/s: 15265 rss: 500Mb L: 584/899 MS: 2 ChangeASCIIInt-EraseBytes-
#229338	REDUCE cov: 1700 ft: 6406 corp: 995/404Kb lim: 899 exec/s: 15289 rss: 500Mb L: 336/899 MS: 1 EraseBytes-
#229535	REDUCE cov: 1700 ft: 6406 corp: 995/404Kb lim: 899 exec/s: 15302 rss: 500Mb L: 187/899 MS: 2 InsertByte-EraseBytes-
#229732	REDUCE cov: 1700 ft: 6406 corp: 995/404Kb lim: 899 exec/s: 15315 rss: 500Mb L: 212/899 MS: 2 ChangeASCIIInt-EraseBytes-
#230011	REDUCE cov: 1700 ft: 6406 corp: 995/404Kb lim: 899 exec/s: 15334 rss: 500Mb L: 429/899 MS: 4 InsertByte-CopyPart-PersAutoDict-EraseBytes- DE: "\000\000\002V"-
#230090	REDUCE cov: 1700 ft: 6406 corp: 995/404Kb lim: 899 exec/s: 15339 rss: 500Mb L: 130/899 MS: 4 PersAutoDict-EraseBytes-PersAutoDict-PersAutoDict- DE: "\022\000\000\000"-"\002\000\000\000\000\000\000\000"-"\007\000"-
#230116	REDUCE cov: 1700 ft: 6406 corp: 995/404Kb lim: 899 exec/s: 15341 rss: 500Mb L: 324/899 MS: 1 EraseBytes-
#230117	REDUCE cov: 1700 ft: 6406 corp: 995/404Kb lim: 899 exec/s: 15341 rss: 500Mb L: 162/899 MS: 1 EraseBytes-
#230238	REDUCE cov: 1700 ft: 6407 corp: 996/404Kb lim: 899 exec/s: 15349 rss: 501Mb L: 130/899 MS: 1 CrossOver-
#230269	REDUCE cov: 1700 ft: 6407 corp: 996/404Kb lim: 899 exec/s: 15351 rss: 501Mb L: 52/899 MS: 1 EraseBytes-
#230555	NEW    cov: 1700 ft: 6408 corp: 997/404Kb lim: 899 exec/s: 15370 rss: 501Mb L: 388/899 MS: 1 CopyPart-
#230788	REDUCE cov: 1700 ft: 6408 corp: 997/404Kb lim: 899 exec/s: 15385 rss: 501Mb L: 591/899 MS: 3 InsertByte-ShuffleBytes-EraseBytes-
#230891	REDUCE cov: 1700 ft: 6408 corp: 997/404Kb lim: 899 exec/s: 15392 rss: 501Mb L: 296/899 MS: 3 EraseBytes-InsertByte-ChangeBinInt-
#230933	REDUCE cov: 1700 ft: 6408 corp: 997/404Kb lim: 899 exec/s: 15395 rss: 501Mb L: 129/899 MS: 2 PersAutoDict-EraseBytes- DE: "\0043333333"-
#230943	REDUCE cov: 1700 ft: 6408 corp: 997/404Kb lim: 899 exec/s: 15396 rss: 501Mb L: 41/899 MS: 5 InsertByte-PersAutoDict-ChangeBinInt-PersAutoDict-EraseBytes- DE: "\004\003\000\000"-"\001\012"-
#230959	REDUCE cov: 1700 ft: 6408 corp: 997/404Kb lim: 899 exec/s: 15397 rss: 501Mb L: 759/899 MS: 1 EraseBytes-
#231163	REDUCE cov: 1700 ft: 6408 corp: 997/404Kb lim: 899 exec/s: 15410 rss: 501Mb L: 444/899 MS: 4 InsertRepeatedBytes-InsertByte-ChangeBit-CrossOver-
#231535	REDUCE cov: 1700 ft: 6408 corp: 997/404Kb lim: 899 exec/s: 15435 rss: 501Mb L: 434/899 MS: 2 ShuffleBytes-EraseBytes-
#231562	REDUCE cov: 1700 ft: 6408 corp: 997/404Kb lim: 899 exec/s: 15437 rss: 501Mb L: 43/899 MS: 2 CrossOver-EraseBytes-
#231653	NEW    cov: 1700 ft: 6412 corp: 998/404Kb lim: 899 exec/s: 15443 rss: 501Mb L: 606/899 MS: 1 CopyPart-
#231713	REDUCE cov: 1700 ft: 6413 corp: 999/405Kb lim: 899 exec/s: 15447 rss: 501Mb L: 703/899 MS: 5 ChangeByte-InsertRepeatedBytes-CrossOver-CopyPart-ShuffleBytes-
#231849	REDUCE cov: 1700 ft: 6413 corp: 999/405Kb lim: 899 exec/s: 15456 rss: 501Mb L: 15/899 MS: 1 EraseBytes-
#231920	REDUCE cov: 1700 ft: 6413 corp: 999/405Kb lim: 899 exec/s: 15461 rss: 501Mb L: 207/899 MS: 1 EraseBytes-
#232161	REDUCE cov: 1700 ft: 6413 corp: 999/405Kb lim: 899 exec/s: 15477 rss: 501Mb L: 182/899 MS: 1 EraseBytes-
#232168	REDUCE cov: 1700 ft: 6413 corp: 999/405Kb lim: 899 exec/s: 15477 rss: 501Mb L: 518/899 MS: 2 InsertByte-EraseBytes-
#232299	REDUCE cov: 1700 ft: 6413 corp: 999/405Kb lim: 899 exec/s: 15486 rss: 501Mb L: 12/899 MS: 1 EraseBytes-
#232350	REDUCE cov: 1700 ft: 6413 corp: 999/405Kb lim: 899 exec/s: 15490 rss: 501Mb L: 384/899 MS: 1 EraseBytes-
#232532	REDUCE cov: 1700 ft: 6413 corp: 999/405Kb lim: 899 exec/s: 15502 rss: 501Mb L: 280/899 MS: 2 ChangeBit-EraseBytes-
#232697	REDUCE cov: 1700 ft: 6413 corp: 999/405Kb lim: 899 exec/s: 15513 rss: 502Mb L: 305/899 MS: 5 ShuffleBytes-ChangeByte-InsertByte-ChangeBit-EraseBytes-
#233003	NEW    cov: 1700 ft: 6415 corp: 1000/405Kb lim: 899 exec/s: 15533 rss: 502Mb L: 202/899 MS: 1 CopyPart-
#233569	NEW    cov: 1701 ft: 6416 corp: 1001/406Kb lim: 899 exec/s: 15571 rss: 502Mb L: 751/899 MS: 1 CrossOver-
#233596	REDUCE cov: 1701 ft: 6416 corp: 1001/406Kb lim: 899 exec/s: 15573 rss: 502Mb L: 418/899 MS: 2 ChangeBit-EraseBytes-
#234053	REDUCE cov: 1701 ft: 6417 corp: 1002/406Kb lim: 899 exec/s: 15603 rss: 502Mb L: 103/899 MS: 2 ChangeBinInt-EraseBytes-
#234309	REDUCE cov: 1701 ft: 6417 corp: 1002/406Kb lim: 899 exec/s: 14644 rss: 502Mb L: 108/899 MS: 1 EraseBytes-
#234350	REDUCE cov: 1701 ft: 6417 corp: 1002/406Kb lim: 899 exec/s: 14646 rss: 502Mb L: 764/899 MS: 1 EraseBytes-
#234851	REDUCE cov: 1701 ft: 6418 corp: 1003/406Kb lim: 899 exec/s: 14678 rss: 502Mb L: 542/899 MS: 1 CrossOver-
#234853	REDUCE cov: 1701 ft: 6419 corp: 1004/406Kb lim: 899 exec/s: 14678 rss: 502Mb L: 3/899 MS: 2 CopyPart-EraseBytes-
#234869	REDUCE cov: 1701 ft: 6419 corp: 1004/406Kb lim: 899 exec/s: 14679 rss: 502Mb L: 617/899 MS: 1 EraseBytes-
#234986	REDUCE cov: 1701 ft: 6419 corp: 1004/406Kb lim: 899 exec/s: 14686 rss: 502Mb L: 660/899 MS: 2 InsertRepeatedBytes-EraseBytes-
#235045	REDUCE cov: 1701 ft: 6419 corp: 1004/406Kb lim: 899 exec/s: 14690 rss: 503Mb L: 101/899 MS: 4 ChangeASCIIInt-InsertRepeatedBytes-ChangeByte-EraseBytes-
#235224	REDUCE cov: 1701 ft: 6419 corp: 1004/406Kb lim: 899 exec/s: 14701 rss: 503Mb L: 138/899 MS: 4 ShuffleBytes-InsertByte-PersAutoDict-EraseBytes- DE: "\010\000"-
#235291	REDUCE cov: 1701 ft: 6419 corp: 1004/406Kb lim: 899 exec/s: 14705 rss: 503Mb L: 494/899 MS: 2 PersAutoDict-EraseBytes- DE: "\000\000\000\000"-
#235406	REDUCE cov: 1701 ft: 6419 corp: 1004/406Kb lim: 899 exec/s: 14712 rss: 503Mb L: 193/899 MS: 5 CopyPart-ChangeByte-ShuffleBytes-EraseBytes-EraseBytes-
#235413	REDUCE cov: 1701 ft: 6419 corp: 1004/406Kb lim: 899 exec/s: 14713 rss: 503Mb L: 126/899 MS: 2 EraseBytes-InsertByte-
#235532	REDUCE cov: 1701 ft: 6419 corp: 1004/406Kb lim: 899 exec/s: 14720 rss: 504Mb L: 201/899 MS: 4 CopyPart-ShuffleBytes-InsertByte-EraseBytes-
#235832	REDUCE cov: 1701 ft: 6419 corp: 1004/406Kb lim: 899 exec/s: 14739 rss: 504Mb L: 277/899 MS: 5 ChangeBinInt-ChangeBit-ShuffleBytes-ChangeByte-EraseBytes-
#235853	REDUCE cov: 1701 ft: 6419 corp: 1004/405Kb lim: 899 exec/s: 14740 rss: 504Mb L: 413/899 MS: 1 EraseBytes-
#236014	REDUCE cov: 1705 ft: 6423 corp: 1005/406Kb lim: 899 exec/s: 14750 rss: 504Mb L: 699/899 MS: 1 InsertByte-
#236200	REDUCE cov: 1705 ft: 6423 corp: 1005/406Kb lim: 899 exec/s: 14762 rss: 504Mb L: 75/899 MS: 1 EraseBytes-
#236326	REDUCE cov: 1705 ft: 6423 corp: 1005/406Kb lim: 899 exec/s: 14770 rss: 505Mb L: 311/899 MS: 1 EraseBytes-
#236455	REDUCE cov: 1705 ft: 6423 corp: 1005/406Kb lim: 899 exec/s: 14778 rss: 505Mb L: 130/899 MS: 4 PersAutoDict-InsertByte-ShuffleBytes-EraseBytes- DE: "\001\000\000!"-
#236631	REDUCE cov: 1705 ft: 6423 corp: 1005/406Kb lim: 899 exec/s: 14789 rss: 505Mb L: 129/899 MS: 1 EraseBytes-
#236662	REDUCE cov: 1705 ft: 6428 corp: 1006/407Kb lim: 899 exec/s: 14791 rss: 505Mb L: 660/899 MS: 1 CopyPart-
#236768	REDUCE cov: 1705 ft: 6428 corp: 1006/407Kb lim: 899 exec/s: 14798 rss: 505Mb L: 616/899 MS: 1 EraseBytes-
#236905	REDUCE cov: 1705 ft: 6428 corp: 1006/407Kb lim: 899 exec/s: 14806 rss: 505Mb L: 275/899 MS: 2 EraseBytes-InsertRepeatedBytes-
#236931	REDUCE cov: 1705 ft: 6428 corp: 1006/407Kb lim: 899 exec/s: 14808 rss: 505Mb L: 479/899 MS: 1 EraseBytes-
#236986	REDUCE cov: 1705 ft: 6428 corp: 1006/406Kb lim: 899 exec/s: 14811 rss: 505Mb L: 473/899 MS: 5 ChangeBinInt-ChangeBinInt-ChangeASCIIInt-InsertByte-EraseBytes-
#237132	REDUCE cov: 1705 ft: 6428 corp: 1006/406Kb lim: 899 exec/s: 14820 rss: 505Mb L: 42/899 MS: 1 EraseBytes-
#237160	REDUCE cov: 1705 ft: 6441 corp: 1007/407Kb lim: 899 exec/s: 14822 rss: 505Mb L: 852/899 MS: 3 CopyPart-InsertByte-PersAutoDict- DE: "\000\000\000\000\000\000\000\010"-
#237196	REDUCE cov: 1705 ft: 6441 corp: 1007/407Kb lim: 899 exec/s: 14824 rss: 505Mb L: 276/899 MS: 1 EraseBytes-
#237438	REDUCE cov: 1705 ft: 6441 corp: 1007/407Kb lim: 899 exec/s: 14839 rss: 505Mb L: 83/899 MS: 2 ChangeBinInt-EraseBytes-
#237739	REDUCE cov: 1705 ft: 6441 corp: 1007/407Kb lim: 899 exec/s: 14858 rss: 505Mb L: 108/899 MS: 1 EraseBytes-
#237800	REDUCE cov: 1705 ft: 6441 corp: 1007/407Kb lim: 899 exec/s: 14862 rss: 505Mb L: 119/899 MS: 1 EraseBytes-
#238326	REDUCE cov: 1705 ft: 6442 corp: 1008/407Kb lim: 899 exec/s: 14895 rss: 505Mb L: 300/899 MS: 1 CrossOver-
#238497	REDUCE cov: 1705 ft: 6442 corp: 1008/407Kb lim: 899 exec/s: 14906 rss: 505Mb L: 5/899 MS: 1 EraseBytes-
#238513	REDUCE cov: 1705 ft: 6442 corp: 1008/407Kb lim: 899 exec/s: 14907 rss: 505Mb L: 638/899 MS: 1 EraseBytes-
#238601	REDUCE cov: 1705 ft: 6442 corp: 1008/407Kb lim: 899 exec/s: 14912 rss: 505Mb L: 414/899 MS: 3 CrossOver-CMP-EraseBytes- DE: "/\002"-
#238662	REDUCE cov: 1705 ft: 6442 corp: 1008/407Kb lim: 899 exec/s: 14916 rss: 506Mb L: 479/899 MS: 1 EraseBytes-
#238687	REDUCE cov: 1705 ft: 6442 corp: 1008/407Kb lim: 899 exec/s: 14917 rss: 506Mb L: 157/899 MS: 5 ChangeBit-CrossOver-InsertRepeatedBytes-ShuffleBytes-EraseBytes-
#238694	REDUCE cov: 1705 ft: 6442 corp: 1008/407Kb lim: 899 exec/s: 14918 rss: 506Mb L: 77/899 MS: 2 ChangeByte-EraseBytes-
#238840	REDUCE cov: 1705 ft: 6443 corp: 1009/408Kb lim: 899 exec/s: 14927 rss: 506Mb L: 860/899 MS: 1 CopyPart-
#238851	REDUCE cov: 1705 ft: 6443 corp: 1009/408Kb lim: 899 exec/s: 14928 rss: 506Mb L: 473/899 MS: 1 EraseBytes-
#239000	REDUCE cov: 1705 ft: 6443 corp: 1009/408Kb lim: 899 exec/s: 14937 rss: 506Mb L: 463/899 MS: 4 InsertByte-ChangeByte-ChangeBinInt-EraseBytes-
#239046	REDUCE cov: 1705 ft: 6446 corp: 1010/408Kb lim: 899 exec/s: 14940 rss: 506Mb L: 182/899 MS: 1 CopyPart-
#239098	REDUCE cov: 1705 ft: 6446 corp: 1010/408Kb lim: 899 exec/s: 14943 rss: 506Mb L: 399/899 MS: 2 ChangeASCIIInt-EraseBytes-
#239359	REDUCE cov: 1705 ft: 6446 corp: 1010/408Kb lim: 899 exec/s: 14959 rss: 506Mb L: 461/899 MS: 1 EraseBytes-
#239487	REDUCE cov: 1705 ft: 6446 corp: 1010/408Kb lim: 899 exec/s: 14967 rss: 506Mb L: 506/899 MS: 3 ChangeByte-CopyPart-EraseBytes-
#239555	REDUCE cov: 1705 ft: 6446 corp: 1010/408Kb lim: 899 exec/s: 14972 rss: 506Mb L: 191/899 MS: 3 ChangeBit-CrossOver-EraseBytes-
#240026	REDUCE cov: 1705 ft: 6447 corp: 1011/408Kb lim: 899 exec/s: 15001 rss: 506Mb L: 236/899 MS: 1 CopyPart-
#240105	REDUCE cov: 1705 ft: 6447 corp: 1011/408Kb lim: 899 exec/s: 15006 rss: 506Mb L: 76/899 MS: 4 ChangeBinInt-ChangeByte-CMP-EraseBytes- DE: "OdR\374\036`\000\000"-
#240127	REDUCE cov: 1705 ft: 6447 corp: 1011/408Kb lim: 899 exec/s: 15007 rss: 506Mb L: 811/899 MS: 2 InsertByte-EraseBytes-
#240163	REDUCE cov: 1705 ft: 6447 corp: 1011/408Kb lim: 899 exec/s: 15010 rss: 506Mb L: 517/899 MS: 1 EraseBytes-
#240326	REDUCE cov: 1705 ft: 6447 corp: 1011/408Kb lim: 899 exec/s: 15020 rss: 506Mb L: 194/899 MS: 3 ShuffleBytes-ShuffleBytes-EraseBytes-
#240477	NEW    cov: 1705 ft: 6450 corp: 1012/408Kb lim: 899 exec/s: 15029 rss: 506Mb L: 345/899 MS: 1 InsertRepeatedBytes-
#240533	REDUCE cov: 1705 ft: 6450 corp: 1012/408Kb lim: 899 exec/s: 15033 rss: 506Mb L: 829/899 MS: 1 EraseBytes-
#240620	REDUCE cov: 1705 ft: 6450 corp: 1012/408Kb lim: 899 exec/s: 15038 rss: 506Mb L: 322/899 MS: 2 InsertRepeatedBytes-CrossOver-
#240816	REDUCE cov: 1705 ft: 6450 corp: 1012/408Kb lim: 899 exec/s: 15051 rss: 507Mb L: 234/899 MS: 1 EraseBytes-
#241032	REDUCE cov: 1705 ft: 6450 corp: 1012/408Kb lim: 899 exec/s: 15064 rss: 507Mb L: 742/899 MS: 1 EraseBytes-
#241084	REDUCE cov: 1705 ft: 6450 corp: 1012/408Kb lim: 899 exec/s: 15067 rss: 507Mb L: 177/899 MS: 2 CrossOver-EraseBytes-
#241085	REDUCE cov: 1705 ft: 6450 corp: 1012/408Kb lim: 899 exec/s: 15067 rss: 507Mb L: 13/899 MS: 1 EraseBytes-
#241292	NEW    cov: 1705 ft: 6451 corp: 1013/408Kb lim: 899 exec/s: 15080 rss: 507Mb L: 346/899 MS: 2 InsertByte-PersAutoDict- DE: "\021\000\000\000\000\000\000\000"-
#241508	REDUCE cov: 1705 ft: 6451 corp: 1013/408Kb lim: 899 exec/s: 15094 rss: 507Mb L: 147/899 MS: 1 EraseBytes-
#241519	REDUCE cov: 1705 ft: 6451 corp: 1013/408Kb lim: 899 exec/s: 15094 rss: 507Mb L: 176/899 MS: 1 EraseBytes-
#241546	REDUCE cov: 1705 ft: 6451 corp: 1013/408Kb lim: 899 exec/s: 15096 rss: 507Mb L: 534/899 MS: 2 ChangeASCIIInt-EraseBytes-
#241558	REDUCE cov: 1705 ft: 6451 corp: 1013/408Kb lim: 899 exec/s: 15097 rss: 507Mb L: 144/899 MS: 2 CopyPart-EraseBytes-
#241561	REDUCE cov: 1705 ft: 6459 corp: 1014/408Kb lim: 899 exec/s: 15097 rss: 507Mb L: 61/899 MS: 3 CopyPart-ChangeBit-CopyPart-
#241892	REDUCE cov: 1705 ft: 6459 corp: 1014/408Kb lim: 899 exec/s: 15118 rss: 507Mb L: 823/899 MS: 1 EraseBytes-
#242168	NEW    cov: 1705 ft: 6460 corp: 1015/409Kb lim: 899 exec/s: 15135 rss: 507Mb L: 576/899 MS: 1 ChangeBit-
#242180	REDUCE cov: 1705 ft: 6460 corp: 1015/409Kb lim: 899 exec/s: 15136 rss: 507Mb L: 141/899 MS: 2 ChangeBinInt-EraseBytes-
#242242	REDUCE cov: 1705 ft: 6460 corp: 1015/408Kb lim: 899 exec/s: 15140 rss: 507Mb L: 218/899 MS: 2 ChangeBit-EraseBytes-
#242428	REDUCE cov: 1705 ft: 6460 corp: 1015/408Kb lim: 899 exec/s: 15151 rss: 507Mb L: 157/899 MS: 1 EraseBytes-
#242467	REDUCE cov: 1705 ft: 6460 corp: 1015/408Kb lim: 899 exec/s: 15154 rss: 508Mb L: 326/899 MS: 4 InsertByte-ChangeBit-ChangeBinInt-EraseBytes-
#242484	REDUCE cov: 1705 ft: 6460 corp: 1015/408Kb lim: 899 exec/s: 15155 rss: 508Mb L: 379/899 MS: 2 InsertRepeatedBytes-EraseBytes-
#242770	REDUCE cov: 1705 ft: 6460 corp: 1015/408Kb lim: 899 exec/s: 15173 rss: 508Mb L: 674/899 MS: 1 EraseBytes-
#242879	REDUCE cov: 1705 ft: 6460 corp: 1015/408Kb lim: 899 exec/s: 15179 rss: 508Mb L: 24/899 MS: 4 ChangeBit-CMP-EraseBytes-ChangeByte- DE: "\377\377\377\017"-
#242891	REDUCE cov: 1705 ft: 6460 corp: 1015/408Kb lim: 899 exec/s: 15180 rss: 508Mb L: 190/899 MS: 2 ChangeASCIIInt-EraseBytes-
#242911	REDUCE cov: 1705 ft: 6460 corp: 1015/408Kb lim: 899 exec/s: 15181 rss: 508Mb L: 335/899 MS: 5 CrossOver-InsertRepeatedBytes-ShuffleBytes-PersAutoDict-EraseBytes- DE: "0.\000\000"-
#243002	REDUCE cov: 1705 ft: 6460 corp: 1015/408Kb lim: 899 exec/s: 15187 rss: 508Mb L: 593/899 MS: 1 CrossOver-
#243052	REDUCE cov: 1705 ft: 6460 corp: 1015/408Kb lim: 899 exec/s: 15190 rss: 508Mb L: 333/899 MS: 5 EraseBytes-ChangeBinInt-ChangeBit-InsertByte-ChangeBit-
#243515	REDUCE cov: 1705 ft: 6460 corp: 1015/408Kb lim: 899 exec/s: 15219 rss: 508Mb L: 391/899 MS: 3 InsertRepeatedBytes-CMP-CrossOver- DE: "\001\000\000\023"-
#243644	REDUCE cov: 1705 ft: 6460 corp: 1015/408Kb lim: 899 exec/s: 15227 rss: 508Mb L: 532/899 MS: 4 InsertByte-InsertRepeatedBytes-CMP-EraseBytes- DE: "x:\000\000"-
#244075	REDUCE cov: 1705 ft: 6460 corp: 1015/408Kb lim: 899 exec/s: 15254 rss: 508Mb L: 303/899 MS: 1 EraseBytes-
#244207	REDUCE cov: 1705 ft: 6460 corp: 1015/408Kb lim: 899 exec/s: 15262 rss: 508Mb L: 58/899 MS: 2 CopyPart-EraseBytes-
#244529	REDUCE cov: 1705 ft: 6460 corp: 1015/408Kb lim: 899 exec/s: 15283 rss: 508Mb L: 261/899 MS: 2 ShuffleBytes-EraseBytes-
#244550	REDUCE cov: 1705 ft: 6460 corp: 1015/408Kb lim: 899 exec/s: 15284 rss: 508Mb L: 2/899 MS: 1 EraseBytes-
#244689	REDUCE cov: 1705 ft: 6460 corp: 1015/408Kb lim: 899 exec/s: 15293 rss: 508Mb L: 89/899 MS: 4 ShuffleBytes-InsertByte-ShuffleBytes-EraseBytes-
#244781	REDUCE cov: 1705 ft: 6460 corp: 1015/408Kb lim: 899 exec/s: 15298 rss: 508Mb L: 479/899 MS: 2 PersAutoDict-EraseBytes- DE: "\021\002"-
#244907	REDUCE cov: 1705 ft: 6460 corp: 1015/408Kb lim: 899 exec/s: 15306 rss: 508Mb L: 179/899 MS: 1 EraseBytes-
#245503	REDUCE cov: 1705 ft: 6460 corp: 1015/408Kb lim: 899 exec/s: 15343 rss: 509Mb L: 76/899 MS: 1 EraseBytes-
#245636	REDUCE cov: 1705 ft: 6460 corp: 1015/408Kb lim: 899 exec/s: 15352 rss: 509Mb L: 340/899 MS: 3 ShuffleBytes-ChangeASCIIInt-EraseBytes-
#245757	REDUCE cov: 1705 ft: 6460 corp: 1015/408Kb lim: 899 exec/s: 15359 rss: 509Mb L: 593/899 MS: 1 EraseBytes-
#245858	REDUCE cov: 1705 ft: 6460 corp: 1015/408Kb lim: 899 exec/s: 15366 rss: 509Mb L: 97/899 MS: 1 EraseBytes-
#246014	REDUCE cov: 1705 ft: 6460 corp: 1015/408Kb lim: 899 exec/s: 15375 rss: 509Mb L: 166/899 MS: 1 EraseBytes-
#246025	REDUCE cov: 1705 ft: 6460 corp: 1015/408Kb lim: 899 exec/s: 15376 rss: 509Mb L: 662/899 MS: 1 EraseBytes-
#246196	REDUCE cov: 1705 ft: 6460 corp: 1015/408Kb lim: 899 exec/s: 15387 rss: 509Mb L: 99/899 MS: 1 EraseBytes-
#246299	REDUCE cov: 1705 ft: 6460 corp: 1015/407Kb lim: 899 exec/s: 15393 rss: 509Mb L: 470/899 MS: 3 ShuffleBytes-ChangeBit-EraseBytes-
#246365	REDUCE cov: 1705 ft: 6460 corp: 1015/407Kb lim: 899 exec/s: 15397 rss: 509Mb L: 200/899 MS: 1 EraseBytes-
#246558	REDUCE cov: 1705 ft: 6460 corp: 1015/407Kb lim: 899 exec/s: 15409 rss: 509Mb L: 52/899 MS: 3 ChangeASCIIInt-ShuffleBytes-EraseBytes-
#246615	REDUCE cov: 1705 ft: 6460 corp: 1015/407Kb lim: 899 exec/s: 15413 rss: 509Mb L: 164/899 MS: 2 CMP-EraseBytes- DE: "\377\377\377\017"-
#246761	REDUCE cov: 1705 ft: 6460 corp: 1015/407Kb lim: 899 exec/s: 15422 rss: 510Mb L: 587/899 MS: 1 EraseBytes-
#246933	REDUCE cov: 1705 ft: 6460 corp: 1015/407Kb lim: 899 exec/s: 15433 rss: 510Mb L: 92/899 MS: 2 PersAutoDict-EraseBytes- DE: "\001\000\000\013"-
#247054	REDUCE cov: 1705 ft: 6460 corp: 1015/407Kb lim: 899 exec/s: 15440 rss: 510Mb L: 270/899 MS: 1 EraseBytes-
#247480	REDUCE cov: 1705 ft: 6460 corp: 1015/407Kb lim: 899 exec/s: 15467 rss: 510Mb L: 159/899 MS: 1 EraseBytes-
#247531	REDUCE cov: 1705 ft: 6463 corp: 1016/408Kb lim: 899 exec/s: 15470 rss: 510Mb L: 176/899 MS: 1 CopyPart-
#247539	REDUCE cov: 1705 ft: 6463 corp: 1016/407Kb lim: 899 exec/s: 15471 rss: 510Mb L: 392/899 MS: 3 ChangeBinInt-ChangeByte-EraseBytes-
#247645	REDUCE cov: 1705 ft: 6463 corp: 1016/407Kb lim: 899 exec/s: 15477 rss: 510Mb L: 736/899 MS: 1 EraseBytes-
#247694	NEW    cov: 1705 ft: 6464 corp: 1017/408Kb lim: 899 exec/s: 15480 rss: 510Mb L: 787/899 MS: 4 EraseBytes-CrossOver-CopyPart-ShuffleBytes-
#247745	REDUCE cov: 1705 ft: 6464 corp: 1017/408Kb lim: 899 exec/s: 15484 rss: 510Mb L: 488/899 MS: 1 CrossOver-
#247746	REDUCE cov: 1705 ft: 6464 corp: 1017/408Kb lim: 899 exec/s: 15484 rss: 510Mb L: 165/899 MS: 1 EraseBytes-
#248182	REDUCE cov: 1705 ft: 6464 corp: 1017/408Kb lim: 899 exec/s: 15511 rss: 510Mb L: 719/899 MS: 1 EraseBytes-
#248468	REDUCE cov: 1705 ft: 6464 corp: 1017/408Kb lim: 899 exec/s: 15529 rss: 510Mb L: 177/899 MS: 1 EraseBytes-
#248586	REDUCE cov: 1705 ft: 6464 corp: 1017/408Kb lim: 899 exec/s: 15536 rss: 510Mb L: 279/899 MS: 3 ShuffleBytes-InsertByte-EraseBytes-
#249007	REDUCE cov: 1705 ft: 6464 corp: 1017/408Kb lim: 899 exec/s: 15562 rss: 510Mb L: 172/899 MS: 1 EraseBytes-
#249073	REDUCE cov: 1705 ft: 6464 corp: 1017/408Kb lim: 899 exec/s: 15567 rss: 510Mb L: 214/899 MS: 1 EraseBytes-
#249189	REDUCE cov: 1705 ft: 6464 corp: 1017/408Kb lim: 899 exec/s: 15574 rss: 510Mb L: 143/899 MS: 1 EraseBytes-
#249985	REDUCE cov: 1705 ft: 6464 corp: 1017/408Kb lim: 899 exec/s: 15624 rss: 511Mb L: 144/899 MS: 1 EraseBytes-
#249991	REDUCE cov: 1705 ft: 6464 corp: 1017/408Kb lim: 899 exec/s: 15624 rss: 511Mb L: 73/899 MS: 1 EraseBytes-
#250259	REDUCE cov: 1705 ft: 6464 corp: 1017/408Kb lim: 899 exec/s: 15641 rss: 511Mb L: 833/899 MS: 3 InsertByte-ShuffleBytes-EraseBytes-
#250313	REDUCE cov: 1705 ft: 6464 corp: 1017/408Kb lim: 899 exec/s: 15644 rss: 511Mb L: 195/899 MS: 4 ChangeBinInt-ChangeBit-ShuffleBytes-EraseBytes-
#250510	REDUCE cov: 1705 ft: 6464 corp: 1017/408Kb lim: 899 exec/s: 14735 rss: 511Mb L: 841/899 MS: 2 EraseBytes-CopyPart-
#250901	REDUCE cov: 1705 ft: 6464 corp: 1017/408Kb lim: 899 exec/s: 14758 rss: 511Mb L: 166/899 MS: 1 EraseBytes-
#250922	REDUCE cov: 1705 ft: 6464 corp: 1017/408Kb lim: 899 exec/s: 14760 rss: 511Mb L: 492/899 MS: 1 EraseBytes-
#251035	REDUCE cov: 1705 ft: 6464 corp: 1017/408Kb lim: 899 exec/s: 14766 rss: 511Mb L: 129/899 MS: 3 PersAutoDict-ChangeByte-EraseBytes- DE: "\000\000\000\000\000\000\000X"-
#251117	REDUCE cov: 1705 ft: 6464 corp: 1017/408Kb lim: 899 exec/s: 14771 rss: 511Mb L: 750/899 MS: 2 ChangeBinInt-EraseBytes-
#251183	REDUCE cov: 1705 ft: 6464 corp: 1017/408Kb lim: 899 exec/s: 14775 rss: 511Mb L: 59/899 MS: 1 EraseBytes-
#251268	REDUCE cov: 1705 ft: 6464 corp: 1017/408Kb lim: 899 exec/s: 14780 rss: 511Mb L: 561/899 MS: 5 ChangeASCIIInt-ChangeByte-CMP-CMP-EraseBytes- DE: "\001\000\000\000\000\000\000P"-"P\002\000\000\000\000\000\000"-
#251410	REDUCE cov: 1705 ft: 6464 corp: 1017/408Kb lim: 899 exec/s: 14788 rss: 511Mb L: 204/899 MS: 2 ChangeASCIIInt-EraseBytes-
#251645	REDUCE cov: 1705 ft: 6464 corp: 1017/408Kb lim: 899 exec/s: 14802 rss: 511Mb L: 96/899 MS: 5 ShuffleBytes-ChangeByte-CrossOver-CMP-EraseBytes- DE: "\001\000\000\011"-
#251761	REDUCE cov: 1705 ft: 6464 corp: 1017/408Kb lim: 899 exec/s: 14809 rss: 511Mb L: 212/899 MS: 1 EraseBytes-
#251962	REDUCE cov: 1705 ft: 6465 corp: 1018/408Kb lim: 899 exec/s: 14821 rss: 511Mb L: 464/899 MS: 1 CrossOver-
#251976	REDUCE cov: 1705 ft: 6465 corp: 1018/408Kb lim: 899 exec/s: 14822 rss: 511Mb L: 129/899 MS: 4 ChangeBit-ChangeASCIIInt-EraseBytes-InsertRepeatedBytes-
#252003	REDUCE cov: 1705 ft: 6465 corp: 1018/408Kb lim: 899 exec/s: 14823 rss: 511Mb L: 187/899 MS: 2 EraseBytes-PersAutoDict- DE: "\001\000\000\000\000\000\000:"-
#252077	REDUCE cov: 1705 ft: 6481 corp: 1019/408Kb lim: 899 exec/s: 14828 rss: 511Mb L: 357/899 MS: 4 ShuffleBytes-CopyPart-CrossOver-CopyPart-
#252363	REDUCE cov: 1705 ft: 6481 corp: 1019/408Kb lim: 899 exec/s: 14844 rss: 512Mb L: 689/899 MS: 1 EraseBytes-
#252404	REDUCE cov: 1705 ft: 6481 corp: 1019/408Kb lim: 899 exec/s: 14847 rss: 512Mb L: 192/899 MS: 1 EraseBytes-
#252437	REDUCE cov: 1705 ft: 6481 corp: 1019/408Kb lim: 899 exec/s: 14849 rss: 512Mb L: 162/899 MS: 3 InsertByte-CopyPart-EraseBytes-
#252511	REDUCE cov: 1705 ft: 6481 corp: 1019/408Kb lim: 899 exec/s: 14853 rss: 512Mb L: 305/899 MS: 4 CopyPart-ShuffleBytes-EraseBytes-InsertByte-
#252557	REDUCE cov: 1705 ft: 6481 corp: 1019/408Kb lim: 899 exec/s: 14856 rss: 512Mb L: 48/899 MS: 1 EraseBytes-
#252629	REDUCE cov: 1705 ft: 6481 corp: 1019/408Kb lim: 899 exec/s: 14860 rss: 512Mb L: 95/899 MS: 2 ChangeBinInt-EraseBytes-
#252661	REDUCE cov: 1705 ft: 6481 corp: 1019/408Kb lim: 899 exec/s: 14862 rss: 512Mb L: 451/899 MS: 2 ShuffleBytes-EraseBytes-
#252727	REDUCE cov: 1705 ft: 6481 corp: 1019/408Kb lim: 899 exec/s: 14866 rss: 512Mb L: 330/899 MS: 1 EraseBytes-
#253054	REDUCE cov: 1705 ft: 6481 corp: 1019/408Kb lim: 899 exec/s: 14885 rss: 512Mb L: 325/899 MS: 2 EraseBytes-CopyPart-
#253105	REDUCE cov: 1705 ft: 6481 corp: 1019/408Kb lim: 899 exec/s: 14888 rss: 512Mb L: 135/899 MS: 1 EraseBytes-
#253264	REDUCE cov: 1705 ft: 6481 corp: 1019/408Kb lim: 899 exec/s: 14897 rss: 512Mb L: 225/899 MS: 4 ShuffleBytes-ChangeBit-ChangeASCIIInt-EraseBytes-
#253350	REDUCE cov: 1705 ft: 6481 corp: 1019/408Kb lim: 899 exec/s: 14902 rss: 512Mb L: 102/899 MS: 1 EraseBytes-
#253906	REDUCE cov: 1705 ft: 6481 corp: 1019/408Kb lim: 899 exec/s: 14935 rss: 512Mb L: 180/899 MS: 1 EraseBytes-
#253952	REDUCE cov: 1705 ft: 6481 corp: 1019/408Kb lim: 899 exec/s: 14938 rss: 512Mb L: 53/899 MS: 1 EraseBytes-
#253970	REDUCE cov: 1705 ft: 6481 corp: 1019/407Kb lim: 899 exec/s: 14939 rss: 512Mb L: 185/899 MS: 3 EraseBytes-InsertByte-EraseBytes-
#253981	REDUCE cov: 1705 ft: 6481 corp: 1019/407Kb lim: 899 exec/s: 14940 rss: 512Mb L: 51/899 MS: 1 EraseBytes-
#254188	REDUCE cov: 1705 ft: 6482 corp: 1020/408Kb lim: 899 exec/s: 14952 rss: 513Mb L: 433/899 MS: 2 ChangeBit-EraseBytes-
#254240	REDUCE cov: 1705 ft: 6482 corp: 1020/408Kb lim: 899 exec/s: 14955 rss: 513Mb L: 147/899 MS: 2 InsertByte-EraseBytes-
#254443	REDUCE cov: 1705 ft: 6483 corp: 1021/408Kb lim: 899 exec/s: 14967 rss: 513Mb L: 571/899 MS: 3 ChangeByte-InsertRepeatedBytes-ShuffleBytes-
#254535	NEW    cov: 1705 ft: 6485 corp: 1022/409Kb lim: 899 exec/s: 14972 rss: 513Mb L: 837/899 MS: 2 ChangeByte-InsertByte-
#254667	REDUCE cov: 1705 ft: 6486 corp: 1023/409Kb lim: 899 exec/s: 14980 rss: 513Mb L: 79/899 MS: 2 CopyPart-EraseBytes-
#254713	REDUCE cov: 1705 ft: 6486 corp: 1023/409Kb lim: 899 exec/s: 14983 rss: 513Mb L: 404/899 MS: 1 EraseBytes-
#254979	REDUCE cov: 1705 ft: 6486 corp: 1023/409Kb lim: 899 exec/s: 14998 rss: 513Mb L: 841/899 MS: 1 EraseBytes-
#254990	REDUCE cov: 1705 ft: 6486 corp: 1023/409Kb lim: 899 exec/s: 14999 rss: 513Mb L: 332/899 MS: 1 EraseBytes-
#255078	REDUCE cov: 1705 ft: 6486 corp: 1023/409Kb lim: 899 exec/s: 15004 rss: 513Mb L: 770/899 MS: 3 ShuffleBytes-ChangeASCIIInt-EraseBytes-
#255199	REDUCE cov: 1705 ft: 6486 corp: 1023/409Kb lim: 899 exec/s: 15011 rss: 513Mb L: 472/899 MS: 1 EraseBytes-
#255430	REDUCE cov: 1705 ft: 6486 corp: 1023/409Kb lim: 899 exec/s: 15025 rss: 513Mb L: 290/899 MS: 1 EraseBytes-
#255501	REDUCE cov: 1705 ft: 6486 corp: 1023/409Kb lim: 899 exec/s: 15029 rss: 513Mb L: 54/899 MS: 1 EraseBytes-
#255588	REDUCE cov: 1705 ft: 6486 corp: 1023/409Kb lim: 899 exec/s: 15034 rss: 513Mb L: 413/899 MS: 2 InsertRepeatedBytes-CrossOver-
#255744	NEW    cov: 1705 ft: 6487 corp: 1024/410Kb lim: 899 exec/s: 15043 rss: 514Mb L: 855/899 MS: 1 CopyPart-
#256073	REDUCE cov: 1705 ft: 6487 corp: 1024/410Kb lim: 899 exec/s: 15063 rss: 514Mb L: 645/899 MS: 4 InsertByte-ChangeBit-CopyPart-EraseBytes-
#256080	REDUCE cov: 1705 ft: 6487 corp: 1024/410Kb lim: 899 exec/s: 15063 rss: 514Mb L: 4/899 MS: 2 ShuffleBytes-EraseBytes-
#256231	REDUCE cov: 1705 ft: 6487 corp: 1024/410Kb lim: 899 exec/s: 15072 rss: 514Mb L: 715/899 MS: 1 EraseBytes-
#256252	REDUCE cov: 1705 ft: 6487 corp: 1024/410Kb lim: 899 exec/s: 15073 rss: 514Mb L: 255/899 MS: 1 EraseBytes-
#256498	REDUCE cov: 1705 ft: 6487 corp: 1024/410Kb lim: 899 exec/s: 15088 rss: 514Mb L: 799/899 MS: 1 EraseBytes-
#256589	NEW    cov: 1706 ft: 6488 corp: 1025/410Kb lim: 899 exec/s: 15093 rss: 514Mb L: 162/899 MS: 1 EraseBytes-
#256630	REDUCE cov: 1706 ft: 6488 corp: 1025/410Kb lim: 899 exec/s: 15095 rss: 514Mb L: 470/899 MS: 1 EraseBytes-
#256656	REDUCE cov: 1706 ft: 6488 corp: 1025/410Kb lim: 899 exec/s: 15097 rss: 514Mb L: 154/899 MS: 1 EraseBytes-
#256662	REDUCE cov: 1706 ft: 6488 corp: 1025/410Kb lim: 899 exec/s: 15097 rss: 514Mb L: 194/899 MS: 1 EraseBytes-
#256665	REDUCE cov: 1706 ft: 6488 corp: 1025/410Kb lim: 899 exec/s: 15097 rss: 514Mb L: 430/899 MS: 3 InsertRepeatedBytes-ChangeASCIIInt-EraseBytes-
#256701	REDUCE cov: 1706 ft: 6488 corp: 1025/410Kb lim: 899 exec/s: 15100 rss: 514Mb L: 6/899 MS: 1 EraseBytes-
#256737	REDUCE cov: 1706 ft: 6488 corp: 1025/410Kb lim: 899 exec/s: 15102 rss: 514Mb L: 362/899 MS: 1 EraseBytes-
#256988	REDUCE cov: 1706 ft: 6488 corp: 1025/409Kb lim: 899 exec/s: 15116 rss: 514Mb L: 266/899 MS: 1 EraseBytes-
#257045	REDUCE cov: 1706 ft: 6488 corp: 1025/409Kb lim: 899 exec/s: 15120 rss: 514Mb L: 65/899 MS: 2 ChangeASCIIInt-EraseBytes-
#257401	REDUCE cov: 1706 ft: 6488 corp: 1025/409Kb lim: 899 exec/s: 15141 rss: 514Mb L: 47/899 MS: 1 EraseBytes-
#257484	REDUCE cov: 1706 ft: 6488 corp: 1025/409Kb lim: 899 exec/s: 15146 rss: 514Mb L: 92/899 MS: 3 ChangeBit-ChangeBinInt-EraseBytes-
#257600	NEW    cov: 1706 ft: 6489 corp: 1026/410Kb lim: 899 exec/s: 15152 rss: 515Mb L: 836/899 MS: 1 CopyPart-
#257761	NEW    cov: 1706 ft: 6491 corp: 1027/411Kb lim: 899 exec/s: 15162 rss: 515Mb L: 812/899 MS: 1 ChangeByte-
#258112	REDUCE cov: 1706 ft: 6491 corp: 1027/411Kb lim: 899 exec/s: 15183 rss: 515Mb L: 256/899 MS: 1 EraseBytes-
#258208	NEW    cov: 1706 ft: 6492 corp: 1028/411Kb lim: 899 exec/s: 15188 rss: 515Mb L: 510/899 MS: 1 InsertRepeatedBytes-
#258231	REDUCE cov: 1706 ft: 6492 corp: 1028/411Kb lim: 899 exec/s: 15190 rss: 515Mb L: 574/899 MS: 3 ChangeByte-ChangeASCIIInt-EraseBytes-
#258499	REDUCE cov: 1706 ft: 6492 corp: 1028/411Kb lim: 899 exec/s: 15205 rss: 515Mb L: 213/899 MS: 3 ChangeBinInt-ChangeByte-EraseBytes-
#258864	REDUCE cov: 1706 ft: 6492 corp: 1028/411Kb lim: 899 exec/s: 15227 rss: 515Mb L: 828/899 MS: 5 CopyPart-ShuffleBytes-InsertByte-CrossOver-EraseBytes-
#258997	REDUCE cov: 1706 ft: 6492 corp: 1028/411Kb lim: 899 exec/s: 15235 rss: 515Mb L: 72/899 MS: 3 PersAutoDict-CopyPart-CrossOver- DE: "sp\000\000"-
#259223	REDUCE cov: 1706 ft: 6492 corp: 1028/411Kb lim: 899 exec/s: 15248 rss: 515Mb L: 165/899 MS: 1 EraseBytes-
#259360	REDUCE cov: 1706 ft: 6492 corp: 1028/411Kb lim: 899 exec/s: 15256 rss: 515Mb L: 111/899 MS: 2 CrossOver-EraseBytes-
#259366	REDUCE cov: 1706 ft: 6492 corp: 1028/411Kb lim: 899 exec/s: 15256 rss: 515Mb L: 180/899 MS: 1 EraseBytes-
#259395	REDUCE cov: 1706 ft: 6492 corp: 1028/411Kb lim: 899 exec/s: 15258 rss: 515Mb L: 489/899 MS: 4 ChangeASCIIInt-ChangeBinInt-ChangeBit-EraseBytes-
#259461	REDUCE cov: 1706 ft: 6492 corp: 1028/411Kb lim: 899 exec/s: 15262 rss: 515Mb L: 74/899 MS: 1 EraseBytes-
#259532	NEW    cov: 1707 ft: 6493 corp: 1029/411Kb lim: 899 exec/s: 15266 rss: 515Mb L: 166/899 MS: 1 PersAutoDict- DE: "\015\000\000\000"-
#259560	REDUCE cov: 1707 ft: 6493 corp: 1029/411Kb lim: 899 exec/s: 15268 rss: 515Mb L: 552/899 MS: 3 ChangeBit-ShuffleBytes-EraseBytes-
#259731	NEW    cov: 1707 ft: 6494 corp: 1030/411Kb lim: 899 exec/s: 15278 rss: 515Mb L: 550/899 MS: 1 CopyPart-
#259807	REDUCE cov: 1707 ft: 6494 corp: 1030/411Kb lim: 899 exec/s: 15282 rss: 515Mb L: 116/899 MS: 1 EraseBytes-
#260129	REDUCE cov: 1707 ft: 6494 corp: 1030/411Kb lim: 899 exec/s: 15301 rss: 515Mb L: 161/899 MS: 2 ChangeByte-EraseBytes-
#260170	REDUCE cov: 1707 ft: 6494 corp: 1030/411Kb lim: 899 exec/s: 15304 rss: 516Mb L: 152/899 MS: 1 EraseBytes-
#260317	REDUCE cov: 1707 ft: 6494 corp: 1030/411Kb lim: 899 exec/s: 15312 rss: 516Mb L: 221/899 MS: 2 CopyPart-EraseBytes-
#260509	NEW    cov: 1707 ft: 6497 corp: 1031/412Kb lim: 899 exec/s: 15324 rss: 516Mb L: 587/899 MS: 2 CopyPart-CopyPart-
#260555	REDUCE cov: 1707 ft: 6497 corp: 1031/412Kb lim: 899 exec/s: 15326 rss: 516Mb L: 21/899 MS: 1 EraseBytes-
#260581	REDUCE cov: 1707 ft: 6510 corp: 1032/413Kb lim: 899 exec/s: 15328 rss: 516Mb L: 632/899 MS: 1 CopyPart-
#260618	REDUCE cov: 1707 ft: 6510 corp: 1032/413Kb lim: 899 exec/s: 15330 rss: 516Mb L: 130/899 MS: 2 InsertByte-EraseBytes-
#260919	REDUCE cov: 1707 ft: 6510 corp: 1032/413Kb lim: 899 exec/s: 15348 rss: 516Mb L: 292/899 MS: 1 EraseBytes-
#260995	REDUCE cov: 1707 ft: 6510 corp: 1032/413Kb lim: 899 exec/s: 15352 rss: 516Mb L: 107/899 MS: 1 EraseBytes-
#260998	REDUCE cov: 1707 ft: 6510 corp: 1032/413Kb lim: 899 exec/s: 15352 rss: 516Mb L: 330/899 MS: 3 ChangeByte-InsertByte-EraseBytes-
#261202	REDUCE cov: 1707 ft: 6510 corp: 1032/412Kb lim: 899 exec/s: 15364 rss: 516Mb L: 231/899 MS: 4 ChangeBinInt-ChangeByte-ChangeASCIIInt-EraseBytes-
#261355	REDUCE cov: 1707 ft: 6510 corp: 1032/412Kb lim: 899 exec/s: 15373 rss: 516Mb L: 60/899 MS: 3 ChangeBit-ChangeBinInt-EraseBytes-
#261566	REDUCE cov: 1707 ft: 6510 corp: 1032/412Kb lim: 899 exec/s: 15386 rss: 516Mb L: 201/899 MS: 1 EraseBytes-
#261705	NEW    cov: 1707 ft: 6512 corp: 1033/413Kb lim: 899 exec/s: 15394 rss: 516Mb L: 515/899 MS: 4 ChangeBit-InsertByte-ChangeASCIIInt-PersAutoDict- DE: "\001\000\0015"-
#261771	REDUCE cov: 1707 ft: 6512 corp: 1033/413Kb lim: 899 exec/s: 15398 rss: 516Mb L: 469/899 MS: 1 EraseBytes-
#261868	REDUCE cov: 1707 ft: 6512 corp: 1033/413Kb lim: 899 exec/s: 15404 rss: 516Mb L: 128/899 MS: 2 InsertByte-EraseBytes-
#261918	REDUCE cov: 1707 ft: 6512 corp: 1033/413Kb lim: 899 exec/s: 15406 rss: 516Mb L: 295/899 MS: 5 ChangeByte-ChangeBit-CopyPart-EraseBytes-CopyPart-
#262034	REDUCE cov: 1707 ft: 6512 corp: 1033/413Kb lim: 899 exec/s: 15413 rss: 516Mb L: 622/899 MS: 1 EraseBytes-
#262113	REDUCE cov: 1707 ft: 6512 corp: 1033/413Kb lim: 899 exec/s: 15418 rss: 516Mb L: 144/899 MS: 4 InsertByte-ShuffleBytes-ShuffleBytes-EraseBytes-
#262144	pulse  cov: 1707 ft: 6512 corp: 1033/413Kb lim: 899 exec/s: 15420 rss: 516Mb
#262564	REDUCE cov: 1707 ft: 6512 corp: 1033/413Kb lim: 899 exec/s: 15444 rss: 516Mb L: 67/899 MS: 1 EraseBytes-
#262640	REDUCE cov: 1707 ft: 6512 corp: 1033/413Kb lim: 899 exec/s: 15449 rss: 517Mb L: 266/899 MS: 1 EraseBytes-
#262650	REDUCE cov: 1707 ft: 6512 corp: 1033/413Kb lim: 899 exec/s: 15450 rss: 517Mb L: 538/899 MS: 5 PersAutoDict-InsertByte-ChangeByte-ChangeBinInt-EraseBytes- DE: "\000\000\000\000"-
#262766	REDUCE cov: 1707 ft: 6512 corp: 1033/413Kb lim: 899 exec/s: 15456 rss: 517Mb L: 693/899 MS: 1 EraseBytes-
#262769	REDUCE cov: 1707 ft: 6512 corp: 1033/412Kb lim: 899 exec/s: 15457 rss: 517Mb L: 742/899 MS: 3 ChangeByte-ChangeBit-EraseBytes-
#263000	REDUCE cov: 1707 ft: 6512 corp: 1033/412Kb lim: 899 exec/s: 15470 rss: 517Mb L: 125/899 MS: 1 EraseBytes-
#263041	REDUCE cov: 1707 ft: 6512 corp: 1033/412Kb lim: 899 exec/s: 15473 rss: 517Mb L: 260/899 MS: 1 EraseBytes-
#263052	REDUCE cov: 1707 ft: 6512 corp: 1033/412Kb lim: 899 exec/s: 15473 rss: 517Mb L: 349/899 MS: 1 EraseBytes-
#263355	REDUCE cov: 1707 ft: 6512 corp: 1033/412Kb lim: 899 exec/s: 15491 rss: 517Mb L: 126/899 MS: 3 ChangeBit-CrossOver-EraseBytes-
#263634	REDUCE cov: 1707 ft: 6512 corp: 1033/412Kb lim: 899 exec/s: 15507 rss: 517Mb L: 253/899 MS: 4 InsertByte-ChangeASCIIInt-ChangeBit-EraseBytes-
#263757	REDUCE cov: 1707 ft: 6512 corp: 1033/412Kb lim: 899 exec/s: 15515 rss: 517Mb L: 348/899 MS: 3 ChangeBit-InsertRepeatedBytes-EraseBytes-
#263769	REDUCE cov: 1707 ft: 6512 corp: 1033/412Kb lim: 899 exec/s: 15515 rss: 517Mb L: 401/899 MS: 2 ChangeBinInt-EraseBytes-
#263828	REDUCE cov: 1707 ft: 6512 corp: 1033/412Kb lim: 899 exec/s: 15519 rss: 517Mb L: 225/899 MS: 4 CMP-ChangeBit-ChangeBit-EraseBytes- DE: "\377\005"-
#263839	REDUCE cov: 1707 ft: 6512 corp: 1033/412Kb lim: 899 exec/s: 15519 rss: 517Mb L: 325/899 MS: 1 EraseBytes-
#263894	REDUCE cov: 1707 ft: 6512 corp: 1033/412Kb lim: 899 exec/s: 15523 rss: 517Mb L: 113/899 MS: 5 InsertRepeatedBytes-PersAutoDict-ChangeBinInt-EraseBytes-EraseBytes- DE: "\001\000\000\000\000\000\000\003"-
#263997	REDUCE cov: 1707 ft: 6512 corp: 1033/412Kb lim: 899 exec/s: 15529 rss: 517Mb L: 152/899 MS: 3 CopyPart-ChangeBit-CrossOver-
#264071	REDUCE cov: 1707 ft: 6512 corp: 1033/412Kb lim: 899 exec/s: 15533 rss: 517Mb L: 137/899 MS: 4 PersAutoDict-ShuffleBytes-CopyPart-EraseBytes- DE: "\0043333333"-
#264262	REDUCE cov: 1707 ft: 6512 corp: 1033/412Kb lim: 899 exec/s: 15544 rss: 517Mb L: 85/899 MS: 1 EraseBytes-
#264348	REDUCE cov: 1707 ft: 6512 corp: 1033/412Kb lim: 899 exec/s: 15549 rss: 517Mb L: 443/899 MS: 1 EraseBytes-
#264449	REDUCE cov: 1707 ft: 6512 corp: 1033/412Kb lim: 899 exec/s: 15555 rss: 517Mb L: 565/899 MS: 1 EraseBytes-
#264485	REDUCE cov: 1707 ft: 6512 corp: 1033/412Kb lim: 899 exec/s: 15557 rss: 517Mb L: 231/899 MS: 1 EraseBytes-
#264572	REDUCE cov: 1707 ft: 6512 corp: 1033/412Kb lim: 899 exec/s: 15563 rss: 517Mb L: 403/899 MS: 2 InsertByte-EraseBytes-
#264863	REDUCE cov: 1708 ft: 6513 corp: 1034/412Kb lim: 899 exec/s: 15580 rss: 517Mb L: 71/899 MS: 1 EraseBytes-
#264934	REDUCE cov: 1708 ft: 6513 corp: 1034/412Kb lim: 899 exec/s: 15584 rss: 518Mb L: 748/899 MS: 1 EraseBytes-
#264960	REDUCE cov: 1708 ft: 6513 corp: 1034/412Kb lim: 899 exec/s: 15585 rss: 518Mb L: 192/899 MS: 1 EraseBytes-
#265186	REDUCE cov: 1708 ft: 6513 corp: 1034/411Kb lim: 899 exec/s: 15599 rss: 518Mb L: 186/899 MS: 1 EraseBytes-
#265315	REDUCE cov: 1708 ft: 6513 corp: 1034/411Kb lim: 899 exec/s: 15606 rss: 518Mb L: 268/899 MS: 4 ChangeASCIIInt-PersAutoDict-CMP-EraseBytes- DE: "\001\000\000\023"-"\007\000\000\000"-
#265362	REDUCE cov: 1708 ft: 6514 corp: 1035/412Kb lim: 899 exec/s: 15609 rss: 518Mb L: 246/899 MS: 2 ShuffleBytes-ChangeBit-
#265383	REDUCE cov: 1708 ft: 6514 corp: 1035/412Kb lim: 899 exec/s: 15610 rss: 518Mb L: 248/899 MS: 1 EraseBytes-
#265459	REDUCE cov: 1708 ft: 6514 corp: 1035/411Kb lim: 899 exec/s: 15615 rss: 518Mb L: 442/899 MS: 1 EraseBytes-
#265486	REDUCE cov: 1708 ft: 6514 corp: 1035/411Kb lim: 899 exec/s: 15616 rss: 518Mb L: 13/899 MS: 2 CopyPart-EraseBytes-
#265522	REDUCE cov: 1708 ft: 6514 corp: 1035/411Kb lim: 899 exec/s: 15618 rss: 518Mb L: 40/899 MS: 1 EraseBytes-
#265535	REDUCE cov: 1708 ft: 6514 corp: 1035/411Kb lim: 899 exec/s: 15619 rss: 518Mb L: 5/899 MS: 3 ChangeByte-ShuffleBytes-EraseBytes-
#265603	REDUCE cov: 1708 ft: 6514 corp: 1035/411Kb lim: 899 exec/s: 15623 rss: 518Mb L: 880/899 MS: 3 ChangeBinInt-InsertRepeatedBytes-CrossOver-
#265639	REDUCE cov: 1708 ft: 6514 corp: 1035/411Kb lim: 899 exec/s: 15625 rss: 518Mb L: 271/899 MS: 1 EraseBytes-
#265649	REDUCE cov: 1708 ft: 6515 corp: 1036/411Kb lim: 899 exec/s: 15626 rss: 518Mb L: 116/899 MS: 5 ShuffleBytes-ShuffleBytes-ChangeASCIIInt-CMP-EraseBytes- DE: "\000\000\000\000\000\000\000\000"-
#265746	REDUCE cov: 1708 ft: 6515 corp: 1036/411Kb lim: 899 exec/s: 15632 rss: 518Mb L: 380/899 MS: 2 ChangeBinInt-EraseBytes-
#265812	REDUCE cov: 1708 ft: 6515 corp: 1036/411Kb lim: 899 exec/s: 15636 rss: 518Mb L: 441/899 MS: 1 EraseBytes-
#265828	NEW    cov: 1708 ft: 6516 corp: 1037/412Kb lim: 899 exec/s: 15636 rss: 518Mb L: 473/899 MS: 1 EraseBytes-
#266146	REDUCE cov: 1708 ft: 6516 corp: 1037/412Kb lim: 899 exec/s: 14785 rss: 518Mb L: 462/899 MS: 3 ChangeBinInt-CopyPart-EraseBytes-
#266253	REDUCE cov: 1708 ft: 6516 corp: 1037/412Kb lim: 899 exec/s: 14791 rss: 518Mb L: 573/899 MS: 2 ChangeByte-EraseBytes-
#266345	NEW    cov: 1709 ft: 6517 corp: 1038/412Kb lim: 899 exec/s: 14796 rss: 519Mb L: 813/899 MS: 2 ShuffleBytes-EraseBytes-
#266651	REDUCE cov: 1709 ft: 6517 corp: 1038/412Kb lim: 899 exec/s: 14813 rss: 519Mb L: 470/899 MS: 1 EraseBytes-
#266938	REDUCE cov: 1709 ft: 6517 corp: 1038/412Kb lim: 899 exec/s: 14829 rss: 519Mb L: 234/899 MS: 2 ChangeASCIIInt-EraseBytes-
#266994	REDUCE cov: 1709 ft: 6517 corp: 1038/412Kb lim: 899 exec/s: 14833 rss: 519Mb L: 388/899 MS: 1 EraseBytes-
#267180	REDUCE cov: 1709 ft: 6517 corp: 1038/412Kb lim: 899 exec/s: 14843 rss: 519Mb L: 210/899 MS: 1 EraseBytes-
#267289	REDUCE cov: 1709 ft: 6517 corp: 1038/412Kb lim: 899 exec/s: 14849 rss: 519Mb L: 379/899 MS: 4 CMP-InsertByte-InsertRepeatedBytes-EraseBytes- DE: "\001\002"-
#267617	REDUCE cov: 1709 ft: 6517 corp: 1038/412Kb lim: 899 exec/s: 14867 rss: 519Mb L: 175/899 MS: 3 ChangeASCIIInt-PersAutoDict-EraseBytes- DE: "0.\000\000"-
#267678	NEW    cov: 1709 ft: 6518 corp: 1039/413Kb lim: 899 exec/s: 14871 rss: 519Mb L: 561/899 MS: 1 EraseBytes-
#267689	REDUCE cov: 1709 ft: 6518 corp: 1039/413Kb lim: 899 exec/s: 14871 rss: 519Mb L: 193/899 MS: 1 CrossOver-
#267751	REDUCE cov: 1709 ft: 6518 corp: 1039/413Kb lim: 899 exec/s: 14875 rss: 519Mb L: 163/899 MS: 2 ShuffleBytes-EraseBytes-
#267997	REDUCE cov: 1709 ft: 6518 corp: 1039/413Kb lim: 899 exec/s: 14888 rss: 520Mb L: 180/899 MS: 1 EraseBytes-
#267998	REDUCE cov: 1709 ft: 6518 corp: 1039/413Kb lim: 899 exec/s: 14888 rss: 520Mb L: 7/899 MS: 1 EraseBytes-
#268031	REDUCE cov: 1709 ft: 6518 corp: 1039/412Kb lim: 899 exec/s: 14890 rss: 520Mb L: 493/899 MS: 3 ShuffleBytes-InsertRepeatedBytes-EraseBytes-
#268193	REDUCE cov: 1709 ft: 6518 corp: 1039/412Kb lim: 899 exec/s: 14899 rss: 520Mb L: 248/899 MS: 2 ChangeASCIIInt-EraseBytes-
#268204	NEW    cov: 1709 ft: 6519 corp: 1040/413Kb lim: 899 exec/s: 14900 rss: 520Mb L: 520/899 MS: 1 CopyPart-
#268455	REDUCE cov: 1709 ft: 6519 corp: 1040/413Kb lim: 899 exec/s: 14914 rss: 520Mb L: 267/899 MS: 1 EraseBytes-
#268689	REDUCE cov: 1709 ft: 6519 corp: 1040/413Kb lim: 899 exec/s: 14927 rss: 520Mb L: 40/899 MS: 4 CopyPart-EraseBytes-InsertByte-ChangeByte-
#268796	REDUCE cov: 1709 ft: 6519 corp: 1040/413Kb lim: 899 exec/s: 14933 rss: 520Mb L: 27/899 MS: 1 EraseBytes-
#268864	REDUCE cov: 1709 ft: 6519 corp: 1040/413Kb lim: 899 exec/s: 14936 rss: 520Mb L: 70/899 MS: 3 ChangeBit-ChangeByte-EraseBytes-
#268950	REDUCE cov: 1709 ft: 6519 corp: 1040/413Kb lim: 899 exec/s: 14941 rss: 520Mb L: 64/899 MS: 1 EraseBytes-
#268981	REDUCE cov: 1709 ft: 6519 corp: 1040/413Kb lim: 899 exec/s: 14943 rss: 520Mb L: 317/899 MS: 1 EraseBytes-
#269254	REDUCE cov: 1709 ft: 6519 corp: 1040/413Kb lim: 899 exec/s: 14958 rss: 520Mb L: 261/899 MS: 3 ChangeBit-PersAutoDict-EraseBytes- DE: "\002\000\000\000\000\000\000\000"-
#269771	REDUCE cov: 1709 ft: 6519 corp: 1040/413Kb lim: 899 exec/s: 14987 rss: 520Mb L: 121/899 MS: 2 ChangeByte-EraseBytes-
#269786	REDUCE cov: 1709 ft: 6519 corp: 1040/413Kb lim: 899 exec/s: 14988 rss: 520Mb L: 100/899 MS: 5 PersAutoDict-CopyPart-CopyPart-ChangeByte-EraseBytes- DE: "\377\377\377\377\377\377\377\007"-
#269967	REDUCE cov: 1709 ft: 6521 corp: 1041/413Kb lim: 899 exec/s: 14998 rss: 521Mb L: 862/899 MS: 1 ChangeBit-
#270048	REDUCE cov: 1709 ft: 6521 corp: 1041/413Kb lim: 899 exec/s: 15002 rss: 521Mb L: 605/899 MS: 1 EraseBytes-
#270146	REDUCE cov: 1709 ft: 6521 corp: 1041/413Kb lim: 899 exec/s: 15008 rss: 521Mb L: 38/899 MS: 3 ChangeBinInt-ShuffleBytes-EraseBytes-
#270419	REDUCE cov: 1709 ft: 6523 corp: 1042/414Kb lim: 899 exec/s: 15023 rss: 521Mb L: 675/899 MS: 3 ChangeASCIIInt-InsertRepeatedBytes-EraseBytes-
#270427	REDUCE cov: 1709 ft: 6523 corp: 1042/414Kb lim: 899 exec/s: 15023 rss: 521Mb L: 52/899 MS: 3 EraseBytes-PersAutoDict-CopyPart- DE: "U\002\000\000"-
#270633	REDUCE cov: 1709 ft: 6523 corp: 1042/414Kb lim: 899 exec/s: 15035 rss: 521Mb L: 185/899 MS: 1 EraseBytes-
#270649	REDUCE cov: 1709 ft: 6523 corp: 1042/414Kb lim: 899 exec/s: 15036 rss: 521Mb L: 170/899 MS: 1 EraseBytes-
#270738	REDUCE cov: 1709 ft: 6523 corp: 1042/414Kb lim: 899 exec/s: 15041 rss: 521Mb L: 115/899 MS: 4 ShuffleBytes-ChangeBit-CrossOver-EraseBytes-
#270744	REDUCE cov: 1709 ft: 6523 corp: 1042/414Kb lim: 899 exec/s: 15041 rss: 521Mb L: 484/899 MS: 1 EraseBytes-
#270915	REDUCE cov: 1709 ft: 6523 corp: 1042/414Kb lim: 899 exec/s: 15050 rss: 521Mb L: 32/899 MS: 1 EraseBytes-
#270986	REDUCE cov: 1709 ft: 6523 corp: 1042/414Kb lim: 899 exec/s: 15054 rss: 521Mb L: 141/899 MS: 1 EraseBytes-
#271139	REDUCE cov: 1709 ft: 6524 corp: 1043/414Kb lim: 899 exec/s: 15063 rss: 521Mb L: 175/899 MS: 3 ShuffleBytes-CrossOver-PersAutoDict- DE: "\000\000\003\034"-
#271327	REDUCE cov: 1709 ft: 6524 corp: 1043/414Kb lim: 899 exec/s: 15073 rss: 521Mb L: 639/899 MS: 3 ChangeBit-ChangeASCIIInt-CrossOver-
#271393	REDUCE cov: 1709 ft: 6524 corp: 1043/414Kb lim: 899 exec/s: 15077 rss: 521Mb L: 80/899 MS: 1 EraseBytes-
#271538	REDUCE cov: 1709 ft: 6524 corp: 1043/414Kb lim: 899 exec/s: 15085 rss: 521Mb L: 54/899 MS: 5 CopyPart-InsertByte-ChangeBit-EraseBytes-EraseBytes-
#271964	NEW    cov: 1710 ft: 6525 corp: 1044/415Kb lim: 899 exec/s: 15109 rss: 522Mb L: 795/899 MS: 1 ShuffleBytes-
#272307	REDUCE cov: 1710 ft: 6525 corp: 1044/415Kb lim: 899 exec/s: 15128 rss: 522Mb L: 216/899 MS: 3 ChangeByte-ChangeByte-EraseBytes-
#272429	REDUCE cov: 1710 ft: 6527 corp: 1045/415Kb lim: 899 exec/s: 15134 rss: 522Mb L: 520/899 MS: 2 InsertByte-CopyPart-
#272467	REDUCE cov: 1710 ft: 6527 corp: 1045/415Kb lim: 899 exec/s: 15137 rss: 522Mb L: 408/899 MS: 3 ShuffleBytes-ChangeByte-EraseBytes-
#272638	REDUCE cov: 1710 ft: 6527 corp: 1045/415Kb lim: 899 exec/s: 15146 rss: 522Mb L: 329/899 MS: 1 EraseBytes-
#272839	REDUCE cov: 1710 ft: 6527 corp: 1045/415Kb lim: 899 exec/s: 15157 rss: 522Mb L: 339/899 MS: 1 EraseBytes-
#272958	REDUCE cov: 1710 ft: 6527 corp: 1045/415Kb lim: 899 exec/s: 15164 rss: 522Mb L: 582/899 MS: 4 CMP-InsertByte-CrossOver-EraseBytes- DE: "\376\377\377\270"-
#272981	REDUCE cov: 1710 ft: 6527 corp: 1045/415Kb lim: 899 exec/s: 15165 rss: 522Mb L: 79/899 MS: 3 EraseBytes-ChangeBit-EraseBytes-
#272990	REDUCE cov: 1710 ft: 6527 corp: 1045/415Kb lim: 899 exec/s: 15166 rss: 522Mb L: 470/899 MS: 4 CrossOver-ShuffleBytes-ChangeByte-EraseBytes-
#272995	REDUCE cov: 1710 ft: 6527 corp: 1045/415Kb lim: 899 exec/s: 15166 rss: 522Mb L: 84/899 MS: 5 ChangeASCIIInt-ShuffleBytes-CrossOver-ChangeBit-EraseBytes-
#273070	REDUCE cov: 1710 ft: 6527 corp: 1045/415Kb lim: 899 exec/s: 15170 rss: 522Mb L: 405/899 MS: 5 PersAutoDict-PersAutoDict-ChangeByte-ShuffleBytes-EraseBytes- DE: "\005\000\000\000\000\000\000\000"-"\006\000\000\000\000\000\000\000"-
#273086	REDUCE cov: 1710 ft: 6527 corp: 1045/415Kb lim: 899 exec/s: 15171 rss: 522Mb L: 252/899 MS: 1 EraseBytes-
#273347	REDUCE cov: 1710 ft: 6527 corp: 1045/415Kb lim: 899 exec/s: 15185 rss: 522Mb L: 790/899 MS: 1 EraseBytes-
#273398	REDUCE cov: 1710 ft: 6527 corp: 1045/415Kb lim: 899 exec/s: 15188 rss: 522Mb L: 3/899 MS: 1 EraseBytes-
#273426	REDUCE cov: 1710 ft: 6527 corp: 1045/414Kb lim: 899 exec/s: 15190 rss: 522Mb L: 496/899 MS: 3 InsertByte-CopyPart-EraseBytes-
#273470	REDUCE cov: 1710 ft: 6527 corp: 1045/414Kb lim: 899 exec/s: 15192 rss: 522Mb L: 388/899 MS: 4 ChangeByte-CMP-CopyPart-EraseBytes- DE: "\006UUUUUUU"-
#273763	REDUCE cov: 1710 ft: 6527 corp: 1045/414Kb lim: 899 exec/s: 15209 rss: 522Mb L: 798/899 MS: 3 CrossOver-CMP-EraseBytes- DE: "c\003\000\000\000\000\000\000"-
#273914	REDUCE cov: 1710 ft: 6534 corp: 1046/415Kb lim: 899 exec/s: 15217 rss: 522Mb L: 833/899 MS: 1 CopyPart-
#273925	REDUCE cov: 1710 ft: 6534 corp: 1046/415Kb lim: 899 exec/s: 15218 rss: 523Mb L: 362/899 MS: 1 EraseBytes-
#274143	REDUCE cov: 1710 ft: 6534 corp: 1046/415Kb lim: 899 exec/s: 15230 rss: 523Mb L: 362/899 MS: 3 InsertRepeatedBytes-CopyPart-EraseBytes-
#274166	REDUCE cov: 1710 ft: 6534 corp: 1046/415Kb lim: 899 exec/s: 15231 rss: 523Mb L: 117/899 MS: 3 InsertByte-ChangeBinInt-EraseBytes-
#274255	REDUCE cov: 1710 ft: 6534 corp: 1046/415Kb lim: 899 exec/s: 15236 rss: 523Mb L: 175/899 MS: 4 CopyPart-ShuffleBytes-PersAutoDict-EraseBytes- DE: "\001\000\000\000\000\000\002\012"-
#274385	REDUCE cov: 1710 ft: 6534 corp: 1046/415Kb lim: 899 exec/s: 15243 rss: 523Mb L: 254/899 MS: 5 ChangeBit-CopyPart-CopyPart-EraseBytes-CopyPart-
#274756	REDUCE cov: 1710 ft: 6534 corp: 1046/415Kb lim: 899 exec/s: 15264 rss: 523Mb L: 167/899 MS: 1 EraseBytes-
#274862	REDUCE cov: 1710 ft: 6534 corp: 1046/415Kb lim: 899 exec/s: 15270 rss: 523Mb L: 574/899 MS: 1 EraseBytes-
#274998	REDUCE cov: 1710 ft: 6534 corp: 1046/415Kb lim: 899 exec/s: 15277 rss: 523Mb L: 340/899 MS: 1 EraseBytes-
#275004	REDUCE cov: 1710 ft: 6534 corp: 1046/415Kb lim: 899 exec/s: 15278 rss: 523Mb L: 591/899 MS: 1 EraseBytes-
#275110	REDUCE cov: 1710 ft: 6534 corp: 1046/415Kb lim: 899 exec/s: 15283 rss: 523Mb L: 23/899 MS: 1 EraseBytes-
#275266	REDUCE cov: 1710 ft: 6534 corp: 1046/414Kb lim: 899 exec/s: 15292 rss: 523Mb L: 193/899 MS: 1 EraseBytes-
#275337	REDUCE cov: 1710 ft: 6534 corp: 1046/414Kb lim: 899 exec/s: 15296 rss: 523Mb L: 124/899 MS: 1 EraseBytes-
#275362	REDUCE cov: 1710 ft: 6534 corp: 1046/414Kb lim: 899 exec/s: 15297 rss: 523Mb L: 297/899 MS: 5 ChangeASCIIInt-CrossOver-ChangeBit-ShuffleBytes-EraseBytes-
#275781	REDUCE cov: 1710 ft: 6534 corp: 1046/414Kb lim: 899 exec/s: 15321 rss: 523Mb L: 105/899 MS: 4 ShuffleBytes-ChangeByte-PersAutoDict-EraseBytes- DE: "\007\000\000\000"-
#275792	REDUCE cov: 1710 ft: 6534 corp: 1046/414Kb lim: 899 exec/s: 15321 rss: 523Mb L: 664/899 MS: 1 EraseBytes-
#275923	REDUCE cov: 1710 ft: 6534 corp: 1046/414Kb lim: 899 exec/s: 15329 rss: 523Mb L: 160/899 MS: 1 EraseBytes-
#275924	REDUCE cov: 1710 ft: 6534 corp: 1046/414Kb lim: 899 exec/s: 15329 rss: 523Mb L: 826/899 MS: 1 EraseBytes-
#276115	REDUCE cov: 1710 ft: 6535 corp: 1047/415Kb lim: 899 exec/s: 15339 rss: 523Mb L: 872/899 MS: 1 CopyPart-
#276312	REDUCE cov: 1710 ft: 6535 corp: 1047/415Kb lim: 899 exec/s: 15350 rss: 523Mb L: 52/899 MS: 2 ShuffleBytes-EraseBytes-
#276458	REDUCE cov: 1710 ft: 6535 corp: 1047/415Kb lim: 899 exec/s: 15358 rss: 524Mb L: 528/899 MS: 1 EraseBytes-
#276649	REDUCE cov: 1710 ft: 6535 corp: 1047/415Kb lim: 899 exec/s: 15369 rss: 524Mb L: 62/899 MS: 1 EraseBytes-
#276675	REDUCE cov: 1710 ft: 6535 corp: 1047/415Kb lim: 899 exec/s: 15370 rss: 524Mb L: 142/899 MS: 1 EraseBytes-
#276686	REDUCE cov: 1710 ft: 6535 corp: 1047/415Kb lim: 899 exec/s: 15371 rss: 524Mb L: 451/899 MS: 1 EraseBytes-
#276712	REDUCE cov: 1710 ft: 6535 corp: 1047/415Kb lim: 899 exec/s: 15372 rss: 524Mb L: 746/899 MS: 1 EraseBytes-
#276734	REDUCE cov: 1710 ft: 6535 corp: 1047/415Kb lim: 899 exec/s: 15374 rss: 524Mb L: 683/899 MS: 2 ShuffleBytes-EraseBytes-
#276750	REDUCE cov: 1710 ft: 6535 corp: 1047/414Kb lim: 899 exec/s: 15375 rss: 524Mb L: 148/899 MS: 1 EraseBytes-
#276821	REDUCE cov: 1710 ft: 6535 corp: 1047/414Kb lim: 899 exec/s: 15378 rss: 524Mb L: 100/899 MS: 1 EraseBytes-
#276863	REDUCE cov: 1710 ft: 6535 corp: 1047/414Kb lim: 899 exec/s: 15381 rss: 524Mb L: 516/899 MS: 2 ChangeBinInt-EraseBytes-
#277036	REDUCE cov: 1710 ft: 6535 corp: 1047/414Kb lim: 899 exec/s: 15390 rss: 524Mb L: 222/899 MS: 3 ChangeBit-ChangeBit-EraseBytes-
#277302	REDUCE cov: 1710 ft: 6535 corp: 1047/414Kb lim: 899 exec/s: 15405 rss: 524Mb L: 83/899 MS: 1 EraseBytes-
#277450	REDUCE cov: 1710 ft: 6535 corp: 1047/414Kb lim: 899 exec/s: 15413 rss: 524Mb L: 44/899 MS: 3 CrossOver-ChangeByte-EraseBytes-
#277568	REDUCE cov: 1710 ft: 6535 corp: 1047/414Kb lim: 899 exec/s: 15420 rss: 524Mb L: 562/899 MS: 3 ShuffleBytes-InsertRepeatedBytes-EraseBytes-
#277587	REDUCE cov: 1710 ft: 6535 corp: 1047/414Kb lim: 899 exec/s: 15421 rss: 524Mb L: 601/899 MS: 4 ChangeByte-ChangeByte-CopyPart-EraseBytes-
#277648	REDUCE cov: 1710 ft: 6535 corp: 1047/414Kb lim: 899 exec/s: 15424 rss: 524Mb L: 35/899 MS: 1 EraseBytes-
#277937	REDUCE cov: 1710 ft: 6535 corp: 1047/414Kb lim: 899 exec/s: 15440 rss: 524Mb L: 558/899 MS: 4 ChangeBit-ChangeBit-InsertByte-EraseBytes-
#278043	REDUCE cov: 1710 ft: 6535 corp: 1047/414Kb lim: 899 exec/s: 15446 rss: 524Mb L: 86/899 MS: 1 EraseBytes-
#278074	REDUCE cov: 1710 ft: 6535 corp: 1047/414Kb lim: 899 exec/s: 15448 rss: 524Mb L: 19/899 MS: 1 EraseBytes-
#278114	REDUCE cov: 1710 ft: 6535 corp: 1047/414Kb lim: 899 exec/s: 15450 rss: 524Mb L: 569/899 MS: 5 InsertByte-ShuffleBytes-PersAutoDict-ShuffleBytes-EraseBytes- DE: "\015\000\000\000"-
#278680	REDUCE cov: 1710 ft: 6535 corp: 1047/414Kb lim: 899 exec/s: 15482 rss: 525Mb L: 418/899 MS: 1 EraseBytes-
#278760	REDUCE cov: 1710 ft: 6535 corp: 1047/414Kb lim: 899 exec/s: 15486 rss: 525Mb L: 125/899 MS: 5 ChangeByte-ChangeBit-CrossOver-ChangeBinInt-EraseBytes-
#278796	REDUCE cov: 1710 ft: 6535 corp: 1047/414Kb lim: 899 exec/s: 15488 rss: 525Mb L: 103/899 MS: 1 EraseBytes-
#278862	REDUCE cov: 1710 ft: 6536 corp: 1048/415Kb lim: 899 exec/s: 15492 rss: 525Mb L: 755/899 MS: 1 CopyPart-
#278928	REDUCE cov: 1710 ft: 6536 corp: 1048/415Kb lim: 899 exec/s: 15496 rss: 525Mb L: 242/899 MS: 1 EraseBytes-
#279299	REDUCE cov: 1710 ft: 6536 corp: 1048/415Kb lim: 899 exec/s: 15516 rss: 525Mb L: 452/899 MS: 1 EraseBytes-
#279405	REDUCE cov: 1710 ft: 6536 corp: 1048/415Kb lim: 899 exec/s: 15522 rss: 525Mb L: 271/899 MS: 1 EraseBytes-
#279455	REDUCE cov: 1710 ft: 6536 corp: 1048/415Kb lim: 899 exec/s: 15525 rss: 525Mb L: 215/899 MS: 5 ChangeBit-CMP-ChangeASCIIInt-InsertByte-EraseBytes- DE: "\001\000\000\000\000\000\000\000"-
#279681	REDUCE cov: 1710 ft: 6536 corp: 1048/415Kb lim: 899 exec/s: 15537 rss: 525Mb L: 412/899 MS: 1 EraseBytes-
#279739	REDUCE cov: 1710 ft: 6536 corp: 1048/414Kb lim: 899 exec/s: 15541 rss: 525Mb L: 217/899 MS: 3 InsertRepeatedBytes-InsertByte-EraseBytes-
#279946	NEW    cov: 1710 ft: 6555 corp: 1049/415Kb lim: 899 exec/s: 15552 rss: 525Mb L: 895/899 MS: 2 ChangeASCIIInt-CopyPart-
#280359	REDUCE cov: 1710 ft: 6555 corp: 1049/415Kb lim: 899 exec/s: 15575 rss: 525Mb L: 24/899 MS: 3 ChangeBit-EraseBytes-CopyPart-
#280417	REDUCE cov: 1710 ft: 6555 corp: 1049/415Kb lim: 899 exec/s: 15578 rss: 525Mb L: 437/899 MS: 3 InsertByte-InsertByte-EraseBytes-
#280471	REDUCE cov: 1710 ft: 6555 corp: 1049/415Kb lim: 899 exec/s: 15581 rss: 525Mb L: 575/899 MS: 4 CopyPart-InsertByte-ChangeByte-CrossOver-
#280658	REDUCE cov: 1710 ft: 6555 corp: 1049/415Kb lim: 899 exec/s: 15592 rss: 525Mb L: 102/899 MS: 2 ChangeBinInt-EraseBytes-
#280750	REDUCE cov: 1710 ft: 6555 corp: 1049/415Kb lim: 899 exec/s: 15597 rss: 525Mb L: 557/899 MS: 2 ChangeBinInt-EraseBytes-
#281216	REDUCE cov: 1710 ft: 6555 corp: 1049/415Kb lim: 899 exec/s: 15623 rss: 526Mb L: 99/899 MS: 1 EraseBytes-
#281340	REDUCE cov: 1710 ft: 6555 corp: 1049/415Kb lim: 899 exec/s: 15630 rss: 526Mb L: 58/899 MS: 4 CMP-InsertByte-ShuffleBytes-EraseBytes- DE: "\001\000\000\000\000\000\000\000"-
#281348	REDUCE cov: 1710 ft: 6555 corp: 1049/415Kb lim: 899 exec/s: 15630 rss: 526Mb L: 39/899 MS: 3 InsertByte-ChangeBit-EraseBytes-
#281379	REDUCE cov: 1710 ft: 6555 corp: 1049/415Kb lim: 899 exec/s: 15632 rss: 526Mb L: 803/899 MS: 1 EraseBytes-
#281397	REDUCE cov: 1710 ft: 6556 corp: 1050/415Kb lim: 899 exec/s: 15633 rss: 526Mb L: 94/899 MS: 3 InsertByte-ShuffleBytes-EraseBytes-
#281498	REDUCE cov: 1710 ft: 6556 corp: 1050/415Kb lim: 899 exec/s: 15638 rss: 526Mb L: 520/899 MS: 1 EraseBytes-
#281574	REDUCE cov: 1710 ft: 6556 corp: 1050/415Kb lim: 899 exec/s: 15643 rss: 526Mb L: 325/899 MS: 1 EraseBytes-
#281821	REDUCE cov: 1710 ft: 6556 corp: 1050/415Kb lim: 899 exec/s: 14832 rss: 526Mb L: 106/899 MS: 2 InsertByte-EraseBytes-
#281887	REDUCE cov: 1710 ft: 6556 corp: 1050/415Kb lim: 899 exec/s: 14836 rss: 526Mb L: 824/899 MS: 1 EraseBytes-
#281955	REDUCE cov: 1710 ft: 6556 corp: 1050/415Kb lim: 899 exec/s: 14839 rss: 526Mb L: 160/899 MS: 3 ChangeBit-PersAutoDict-EraseBytes- DE: "\002V"-
#282099	REDUCE cov: 1710 ft: 6556 corp: 1050/415Kb lim: 899 exec/s: 14847 rss: 526Mb L: 509/899 MS: 4 ChangeByte-ChangeBinInt-ShuffleBytes-EraseBytes-
#282107	REDUCE cov: 1710 ft: 6556 corp: 1050/415Kb lim: 899 exec/s: 14847 rss: 526Mb L: 268/899 MS: 3 CrossOver-ChangeASCIIInt-EraseBytes-
#282148	REDUCE cov: 1710 ft: 6556 corp: 1050/415Kb lim: 899 exec/s: 14849 rss: 526Mb L: 161/899 MS: 1 EraseBytes-
#282225	REDUCE cov: 1710 ft: 6556 corp: 1050/415Kb lim: 899 exec/s: 14853 rss: 526Mb L: 290/899 MS: 2 ShuffleBytes-EraseBytes-
#282391	REDUCE cov: 1710 ft: 6556 corp: 1050/415Kb lim: 899 exec/s: 14862 rss: 526Mb L: 38/899 MS: 1 EraseBytes-
#282471	REDUCE cov: 1710 ft: 6556 corp: 1050/415Kb lim: 899 exec/s: 14866 rss: 526Mb L: 239/899 MS: 5 ChangeByte-CopyPart-ShuffleBytes-ChangeByte-EraseBytes-
#282487	REDUCE cov: 1710 ft: 6556 corp: 1050/415Kb lim: 899 exec/s: 14867 rss: 526Mb L: 208/899 MS: 1 EraseBytes-
#282610	REDUCE cov: 1710 ft: 6556 corp: 1050/415Kb lim: 899 exec/s: 14874 rss: 526Mb L: 120/899 MS: 3 ChangeByte-ShuffleBytes-EraseBytes-
#282703	REDUCE cov: 1710 ft: 6556 corp: 1050/415Kb lim: 899 exec/s: 14879 rss: 526Mb L: 158/899 MS: 3 ShuffleBytes-ChangeByte-EraseBytes-
#282930	REDUCE cov: 1710 ft: 6556 corp: 1050/414Kb lim: 899 exec/s: 14891 rss: 526Mb L: 296/899 MS: 2 InsertByte-EraseBytes-
#282961	REDUCE cov: 1710 ft: 6556 corp: 1050/414Kb lim: 899 exec/s: 14892 rss: 526Mb L: 181/899 MS: 1 EraseBytes-
#282963	REDUCE cov: 1710 ft: 6556 corp: 1050/414Kb lim: 899 exec/s: 14892 rss: 526Mb L: 432/899 MS: 2 ShuffleBytes-EraseBytes-
#283002	REDUCE cov: 1710 ft: 6556 corp: 1050/414Kb lim: 899 exec/s: 14894 rss: 526Mb L: 51/899 MS: 4 CopyPart-ChangeByte-CrossOver-EraseBytes-
#283168	REDUCE cov: 1710 ft: 6556 corp: 1050/414Kb lim: 899 exec/s: 14903 rss: 527Mb L: 58/899 MS: 1 EraseBytes-
#283559	REDUCE cov: 1710 ft: 6556 corp: 1050/414Kb lim: 899 exec/s: 14924 rss: 527Mb L: 850/899 MS: 1 EraseBytes-
#283710	REDUCE cov: 1710 ft: 6556 corp: 1050/414Kb lim: 899 exec/s: 14932 rss: 527Mb L: 379/899 MS: 1 EraseBytes-
#283902	REDUCE cov: 1710 ft: 6556 corp: 1050/414Kb lim: 899 exec/s: 14942 rss: 527Mb L: 812/899 MS: 2 PersAutoDict-EraseBytes- DE: "\005\000\000\000\000\000\000\000"-
#284104	REDUCE cov: 1710 ft: 6556 corp: 1050/414Kb lim: 899 exec/s: 14952 rss: 527Mb L: 432/899 MS: 2 ShuffleBytes-EraseBytes-
#284155	REDUCE cov: 1710 ft: 6556 corp: 1050/414Kb lim: 899 exec/s: 14955 rss: 527Mb L: 558/899 MS: 1 EraseBytes-
#284209	REDUCE cov: 1710 ft: 6558 corp: 1051/415Kb lim: 899 exec/s: 14958 rss: 527Mb L: 838/899 MS: 4 ChangeASCIIInt-ShuffleBytes-CopyPart-CopyPart-
#284304	REDUCE cov: 1710 ft: 6558 corp: 1051/415Kb lim: 899 exec/s: 14963 rss: 527Mb L: 195/899 MS: 5 ChangeASCIIInt-PersAutoDict-ShuffleBytes-CopyPart-EraseBytes- DE: "\000\000\000\000\000\000\0016"-
#284320	REDUCE cov: 1710 ft: 6558 corp: 1051/415Kb lim: 899 exec/s: 14964 rss: 527Mb L: 47/899 MS: 1 EraseBytes-
#284530	REDUCE cov: 1710 ft: 6558 corp: 1051/415Kb lim: 899 exec/s: 14975 rss: 527Mb L: 149/899 MS: 5 ShuffleBytes-ChangeASCIIInt-CopyPart-CMP-EraseBytes- DE: "\000\000\000\000\000\000\000\000"-
#284547	REDUCE cov: 1710 ft: 6558 corp: 1051/415Kb lim: 899 exec/s: 14976 rss: 527Mb L: 395/899 MS: 2 ChangeASCIIInt-EraseBytes-
#284688	REDUCE cov: 1710 ft: 6558 corp: 1051/415Kb lim: 899 exec/s: 14983 rss: 527Mb L: 621/899 MS: 1 EraseBytes-
#284791	REDUCE cov: 1710 ft: 6558 corp: 1051/415Kb lim: 899 exec/s: 14989 rss: 527Mb L: 665/899 MS: 3 ChangeBit-InsertRepeatedBytes-EraseBytes-
#284792	NEW    cov: 1710 ft: 6559 corp: 1052/415Kb lim: 899 exec/s: 14989 rss: 527Mb L: 264/899 MS: 1 EraseBytes-
#285199	REDUCE cov: 1710 ft: 6559 corp: 1052/415Kb lim: 899 exec/s: 15010 rss: 527Mb L: 813/899 MS: 2 ChangeBinInt-EraseBytes-
#285563	REDUCE cov: 1710 ft: 6559 corp: 1052/415Kb lim: 899 exec/s: 15029 rss: 527Mb L: 92/899 MS: 4 ChangeBit-ChangeBit-EraseBytes-CopyPart-
#285689	REDUCE cov: 1710 ft: 6559 corp: 1052/415Kb lim: 899 exec/s: 15036 rss: 527Mb L: 80/899 MS: 1 EraseBytes-
#285855	REDUCE cov: 1710 ft: 6559 corp: 1052/415Kb lim: 899 exec/s: 15045 rss: 528Mb L: 350/899 MS: 1 EraseBytes-
#286071	REDUCE cov: 1710 ft: 6559 corp: 1052/415Kb lim: 899 exec/s: 15056 rss: 528Mb L: 35/899 MS: 1 EraseBytes-
#286127	NEW    cov: 1710 ft: 6560 corp: 1053/415Kb lim: 899 exec/s: 15059 rss: 528Mb L: 703/899 MS: 1 CopyPart-
#286155	REDUCE cov: 1710 ft: 6560 corp: 1053/415Kb lim: 899 exec/s: 15060 rss: 528Mb L: 253/899 MS: 3 InsertByte-ChangeASCIIInt-EraseBytes-
#286162	REDUCE cov: 1711 ft: 6561 corp: 1054/416Kb lim: 899 exec/s: 15061 rss: 528Mb L: 209/899 MS: 2 ChangeBinInt-InsertByte-
#286220	REDUCE cov: 1711 ft: 6561 corp: 1054/416Kb lim: 899 exec/s: 15064 rss: 528Mb L: 697/899 MS: 3 InsertRepeatedBytes-ShuffleBytes-EraseBytes-
#286423	NEW    cov: 1711 ft: 6563 corp: 1055/417Kb lim: 899 exec/s: 15074 rss: 528Mb L: 856/899 MS: 3 ChangeBit-ChangeASCIIInt-CopyPart-
#286617	REDUCE cov: 1711 ft: 6563 corp: 1055/417Kb lim: 899 exec/s: 15085 rss: 528Mb L: 225/899 MS: 4 CMP-ChangeBinInt-ChangeBit-EraseBytes- DE: "\000\000\000\000"-
#286688	REDUCE cov: 1711 ft: 6563 corp: 1055/416Kb lim: 899 exec/s: 15088 rss: 528Mb L: 342/899 MS: 1 EraseBytes-
#287199	REDUCE cov: 1711 ft: 6563 corp: 1055/416Kb lim: 899 exec/s: 15115 rss: 528Mb L: 172/899 MS: 1 EraseBytes-
#287277	REDUCE cov: 1711 ft: 6563 corp: 1055/416Kb lim: 899 exec/s: 15119 rss: 528Mb L: 196/899 MS: 3 ShuffleBytes-PersAutoDict-EraseBytes- DE: "\021\002"-
#287358	REDUCE cov: 1711 ft: 6563 corp: 1055/416Kb lim: 899 exec/s: 15124 rss: 528Mb L: 366/899 MS: 1 EraseBytes-
#287410	NEW    cov: 1711 ft: 6564 corp: 1056/417Kb lim: 899 exec/s: 15126 rss: 528Mb L: 880/899 MS: 2 ChangeASCIIInt-CopyPart-
#287811	REDUCE cov: 1711 ft: 6564 corp: 1056/417Kb lim: 899 exec/s: 15147 rss: 528Mb L: 178/899 MS: 1 EraseBytes-
#287957	REDUCE cov: 1711 ft: 6564 corp: 1056/417Kb lim: 899 exec/s: 15155 rss: 528Mb L: 77/899 MS: 1 EraseBytes-
#288079	REDUCE cov: 1711 ft: 6564 corp: 1056/417Kb lim: 899 exec/s: 15162 rss: 529Mb L: 53/899 MS: 2 ChangeBit-EraseBytes-
#288156	REDUCE cov: 1711 ft: 6564 corp: 1056/417Kb lim: 899 exec/s: 15166 rss: 529Mb L: 448/899 MS: 2 ChangeBinInt-EraseBytes-
#288502	REDUCE cov: 1711 ft: 6564 corp: 1056/417Kb lim: 899 exec/s: 15184 rss: 529Mb L: 335/899 MS: 1 EraseBytes-
#288533	REDUCE cov: 1711 ft: 6564 corp: 1056/417Kb lim: 899 exec/s: 15185 rss: 529Mb L: 199/899 MS: 1 EraseBytes-
#288594	NEW    cov: 1711 ft: 6565 corp: 1057/417Kb lim: 899 exec/s: 15189 rss: 529Mb L: 294/899 MS: 1 CrossOver-
#289105	REDUCE cov: 1711 ft: 6565 corp: 1057/417Kb lim: 899 exec/s: 15216 rss: 529Mb L: 52/899 MS: 1 EraseBytes-
#289106	REDUCE cov: 1711 ft: 6565 corp: 1057/417Kb lim: 899 exec/s: 15216 rss: 529Mb L: 741/899 MS: 1 EraseBytes-
#289127	REDUCE cov: 1711 ft: 6565 corp: 1057/417Kb lim: 899 exec/s: 15217 rss: 529Mb L: 267/899 MS: 1 EraseBytes-
#289493	REDUCE cov: 1711 ft: 6565 corp: 1057/417Kb lim: 899 exec/s: 15236 rss: 529Mb L: 158/899 MS: 1 EraseBytes-
#289614	REDUCE cov: 1711 ft: 6565 corp: 1057/417Kb lim: 899 exec/s: 15242 rss: 529Mb L: 623/899 MS: 1 EraseBytes-
#289655	REDUCE cov: 1711 ft: 6565 corp: 1057/417Kb lim: 899 exec/s: 15245 rss: 529Mb L: 133/899 MS: 1 EraseBytes-
#289716	REDUCE cov: 1711 ft: 6565 corp: 1057/417Kb lim: 899 exec/s: 15248 rss: 529Mb L: 498/899 MS: 1 EraseBytes-
#289717	REDUCE cov: 1711 ft: 6565 corp: 1057/417Kb lim: 899 exec/s: 15248 rss: 529Mb L: 88/899 MS: 1 EraseBytes-
#289888	REDUCE cov: 1711 ft: 6565 corp: 1057/417Kb lim: 899 exec/s: 15257 rss: 529Mb L: 378/899 MS: 1 EraseBytes-
#289930	REDUCE cov: 1711 ft: 6565 corp: 1057/417Kb lim: 899 exec/s: 15259 rss: 529Mb L: 600/899 MS: 2 ChangeBit-EraseBytes-
#289957	REDUCE cov: 1711 ft: 6566 corp: 1058/418Kb lim: 899 exec/s: 15260 rss: 529Mb L: 631/899 MS: 2 ChangeASCIIInt-CopyPart-
#290053	REDUCE cov: 1711 ft: 6566 corp: 1058/418Kb lim: 899 exec/s: 15265 rss: 529Mb L: 127/899 MS: 1 EraseBytes-
#290086	NEW    cov: 1711 ft: 6567 corp: 1059/418Kb lim: 899 exec/s: 15267 rss: 529Mb L: 741/899 MS: 3 ChangeBinInt-CMP-CopyPart- DE: "\000w"-
#290287	NEW    cov: 1711 ft: 6568 corp: 1060/419Kb lim: 899 exec/s: 15278 rss: 529Mb L: 856/899 MS: 1 CopyPart-
#290349	REDUCE cov: 1711 ft: 6568 corp: 1060/419Kb lim: 899 exec/s: 15281 rss: 529Mb L: 30/899 MS: 2 ShuffleBytes-EraseBytes-
#290420	REDUCE cov: 1711 ft: 6568 corp: 1060/419Kb lim: 899 exec/s: 15285 rss: 530Mb L: 2/899 MS: 1 EraseBytes-
#290432	REDUCE cov: 1711 ft: 6568 corp: 1060/419Kb lim: 899 exec/s: 15285 rss: 530Mb L: 341/899 MS: 2 ChangeASCIIInt-EraseBytes-
#290683	REDUCE cov: 1711 ft: 6568 corp: 1060/419Kb lim: 899 exec/s: 15299 rss: 530Mb L: 390/899 MS: 1 EraseBytes-
#290734	REDUCE cov: 1711 ft: 6568 corp: 1060/419Kb lim: 899 exec/s: 15301 rss: 530Mb L: 480/899 MS: 1 EraseBytes-
#290761	REDUCE cov: 1711 ft: 6570 corp: 1061/420Kb lim: 899 exec/s: 15303 rss: 530Mb L: 448/899 MS: 2 CMP-InsertRepeatedBytes- DE: "6\000\000\000\000\000\000\000"-
#291050	REDUCE cov: 1711 ft: 6571 corp: 1062/420Kb lim: 899 exec/s: 15318 rss: 530Mb L: 302/899 MS: 4 CopyPart-CopyPart-CopyPart-CrossOver-
#291154	REDUCE cov: 1711 ft: 6571 corp: 1062/420Kb lim: 899 exec/s: 15323 rss: 530Mb L: 339/899 MS: 4 ChangeBinInt-CopyPart-InsertByte-EraseBytes-
#291240	REDUCE cov: 1711 ft: 6571 corp: 1062/420Kb lim: 899 exec/s: 15328 rss: 530Mb L: 74/899 MS: 1 EraseBytes-
#291645	REDUCE cov: 1711 ft: 6571 corp: 1062/420Kb lim: 899 exec/s: 15349 rss: 530Mb L: 113/899 MS: 5 ChangeBinInt-InsertRepeatedBytes-ShuffleBytes-EraseBytes-EraseBytes-
#291806	REDUCE cov: 1711 ft: 6571 corp: 1062/420Kb lim: 899 exec/s: 15358 rss: 530Mb L: 474/899 MS: 1 EraseBytes-
#291853	REDUCE cov: 1711 ft: 6571 corp: 1062/420Kb lim: 899 exec/s: 15360 rss: 530Mb L: 249/899 MS: 2 PersAutoDict-EraseBytes- DE: "\002\000\000\000\000\000\000\000"-
#292160	REDUCE cov: 1711 ft: 6571 corp: 1062/419Kb lim: 899 exec/s: 15376 rss: 530Mb L: 456/899 MS: 2 CrossOver-EraseBytes-
#292292	NEW    cov: 1711 ft: 6572 corp: 1063/420Kb lim: 899 exec/s: 15383 rss: 530Mb L: 346/899 MS: 2 InsertByte-CrossOver-
#292329	REDUCE cov: 1711 ft: 6572 corp: 1063/420Kb lim: 899 exec/s: 15385 rss: 530Mb L: 23/899 MS: 2 InsertByte-EraseBytes-
#292675	REDUCE cov: 1711 ft: 6572 corp: 1063/420Kb lim: 899 exec/s: 15403 rss: 530Mb L: 129/899 MS: 1 EraseBytes-
#292683	REDUCE cov: 1711 ft: 6572 corp: 1063/420Kb lim: 899 exec/s: 15404 rss: 530Mb L: 53/899 MS: 3 EraseBytes-EraseBytes-CopyPart-
#292829	REDUCE cov: 1711 ft: 6572 corp: 1063/420Kb lim: 899 exec/s: 15412 rss: 530Mb L: 608/899 MS: 1 EraseBytes-
#293016	REDUCE cov: 1711 ft: 6572 corp: 1063/420Kb lim: 899 exec/s: 15421 rss: 531Mb L: 287/899 MS: 2 ChangeByte-EraseBytes-
#293169	REDUCE cov: 1711 ft: 6572 corp: 1063/420Kb lim: 899 exec/s: 15429 rss: 531Mb L: 537/899 MS: 3 ChangeByte-ChangeASCIIInt-EraseBytes-
#293210	REDUCE cov: 1711 ft: 6573 corp: 1064/420Kb lim: 899 exec/s: 15432 rss: 531Mb L: 288/899 MS: 1 InsertByte-
#293447	REDUCE cov: 1711 ft: 6574 corp: 1065/420Kb lim: 899 exec/s: 15444 rss: 531Mb L: 156/899 MS: 2 InsertByte-CopyPart-
#293588	REDUCE cov: 1711 ft: 6574 corp: 1065/420Kb lim: 899 exec/s: 15452 rss: 531Mb L: 200/899 MS: 1 EraseBytes-
#293729	REDUCE cov: 1711 ft: 6574 corp: 1065/420Kb lim: 899 exec/s: 15459 rss: 531Mb L: 204/899 MS: 1 EraseBytes-
#293827	REDUCE cov: 1711 ft: 6574 corp: 1065/420Kb lim: 899 exec/s: 15464 rss: 531Mb L: 624/899 MS: 3 ChangeASCIIInt-ChangeASCIIInt-EraseBytes-
#293983	REDUCE cov: 1711 ft: 6574 corp: 1065/420Kb lim: 899 exec/s: 15472 rss: 531Mb L: 556/899 MS: 1 EraseBytes-
#294071	REDUCE cov: 1711 ft: 6574 corp: 1065/420Kb lim: 899 exec/s: 15477 rss: 531Mb L: 289/899 MS: 3 ChangeByte-ChangeByte-EraseBytes-
#294104	REDUCE cov: 1711 ft: 6574 corp: 1065/420Kb lim: 899 exec/s: 15479 rss: 531Mb L: 264/899 MS: 3 InsertRepeatedBytes-ChangeBit-CrossOver-
#294125	REDUCE cov: 1711 ft: 6574 corp: 1065/420Kb lim: 899 exec/s: 15480 rss: 531Mb L: 250/899 MS: 1 EraseBytes-
#294133	REDUCE cov: 1711 ft: 6574 corp: 1065/420Kb lim: 899 exec/s: 15480 rss: 531Mb L: 425/899 MS: 3 CMP-ChangeByte-EraseBytes- DE: "\000\000\000\000\000\000\000\000"-
#294149	REDUCE cov: 1711 ft: 6574 corp: 1065/420Kb lim: 899 exec/s: 15481 rss: 531Mb L: 53/899 MS: 1 EraseBytes-
#294155	REDUCE cov: 1711 ft: 6574 corp: 1065/420Kb lim: 899 exec/s: 15481 rss: 531Mb L: 492/899 MS: 1 EraseBytes-
#294251	REDUCE cov: 1711 ft: 6574 corp: 1065/420Kb lim: 899 exec/s: 15486 rss: 531Mb L: 39/899 MS: 1 EraseBytes-
#294279	REDUCE cov: 1711 ft: 6574 corp: 1065/420Kb lim: 899 exec/s: 15488 rss: 531Mb L: 42/899 MS: 3 EraseBytes-ChangeBinInt-InsertByte-
#294650	NEW    cov: 1711 ft: 6576 corp: 1066/420Kb lim: 899 exec/s: 15507 rss: 531Mb L: 709/899 MS: 1 EraseBytes-
#294686	REDUCE cov: 1711 ft: 6576 corp: 1066/420Kb lim: 899 exec/s: 15509 rss: 531Mb L: 105/899 MS: 1 EraseBytes-
#294834	REDUCE cov: 1711 ft: 6576 corp: 1066/420Kb lim: 899 exec/s: 15517 rss: 531Mb L: 595/899 MS: 3 CopyPart-ChangeByte-EraseBytes-
#294885	REDUCE cov: 1711 ft: 6576 corp: 1066/420Kb lim: 899 exec/s: 15520 rss: 531Mb L: 353/899 MS: 1 EraseBytes-
#295092	REDUCE cov: 1711 ft: 6576 corp: 1066/420Kb lim: 899 exec/s: 15531 rss: 532Mb L: 154/899 MS: 2 ChangeByte-EraseBytes-
#295238	REDUCE cov: 1711 ft: 6576 corp: 1066/420Kb lim: 899 exec/s: 15538 rss: 532Mb L: 62/899 MS: 1 EraseBytes-
#295274	REDUCE cov: 1711 ft: 6576 corp: 1066/420Kb lim: 899 exec/s: 15540 rss: 532Mb L: 73/899 MS: 1 EraseBytes-
#295346	REDUCE cov: 1711 ft: 6576 corp: 1066/420Kb lim: 899 exec/s: 15544 rss: 532Mb L: 312/899 MS: 2 CopyPart-EraseBytes-
#295347	REDUCE cov: 1711 ft: 6576 corp: 1066/420Kb lim: 899 exec/s: 15544 rss: 532Mb L: 20/899 MS: 1 EraseBytes-
#295354	REDUCE cov: 1711 ft: 6576 corp: 1066/420Kb lim: 899 exec/s: 15544 rss: 532Mb L: 582/899 MS: 2 InsertByte-EraseBytes-
#295410	REDUCE cov: 1711 ft: 6576 corp: 1066/420Kb lim: 899 exec/s: 15547 rss: 532Mb L: 335/899 MS: 1 EraseBytes-
#295411	REDUCE cov: 1711 ft: 6576 corp: 1066/420Kb lim: 899 exec/s: 15547 rss: 532Mb L: 76/899 MS: 1 EraseBytes-
#295447	REDUCE cov: 1711 ft: 6576 corp: 1066/420Kb lim: 899 exec/s: 15549 rss: 532Mb L: 894/899 MS: 1 EraseBytes-
#295489	REDUCE cov: 1711 ft: 6576 corp: 1066/420Kb lim: 899 exec/s: 15552 rss: 532Mb L: 17/899 MS: 2 CMP-EraseBytes- DE: "\000\000\000\000"-
#295571	NEW    cov: 1711 ft: 6579 corp: 1067/420Kb lim: 899 exec/s: 15556 rss: 532Mb L: 285/899 MS: 2 InsertByte-CopyPart-
#295929	REDUCE cov: 1711 ft: 6579 corp: 1067/420Kb lim: 899 exec/s: 15575 rss: 532Mb L: 684/899 MS: 3 ChangeASCIIInt-ChangeBit-EraseBytes-
#296097	REDUCE cov: 1711 ft: 6579 corp: 1067/420Kb lim: 899 exec/s: 15584 rss: 532Mb L: 46/899 MS: 3 ChangeBinInt-CopyPart-EraseBytes-
#296218	REDUCE cov: 1711 ft: 6579 corp: 1067/420Kb lim: 899 exec/s: 15590 rss: 532Mb L: 598/899 MS: 1 EraseBytes-
#296239	REDUCE cov: 1711 ft: 6579 corp: 1067/420Kb lim: 899 exec/s: 15591 rss: 532Mb L: 179/899 MS: 1 EraseBytes-
#296466	REDUCE cov: 1711 ft: 6579 corp: 1067/420Kb lim: 899 exec/s: 15603 rss: 532Mb L: 33/899 MS: 2 ChangeBinInt-EraseBytes-
#296570	REDUCE cov: 1711 ft: 6581 corp: 1068/421Kb lim: 899 exec/s: 15608 rss: 532Mb L: 575/899 MS: 4 PersAutoDict-CopyPart-ChangeASCIIInt-CopyPart- DE: "\021\000\000\000"-
#296605	REDUCE cov: 1711 ft: 6581 corp: 1068/421Kb lim: 899 exec/s: 15610 rss: 532Mb L: 22/899 MS: 5 PersAutoDict-ShuffleBytes-ShuffleBytes-EraseBytes-CopyPart- DE: "\377\005"-
#296986	REDUCE cov: 1711 ft: 6581 corp: 1068/421Kb lim: 899 exec/s: 14849 rss: 532Mb L: 498/899 MS: 1 EraseBytes-
#297087	NEW    cov: 1711 ft: 6584 corp: 1069/421Kb lim: 899 exec/s: 14854 rss: 532Mb L: 626/899 MS: 1 CopyPart-
#297108	REDUCE cov: 1711 ft: 6584 corp: 1069/421Kb lim: 899 exec/s: 14855 rss: 533Mb L: 299/899 MS: 1 EraseBytes-
#297295	REDUCE cov: 1711 ft: 6584 corp: 1069/421Kb lim: 899 exec/s: 14864 rss: 533Mb L: 755/899 MS: 2 ChangeByte-EraseBytes-
#297311	REDUCE cov: 1711 ft: 6584 corp: 1069/421Kb lim: 899 exec/s: 14865 rss: 533Mb L: 653/899 MS: 1 EraseBytes-
#297702	REDUCE cov: 1711 ft: 6584 corp: 1069/421Kb lim: 899 exec/s: 14885 rss: 533Mb L: 391/899 MS: 1 EraseBytes-
#297985	REDUCE cov: 1711 ft: 6585 corp: 1070/422Kb lim: 899 exec/s: 14899 rss: 533Mb L: 868/899 MS: 3 InsertRepeatedBytes-ShuffleBytes-CopyPart-
#298123	REDUCE cov: 1711 ft: 6585 corp: 1070/422Kb lim: 899 exec/s: 14906 rss: 533Mb L: 658/899 MS: 3 ChangeASCIIInt-ChangeByte-EraseBytes-
#298140	REDUCE cov: 1711 ft: 6585 corp: 1070/422Kb lim: 899 exec/s: 14907 rss: 533Mb L: 186/899 MS: 2 ChangeByte-EraseBytes-
#298236	REDUCE cov: 1711 ft: 6585 corp: 1070/422Kb lim: 899 exec/s: 14911 rss: 533Mb L: 337/899 MS: 1 EraseBytes-
#298383	REDUCE cov: 1711 ft: 6585 corp: 1070/422Kb lim: 899 exec/s: 14919 rss: 533Mb L: 137/899 MS: 2 InsertByte-EraseBytes-
#298418	REDUCE cov: 1711 ft: 6585 corp: 1070/422Kb lim: 899 exec/s: 14920 rss: 533Mb L: 82/899 MS: 5 ChangeBit-EraseBytes-ChangeASCIIInt-EraseBytes-CopyPart-
#298519	REDUCE cov: 1711 ft: 6585 corp: 1070/422Kb lim: 899 exec/s: 14925 rss: 533Mb L: 200/899 MS: 1 EraseBytes-
#298712	REDUCE cov: 1711 ft: 6585 corp: 1070/421Kb lim: 899 exec/s: 14935 rss: 533Mb L: 814/899 MS: 3 PersAutoDict-ChangeBinInt-EraseBytes- DE: "\000\000\000\000\000\000\000\000"-
#298723	REDUCE cov: 1711 ft: 6585 corp: 1070/421Kb lim: 899 exec/s: 14936 rss: 533Mb L: 191/899 MS: 1 EraseBytes-
#298739	REDUCE cov: 1711 ft: 6585 corp: 1070/421Kb lim: 899 exec/s: 14936 rss: 533Mb L: 334/899 MS: 1 EraseBytes-
#298998	REDUCE cov: 1711 ft: 6585 corp: 1070/421Kb lim: 899 exec/s: 14949 rss: 533Mb L: 535/899 MS: 4 CrossOver-ShuffleBytes-ChangeBit-EraseBytes-
#299250	REDUCE cov: 1711 ft: 6585 corp: 1070/421Kb lim: 899 exec/s: 14962 rss: 533Mb L: 65/899 MS: 2 ChangeBinInt-EraseBytes-
#299261	REDUCE cov: 1711 ft: 6585 corp: 1070/421Kb lim: 899 exec/s: 14963 rss: 533Mb L: 460/899 MS: 1 EraseBytes-
#299335	REDUCE cov: 1711 ft: 6585 corp: 1070/421Kb lim: 899 exec/s: 14966 rss: 533Mb L: 78/899 MS: 4 InsertByte-ChangeByte-PersAutoDict-EraseBytes- DE: "\000\000\000\000"-
#299522	REDUCE cov: 1711 ft: 6585 corp: 1070/421Kb lim: 899 exec/s: 14976 rss: 534Mb L: 116/899 MS: 2 EraseBytes-CopyPart-
#299749	REDUCE cov: 1711 ft: 6586 corp: 1071/422Kb lim: 899 exec/s: 14987 rss: 534Mb L: 863/899 MS: 2 ChangeASCIIInt-InsertByte-
#299750	REDUCE cov: 1711 ft: 6586 corp: 1071/422Kb lim: 899 exec/s: 14987 rss: 534Mb L: 208/899 MS: 1 EraseBytes-
#299769	REDUCE cov: 1711 ft: 6586 corp: 1071/422Kb lim: 899 exec/s: 14988 rss: 534Mb L: 133/899 MS: 4 ShuffleBytes-ShuffleBytes-ShuffleBytes-EraseBytes-
#299871	REDUCE cov: 1711 ft: 6586 corp: 1071/422Kb lim: 899 exec/s: 14993 rss: 534Mb L: 55/899 MS: 2 ChangeByte-EraseBytes-
#299964	REDUCE cov: 1711 ft: 6586 corp: 1071/422Kb lim: 899 exec/s: 14998 rss: 534Mb L: 393/899 MS: 3 ChangeByte-InsertByte-EraseBytes-
#300031	REDUCE cov: 1711 ft: 6586 corp: 1071/422Kb lim: 899 exec/s: 15001 rss: 534Mb L: 92/899 MS: 2 InsertByte-EraseBytes-
#300147	REDUCE cov: 1711 ft: 6587 corp: 1072/422Kb lim: 899 exec/s: 15007 rss: 534Mb L: 3/899 MS: 1 CopyPart-
#300340	REDUCE cov: 1711 ft: 6587 corp: 1072/422Kb lim: 899 exec/s: 15017 rss: 534Mb L: 557/899 MS: 3 InsertByte-CopyPart-EraseBytes-
#300768	REDUCE cov: 1711 ft: 6587 corp: 1072/422Kb lim: 899 exec/s: 15038 rss: 534Mb L: 496/899 MS: 3 ChangeBit-ChangeASCIIInt-EraseBytes-
#300919	REDUCE cov: 1711 ft: 6587 corp: 1072/422Kb lim: 899 exec/s: 15045 rss: 534Mb L: 356/899 MS: 1 EraseBytes-
#301030	REDUCE cov: 1711 ft: 6587 corp: 1072/422Kb lim: 899 exec/s: 15051 rss: 534Mb L: 836/899 MS: 1 EraseBytes-
#301306	REDUCE cov: 1711 ft: 6587 corp: 1072/422Kb lim: 899 exec/s: 15065 rss: 534Mb L: 43/899 MS: 1 EraseBytes-
#301307	REDUCE cov: 1711 ft: 6587 corp: 1072/422Kb lim: 899 exec/s: 15065 rss: 534Mb L: 64/899 MS: 1 EraseBytes-
#301443	REDUCE cov: 1711 ft: 6587 corp: 1072/422Kb lim: 899 exec/s: 15072 rss: 535Mb L: 268/899 MS: 1 EraseBytes-
#301676	REDUCE cov: 1711 ft: 6587 corp: 1072/422Kb lim: 899 exec/s: 15083 rss: 535Mb L: 208/899 MS: 3 ChangeBit-CrossOver-EraseBytes-
#302088	REDUCE cov: 1711 ft: 6587 corp: 1072/422Kb lim: 899 exec/s: 15104 rss: 535Mb L: 41/899 MS: 2 CopyPart-EraseBytes-
#302300	REDUCE cov: 1711 ft: 6587 corp: 1072/422Kb lim: 899 exec/s: 15115 rss: 535Mb L: 128/899 MS: 2 CrossOver-EraseBytes-
#302427	REDUCE cov: 1711 ft: 6587 corp: 1072/422Kb lim: 899 exec/s: 15121 rss: 535Mb L: 85/899 MS: 2 CMP-EraseBytes- DE: "\011\000"-
#302763	REDUCE cov: 1711 ft: 6587 corp: 1072/422Kb lim: 899 exec/s: 15138 rss: 535Mb L: 336/899 MS: 1 EraseBytes-
#302881	REDUCE cov: 1711 ft: 6587 corp: 1072/421Kb lim: 899 exec/s: 15144 rss: 535Mb L: 283/899 MS: 3 CrossOver-PersAutoDict-EraseBytes- DE: "0\000"-
#302952	REDUCE cov: 1711 ft: 6587 corp: 1072/421Kb lim: 899 exec/s: 15147 rss: 535Mb L: 474/899 MS: 1 EraseBytes-
#302959	REDUCE cov: 1711 ft: 6587 corp: 1072/421Kb lim: 899 exec/s: 15147 rss: 535Mb L: 164/899 MS: 2 InsertRepeatedBytes-EraseBytes-
#303270	REDUCE cov: 1711 ft: 6587 corp: 1072/421Kb lim: 899 exec/s: 15163 rss: 535Mb L: 514/899 MS: 1 EraseBytes-
#303294	REDUCE cov: 1711 ft: 6587 corp: 1072/421Kb lim: 899 exec/s: 15164 rss: 535Mb L: 23/899 MS: 4 ShuffleBytes-ChangeByte-ChangeBit-EraseBytes-
#303345	REDUCE cov: 1711 ft: 6587 corp: 1072/421Kb lim: 899 exec/s: 15167 rss: 535Mb L: 192/899 MS: 1 EraseBytes-
#303424	NEW    cov: 1711 ft: 6588 corp: 1073/422Kb lim: 899 exec/s: 15171 rss: 535Mb L: 577/899 MS: 4 ChangeBinInt-PersAutoDict-ShuffleBytes-CopyPart- DE: "\027\000\000\000"-
#303600	REDUCE cov: 1711 ft: 6588 corp: 1073/422Kb lim: 899 exec/s: 15180 rss: 535Mb L: 29/899 MS: 1 EraseBytes-
#304158	REDUCE cov: 1711 ft: 6588 corp: 1073/422Kb lim: 899 exec/s: 15207 rss: 536Mb L: 367/899 MS: 3 ChangeASCIIInt-PersAutoDict-EraseBytes- DE: "\001\012"-
#304379	REDUCE cov: 1711 ft: 6588 corp: 1073/422Kb lim: 899 exec/s: 15218 rss: 536Mb L: 248/899 MS: 1 EraseBytes-
#304575	REDUCE cov: 1711 ft: 6590 corp: 1074/422Kb lim: 899 exec/s: 15228 rss: 536Mb L: 263/899 MS: 1 EraseBytes-
#304661	REDUCE cov: 1711 ft: 6590 corp: 1074/422Kb lim: 899 exec/s: 15233 rss: 536Mb L: 422/899 MS: 1 EraseBytes-
#304697	REDUCE cov: 1711 ft: 6590 corp: 1074/422Kb lim: 899 exec/s: 15234 rss: 536Mb L: 438/899 MS: 1 EraseBytes-
#304959	REDUCE cov: 1711 ft: 6590 corp: 1074/422Kb lim: 899 exec/s: 15247 rss: 536Mb L: 85/899 MS: 2 InsertByte-EraseBytes-
#305030	REDUCE cov: 1711 ft: 6590 corp: 1074/422Kb lim: 899 exec/s: 15251 rss: 536Mb L: 81/899 MS: 1 EraseBytes-
#305243	REDUCE cov: 1711 ft: 6590 corp: 1074/422Kb lim: 899 exec/s: 15262 rss: 536Mb L: 246/899 MS: 3 ShuffleBytes-ChangeBit-EraseBytes-
#305249	REDUCE cov: 1711 ft: 6590 corp: 1074/422Kb lim: 899 exec/s: 15262 rss: 536Mb L: 443/899 MS: 1 EraseBytes-
#305260	REDUCE cov: 1711 ft: 6591 corp: 1075/422Kb lim: 899 exec/s: 15263 rss: 536Mb L: 170/899 MS: 1 ShuffleBytes-
#305533	REDUCE cov: 1711 ft: 6591 corp: 1075/422Kb lim: 899 exec/s: 15276 rss: 536Mb L: 164/899 MS: 3 CMP-CMP-EraseBytes- DE: "G\001\000\000"-"\001\000\000\000\000\000\000\002"-
#306078	REDUCE cov: 1711 ft: 6591 corp: 1075/422Kb lim: 899 exec/s: 15303 rss: 536Mb L: 569/899 MS: 5 PersAutoDict-InsertRepeatedBytes-InsertRepeatedBytes-ShuffleBytes-EraseBytes- DE: "\001\002"-
#306081	REDUCE cov: 1711 ft: 6591 corp: 1075/422Kb lim: 899 exec/s: 15304 rss: 536Mb L: 340/899 MS: 3 ChangeBinInt-PersAutoDict-EraseBytes- DE: "\000\000\003\034"-
#306273	REDUCE cov: 1711 ft: 6591 corp: 1075/422Kb lim: 899 exec/s: 15313 rss: 536Mb L: 341/899 MS: 2 ChangeASCIIInt-CrossOver-
#306279	REDUCE cov: 1711 ft: 6591 corp: 1075/421Kb lim: 899 exec/s: 15313 rss: 536Mb L: 737/899 MS: 1 EraseBytes-
#306350	REDUCE cov: 1711 ft: 6591 corp: 1075/421Kb lim: 899 exec/s: 15317 rss: 536Mb L: 143/899 MS: 1 EraseBytes-
#306398	REDUCE cov: 1711 ft: 6591 corp: 1075/421Kb lim: 899 exec/s: 15319 rss: 536Mb L: 159/899 MS: 3 InsertRepeatedBytes-EraseBytes-EraseBytes-
#306651	REDUCE cov: 1711 ft: 6591 corp: 1075/421Kb lim: 899 exec/s: 15332 rss: 536Mb L: 91/899 MS: 3 EraseBytes-CMP-EraseBytes- DE: "\377\377\377\377\377\377\377\037"-
#306730	REDUCE cov: 1711 ft: 6591 corp: 1075/421Kb lim: 899 exec/s: 15336 rss: 536Mb L: 44/899 MS: 4 CrossOver-ChangeBinInt-ChangeByte-EraseBytes-
#306736	REDUCE cov: 1711 ft: 6591 corp: 1075/421Kb lim: 899 exec/s: 15336 rss: 536Mb L: 68/899 MS: 1 EraseBytes-
#306757	REDUCE cov: 1711 ft: 6591 corp: 1075/421Kb lim: 899 exec/s: 15337 rss: 537Mb L: 252/899 MS: 1 EraseBytes-
#306798	REDUCE cov: 1711 ft: 6591 corp: 1075/421Kb lim: 899 exec/s: 15339 rss: 537Mb L: 762/899 MS: 1 EraseBytes-
#306800	REDUCE cov: 1711 ft: 6591 corp: 1075/421Kb lim: 899 exec/s: 15340 rss: 537Mb L: 98/899 MS: 2 CrossOver-EraseBytes-
#306958	REDUCE cov: 1711 ft: 6591 corp: 1075/421Kb lim: 899 exec/s: 15347 rss: 537Mb L: 628/899 MS: 3 PersAutoDict-InsertRepeatedBytes-EraseBytes- DE: "\004\003\000\000"-
#307199	REDUCE cov: 1711 ft: 6591 corp: 1075/421Kb lim: 899 exec/s: 15359 rss: 537Mb L: 514/899 MS: 1 EraseBytes-
#307209	REDUCE cov: 1711 ft: 6591 corp: 1075/421Kb lim: 899 exec/s: 15360 rss: 537Mb L: 251/899 MS: 5 ChangeASCIIInt-ChangeASCIIInt-ChangeASCIIInt-ChangeASCIIInt-EraseBytes-
#307212	REDUCE cov: 1711 ft: 6591 corp: 1075/421Kb lim: 899 exec/s: 15360 rss: 537Mb L: 79/899 MS: 3 ChangeBit-ChangeByte-EraseBytes-
#307289	REDUCE cov: 1711 ft: 6591 corp: 1075/421Kb lim: 899 exec/s: 15364 rss: 537Mb L: 140/899 MS: 2 CMP-EraseBytes- DE: "p\000\000\000\000\000\000\000"-
#307351	REDUCE cov: 1711 ft: 6591 corp: 1075/421Kb lim: 899 exec/s: 15367 rss: 537Mb L: 173/899 MS: 2 ChangeByte-EraseBytes-
#307387	REDUCE cov: 1711 ft: 6591 corp: 1075/421Kb lim: 899 exec/s: 15369 rss: 537Mb L: 8/899 MS: 1 EraseBytes-
#308850	REDUCE cov: 1711 ft: 6591 corp: 1075/421Kb lim: 908 exec/s: 15442 rss: 537Mb L: 53/899 MS: 3 EraseBytes-PersAutoDict-ChangeBinInt- DE: "\021\000\000\000"-
#309006	REDUCE cov: 1711 ft: 6591 corp: 1075/421Kb lim: 908 exec/s: 15450 rss: 537Mb L: 204/899 MS: 1 EraseBytes-
#309010	REDUCE cov: 1711 ft: 6591 corp: 1075/421Kb lim: 908 exec/s: 15450 rss: 537Mb L: 200/899 MS: 4 CopyPart-InsertRepeatedBytes-EraseBytes-EraseBytes-
#309107	REDUCE cov: 1711 ft: 6591 corp: 1075/421Kb lim: 908 exec/s: 15455 rss: 537Mb L: 131/899 MS: 2 CrossOver-EraseBytes-
#309147	REDUCE cov: 1711 ft: 6593 corp: 1076/422Kb lim: 908 exec/s: 15457 rss: 537Mb L: 888/899 MS: 5 CopyPart-PersAutoDict-CopyPart-ChangeASCIIInt-CopyPart- DE: "\000w"-
#309148	REDUCE cov: 1711 ft: 6593 corp: 1076/422Kb lim: 908 exec/s: 15457 rss: 538Mb L: 180/899 MS: 1 EraseBytes-
#309709	REDUCE cov: 1711 ft: 6593 corp: 1076/422Kb lim: 908 exec/s: 15485 rss: 538Mb L: 37/899 MS: 1 EraseBytes-
#309775	REDUCE cov: 1711 ft: 6593 corp: 1076/422Kb lim: 908 exec/s: 15488 rss: 538Mb L: 105/899 MS: 1 EraseBytes-
#309782	REDUCE cov: 1711 ft: 6593 corp: 1076/421Kb lim: 908 exec/s: 15489 rss: 538Mb L: 587/899 MS: 2 PersAutoDict-EraseBytes- DE: "\003\000\000\000\000\000\000\000"-
#309903	REDUCE cov: 1711 ft: 6593 corp: 1076/421Kb lim: 908 exec/s: 15495 rss: 538Mb L: 545/899 MS: 1 EraseBytes-
#309937	REDUCE cov: 1711 ft: 6593 corp: 1076/421Kb lim: 908 exec/s: 15496 rss: 538Mb L: 65/899 MS: 4 ShuffleBytes-ChangeBit-PersAutoDict-EraseBytes- DE: "\005\000"-
#310234	REDUCE cov: 1711 ft: 6593 corp: 1076/421Kb lim: 908 exec/s: 15511 rss: 538Mb L: 230/899 MS: 2 CopyPart-EraseBytes-
#310527	REDUCE cov: 1711 ft: 6593 corp: 1076/421Kb lim: 908 exec/s: 15526 rss: 538Mb L: 381/899 MS: 3 ChangeASCIIInt-ShuffleBytes-EraseBytes-
#310570	REDUCE cov: 1711 ft: 6594 corp: 1077/421Kb lim: 908 exec/s: 15528 rss: 538Mb L: 96/899 MS: 3 EraseBytes-EraseBytes-PersAutoDict- DE: "\010\000"-
#310786	REDUCE cov: 1711 ft: 6594 corp: 1077/421Kb lim: 908 exec/s: 15539 rss: 538Mb L: 66/899 MS: 1 EraseBytes-
#310907	REDUCE cov: 1711 ft: 6594 corp: 1077/421Kb lim: 908 exec/s: 15545 rss: 538Mb L: 218/899 MS: 1 EraseBytes-
#310920	REDUCE cov: 1711 ft: 6595 corp: 1078/421Kb lim: 908 exec/s: 15546 rss: 538Mb L: 309/899 MS: 3 ChangeByte-ChangeBit-CopyPart-
#310961	REDUCE cov: 1711 ft: 6595 corp: 1078/421Kb lim: 908 exec/s: 15548 rss: 538Mb L: 175/899 MS: 1 EraseBytes-
#310978	REDUCE cov: 1711 ft: 6595 corp: 1078/421Kb lim: 908 exec/s: 15548 rss: 538Mb L: 22/899 MS: 2 ChangeBit-EraseBytes-
#310987	REDUCE cov: 1711 ft: 6596 corp: 1079/422Kb lim: 908 exec/s: 15549 rss: 538Mb L: 333/899 MS: 4 ChangeASCIIInt-ChangeByte-InsertRepeatedBytes-CopyPart-
#311014	REDUCE cov: 1711 ft: 6596 corp: 1079/422Kb lim: 908 exec/s: 15550 rss: 538Mb L: 626/899 MS: 2 CrossOver-EraseBytes-
#311053	REDUCE cov: 1711 ft: 6596 corp: 1079/422Kb lim: 908 exec/s: 15552 rss: 538Mb L: 8/899 MS: 4 ChangeByte-InsertByte-ChangeBit-EraseBytes-
#311160	NEW    cov: 1711 ft: 6597 corp: 1080/423Kb lim: 908 exec/s: 15558 rss: 538Mb L: 864/899 MS: 2 ChangeByte-CopyPart-
#311164	REDUCE cov: 1711 ft: 6598 corp: 1081/423Kb lim: 908 exec/s: 15558 rss: 539Mb L: 270/899 MS: 4 ChangeASCIIInt-PersAutoDict-PersAutoDict-ChangeByte- DE: "6\000\000\000\000\000\000\000"-"sp\000\000"-
#311230	REDUCE cov: 1711 ft: 6598 corp: 1081/423Kb lim: 908 exec/s: 15561 rss: 539Mb L: 389/899 MS: 1 EraseBytes-
#311259	REDUCE cov: 1711 ft: 6598 corp: 1081/423Kb lim: 908 exec/s: 15562 rss: 539Mb L: 233/899 MS: 4 ShuffleBytes-ChangeByte-ChangeBinInt-EraseBytes-
#311415	REDUCE cov: 1712 ft: 6599 corp: 1082/423Kb lim: 908 exec/s: 15570 rss: 539Mb L: 386/899 MS: 1 CopyPart-
#311463	REDUCE cov: 1712 ft: 6599 corp: 1082/423Kb lim: 908 exec/s: 15573 rss: 539Mb L: 242/899 MS: 3 ChangeBit-ChangeBinInt-EraseBytes-
#312275	REDUCE cov: 1712 ft: 6599 corp: 1082/423Kb lim: 908 exec/s: 15613 rss: 539Mb L: 150/899 MS: 2 ChangeBinInt-EraseBytes-
#312441	REDUCE cov: 1712 ft: 6599 corp: 1082/423Kb lim: 908 exec/s: 15622 rss: 539Mb L: 502/899 MS: 1 EraseBytes-
#312557	REDUCE cov: 1712 ft: 6599 corp: 1082/423Kb lim: 908 exec/s: 14883 rss: 539Mb L: 510/899 MS: 1 EraseBytes-
#312638	REDUCE cov: 1712 ft: 6599 corp: 1082/423Kb lim: 908 exec/s: 14887 rss: 539Mb L: 36/899 MS: 1 EraseBytes-
#312894	REDUCE cov: 1712 ft: 6599 corp: 1082/423Kb lim: 908 exec/s: 14899 rss: 539Mb L: 297/899 MS: 1 EraseBytes-
#313525	REDUCE cov: 1712 ft: 6599 corp: 1082/423Kb lim: 908 exec/s: 14929 rss: 539Mb L: 364/899 MS: 1 EraseBytes-
#313736	REDUCE cov: 1712 ft: 6599 corp: 1082/423Kb lim: 908 exec/s: 14939 rss: 539Mb L: 170/899 MS: 1 EraseBytes-
#313748	REDUCE cov: 1712 ft: 6599 corp: 1082/422Kb lim: 908 exec/s: 14940 rss: 539Mb L: 822/899 MS: 2 InsertByte-EraseBytes-
#313998	REDUCE cov: 1712 ft: 6599 corp: 1082/422Kb lim: 908 exec/s: 14952 rss: 539Mb L: 519/899 MS: 5 ChangeBinInt-ChangeBit-ChangeASCIIInt-ChangeByte-EraseBytes-
#314020	REDUCE cov: 1712 ft: 6599 corp: 1082/422Kb lim: 908 exec/s: 14953 rss: 539Mb L: 876/899 MS: 2 ShuffleBytes-EraseBytes-
#314071	NEW    cov: 1712 ft: 6600 corp: 1083/423Kb lim: 908 exec/s: 14955 rss: 539Mb L: 108/899 MS: 1 CopyPart-
#314118	REDUCE cov: 1712 ft: 6600 corp: 1083/423Kb lim: 908 exec/s: 14958 rss: 539Mb L: 32/899 MS: 2 ChangeBit-EraseBytes-
#314125	REDUCE cov: 1712 ft: 6600 corp: 1083/422Kb lim: 908 exec/s: 14958 rss: 540Mb L: 455/899 MS: 2 ShuffleBytes-EraseBytes-
#314226	REDUCE cov: 1712 ft: 6600 corp: 1083/422Kb lim: 908 exec/s: 14963 rss: 540Mb L: 162/899 MS: 1 EraseBytes-
#314227	REDUCE cov: 1712 ft: 6600 corp: 1083/422Kb lim: 908 exec/s: 14963 rss: 540Mb L: 124/899 MS: 1 EraseBytes-
#314540	REDUCE cov: 1712 ft: 6600 corp: 1083/422Kb lim: 908 exec/s: 14978 rss: 540Mb L: 527/899 MS: 3 ShuffleBytes-PersAutoDict-EraseBytes- DE: "\377\377\377\377\377\377\377\037"-
#314627	REDUCE cov: 1712 ft: 6600 corp: 1083/422Kb lim: 908 exec/s: 14982 rss: 540Mb L: 176/899 MS: 2 ChangeBit-EraseBytes-
#314820	REDUCE cov: 1712 ft: 6600 corp: 1083/422Kb lim: 908 exec/s: 14991 rss: 540Mb L: 200/899 MS: 3 ChangeBit-ChangeASCIIInt-EraseBytes-
#314954	REDUCE cov: 1712 ft: 6600 corp: 1083/422Kb lim: 908 exec/s: 14997 rss: 540Mb L: 662/899 MS: 4 ChangeByte-CrossOver-ChangeBinInt-EraseBytes-
#315140	REDUCE cov: 1712 ft: 6601 corp: 1084/423Kb lim: 908 exec/s: 15006 rss: 540Mb L: 804/899 MS: 1 CrossOver-
#315233	REDUCE cov: 1712 ft: 6601 corp: 1084/423Kb lim: 908 exec/s: 15011 rss: 540Mb L: 122/899 MS: 3 InsertByte-InsertByte-EraseBytes-
#315369	REDUCE cov: 1712 ft: 6601 corp: 1084/423Kb lim: 908 exec/s: 15017 rss: 540Mb L: 272/899 MS: 1 EraseBytes-
#315416	REDUCE cov: 1712 ft: 6601 corp: 1084/423Kb lim: 908 exec/s: 15019 rss: 540Mb L: 377/899 MS: 2 InsertByte-EraseBytes-
#315933	REDUCE cov: 1712 ft: 6601 corp: 1084/423Kb lim: 908 exec/s: 15044 rss: 540Mb L: 614/899 MS: 2 ChangeByte-EraseBytes-
#315985	REDUCE cov: 1712 ft: 6601 corp: 1084/423Kb lim: 908 exec/s: 15046 rss: 540Mb L: 315/899 MS: 2 ChangeByte-EraseBytes-
#316091	REDUCE cov: 1712 ft: 6601 corp: 1084/423Kb lim: 908 exec/s: 15051 rss: 541Mb L: 355/899 MS: 1 EraseBytes-
#316387	REDUCE cov: 1712 ft: 6601 corp: 1084/423Kb lim: 908 exec/s: 15066 rss: 541Mb L: 32/899 MS: 1 EraseBytes-
#316536	REDUCE cov: 1712 ft: 6601 corp: 1084/423Kb lim: 908 exec/s: 15073 rss: 541Mb L: 9/899 MS: 4 InsertByte-EraseBytes-EraseBytes-CopyPart-
#316632	REDUCE cov: 1712 ft: 6601 corp: 1084/423Kb lim: 908 exec/s: 15077 rss: 541Mb L: 363/899 MS: 1 EraseBytes-
#316659	REDUCE cov: 1712 ft: 6601 corp: 1084/423Kb lim: 908 exec/s: 15079 rss: 541Mb L: 41/899 MS: 2 ShuffleBytes-EraseBytes-
#316747	REDUCE cov: 1712 ft: 6601 corp: 1084/423Kb lim: 908 exec/s: 15083 rss: 541Mb L: 651/899 MS: 3 ShuffleBytes-ChangeByte-EraseBytes-
#316819	REDUCE cov: 1712 ft: 6602 corp: 1085/423Kb lim: 908 exec/s: 15086 rss: 541Mb L: 122/899 MS: 2 ChangeByte-InsertByte-
#317450	NEW    cov: 1713 ft: 6603 corp: 1086/424Kb lim: 908 exec/s: 15116 rss: 541Mb L: 845/899 MS: 1 CopyPart-
#317866	REDUCE cov: 1713 ft: 6603 corp: 1086/424Kb lim: 908 exec/s: 15136 rss: 541Mb L: 156/899 MS: 1 EraseBytes-
#317943	REDUCE cov: 1713 ft: 6603 corp: 1086/423Kb lim: 908 exec/s: 15140 rss: 541Mb L: 517/899 MS: 2 ChangeBinInt-EraseBytes-
#317964	NEW    cov: 1713 ft: 6604 corp: 1087/424Kb lim: 908 exec/s: 15141 rss: 541Mb L: 795/899 MS: 1 CopyPart-
#318090	REDUCE cov: 1713 ft: 6604 corp: 1087/424Kb lim: 908 exec/s: 15147 rss: 541Mb L: 98/899 MS: 1 EraseBytes-
#318126	REDUCE cov: 1713 ft: 6604 corp: 1087/424Kb lim: 908 exec/s: 15148 rss: 541Mb L: 6/899 MS: 1 EraseBytes-
#318132	REDUCE cov: 1713 ft: 6604 corp: 1087/424Kb lim: 908 exec/s: 15149 rss: 541Mb L: 236/899 MS: 1 EraseBytes-
#318184	NEW    cov: 1713 ft: 6611 corp: 1088/425Kb lim: 908 exec/s: 15151 rss: 541Mb L: 496/899 MS: 2 InsertByte-CopyPart-
#318225	REDUCE cov: 1713 ft: 6611 corp: 1088/425Kb lim: 908 exec/s: 15153 rss: 541Mb L: 327/899 MS: 1 EraseBytes-
#318422	REDUCE cov: 1713 ft: 6611 corp: 1088/425Kb lim: 908 exec/s: 15162 rss: 541Mb L: 715/899 MS: 2 ChangeBit-EraseBytes-
#318506	REDUCE cov: 1713 ft: 6611 corp: 1088/425Kb lim: 908 exec/s: 15166 rss: 541Mb L: 53/899 MS: 4 CopyPart-InsertByte-ShuffleBytes-EraseBytes-
#318665	REDUCE cov: 1713 ft: 6611 corp: 1088/424Kb lim: 908 exec/s: 15174 rss: 541Mb L: 534/899 MS: 4 ShuffleBytes-ChangeBinInt-ShuffleBytes-EraseBytes-
#318756	REDUCE cov: 1713 ft: 6611 corp: 1088/424Kb lim: 908 exec/s: 15178 rss: 541Mb L: 609/899 MS: 1 EraseBytes-
#318847	REDUCE cov: 1713 ft: 6611 corp: 1088/424Kb lim: 908 exec/s: 15183 rss: 542Mb L: 304/899 MS: 1 EraseBytes-
#318871	REDUCE cov: 1713 ft: 6611 corp: 1088/424Kb lim: 908 exec/s: 15184 rss: 542Mb L: 107/899 MS: 4 ChangeByte-ChangeASCIIInt-CMP-EraseBytes- DE: "\010\000\000\000"-
#318958	NEW    cov: 1713 ft: 6616 corp: 1089/425Kb lim: 908 exec/s: 15188 rss: 542Mb L: 458/899 MS: 2 ChangeASCIIInt-CopyPart-
#318974	REDUCE cov: 1713 ft: 6616 corp: 1089/425Kb lim: 908 exec/s: 15189 rss: 542Mb L: 396/899 MS: 1 EraseBytes-
#318976	NEW    cov: 1713 ft: 6624 corp: 1090/426Kb lim: 908 exec/s: 15189 rss: 542Mb L: 864/899 MS: 2 ShuffleBytes-CMP- DE: "VUUUUUU\005"-
#319002	REDUCE cov: 1713 ft: 6624 corp: 1090/426Kb lim: 908 exec/s: 15190 rss: 542Mb L: 86/899 MS: 1 EraseBytes-
#319336	REDUCE cov: 1713 ft: 6624 corp: 1090/426Kb lim: 908 exec/s: 15206 rss: 542Mb L: 377/899 MS: 4 InsertByte-ChangeBinInt-ChangeByte-EraseBytes-
#319472	REDUCE cov: 1713 ft: 6624 corp: 1090/426Kb lim: 908 exec/s: 15212 rss: 542Mb L: 372/899 MS: 1 EraseBytes-
#319533	REDUCE cov: 1713 ft: 6624 corp: 1090/426Kb lim: 908 exec/s: 15215 rss: 542Mb L: 411/899 MS: 1 CrossOver-
#319575	REDUCE cov: 1713 ft: 6624 corp: 1090/425Kb lim: 908 exec/s: 15217 rss: 542Mb L: 811/899 MS: 2 CMP-EraseBytes- DE: "\302\000\000\000"-
#319692	REDUCE cov: 1713 ft: 6624 corp: 1090/425Kb lim: 908 exec/s: 15223 rss: 542Mb L: 423/899 MS: 2 ShuffleBytes-EraseBytes-
#319828	REDUCE cov: 1713 ft: 6624 corp: 1090/425Kb lim: 908 exec/s: 15229 rss: 542Mb L: 108/899 MS: 1 EraseBytes-
#319864	NEW    cov: 1713 ft: 6641 corp: 1091/426Kb lim: 908 exec/s: 15231 rss: 542Mb L: 488/899 MS: 1 CopyPart-
#319946	REDUCE cov: 1713 ft: 6641 corp: 1091/426Kb lim: 908 exec/s: 15235 rss: 542Mb L: 21/899 MS: 2 ChangeBinInt-EraseBytes-
#320068	REDUCE cov: 1713 ft: 6641 corp: 1091/426Kb lim: 908 exec/s: 15241 rss: 542Mb L: 486/899 MS: 2 InsertByte-EraseBytes-
#320175	REDUCE cov: 1713 ft: 6642 corp: 1092/426Kb lim: 908 exec/s: 15246 rss: 542Mb L: 180/899 MS: 2 CopyPart-ChangeBit-
#320191	REDUCE cov: 1713 ft: 6642 corp: 1092/426Kb lim: 908 exec/s: 15247 rss: 542Mb L: 753/899 MS: 1 EraseBytes-
#320202	REDUCE cov: 1713 ft: 6642 corp: 1092/426Kb lim: 908 exec/s: 15247 rss: 542Mb L: 218/899 MS: 1 EraseBytes-
#320312	REDUCE cov: 1713 ft: 6642 corp: 1092/426Kb lim: 908 exec/s: 15252 rss: 542Mb L: 286/899 MS: 5 CMP-CMP-ChangeByte-ChangeByte-EraseBytes- DE: "@\003\000\000\000\000\000\000"-"\344\377\377\377"-
#320443	REDUCE cov: 1713 ft: 6642 corp: 1092/426Kb lim: 908 exec/s: 15259 rss: 542Mb L: 258/899 MS: 1 EraseBytes-
#320905	REDUCE cov: 1713 ft: 6642 corp: 1092/426Kb lim: 908 exec/s: 15281 rss: 542Mb L: 435/899 MS: 2 ChangeBit-EraseBytes-
#321186	REDUCE cov: 1713 ft: 6642 corp: 1092/426Kb lim: 908 exec/s: 15294 rss: 543Mb L: 280/899 MS: 1 EraseBytes-
#321232	NEW    cov: 1714 ft: 6643 corp: 1093/426Kb lim: 908 exec/s: 15296 rss: 543Mb L: 650/899 MS: 1 CrossOver-
#321323	REDUCE cov: 1714 ft: 6643 corp: 1093/426Kb lim: 908 exec/s: 15301 rss: 543Mb L: 511/899 MS: 1 EraseBytes-
#321334	REDUCE cov: 1714 ft: 6643 corp: 1093/426Kb lim: 908 exec/s: 15301 rss: 543Mb L: 380/899 MS: 1 EraseBytes-
#321955	REDUCE cov: 1714 ft: 6643 corp: 1093/426Kb lim: 908 exec/s: 15331 rss: 543Mb L: 752/899 MS: 1 EraseBytes-
#322006	REDUCE cov: 1714 ft: 6643 corp: 1093/426Kb lim: 908 exec/s: 15333 rss: 543Mb L: 45/899 MS: 1 EraseBytes-
#322017	REDUCE cov: 1714 ft: 6644 corp: 1094/426Kb lim: 908 exec/s: 15334 rss: 543Mb L: 93/899 MS: 1 InsertByte-
#322019	REDUCE cov: 1714 ft: 6644 corp: 1094/426Kb lim: 908 exec/s: 15334 rss: 543Mb L: 123/899 MS: 2 PersAutoDict-EraseBytes- DE: "\004\003\000\000"-
#322053	REDUCE cov: 1714 ft: 6644 corp: 1094/426Kb lim: 908 exec/s: 15335 rss: 543Mb L: 155/899 MS: 4 ChangeBinInt-CopyPart-InsertByte-EraseBytes-
#322450	REDUCE cov: 1714 ft: 6644 corp: 1094/426Kb lim: 908 exec/s: 15354 rss: 543Mb L: 59/899 MS: 2 PersAutoDict-EraseBytes- DE: "\000\000\000\000\000\000\001\025"-
#322621	REDUCE cov: 1714 ft: 6644 corp: 1094/426Kb lim: 908 exec/s: 15362 rss: 543Mb L: 123/899 MS: 1 EraseBytes-
#322798	REDUCE cov: 1714 ft: 6644 corp: 1094/426Kb lim: 908 exec/s: 15371 rss: 543Mb L: 490/899 MS: 2 ShuffleBytes-EraseBytes-
#323189	REDUCE cov: 1714 ft: 6644 corp: 1094/426Kb lim: 908 exec/s: 15389 rss: 543Mb L: 401/899 MS: 1 EraseBytes-
#323208	REDUCE cov: 1714 ft: 6644 corp: 1094/426Kb lim: 908 exec/s: 15390 rss: 543Mb L: 189/899 MS: 4 ShuffleBytes-ShuffleBytes-ChangeASCIIInt-EraseBytes-
#323345	REDUCE cov: 1714 ft: 6644 corp: 1094/426Kb lim: 908 exec/s: 15397 rss: 543Mb L: 75/899 MS: 2 ChangeBinInt-EraseBytes-
#323351	REDUCE cov: 1714 ft: 6644 corp: 1094/426Kb lim: 908 exec/s: 15397 rss: 543Mb L: 192/899 MS: 1 EraseBytes-
#323422	REDUCE cov: 1714 ft: 6644 corp: 1094/426Kb lim: 908 exec/s: 15401 rss: 543Mb L: 338/899 MS: 1 EraseBytes-
#323774	REDUCE cov: 1714 ft: 6644 corp: 1094/426Kb lim: 908 exec/s: 15417 rss: 544Mb L: 109/899 MS: 2 PersAutoDict-EraseBytes- DE: "VUUUUUU\005"-
#324170	REDUCE cov: 1714 ft: 6644 corp: 1094/426Kb lim: 908 exec/s: 15436 rss: 544Mb L: 123/899 MS: 1 EraseBytes-
#324722	REDUCE cov: 1714 ft: 6644 corp: 1094/426Kb lim: 908 exec/s: 15462 rss: 544Mb L: 48/899 MS: 2 PersAutoDict-EraseBytes- DE: "\001\002"-
#325315	REDUCE cov: 1714 ft: 6644 corp: 1094/426Kb lim: 908 exec/s: 15491 rss: 544Mb L: 74/899 MS: 3 ChangeASCIIInt-PersAutoDict-EraseBytes- DE: "\002V"-
#325546	REDUCE cov: 1714 ft: 6644 corp: 1094/426Kb lim: 908 exec/s: 15502 rss: 544Mb L: 14/899 MS: 1 EraseBytes-
#325573	REDUCE cov: 1714 ft: 6644 corp: 1094/426Kb lim: 908 exec/s: 15503 rss: 544Mb L: 333/899 MS: 2 InsertByte-EraseBytes-
#325609	REDUCE cov: 1714 ft: 6644 corp: 1094/426Kb lim: 908 exec/s: 15505 rss: 544Mb L: 232/899 MS: 1 EraseBytes-
#325895	REDUCE cov: 1714 ft: 6644 corp: 1094/426Kb lim: 908 exec/s: 15518 rss: 544Mb L: 218/899 MS: 1 EraseBytes-
#326377	REDUCE cov: 1714 ft: 6644 corp: 1094/426Kb lim: 908 exec/s: 15541 rss: 544Mb L: 711/899 MS: 2 ChangeASCIIInt-EraseBytes-
#326632	REDUCE cov: 1714 ft: 6644 corp: 1094/426Kb lim: 908 exec/s: 15553 rss: 544Mb L: 11/899 MS: 5 PersAutoDict-PersAutoDict-ShuffleBytes-CopyPart-EraseBytes- DE: "\377\377\377\377"-"\000\000\002V"-
#326788	REDUCE cov: 1714 ft: 6644 corp: 1094/426Kb lim: 908 exec/s: 15561 rss: 544Mb L: 404/899 MS: 1 EraseBytes-
#326819	REDUCE cov: 1714 ft: 6644 corp: 1094/426Kb lim: 908 exec/s: 15562 rss: 544Mb L: 239/899 MS: 1 EraseBytes-
#327009	REDUCE cov: 1714 ft: 6644 corp: 1094/426Kb lim: 908 exec/s: 15571 rss: 544Mb L: 792/899 MS: 5 CopyPart-ChangeByte-InsertRepeatedBytes-EraseBytes-ChangeBit-
#327100	REDUCE cov: 1714 ft: 6644 corp: 1094/426Kb lim: 908 exec/s: 15576 rss: 544Mb L: 142/899 MS: 1 EraseBytes-
#327106	REDUCE cov: 1714 ft: 6644 corp: 1094/426Kb lim: 908 exec/s: 15576 rss: 544Mb L: 434/899 MS: 1 EraseBytes-
#327107	REDUCE cov: 1714 ft: 6645 corp: 1095/426Kb lim: 908 exec/s: 15576 rss: 544Mb L: 539/899 MS: 1 CopyPart-
#327183	REDUCE cov: 1714 ft: 6645 corp: 1095/426Kb lim: 908 exec/s: 15580 rss: 544Mb L: 694/899 MS: 1 EraseBytes-
#327329	REDUCE cov: 1714 ft: 6645 corp: 1095/426Kb lim: 908 exec/s: 15587 rss: 544Mb L: 34/899 MS: 1 EraseBytes-
#327356	REDUCE cov: 1714 ft: 6645 corp: 1095/426Kb lim: 908 exec/s: 15588 rss: 544Mb L: 28/899 MS: 2 ChangeBit-EraseBytes-
#327657	REDUCE cov: 1714 ft: 6645 corp: 1095/426Kb lim: 908 exec/s: 15602 rss: 545Mb L: 47/899 MS: 1 EraseBytes-
#327759	REDUCE cov: 1714 ft: 6645 corp: 1095/426Kb lim: 908 exec/s: 15607 rss: 545Mb L: 389/899 MS: 2 ChangeBit-EraseBytes-
#327855	REDUCE cov: 1714 ft: 6645 corp: 1095/426Kb lim: 908 exec/s: 15612 rss: 545Mb L: 782/899 MS: 1 EraseBytes-
#328261	REDUCE cov: 1714 ft: 6645 corp: 1095/426Kb lim: 908 exec/s: 15631 rss: 545Mb L: 236/899 MS: 1 EraseBytes-
#328492	REDUCE cov: 1714 ft: 6645 corp: 1095/426Kb lim: 908 exec/s: 14931 rss: 545Mb L: 207/899 MS: 1 EraseBytes-
#328519	REDUCE cov: 1714 ft: 6645 corp: 1095/426Kb lim: 908 exec/s: 14932 rss: 545Mb L: 701/899 MS: 2 ChangeBinInt-EraseBytes-
#328525	REDUCE cov: 1714 ft: 6645 corp: 1095/426Kb lim: 908 exec/s: 14932 rss: 545Mb L: 277/899 MS: 1 EraseBytes-
#328569	REDUCE cov: 1714 ft: 6645 corp: 1095/426Kb lim: 908 exec/s: 14934 rss: 545Mb L: 501/899 MS: 4 ChangeASCIIInt-ChangeASCIIInt-InsertByte-EraseBytes-
#328606	REDUCE cov: 1714 ft: 6645 corp: 1095/426Kb lim: 908 exec/s: 14936 rss: 545Mb L: 230/899 MS: 2 ChangeASCIIInt-EraseBytes-
#328722	REDUCE cov: 1714 ft: 6645 corp: 1095/426Kb lim: 908 exec/s: 14941 rss: 545Mb L: 364/899 MS: 1 EraseBytes-
#329013	REDUCE cov: 1714 ft: 6645 corp: 1095/425Kb lim: 908 exec/s: 14955 rss: 546Mb L: 314/899 MS: 1 EraseBytes-
#329179	REDUCE cov: 1714 ft: 6645 corp: 1095/425Kb lim: 908 exec/s: 14962 rss: 546Mb L: 318/899 MS: 1 EraseBytes-
#329313	REDUCE cov: 1714 ft: 6645 corp: 1095/425Kb lim: 908 exec/s: 14968 rss: 546Mb L: 630/899 MS: 4 ShuffleBytes-ChangeBit-ChangeByte-EraseBytes-
#329474	NEW    cov: 1714 ft: 6646 corp: 1096/426Kb lim: 908 exec/s: 14976 rss: 546Mb L: 606/899 MS: 1 CopyPart-
#329600	REDUCE cov: 1714 ft: 6646 corp: 1096/426Kb lim: 908 exec/s: 14981 rss: 546Mb L: 711/899 MS: 1 EraseBytes-
#329763	REDUCE cov: 1714 ft: 6646 corp: 1096/426Kb lim: 908 exec/s: 14989 rss: 546Mb L: 377/899 MS: 3 InsertByte-ShuffleBytes-EraseBytes-
#329830	REDUCE cov: 1714 ft: 6646 corp: 1096/426Kb lim: 908 exec/s: 14992 rss: 546Mb L: 470/899 MS: 2 ChangeBinInt-EraseBytes-
#329966	REDUCE cov: 1714 ft: 6646 corp: 1096/426Kb lim: 908 exec/s: 14998 rss: 546Mb L: 206/899 MS: 1 EraseBytes-
#329991	REDUCE cov: 1714 ft: 6646 corp: 1096/426Kb lim: 908 exec/s: 14999 rss: 546Mb L: 94/899 MS: 5 CMP-PersAutoDict-ChangeBit-CopyPart-EraseBytes- DE: "\262\002\000\000"-"\376\377\377\333"-
#330022	REDUCE cov: 1714 ft: 6646 corp: 1096/426Kb lim: 908 exec/s: 15001 rss: 546Mb L: 4/899 MS: 1 EraseBytes-
#330130	REDUCE cov: 1714 ft: 6646 corp: 1096/426Kb lim: 908 exec/s: 15005 rss: 546Mb L: 714/899 MS: 3 ShuffleBytes-ChangeASCIIInt-EraseBytes-
#330222	REDUCE cov: 1714 ft: 6646 corp: 1096/425Kb lim: 908 exec/s: 15010 rss: 546Mb L: 381/899 MS: 2 ShuffleBytes-EraseBytes-
#330578	REDUCE cov: 1714 ft: 6646 corp: 1096/425Kb lim: 908 exec/s: 15026 rss: 546Mb L: 776/899 MS: 1 EraseBytes-
#330830	REDUCE cov: 1714 ft: 6646 corp: 1096/425Kb lim: 908 exec/s: 15037 rss: 546Mb L: 176/899 MS: 2 ChangeASCIIInt-EraseBytes-
#330961	REDUCE cov: 1714 ft: 6646 corp: 1096/425Kb lim: 908 exec/s: 15043 rss: 546Mb L: 750/899 MS: 1 EraseBytes-
#331003	REDUCE cov: 1714 ft: 6646 corp: 1096/425Kb lim: 908 exec/s: 15045 rss: 546Mb L: 196/899 MS: 2 PersAutoDict-EraseBytes- DE: "\000\000\000\016"-
#331179	REDUCE cov: 1714 ft: 6646 corp: 1096/425Kb lim: 908 exec/s: 15053 rss: 546Mb L: 785/899 MS: 1 EraseBytes-
#331345	REDUCE cov: 1714 ft: 6646 corp: 1096/425Kb lim: 908 exec/s: 15061 rss: 546Mb L: 78/899 MS: 1 EraseBytes-
#331409	REDUCE cov: 1714 ft: 6646 corp: 1096/425Kb lim: 908 exec/s: 15064 rss: 546Mb L: 7/899 MS: 4 ChangeByte-InsertByte-EraseBytes-InsertByte-
#331414	REDUCE cov: 1714 ft: 6646 corp: 1096/425Kb lim: 908 exec/s: 15064 rss: 546Mb L: 92/899 MS: 5 ChangeByte-ShuffleBytes-ChangeBit-InsertRepeatedBytes-EraseBytes-
#331543	REDUCE cov: 1714 ft: 6646 corp: 1096/425Kb lim: 908 exec/s: 15070 rss: 546Mb L: 195/899 MS: 4 ChangeBit-PersAutoDict-CMP-EraseBytes- DE: "\000\000\000\000\000\000\000\010"-"\026\000\000\000"-
#331721	REDUCE cov: 1714 ft: 6646 corp: 1096/425Kb lim: 908 exec/s: 15078 rss: 546Mb L: 190/899 MS: 3 CMP-ChangeBit-EraseBytes- DE: "\000\000\000\000\000\000\000l"-
#331753	REDUCE cov: 1714 ft: 6646 corp: 1096/425Kb lim: 908 exec/s: 15079 rss: 546Mb L: 97/899 MS: 2 ShuffleBytes-EraseBytes-
#332244	REDUCE cov: 1714 ft: 6646 corp: 1096/425Kb lim: 908 exec/s: 15102 rss: 546Mb L: 149/899 MS: 1 EraseBytes-
#332440	REDUCE cov: 1714 ft: 6646 corp: 1096/425Kb lim: 908 exec/s: 15110 rss: 546Mb L: 234/899 MS: 1 EraseBytes-
#332456	REDUCE cov: 1715 ft: 6647 corp: 1097/425Kb lim: 908 exec/s: 15111 rss: 546Mb L: 75/899 MS: 1 ChangeBit-
#332457	NEW    cov: 1715 ft: 6649 corp: 1098/426Kb lim: 908 exec/s: 15111 rss: 546Mb L: 886/899 MS: 1 CopyPart-
#332484	NEW    cov: 1715 ft: 6651 corp: 1099/427Kb lim: 908 exec/s: 15112 rss: 546Mb L: 709/899 MS: 2 PersAutoDict-ShuffleBytes- DE: "\001\000\000\000\000\000\000\002"-
#332490	REDUCE cov: 1715 ft: 6651 corp: 1099/427Kb lim: 908 exec/s: 15113 rss: 546Mb L: 484/899 MS: 1 EraseBytes-
#332641	REDUCE cov: 1715 ft: 6651 corp: 1099/426Kb lim: 908 exec/s: 15120 rss: 546Mb L: 120/899 MS: 1 EraseBytes-
#332697	REDUCE cov: 1715 ft: 6651 corp: 1099/426Kb lim: 908 exec/s: 15122 rss: 546Mb L: 168/899 MS: 1 EraseBytes-
#332838	REDUCE cov: 1715 ft: 6651 corp: 1099/426Kb lim: 908 exec/s: 15129 rss: 546Mb L: 323/899 MS: 1 EraseBytes-
#333129	REDUCE cov: 1715 ft: 6651 corp: 1099/426Kb lim: 908 exec/s: 15142 rss: 546Mb L: 126/899 MS: 1 EraseBytes-
#333140	REDUCE cov: 1715 ft: 6651 corp: 1099/426Kb lim: 908 exec/s: 15142 rss: 546Mb L: 157/899 MS: 1 EraseBytes-
#333191	REDUCE cov: 1715 ft: 6651 corp: 1099/426Kb lim: 908 exec/s: 15145 rss: 546Mb L: 9/899 MS: 1 EraseBytes-
#333327	REDUCE cov: 1715 ft: 6651 corp: 1099/426Kb lim: 908 exec/s: 15151 rss: 546Mb L: 282/899 MS: 1 EraseBytes-
#333844	REDUCE cov: 1715 ft: 6651 corp: 1099/426Kb lim: 908 exec/s: 15174 rss: 546Mb L: 407/899 MS: 2 ChangeByte-EraseBytes-
#334010	REDUCE cov: 1715 ft: 6651 corp: 1099/426Kb lim: 908 exec/s: 15182 rss: 546Mb L: 504/899 MS: 1 EraseBytes-
#334048	REDUCE cov: 1715 ft: 6651 corp: 1099/426Kb lim: 908 exec/s: 15184 rss: 546Mb L: 199/899 MS: 3 InsertByte-ChangeByte-EraseBytes-
#334204	REDUCE cov: 1715 ft: 6651 corp: 1099/426Kb lim: 908 exec/s: 15191 rss: 546Mb L: 170/899 MS: 1 EraseBytes-
#334226	REDUCE cov: 1715 ft: 6651 corp: 1099/426Kb lim: 908 exec/s: 15192 rss: 546Mb L: 488/899 MS: 2 ChangeASCIIInt-EraseBytes-
#334361	REDUCE cov: 1715 ft: 6651 corp: 1099/426Kb lim: 908 exec/s: 15198 rss: 546Mb L: 141/899 MS: 5 InsertByte-ChangeBinInt-ChangeBinInt-ChangeByte-EraseBytes-
#334673	REDUCE cov: 1715 ft: 6651 corp: 1099/426Kb lim: 908 exec/s: 15212 rss: 546Mb L: 394/899 MS: 2 ShuffleBytes-EraseBytes-
#334879	REDUCE cov: 1715 ft: 6651 corp: 1099/426Kb lim: 908 exec/s: 15221 rss: 546Mb L: 178/899 MS: 1 EraseBytes-
#335035	NEW    cov: 1715 ft: 6652 corp: 1100/427Kb lim: 908 exec/s: 15228 rss: 546Mb L: 671/899 MS: 1 InsertRepeatedBytes-
#335176	REDUCE cov: 1715 ft: 6652 corp: 1100/427Kb lim: 908 exec/s: 15235 rss: 546Mb L: 3/899 MS: 1 EraseBytes-
#335288	REDUCE cov: 1715 ft: 6652 corp: 1100/426Kb lim: 908 exec/s: 15240 rss: 546Mb L: 275/899 MS: 2 InsertByte-EraseBytes-
#335351	REDUCE cov: 1715 ft: 6652 corp: 1100/426Kb lim: 908 exec/s: 15243 rss: 546Mb L: 684/899 MS: 3 CMP-ShuffleBytes-EraseBytes- DE: "q\000\000\000\000\000\000\000"-
#335383	REDUCE cov: 1715 ft: 6652 corp: 1100/426Kb lim: 908 exec/s: 15244 rss: 546Mb L: 442/899 MS: 2 CopyPart-CrossOver-
#335601	REDUCE cov: 1715 ft: 6652 corp: 1100/426Kb lim: 908 exec/s: 15254 rss: 546Mb L: 575/899 MS: 3 CopyPart-ShuffleBytes-EraseBytes-
#335782	REDUCE cov: 1715 ft: 6652 corp: 1100/426Kb lim: 908 exec/s: 15262 rss: 546Mb L: 55/899 MS: 1 EraseBytes-
#335808	REDUCE cov: 1715 ft: 6652 corp: 1100/426Kb lim: 908 exec/s: 15264 rss: 546Mb L: 399/899 MS: 1 EraseBytes-
#335869	REDUCE cov: 1715 ft: 6652 corp: 1100/426Kb lim: 908 exec/s: 15266 rss: 546Mb L: 95/899 MS: 1 EraseBytes-
#335875	REDUCE cov: 1715 ft: 6657 corp: 1101/427Kb lim: 908 exec/s: 15267 rss: 546Mb L: 872/899 MS: 1 CrossOver-
#336131	REDUCE cov: 1715 ft: 6657 corp: 1101/427Kb lim: 908 exec/s: 15278 rss: 546Mb L: 19/899 MS: 1 EraseBytes-
#336147	REDUCE cov: 1715 ft: 6657 corp: 1101/427Kb lim: 908 exec/s: 15279 rss: 546Mb L: 269/899 MS: 1 EraseBytes-
#336281	REDUCE cov: 1715 ft: 6657 corp: 1101/427Kb lim: 908 exec/s: 15285 rss: 546Mb L: 134/899 MS: 4 ShuffleBytes-CopyPart-ChangeASCIIInt-EraseBytes-
#336684	REDUCE cov: 1715 ft: 6657 corp: 1101/427Kb lim: 908 exec/s: 15303 rss: 546Mb L: 93/899 MS: 3 ChangeBit-CMP-EraseBytes- DE: "\000\001\000\000"-
#336875	REDUCE cov: 1715 ft: 6657 corp: 1101/427Kb lim: 908 exec/s: 15312 rss: 546Mb L: 241/899 MS: 1 EraseBytes-
#337165	REDUCE cov: 1715 ft: 6657 corp: 1101/427Kb lim: 908 exec/s: 15325 rss: 546Mb L: 99/899 MS: 5 ChangeBit-InsertByte-ChangeBinInt-ChangeBinInt-EraseBytes-
#337177	REDUCE cov: 1715 ft: 6657 corp: 1101/427Kb lim: 908 exec/s: 15326 rss: 546Mb L: 261/899 MS: 2 CMP-EraseBytes- DE: "\377\377\377\344"-
#337294	REDUCE cov: 1715 ft: 6657 corp: 1101/427Kb lim: 908 exec/s: 15331 rss: 546Mb L: 129/899 MS: 2 PersAutoDict-EraseBytes- DE: "VUUUUUU\005"-
#337343	REDUCE cov: 1715 ft: 6703 corp: 1102/427Kb lim: 908 exec/s: 15333 rss: 546Mb L: 595/899 MS: 4 ChangeBit-CrossOver-EraseBytes-CrossOver-
#337729	REDUCE cov: 1715 ft: 6703 corp: 1102/427Kb lim: 908 exec/s: 15351 rss: 546Mb L: 56/899 MS: 1 EraseBytes-
#337887	REDUCE cov: 1715 ft: 6703 corp: 1102/427Kb lim: 908 exec/s: 15358 rss: 546Mb L: 17/899 MS: 3 ChangeBit-ChangeBinInt-EraseBytes-
#337918	REDUCE cov: 1715 ft: 6703 corp: 1102/427Kb lim: 908 exec/s: 15359 rss: 546Mb L: 193/899 MS: 1 EraseBytes-
#338206	NEW    cov: 1715 ft: 6704 corp: 1103/427Kb lim: 908 exec/s: 15373 rss: 546Mb L: 123/899 MS: 3 InsertByte-ShuffleBytes-ChangeByte-
#338222	REDUCE cov: 1715 ft: 6704 corp: 1103/427Kb lim: 908 exec/s: 15373 rss: 546Mb L: 523/899 MS: 1 EraseBytes-
#338223	REDUCE cov: 1715 ft: 6704 corp: 1103/427Kb lim: 908 exec/s: 15373 rss: 546Mb L: 393/899 MS: 1 EraseBytes-
#338341	REDUCE cov: 1715 ft: 6704 corp: 1103/427Kb lim: 908 exec/s: 15379 rss: 546Mb L: 30/899 MS: 3 ShuffleBytes-ChangeByte-EraseBytes-
#338428	REDUCE cov: 1715 ft: 6704 corp: 1103/427Kb lim: 908 exec/s: 15383 rss: 546Mb L: 195/899 MS: 2 CopyPart-EraseBytes-
#338534	REDUCE cov: 1715 ft: 6704 corp: 1103/427Kb lim: 908 exec/s: 15387 rss: 546Mb L: 231/899 MS: 1 EraseBytes-
#339371	REDUCE cov: 1715 ft: 6706 corp: 1104/427Kb lim: 908 exec/s: 15425 rss: 546Mb L: 363/899 MS: 2 CrossOver-ChangeBinInt-
#339446	REDUCE cov: 1715 ft: 6706 corp: 1104/427Kb lim: 908 exec/s: 15429 rss: 546Mb L: 79/899 MS: 5 ShuffleBytes-EraseBytes-CopyPart-CopyPart-InsertByte-
#339535	REDUCE cov: 1715 ft: 6706 corp: 1104/427Kb lim: 908 exec/s: 15433 rss: 546Mb L: 8/899 MS: 4 ChangeByte-ChangeBit-PersAutoDict-EraseBytes- DE: "\000\000\003\034"-
#339598	REDUCE cov: 1715 ft: 6706 corp: 1104/427Kb lim: 908 exec/s: 15436 rss: 546Mb L: 71/899 MS: 3 CopyPart-ShuffleBytes-EraseBytes-
#339609	REDUCE cov: 1715 ft: 6706 corp: 1104/427Kb lim: 908 exec/s: 15436 rss: 546Mb L: 89/899 MS: 1 EraseBytes-
#339941	REDUCE cov: 1715 ft: 6706 corp: 1104/427Kb lim: 908 exec/s: 15451 rss: 546Mb L: 269/899 MS: 2 ChangeBinInt-EraseBytes-
#340132	REDUCE cov: 1715 ft: 6706 corp: 1104/427Kb lim: 908 exec/s: 15460 rss: 546Mb L: 239/899 MS: 1 EraseBytes-
#340151	REDUCE cov: 1715 ft: 6706 corp: 1104/427Kb lim: 908 exec/s: 15461 rss: 546Mb L: 125/899 MS: 4 ChangeByte-ChangeBit-ChangeBinInt-EraseBytes-
#340162	REDUCE cov: 1715 ft: 6706 corp: 1104/427Kb lim: 908 exec/s: 15461 rss: 546Mb L: 163/899 MS: 1 EraseBytes-
#340243	REDUCE cov: 1715 ft: 6706 corp: 1104/427Kb lim: 908 exec/s: 15465 rss: 546Mb L: 139/899 MS: 1 EraseBytes-
#340614	REDUCE cov: 1715 ft: 6706 corp: 1104/427Kb lim: 908 exec/s: 15482 rss: 546Mb L: 57/899 MS: 1 EraseBytes-
#340841	REDUCE cov: 1715 ft: 6706 corp: 1104/427Kb lim: 908 exec/s: 15492 rss: 546Mb L: 203/899 MS: 2 ShuffleBytes-EraseBytes-
#340963	REDUCE cov: 1715 ft: 6706 corp: 1104/427Kb lim: 908 exec/s: 15498 rss: 546Mb L: 171/899 MS: 2 ShuffleBytes-EraseBytes-
#341514	REDUCE cov: 1715 ft: 6706 corp: 1104/427Kb lim: 908 exec/s: 15523 rss: 546Mb L: 152/899 MS: 1 EraseBytes-
#341787	REDUCE cov: 1715 ft: 6706 corp: 1104/427Kb lim: 908 exec/s: 15535 rss: 546Mb L: 61/899 MS: 3 ChangeBit-ShuffleBytes-EraseBytes-
#341820	REDUCE cov: 1715 ft: 6706 corp: 1104/427Kb lim: 908 exec/s: 15537 rss: 546Mb L: 454/899 MS: 3 ShuffleBytes-CopyPart-EraseBytes-
#342226	REDUCE cov: 1715 ft: 6706 corp: 1104/427Kb lim: 908 exec/s: 15555 rss: 546Mb L: 51/899 MS: 1 EraseBytes-
#342317	REDUCE cov: 1715 ft: 6706 corp: 1104/427Kb lim: 908 exec/s: 15559 rss: 546Mb L: 797/899 MS: 1 EraseBytes-
#342963	REDUCE cov: 1715 ft: 6706 corp: 1104/427Kb lim: 908 exec/s: 15589 rss: 546Mb L: 262/899 MS: 1 EraseBytes-
#343089	REDUCE cov: 1715 ft: 6706 corp: 1104/427Kb lim: 908 exec/s: 14916 rss: 546Mb L: 236/899 MS: 1 EraseBytes-
#343140	REDUCE cov: 1715 ft: 6706 corp: 1104/427Kb lim: 908 exec/s: 14919 rss: 546Mb L: 240/899 MS: 1 EraseBytes-
#343268	REDUCE cov: 1715 ft: 6706 corp: 1104/427Kb lim: 908 exec/s: 14924 rss: 546Mb L: 1/899 MS: 3 ShuffleBytes-ShuffleBytes-EraseBytes-
#343910	REDUCE cov: 1715 ft: 6706 corp: 1104/427Kb lim: 908 exec/s: 14952 rss: 546Mb L: 120/899 MS: 2 InsertRepeatedBytes-EraseBytes-
#344566	REDUCE cov: 1715 ft: 6706 corp: 1104/427Kb lim: 908 exec/s: 14981 rss: 546Mb L: 187/899 MS: 1 EraseBytes-
#344795	REDUCE cov: 1715 ft: 6706 corp: 1104/427Kb lim: 908 exec/s: 14991 rss: 546Mb L: 72/899 MS: 4 ShuffleBytes-ChangeByte-InsertByte-EraseBytes-
#344876	REDUCE cov: 1715 ft: 6706 corp: 1104/427Kb lim: 908 exec/s: 14994 rss: 546Mb L: 492/899 MS: 1 EraseBytes-
#345493	REDUCE cov: 1715 ft: 6706 corp: 1104/427Kb lim: 908 exec/s: 15021 rss: 546Mb L: 834/899 MS: 2 ShuffleBytes-EraseBytes-
#345555	REDUCE cov: 1715 ft: 6706 corp: 1104/426Kb lim: 908 exec/s: 15024 rss: 546Mb L: 306/899 MS: 2 InsertByte-EraseBytes-
#345827	REDUCE cov: 1715 ft: 6706 corp: 1104/426Kb lim: 908 exec/s: 15035 rss: 546Mb L: 338/899 MS: 2 ChangeBit-EraseBytes-
#345869	REDUCE cov: 1715 ft: 6706 corp: 1104/426Kb lim: 908 exec/s: 15037 rss: 546Mb L: 6/899 MS: 2 PersAutoDict-EraseBytes- DE: "\000\000\003\034"-
#345940	REDUCE cov: 1715 ft: 6706 corp: 1104/426Kb lim: 908 exec/s: 15040 rss: 546Mb L: 177/899 MS: 1 EraseBytes-
#346007	REDUCE cov: 1715 ft: 6706 corp: 1104/426Kb lim: 908 exec/s: 15043 rss: 546Mb L: 555/899 MS: 2 CMP-EraseBytes- DE: "\000\000\000\000\000\000\0019"-
#346184	REDUCE cov: 1715 ft: 6706 corp: 1104/426Kb lim: 908 exec/s: 15051 rss: 546Mb L: 56/899 MS: 2 ShuffleBytes-EraseBytes-
#346232	REDUCE cov: 1715 ft: 6706 corp: 1104/426Kb lim: 908 exec/s: 15053 rss: 546Mb L: 589/899 MS: 3 InsertByte-ChangeASCIIInt-EraseBytes-
#346449	REDUCE cov: 1715 ft: 6706 corp: 1104/426Kb lim: 908 exec/s: 15063 rss: 546Mb L: 209/899 MS: 2 ShuffleBytes-EraseBytes-
#346470	NEW    cov: 1715 ft: 6707 corp: 1105/427Kb lim: 908 exec/s: 15063 rss: 546Mb L: 398/899 MS: 1 CrossOver-
#346586	REDUCE cov: 1715 ft: 6707 corp: 1105/427Kb lim: 908 exec/s: 15068 rss: 546Mb L: 502/899 MS: 1 EraseBytes-
#346712	REDUCE cov: 1715 ft: 6709 corp: 1106/427Kb lim: 908 exec/s: 15074 rss: 546Mb L: 875/899 MS: 1 CopyPart-
#346958	REDUCE cov: 1715 ft: 6709 corp: 1106/427Kb lim: 908 exec/s: 15085 rss: 546Mb L: 23/899 MS: 1 EraseBytes-
#347109	REDUCE cov: 1715 ft: 6709 corp: 1106/427Kb lim: 908 exec/s: 15091 rss: 546Mb L: 810/899 MS: 1 EraseBytes-
#347355	REDUCE cov: 1715 ft: 6709 corp: 1106/427Kb lim: 908 exec/s: 15102 rss: 546Mb L: 23/899 MS: 1 EraseBytes-
#347506	REDUCE cov: 1715 ft: 6709 corp: 1106/427Kb lim: 908 exec/s: 15108 rss: 546Mb L: 561/899 MS: 1 EraseBytes-
#347562	REDUCE cov: 1715 ft: 6709 corp: 1106/427Kb lim: 908 exec/s: 15111 rss: 546Mb L: 34/899 MS: 1 EraseBytes-
#347578	REDUCE cov: 1715 ft: 6709 corp: 1106/427Kb lim: 908 exec/s: 15112 rss: 546Mb L: 564/899 MS: 1 EraseBytes-
#347614	REDUCE cov: 1715 ft: 6709 corp: 1106/427Kb lim: 908 exec/s: 15113 rss: 546Mb L: 234/899 MS: 1 EraseBytes-
#347861	REDUCE cov: 1715 ft: 6709 corp: 1106/427Kb lim: 908 exec/s: 15124 rss: 546Mb L: 125/899 MS: 2 PersAutoDict-EraseBytes- DE: "\033\003"-
#347881	REDUCE cov: 1715 ft: 6709 corp: 1106/427Kb lim: 908 exec/s: 15125 rss: 546Mb L: 826/899 MS: 5 CopyPart-EraseBytes-EraseBytes-ShuffleBytes-CopyPart-
#348072	REDUCE cov: 1715 ft: 6710 corp: 1107/427Kb lim: 908 exec/s: 15133 rss: 546Mb L: 251/899 MS: 1 CopyPart-
#348143	REDUCE cov: 1715 ft: 6710 corp: 1107/427Kb lim: 908 exec/s: 15136 rss: 546Mb L: 58/899 MS: 1 EraseBytes-
#348574	REDUCE cov: 1715 ft: 6710 corp: 1107/427Kb lim: 908 exec/s: 15155 rss: 546Mb L: 475/899 MS: 1 EraseBytes-
#348822	REDUCE cov: 1715 ft: 6710 corp: 1107/427Kb lim: 908 exec/s: 15166 rss: 546Mb L: 12/899 MS: 3 CrossOver-ShuffleBytes-EraseBytes-
#348944	REDUCE cov: 1716 ft: 6711 corp: 1108/428Kb lim: 908 exec/s: 15171 rss: 546Mb L: 390/899 MS: 2 ChangeASCIIInt-ShuffleBytes-
#349275	REDUCE cov: 1716 ft: 6711 corp: 1108/428Kb lim: 908 exec/s: 15185 rss: 546Mb L: 79/899 MS: 1 EraseBytes-
#349341	REDUCE cov: 1716 ft: 6711 corp: 1108/428Kb lim: 908 exec/s: 15188 rss: 546Mb L: 560/899 MS: 1 EraseBytes-
#349511	REDUCE cov: 1716 ft: 6711 corp: 1108/428Kb lim: 908 exec/s: 15196 rss: 546Mb L: 154/899 MS: 5 InsertRepeatedBytes-CMP-CopyPart-CrossOver-EraseBytes- DE: "\374\377\377\377"-
#349612	REDUCE cov: 1716 ft: 6711 corp: 1108/428Kb lim: 908 exec/s: 15200 rss: 546Mb L: 625/899 MS: 1 EraseBytes-
#349679	REDUCE cov: 1716 ft: 6711 corp: 1108/428Kb lim: 908 exec/s: 15203 rss: 546Mb L: 375/899 MS: 2 ChangeBinInt-EraseBytes-
#349946	REDUCE cov: 1716 ft: 6712 corp: 1109/428Kb lim: 908 exec/s: 15215 rss: 546Mb L: 89/899 MS: 2 PersAutoDict-ChangeBit- DE: "\001\000\000\011"-
#349979	REDUCE cov: 1716 ft: 6712 corp: 1109/428Kb lim: 908 exec/s: 15216 rss: 546Mb L: 254/899 MS: 3 CrossOver-InsertRepeatedBytes-EraseBytes-
#350030	NEW    cov: 1716 ft: 6713 corp: 1110/428Kb lim: 908 exec/s: 15218 rss: 546Mb L: 487/899 MS: 1 InsertRepeatedBytes-
#350103	REDUCE cov: 1716 ft: 6713 corp: 1110/428Kb lim: 908 exec/s: 15221 rss: 546Mb L: 284/899 MS: 3 ShuffleBytes-CopyPart-EraseBytes-
#350230	REDUCE cov: 1716 ft: 6713 corp: 1110/428Kb lim: 908 exec/s: 15227 rss: 546Mb L: 246/899 MS: 2 CrossOver-EraseBytes-
#350238	REDUCE cov: 1716 ft: 6714 corp: 1111/428Kb lim: 908 exec/s: 15227 rss: 546Mb L: 311/899 MS: 3 ShuffleBytes-ChangeByte-CopyPart-
#350265	REDUCE cov: 1716 ft: 6714 corp: 1111/428Kb lim: 908 exec/s: 15228 rss: 546Mb L: 140/899 MS: 2 ChangeASCIIInt-EraseBytes-
#350402	REDUCE cov: 1716 ft: 6714 corp: 1111/428Kb lim: 908 exec/s: 15234 rss: 546Mb L: 186/899 MS: 2 ChangeASCIIInt-EraseBytes-
#350490	REDUCE cov: 1716 ft: 6715 corp: 1112/429Kb lim: 908 exec/s: 15238 rss: 546Mb L: 271/899 MS: 3 ChangeASCIIInt-ShuffleBytes-InsertByte-
#350511	REDUCE cov: 1716 ft: 6715 corp: 1112/429Kb lim: 908 exec/s: 15239 rss: 546Mb L: 51/899 MS: 1 EraseBytes-
#350717	REDUCE cov: 1716 ft: 6715 corp: 1112/429Kb lim: 908 exec/s: 15248 rss: 546Mb L: 381/899 MS: 1 EraseBytes-
#350948	REDUCE cov: 1716 ft: 6715 corp: 1112/429Kb lim: 908 exec/s: 15258 rss: 546Mb L: 395/899 MS: 1 EraseBytes-
#351124	REDUCE cov: 1716 ft: 6715 corp: 1112/429Kb lim: 908 exec/s: 15266 rss: 546Mb L: 375/899 MS: 1 EraseBytes-
#351381	REDUCE cov: 1716 ft: 6715 corp: 1112/429Kb lim: 908 exec/s: 15277 rss: 546Mb L: 100/899 MS: 2 ChangeBinInt-EraseBytes-
#351414	REDUCE cov: 1716 ft: 6715 corp: 1112/429Kb lim: 908 exec/s: 15278 rss: 546Mb L: 647/899 MS: 3 ShuffleBytes-ChangeBit-EraseBytes-
#351430	NEW    cov: 1716 ft: 6716 corp: 1113/429Kb lim: 908 exec/s: 15279 rss: 546Mb L: 301/899 MS: 1 InsertRepeatedBytes-
#351577	REDUCE cov: 1716 ft: 6716 corp: 1113/429Kb lim: 908 exec/s: 15285 rss: 546Mb L: 149/899 MS: 2 ChangeBit-EraseBytes-
#351835	REDUCE cov: 1716 ft: 6716 corp: 1113/429Kb lim: 908 exec/s: 15297 rss: 546Mb L: 758/899 MS: 3 InsertByte-ChangeByte-EraseBytes-
#351950	NEW    cov: 1716 ft: 6718 corp: 1114/430Kb lim: 908 exec/s: 15302 rss: 546Mb L: 898/899 MS: 5 ShuffleBytes-ShuffleBytes-InsertByte-InsertRepeatedBytes-CopyPart-
#352306	REDUCE cov: 1716 ft: 6718 corp: 1114/430Kb lim: 908 exec/s: 15317 rss: 546Mb L: 637/899 MS: 1 EraseBytes-
#352799	REDUCE cov: 1716 ft: 6718 corp: 1114/429Kb lim: 908 exec/s: 15339 rss: 546Mb L: 487/899 MS: 3 ChangeBinInt-CMP-EraseBytes- DE: "fffffff\006"-
#352906	REDUCE cov: 1716 ft: 6719 corp: 1115/430Kb lim: 908 exec/s: 15343 rss: 546Mb L: 346/899 MS: 2 ChangeASCIIInt-InsertRepeatedBytes-
#352952	REDUCE cov: 1716 ft: 6719 corp: 1115/430Kb lim: 908 exec/s: 15345 rss: 546Mb L: 72/899 MS: 1 EraseBytes-
#353639	REDUCE cov: 1716 ft: 6719 corp: 1115/430Kb lim: 908 exec/s: 15375 rss: 546Mb L: 206/899 MS: 2 EraseBytes-PersAutoDict- DE: "\001\000\000\011"-
#353687	REDUCE cov: 1716 ft: 6719 corp: 1115/430Kb lim: 908 exec/s: 15377 rss: 546Mb L: 67/899 MS: 3 ChangeBit-ChangeASCIIInt-EraseBytes-
#353733	REDUCE cov: 1716 ft: 6719 corp: 1115/430Kb lim: 908 exec/s: 15379 rss: 546Mb L: 306/899 MS: 1 EraseBytes-
#353884	REDUCE cov: 1716 ft: 6719 corp: 1115/430Kb lim: 908 exec/s: 15386 rss: 546Mb L: 237/899 MS: 1 EraseBytes-
#353910	REDUCE cov: 1716 ft: 6719 corp: 1115/430Kb lim: 908 exec/s: 15387 rss: 546Mb L: 247/899 MS: 1 EraseBytes-
#354171	NEW    cov: 1716 ft: 6736 corp: 1116/430Kb lim: 908 exec/s: 15398 rss: 546Mb L: 833/899 MS: 1 CopyPart-
#354178	REDUCE cov: 1716 ft: 6736 corp: 1116/430Kb lim: 908 exec/s: 15399 rss: 546Mb L: 308/899 MS: 2 ShuffleBytes-EraseBytes-
#354319	REDUCE cov: 1716 ft: 6736 corp: 1116/430Kb lim: 908 exec/s: 15405 rss: 546Mb L: 194/899 MS: 1 EraseBytes-
#354450	REDUCE cov: 1716 ft: 6736 corp: 1116/430Kb lim: 908 exec/s: 15410 rss: 546Mb L: 26/899 MS: 1 EraseBytes-
#354926	REDUCE cov: 1716 ft: 6736 corp: 1116/430Kb lim: 908 exec/s: 15431 rss: 546Mb L: 428/899 MS: 1 EraseBytes-
#355224	REDUCE cov: 1716 ft: 6736 corp: 1116/430Kb lim: 908 exec/s: 15444 rss: 546Mb L: 24/899 MS: 3 InsertByte-ChangeByte-EraseBytes-
#355225	REDUCE cov: 1716 ft: 6736 corp: 1116/430Kb lim: 908 exec/s: 15444 rss: 546Mb L: 673/899 MS: 1 EraseBytes-
#355256	REDUCE cov: 1716 ft: 6736 corp: 1116/430Kb lim: 908 exec/s: 15445 rss: 546Mb L: 344/899 MS: 1 EraseBytes-
#355297	REDUCE cov: 1716 ft: 6736 corp: 1116/430Kb lim: 908 exec/s: 15447 rss: 546Mb L: 153/899 MS: 1 EraseBytes-
#355348	REDUCE cov: 1716 ft: 6736 corp: 1116/430Kb lim: 908 exec/s: 15449 rss: 546Mb L: 151/899 MS: 1 EraseBytes-
#355494	REDUCE cov: 1716 ft: 6736 corp: 1116/430Kb lim: 908 exec/s: 15456 rss: 546Mb L: 343/899 MS: 1 EraseBytes-
#355546	REDUCE cov: 1716 ft: 6736 corp: 1116/430Kb lim: 908 exec/s: 15458 rss: 546Mb L: 250/899 MS: 2 CopyPart-EraseBytes-
#355564	REDUCE cov: 1716 ft: 6736 corp: 1116/430Kb lim: 908 exec/s: 15459 rss: 546Mb L: 325/899 MS: 3 CopyPart-ShuffleBytes-EraseBytes-
#355714	REDUCE cov: 1716 ft: 6736 corp: 1116/430Kb lim: 908 exec/s: 15465 rss: 546Mb L: 66/899 MS: 5 CrossOver-InsertByte-ChangeASCIIInt-CopyPart-CrossOver-
#355760	REDUCE cov: 1716 ft: 6736 corp: 1116/430Kb lim: 908 exec/s: 15467 rss: 546Mb L: 246/899 MS: 1 EraseBytes-
#355892	REDUCE cov: 1716 ft: 6736 corp: 1116/430Kb lim: 908 exec/s: 15473 rss: 546Mb L: 134/899 MS: 2 ChangeByte-EraseBytes-
#356211	REDUCE cov: 1716 ft: 6736 corp: 1116/430Kb lim: 908 exec/s: 15487 rss: 546Mb L: 636/899 MS: 4 ShuffleBytes-ChangeBinInt-ShuffleBytes-EraseBytes-
#356334	REDUCE cov: 1716 ft: 6736 corp: 1116/430Kb lim: 908 exec/s: 15492 rss: 546Mb L: 847/899 MS: 3 InsertByte-ChangeASCIIInt-EraseBytes-
#356355	REDUCE cov: 1716 ft: 6736 corp: 1116/430Kb lim: 908 exec/s: 15493 rss: 546Mb L: 11/899 MS: 1 EraseBytes-
#356394	REDUCE cov: 1716 ft: 6736 corp: 1116/430Kb lim: 908 exec/s: 15495 rss: 546Mb L: 329/899 MS: 4 ChangeByte-ChangeASCIIInt-ChangeBit-EraseBytes-
#356731	REDUCE cov: 1716 ft: 6736 corp: 1116/430Kb lim: 908 exec/s: 15510 rss: 546Mb L: 140/899 MS: 2 CMP-EraseBytes- DE: "\377\377\377\377\377\377\002\212"-
#356793	REDUCE cov: 1716 ft: 6736 corp: 1116/430Kb lim: 908 exec/s: 15512 rss: 546Mb L: 78/899 MS: 2 InsertByte-EraseBytes-
#356849	NEW    cov: 1716 ft: 6737 corp: 1117/430Kb lim: 908 exec/s: 15515 rss: 546Mb L: 313/899 MS: 1 PersAutoDict- DE: "G\001\000\000"-
#357012	REDUCE cov: 1716 ft: 6737 corp: 1117/430Kb lim: 908 exec/s: 15522 rss: 546Mb L: 393/899 MS: 3 PersAutoDict-CrossOver-EraseBytes- DE: "\027\000\000\000"-
#357113	REDUCE cov: 1716 ft: 6737 corp: 1117/430Kb lim: 908 exec/s: 15526 rss: 546Mb L: 286/899 MS: 1 EraseBytes-
#357304	NEW    cov: 1716 ft: 6739 corp: 1118/431Kb lim: 908 exec/s: 15534 rss: 546Mb L: 901/901 MS: 1 CMP- DE: "\001\000"-
#357611	REDUCE cov: 1716 ft: 6739 corp: 1118/431Kb lim: 908 exec/s: 15548 rss: 546Mb L: 449/901 MS: 2 ChangeASCIIInt-EraseBytes-
#357649	REDUCE cov: 1716 ft: 6739 corp: 1118/431Kb lim: 908 exec/s: 15549 rss: 546Mb L: 568/901 MS: 3 ChangeBit-ChangeBit-EraseBytes-
#357776	REDUCE cov: 1716 ft: 6739 corp: 1118/431Kb lim: 908 exec/s: 15555 rss: 546Mb L: 237/901 MS: 2 PersAutoDict-EraseBytes- DE: "P\002\000\000\000\000\000\000"-
#358682	REDUCE cov: 1716 ft: 6740 corp: 1119/431Kb lim: 917 exec/s: 15594 rss: 546Mb L: 484/901 MS: 1 CopyPart-
#358738	REDUCE cov: 1716 ft: 6740 corp: 1119/431Kb lim: 917 exec/s: 14947 rss: 546Mb L: 340/901 MS: 1 EraseBytes-
#358775	REDUCE cov: 1716 ft: 6740 corp: 1119/431Kb lim: 917 exec/s: 14948 rss: 546Mb L: 74/901 MS: 2 PersAutoDict-EraseBytes- DE: "\215\000\000\000\000\000\000\000"-
#359053	REDUCE cov: 1716 ft: 6740 corp: 1119/431Kb lim: 917 exec/s: 14960 rss: 546Mb L: 840/901 MS: 3 ChangeBinInt-ShuffleBytes-EraseBytes-
#359124	REDUCE cov: 1716 ft: 6740 corp: 1119/431Kb lim: 917 exec/s: 14963 rss: 546Mb L: 269/901 MS: 1 CrossOver-
#359125	REDUCE cov: 1716 ft: 6740 corp: 1119/431Kb lim: 917 exec/s: 14963 rss: 546Mb L: 9/901 MS: 1 EraseBytes-
#359236	REDUCE cov: 1716 ft: 6740 corp: 1119/431Kb lim: 917 exec/s: 14968 rss: 546Mb L: 439/901 MS: 1 EraseBytes-
#359283	REDUCE cov: 1716 ft: 6741 corp: 1120/431Kb lim: 917 exec/s: 14970 rss: 546Mb L: 111/901 MS: 2 InsertRepeatedBytes-EraseBytes-
#359494	REDUCE cov: 1716 ft: 6741 corp: 1120/431Kb lim: 917 exec/s: 14978 rss: 546Mb L: 179/901 MS: 1 EraseBytes-
#359840	REDUCE cov: 1716 ft: 6741 corp: 1120/431Kb lim: 917 exec/s: 14993 rss: 546Mb L: 52/901 MS: 1 EraseBytes-
#359871	REDUCE cov: 1716 ft: 6741 corp: 1120/431Kb lim: 917 exec/s: 14994 rss: 546Mb L: 119/901 MS: 1 EraseBytes-
#359932	REDUCE cov: 1716 ft: 6741 corp: 1120/431Kb lim: 917 exec/s: 14997 rss: 546Mb L: 540/901 MS: 1 EraseBytes-
#359953	REDUCE cov: 1716 ft: 6741 corp: 1120/431Kb lim: 917 exec/s: 14998 rss: 546Mb L: 319/901 MS: 1 EraseBytes-
#360089	REDUCE cov: 1716 ft: 6741 corp: 1120/431Kb lim: 917 exec/s: 15003 rss: 546Mb L: 443/901 MS: 1 EraseBytes-
#360429	REDUCE cov: 1716 ft: 6741 corp: 1120/431Kb lim: 917 exec/s: 15017 rss: 546Mb L: 427/901 MS: 5 ChangeBit-ShuffleBytes-ChangeASCIIInt-ChangeByte-EraseBytes-
#360640	REDUCE cov: 1716 ft: 6741 corp: 1120/431Kb lim: 917 exec/s: 15026 rss: 546Mb L: 3/901 MS: 1 EraseBytes-
#360976	REDUCE cov: 1716 ft: 6741 corp: 1120/431Kb lim: 917 exec/s: 15040 rss: 546Mb L: 17/901 MS: 1 EraseBytes-
#361391	REDUCE cov: 1716 ft: 6741 corp: 1120/431Kb lim: 917 exec/s: 15057 rss: 546Mb L: 92/901 MS: 5 EraseBytes-EraseBytes-InsertRepeatedBytes-ShuffleBytes-EraseBytes-
#361409	REDUCE cov: 1716 ft: 6741 corp: 1120/431Kb lim: 917 exec/s: 15058 rss: 546Mb L: 153/901 MS: 3 ShuffleBytes-ShuffleBytes-EraseBytes-
#361570	REDUCE cov: 1716 ft: 6741 corp: 1120/431Kb lim: 917 exec/s: 15065 rss: 546Mb L: 222/901 MS: 1 EraseBytes-
#361731	REDUCE cov: 1716 ft: 6741 corp: 1120/431Kb lim: 917 exec/s: 15072 rss: 546Mb L: 169/901 MS: 1 EraseBytes-
#362358	REDUCE cov: 1716 ft: 6741 corp: 1120/431Kb lim: 917 exec/s: 15098 rss: 546Mb L: 224/901 MS: 2 ChangeASCIIInt-EraseBytes-
#362719	REDUCE cov: 1716 ft: 6741 corp: 1120/431Kb lim: 917 exec/s: 15113 rss: 546Mb L: 127/901 MS: 1 EraseBytes-
#362965	REDUCE cov: 1716 ft: 6741 corp: 1120/431Kb lim: 917 exec/s: 15123 rss: 546Mb L: 576/901 MS: 1 EraseBytes-
#363001	REDUCE cov: 1716 ft: 6741 corp: 1120/430Kb lim: 917 exec/s: 15125 rss: 546Mb L: 448/901 MS: 1 EraseBytes-
#363268	REDUCE cov: 1716 ft: 6741 corp: 1120/430Kb lim: 917 exec/s: 15136 rss: 546Mb L: 32/901 MS: 2 ShuffleBytes-EraseBytes-
#363649	REDUCE cov: 1716 ft: 6741 corp: 1120/430Kb lim: 917 exec/s: 15152 rss: 546Mb L: 107/901 MS: 1 EraseBytes-
#363725	REDUCE cov: 1716 ft: 6742 corp: 1121/431Kb lim: 917 exec/s: 15155 rss: 546Mb L: 509/901 MS: 1 CopyPart-
#363752	REDUCE cov: 1716 ft: 6742 corp: 1121/431Kb lim: 917 exec/s: 15156 rss: 546Mb L: 105/901 MS: 2 ChangeByte-EraseBytes-
#363853	REDUCE cov: 1716 ft: 6742 corp: 1121/431Kb lim: 917 exec/s: 15160 rss: 546Mb L: 496/901 MS: 1 EraseBytes-
#363909	REDUCE cov: 1716 ft: 6742 corp: 1121/431Kb lim: 917 exec/s: 15162 rss: 546Mb L: 102/901 MS: 1 EraseBytes-
#364288	NEW    cov: 1716 ft: 6746 corp: 1122/432Kb lim: 917 exec/s: 15178 rss: 546Mb L: 917/917 MS: 4 CrossOver-CrossOver-CrossOver-CopyPart-
#364295	REDUCE cov: 1716 ft: 6746 corp: 1122/431Kb lim: 917 exec/s: 15178 rss: 546Mb L: 148/917 MS: 2 ChangeBinInt-EraseBytes-
#364757	REDUCE cov: 1716 ft: 6746 corp: 1122/431Kb lim: 917 exec/s: 15198 rss: 546Mb L: 160/917 MS: 2 ChangeBit-EraseBytes-
#365051	REDUCE cov: 1716 ft: 6746 corp: 1122/431Kb lim: 917 exec/s: 15210 rss: 546Mb L: 264/917 MS: 4 CMP-ChangeByte-InsertByte-EraseBytes- DE: ")\000\000\000"-
#365296	REDUCE cov: 1716 ft: 6747 corp: 1123/432Kb lim: 917 exec/s: 15220 rss: 546Mb L: 681/917 MS: 5 InsertRepeatedBytes-ShuffleBytes-ShuffleBytes-ChangeASCIIInt-CopyPart-
#365449	REDUCE cov: 1716 ft: 6747 corp: 1123/432Kb lim: 917 exec/s: 15227 rss: 546Mb L: 222/917 MS: 3 PersAutoDict-ChangeBit-EraseBytes- DE: "/\002"-
#365810	REDUCE cov: 1716 ft: 6747 corp: 1123/432Kb lim: 917 exec/s: 15242 rss: 546Mb L: 205/917 MS: 1 EraseBytes-
#365842	REDUCE cov: 1716 ft: 6747 corp: 1123/432Kb lim: 917 exec/s: 15243 rss: 546Mb L: 121/917 MS: 2 ChangeBinInt-EraseBytes-
#365854	REDUCE cov: 1716 ft: 6748 corp: 1124/432Kb lim: 917 exec/s: 15243 rss: 546Mb L: 240/917 MS: 2 ChangeByte-CopyPart-
#365946	NEW    cov: 1716 ft: 6750 corp: 1125/433Kb lim: 917 exec/s: 15247 rss: 546Mb L: 507/917 MS: 2 InsertRepeatedBytes-ShuffleBytes-
#365988	REDUCE cov: 1716 ft: 6750 corp: 1125/433Kb lim: 917 exec/s: 15249 rss: 546Mb L: 58/917 MS: 2 InsertByte-EraseBytes-
#366035	REDUCE cov: 1716 ft: 6750 corp: 1125/433Kb lim: 917 exec/s: 15251 rss: 546Mb L: 720/917 MS: 2 PersAutoDict-EraseBytes- DE: "\001\000\000\000\000\000\000\000"-
#366181	NEW    cov: 1716 ft: 6751 corp: 1126/433Kb lim: 917 exec/s: 15257 rss: 546Mb L: 520/917 MS: 1 ShuffleBytes-
#366327	REDUCE cov: 1716 ft: 6751 corp: 1126/433Kb lim: 917 exec/s: 15263 rss: 546Mb L: 150/917 MS: 1 EraseBytes-
#366365	REDUCE cov: 1716 ft: 6751 corp: 1126/433Kb lim: 917 exec/s: 15265 rss: 546Mb L: 711/917 MS: 3 ChangeByte-ShuffleBytes-EraseBytes-
#366552	REDUCE cov: 1716 ft: 6751 corp: 1126/433Kb lim: 917 exec/s: 15273 rss: 546Mb L: 41/917 MS: 2 ChangeBit-EraseBytes-
#366613	REDUCE cov: 1716 ft: 6751 corp: 1126/433Kb lim: 917 exec/s: 15275 rss: 546Mb L: 211/917 MS: 1 EraseBytes-
#366624	REDUCE cov: 1716 ft: 6751 corp: 1126/433Kb lim: 917 exec/s: 15276 rss: 546Mb L: 868/917 MS: 1 EraseBytes-
#366676	REDUCE cov: 1716 ft: 6751 corp: 1126/433Kb lim: 917 exec/s: 15278 rss: 546Mb L: 250/917 MS: 2 ChangeBit-EraseBytes-
#366737	REDUCE cov: 1716 ft: 6751 corp: 1126/433Kb lim: 917 exec/s: 15280 rss: 546Mb L: 71/917 MS: 1 EraseBytes-
#366879	REDUCE cov: 1716 ft: 6751 corp: 1126/433Kb lim: 917 exec/s: 15286 rss: 546Mb L: 307/917 MS: 2 ShuffleBytes-EraseBytes-
#367219	REDUCE cov: 1716 ft: 6790 corp: 1127/434Kb lim: 917 exec/s: 15300 rss: 546Mb L: 652/917 MS: 5 EraseBytes-EraseBytes-CrossOver-CrossOver-CrossOver-
#367550	REDUCE cov: 1716 ft: 6790 corp: 1127/434Kb lim: 917 exec/s: 15314 rss: 546Mb L: 38/917 MS: 1 EraseBytes-
#367661	REDUCE cov: 1716 ft: 6790 corp: 1127/433Kb lim: 917 exec/s: 15319 rss: 546Mb L: 467/917 MS: 1 EraseBytes-
#367699	REDUCE cov: 1716 ft: 6790 corp: 1127/433Kb lim: 917 exec/s: 15320 rss: 546Mb L: 93/917 MS: 3 ChangeBinInt-ChangeBinInt-EraseBytes-
#367705	REDUCE cov: 1716 ft: 6790 corp: 1127/433Kb lim: 917 exec/s: 15321 rss: 546Mb L: 469/917 MS: 1 EraseBytes-
#367757	REDUCE cov: 1716 ft: 6790 corp: 1127/433Kb lim: 917 exec/s: 15323 rss: 546Mb L: 147/917 MS: 2 PersAutoDict-EraseBytes- DE: "U\002"-
#367789	REDUCE cov: 1716 ft: 6790 corp: 1127/433Kb lim: 917 exec/s: 15324 rss: 546Mb L: 239/917 MS: 2 CrossOver-EraseBytes-
#368006	REDUCE cov: 1716 ft: 6790 corp: 1127/433Kb lim: 917 exec/s: 15333 rss: 546Mb L: 522/917 MS: 2 ChangeByte-CrossOver-
#368067	REDUCE cov: 1716 ft: 6790 corp: 1127/433Kb lim: 917 exec/s: 15336 rss: 546Mb L: 154/917 MS: 1 EraseBytes-
#368183	REDUCE cov: 1716 ft: 6790 corp: 1127/433Kb lim: 917 exec/s: 15340 rss: 546Mb L: 52/917 MS: 1 EraseBytes-
#368672	REDUCE cov: 1716 ft: 6790 corp: 1127/433Kb lim: 917 exec/s: 15361 rss: 546Mb L: 212/917 MS: 4 ChangeASCIIInt-ShuffleBytes-ShuffleBytes-EraseBytes-
#368678	REDUCE cov: 1716 ft: 6790 corp: 1127/433Kb lim: 917 exec/s: 15361 rss: 546Mb L: 232/917 MS: 1 CrossOver-
#368711	REDUCE cov: 1716 ft: 6790 corp: 1127/433Kb lim: 917 exec/s: 15362 rss: 546Mb L: 315/917 MS: 3 ChangeBinInt-PersAutoDict-EraseBytes- DE: "\001\000\000\000\000\000\000\001"-
#368793	REDUCE cov: 1716 ft: 6790 corp: 1127/433Kb lim: 917 exec/s: 15366 rss: 546Mb L: 111/917 MS: 2 ChangeBinInt-EraseBytes-
#368834	NEW    cov: 1716 ft: 6796 corp: 1128/434Kb lim: 917 exec/s: 15368 rss: 546Mb L: 885/917 MS: 1 InsertByte-
#368928	REDUCE cov: 1716 ft: 6796 corp: 1128/434Kb lim: 917 exec/s: 15372 rss: 546Mb L: 133/917 MS: 4 ChangeBit-ChangeByte-ShuffleBytes-EraseBytes-
#368962	REDUCE cov: 1716 ft: 6796 corp: 1128/434Kb lim: 917 exec/s: 15373 rss: 546Mb L: 33/917 MS: 4 CopyPart-ChangeBit-ShuffleBytes-EraseBytes-
#369150	REDUCE cov: 1716 ft: 6796 corp: 1128/434Kb lim: 917 exec/s: 15381 rss: 546Mb L: 253/917 MS: 3 ChangeBit-ChangeASCIIInt-EraseBytes-
#369462	REDUCE cov: 1716 ft: 6796 corp: 1128/434Kb lim: 917 exec/s: 15394 rss: 546Mb L: 38/917 MS: 2 ShuffleBytes-EraseBytes-
#369596	REDUCE cov: 1716 ft: 6796 corp: 1128/434Kb lim: 917 exec/s: 15399 rss: 546Mb L: 27/917 MS: 4 ChangeBinInt-InsertByte-PersAutoDict-EraseBytes- DE: "\000\000\003\034"-
#369702	REDUCE cov: 1716 ft: 6796 corp: 1128/434Kb lim: 917 exec/s: 15404 rss: 546Mb L: 2/917 MS: 1 EraseBytes-
#369773	REDUCE cov: 1716 ft: 6796 corp: 1128/434Kb lim: 917 exec/s: 15407 rss: 546Mb L: 868/917 MS: 1 EraseBytes-
#369926	REDUCE cov: 1716 ft: 6796 corp: 1128/434Kb lim: 917 exec/s: 15413 rss: 546Mb L: 490/917 MS: 3 ChangeASCIIInt-ChangeBit-EraseBytes-
#369991	REDUCE cov: 1716 ft: 6796 corp: 1128/434Kb lim: 917 exec/s: 15416 rss: 546Mb L: 532/917 MS: 5 CopyPart-EraseBytes-ChangeASCIIInt-ChangeBit-CrossOver-
#370304	REDUCE cov: 1716 ft: 6796 corp: 1128/434Kb lim: 917 exec/s: 15429 rss: 546Mb L: 522/917 MS: 3 ChangeBit-ChangeASCIIInt-EraseBytes-
#370511	REDUCE cov: 1716 ft: 6796 corp: 1128/434Kb lim: 917 exec/s: 15437 rss: 546Mb L: 82/917 MS: 2 ChangeBinInt-EraseBytes-
#370552	REDUCE cov: 1716 ft: 6796 corp: 1128/434Kb lim: 917 exec/s: 15439 rss: 546Mb L: 77/917 MS: 1 EraseBytes-
#370738	REDUCE cov: 1716 ft: 6796 corp: 1128/434Kb lim: 917 exec/s: 15447 rss: 546Mb L: 94/917 MS: 1 EraseBytes-
#370954	REDUCE cov: 1716 ft: 6796 corp: 1128/434Kb lim: 917 exec/s: 15456 rss: 546Mb L: 248/917 MS: 1 EraseBytes-
#371180	REDUCE cov: 1717 ft: 6797 corp: 1129/434Kb lim: 917 exec/s: 15465 rss: 546Mb L: 285/917 MS: 1 ShuffleBytes-
#371323	REDUCE cov: 1717 ft: 6797 corp: 1129/434Kb lim: 917 exec/s: 15471 rss: 546Mb L: 139/917 MS: 3 CopyPart-InsertRepeatedBytes-EraseBytes-
#371504	REDUCE cov: 1717 ft: 6797 corp: 1129/434Kb lim: 917 exec/s: 15479 rss: 546Mb L: 63/917 MS: 1 EraseBytes-
#371517	REDUCE cov: 1717 ft: 6797 corp: 1129/434Kb lim: 917 exec/s: 15479 rss: 546Mb L: 122/917 MS: 3 ChangeBit-EraseBytes-EraseBytes-
#371588	REDUCE cov: 1717 ft: 6797 corp: 1129/434Kb lim: 917 exec/s: 15482 rss: 546Mb L: 343/917 MS: 1 EraseBytes-
#371839	REDUCE cov: 1717 ft: 6797 corp: 1129/434Kb lim: 917 exec/s: 15493 rss: 546Mb L: 322/917 MS: 1 EraseBytes-
#372237	REDUCE cov: 1717 ft: 6797 corp: 1129/434Kb lim: 917 exec/s: 15509 rss: 546Mb L: 505/917 MS: 3 PersAutoDict-InsertByte-EraseBytes- DE: "c\003\000\000\000\000\000\000"-
#372310	REDUCE cov: 1717 ft: 6797 corp: 1129/434Kb lim: 917 exec/s: 15512 rss: 546Mb L: 437/917 MS: 3 CrossOver-CopyPart-EraseBytes-
#372327	REDUCE cov: 1717 ft: 6797 corp: 1129/434Kb lim: 917 exec/s: 15513 rss: 546Mb L: 773/917 MS: 2 PersAutoDict-EraseBytes- DE: "G\001\000\000"-
#372524	REDUCE cov: 1717 ft: 6797 corp: 1129/434Kb lim: 917 exec/s: 15521 rss: 546Mb L: 410/917 MS: 2 ChangeBinInt-EraseBytes-
#372725	REDUCE cov: 1717 ft: 6797 corp: 1129/434Kb lim: 917 exec/s: 15530 rss: 546Mb L: 434/917 MS: 1 EraseBytes-
#372938	REDUCE cov: 1717 ft: 6797 corp: 1129/433Kb lim: 917 exec/s: 15539 rss: 546Mb L: 626/917 MS: 3 ChangeBinInt-ChangeBit-EraseBytes-
#373004	REDUCE cov: 1717 ft: 6797 corp: 1129/433Kb lim: 917 exec/s: 15541 rss: 546Mb L: 336/917 MS: 1 EraseBytes-
#373110	REDUCE cov: 1717 ft: 6797 corp: 1129/433Kb lim: 917 exec/s: 15546 rss: 546Mb L: 126/917 MS: 1 EraseBytes-
#373211	REDUCE cov: 1717 ft: 6797 corp: 1129/433Kb lim: 917 exec/s: 15550 rss: 546Mb L: 454/917 MS: 1 EraseBytes-
#373277	REDUCE cov: 1717 ft: 6797 corp: 1129/433Kb lim: 917 exec/s: 15553 rss: 546Mb L: 580/917 MS: 1 EraseBytes-
#373358	REDUCE cov: 1717 ft: 6797 corp: 1129/433Kb lim: 917 exec/s: 15556 rss: 546Mb L: 153/917 MS: 1 EraseBytes-
#373769	REDUCE cov: 1717 ft: 6797 corp: 1129/433Kb lim: 917 exec/s: 15573 rss: 546Mb L: 283/917 MS: 1 EraseBytes-
#373960	REDUCE cov: 1717 ft: 6797 corp: 1129/433Kb lim: 917 exec/s: 15581 rss: 546Mb L: 346/917 MS: 1 EraseBytes-
#373977	REDUCE cov: 1717 ft: 6797 corp: 1129/433Kb lim: 917 exec/s: 15582 rss: 546Mb L: 261/917 MS: 2 ChangeByte-EraseBytes-
#374176	REDUCE cov: 1717 ft: 6797 corp: 1129/433Kb lim: 917 exec/s: 15590 rss: 546Mb L: 95/917 MS: 4 CopyPart-PersAutoDict-ChangeBit-EraseBytes- DE: "\015\000\000\000"-
#374237	REDUCE cov: 1717 ft: 6797 corp: 1129/433Kb lim: 917 exec/s: 15593 rss: 546Mb L: 431/917 MS: 1 EraseBytes-
#374383	REDUCE cov: 1717 ft: 6797 corp: 1129/433Kb lim: 917 exec/s: 15599 rss: 546Mb L: 72/917 MS: 1 EraseBytes-
#374474	NEW    cov: 1717 ft: 6798 corp: 1130/434Kb lim: 917 exec/s: 15603 rss: 546Mb L: 891/917 MS: 1 ChangeByte-
#374690	REDUCE cov: 1717 ft: 6798 corp: 1130/433Kb lim: 917 exec/s: 15612 rss: 546Mb L: 771/917 MS: 1 EraseBytes-
#374851	REDUCE cov: 1717 ft: 6798 corp: 1130/433Kb lim: 917 exec/s: 14994 rss: 546Mb L: 58/917 MS: 1 EraseBytes-
#375093	REDUCE cov: 1717 ft: 6798 corp: 1130/433Kb lim: 917 exec/s: 15003 rss: 546Mb L: 628/917 MS: 2 CMP-EraseBytes- DE: "\001\000"-
#375207	REDUCE cov: 1717 ft: 6798 corp: 1130/433Kb lim: 917 exec/s: 15008 rss: 546Mb L: 359/917 MS: 4 ChangeByte-PersAutoDict-ChangeBinInt-EraseBytes- DE: "\001\000\000\000\000\000\000P"-
#376158	REDUCE cov: 1717 ft: 6798 corp: 1130/433Kb lim: 926 exec/s: 15046 rss: 546Mb L: 176/917 MS: 1 EraseBytes-
#376254	REDUCE cov: 1717 ft: 6798 corp: 1130/433Kb lim: 926 exec/s: 15050 rss: 546Mb L: 70/917 MS: 1 EraseBytes-
#376255	REDUCE cov: 1717 ft: 6798 corp: 1130/433Kb lim: 926 exec/s: 15050 rss: 546Mb L: 199/917 MS: 1 EraseBytes-
#376261	REDUCE cov: 1717 ft: 6798 corp: 1130/433Kb lim: 926 exec/s: 15050 rss: 546Mb L: 785/917 MS: 1 EraseBytes-
#376364	REDUCE cov: 1717 ft: 6798 corp: 1130/433Kb lim: 926 exec/s: 15054 rss: 546Mb L: 294/917 MS: 3 ChangeASCIIInt-InsertByte-EraseBytes-
#376691	REDUCE cov: 1717 ft: 6798 corp: 1130/433Kb lim: 926 exec/s: 15067 rss: 546Mb L: 729/917 MS: 2 ChangeBit-EraseBytes-
#376693	REDUCE cov: 1717 ft: 6799 corp: 1131/434Kb lim: 926 exec/s: 15067 rss: 546Mb L: 454/917 MS: 2 ChangeByte-CopyPart-
#376845	REDUCE cov: 1718 ft: 6800 corp: 1132/434Kb lim: 926 exec/s: 15073 rss: 546Mb L: 753/917 MS: 2 ChangeBit-ShuffleBytes-
#376901	REDUCE cov: 1718 ft: 6800 corp: 1132/434Kb lim: 926 exec/s: 15076 rss: 546Mb L: 85/917 MS: 1 EraseBytes-
#377107	REDUCE cov: 1718 ft: 6800 corp: 1132/434Kb lim: 926 exec/s: 15084 rss: 546Mb L: 399/917 MS: 1 EraseBytes-
#377162	REDUCE cov: 1718 ft: 6800 corp: 1132/434Kb lim: 926 exec/s: 15086 rss: 546Mb L: 539/917 MS: 5 ChangeASCIIInt-ChangeByte-ShuffleBytes-CopyPart-EraseBytes-
#377599	REDUCE cov: 1718 ft: 6800 corp: 1132/434Kb lim: 926 exec/s: 15103 rss: 546Mb L: 450/917 MS: 2 CopyPart-EraseBytes-
#378455	REDUCE cov: 1718 ft: 6800 corp: 1132/434Kb lim: 926 exec/s: 15138 rss: 546Mb L: 653/917 MS: 1 EraseBytes-
#378466	REDUCE cov: 1718 ft: 6800 corp: 1132/434Kb lim: 926 exec/s: 15138 rss: 546Mb L: 397/917 MS: 1 EraseBytes-
#378512	REDUCE cov: 1718 ft: 6800 corp: 1132/434Kb lim: 926 exec/s: 15140 rss: 546Mb L: 89/917 MS: 1 EraseBytes-
#378729	REDUCE cov: 1718 ft: 6801 corp: 1133/435Kb lim: 926 exec/s: 15149 rss: 546Mb L: 926/926 MS: 2 InsertRepeatedBytes-CopyPart-
#378730	REDUCE cov: 1718 ft: 6801 corp: 1133/435Kb lim: 926 exec/s: 15149 rss: 546Mb L: 135/926 MS: 1 EraseBytes-
#378888	REDUCE cov: 1718 ft: 6801 corp: 1133/435Kb lim: 926 exec/s: 15155 rss: 546Mb L: 26/926 MS: 3 EraseBytes-ChangeBit-EraseBytes-
#379059	REDUCE cov: 1718 ft: 6801 corp: 1133/435Kb lim: 926 exec/s: 15162 rss: 546Mb L: 85/926 MS: 1 EraseBytes-
#379300	REDUCE cov: 1718 ft: 6801 corp: 1133/435Kb lim: 926 exec/s: 15172 rss: 546Mb L: 403/926 MS: 1 EraseBytes-
#379457	REDUCE cov: 1718 ft: 6801 corp: 1133/435Kb lim: 926 exec/s: 15178 rss: 546Mb L: 478/926 MS: 2 ChangeBit-EraseBytes-
#379687	REDUCE cov: 1718 ft: 6801 corp: 1133/435Kb lim: 926 exec/s: 15187 rss: 546Mb L: 140/926 MS: 5 CrossOver-ShuffleBytes-CopyPart-ChangeBinInt-EraseBytes-
#379794	REDUCE cov: 1718 ft: 6801 corp: 1133/435Kb lim: 926 exec/s: 15191 rss: 546Mb L: 96/926 MS: 2 ChangeASCIIInt-EraseBytes-
#379831	REDUCE cov: 1718 ft: 6801 corp: 1133/435Kb lim: 926 exec/s: 15193 rss: 546Mb L: 442/926 MS: 2 ChangeASCIIInt-EraseBytes-
#379852	REDUCE cov: 1718 ft: 6801 corp: 1133/435Kb lim: 926 exec/s: 15194 rss: 546Mb L: 151/926 MS: 1 EraseBytes-
#379978	REDUCE cov: 1718 ft: 6801 corp: 1133/435Kb lim: 926 exec/s: 15199 rss: 546Mb L: 243/926 MS: 1 EraseBytes-
#380287	REDUCE cov: 1718 ft: 6802 corp: 1134/435Kb lim: 926 exec/s: 15211 rss: 546Mb L: 197/926 MS: 4 ChangeBit-InsertByte-ChangeBinInt-CopyPart-
#380308	NEW    cov: 1718 ft: 6803 corp: 1135/435Kb lim: 926 exec/s: 15212 rss: 546Mb L: 780/926 MS: 1 EraseBytes-
#380560	REDUCE cov: 1718 ft: 6803 corp: 1135/435Kb lim: 926 exec/s: 15222 rss: 547Mb L: 36/926 MS: 2 ChangeBinInt-EraseBytes-
#380807	REDUCE cov: 1718 ft: 6803 corp: 1135/435Kb lim: 926 exec/s: 15232 rss: 547Mb L: 556/926 MS: 2 ShuffleBytes-EraseBytes-
#380864	REDUCE cov: 1718 ft: 6803 corp: 1135/435Kb lim: 926 exec/s: 15234 rss: 547Mb L: 320/926 MS: 2 CopyPart-EraseBytes-
#381035	REDUCE cov: 1718 ft: 6803 corp: 1135/435Kb lim: 926 exec/s: 15241 rss: 547Mb L: 279/926 MS: 1 EraseBytes-
#381609	REDUCE cov: 1718 ft: 6803 corp: 1135/435Kb lim: 926 exec/s: 15264 rss: 547Mb L: 437/926 MS: 4 PersAutoDict-ChangeASCIIInt-ChangeByte-EraseBytes- DE: "\001\000\000\000\000\000\000\003"-
#381611	REDUCE cov: 1718 ft: 6804 corp: 1136/436Kb lim: 926 exec/s: 15264 rss: 547Mb L: 496/926 MS: 2 ChangeBit-CopyPart-
#381693	REDUCE cov: 1718 ft: 6804 corp: 1136/436Kb lim: 926 exec/s: 15267 rss: 547Mb L: 22/926 MS: 2 ChangeByte-EraseBytes-
#381774	REDUCE cov: 1718 ft: 6804 corp: 1136/436Kb lim: 926 exec/s: 15270 rss: 547Mb L: 174/926 MS: 1 EraseBytes-
#382065	REDUCE cov: 1718 ft: 6804 corp: 1136/436Kb lim: 926 exec/s: 15282 rss: 547Mb L: 134/926 MS: 1 EraseBytes-
#382152	REDUCE cov: 1718 ft: 6804 corp: 1136/436Kb lim: 926 exec/s: 15286 rss: 547Mb L: 57/926 MS: 2 ShuffleBytes-EraseBytes-
#382273	REDUCE cov: 1718 ft: 6804 corp: 1136/436Kb lim: 926 exec/s: 15290 rss: 547Mb L: 326/926 MS: 1 EraseBytes-
#382487	REDUCE cov: 1718 ft: 6804 corp: 1136/435Kb lim: 926 exec/s: 15299 rss: 547Mb L: 423/926 MS: 4 ChangeBit-ShuffleBytes-ChangeBit-EraseBytes-
#382497	REDUCE cov: 1718 ft: 6805 corp: 1137/436Kb lim: 926 exec/s: 15299 rss: 547Mb L: 331/926 MS: 5 ChangeBit-CopyPart-InsertRepeatedBytes-ShuffleBytes-ChangeByte-
#382513	REDUCE cov: 1718 ft: 6805 corp: 1137/436Kb lim: 926 exec/s: 15300 rss: 547Mb L: 87/926 MS: 1 EraseBytes-
#382715	REDUCE cov: 1718 ft: 6805 corp: 1137/436Kb lim: 926 exec/s: 15308 rss: 547Mb L: 122/926 MS: 2 CMP-EraseBytes- DE: "\001\000\000\000"-
#383602	REDUCE cov: 1718 ft: 6806 corp: 1138/436Kb lim: 926 exec/s: 15344 rss: 547Mb L: 395/926 MS: 2 ChangeByte-CopyPart-
#383673	REDUCE cov: 1718 ft: 6806 corp: 1138/436Kb lim: 926 exec/s: 15346 rss: 547Mb L: 43/926 MS: 1 EraseBytes-
#383755	REDUCE cov: 1718 ft: 6806 corp: 1138/436Kb lim: 926 exec/s: 15350 rss: 547Mb L: 501/926 MS: 2 InsertByte-EraseBytes-
#383826	NEW    cov: 1719 ft: 6807 corp: 1139/437Kb lim: 926 exec/s: 15353 rss: 547Mb L: 540/926 MS: 1 CopyPart-
#384807	REDUCE cov: 1719 ft: 6807 corp: 1139/437Kb lim: 935 exec/s: 15392 rss: 547Mb L: 126/926 MS: 1 EraseBytes-
#385173	REDUCE cov: 1719 ft: 6807 corp: 1139/436Kb lim: 935 exec/s: 15406 rss: 547Mb L: 163/926 MS: 1 EraseBytes-
#385270	REDUCE cov: 1719 ft: 6807 corp: 1139/436Kb lim: 935 exec/s: 15410 rss: 547Mb L: 237/926 MS: 2 ChangeBinInt-EraseBytes-
#385351	NEW    cov: 1720 ft: 6811 corp: 1140/437Kb lim: 935 exec/s: 15414 rss: 547Mb L: 696/926 MS: 1 CopyPart-
#385482	REDUCE cov: 1720 ft: 6811 corp: 1140/437Kb lim: 935 exec/s: 15419 rss: 547Mb L: 411/926 MS: 1 EraseBytes-
#385523	REDUCE cov: 1720 ft: 6811 corp: 1140/437Kb lim: 935 exec/s: 15420 rss: 547Mb L: 516/926 MS: 1 EraseBytes-
#386129	REDUCE cov: 1720 ft: 6811 corp: 1140/437Kb lim: 935 exec/s: 15445 rss: 547Mb L: 163/926 MS: 1 EraseBytes-
#386327	REDUCE cov: 1721 ft: 6812 corp: 1141/437Kb lim: 935 exec/s: 15453 rss: 547Mb L: 255/926 MS: 3 InsertRepeatedBytes-ChangeASCIIInt-ChangeByte-
#386452	REDUCE cov: 1721 ft: 6812 corp: 1141/437Kb lim: 935 exec/s: 15458 rss: 547Mb L: 226/926 MS: 5 CMP-CrossOver-ChangeByte-ChangeASCIIInt-EraseBytes- DE: "\377\377\377\377\377\377\377\003"-
#386558	REDUCE cov: 1721 ft: 6812 corp: 1141/437Kb lim: 935 exec/s: 15462 rss: 547Mb L: 91/926 MS: 1 EraseBytes-
#387155	REDUCE cov: 1721 ft: 6812 corp: 1141/437Kb lim: 935 exec/s: 15486 rss: 547Mb L: 139/926 MS: 2 ChangeASCIIInt-EraseBytes-
#387168	REDUCE cov: 1721 ft: 6812 corp: 1141/437Kb lim: 935 exec/s: 15486 rss: 547Mb L: 226/926 MS: 3 EraseBytes-EraseBytes-CopyPart-
#387882	REDUCE cov: 1721 ft: 6812 corp: 1141/437Kb lim: 935 exec/s: 15515 rss: 547Mb L: 48/926 MS: 4 ChangeByte-ShuffleBytes-CrossOver-EraseBytes-
#388174	REDUCE cov: 1721 ft: 6812 corp: 1141/437Kb lim: 935 exec/s: 15526 rss: 547Mb L: 364/926 MS: 2 CopyPart-EraseBytes-
#388215	REDUCE cov: 1721 ft: 6812 corp: 1141/437Kb lim: 935 exec/s: 15528 rss: 547Mb L: 295/926 MS: 1 EraseBytes-
#388511	REDUCE cov: 1721 ft: 6812 corp: 1141/437Kb lim: 935 exec/s: 15540 rss: 547Mb L: 470/926 MS: 1 EraseBytes-
#388744	REDUCE cov: 1721 ft: 6812 corp: 1141/437Kb lim: 935 exec/s: 15549 rss: 547Mb L: 196/926 MS: 3 InsertRepeatedBytes-InsertRepeatedBytes-EraseBytes-
#388875	REDUCE cov: 1721 ft: 6812 corp: 1141/437Kb lim: 935 exec/s: 15555 rss: 547Mb L: 6/926 MS: 1 EraseBytes-
#389026	REDUCE cov: 1721 ft: 6813 corp: 1142/437Kb lim: 935 exec/s: 15561 rss: 547Mb L: 561/926 MS: 1 InsertByte-
#389438	REDUCE cov: 1721 ft: 6813 corp: 1142/437Kb lim: 935 exec/s: 15577 rss: 547Mb L: 407/926 MS: 2 ChangeBit-EraseBytes-
#389439	REDUCE cov: 1721 ft: 6813 corp: 1142/437Kb lim: 935 exec/s: 15577 rss: 547Mb L: 430/926 MS: 1 EraseBytes-
#389550	REDUCE cov: 1721 ft: 6813 corp: 1142/437Kb lim: 935 exec/s: 15582 rss: 547Mb L: 229/926 MS: 1 EraseBytes-
#389686	REDUCE cov: 1721 ft: 6813 corp: 1142/437Kb lim: 935 exec/s: 15587 rss: 547Mb L: 544/926 MS: 1 EraseBytes-
#390009	REDUCE cov: 1721 ft: 6813 corp: 1142/437Kb lim: 935 exec/s: 15600 rss: 547Mb L: 809/926 MS: 3 ChangeASCIIInt-ShuffleBytes-EraseBytes-
#390330	REDUCE cov: 1721 ft: 6813 corp: 1142/437Kb lim: 935 exec/s: 15012 rss: 547Mb L: 266/926 MS: 1 EraseBytes-
#390393	REDUCE cov: 1721 ft: 6813 corp: 1142/437Kb lim: 935 exec/s: 15015 rss: 547Mb L: 328/926 MS: 3 ShuffleBytes-ShuffleBytes-EraseBytes-
#390471	REDUCE cov: 1721 ft: 6813 corp: 1142/437Kb lim: 935 exec/s: 15018 rss: 547Mb L: 611/926 MS: 3 ChangeBit-ChangeASCIIInt-EraseBytes-
#390731	REDUCE cov: 1721 ft: 6813 corp: 1142/437Kb lim: 935 exec/s: 15028 rss: 547Mb L: 104/926 MS: 5 CrossOver-EraseBytes-PersAutoDict-ChangeASCIIInt-CopyPart- DE: "@\003\000\000\000\000\000\000"-
#391128	REDUCE cov: 1721 ft: 6813 corp: 1142/437Kb lim: 935 exec/s: 15043 rss: 547Mb L: 583/926 MS: 2 ChangeBit-EraseBytes-
#391144	NEW    cov: 1721 ft: 6814 corp: 1143/437Kb lim: 935 exec/s: 15044 rss: 547Mb L: 189/926 MS: 1 CopyPart-
#391575	REDUCE cov: 1721 ft: 6814 corp: 1143/437Kb lim: 935 exec/s: 15060 rss: 548Mb L: 325/926 MS: 1 EraseBytes-
#391611	REDUCE cov: 1721 ft: 6814 corp: 1143/437Kb lim: 935 exec/s: 15061 rss: 548Mb L: 32/926 MS: 1 EraseBytes-
#391723	REDUCE cov: 1721 ft: 6815 corp: 1144/438Kb lim: 935 exec/s: 15066 rss: 548Mb L: 613/926 MS: 2 ChangeByte-CopyPart-
#391854	REDUCE cov: 1721 ft: 6815 corp: 1144/438Kb lim: 935 exec/s: 15071 rss: 548Mb L: 307/926 MS: 1 EraseBytes-
#391860	REDUCE cov: 1721 ft: 6815 corp: 1144/438Kb lim: 935 exec/s: 15071 rss: 548Mb L: 287/926 MS: 1 EraseBytes-
#391882	REDUCE cov: 1721 ft: 6815 corp: 1144/437Kb lim: 935 exec/s: 15072 rss: 548Mb L: 179/926 MS: 2 ChangeBit-EraseBytes-
#391998	REDUCE cov: 1721 ft: 6815 corp: 1144/437Kb lim: 935 exec/s: 15076 rss: 548Mb L: 468/926 MS: 1 EraseBytes-
#392034	REDUCE cov: 1721 ft: 6815 corp: 1144/437Kb lim: 935 exec/s: 15078 rss: 548Mb L: 28/926 MS: 1 EraseBytes-
#392061	REDUCE cov: 1721 ft: 6815 corp: 1144/437Kb lim: 935 exec/s: 15079 rss: 548Mb L: 277/926 MS: 2 PersAutoDict-EraseBytes- DE: "\007\000"-
#392062	REDUCE cov: 1721 ft: 6815 corp: 1144/437Kb lim: 935 exec/s: 15079 rss: 548Mb L: 372/926 MS: 1 EraseBytes-
#392490	REDUCE cov: 1721 ft: 6815 corp: 1144/437Kb lim: 935 exec/s: 15095 rss: 548Mb L: 171/926 MS: 3 ChangeByte-EraseBytes-PersAutoDict- DE: "K\001\000\000\000\000\000\000"-
#392601	REDUCE cov: 1721 ft: 6815 corp: 1144/437Kb lim: 935 exec/s: 15100 rss: 548Mb L: 120/926 MS: 1 EraseBytes-
#392638	REDUCE cov: 1721 ft: 6815 corp: 1144/437Kb lim: 935 exec/s: 15101 rss: 548Mb L: 404/926 MS: 2 EraseBytes-CopyPart-
#393151	REDUCE cov: 1721 ft: 6815 corp: 1144/437Kb lim: 935 exec/s: 15121 rss: 548Mb L: 655/926 MS: 3 ChangeASCIIInt-ChangeBit-EraseBytes-
#393321	REDUCE cov: 1721 ft: 6815 corp: 1144/437Kb lim: 935 exec/s: 15127 rss: 548Mb L: 476/926 MS: 5 ChangeBinInt-EraseBytes-ChangeASCIIInt-ChangeBinInt-EraseBytes-
#393572	REDUCE cov: 1721 ft: 6815 corp: 1144/437Kb lim: 935 exec/s: 15137 rss: 548Mb L: 19/926 MS: 1 EraseBytes-
#393613	REDUCE cov: 1721 ft: 6815 corp: 1144/437Kb lim: 935 exec/s: 15138 rss: 548Mb L: 302/926 MS: 1 EraseBytes-
#393794	REDUCE cov: 1721 ft: 6815 corp: 1144/437Kb lim: 935 exec/s: 15145 rss: 548Mb L: 140/926 MS: 1 EraseBytes-
#393856	REDUCE cov: 1721 ft: 6815 corp: 1144/437Kb lim: 935 exec/s: 15148 rss: 548Mb L: 798/926 MS: 2 ChangeBit-EraseBytes-
#393857	REDUCE cov: 1721 ft: 6815 corp: 1144/437Kb lim: 935 exec/s: 15148 rss: 548Mb L: 35/926 MS: 1 EraseBytes-
#393863	REDUCE cov: 1721 ft: 6815 corp: 1144/437Kb lim: 935 exec/s: 15148 rss: 548Mb L: 127/926 MS: 1 EraseBytes-
#393887	NEW    cov: 1721 ft: 6824 corp: 1145/437Kb lim: 935 exec/s: 15149 rss: 548Mb L: 728/926 MS: 4 CrossOver-ChangeBinInt-PersAutoDict-CopyPart- DE: "\017\000"-
#393978	REDUCE cov: 1721 ft: 6826 corp: 1146/438Kb lim: 935 exec/s: 15153 rss: 548Mb L: 517/926 MS: 1 CopyPart-
#394789	REDUCE cov: 1721 ft: 6826 corp: 1146/438Kb lim: 935 exec/s: 15184 rss: 548Mb L: 34/926 MS: 1 EraseBytes-
#394890	REDUCE cov: 1721 ft: 6826 corp: 1146/438Kb lim: 935 exec/s: 15188 rss: 548Mb L: 128/926 MS: 1 EraseBytes-
#394994	REDUCE cov: 1721 ft: 6826 corp: 1146/438Kb lim: 935 exec/s: 15192 rss: 548Mb L: 131/926 MS: 4 InsertByte-ChangeASCIIInt-ShuffleBytes-EraseBytes-
#395530	REDUCE cov: 1721 ft: 6826 corp: 1146/438Kb lim: 935 exec/s: 15212 rss: 548Mb L: 644/926 MS: 1 EraseBytes-
#395575	REDUCE cov: 1721 ft: 6826 corp: 1146/438Kb lim: 935 exec/s: 15214 rss: 548Mb L: 831/926 MS: 5 ChangeASCIIInt-ChangeBinInt-ChangeBit-CopyPart-EraseBytes-
#395701	REDUCE cov: 1721 ft: 6826 corp: 1146/438Kb lim: 935 exec/s: 15219 rss: 548Mb L: 817/926 MS: 1 EraseBytes-
#395909	REDUCE cov: 1721 ft: 6826 corp: 1146/438Kb lim: 935 exec/s: 15227 rss: 548Mb L: 387/926 MS: 3 ChangeBit-InsertRepeatedBytes-EraseBytes-
#396175	REDUCE cov: 1721 ft: 6826 corp: 1146/438Kb lim: 935 exec/s: 15237 rss: 548Mb L: 695/926 MS: 1 EraseBytes-
#396197	REDUCE cov: 1721 ft: 6826 corp: 1146/437Kb lim: 935 exec/s: 15238 rss: 548Mb L: 257/926 MS: 2 ChangeBinInt-EraseBytes-
#396308	REDUCE cov: 1721 ft: 6826 corp: 1146/437Kb lim: 935 exec/s: 15242 rss: 548Mb L: 392/926 MS: 1 EraseBytes-
#396541	REDUCE cov: 1721 ft: 6826 corp: 1146/437Kb lim: 935 exec/s: 15251 rss: 548Mb L: 417/926 MS: 3 ChangeByte-InsertByte-CrossOver-
#396607	REDUCE cov: 1721 ft: 6826 corp: 1146/437Kb lim: 935 exec/s: 15254 rss: 548Mb L: 269/926 MS: 1 EraseBytes-
#396672	REDUCE cov: 1721 ft: 6826 corp: 1146/437Kb lim: 935 exec/s: 15256 rss: 548Mb L: 331/926 MS: 5 PersAutoDict-ChangeByte-ChangeASCIIInt-ChangeBit-EraseBytes- DE: "x:\000\000"-
#396694	REDUCE cov: 1721 ft: 6826 corp: 1146/437Kb lim: 935 exec/s: 15257 rss: 548Mb L: 231/926 MS: 2 ShuffleBytes-EraseBytes-
#396716	REDUCE cov: 1721 ft: 6826 corp: 1146/437Kb lim: 935 exec/s: 15258 rss: 548Mb L: 419/926 MS: 2 ChangeByte-EraseBytes-
#396927	REDUCE cov: 1721 ft: 6826 corp: 1146/437Kb lim: 935 exec/s: 15266 rss: 548Mb L: 589/926 MS: 1 EraseBytes-
#397019	REDUCE cov: 1721 ft: 6826 corp: 1146/437Kb lim: 935 exec/s: 15269 rss: 548Mb L: 330/926 MS: 2 ShuffleBytes-EraseBytes-
#397365	NEW    cov: 1721 ft: 6830 corp: 1147/438Kb lim: 935 exec/s: 15283 rss: 548Mb L: 799/926 MS: 1 CopyPart-
#397408	REDUCE cov: 1721 ft: 6830 corp: 1147/438Kb lim: 935 exec/s: 15284 rss: 548Mb L: 98/926 MS: 3 CopyPart-ChangeBit-EraseBytes-
#397438	REDUCE cov: 1721 ft: 6830 corp: 1147/438Kb lim: 935 exec/s: 15286 rss: 548Mb L: 623/926 MS: 5 CMP-InsertByte-ShuffleBytes-ChangeBit-CrossOver- DE: "\000\000\000\000\000\000\000\000"-
#397889	REDUCE cov: 1721 ft: 6830 corp: 1147/438Kb lim: 935 exec/s: 15303 rss: 548Mb L: 30/926 MS: 1 EraseBytes-
#397906	REDUCE cov: 1721 ft: 6830 corp: 1147/438Kb lim: 935 exec/s: 15304 rss: 548Mb L: 233/926 MS: 2 ChangeByte-EraseBytes-
#397918	REDUCE cov: 1721 ft: 6830 corp: 1147/438Kb lim: 935 exec/s: 15304 rss: 548Mb L: 254/926 MS: 2 ChangeByte-EraseBytes-
#398427	REDUCE cov: 1721 ft: 6830 corp: 1147/438Kb lim: 935 exec/s: 15324 rss: 548Mb L: 135/926 MS: 4 ChangeASCIIInt-ChangeBinInt-ShuffleBytes-EraseBytes-
#398793	REDUCE cov: 1721 ft: 6830 corp: 1147/438Kb lim: 935 exec/s: 15338 rss: 548Mb L: 334/926 MS: 1 EraseBytes-
#398910	REDUCE cov: 1721 ft: 6830 corp: 1147/438Kb lim: 935 exec/s: 15342 rss: 548Mb L: 336/926 MS: 2 ChangeBit-EraseBytes-
#398972	REDUCE cov: 1721 ft: 6830 corp: 1147/438Kb lim: 935 exec/s: 15345 rss: 548Mb L: 45/926 MS: 2 InsertByte-EraseBytes-
#399035	REDUCE cov: 1721 ft: 6830 corp: 1147/438Kb lim: 935 exec/s: 15347 rss: 548Mb L: 46/926 MS: 3 InsertByte-InsertByte-EraseBytes-
#399146	REDUCE cov: 1721 ft: 6830 corp: 1147/438Kb lim: 935 exec/s: 15351 rss: 548Mb L: 439/926 MS: 1 EraseBytes-
#399209	REDUCE cov: 1721 ft: 6830 corp: 1147/438Kb lim: 935 exec/s: 15354 rss: 548Mb L: 162/926 MS: 3 CMP-InsertRepeatedBytes-EraseBytes- DE: "\000\023"-
#399380	REDUCE cov: 1721 ft: 6830 corp: 1147/438Kb lim: 935 exec/s: 15360 rss: 548Mb L: 252/926 MS: 1 EraseBytes-
#399424	REDUCE cov: 1721 ft: 6832 corp: 1148/439Kb lim: 935 exec/s: 15362 rss: 548Mb L: 782/926 MS: 4 InsertRepeatedBytes-PersAutoDict-PersAutoDict-CopyPart- DE: "\006\000\000\000\000\000\000\000"-"\001\000\000!"-
#399560	NEW    cov: 1721 ft: 6834 corp: 1149/439Kb lim: 935 exec/s: 15367 rss: 548Mb L: 804/926 MS: 1 CopyPart-
#399723	REDUCE cov: 1721 ft: 6834 corp: 1149/439Kb lim: 935 exec/s: 15373 rss: 548Mb L: 161/926 MS: 3 CopyPart-ShuffleBytes-EraseBytes-
#400004	NEW    cov: 1721 ft: 6836 corp: 1150/440Kb lim: 935 exec/s: 15384 rss: 548Mb L: 833/926 MS: 1 CopyPart-
#400020	REDUCE cov: 1721 ft: 6836 corp: 1150/440Kb lim: 935 exec/s: 15385 rss: 548Mb L: 266/926 MS: 1 EraseBytes-
#400040	REDUCE cov: 1721 ft: 6836 corp: 1150/440Kb lim: 935 exec/s: 15386 rss: 548Mb L: 18/926 MS: 5 ChangeBit-CrossOver-CopyPart-ChangeBit-EraseBytes-
#400109	REDUCE cov: 1721 ft: 6836 corp: 1150/440Kb lim: 935 exec/s: 15388 rss: 548Mb L: 182/926 MS: 4 CrossOver-ChangeASCIIInt-ChangeByte-EraseBytes-
#400120	REDUCE cov: 1721 ft: 6836 corp: 1150/440Kb lim: 935 exec/s: 15389 rss: 548Mb L: 16/926 MS: 1 EraseBytes-
#400306	REDUCE cov: 1721 ft: 6836 corp: 1150/440Kb lim: 935 exec/s: 15396 rss: 548Mb L: 27/926 MS: 1 EraseBytes-
#400407	NEW    cov: 1721 ft: 6837 corp: 1151/441Kb lim: 935 exec/s: 15400 rss: 548Mb L: 733/926 MS: 1 CopyPart-
#400931	REDUCE cov: 1721 ft: 6837 corp: 1151/441Kb lim: 935 exec/s: 15420 rss: 548Mb L: 125/926 MS: 4 ChangeBinInt-ChangeByte-ChangeBit-EraseBytes-
#401023	REDUCE cov: 1721 ft: 6838 corp: 1152/442Kb lim: 935 exec/s: 15423 rss: 548Mb L: 750/926 MS: 2 ChangeByte-CopyPart-
#401065	REDUCE cov: 1721 ft: 6838 corp: 1152/441Kb lim: 935 exec/s: 15425 rss: 548Mb L: 690/926 MS: 2 CopyPart-EraseBytes-
#401303	REDUCE cov: 1721 ft: 6839 corp: 1153/442Kb lim: 935 exec/s: 15434 rss: 548Mb L: 481/926 MS: 3 InsertByte-CrossOver-CopyPart-
#401445	REDUCE cov: 1721 ft: 6839 corp: 1153/442Kb lim: 935 exec/s: 15440 rss: 548Mb L: 97/926 MS: 2 ChangeByte-EraseBytes-
#401556	REDUCE cov: 1721 ft: 6839 corp: 1153/442Kb lim: 935 exec/s: 15444 rss: 548Mb L: 401/926 MS: 1 EraseBytes-
#401729	REDUCE cov: 1721 ft: 6839 corp: 1153/442Kb lim: 935 exec/s: 15451 rss: 548Mb L: 186/926 MS: 3 ChangeByte-ChangeBinInt-EraseBytes-
#402724	REDUCE cov: 1721 ft: 6839 corp: 1153/442Kb lim: 944 exec/s: 15489 rss: 548Mb L: 245/926 MS: 5 ChangeASCIIInt-InsertRepeatedBytes-EraseBytes-ChangeByte-EraseBytes-
#403016	REDUCE cov: 1721 ft: 6839 corp: 1153/442Kb lim: 944 exec/s: 15500 rss: 548Mb L: 116/926 MS: 2 ChangeByte-EraseBytes-
#403164	REDUCE cov: 1721 ft: 6839 corp: 1153/442Kb lim: 944 exec/s: 15506 rss: 548Mb L: 128/926 MS: 3 InsertByte-CopyPart-EraseBytes-
#403198	REDUCE cov: 1721 ft: 6840 corp: 1154/443Kb lim: 944 exec/s: 15507 rss: 548Mb L: 827/926 MS: 4 InsertRepeatedBytes-ShuffleBytes-CopyPart-CopyPart-
#403969	REDUCE cov: 1721 ft: 6840 corp: 1154/443Kb lim: 944 exec/s: 15537 rss: 548Mb L: 104/926 MS: 1 EraseBytes-
#404025	REDUCE cov: 1721 ft: 6840 corp: 1154/442Kb lim: 944 exec/s: 15539 rss: 548Mb L: 427/926 MS: 1 EraseBytes-
#404101	REDUCE cov: 1721 ft: 6840 corp: 1154/442Kb lim: 944 exec/s: 15542 rss: 548Mb L: 14/926 MS: 1 EraseBytes-
#404117	REDUCE cov: 1721 ft: 6840 corp: 1154/442Kb lim: 944 exec/s: 15542 rss: 548Mb L: 61/926 MS: 1 EraseBytes-
#404283	REDUCE cov: 1721 ft: 6840 corp: 1154/442Kb lim: 944 exec/s: 15549 rss: 548Mb L: 252/926 MS: 1 EraseBytes-
#404472	REDUCE cov: 1721 ft: 6840 corp: 1154/442Kb lim: 944 exec/s: 15556 rss: 548Mb L: 189/926 MS: 4 ChangeBinInt-ChangeByte-CrossOver-EraseBytes-
#404833	REDUCE cov: 1721 ft: 6840 corp: 1154/442Kb lim: 944 exec/s: 15570 rss: 548Mb L: 65/926 MS: 1 CrossOver-
#404870	REDUCE cov: 1721 ft: 6840 corp: 1154/442Kb lim: 944 exec/s: 15571 rss: 548Mb L: 6/926 MS: 2 ShuffleBytes-EraseBytes-
#405481	REDUCE cov: 1721 ft: 6840 corp: 1154/442Kb lim: 944 exec/s: 15595 rss: 548Mb L: 71/926 MS: 1 EraseBytes-
#405557	REDUCE cov: 1721 ft: 6840 corp: 1154/442Kb lim: 944 exec/s: 15598 rss: 548Mb L: 4/926 MS: 1 EraseBytes-
#405663	REDUCE cov: 1721 ft: 6840 corp: 1154/442Kb lim: 944 exec/s: 15024 rss: 548Mb L: 9/926 MS: 1 EraseBytes-
#405694	REDUCE cov: 1721 ft: 6840 corp: 1154/442Kb lim: 944 exec/s: 15025 rss: 548Mb L: 266/926 MS: 1 EraseBytes-
#406025	REDUCE cov: 1721 ft: 6840 corp: 1154/442Kb lim: 944 exec/s: 15037 rss: 548Mb L: 339/926 MS: 1 EraseBytes-
#406141	REDUCE cov: 1721 ft: 6840 corp: 1154/442Kb lim: 944 exec/s: 15042 rss: 548Mb L: 681/926 MS: 1 EraseBytes-
#406439	NEW    cov: 1721 ft: 6841 corp: 1155/442Kb lim: 944 exec/s: 15053 rss: 548Mb L: 328/926 MS: 3 CopyPart-InsertByte-CopyPart-
#406485	REDUCE cov: 1721 ft: 6843 corp: 1156/443Kb lim: 944 exec/s: 15055 rss: 548Mb L: 907/926 MS: 1 CopyPart-
#406726	REDUCE cov: 1721 ft: 6843 corp: 1156/443Kb lim: 944 exec/s: 15063 rss: 548Mb L: 72/926 MS: 1 EraseBytes-
#407008	NEW    cov: 1721 ft: 6845 corp: 1157/444Kb lim: 944 exec/s: 15074 rss: 548Mb L: 935/935 MS: 2 ShuffleBytes-CopyPart-
#407199	REDUCE cov: 1721 ft: 6846 corp: 1158/444Kb lim: 944 exec/s: 15081 rss: 548Mb L: 152/935 MS: 1 CrossOver-
#407235	REDUCE cov: 1721 ft: 6846 corp: 1158/444Kb lim: 944 exec/s: 15082 rss: 548Mb L: 84/935 MS: 1 EraseBytes-
#407557	REDUCE cov: 1721 ft: 6846 corp: 1158/444Kb lim: 944 exec/s: 15094 rss: 548Mb L: 143/935 MS: 2 ChangeBinInt-EraseBytes-
#407984	REDUCE cov: 1721 ft: 6846 corp: 1158/444Kb lim: 944 exec/s: 15110 rss: 548Mb L: 187/935 MS: 2 CopyPart-EraseBytes-
#408456	REDUCE cov: 1721 ft: 6846 corp: 1158/444Kb lim: 944 exec/s: 15128 rss: 548Mb L: 425/935 MS: 2 ChangeBit-EraseBytes-
#408599	REDUCE cov: 1721 ft: 6846 corp: 1158/444Kb lim: 944 exec/s: 15133 rss: 548Mb L: 652/935 MS: 3 InsertRepeatedBytes-CopyPart-EraseBytes-
#408604	NEW    cov: 1721 ft: 6849 corp: 1159/445Kb lim: 944 exec/s: 15133 rss: 548Mb L: 827/935 MS: 5 ChangeByte-InsertByte-CopyPart-ChangeByte-InsertRepeatedBytes-
#408880	REDUCE cov: 1721 ft: 6849 corp: 1159/445Kb lim: 944 exec/s: 15143 rss: 548Mb L: 625/935 MS: 1 EraseBytes-
#408966	REDUCE cov: 1721 ft: 6849 corp: 1159/445Kb lim: 944 exec/s: 15146 rss: 548Mb L: 11/935 MS: 1 EraseBytes-
#409144	REDUCE cov: 1721 ft: 6849 corp: 1159/445Kb lim: 944 exec/s: 15153 rss: 548Mb L: 587/935 MS: 3 ChangeASCIIInt-ChangeBit-EraseBytes-
#409402	REDUCE cov: 1721 ft: 6849 corp: 1159/445Kb lim: 944 exec/s: 15163 rss: 548Mb L: 411/935 MS: 3 ShuffleBytes-ChangeBinInt-EraseBytes-
#409633	REDUCE cov: 1721 ft: 6849 corp: 1159/445Kb lim: 944 exec/s: 15171 rss: 548Mb L: 89/935 MS: 1 EraseBytes-
#409879	REDUCE cov: 1721 ft: 6849 corp: 1159/445Kb lim: 944 exec/s: 15180 rss: 548Mb L: 15/935 MS: 1 EraseBytes-
#409964	REDUCE cov: 1721 ft: 6849 corp: 1159/445Kb lim: 944 exec/s: 15183 rss: 548Mb L: 515/935 MS: 5 ChangeBit-InsertByte-ChangeASCIIInt-InsertByte-EraseBytes-
#410052	REDUCE cov: 1721 ft: 6849 corp: 1159/445Kb lim: 944 exec/s: 15187 rss: 548Mb L: 129/935 MS: 3 CopyPart-CopyPart-EraseBytes-
#410145	NEW    cov: 1721 ft: 6850 corp: 1160/446Kb lim: 944 exec/s: 15190 rss: 548Mb L: 888/935 MS: 3 ChangeBit-InsertRepeatedBytes-CopyPart-
#410507	REDUCE cov: 1721 ft: 6850 corp: 1160/446Kb lim: 944 exec/s: 15203 rss: 548Mb L: 53/935 MS: 2 InsertByte-EraseBytes-
#410679	REDUCE cov: 1721 ft: 6850 corp: 1160/446Kb lim: 944 exec/s: 15210 rss: 548Mb L: 426/935 MS: 2 PersAutoDict-EraseBytes- DE: "\000\000\000\000\000\000\0019"-
#410824	REDUCE cov: 1721 ft: 6850 corp: 1160/446Kb lim: 944 exec/s: 15215 rss: 548Mb L: 142/935 MS: 5 PersAutoDict-ChangeASCIIInt-InsertByte-CopyPart-EraseBytes- DE: "\0023333333"-
#410835	REDUCE cov: 1721 ft: 6851 corp: 1161/446Kb lim: 944 exec/s: 15216 rss: 548Mb L: 880/935 MS: 1 CopyPart-
#411111	REDUCE cov: 1721 ft: 6851 corp: 1161/446Kb lim: 944 exec/s: 15226 rss: 548Mb L: 280/935 MS: 1 EraseBytes-
#411462	REDUCE cov: 1721 ft: 6851 corp: 1161/446Kb lim: 944 exec/s: 15239 rss: 549Mb L: 356/935 MS: 1 EraseBytes-
#411749	REDUCE cov: 1721 ft: 6851 corp: 1161/446Kb lim: 944 exec/s: 15249 rss: 549Mb L: 131/935 MS: 2 CMP-EraseBytes- DE: "\000\000\000\000\000\000\000\000"-
#411946	REDUCE cov: 1721 ft: 6851 corp: 1161/446Kb lim: 944 exec/s: 15257 rss: 549Mb L: 6/935 MS: 2 ChangeByte-EraseBytes-
#412147	REDUCE cov: 1721 ft: 6851 corp: 1161/446Kb lim: 944 exec/s: 15264 rss: 549Mb L: 358/935 MS: 1 EraseBytes-
#412219	REDUCE cov: 1721 ft: 6851 corp: 1161/446Kb lim: 944 exec/s: 15267 rss: 549Mb L: 150/935 MS: 2 ChangeByte-EraseBytes-
#412245	REDUCE cov: 1721 ft: 6851 corp: 1161/446Kb lim: 944 exec/s: 15268 rss: 549Mb L: 653/935 MS: 1 EraseBytes-
#412266	REDUCE cov: 1721 ft: 6851 corp: 1161/446Kb lim: 944 exec/s: 15269 rss: 549Mb L: 551/935 MS: 1 EraseBytes-
#412307	REDUCE cov: 1721 ft: 6851 corp: 1161/446Kb lim: 944 exec/s: 15270 rss: 549Mb L: 374/935 MS: 1 EraseBytes-
#412398	REDUCE cov: 1721 ft: 6851 corp: 1161/446Kb lim: 944 exec/s: 15274 rss: 549Mb L: 232/935 MS: 1 EraseBytes-
#412409	REDUCE cov: 1721 ft: 6851 corp: 1161/446Kb lim: 944 exec/s: 15274 rss: 549Mb L: 165/935 MS: 1 EraseBytes-
#412535	REDUCE cov: 1721 ft: 6851 corp: 1161/446Kb lim: 944 exec/s: 15279 rss: 549Mb L: 603/935 MS: 1 EraseBytes-
#413121	REDUCE cov: 1721 ft: 6852 corp: 1162/446Kb lim: 944 exec/s: 15300 rss: 549Mb L: 4/935 MS: 1 CopyPart-
#413142	REDUCE cov: 1721 ft: 6852 corp: 1162/445Kb lim: 944 exec/s: 15301 rss: 549Mb L: 304/935 MS: 1 EraseBytes-
#413178	REDUCE cov: 1721 ft: 6852 corp: 1162/445Kb lim: 944 exec/s: 15302 rss: 549Mb L: 92/935 MS: 1 EraseBytes-
#413235	REDUCE cov: 1721 ft: 6852 corp: 1162/445Kb lim: 944 exec/s: 15305 rss: 549Mb L: 615/935 MS: 2 CMP-EraseBytes- DE: "\004\000"-
#413313	REDUCE cov: 1721 ft: 6852 corp: 1162/445Kb lim: 944 exec/s: 15307 rss: 549Mb L: 547/935 MS: 3 ChangeBit-ChangeByte-EraseBytes-
#413325	REDUCE cov: 1721 ft: 6852 corp: 1162/445Kb lim: 944 exec/s: 15308 rss: 549Mb L: 151/935 MS: 2 CMP-EraseBytes- DE: "\376\377\377\377\377\377\377\377"-
#413391	REDUCE cov: 1721 ft: 6852 corp: 1162/445Kb lim: 944 exec/s: 15310 rss: 549Mb L: 286/935 MS: 1 EraseBytes-
#413757	REDUCE cov: 1721 ft: 6852 corp: 1162/445Kb lim: 944 exec/s: 15324 rss: 549Mb L: 90/935 MS: 1 EraseBytes-
#414089	REDUCE cov: 1721 ft: 6852 corp: 1162/445Kb lim: 944 exec/s: 15336 rss: 549Mb L: 40/935 MS: 2 ChangeBinInt-EraseBytes-
#414215	REDUCE cov: 1721 ft: 6852 corp: 1162/445Kb lim: 944 exec/s: 15341 rss: 549Mb L: 36/935 MS: 1 EraseBytes-
#414386	REDUCE cov: 1721 ft: 6852 corp: 1162/445Kb lim: 944 exec/s: 15347 rss: 549Mb L: 464/935 MS: 1 EraseBytes-
#414523	REDUCE cov: 1721 ft: 6852 corp: 1162/445Kb lim: 944 exec/s: 15352 rss: 549Mb L: 109/935 MS: 2 InsertByte-EraseBytes-
#414526	REDUCE cov: 1721 ft: 6852 corp: 1162/445Kb lim: 944 exec/s: 15352 rss: 549Mb L: 112/935 MS: 3 EraseBytes-EraseBytes-ChangeBinInt-
#414602	REDUCE cov: 1721 ft: 6852 corp: 1162/445Kb lim: 944 exec/s: 15355 rss: 549Mb L: 467/935 MS: 1 EraseBytes-
#414622	REDUCE cov: 1721 ft: 6852 corp: 1162/445Kb lim: 944 exec/s: 15356 rss: 549Mb L: 145/935 MS: 5 PersAutoDict-ChangeBit-ChangeByte-ShuffleBytes-EraseBytes- DE: "p\000\000\000\000\000\000\000"-
#414965	REDUCE cov: 1721 ft: 6852 corp: 1162/445Kb lim: 944 exec/s: 15369 rss: 549Mb L: 807/935 MS: 3 ShuffleBytes-ChangeByte-EraseBytes-
#415116	REDUCE cov: 1721 ft: 6852 corp: 1162/445Kb lim: 944 exec/s: 15374 rss: 549Mb L: 524/935 MS: 1 EraseBytes-
#415238	REDUCE cov: 1721 ft: 6852 corp: 1162/445Kb lim: 944 exec/s: 15379 rss: 549Mb L: 151/935 MS: 2 ShuffleBytes-EraseBytes-
#415302	REDUCE cov: 1721 ft: 6852 corp: 1162/445Kb lim: 944 exec/s: 15381 rss: 549Mb L: 23/935 MS: 4 ChangeBinInt-ChangeByte-EraseBytes-EraseBytes-
#415573	REDUCE cov: 1721 ft: 6852 corp: 1162/445Kb lim: 944 exec/s: 15391 rss: 549Mb L: 159/935 MS: 1 EraseBytes-
#415739	REDUCE cov: 1721 ft: 6852 corp: 1162/445Kb lim: 944 exec/s: 15397 rss: 549Mb L: 12/935 MS: 1 EraseBytes-
#415852	REDUCE cov: 1721 ft: 6852 corp: 1162/445Kb lim: 944 exec/s: 15401 rss: 549Mb L: 293/935 MS: 3 ShuffleBytes-ChangeBit-EraseBytes-
#415903	REDUCE cov: 1721 ft: 6853 corp: 1163/445Kb lim: 944 exec/s: 15403 rss: 549Mb L: 321/935 MS: 1 CopyPart-
#415994	REDUCE cov: 1721 ft: 6853 corp: 1163/445Kb lim: 944 exec/s: 15407 rss: 549Mb L: 216/935 MS: 1 EraseBytes-
#416161	REDUCE cov: 1721 ft: 6853 corp: 1163/445Kb lim: 944 exec/s: 15413 rss: 549Mb L: 127/935 MS: 2 CopyPart-EraseBytes-
#416687	REDUCE cov: 1721 ft: 6853 corp: 1163/445Kb lim: 944 exec/s: 15432 rss: 549Mb L: 445/935 MS: 1 EraseBytes-
#416873	NEW    cov: 1721 ft: 6900 corp: 1164/446Kb lim: 944 exec/s: 15439 rss: 549Mb L: 852/935 MS: 1 CopyPart-
#417012	REDUCE cov: 1721 ft: 6900 corp: 1164/446Kb lim: 944 exec/s: 15444 rss: 549Mb L: 24/935 MS: 4 ChangeBinInt-ChangeBinInt-CopyPart-EraseBytes-
#417069	REDUCE cov: 1721 ft: 6900 corp: 1164/446Kb lim: 944 exec/s: 15447 rss: 549Mb L: 154/935 MS: 2 ChangeByte-EraseBytes-
#417180	REDUCE cov: 1721 ft: 6900 corp: 1164/446Kb lim: 944 exec/s: 15451 rss: 549Mb L: 174/935 MS: 1 EraseBytes-
#417211	REDUCE cov: 1721 ft: 6900 corp: 1164/446Kb lim: 944 exec/s: 15452 rss: 549Mb L: 222/935 MS: 1 EraseBytes-
#417633	REDUCE cov: 1721 ft: 6900 corp: 1164/446Kb lim: 944 exec/s: 15467 rss: 549Mb L: 221/935 MS: 2 CrossOver-EraseBytes-
#417755	REDUCE cov: 1721 ft: 6901 corp: 1165/446Kb lim: 944 exec/s: 15472 rss: 549Mb L: 216/935 MS: 2 CMP-CopyPart- DE: "\000\000\000\000\000\000\000\004"-
#417874	REDUCE cov: 1721 ft: 6901 corp: 1165/446Kb lim: 944 exec/s: 15476 rss: 549Mb L: 273/935 MS: 4 CopyPart-ChangeBit-ChangeBit-EraseBytes-
#418010	REDUCE cov: 1721 ft: 6901 corp: 1165/446Kb lim: 944 exec/s: 15481 rss: 549Mb L: 239/935 MS: 1 EraseBytes-
#418151	REDUCE cov: 1721 ft: 6901 corp: 1165/446Kb lim: 944 exec/s: 15487 rss: 549Mb L: 165/935 MS: 1 EraseBytes-
#418218	REDUCE cov: 1721 ft: 6901 corp: 1165/446Kb lim: 944 exec/s: 15489 rss: 549Mb L: 253/935 MS: 2 InsertByte-EraseBytes-
#418244	REDUCE cov: 1721 ft: 6901 corp: 1165/446Kb lim: 944 exec/s: 15490 rss: 549Mb L: 233/935 MS: 1 EraseBytes-
#418275	REDUCE cov: 1721 ft: 6901 corp: 1165/446Kb lim: 944 exec/s: 15491 rss: 549Mb L: 321/935 MS: 1 EraseBytes-
#418922	REDUCE cov: 1721 ft: 6901 corp: 1165/446Kb lim: 944 exec/s: 15515 rss: 549Mb L: 305/935 MS: 2 ChangeBinInt-EraseBytes-
#418958	REDUCE cov: 1721 ft: 6901 corp: 1165/446Kb lim: 944 exec/s: 15516 rss: 549Mb L: 791/935 MS: 1 EraseBytes-
#419052	REDUCE cov: 1721 ft: 6901 corp: 1165/446Kb lim: 944 exec/s: 15520 rss: 549Mb L: 170/935 MS: 4 InsertByte-ChangeASCIIInt-PersAutoDict-EraseBytes- DE: "U\002\000\000"-
#419315	REDUCE cov: 1721 ft: 6901 corp: 1165/446Kb lim: 944 exec/s: 15530 rss: 549Mb L: 125/935 MS: 3 ChangeByte-CrossOver-EraseBytes-
#419367	REDUCE cov: 1721 ft: 6901 corp: 1165/446Kb lim: 944 exec/s: 15532 rss: 549Mb L: 200/935 MS: 2 CopyPart-EraseBytes-
#419698	REDUCE cov: 1721 ft: 6901 corp: 1165/446Kb lim: 944 exec/s: 15544 rss: 549Mb L: 698/935 MS: 1 EraseBytes-
#419730	REDUCE cov: 1721 ft: 6901 corp: 1165/446Kb lim: 944 exec/s: 15545 rss: 549Mb L: 362/935 MS: 2 ChangeASCIIInt-EraseBytes-
#419791	REDUCE cov: 1721 ft: 6901 corp: 1165/446Kb lim: 944 exec/s: 15547 rss: 549Mb L: 579/935 MS: 1 EraseBytes-
#419993	REDUCE cov: 1721 ft: 6901 corp: 1165/446Kb lim: 944 exec/s: 15555 rss: 549Mb L: 8/935 MS: 2 InsertByte-EraseBytes-
#420089	REDUCE cov: 1721 ft: 6901 corp: 1165/446Kb lim: 944 exec/s: 15558 rss: 549Mb L: 643/935 MS: 1 EraseBytes-
#420435	REDUCE cov: 1721 ft: 6901 corp: 1165/445Kb lim: 944 exec/s: 15571 rss: 549Mb L: 657/935 MS: 1 EraseBytes-
#420624	REDUCE cov: 1721 ft: 6901 corp: 1165/445Kb lim: 944 exec/s: 15578 rss: 549Mb L: 682/935 MS: 4 InsertRepeatedBytes-ChangeBinInt-ChangeASCIIInt-EraseBytes-
#420658	REDUCE cov: 1721 ft: 6901 corp: 1165/445Kb lim: 944 exec/s: 15579 rss: 549Mb L: 142/935 MS: 4 CopyPart-ChangeByte-PersAutoDict-EraseBytes- DE: "\001\000\000\000\000\000\000\002"-
#420901	REDUCE cov: 1721 ft: 6901 corp: 1165/445Kb lim: 944 exec/s: 15588 rss: 549Mb L: 480/935 MS: 3 CrossOver-ChangeASCIIInt-EraseBytes-
#421103	REDUCE cov: 1721 ft: 6901 corp: 1165/445Kb lim: 944 exec/s: 15596 rss: 549Mb L: 742/935 MS: 2 ChangeBit-EraseBytes-
#421323	REDUCE cov: 1721 ft: 6901 corp: 1165/445Kb lim: 944 exec/s: 15604 rss: 549Mb L: 473/935 MS: 5 ShuffleBytes-ChangeASCIIInt-ShuffleBytes-CrossOver-CrossOver-
#421399	REDUCE cov: 1721 ft: 6901 corp: 1165/445Kb lim: 944 exec/s: 15607 rss: 549Mb L: 287/935 MS: 1 EraseBytes-
#421603	REDUCE cov: 1721 ft: 6901 corp: 1165/445Kb lim: 944 exec/s: 15614 rss: 549Mb L: 95/935 MS: 4 ShuffleBytes-CMP-ChangeByte-EraseBytes- DE: "\372\002"-
#421709	REDUCE cov: 1721 ft: 6901 corp: 1165/445Kb lim: 944 exec/s: 15618 rss: 549Mb L: 802/935 MS: 1 EraseBytes-
#421780	REDUCE cov: 1721 ft: 6901 corp: 1165/445Kb lim: 944 exec/s: 15621 rss: 549Mb L: 48/935 MS: 1 EraseBytes-
#421851	REDUCE cov: 1721 ft: 6901 corp: 1165/445Kb lim: 944 exec/s: 15066 rss: 549Mb L: 563/935 MS: 1 EraseBytes-
#421907	REDUCE cov: 1721 ft: 6901 corp: 1165/445Kb lim: 944 exec/s: 15068 rss: 549Mb L: 406/935 MS: 1 EraseBytes-
#421973	REDUCE cov: 1721 ft: 6901 corp: 1165/445Kb lim: 944 exec/s: 15070 rss: 549Mb L: 740/935 MS: 1 EraseBytes-
#422515	REDUCE cov: 1721 ft: 6901 corp: 1165/445Kb lim: 944 exec/s: 15089 rss: 549Mb L: 453/935 MS: 2 ChangeBit-EraseBytes-
#422596	REDUCE cov: 1721 ft: 6901 corp: 1165/445Kb lim: 944 exec/s: 15092 rss: 549Mb L: 421/935 MS: 1 EraseBytes-
#423062	REDUCE cov: 1721 ft: 6901 corp: 1165/445Kb lim: 944 exec/s: 15109 rss: 550Mb L: 29/935 MS: 1 EraseBytes-
#423143	REDUCE cov: 1721 ft: 6901 corp: 1165/445Kb lim: 944 exec/s: 15112 rss: 550Mb L: 93/935 MS: 1 EraseBytes-
#423239	REDUCE cov: 1721 ft: 6901 corp: 1165/445Kb lim: 944 exec/s: 15115 rss: 550Mb L: 571/935 MS: 1 EraseBytes-
#423286	REDUCE cov: 1721 ft: 6901 corp: 1165/445Kb lim: 944 exec/s: 15117 rss: 550Mb L: 787/935 MS: 2 ShuffleBytes-EraseBytes-
#423327	REDUCE cov: 1721 ft: 6901 corp: 1165/445Kb lim: 944 exec/s: 15118 rss: 550Mb L: 139/935 MS: 1 EraseBytes-
#423500	REDUCE cov: 1721 ft: 6901 corp: 1165/445Kb lim: 944 exec/s: 15125 rss: 550Mb L: 203/935 MS: 3 InsertByte-ChangeBinInt-EraseBytes-
#423542	REDUCE cov: 1721 ft: 6901 corp: 1165/445Kb lim: 944 exec/s: 15126 rss: 550Mb L: 117/935 MS: 2 CopyPart-EraseBytes-
#423730	REDUCE cov: 1721 ft: 6905 corp: 1166/445Kb lim: 944 exec/s: 15133 rss: 550Mb L: 921/935 MS: 3 ChangeByte-PersAutoDict-CopyPart- DE: "\001\000\000N"-
#423977	REDUCE cov: 1721 ft: 6905 corp: 1166/445Kb lim: 944 exec/s: 15142 rss: 550Mb L: 346/935 MS: 2 ChangeBit-EraseBytes-
#424050	REDUCE cov: 1721 ft: 6905 corp: 1166/445Kb lim: 944 exec/s: 15144 rss: 550Mb L: 55/935 MS: 3 ChangeByte-PersAutoDict-EraseBytes- DE: "\000\226"-
#424051	REDUCE cov: 1721 ft: 6905 corp: 1166/445Kb lim: 944 exec/s: 15144 rss: 550Mb L: 48/935 MS: 1 EraseBytes-
#424113	REDUCE cov: 1721 ft: 6905 corp: 1166/445Kb lim: 944 exec/s: 15146 rss: 550Mb L: 445/935 MS: 2 ChangeASCIIInt-EraseBytes-
#424251	REDUCE cov: 1721 ft: 6905 corp: 1166/445Kb lim: 944 exec/s: 15151 rss: 550Mb L: 215/935 MS: 3 InsertByte-PersAutoDict-EraseBytes- DE: "\015\000\000\000"-
#424477	REDUCE cov: 1721 ft: 6905 corp: 1166/445Kb lim: 944 exec/s: 15159 rss: 550Mb L: 485/935 MS: 1 EraseBytes-
#424534	REDUCE cov: 1721 ft: 6905 corp: 1166/445Kb lim: 944 exec/s: 15161 rss: 550Mb L: 687/935 MS: 2 CopyPart-EraseBytes-
#424656	REDUCE cov: 1721 ft: 6905 corp: 1166/445Kb lim: 944 exec/s: 15166 rss: 550Mb L: 167/935 MS: 2 InsertByte-EraseBytes-
#424669	REDUCE cov: 1721 ft: 6905 corp: 1166/445Kb lim: 944 exec/s: 15166 rss: 550Mb L: 123/935 MS: 3 ChangeBit-ChangeByte-EraseBytes-
#424905	NEW    cov: 1721 ft: 6906 corp: 1167/446Kb lim: 944 exec/s: 15175 rss: 550Mb L: 914/935 MS: 1 CrossOver-
#424997	REDUCE cov: 1721 ft: 6906 corp: 1167/446Kb lim: 944 exec/s: 15178 rss: 550Mb L: 152/935 MS: 2 ChangeBit-EraseBytes-
#425114	REDUCE cov: 1721 ft: 6906 corp: 1167/446Kb lim: 944 exec/s: 15182 rss: 550Mb L: 356/935 MS: 2 PersAutoDict-EraseBytes- DE: "\017\000"-
#425198	REDUCE cov: 1721 ft: 6906 corp: 1167/446Kb lim: 944 exec/s: 15185 rss: 550Mb L: 417/935 MS: 4 ChangeBinInt-PersAutoDict-PersAutoDict-EraseBytes- DE: "\001\000\000\000\000\000\000\010"-"\001\000\000@"-
#425250	REDUCE cov: 1721 ft: 6906 corp: 1167/446Kb lim: 944 exec/s: 15187 rss: 550Mb L: 541/935 MS: 2 CrossOver-EraseBytes-
#425451	REDUCE cov: 1721 ft: 6906 corp: 1167/446Kb lim: 944 exec/s: 15194 rss: 550Mb L: 49/935 MS: 1 EraseBytes-
#425762	REDUCE cov: 1721 ft: 6906 corp: 1167/446Kb lim: 944 exec/s: 15205 rss: 550Mb L: 46/935 MS: 1 EraseBytes-
#425765	REDUCE cov: 1721 ft: 6906 corp: 1167/446Kb lim: 944 exec/s: 15205 rss: 550Mb L: 504/935 MS: 3 CopyPart-CopyPart-EraseBytes-
#426332	REDUCE cov: 1721 ft: 6906 corp: 1167/446Kb lim: 944 exec/s: 15226 rss: 550Mb L: 199/935 MS: 2 ShuffleBytes-EraseBytes-
#426358	REDUCE cov: 1721 ft: 6906 corp: 1167/446Kb lim: 944 exec/s: 15227 rss: 550Mb L: 64/935 MS: 1 EraseBytes-
#426434	REDUCE cov: 1721 ft: 6906 corp: 1167/446Kb lim: 944 exec/s: 15229 rss: 550Mb L: 809/935 MS: 1 EraseBytes-
#426849	REDUCE cov: 1721 ft: 6906 corp: 1167/445Kb lim: 944 exec/s: 15244 rss: 550Mb L: 412/935 MS: 5 ChangeBinInt-ChangeByte-ChangeBinInt-CrossOver-EraseBytes-
#426938	NEW    cov: 1721 ft: 6908 corp: 1168/446Kb lim: 944 exec/s: 15247 rss: 550Mb L: 627/935 MS: 4 ShuffleBytes-ChangeBit-ChangeBit-CopyPart-
#427120	REDUCE cov: 1721 ft: 6908 corp: 1168/446Kb lim: 944 exec/s: 15254 rss: 550Mb L: 655/935 MS: 2 InsertByte-EraseBytes-
#427296	REDUCE cov: 1721 ft: 6908 corp: 1168/446Kb lim: 944 exec/s: 15260 rss: 550Mb L: 213/935 MS: 1 EraseBytes-
#427348	REDUCE cov: 1721 ft: 6908 corp: 1168/446Kb lim: 944 exec/s: 15262 rss: 550Mb L: 390/935 MS: 2 PersAutoDict-EraseBytes- DE: "\005\000"-
#427399	REDUCE cov: 1721 ft: 6908 corp: 1168/446Kb lim: 944 exec/s: 15264 rss: 550Mb L: 104/935 MS: 1 EraseBytes-
#427430	REDUCE cov: 1721 ft: 6908 corp: 1168/446Kb lim: 944 exec/s: 15265 rss: 550Mb L: 93/935 MS: 1 EraseBytes-
#427634	REDUCE cov: 1721 ft: 6908 corp: 1168/446Kb lim: 944 exec/s: 15272 rss: 550Mb L: 241/935 MS: 4 ShuffleBytes-ChangeASCIIInt-ChangeBinInt-EraseBytes-
#427791	REDUCE cov: 1721 ft: 6908 corp: 1168/446Kb lim: 944 exec/s: 15278 rss: 550Mb L: 40/935 MS: 2 CMP-EraseBytes- DE: "\015\000\000\000"-
#427932	REDUCE cov: 1721 ft: 6908 corp: 1168/446Kb lim: 944 exec/s: 15283 rss: 550Mb L: 132/935 MS: 1 EraseBytes-
#428079	REDUCE cov: 1721 ft: 6908 corp: 1168/446Kb lim: 944 exec/s: 15288 rss: 550Mb L: 594/935 MS: 2 PersAutoDict-EraseBytes- DE: "\000\000\000\000\000\000\000\010"-
#428100	REDUCE cov: 1721 ft: 6908 corp: 1168/445Kb lim: 944 exec/s: 15289 rss: 550Mb L: 449/935 MS: 1 EraseBytes-
#428111	REDUCE cov: 1721 ft: 6908 corp: 1168/445Kb lim: 944 exec/s: 15289 rss: 550Mb L: 289/935 MS: 1 EraseBytes-
#428195	REDUCE cov: 1721 ft: 6909 corp: 1169/446Kb lim: 944 exec/s: 15292 rss: 550Mb L: 612/935 MS: 4 ShuffleBytes-ChangeByte-ShuffleBytes-InsertRepeatedBytes-
#428228	REDUCE cov: 1721 ft: 6909 corp: 1169/446Kb lim: 944 exec/s: 15293 rss: 550Mb L: 360/935 MS: 3 ChangeByte-ChangeByte-EraseBytes-
#428335	REDUCE cov: 1722 ft: 6910 corp: 1170/446Kb lim: 944 exec/s: 15297 rss: 550Mb L: 151/935 MS: 2 ChangeBinInt-CrossOver-
#428381	REDUCE cov: 1722 ft: 6910 corp: 1170/446Kb lim: 944 exec/s: 15299 rss: 550Mb L: 585/935 MS: 1 CrossOver-
#428454	REDUCE cov: 1722 ft: 6910 corp: 1170/446Kb lim: 944 exec/s: 15301 rss: 550Mb L: 154/935 MS: 3 ShuffleBytes-CopyPart-EraseBytes-
#428471	REDUCE cov: 1722 ft: 6910 corp: 1170/446Kb lim: 944 exec/s: 15302 rss: 550Mb L: 44/935 MS: 2 EraseBytes-InsertByte-
#428603	REDUCE cov: 1722 ft: 6910 corp: 1170/446Kb lim: 944 exec/s: 15307 rss: 550Mb L: 200/935 MS: 2 InsertByte-EraseBytes-
#428889	REDUCE cov: 1722 ft: 6910 corp: 1170/446Kb lim: 944 exec/s: 15317 rss: 550Mb L: 372/935 MS: 1 EraseBytes-
#428971	REDUCE cov: 1722 ft: 6911 corp: 1171/446Kb lim: 944 exec/s: 15320 rss: 550Mb L: 653/935 MS: 2 ChangeASCIIInt-CrossOver-
#429314	REDUCE cov: 1722 ft: 6911 corp: 1171/446Kb lim: 944 exec/s: 15332 rss: 550Mb L: 211/935 MS: 3 ChangeByte-InsertByte-EraseBytes-
#429383	REDUCE cov: 1722 ft: 6911 corp: 1171/446Kb lim: 944 exec/s: 15335 rss: 550Mb L: 90/935 MS: 4 ChangeBinInt-InsertByte-ShuffleBytes-EraseBytes-
#429541	REDUCE cov: 1722 ft: 6911 corp: 1171/446Kb lim: 944 exec/s: 15340 rss: 550Mb L: 74/935 MS: 3 InsertByte-InsertByte-EraseBytes-
#429828	REDUCE cov: 1722 ft: 6911 corp: 1171/446Kb lim: 944 exec/s: 15351 rss: 550Mb L: 210/935 MS: 2 ShuffleBytes-EraseBytes-
#429844	REDUCE cov: 1722 ft: 6911 corp: 1171/446Kb lim: 944 exec/s: 15351 rss: 550Mb L: 182/935 MS: 1 EraseBytes-
#429861	REDUCE cov: 1722 ft: 6911 corp: 1171/446Kb lim: 944 exec/s: 15352 rss: 550Mb L: 462/935 MS: 2 ChangeBinInt-EraseBytes-
#430247	REDUCE cov: 1722 ft: 6911 corp: 1171/446Kb lim: 944 exec/s: 15365 rss: 550Mb L: 207/935 MS: 1 EraseBytes-
#430361	REDUCE cov: 1722 ft: 6911 corp: 1171/446Kb lim: 944 exec/s: 15370 rss: 550Mb L: 324/935 MS: 4 InsertByte-ChangeBit-CopyPart-EraseBytes-
#430627	REDUCE cov: 1722 ft: 6911 corp: 1171/446Kb lim: 944 exec/s: 15379 rss: 550Mb L: 12/935 MS: 1 EraseBytes-
#430658	NEW    cov: 1723 ft: 6912 corp: 1172/447Kb lim: 944 exec/s: 15380 rss: 550Mb L: 882/935 MS: 1 CrossOver-
#430799	REDUCE cov: 1723 ft: 6912 corp: 1172/447Kb lim: 944 exec/s: 15385 rss: 550Mb L: 326/935 MS: 1 EraseBytes-
#430812	REDUCE cov: 1723 ft: 6912 corp: 1172/447Kb lim: 944 exec/s: 15386 rss: 550Mb L: 342/935 MS: 3 CMP-ShuffleBytes-EraseBytes- DE: "\000\000\000\000\000\000\000\000"-
#430926	REDUCE cov: 1723 ft: 6912 corp: 1172/447Kb lim: 944 exec/s: 15390 rss: 550Mb L: 199/935 MS: 4 ChangeBit-ChangeBit-InsertByte-EraseBytes-
#431232	REDUCE cov: 1723 ft: 6912 corp: 1172/447Kb lim: 944 exec/s: 15401 rss: 550Mb L: 562/935 MS: 1 CrossOver-
#431338	REDUCE cov: 1723 ft: 6912 corp: 1172/447Kb lim: 944 exec/s: 15404 rss: 550Mb L: 72/935 MS: 1 EraseBytes-
#431426	REDUCE cov: 1723 ft: 6912 corp: 1172/446Kb lim: 944 exec/s: 15408 rss: 550Mb L: 581/935 MS: 3 ChangeASCIIInt-CrossOver-EraseBytes-
#431593	REDUCE cov: 1723 ft: 6912 corp: 1172/446Kb lim: 944 exec/s: 15414 rss: 550Mb L: 499/935 MS: 2 ChangeASCIIInt-EraseBytes-
#431745	REDUCE cov: 1723 ft: 6912 corp: 1172/446Kb lim: 944 exec/s: 15419 rss: 550Mb L: 112/935 MS: 2 ShuffleBytes-EraseBytes-
#431841	REDUCE cov: 1723 ft: 6912 corp: 1172/446Kb lim: 944 exec/s: 15422 rss: 550Mb L: 208/935 MS: 1 EraseBytes-
#432164	REDUCE cov: 1723 ft: 6912 corp: 1172/446Kb lim: 944 exec/s: 15434 rss: 550Mb L: 71/935 MS: 3 InsertByte-CopyPart-EraseBytes-
#432358	REDUCE cov: 1723 ft: 6912 corp: 1172/446Kb lim: 944 exec/s: 15441 rss: 550Mb L: 570/935 MS: 4 ShuffleBytes-ShuffleBytes-ChangeASCIIInt-EraseBytes-
#432414	REDUCE cov: 1723 ft: 6912 corp: 1172/446Kb lim: 944 exec/s: 15443 rss: 550Mb L: 247/935 MS: 1 EraseBytes-
#432426	REDUCE cov: 1723 ft: 6912 corp: 1172/446Kb lim: 944 exec/s: 15443 rss: 550Mb L: 401/935 MS: 2 CopyPart-EraseBytes-
#433068	REDUCE cov: 1723 ft: 6912 corp: 1172/446Kb lim: 944 exec/s: 15466 rss: 550Mb L: 565/935 MS: 2 CopyPart-EraseBytes-
#433268	REDUCE cov: 1723 ft: 6912 corp: 1172/446Kb lim: 944 exec/s: 15473 rss: 551Mb L: 216/935 MS: 5 CMP-ShuffleBytes-InsertRepeatedBytes-EraseBytes-CopyPart- DE: "\001\000\000\000\000\000\000\007"-
#433279	REDUCE cov: 1723 ft: 6912 corp: 1172/446Kb lim: 944 exec/s: 15474 rss: 551Mb L: 299/935 MS: 1 EraseBytes-
#433280	REDUCE cov: 1723 ft: 6912 corp: 1172/446Kb lim: 944 exec/s: 15474 rss: 551Mb L: 128/935 MS: 1 EraseBytes-
#433385	REDUCE cov: 1723 ft: 6912 corp: 1172/446Kb lim: 944 exec/s: 15478 rss: 551Mb L: 69/935 MS: 5 ChangeBit-EraseBytes-ChangeBit-ShuffleBytes-EraseBytes-
#433486	REDUCE cov: 1723 ft: 6912 corp: 1172/446Kb lim: 944 exec/s: 15481 rss: 551Mb L: 10/935 MS: 1 EraseBytes-
#434142	REDUCE cov: 1723 ft: 6912 corp: 1172/446Kb lim: 944 exec/s: 15505 rss: 551Mb L: 153/935 MS: 1 EraseBytes-
#434339	REDUCE cov: 1723 ft: 6912 corp: 1172/446Kb lim: 944 exec/s: 15512 rss: 551Mb L: 483/935 MS: 2 InsertByte-EraseBytes-
#434500	REDUCE cov: 1723 ft: 6912 corp: 1172/446Kb lim: 944 exec/s: 15517 rss: 551Mb L: 94/935 MS: 1 EraseBytes-
#434721	REDUCE cov: 1723 ft: 6912 corp: 1172/446Kb lim: 944 exec/s: 15525 rss: 551Mb L: 26/935 MS: 1 EraseBytes-
#435047	REDUCE cov: 1723 ft: 6912 corp: 1172/446Kb lim: 944 exec/s: 15537 rss: 551Mb L: 113/935 MS: 1 EraseBytes-
#435103	NEW    cov: 1723 ft: 6913 corp: 1173/446Kb lim: 944 exec/s: 15539 rss: 551Mb L: 290/935 MS: 1 EraseBytes-
#435212	REDUCE cov: 1723 ft: 6913 corp: 1173/446Kb lim: 944 exec/s: 15543 rss: 551Mb L: 86/935 MS: 4 ShuffleBytes-InsertRepeatedBytes-PersAutoDict-EraseBytes- DE: "/\002"-
#435408	REDUCE cov: 1723 ft: 6913 corp: 1173/446Kb lim: 944 exec/s: 15550 rss: 551Mb L: 195/935 MS: 1 EraseBytes-
#435519	REDUCE cov: 1723 ft: 6913 corp: 1173/446Kb lim: 944 exec/s: 15554 rss: 551Mb L: 182/935 MS: 1 EraseBytes-
#435942	REDUCE cov: 1723 ft: 6913 corp: 1173/446Kb lim: 944 exec/s: 15569 rss: 551Mb L: 778/935 MS: 3 ChangeByte-ChangeASCIIInt-EraseBytes-
#436063	REDUCE cov: 1723 ft: 6913 corp: 1173/446Kb lim: 944 exec/s: 15573 rss: 551Mb L: 298/935 MS: 1 EraseBytes-
#436124	REDUCE cov: 1723 ft: 6913 corp: 1173/446Kb lim: 944 exec/s: 15575 rss: 551Mb L: 363/935 MS: 1 EraseBytes-
#436140	REDUCE cov: 1723 ft: 6913 corp: 1173/446Kb lim: 944 exec/s: 15576 rss: 551Mb L: 367/935 MS: 1 EraseBytes-
#436161	REDUCE cov: 1723 ft: 6913 corp: 1173/446Kb lim: 944 exec/s: 15577 rss: 551Mb L: 197/935 MS: 1 EraseBytes-
#436277	REDUCE cov: 1723 ft: 6913 corp: 1173/446Kb lim: 944 exec/s: 15581 rss: 551Mb L: 266/935 MS: 1 EraseBytes-
#436558	REDUCE cov: 1723 ft: 6913 corp: 1173/446Kb lim: 944 exec/s: 15591 rss: 551Mb L: 85/935 MS: 1 EraseBytes-
#436826	REDUCE cov: 1723 ft: 6913 corp: 1173/446Kb lim: 944 exec/s: 15600 rss: 551Mb L: 314/935 MS: 3 ChangeBit-CrossOver-EraseBytes-
#436932	REDUCE cov: 1723 ft: 6913 corp: 1173/446Kb lim: 944 exec/s: 15604 rss: 551Mb L: 408/935 MS: 1 EraseBytes-
#437023	REDUCE cov: 1723 ft: 6913 corp: 1173/446Kb lim: 944 exec/s: 15607 rss: 551Mb L: 382/935 MS: 1 EraseBytes-
#437097	REDUCE cov: 1723 ft: 6913 corp: 1173/445Kb lim: 944 exec/s: 15610 rss: 551Mb L: 730/935 MS: 4 ShuffleBytes-ChangeASCIIInt-ShuffleBytes-EraseBytes-
#437262	REDUCE cov: 1723 ft: 6913 corp: 1173/445Kb lim: 944 exec/s: 15616 rss: 551Mb L: 264/935 MS: 5 ChangeBit-PersAutoDict-ShuffleBytes-ChangeBit-EraseBytes- DE: "\017\000"-
#437435	NEW    cov: 1723 ft: 6914 corp: 1174/446Kb lim: 944 exec/s: 15622 rss: 551Mb L: 799/935 MS: 3 ChangeByte-ChangeBit-ChangeBit-
#437629	REDUCE cov: 1723 ft: 6914 corp: 1174/446Kb lim: 944 exec/s: 15629 rss: 551Mb L: 87/935 MS: 4 EraseBytes-ShuffleBytes-PersAutoDict-EraseBytes- DE: "\000\000\003\034"-
#437950	REDUCE cov: 1723 ft: 6914 corp: 1174/446Kb lim: 944 exec/s: 15641 rss: 551Mb L: 40/935 MS: 1 EraseBytes-
#438078	REDUCE cov: 1723 ft: 6915 corp: 1175/446Kb lim: 944 exec/s: 15645 rss: 551Mb L: 97/935 MS: 3 ChangeBit-CMP-ShuffleBytes- DE: "\001\000\000\000\000\000\000\000"-
#438314	REDUCE cov: 1723 ft: 6915 corp: 1175/446Kb lim: 944 exec/s: 15114 rss: 551Mb L: 144/935 MS: 1 EraseBytes-
#438381	REDUCE cov: 1723 ft: 6915 corp: 1175/446Kb lim: 944 exec/s: 15116 rss: 551Mb L: 267/935 MS: 2 PersAutoDict-EraseBytes- DE: "\007\000"-
#438738	REDUCE cov: 1723 ft: 6915 corp: 1175/446Kb lim: 944 exec/s: 15128 rss: 551Mb L: 95/935 MS: 2 ChangeASCIIInt-EraseBytes-
#438754	REDUCE cov: 1723 ft: 6915 corp: 1175/446Kb lim: 944 exec/s: 15129 rss: 551Mb L: 267/935 MS: 1 EraseBytes-
#438765	REDUCE cov: 1723 ft: 6915 corp: 1175/446Kb lim: 944 exec/s: 15129 rss: 551Mb L: 284/935 MS: 1 EraseBytes-
#438792	NEW    cov: 1723 ft: 6916 corp: 1176/447Kb lim: 944 exec/s: 15130 rss: 551Mb L: 735/935 MS: 2 InsertRepeatedBytes-CrossOver-
#438830	REDUCE cov: 1723 ft: 6916 corp: 1176/447Kb lim: 944 exec/s: 15132 rss: 551Mb L: 484/935 MS: 3 ShuffleBytes-InsertByte-EraseBytes-
#439101	REDUCE cov: 1723 ft: 6916 corp: 1176/447Kb lim: 944 exec/s: 15141 rss: 551Mb L: 23/935 MS: 1 EraseBytes-
#439197	REDUCE cov: 1723 ft: 6916 corp: 1176/447Kb lim: 944 exec/s: 15144 rss: 551Mb L: 286/935 MS: 1 EraseBytes-
#439283	REDUCE cov: 1723 ft: 6916 corp: 1176/447Kb lim: 944 exec/s: 15147 rss: 551Mb L: 540/935 MS: 1 EraseBytes-
#439328	REDUCE cov: 1723 ft: 6916 corp: 1176/447Kb lim: 944 exec/s: 15149 rss: 551Mb L: 81/935 MS: 5 ChangeBit-InsertByte-InsertRepeatedBytes-ChangeByte-EraseBytes-
#439469	REDUCE cov: 1723 ft: 6916 corp: 1176/447Kb lim: 944 exec/s: 15154 rss: 551Mb L: 265/935 MS: 1 EraseBytes-
#439665	REDUCE cov: 1723 ft: 6916 corp: 1176/447Kb lim: 944 exec/s: 15160 rss: 551Mb L: 310/935 MS: 1 EraseBytes-
#439706	REDUCE cov: 1723 ft: 6916 corp: 1176/447Kb lim: 944 exec/s: 15162 rss: 551Mb L: 734/935 MS: 1 EraseBytes-
#439934	REDUCE cov: 1723 ft: 6916 corp: 1176/447Kb lim: 944 exec/s: 15170 rss: 551Mb L: 64/935 MS: 3 InsertRepeatedBytes-ChangeByte-EraseBytes-
#439998	REDUCE cov: 1723 ft: 6916 corp: 1176/447Kb lim: 944 exec/s: 15172 rss: 551Mb L: 85/935 MS: 4 ChangeBit-CopyPart-ShuffleBytes-EraseBytes-
#440186	REDUCE cov: 1723 ft: 6916 corp: 1176/447Kb lim: 944 exec/s: 15178 rss: 551Mb L: 663/935 MS: 3 ChangeByte-ChangeBinInt-EraseBytes-
#440288	REDUCE cov: 1723 ft: 6916 corp: 1176/447Kb lim: 944 exec/s: 15182 rss: 551Mb L: 18/935 MS: 2 ChangeASCIIInt-EraseBytes-
#440305	REDUCE cov: 1723 ft: 6916 corp: 1176/447Kb lim: 944 exec/s: 15182 rss: 551Mb L: 176/935 MS: 2 ChangeASCIIInt-EraseBytes-
#440542	REDUCE cov: 1723 ft: 6916 corp: 1176/447Kb lim: 944 exec/s: 15191 rss: 551Mb L: 281/935 MS: 2 CopyPart-EraseBytes-
#440581	REDUCE cov: 1723 ft: 6916 corp: 1176/447Kb lim: 944 exec/s: 15192 rss: 551Mb L: 82/935 MS: 4 ChangeByte-ShuffleBytes-PersAutoDict-EraseBytes- DE: "P\002\000\000\000\000\000\000"-
#440692	REDUCE cov: 1723 ft: 6916 corp: 1176/447Kb lim: 944 exec/s: 15196 rss: 551Mb L: 364/935 MS: 1 EraseBytes-
#440704	REDUCE cov: 1723 ft: 6916 corp: 1176/447Kb lim: 944 exec/s: 15196 rss: 551Mb L: 709/935 MS: 2 ShuffleBytes-EraseBytes-
#440901	NEW    cov: 1723 ft: 6917 corp: 1177/447Kb lim: 944 exec/s: 15203 rss: 551Mb L: 347/935 MS: 2 ChangeBinInt-InsertByte-
#441192	REDUCE cov: 1723 ft: 6917 corp: 1177/447Kb lim: 944 exec/s: 15213 rss: 551Mb L: 248/935 MS: 1 EraseBytes-
#441533	REDUCE cov: 1723 ft: 6917 corp: 1177/447Kb lim: 944 exec/s: 15225 rss: 551Mb L: 134/935 MS: 1 EraseBytes-
#441662	REDUCE cov: 1723 ft: 6917 corp: 1177/447Kb lim: 944 exec/s: 15229 rss: 551Mb L: 204/935 MS: 4 ShuffleBytes-ShuffleBytes-ChangeBinInt-EraseBytes-
#441933	REDUCE cov: 1723 ft: 6917 corp: 1177/447Kb lim: 944 exec/s: 15239 rss: 551Mb L: 349/935 MS: 1 EraseBytes-
#441955	REDUCE cov: 1723 ft: 6917 corp: 1177/447Kb lim: 944 exec/s: 15239 rss: 551Mb L: 142/935 MS: 2 ChangeByte-EraseBytes-
#442152	REDUCE cov: 1723 ft: 6917 corp: 1177/447Kb lim: 944 exec/s: 15246 rss: 551Mb L: 512/935 MS: 2 ShuffleBytes-EraseBytes-
#442244	REDUCE cov: 1723 ft: 6917 corp: 1177/447Kb lim: 944 exec/s: 15249 rss: 551Mb L: 171/935 MS: 2 InsertByte-EraseBytes-
#442601	REDUCE cov: 1723 ft: 6917 corp: 1177/446Kb lim: 944 exec/s: 15262 rss: 551Mb L: 602/935 MS: 2 ChangeASCIIInt-EraseBytes-
#442687	REDUCE cov: 1723 ft: 6917 corp: 1177/446Kb lim: 944 exec/s: 15265 rss: 551Mb L: 568/935 MS: 1 EraseBytes-
#443103	REDUCE cov: 1723 ft: 6918 corp: 1178/447Kb lim: 944 exec/s: 15279 rss: 551Mb L: 226/935 MS: 1 CopyPart-
#443339	REDUCE cov: 1723 ft: 6918 corp: 1178/447Kb lim: 944 exec/s: 15287 rss: 551Mb L: 109/935 MS: 1 EraseBytes-
#443725	REDUCE cov: 1723 ft: 6918 corp: 1178/447Kb lim: 944 exec/s: 15300 rss: 551Mb L: 54/935 MS: 1 EraseBytes-
#443868	REDUCE cov: 1723 ft: 6918 corp: 1178/447Kb lim: 944 exec/s: 15305 rss: 551Mb L: 55/935 MS: 3 ChangeASCIIInt-ChangeByte-EraseBytes-
#443894	NEW    cov: 1723 ft: 6926 corp: 1179/447Kb lim: 944 exec/s: 15306 rss: 551Mb L: 21/935 MS: 1 CopyPart-
#444281	REDUCE cov: 1723 ft: 6926 corp: 1179/447Kb lim: 944 exec/s: 15320 rss: 551Mb L: 391/935 MS: 2 EraseBytes-CopyPart-
#444367	REDUCE cov: 1723 ft: 6926 corp: 1179/447Kb lim: 944 exec/s: 15323 rss: 551Mb L: 189/935 MS: 1 EraseBytes-
#444536	REDUCE cov: 1723 ft: 6926 corp: 1179/447Kb lim: 944 exec/s: 15328 rss: 551Mb L: 90/935 MS: 4 ChangeBit-ChangeBit-PersAutoDict-EraseBytes- DE: "x:\000\000"-
#444592	REDUCE cov: 1723 ft: 6926 corp: 1179/447Kb lim: 944 exec/s: 15330 rss: 551Mb L: 145/935 MS: 1 EraseBytes-
#444658	REDUCE cov: 1723 ft: 6926 corp: 1179/447Kb lim: 944 exec/s: 15333 rss: 551Mb L: 103/935 MS: 1 EraseBytes-
#444797	REDUCE cov: 1723 ft: 6926 corp: 1179/447Kb lim: 944 exec/s: 15337 rss: 551Mb L: 897/935 MS: 4 InsertByte-ChangeASCIIInt-ChangeBinInt-EraseBytes-
#444889	REDUCE cov: 1723 ft: 6926 corp: 1179/446Kb lim: 944 exec/s: 15341 rss: 551Mb L: 331/935 MS: 2 ShuffleBytes-EraseBytes-
#445060	REDUCE cov: 1723 ft: 6926 corp: 1179/446Kb lim: 944 exec/s: 15346 rss: 551Mb L: 371/935 MS: 1 EraseBytes-
#445242	REDUCE cov: 1723 ft: 6926 corp: 1179/446Kb lim: 944 exec/s: 15353 rss: 551Mb L: 88/935 MS: 2 ChangeASCIIInt-EraseBytes-
#445458	REDUCE cov: 1723 ft: 6926 corp: 1179/446Kb lim: 944 exec/s: 15360 rss: 551Mb L: 451/935 MS: 1 EraseBytes-
#446269	REDUCE cov: 1723 ft: 6926 corp: 1179/446Kb lim: 944 exec/s: 15388 rss: 551Mb L: 20/935 MS: 1 EraseBytes-
#446520	REDUCE cov: 1723 ft: 6926 corp: 1179/446Kb lim: 944 exec/s: 15397 rss: 551Mb L: 62/935 MS: 1 EraseBytes-
#446596	REDUCE cov: 1723 ft: 6926 corp: 1179/446Kb lim: 944 exec/s: 15399 rss: 551Mb L: 294/935 MS: 1 EraseBytes-
#446977	REDUCE cov: 1723 ft: 6926 corp: 1179/446Kb lim: 944 exec/s: 15413 rss: 551Mb L: 286/935 MS: 1 EraseBytes-
#447010	REDUCE cov: 1723 ft: 6927 corp: 1180/447Kb lim: 944 exec/s: 15414 rss: 551Mb L: 782/935 MS: 3 ChangeASCIIInt-ChangeBit-CopyPart-
#447425	REDUCE cov: 1723 ft: 6927 corp: 1180/447Kb lim: 944 exec/s: 15428 rss: 551Mb L: 184/935 MS: 5 ChangeBit-ChangeASCIIInt-ChangeByte-ChangeByte-EraseBytes-
#447522	REDUCE cov: 1723 ft: 6927 corp: 1180/447Kb lim: 944 exec/s: 15431 rss: 551Mb L: 30/935 MS: 2 ChangeByte-EraseBytes-
#447557	REDUCE cov: 1723 ft: 6927 corp: 1180/447Kb lim: 944 exec/s: 15433 rss: 551Mb L: 116/935 MS: 5 InsertRepeatedBytes-CopyPart-ChangeBinInt-CopyPart-EraseBytes-
#447813	REDUCE cov: 1723 ft: 6928 corp: 1181/448Kb lim: 944 exec/s: 15441 rss: 551Mb L: 575/935 MS: 1 CrossOver-
#447820	REDUCE cov: 1723 ft: 6928 corp: 1181/448Kb lim: 944 exec/s: 15442 rss: 551Mb L: 8/935 MS: 2 InsertByte-EraseBytes-
#447907	REDUCE cov: 1723 ft: 6928 corp: 1181/448Kb lim: 944 exec/s: 15445 rss: 551Mb L: 83/935 MS: 2 ChangeASCIIInt-EraseBytes-
#447988	REDUCE cov: 1723 ft: 6928 corp: 1181/447Kb lim: 944 exec/s: 15447 rss: 551Mb L: 492/935 MS: 1 EraseBytes-
#448055	REDUCE cov: 1723 ft: 6928 corp: 1181/447Kb lim: 944 exec/s: 15450 rss: 551Mb L: 735/935 MS: 2 PersAutoDict-EraseBytes- DE: "\001\000\0015"-
#448072	REDUCE cov: 1723 ft: 6933 corp: 1182/448Kb lim: 944 exec/s: 15450 rss: 551Mb L: 735/935 MS: 2 ChangeBit-ChangeBinInt-
#448158	REDUCE cov: 1723 ft: 6933 corp: 1182/448Kb lim: 944 exec/s: 15453 rss: 551Mb L: 209/935 MS: 1 EraseBytes-
#448214	REDUCE cov: 1723 ft: 6933 corp: 1182/448Kb lim: 944 exec/s: 15455 rss: 551Mb L: 311/935 MS: 1 EraseBytes-
#448610	REDUCE cov: 1723 ft: 6933 corp: 1182/448Kb lim: 944 exec/s: 15469 rss: 551Mb L: 196/935 MS: 1 EraseBytes-
#448716	REDUCE cov: 1723 ft: 6933 corp: 1182/448Kb lim: 944 exec/s: 15472 rss: 551Mb L: 495/935 MS: 1 EraseBytes-
#448747	REDUCE cov: 1723 ft: 6933 corp: 1182/448Kb lim: 944 exec/s: 15474 rss: 551Mb L: 717/935 MS: 1 EraseBytes-
#448848	REDUCE cov: 1723 ft: 6933 corp: 1182/448Kb lim: 944 exec/s: 15477 rss: 551Mb L: 484/935 MS: 1 EraseBytes-
#449039	REDUCE cov: 1723 ft: 6933 corp: 1182/447Kb lim: 944 exec/s: 15484 rss: 551Mb L: 533/935 MS: 1 EraseBytes-
#449148	REDUCE cov: 1723 ft: 6933 corp: 1182/447Kb lim: 944 exec/s: 15487 rss: 551Mb L: 346/935 MS: 4 ChangeBit-ChangeASCIIInt-ChangeByte-EraseBytes-
#449259	REDUCE cov: 1723 ft: 6933 corp: 1182/447Kb lim: 944 exec/s: 15491 rss: 551Mb L: 784/935 MS: 1 EraseBytes-
#449260	REDUCE cov: 1723 ft: 6933 corp: 1182/447Kb lim: 944 exec/s: 15491 rss: 551Mb L: 203/935 MS: 1 EraseBytes-
#449401	REDUCE cov: 1723 ft: 6933 corp: 1182/447Kb lim: 944 exec/s: 15496 rss: 551Mb L: 498/935 MS: 1 EraseBytes-
#449443	REDUCE cov: 1723 ft: 6933 corp: 1182/447Kb lim: 944 exec/s: 15498 rss: 551Mb L: 662/935 MS: 2 CopyPart-EraseBytes-
#449589	REDUCE cov: 1723 ft: 6933 corp: 1182/447Kb lim: 944 exec/s: 15503 rss: 551Mb L: 272/935 MS: 1 EraseBytes-
#449635	REDUCE cov: 1723 ft: 6934 corp: 1183/448Kb lim: 944 exec/s: 15504 rss: 551Mb L: 894/935 MS: 1 CopyPart-
#449694	REDUCE cov: 1723 ft: 6934 corp: 1183/448Kb lim: 944 exec/s: 15506 rss: 551Mb L: 781/935 MS: 4 PersAutoDict-ShuffleBytes-ShuffleBytes-EraseBytes- DE: "i\001"-
#450071	REDUCE cov: 1723 ft: 6934 corp: 1183/448Kb lim: 944 exec/s: 15519 rss: 551Mb L: 92/935 MS: 2 PersAutoDict-EraseBytes- DE: "\021\002"-
#450113	REDUCE cov: 1723 ft: 6934 corp: 1183/448Kb lim: 944 exec/s: 15521 rss: 551Mb L: 251/935 MS: 2 CMP-EraseBytes- DE: "\000\000\002V"-
#450965	REDUCE cov: 1723 ft: 6934 corp: 1183/448Kb lim: 944 exec/s: 15550 rss: 551Mb L: 96/935 MS: 2 ShuffleBytes-EraseBytes-
#451042	REDUCE cov: 1723 ft: 6934 corp: 1183/448Kb lim: 944 exec/s: 15553 rss: 551Mb L: 377/935 MS: 2 ChangeBit-EraseBytes-
#451048	REDUCE cov: 1723 ft: 6934 corp: 1183/448Kb lim: 944 exec/s: 15553 rss: 551Mb L: 125/935 MS: 1 EraseBytes-
#451529	REDUCE cov: 1723 ft: 6934 corp: 1183/448Kb lim: 944 exec/s: 15569 rss: 551Mb L: 71/935 MS: 1 EraseBytes-
#451700	NEW    cov: 1723 ft: 6935 corp: 1184/449Kb lim: 944 exec/s: 15575 rss: 551Mb L: 595/935 MS: 1 ChangeByte-
#451701	REDUCE cov: 1723 ft: 6935 corp: 1184/449Kb lim: 944 exec/s: 15575 rss: 551Mb L: 419/935 MS: 1 EraseBytes-
#452184	REDUCE cov: 1723 ft: 6935 corp: 1184/449Kb lim: 944 exec/s: 15592 rss: 551Mb L: 144/935 MS: 3 ShuffleBytes-ShuffleBytes-EraseBytes-
#452418	REDUCE cov: 1723 ft: 6935 corp: 1184/449Kb lim: 944 exec/s: 15600 rss: 551Mb L: 483/935 MS: 4 ChangeASCIIInt-ShuffleBytes-ChangeBit-EraseBytes-
#452446	REDUCE cov: 1723 ft: 6935 corp: 1184/449Kb lim: 944 exec/s: 15601 rss: 551Mb L: 598/935 MS: 3 ChangeByte-PersAutoDict-EraseBytes- DE: "P\002\000\000\000\000\000\000"-
#452727	REDUCE cov: 1723 ft: 6935 corp: 1184/448Kb lim: 944 exec/s: 15611 rss: 551Mb L: 280/935 MS: 1 EraseBytes-
#452839	REDUCE cov: 1723 ft: 6935 corp: 1184/448Kb lim: 944 exec/s: 15615 rss: 551Mb L: 314/935 MS: 2 ChangeByte-EraseBytes-
#452875	REDUCE cov: 1723 ft: 6935 corp: 1184/448Kb lim: 944 exec/s: 15616 rss: 551Mb L: 37/935 MS: 1 EraseBytes-
#453061	REDUCE cov: 1723 ft: 6935 corp: 1184/448Kb lim: 944 exec/s: 15622 rss: 551Mb L: 527/935 MS: 1 EraseBytes-
#453107	REDUCE cov: 1723 ft: 6935 corp: 1184/448Kb lim: 944 exec/s: 15624 rss: 552Mb L: 262/935 MS: 1 EraseBytes-
#453141	REDUCE cov: 1723 ft: 6935 corp: 1184/448Kb lim: 944 exec/s: 15625 rss: 552Mb L: 53/935 MS: 4 ShuffleBytes-ShuffleBytes-ShuffleBytes-EraseBytes-
#453302	REDUCE cov: 1723 ft: 6935 corp: 1184/448Kb lim: 944 exec/s: 15631 rss: 552Mb L: 590/935 MS: 1 EraseBytes-
#453578	REDUCE cov: 1723 ft: 6936 corp: 1185/449Kb lim: 944 exec/s: 15640 rss: 552Mb L: 795/935 MS: 1 CopyPart-
#453584	REDUCE cov: 1723 ft: 6936 corp: 1185/449Kb lim: 944 exec/s: 15640 rss: 552Mb L: 400/935 MS: 1 EraseBytes-
#453715	REDUCE cov: 1723 ft: 6936 corp: 1185/449Kb lim: 944 exec/s: 15123 rss: 552Mb L: 98/935 MS: 1 EraseBytes-
#453923	REDUCE cov: 1723 ft: 6936 corp: 1185/449Kb lim: 944 exec/s: 15130 rss: 552Mb L: 80/935 MS: 3 ChangeASCIIInt-ChangeBit-EraseBytes-
#453940	REDUCE cov: 1723 ft: 6936 corp: 1185/449Kb lim: 944 exec/s: 15131 rss: 552Mb L: 38/935 MS: 2 ChangeASCIIInt-EraseBytes-
#453967	REDUCE cov: 1723 ft: 6936 corp: 1185/449Kb lim: 944 exec/s: 15132 rss: 552Mb L: 495/935 MS: 2 ShuffleBytes-EraseBytes-
#454359	REDUCE cov: 1723 ft: 6936 corp: 1185/449Kb lim: 944 exec/s: 15145 rss: 552Mb L: 304/935 MS: 2 InsertByte-EraseBytes-
#454556	REDUCE cov: 1723 ft: 6936 corp: 1185/449Kb lim: 944 exec/s: 15151 rss: 552Mb L: 534/935 MS: 2 ChangeBit-EraseBytes-
#454640	REDUCE cov: 1723 ft: 6936 corp: 1185/449Kb lim: 944 exec/s: 15154 rss: 552Mb L: 66/935 MS: 4 ChangeBit-PersAutoDict-PersAutoDict-EraseBytes- DE: "\014\000"-"\007\000\000\000"-
#454871	REDUCE cov: 1723 ft: 6936 corp: 1185/449Kb lim: 944 exec/s: 15162 rss: 552Mb L: 246/935 MS: 1 EraseBytes-
#454880	REDUCE cov: 1723 ft: 6936 corp: 1185/449Kb lim: 944 exec/s: 15162 rss: 552Mb L: 468/935 MS: 4 ChangeByte-ChangeBit-ChangeByte-EraseBytes-
#455074	REDUCE cov: 1723 ft: 6936 corp: 1185/449Kb lim: 944 exec/s: 15169 rss: 552Mb L: 72/935 MS: 4 ChangeBit-CopyPart-CrossOver-EraseBytes-
#455211	REDUCE cov: 1723 ft: 6936 corp: 1185/448Kb lim: 944 exec/s: 15173 rss: 552Mb L: 518/935 MS: 2 InsertByte-EraseBytes-
#455347	REDUCE cov: 1723 ft: 6936 corp: 1185/448Kb lim: 944 exec/s: 15178 rss: 552Mb L: 683/935 MS: 1 EraseBytes-
#455448	REDUCE cov: 1723 ft: 6936 corp: 1185/448Kb lim: 944 exec/s: 15181 rss: 552Mb L: 603/935 MS: 1 EraseBytes-
#455479	REDUCE cov: 1723 ft: 6936 corp: 1185/448Kb lim: 944 exec/s: 15182 rss: 552Mb L: 147/935 MS: 1 EraseBytes-
#455860	REDUCE cov: 1723 ft: 6936 corp: 1185/448Kb lim: 944 exec/s: 15195 rss: 552Mb L: 389/935 MS: 1 EraseBytes-
#455976	REDUCE cov: 1723 ft: 6936 corp: 1185/448Kb lim: 944 exec/s: 15199 rss: 552Mb L: 186/935 MS: 1 EraseBytes-
#456088	REDUCE cov: 1723 ft: 6936 corp: 1185/448Kb lim: 944 exec/s: 15202 rss: 552Mb L: 115/935 MS: 2 ShuffleBytes-EraseBytes-
#456309	NEW    cov: 1724 ft: 6938 corp: 1186/449Kb lim: 944 exec/s: 15210 rss: 552Mb L: 937/937 MS: 1 CrossOver-
#456375	REDUCE cov: 1724 ft: 6939 corp: 1187/449Kb lim: 944 exec/s: 15212 rss: 552Mb L: 387/937 MS: 1 CopyPart-
#456705	REDUCE cov: 1724 ft: 6939 corp: 1187/449Kb lim: 944 exec/s: 15223 rss: 552Mb L: 53/937 MS: 5 ChangeASCIIInt-ChangeBinInt-ChangeASCIIInt-InsertByte-EraseBytes-
#456720	REDUCE cov: 1724 ft: 6939 corp: 1187/449Kb lim: 944 exec/s: 15224 rss: 552Mb L: 583/937 MS: 5 ChangeBit-ShuffleBytes-InsertByte-CopyPart-EraseBytes-
#456766	REDUCE cov: 1724 ft: 6939 corp: 1187/449Kb lim: 944 exec/s: 15225 rss: 552Mb L: 61/937 MS: 1 EraseBytes-
#457048	REDUCE cov: 1724 ft: 6939 corp: 1187/449Kb lim: 944 exec/s: 15234 rss: 552Mb L: 329/937 MS: 2 ShuffleBytes-EraseBytes-
#457054	REDUCE cov: 1724 ft: 6939 corp: 1187/449Kb lim: 944 exec/s: 15235 rss: 552Mb L: 417/937 MS: 1 EraseBytes-
#457175	REDUCE cov: 1724 ft: 6939 corp: 1187/449Kb lim: 944 exec/s: 15239 rss: 552Mb L: 323/937 MS: 1 EraseBytes-
#457616	REDUCE cov: 1724 ft: 6939 corp: 1187/449Kb lim: 944 exec/s: 15253 rss: 552Mb L: 323/937 MS: 1 EraseBytes-
#458018	REDUCE cov: 1724 ft: 6939 corp: 1187/449Kb lim: 944 exec/s: 15267 rss: 552Mb L: 122/937 MS: 2 CopyPart-EraseBytes-
#458189	REDUCE cov: 1724 ft: 6939 corp: 1187/449Kb lim: 944 exec/s: 15272 rss: 552Mb L: 140/937 MS: 1 EraseBytes-
#458276	REDUCE cov: 1724 ft: 6939 corp: 1187/449Kb lim: 944 exec/s: 15275 rss: 552Mb L: 262/937 MS: 2 CMP-EraseBytes- DE: "\0009"-
#458341	REDUCE cov: 1724 ft: 6939 corp: 1187/449Kb lim: 944 exec/s: 15278 rss: 552Mb L: 610/937 MS: 5 ChangeByte-CMP-ShuffleBytes-InsertByte-EraseBytes- DE: "\007\000\000\000\000\000\000\000"-
#458368	REDUCE cov: 1724 ft: 6941 corp: 1188/450Kb lim: 944 exec/s: 15278 rss: 552Mb L: 628/937 MS: 2 ChangeByte-CopyPart-
#458375	REDUCE cov: 1724 ft: 6941 corp: 1188/450Kb lim: 944 exec/s: 15279 rss: 552Mb L: 120/937 MS: 2 PersAutoDict-EraseBytes- DE: "G\004\000\000"-
#458426	REDUCE cov: 1724 ft: 6941 corp: 1188/450Kb lim: 944 exec/s: 15280 rss: 552Mb L: 286/937 MS: 1 EraseBytes-
#458496	NEW    cov: 1724 ft: 6943 corp: 1189/450Kb lim: 944 exec/s: 15283 rss: 552Mb L: 628/937 MS: 5 ChangeBit-CMP-ChangeBit-ChangeByte-CopyPart- DE: "\001\000\000\024"-
#458650	REDUCE cov: 1724 ft: 6943 corp: 1189/450Kb lim: 944 exec/s: 15288 rss: 552Mb L: 121/937 MS: 4 InsertByte-ShuffleBytes-ChangeASCIIInt-EraseBytes-
#459292	REDUCE cov: 1724 ft: 6943 corp: 1189/450Kb lim: 944 exec/s: 15309 rss: 552Mb L: 150/937 MS: 2 ChangeBit-EraseBytes-
#459488	REDUCE cov: 1724 ft: 6943 corp: 1189/450Kb lim: 944 exec/s: 15316 rss: 552Mb L: 257/937 MS: 1 EraseBytes-
#459574	NEW    cov: 1724 ft: 6946 corp: 1190/450Kb lim: 944 exec/s: 15319 rss: 552Mb L: 33/937 MS: 1 CopyPart-
#459780	REDUCE cov: 1724 ft: 6946 corp: 1190/450Kb lim: 944 exec/s: 15326 rss: 552Mb L: 61/937 MS: 1 EraseBytes-
#459901	REDUCE cov: 1724 ft: 6946 corp: 1190/450Kb lim: 944 exec/s: 15330 rss: 552Mb L: 803/937 MS: 1 EraseBytes-
#459979	REDUCE cov: 1724 ft: 6946 corp: 1190/450Kb lim: 944 exec/s: 15332 rss: 552Mb L: 216/937 MS: 3 ChangeBinInt-ChangeASCIIInt-EraseBytes-
#460020	REDUCE cov: 1724 ft: 6946 corp: 1190/450Kb lim: 944 exec/s: 15334 rss: 552Mb L: 340/937 MS: 1 EraseBytes-
#460086	REDUCE cov: 1724 ft: 6946 corp: 1190/450Kb lim: 944 exec/s: 15336 rss: 552Mb L: 522/937 MS: 1 EraseBytes-
#460354	REDUCE cov: 1724 ft: 6946 corp: 1190/450Kb lim: 944 exec/s: 15345 rss: 552Mb L: 759/937 MS: 3 ChangeASCIIInt-CopyPart-EraseBytes-
#460396	REDUCE cov: 1724 ft: 6946 corp: 1190/450Kb lim: 944 exec/s: 15346 rss: 552Mb L: 208/937 MS: 2 ShuffleBytes-EraseBytes-
#460448	REDUCE cov: 1724 ft: 6946 corp: 1190/450Kb lim: 944 exec/s: 15348 rss: 552Mb L: 558/937 MS: 2 ShuffleBytes-EraseBytes-
#460610	REDUCE cov: 1724 ft: 6946 corp: 1190/450Kb lim: 944 exec/s: 15353 rss: 552Mb L: 211/937 MS: 2 ChangeBit-EraseBytes-
#460621	REDUCE cov: 1724 ft: 6946 corp: 1190/450Kb lim: 944 exec/s: 15354 rss: 552Mb L: 147/937 MS: 1 EraseBytes-
#460723	REDUCE cov: 1724 ft: 6946 corp: 1190/450Kb lim: 944 exec/s: 15357 rss: 552Mb L: 109/937 MS: 2 PersAutoDict-EraseBytes- DE: "\001\000\000\000\000\000\000P"-
#460734	REDUCE cov: 1724 ft: 6946 corp: 1190/450Kb lim: 944 exec/s: 15357 rss: 552Mb L: 771/937 MS: 1 EraseBytes-
#460790	REDUCE cov: 1724 ft: 6946 corp: 1190/449Kb lim: 944 exec/s: 15359 rss: 552Mb L: 637/937 MS: 1 EraseBytes-
#460881	REDUCE cov: 1724 ft: 6946 corp: 1190/449Kb lim: 944 exec/s: 15362 rss: 552Mb L: 44/937 MS: 1 EraseBytes-
#460972	REDUCE cov: 1724 ft: 6946 corp: 1190/449Kb lim: 944 exec/s: 15365 rss: 552Mb L: 83/937 MS: 1 EraseBytes-
#461244	REDUCE cov: 1724 ft: 6946 corp: 1190/449Kb lim: 944 exec/s: 15374 rss: 552Mb L: 63/937 MS: 2 ChangeByte-EraseBytes-
#461317	REDUCE cov: 1724 ft: 6946 corp: 1190/449Kb lim: 944 exec/s: 15377 rss: 552Mb L: 100/937 MS: 3 InsertByte-PersAutoDict-EraseBytes- DE: "\005\000\000\000\000\000\000\000"-
#461381	REDUCE cov: 1724 ft: 6946 corp: 1190/449Kb lim: 944 exec/s: 15379 rss: 552Mb L: 211/937 MS: 4 ChangeBinInt-EraseBytes-ShuffleBytes-EraseBytes-
#461397	REDUCE cov: 1724 ft: 6946 corp: 1190/449Kb lim: 944 exec/s: 15379 rss: 552Mb L: 326/937 MS: 1 EraseBytes-
#461453	NEW    cov: 1724 ft: 6952 corp: 1191/450Kb lim: 944 exec/s: 15381 rss: 552Mb L: 825/937 MS: 1 CopyPart-
#461460	REDUCE cov: 1724 ft: 6952 corp: 1191/450Kb lim: 944 exec/s: 15382 rss: 552Mb L: 69/937 MS: 2 EraseBytes-PersAutoDict- DE: "P\002\000\000\000\000\000\000"-
#462002	REDUCE cov: 1724 ft: 6953 corp: 1192/450Kb lim: 944 exec/s: 15400 rss: 552Mb L: 285/937 MS: 2 ChangeBinInt-InsertRepeatedBytes-
#462155	REDUCE cov: 1724 ft: 6953 corp: 1192/450Kb lim: 944 exec/s: 15405 rss: 552Mb L: 44/937 MS: 3 CopyPart-InsertByte-EraseBytes-
#462288	REDUCE cov: 1724 ft: 6953 corp: 1192/450Kb lim: 944 exec/s: 15409 rss: 552Mb L: 58/937 MS: 3 CMP-CopyPart-EraseBytes- DE: "\012\000"-
#462690	REDUCE cov: 1724 ft: 6953 corp: 1192/450Kb lim: 944 exec/s: 15423 rss: 552Mb L: 286/937 MS: 2 InsertByte-EraseBytes-
#462732	REDUCE cov: 1724 ft: 6953 corp: 1192/450Kb lim: 944 exec/s: 15424 rss: 552Mb L: 649/937 MS: 2 ShuffleBytes-EraseBytes-
#462753	REDUCE cov: 1724 ft: 6953 corp: 1192/450Kb lim: 944 exec/s: 15425 rss: 552Mb L: 93/937 MS: 1 EraseBytes-
#462846	REDUCE cov: 1724 ft: 6953 corp: 1192/450Kb lim: 944 exec/s: 15428 rss: 552Mb L: 685/937 MS: 3 ChangeByte-ChangeBit-EraseBytes-
#462858	REDUCE cov: 1724 ft: 6953 corp: 1192/450Kb lim: 944 exec/s: 15428 rss: 552Mb L: 19/937 MS: 2 ChangeByte-EraseBytes-
#462925	REDUCE cov: 1724 ft: 6953 corp: 1192/450Kb lim: 944 exec/s: 15430 rss: 552Mb L: 502/937 MS: 2 ChangeBit-EraseBytes-
#463411	REDUCE cov: 1724 ft: 6953 corp: 1192/450Kb lim: 944 exec/s: 15447 rss: 552Mb L: 204/937 MS: 1 EraseBytes-
#463553	REDUCE cov: 1724 ft: 6953 corp: 1192/450Kb lim: 944 exec/s: 15451 rss: 552Mb L: 11/937 MS: 2 CopyPart-EraseBytes-
#463644	REDUCE cov: 1724 ft: 6953 corp: 1192/450Kb lim: 944 exec/s: 15454 rss: 552Mb L: 123/937 MS: 1 EraseBytes-
#463646	REDUCE cov: 1724 ft: 6953 corp: 1192/450Kb lim: 944 exec/s: 15454 rss: 552Mb L: 89/937 MS: 2 EraseBytes-CopyPart-
#463924	REDUCE cov: 1724 ft: 6953 corp: 1192/450Kb lim: 944 exec/s: 15464 rss: 552Mb L: 267/937 MS: 3 ChangeBit-ChangeBit-EraseBytes-
#464066	REDUCE cov: 1724 ft: 6953 corp: 1192/450Kb lim: 944 exec/s: 15468 rss: 552Mb L: 328/937 MS: 2 ShuffleBytes-EraseBytes-
#464523	REDUCE cov: 1724 ft: 6953 corp: 1192/450Kb lim: 944 exec/s: 15484 rss: 552Mb L: 469/937 MS: 2 PersAutoDict-EraseBytes- DE: "\001\000\000!"-
#465104	REDUCE cov: 1724 ft: 6953 corp: 1192/450Kb lim: 944 exec/s: 15503 rss: 552Mb L: 65/937 MS: 1 EraseBytes-
#465436	REDUCE cov: 1724 ft: 6953 corp: 1192/450Kb lim: 944 exec/s: 15514 rss: 552Mb L: 42/937 MS: 2 EraseBytes-InsertRepeatedBytes-
#465642	REDUCE cov: 1724 ft: 6953 corp: 1192/450Kb lim: 944 exec/s: 15521 rss: 552Mb L: 297/937 MS: 1 EraseBytes-
#465736	REDUCE cov: 1724 ft: 6953 corp: 1192/450Kb lim: 944 exec/s: 15524 rss: 552Mb L: 205/937 MS: 4 InsertByte-ChangeASCIIInt-InsertByte-EraseBytes-
#465877	REDUCE cov: 1724 ft: 6953 corp: 1192/450Kb lim: 944 exec/s: 15529 rss: 552Mb L: 391/937 MS: 1 EraseBytes-
#466193	REDUCE cov: 1724 ft: 6953 corp: 1192/450Kb lim: 944 exec/s: 15539 rss: 552Mb L: 452/937 MS: 1 EraseBytes-
#466255	REDUCE cov: 1724 ft: 6953 corp: 1192/450Kb lim: 944 exec/s: 15541 rss: 552Mb L: 139/937 MS: 2 ShuffleBytes-EraseBytes-
#466550	REDUCE cov: 1724 ft: 6953 corp: 1192/450Kb lim: 944 exec/s: 15551 rss: 552Mb L: 26/937 MS: 5 ChangeBit-CopyPart-ChangeBit-EraseBytes-CopyPart-
#466553	REDUCE cov: 1724 ft: 6953 corp: 1192/450Kb lim: 944 exec/s: 15551 rss: 552Mb L: 37/937 MS: 3 ChangeBit-ChangeBinInt-EraseBytes-
#466651	REDUCE cov: 1724 ft: 6953 corp: 1192/450Kb lim: 944 exec/s: 15555 rss: 552Mb L: 57/937 MS: 3 InsertByte-ShuffleBytes-EraseBytes-
#466762	REDUCE cov: 1724 ft: 6953 corp: 1192/450Kb lim: 944 exec/s: 15558 rss: 552Mb L: 192/937 MS: 1 EraseBytes-
#466773	REDUCE cov: 1724 ft: 6953 corp: 1192/450Kb lim: 944 exec/s: 15559 rss: 552Mb L: 406/937 MS: 1 EraseBytes-
#466776	REDUCE cov: 1724 ft: 6953 corp: 1192/450Kb lim: 944 exec/s: 15559 rss: 552Mb L: 617/937 MS: 3 ShuffleBytes-PersAutoDict-EraseBytes- DE: "q\000\000\000\000\000\000\000"-
#466932	REDUCE cov: 1724 ft: 6953 corp: 1192/450Kb lim: 944 exec/s: 15564 rss: 552Mb L: 73/937 MS: 1 EraseBytes-
#467134	REDUCE cov: 1724 ft: 6953 corp: 1192/450Kb lim: 944 exec/s: 15571 rss: 552Mb L: 124/937 MS: 2 InsertByte-EraseBytes-
#467301	REDUCE cov: 1724 ft: 6953 corp: 1192/450Kb lim: 944 exec/s: 15576 rss: 552Mb L: 96/937 MS: 2 InsertByte-EraseBytes-
#467896	DONE   cov: 1724 ft: 6953 corp: 1192/450Kb lim: 944 exec/s: 15093 rss: 552Mb
###### Recommended dictionary. ######
"\000\000\000\000" # Uses: 485
"\001\000\000\000\000\000\000\000" # Uses: 563
"\033\000\000\000\000\000\000\000" # Uses: 561
"\002\000\000\000\000\000\000\000" # Uses: 579
"\001\000\000@" # Uses: 493
"\376\377\377\377" # Uses: 516
"\000\306" # Uses: 538
"\001\000\000:" # Uses: 526
"\017\000" # Uses: 532
"\007\000" # Uses: 525
"\001\000\000\000" # Uses: 491
"\000\000\000\000\000\000\000\000" # Uses: 475
"\021\000\000\000\000\000\000\000" # Uses: 443
"\000\000\000\000\000\000\000\010" # Uses: 476
"\027\000\000\000" # Uses: 470
"\000\000\000\000\000\000\000l" # Uses: 476
"\000\000\000\016" # Uses: 455
"\377\377\377\377" # Uses: 473
"i\001" # Uses: 466
"\001\000\000\013" # Uses: 445
"\007\000\000\000\000\000\000\000" # Uses: 464
"\000\000\000\000\000\000\000\020" # Uses: 426
"\015\000\000\000" # Uses: 476
"\004\240" # Uses: 498
"\021\002" # Uses: 461
"\001\000" # Uses: 462
"fffffff\006" # Uses: 446
"\001\000\000\000\377\377\377\377" # Uses: 429
"\377\377\377\377\377\377\000O" # Uses: 462
"\001\000\000\000\000\000\000\015" # Uses: 454
"\001\000\000\012" # Uses: 423
"\000\000\000\354" # Uses: 425
"\001\000\000\000\000\000\000\003" # Uses: 394
"p\000\000\000\000\000\000\000" # Uses: 417
"\0043333333" # Uses: 465
"\222$I\222$I\222\004" # Uses: 456
"\004\003\000\000" # Uses: 408
"\000\000\000\000\000\000\000\203" # Uses: 412
"G\004\000\000" # Uses: 422
"\000\000\000\000\000\000\000\261" # Uses: 389
"\\\002\000\000\000\000\000\000" # Uses: 390
"\001\000\000\000\000\000\000\001" # Uses: 423
"\000\000\000\000\000\000\0016" # Uses: 407
"0.\000\000" # Uses: 441
"\005\000\000\000\000\000\000\000" # Uses: 400
"K\001\000\000\000\000\000\000" # Uses: 344
"\000\000\000\217" # Uses: 441
"\002V" # Uses: 362
"\000\000\000\000\000\000\000\002" # Uses: 387
"\001\000\0015" # Uses: 367
"\001\000\000!" # Uses: 385
"\000\000\003\034" # Uses: 399
"\3778" # Uses: 393
"\0023333333" # Uses: 399
"\033\003" # Uses: 351
"\001\000\000\000\000\000\002\012" # Uses: 361
"\377\377\377\377\377\377\377\007" # Uses: 365
"\377\377\377\377\377\377\377\002" # Uses: 363
"\376\377\377\377\377\377\377\377" # Uses: 334
"\363\001\000\000\000\000\000\000" # Uses: 320
"\000\000\000\000\000\000\000X" # Uses: 337
"\376\377\377\375" # Uses: 326
"\377\377\001b" # Uses: 311
"\012\000\000\000\000\000\000\000" # Uses: 286
"\000\000\000\000\000\000\001\025" # Uses: 293
"\000\011" # Uses: 291
"\001A" # Uses: 331
"\376\377\377\333" # Uses: 299
"\014\000" # Uses: 318
"\000\226" # Uses: 286
"\001\000\000N" # Uses: 282
"\000\000\002V" # Uses: 299
"\001\000\000\000\000\000\000\007" # Uses: 262
"\001\000\000\000\000\000\000\010" # Uses: 284
"0\000" # Uses: 282
"\000\000\000\000\000\000\000\004" # Uses: 278
"U\002" # Uses: 273
"\024\000" # Uses: 248
"\215\000\000\000\000\000\000\000" # Uses: 276
"\001\000\000\000\000\000\000:" # Uses: 271
"\365\377\377\377" # Uses: 258
"\003\000\000\000\000\000\000\000" # Uses: 278
"U\002\000\000" # Uses: 207
"\006\000\000\000\000\000\000\000" # Uses: 261
"\024\000\000\000" # Uses: 258
"\010\000" # Uses: 263
"\000\000\000\000\000\000\000\003" # Uses: 247
"\251\252\252\252\252\252\252\002" # Uses: 236
"\001\012" # Uses: 244
"^\004\000\000" # Uses: 215
"\021\000\000\000" # Uses: 259
"\000\000" # Uses: 228
"\001\000\001\000" # Uses: 218
"d\000\000\000\000\000\000\000" # Uses: 242
"\005\000" # Uses: 233
"7\002\000\000\000\000\000\000" # Uses: 219
"\001\000\002V" # Uses: 180
"\022\000\000\000" # Uses: 211
"G\004" # Uses: 231
"\000\000\000\000\000\000\0008" # Uses: 174
"\001\000\000\000\000\000\000\006" # Uses: 188
"sp\000\000" # Uses: 194
"\333h\000\000" # Uses: 166
"/\002" # Uses: 177
"OdR\374\036`\000\000" # Uses: 171
"\377\377\377\017" # Uses: 159
"\001\000\000\023" # Uses: 152
"x:\000\000" # Uses: 142
"\001\000\000\000\000\000\000P" # Uses: 157
"P\002\000\000\000\000\000\000" # Uses: 142
"\001\000\000\011" # Uses: 165
"\377\005" # Uses: 144
"\007\000\000\000" # Uses: 147
"\001\002" # Uses: 135
"\376\377\377\270" # Uses: 131
"\006UUUUUUU" # Uses: 128
"c\003\000\000\000\000\000\000" # Uses: 111
"\000w" # Uses: 123
"6\000\000\000\000\000\000\000" # Uses: 110
"\011\000" # Uses: 110
"G\001\000\000" # Uses: 106
"\001\000\000\000\000\000\000\002" # Uses: 93
"\377\377\377\377\377\377\377\037" # Uses: 107
"\010\000\000\000" # Uses: 112
"VUUUUUU\005" # Uses: 95
"\302\000\000\000" # Uses: 96
"@\003\000\000\000\000\000\000" # Uses: 109
"\344\377\377\377" # Uses: 86
"\262\002\000\000" # Uses: 71
"\026\000\000\000" # Uses: 91
"q\000\000\000\000\000\000\000" # Uses: 82
"\000\001\000\000" # Uses: 72
"\377\377\377\344" # Uses: 83
"\000\000\000\000\000\000\0019" # Uses: 71
"\374\377\377\377" # Uses: 78
"\377\377\377\377\377\377\002\212" # Uses: 60
")\000\000\000" # Uses: 73
"\377\377\377\377\377\377\377\003" # Uses: 58
"\000\023" # Uses: 34
"\004\000" # Uses: 25
"\372\002" # Uses: 25
"\0009" # Uses: 6
"\001\000\000\024" # Uses: 6
"\012\000" # Uses: 5
###### End of recommended dictionary. ######
Done 467896 runs in 31 second(s)
