started_at=2026-09-09T16:22:40Z
warning: binary `fuzz_bind` should have a kebab-case name
   |
 1 | /Users/user/code/rsWordParser/fuzz/target/.../fuzz_bind
   |                                               ^^^^^^^^^
   |
   = note: `cargo::non_kebab_case_bins` is set to `warn` by default
help: to change the binary name to `fuzz-bind`, convert `bin.name`
  --> Cargo.toml:58:8
   |
58 - name = "fuzz_bind"
58 + name = "fuzz-bind"
   |
warning: binary `fuzz_edit` should have a kebab-case name
   |
 1 | /Users/user/code/rsWordParser/fuzz/target/.../fuzz_edit
   |                                               ^^^^^^^^^
   |
help: to change the binary name to `fuzz-edit`, convert `bin.name`
  --> Cargo.toml:51:8
   |
51 - name = "fuzz_edit"
51 + name = "fuzz-edit"
   |
warning: binary `fuzz_embedded` should have a kebab-case name
   |
 1 | /Users/user/code/rsWordParser/fuzz/target/.../fuzz_embedded
   |                                               ^^^^^^^^^^^^^
   |
help: to change the binary name to `fuzz-embedded`, convert `bin.name`
  --> Cargo.toml:44:8
   |
44 - name = "fuzz_embedded"
44 + name = "fuzz-embedded"
   |
warning: binary `fuzz_instr` should have a kebab-case name
   |
 1 | /Users/user/code/rsWordParser/fuzz/target/.../fuzz_instr
   |                                               ^^^^^^^^^^
   |
help: to change the binary name to `fuzz-instr`, convert `bin.name`
  --> Cargo.toml:37:8
   |
37 - name = "fuzz_instr"
37 + name = "fuzz-instr"
   |
warning: binary `fuzz_xml` should have a kebab-case name
   |
 1 | /Users/user/code/rsWordParser/fuzz/target/.../fuzz_xml
   |                                               ^^^^^^^^
   |
help: to change the binary name to `fuzz-xml`, convert `bin.name`
  --> Cargo.toml:23:8
   |
23 - name = "fuzz_xml"
23 + name = "fuzz-xml"
   |
warning: binary `fuzz_zip` should have a kebab-case name
   |
 1 | /Users/user/code/rsWordParser/fuzz/target/.../fuzz_zip
   |                                               ^^^^^^^^
   |
help: to change the binary name to `fuzz-zip`, convert `bin.name`
  --> Cargo.toml:30:8
   |
30 - name = "fuzz_zip"
30 + name = "fuzz-zip"
   |
warning: `rsword-fuzz` (manifest) generated 6 warnings
warning: binary `rsword_e2e_driver` should have a kebab-case name
  |
1 | /Users/user/code/rsWordParser/fuzz/target/.../rsword_e2e_driver
  |                                               ^^^^^^^^^^^^^^^^^
  |
  = note: `cargo::non_kebab_case_bins` is set to `warn` by default
help: to change the binary name to `rsword-e2e-driver`, convert the file stem
  |
1 - src/bin/rsword_e2e_driver.rs
1 + src/bin/rsword-e2e-driver.rs
  |
warning: `rsword` (manifest) generated 1 warning
    Blocking waiting for file lock on package cache
    Blocking waiting for file lock on package cache
    Blocking waiting for file lock on package cache
    Blocking waiting for file lock on package cache
    Blocking waiting for file lock on build directory
    Finished `release` profile [optimized + debuginfo] target(s) in 0.07s
warning: binary `fuzz_bind` should have a kebab-case name
   |
 1 | /Users/user/code/rsWordParser/fuzz/target/.../fuzz_bind
   |                                               ^^^^^^^^^
   |
   = note: `cargo::non_kebab_case_bins` is set to `warn` by default
help: to change the binary name to `fuzz-bind`, convert `bin.name`
  --> Cargo.toml:58:8
   |
58 - name = "fuzz_bind"
58 + name = "fuzz-bind"
   |
warning: binary `fuzz_edit` should have a kebab-case name
   |
 1 | /Users/user/code/rsWordParser/fuzz/target/.../fuzz_edit
   |                                               ^^^^^^^^^
   |
help: to change the binary name to `fuzz-edit`, convert `bin.name`
  --> Cargo.toml:51:8
   |
51 - name = "fuzz_edit"
51 + name = "fuzz-edit"
   |
warning: binary `fuzz_embedded` should have a kebab-case name
   |
 1 | /Users/user/code/rsWordParser/fuzz/target/.../fuzz_embedded
   |                                               ^^^^^^^^^^^^^
   |
help: to change the binary name to `fuzz-embedded`, convert `bin.name`
  --> Cargo.toml:44:8
   |
44 - name = "fuzz_embedded"
44 + name = "fuzz-embedded"
   |
warning: binary `fuzz_instr` should have a kebab-case name
   |
 1 | /Users/user/code/rsWordParser/fuzz/target/.../fuzz_instr
   |                                               ^^^^^^^^^^
   |
help: to change the binary name to `fuzz-instr`, convert `bin.name`
  --> Cargo.toml:37:8
   |
37 - name = "fuzz_instr"
37 + name = "fuzz-instr"
   |
warning: binary `fuzz_xml` should have a kebab-case name
   |
 1 | /Users/user/code/rsWordParser/fuzz/target/.../fuzz_xml
   |                                               ^^^^^^^^
   |
help: to change the binary name to `fuzz-xml`, convert `bin.name`
  --> Cargo.toml:23:8
   |
23 - name = "fuzz_xml"
23 + name = "fuzz-xml"
   |
warning: binary `fuzz_zip` should have a kebab-case name
   |
 1 | /Users/user/code/rsWordParser/fuzz/target/.../fuzz_zip
   |                                               ^^^^^^^^
   |
help: to change the binary name to `fuzz-zip`, convert `bin.name`
  --> Cargo.toml:30:8
   |
30 - name = "fuzz_zip"
30 + name = "fuzz-zip"
   |
warning: `rsword-fuzz` (manifest) generated 6 warnings
warning: binary `rsword_e2e_driver` should have a kebab-case name
  |
1 | /Users/user/code/rsWordParser/fuzz/target/.../rsword_e2e_driver
  |                                               ^^^^^^^^^^^^^^^^^
  |
  = note: `cargo::non_kebab_case_bins` is set to `warn` by default
help: to change the binary name to `rsword-e2e-driver`, convert the file stem
  |
1 - src/bin/rsword_e2e_driver.rs
1 + src/bin/rsword-e2e-driver.rs
  |
warning: `rsword` (manifest) generated 1 warning
    Blocking waiting for file lock on package cache
    Blocking waiting for file lock on package cache
    Blocking waiting for file lock on package cache
    Blocking waiting for file lock on package cache
    Finished `release` profile [optimized + debuginfo] target(s) in 0.05s
     Running `target/aarch64-apple-darwin/release/fuzz_edit -artifact_prefix=/Users/user/code/rsWordParser/fuzz/artifacts/fuzz_edit/ -max_total_time=600 -timeout=20 -rss_limit_mb=4096 -artifact_prefix=/tmp/rsword-fuzz-long-artifacts-fuzz_edit.LsctYa/ /tmp/rsword-fuzz-long-fuzz_edit.y1nd5z`
INFO: Running with entropic power schedule (0xFF, 100).
INFO: Seed: 1119925155
INFO: Loaded 1 modules   (537056 inline 8-bit counters): 537056 [0x104bb5d90, 0x104c38f70), 
INFO: Loaded 1 PC tables (537056 PCs): 537056 [0x104c38f70,0x10546ad70), 
INFO:        0 files found in /tmp/rsword-fuzz-long-fuzz_edit.y1nd5z
INFO: -max_len is not provided; libFuzzer will not generate inputs larger than 4096 bytes
INFO: A corpus is not provided, starting from an empty corpus
#2	INITED cov: 4340 ft: 4331 corp: 1/1b exec/s: 0 rss: 57Mb
	NEW_FUNC[1/49]: 0x000102bf6cd4 in _RINvNtCs7oq3hgLOR5a_4core3ptr9drop_glueNtNtCsaadRk6yvHw6_6rsword4span12RevisionMetaECslqJCdR8cZKn_9fuzz_edit mod.rs:848
	NEW_FUNC[2/49]: 0x000102c059f8 in _RINvNtCs7oq3hgLOR5a_4core3ptr9drop_glueNtNtNtCsaadRk6yvHw6_6rsword5model5table10TableBlockECslqJCdR8cZKn_9fuzz_edit mod.rs:848
#3	NEW    cov: 5234 ft: 6169 corp: 2/2b lim: 4 exec/s: 0 rss: 61Mb L: 1/1 MS: 1 ChangeBit-
#4	NEW    cov: 5238 ft: 6179 corp: 3/3b lim: 4 exec/s: 0 rss: 62Mb L: 1/1 MS: 1 ShuffleBytes-
#5	NEW    cov: 5239 ft: 6182 corp: 4/5b lim: 4 exec/s: 0 rss: 63Mb L: 2/2 MS: 1 CrossOver-
#6	NEW    cov: 5241 ft: 6185 corp: 5/6b lim: 4 exec/s: 0 rss: 64Mb L: 1/2 MS: 1 ChangeBit-
#7	NEW    cov: 5243 ft: 6189 corp: 6/7b lim: 4 exec/s: 0 rss: 66Mb L: 1/2 MS: 1 CrossOver-
	NEW_FUNC[1/32]: 0x000102bd4714 in _RINvNtCs7oq3hgLOR5a_4core3ptr9drop_glueINtNtCs7a5mATVz8u3_5alloc3vec3VecNtNtNtCsaadRk6yvHw6_6rsword5model6inline6InlineEECslqJCdR8cZKn_9fuzz_edit mod.rs:848
	NEW_FUNC[2/32]: 0x000102bdbc08 in _RINvNtCs7oq3hgLOR5a_4core3ptr9drop_glueINtNtCs7a5mATVz8u3_5alloc3vec3VecNtNtNtNtCsaadRk6yvHw6_6rsword4span5field5instr10InstrTokenEECslqJCdR8cZKn_9fuzz_edit mod.rs:848
#8	NEW    cov: 5944 ft: 7292 corp: 7/8b lim: 4 exec/s: 0 rss: 67Mb L: 1/2 MS: 1 ChangeBinInt-
#9	NEW    cov: 5946 ft: 7297 corp: 8/12b lim: 4 exec/s: 0 rss: 68Mb L: 4/4 MS: 1 CrossOver-
#10	NEW    cov: 5947 ft: 7301 corp: 9/14b lim: 4 exec/s: 0 rss: 69Mb L: 2/4 MS: 1 ShuffleBytes-
#11	NEW    cov: 5947 ft: 7302 corp: 10/16b lim: 4 exec/s: 0 rss: 70Mb L: 2/4 MS: 1 ShuffleBytes-
#12	NEW    cov: 5953 ft: 7308 corp: 11/18b lim: 4 exec/s: 0 rss: 71Mb L: 2/4 MS: 1 InsertByte-
#13	NEW    cov: 5954 ft: 7315 corp: 12/19b lim: 4 exec/s: 0 rss: 73Mb L: 1/4 MS: 1 ChangeBinInt-
#14	NEW    cov: 5954 ft: 7322 corp: 13/20b lim: 4 exec/s: 0 rss: 74Mb L: 1/4 MS: 1 ChangeByte-
#18	NEW    cov: 5954 ft: 7323 corp: 14/23b lim: 4 exec/s: 0 rss: 78Mb L: 3/4 MS: 4 CopyPart-CopyPart-EraseBytes-InsertByte-
#19	NEW    cov: 5954 ft: 7324 corp: 15/24b lim: 4 exec/s: 0 rss: 80Mb L: 1/4 MS: 1 ShuffleBytes-
	NEW_FUNC[1/20]: 0x000102bbf09c in _RINvNtCs7oq3hgLOR5a_4core3ptr9drop_glueINtNtB4_6option6OptionNtNtNtCsaadRk6yvHw6_6rsword5model7drawing11LineDisplayEECslqJCdR8cZKn_9fuzz_edit mod.rs:848
	NEW_FUNC[2/20]: 0x000102c0a018 in _RINvNtCs7oq3hgLOR5a_4core3ptr9drop_glueNtNtNtCsaadRk6yvHw6_6rsword5model7drawing14DrawingDisplayECslqJCdR8cZKn_9fuzz_edit mod.rs:848
#20	NEW    cov: 6296 ft: 8157 corp: 16/25b lim: 4 exec/s: 0 rss: 81Mb L: 1/4 MS: 1 ChangeByte-
#21	NEW    cov: 6322 ft: 8460 corp: 17/26b lim: 4 exec/s: 0 rss: 82Mb L: 1/4 MS: 1 ChangeBinInt-
	NEW_FUNC[1/128]: 0x000102bca5d4 in _RINvNtCs7oq3hgLOR5a_4core3ptr9drop_glueINtNtB4_6result6ResultNtNtNtCsaadRk6yvHw6_6rsword4edit4plan14MutationResultNtNtB13_5error5ErrorEECslqJCdR8cZKn_9fuzz_edit mod.rs:848
	NEW_FUNC[2/128]: 0x000102bf17c4 in _RINvNtCs7oq3hgLOR5a_4core3ptr9drop_glueNtNtCsaadRk6yvHw6_6rsword4edit11EditContextECslqJCdR8cZKn_9fuzz_edit mod.rs:848
#23	NEW    cov: 7944 ft: 10381 corp: 18/28b lim: 4 exec/s: 0 rss: 86Mb L: 2/4 MS: 2 ShuffleBytes-CrossOver-
#24	NEW    cov: 7946 ft: 10385 corp: 19/32b lim: 4 exec/s: 0 rss: 87Mb L: 4/4 MS: 1 InsertByte-
	NEW_FUNC[1/2]: 0x000102e1ded8 in _RINvNtCs7oq3hgLOR5a_4core3ptr9drop_glueNtNtNtCsaadRk6yvHw6_6rsword8semantic5props7SpacingEBH_+0x0 (fuzz_edit:arm64+0x100265ed8)
	NEW_FUNC[2/2]: 0x0001043dc388 in _RNvXsg8_NtNtCsaadRk6yvHw6_6rsword8semantic5propsNtB6_7SpacingNtNtCs7oq3hgLOR5a_4core5clone5Clone5clone+0x0 (fuzz_edit:arm64+0x101824388)
#25	NEW    cov: 7982 ft: 10739 corp: 20/34b lim: 4 exec/s: 0 rss: 88Mb L: 2/4 MS: 1 ChangeBit-
#29	NEW    cov: 7983 ft: 10743 corp: 21/36b lim: 4 exec/s: 0 rss: 93Mb L: 2/4 MS: 4 InsertByte-InsertByte-EraseBytes-ChangeBinInt-
#30	NEW    cov: 7983 ft: 10750 corp: 22/40b lim: 4 exec/s: 0 rss: 95Mb L: 4/4 MS: 1 ChangeByte-
#32	NEW    cov: 7984 ft: 10752 corp: 23/42b lim: 4 exec/s: 0 rss: 97Mb L: 2/4 MS: 2 InsertByte-ShuffleBytes-
#35	NEW    cov: 7984 ft: 10754 corp: 24/43b lim: 4 exec/s: 0 rss: 100Mb L: 1/4 MS: 3 ShuffleBytes-ChangeBinInt-EraseBytes-
#37	NEW    cov: 7990 ft: 10812 corp: 25/45b lim: 4 exec/s: 0 rss: 102Mb L: 2/4 MS: 2 ChangeBit-InsertByte-
	NEW_FUNC[1/192]: 0x000102bef918 in _RINvNtCs7oq3hgLOR5a_4core3ptr9drop_glueINtNtNtNtCsaUuYFEltIKL_3std11collections4hash3set7HashSetNtNtCs7a5mATVz8u3_5alloc6string6StringEECslqJCdR8cZKn_9fuzz_edit mod.rs:848
	NEW_FUNC[2/192]: 0x000104670520 in _RINvMNtNtCsaUuYFEltIKL_3std4sync9once_lockINtB3_8OnceLockyE10initializeNCINvB2_11get_or_initNCINvMsd_NtCsiM9RhRMGE50_3zip5writeINtNtB1B_10zip_writer9ZipWriterINtNtNtCs7oq3hgLOR5a_4core2io6cursor6CursorINtNtCs7a5mATVz8u3_5alloc3vec3VechEEE11start_entryNtNtB3i_6string6StringNtB1B_19ExtendedFileOptionsE0E0zECsaadRk6yvHw6_6rsword+0x0 (fuzz_edit:arm64+0x101ab8520)
#38	NEW    cov: 11168 ft: 16995 corp: 26/49b lim: 4 exec/s: 0 rss: 109Mb L: 4/4 MS: 1 ChangeBinInt-
#39	NEW    cov: 11168 ft: 16996 corp: 27/53b lim: 4 exec/s: 0 rss: 110Mb L: 4/4 MS: 1 CrossOver-
#40	NEW    cov: 11168 ft: 16999 corp: 28/54b lim: 4 exec/s: 0 rss: 112Mb L: 1/4 MS: 1 ShuffleBytes-
#43	NEW    cov: 11170 ft: 17001 corp: 29/55b lim: 4 exec/s: 0 rss: 115Mb L: 1/4 MS: 3 EraseBytes-CrossOver-ChangeByte-
#45	NEW    cov: 11170 ft: 17004 corp: 30/56b lim: 4 exec/s: 0 rss: 118Mb L: 1/4 MS: 2 ChangeBit-CopyPart-
#46	NEW    cov: 11171 ft: 17007 corp: 31/57b lim: 4 exec/s: 0 rss: 119Mb L: 1/4 MS: 1 ShuffleBytes-
#47	REDUCE cov: 11171 ft: 17007 corp: 31/56b lim: 4 exec/s: 0 rss: 120Mb L: 1/4 MS: 1 EraseBytes-
#49	NEW    cov: 11171 ft: 17008 corp: 32/58b lim: 4 exec/s: 0 rss: 122Mb L: 2/4 MS: 2 CopyPart-ChangeBit-
#58	REDUCE cov: 11174 ft: 17019 corp: 33/59b lim: 4 exec/s: 0 rss: 133Mb L: 1/4 MS: 4 ChangeByte-ChangeBit-ChangeByte-ChangeASCIIInt-
#59	NEW    cov: 11174 ft: 17021 corp: 34/62b lim: 4 exec/s: 0 rss: 134Mb L: 3/4 MS: 1 CMP- DE: "\264\002"-
#60	NEW    cov: 11174 ft: 17022 corp: 35/65b lim: 4 exec/s: 0 rss: 135Mb L: 3/4 MS: 1 EraseBytes-
	NEW_FUNC[1/29]: 0x000104681db8 in _RINvMs6_NtCsbj6Qx8ZjbjC_9hashbrown3rawINtB6_8RawTableTNtNtNtCsaadRk6yvHw6_6rsword3xml2ns9PrefixUseuEE14reserve_rehashNCINvNtB8_3map11make_hasherBQ_uNtNtNtCsaUuYFEltIKL_3std4hash6random11RandomStateE0EBW_+0x0 (fuzz_edit:arm64+0x101ac9db8)
	NEW_FUNC[2/29]: 0x00010468c798 in _RINvMs6_NtCsbj6Qx8ZjbjC_9hashbrown3rawINtB6_8RawTableTNtNtNtCsaadRk6yvHw6_6rsword3xml3dom6NodeIduEE14reserve_rehashNCINvNtB8_3map11make_hasherBQ_uNtNtNtCsaUuYFEltIKL_3std4hash6random11RandomStateE0EBW_+0x0 (fuzz_edit:arm64+0x101ad4798)
#62	NEW    cov: 11760 ft: 19417 corp: 36/68b lim: 4 exec/s: 0 rss: 139Mb L: 3/4 MS: 2 ChangeByte-InsertByte-
#64	NEW    cov: 11760 ft: 19418 corp: 37/70b lim: 4 exec/s: 0 rss: 142Mb L: 2/4 MS: 2 CopyPart-CopyPart-
	NEW_FUNC[1/1]: 0x000103c11448 in _RNvNtNtCsaadRk6yvHw6_6rsword4edit3ops12add_bookmark+0x0 (fuzz_edit:arm64+0x101059448)
#67	NEW    cov: 11787 ft: 19508 corp: 38/73b lim: 4 exec/s: 0 rss: 145Mb L: 3/4 MS: 3 ChangeBit-CopyPart-ChangeBinInt-
	NEW_FUNC[1/7]: 0x000102d0d3f4 in _RINvNtCs7oq3hgLOR5a_4core3ptr9drop_glueINtNtCs7a5mATVz8u3_5alloc3vec3VecNtNtNtCsaadRk6yvHw6_6rsword5model7drawing12ImageDisplayEEB1e_+0x0 (fuzz_edit:arm64+0x1001553f4)
	NEW_FUNC[2/7]: 0x000102ddad6c in _RINvNtCs7oq3hgLOR5a_4core3ptr9drop_glueNtNtNtCsaadRk6yvHw6_6rsword5model7drawing12ImageDisplayEBH_+0x0 (fuzz_edit:arm64+0x100222d6c)
#68	NEW    cov: 11913 ft: 19850 corp: 39/77b lim: 4 exec/s: 0 rss: 146Mb L: 4/4 MS: 1 CrossOver-
	NEW_FUNC[1/3]: 0x000103c415e0 in _RNvNtNtCsaadRk6yvHw6_6rsword4edit3ops15merge_with_next+0x0 (fuzz_edit:arm64+0x1010895e0)
	NEW_FUNC[2/3]: 0x000103c892a0 in _RNvNtNtCsaadRk6yvHw6_6rsword4edit3ops20next_element_sibling+0x0 (fuzz_edit:arm64+0x1010d12a0)
#69	NEW    cov: 11951 ft: 19890 corp: 40/80b lim: 4 exec/s: 0 rss: 148Mb L: 3/4 MS: 1 InsertByte-
#71	NEW    cov: 11951 ft: 19891 corp: 41/84b lim: 4 exec/s: 0 rss: 150Mb L: 4/4 MS: 2 CopyPart-PersAutoDict- DE: "\264\002"-
#73	NEW    cov: 11951 ft: 19892 corp: 42/88b lim: 4 exec/s: 0 rss: 152Mb L: 4/4 MS: 2 InsertByte-CopyPart-
	NEW_FUNC[1/5]: 0x000102d5c7a8 in _RINvNtCs7oq3hgLOR5a_4core3ptr9drop_glueINtNtNtCs7a5mATVz8u3_5alloc3vec9into_iter8IntoIterNtNtNtCsaadRk6yvHw6_6rsword5model8revision10RevisionIdEEB1v_+0x0 (fuzz_edit:arm64+0x1001a47a8)
	NEW_FUNC[2/5]: 0x00010372e828 in _RNCNvNtNtCsaadRk6yvHw6_6rsword4edit12revision_ops11field_group0B7_+0x0 (fuzz_edit:arm64+0x100b76828)
#75	NEW    cov: 12042 ft: 20463 corp: 43/91b lim: 4 exec/s: 0 rss: 156Mb L: 3/4 MS: 2 CopyPart-ChangeBit-
#77	NEW    cov: 12042 ft: 20481 corp: 44/94b lim: 4 exec/s: 0 rss: 159Mb L: 3/4 MS: 2 ShuffleBytes-ChangeBit-
#78	NEW    cov: 12044 ft: 20483 corp: 45/98b lim: 4 exec/s: 0 rss: 163Mb L: 4/4 MS: 1 CopyPart-
	NEW_FUNC[1/10]: 0x000102d0c190 in _RINvNtCs7oq3hgLOR5a_4core3ptr9drop_glueINtNtCs7a5mATVz8u3_5alloc3vec3VecNtNtNtCsaadRk6yvHw6_6rsword5model6inline6InlineEEB1e_+0x0 (fuzz_edit:arm64+0x100154190)
	NEW_FUNC[2/10]: 0x000102d1d78c in _RINvNtCs7oq3hgLOR5a_4core3ptr9drop_glueINtNtCs7a5mATVz8u3_5alloc3vec3VecNtNtNtNtCsaadRk6yvHw6_6rsword4span5field5instr10InstrTokenEEB1g_+0x0 (fuzz_edit:arm64+0x10016578c)
#81	NEW    cov: 12206 ft: 21060 corp: 46/100b lim: 4 exec/s: 0 rss: 166Mb L: 2/4 MS: 3 CopyPart-ShuffleBytes-CrossOver-
#83	NEW    cov: 12206 ft: 21061 corp: 47/101b lim: 4 exec/s: 0 rss: 169Mb L: 1/4 MS: 2 ShuffleBytes-ChangeByte-
#86	NEW    cov: 12206 ft: 21062 corp: 48/103b lim: 4 exec/s: 0 rss: 171Mb L: 2/4 MS: 3 PersAutoDict-ShuffleBytes-ChangeBit- DE: "\264\002"-
#100	NEW    cov: 12206 ft: 21064 corp: 49/104b lim: 4 exec/s: 0 rss: 186Mb L: 1/4 MS: 4 ChangeBinInt-CrossOver-EraseBytes-ChangeBinInt-
#105	NEW    cov: 12206 ft: 21081 corp: 50/108b lim: 4 exec/s: 0 rss: 192Mb L: 4/4 MS: 5 ChangeBit-CopyPart-ChangeBinInt-InsertByte-CopyPart-
#113	NEW    cov: 12206 ft: 21083 corp: 51/111b lim: 4 exec/s: 0 rss: 201Mb L: 3/4 MS: 3 CrossOver-PersAutoDict-ChangeBinInt- DE: "\264\002"-
#116	NEW    cov: 12206 ft: 21084 corp: 52/112b lim: 4 exec/s: 0 rss: 204Mb L: 1/4 MS: 3 InsertByte-EraseBytes-CrossOver-
#117	NEW    cov: 12206 ft: 21086 corp: 53/115b lim: 4 exec/s: 0 rss: 205Mb L: 3/4 MS: 1 CMP- DE: "M\003"-
#120	NEW    cov: 12206 ft: 21088 corp: 54/116b lim: 4 exec/s: 0 rss: 208Mb L: 1/4 MS: 3 ChangeByte-CopyPart-ShuffleBytes-
#126	NEW    cov: 12208 ft: 21090 corp: 55/117b lim: 4 exec/s: 0 rss: 214Mb L: 1/4 MS: 1 CopyPart-
	NEW_FUNC[1/4]: 0x0001046962dc in _RINvMs6_NtCsbj6Qx8ZjbjC_9hashbrown3rawINtB6_8RawTableTTNtNtNtCsaadRk6yvHw6_6rsword4span5index10RangeClassNtNtCs7a5mATVz8u3_5alloc6string6StringENtBV_6SpanIdEE14reserve_rehashNCINvNtB8_3map11make_hasherBQ_B2i_NtNtNtCsaUuYFEltIKL_3std4hash6random11RandomStateE0EBX_+0x0 (fuzz_edit:arm64+0x101ade2dc)
	NEW_FUNC[2/4]: 0x000103b0e010 in _RNvMs_NtNtCsaadRk6yvHw6_6rsword4span9transformNtB4_12ContentDelta7is_dead+0x0 (fuzz_edit:arm64+0x100f56010)
#129	NEW    cov: 12383 ft: 22332 corp: 56/120b lim: 4 exec/s: 0 rss: 219Mb L: 3/4 MS: 3 CopyPart-ChangeBit-PersAutoDict- DE: "M\003"-
#130	NEW    cov: 12383 ft: 22333 corp: 57/124b lim: 4 exec/s: 0 rss: 221Mb L: 4/4 MS: 1 CopyPart-
#134	NEW    cov: 12383 ft: 22395 corp: 58/128b lim: 4 exec/s: 0 rss: 226Mb L: 4/4 MS: 4 CopyPart-CrossOver-CopyPart-PersAutoDict- DE: "M\003"-
#137	NEW    cov: 12385 ft: 22397 corp: 59/131b lim: 4 exec/s: 0 rss: 229Mb L: 3/4 MS: 3 CrossOver-CopyPart-InsertByte-
#139	NEW    cov: 12385 ft: 22399 corp: 60/133b lim: 4 exec/s: 0 rss: 232Mb L: 2/4 MS: 2 ChangeBit-ShuffleBytes-
	NEW_FUNC[1/4]: 0x000103216c2c in _RINvXs1_NtNtNtCs7oq3hgLOR5a_4core4iter8adapters6filterINtB6_6FilterINtNtB8_6copied6CopiedINtNtNtBc_5slice4iter4IterNtNtNtCsaadRk6yvHw6_6rsword3xml3dom6NodeIdEENCNvNtNtB1V_4edit12revision_ops13live_children0ENtNtNtBa_6traits8iterator8Iterator8try_folduNCINvB6_15filter_try_foldB1P_uINtNtNtBc_3ops12control_flow11ControlFlowuENCNvB2B_8plan_jobs_0NCINvNvB3j_3all5checkB1P_NCB5e_s0_0E0E0B4v_EB1V_+0x0 (fuzz_edit:arm64+0x10065ec2c)
	NEW_FUNC[2/4]: 0x000103be0ac4 in _RNvNtNtCsaadRk6yvHw6_6rsword4edit12revision_ops13live_children+0x0 (fuzz_edit:arm64+0x101028ac4)
#142	REDUCE cov: 12496 ft: 23093 corp: 61/137b lim: 4 exec/s: 0 rss: 239Mb L: 4/4 MS: 3 ChangeBit-InsertByte-CrossOver-
#144	NEW    cov: 12496 ft: 23096 corp: 62/139b lim: 4 exec/s: 0 rss: 241Mb L: 2/4 MS: 2 CrossOver-ChangeBit-
#145	NEW    cov: 12496 ft: 23098 corp: 63/143b lim: 4 exec/s: 0 rss: 244Mb L: 4/4 MS: 1 InsertByte-
#146	NEW    cov: 12496 ft: 23102 corp: 64/146b lim: 4 exec/s: 0 rss: 247Mb L: 3/4 MS: 1 ChangeByte-
#154	NEW    cov: 12497 ft: 23103 corp: 65/148b lim: 4 exec/s: 0 rss: 255Mb L: 2/4 MS: 3 ChangeBinInt-EraseBytes-ChangeBinInt-
#156	NEW    cov: 12497 ft: 23104 corp: 66/152b lim: 4 exec/s: 0 rss: 258Mb L: 4/4 MS: 2 ShuffleBytes-PersAutoDict- DE: "M\003"-
#160	NEW    cov: 12505 ft: 23112 corp: 67/156b lim: 4 exec/s: 0 rss: 262Mb L: 4/4 MS: 4 CrossOver-CopyPart-ShuffleBytes-CopyPart-
#168	NEW    cov: 12505 ft: 23113 corp: 68/158b lim: 4 exec/s: 0 rss: 271Mb L: 2/4 MS: 3 ChangeBit-ChangeBinInt-CopyPart-
#175	NEW    cov: 12505 ft: 23114 corp: 69/160b lim: 4 exec/s: 0 rss: 278Mb L: 2/4 MS: 2 ChangeByte-ChangeBit-
	NEW_FUNC[1/3]: 0x00010378eec4 in _RNvMNtNtCsaadRk6yvHw6_6rsword4edit5trackNtB2_7Tracker3new+0x0 (fuzz_edit:arm64+0x100bd6ec4)
	NEW_FUNC[2/3]: 0x000103b0c5e0 in _RNvMs_NtNtCsaadRk6yvHw6_6rsword4span9transformNtB4_12ContentDelta15under_dead_root+0x0 (fuzz_edit:arm64+0x100f545e0)
#177	NEW    cov: 12636 ft: 23590 corp: 70/164b lim: 4 exec/s: 0 rss: 281Mb L: 4/4 MS: 2 CrossOver-PersAutoDict- DE: "M\003"-
	NEW_FUNC[1/1]: 0x000103c16664 in _RNvNtNtCsaadRk6yvHw6_6rsword4edit3ops12delete_block+0x0 (fuzz_edit:arm64+0x10105e664)
#180	NEW    cov: 12661 ft: 24287 corp: 71/167b lim: 4 exec/s: 0 rss: 286Mb L: 3/4 MS: 3 CopyPart-ChangeBinInt-ChangeByte-
	NEW_FUNC[1/1]: 0x000102c6bc44 in _RINvMs1_NtCsbj6Qx8ZjbjC_9hashbrown3mapINtB6_7HashMapNtNtCs7a5mATVz8u3_5alloc6string6StringuNtNtNtCsaUuYFEltIKL_3std4hash6random11RandomStateE12contains_keyBO_ECsaadRk6yvHw6_6rsword+0x0 (fuzz_edit:arm64+0x1000b3c44)
#182	NEW    cov: 12688 ft: 25188 corp: 72/170b lim: 4 exec/s: 0 rss: 290Mb L: 3/4 MS: 2 CrossOver-EraseBytes-
#205	NEW    cov: 12688 ft: 25189 corp: 73/172b lim: 4 exec/s: 0 rss: 314Mb L: 2/4 MS: 3 CopyPart-ChangeBit-CopyPart-
#210	NEW    cov: 12692 ft: 25194 corp: 74/174b lim: 4 exec/s: 0 rss: 319Mb L: 2/4 MS: 5 CrossOver-ChangeBit-EraseBytes-ChangeBinInt-ChangeBinInt-
#222	NEW    cov: 12693 ft: 25202 corp: 75/177b lim: 4 exec/s: 0 rss: 327Mb L: 3/4 MS: 2 ShuffleBytes-EraseBytes-
#224	NEW    cov: 12694 ft: 25203 corp: 76/180b lim: 4 exec/s: 0 rss: 328Mb L: 3/4 MS: 2 ChangeByte-PersAutoDict- DE: "M\003"-
#226	NEW    cov: 12703 ft: 25313 corp: 77/184b lim: 4 exec/s: 0 rss: 329Mb L: 4/4 MS: 2 InsertByte-PersAutoDict- DE: "M\003"-
#232	NEW    cov: 12703 ft: 25324 corp: 78/187b lim: 4 exec/s: 0 rss: 331Mb L: 3/4 MS: 1 CrossOver-
#234	NEW    cov: 12705 ft: 25474 corp: 79/191b lim: 4 exec/s: 0 rss: 332Mb L: 4/4 MS: 2 ShuffleBytes-CopyPart-
#244	NEW    cov: 12705 ft: 25479 corp: 80/195b lim: 4 exec/s: 0 rss: 335Mb L: 4/4 MS: 5 ChangeByte-ChangeBit-InsertByte-ChangeBit-ChangeBinInt-
#245	NEW    cov: 12705 ft: 25481 corp: 81/199b lim: 4 exec/s: 0 rss: 336Mb L: 4/4 MS: 1 ChangeByte-
#246	NEW    cov: 12705 ft: 25484 corp: 82/203b lim: 4 exec/s: 0 rss: 336Mb L: 4/4 MS: 1 CrossOver-
#254	NEW    cov: 12709 ft: 25536 corp: 83/206b lim: 4 exec/s: 0 rss: 338Mb L: 3/4 MS: 3 ChangeByte-InsertByte-CrossOver-
#255	NEW    cov: 12709 ft: 25537 corp: 84/208b lim: 4 exec/s: 0 rss: 338Mb L: 2/4 MS: 1 ChangeByte-
#258	NEW    cov: 12710 ft: 25538 corp: 85/212b lim: 4 exec/s: 258 rss: 339Mb L: 4/4 MS: 3 CrossOver-ChangeByte-CopyPart-
	NEW_FUNC[1/8]: 0x00010467a574 in _RINvMs6_NtCsbj6Qx8ZjbjC_9hashbrown3rawINtB6_8RawTableTNtNtCsaadRk6yvHw6_6rsword7package6PartIdINtNtCs7a5mATVz8u3_5alloc3vec3VecBQ_EEE14reserve_rehashNCINvNtB8_3map11make_hasherBQ_B1u_NtNtNtCsaUuYFEltIKL_3std4hash6random11RandomStateE0EBU_+0x0 (fuzz_edit:arm64+0x101ac2574)
	NEW_FUNC[2/8]: 0x000104680b3c in _RINvMs6_NtCsbj6Qx8ZjbjC_9hashbrown3rawINtB6_8RawTableTNtNtCsaadRk6yvHw6_6rsword7package6PartIduEE14reserve_rehashNCINvNtB8_3map11make_hasherBQ_uNtNtNtCsaUuYFEltIKL_3std4hash6random11RandomStateE0EBU_+0x0 (fuzz_edit:arm64+0x101ac8b3c)
#260	NEW    cov: 12970 ft: 27524 corp: 86/215b lim: 4 exec/s: 260 rss: 340Mb L: 3/4 MS: 2 InsertByte-InsertByte-
#264	NEW    cov: 12970 ft: 27526 corp: 87/218b lim: 4 exec/s: 264 rss: 341Mb L: 3/4 MS: 4 CopyPart-CopyPart-CrossOver-PersAutoDict- DE: "\264\002"-
#266	NEW    cov: 12971 ft: 27529 corp: 88/221b lim: 4 exec/s: 266 rss: 341Mb L: 3/4 MS: 2 ChangeByte-CrossOver-
	NEW_FUNC[1/16]: 0x000102d5fbc0 in _RINvNtCs7oq3hgLOR5a_4core3ptr9drop_glueINtNtNtCs7a5mATVz8u3_5alloc3vec9into_iter8IntoIterRNtNtNtCsaadRk6yvHw6_6rsword5model5block5BlockEEB1w_+0x0 (fuzz_edit:arm64+0x1001a7bc0)
	NEW_FUNC[2/16]: 0x000103777310 in _RNvMNtNtCsaadRk6yvHw6_6rsword3xml3mceNtNtB4_3dom3Dom17semantic_children+0x0 (fuzz_edit:arm64+0x100bbf310)
#267	NEW    cov: 13160 ft: 28063 corp: 89/225b lim: 4 exec/s: 267 rss: 343Mb L: 4/4 MS: 1 ChangeByte-
#277	NEW    cov: 13161 ft: 28064 corp: 90/228b lim: 4 exec/s: 277 rss: 344Mb L: 3/4 MS: 5 CopyPart-PersAutoDict-CrossOver-EraseBytes-CrossOver- DE: "\264\002"-
#286	NEW    cov: 13165 ft: 28068 corp: 91/229b lim: 4 exec/s: 286 rss: 344Mb L: 1/4 MS: 4 EraseBytes-ChangeByte-ShuffleBytes-ChangeByte-
#296	NEW    cov: 13181 ft: 28568 corp: 92/233b lim: 4 exec/s: 296 rss: 346Mb L: 4/4 MS: 5 EraseBytes-ChangeByte-ChangeByte-PersAutoDict-CMP- DE: "\264\002"-"\317\002"-
#302	NEW    cov: 13181 ft: 28570 corp: 93/235b lim: 4 exec/s: 302 rss: 346Mb L: 2/4 MS: 1 EraseBytes-
	NEW_FUNC[1/13]: 0x000102d33ce8 in _RINvNtCs7oq3hgLOR5a_4core3ptr9drop_glueINtNtCs7a5mATVz8u3_5alloc3vec3VecTRNtNtNtCsaadRk6yvHw6_6rsword5model5block5BlockIBC_NtNtB1e_5table9BlockStepEEEEB1g_+0x0 (fuzz_edit:arm64+0x10017bce8)
	NEW_FUNC[2/13]: 0x000102d38728 in _RINvNtCs7oq3hgLOR5a_4core3ptr9drop_glueINtNtCs7a5mATVz8u3_5alloc3vec3VecTmNtNtNtCsaadRk6yvHw6_6rsword4span5index10RangeClassNtNtBG_6string6StringEEEB1g_+0x0 (fuzz_edit:arm64+0x100180728)
#303	NEW    cov: 13342 ft: 28971 corp: 94/238b lim: 4 exec/s: 303 rss: 346Mb L: 3/4 MS: 1 ChangeByte-
#310	REDUCE cov: 13344 ft: 28973 corp: 95/239b lim: 4 exec/s: 310 rss: 347Mb L: 1/4 MS: 2 ChangeByte-ShuffleBytes-
#311	NEW    cov: 13344 ft: 28974 corp: 96/242b lim: 4 exec/s: 311 rss: 347Mb L: 3/4 MS: 1 ChangeByte-
#312	NEW    cov: 13344 ft: 28980 corp: 97/246b lim: 4 exec/s: 312 rss: 348Mb L: 4/4 MS: 1 ChangeByte-
#319	NEW    cov: 13346 ft: 28991 corp: 98/250b lim: 4 exec/s: 319 rss: 348Mb L: 4/4 MS: 2 ChangeBinInt-CopyPart-
#320	NEW    cov: 13350 ft: 29000 corp: 99/254b lim: 4 exec/s: 320 rss: 349Mb L: 4/4 MS: 1 CopyPart-
#321	NEW    cov: 13350 ft: 29003 corp: 100/257b lim: 4 exec/s: 321 rss: 349Mb L: 3/4 MS: 1 ChangeBit-
#327	NEW    cov: 13350 ft: 29004 corp: 101/260b lim: 4 exec/s: 327 rss: 350Mb L: 3/4 MS: 1 CrossOver-
#344	NEW    cov: 13404 ft: 29147 corp: 102/263b lim: 4 exec/s: 344 rss: 352Mb L: 3/4 MS: 2 CrossOver-PersAutoDict- DE: "M\003"-
#349	NEW    cov: 13404 ft: 29149 corp: 103/266b lim: 4 exec/s: 349 rss: 352Mb L: 3/4 MS: 5 ChangeBit-CMP-EraseBytes-ShuffleBytes-CrossOver- DE: "\000\205"-
#362	NEW    cov: 13418 ft: 29343 corp: 104/270b lim: 4 exec/s: 362 rss: 353Mb L: 4/4 MS: 3 EraseBytes-InsertByte-CopyPart-
	NEW_FUNC[1/1]: 0x000103cb7e70 in _RNvNtNtCsaadRk6yvHw6_6rsword4edit5track11rename_text+0x0 (fuzz_edit:arm64+0x1010ffe70)
#381	NEW    cov: 13507 ft: 29491 corp: 105/274b lim: 4 exec/s: 381 rss: 356Mb L: 4/4 MS: 4 ShuffleBytes-CrossOver-ShuffleBytes-ShuffleBytes-
#384	NEW    cov: 13507 ft: 29492 corp: 106/277b lim: 4 exec/s: 384 rss: 356Mb L: 3/4 MS: 3 ChangeBit-InsertByte-CMP- DE: "\377\001"-
	NEW_FUNC[1/7]: 0x000102c50b40 in _RINvMNtNtCsaadRk6yvHw6_6rsword3xml4editNtNtB5_3dom3Dom8set_attrNtNtCs7a5mATVz8u3_5alloc6string6StringEB7_+0x0 (fuzz_edit:arm64+0x100098b40)
	NEW_FUNC[2/7]: 0x000103b9fb44 in _RNvNtNtCsaadRk6yvHw6_6rsword3xml8entities11escape_attr+0x0 (fuzz_edit:arm64+0x100fe7b44)
#413	NEW    cov: 13724 ft: 30417 corp: 107/280b lim: 4 exec/s: 413 rss: 359Mb L: 3/4 MS: 4 ChangeByte-ShuffleBytes-ChangeBit-CMP- DE: "\003\336"-
#415	NEW    cov: 13725 ft: 30419 corp: 108/284b lim: 4 exec/s: 415 rss: 359Mb L: 4/4 MS: 2 ShuffleBytes-PersAutoDict- DE: "\264\002"-
#416	NEW    cov: 13739 ft: 30521 corp: 109/288b lim: 4 exec/s: 416 rss: 360Mb L: 4/4 MS: 1 PersAutoDict- DE: "\317\002"-
	NEW_FUNC[1/1]: 0x000103d8d43c in _RNvNtNtCsaadRk6yvHw6_6rsword4span9transform20map_container_change+0x0 (fuzz_edit:arm64+0x1011d543c)
#417	NEW    cov: 13814 ft: 30702 corp: 110/292b lim: 4 exec/s: 417 rss: 360Mb L: 4/4 MS: 1 CopyPart-
#425	NEW    cov: 13814 ft: 30705 corp: 111/296b lim: 4 exec/s: 425 rss: 362Mb L: 4/4 MS: 3 ShuffleBytes-ChangeBinInt-ChangeByte-
#426	NEW    cov: 13814 ft: 30706 corp: 112/299b lim: 4 exec/s: 426 rss: 362Mb L: 3/4 MS: 1 ChangeBit-
#430	NEW    cov: 13814 ft: 30708 corp: 113/303b lim: 4 exec/s: 430 rss: 362Mb L: 4/4 MS: 4 ChangeByte-ChangeBit-ChangeBit-ChangeByte-
#436	NEW    cov: 13816 ft: 30710 corp: 114/307b lim: 4 exec/s: 436 rss: 362Mb L: 4/4 MS: 1 PersAutoDict- DE: "\003\336"-
	NEW_FUNC[1/26]: 0x000102cfcc08 in _RINvNtCs7oq3hgLOR5a_4core3ptr9drop_glueINtNtCs7a5mATVz8u3_5alloc3vec3VecNtNtNtCsaadRk6yvHw6_6rsword3xml4plan10NewElementEEB1e_+0x0 (fuzz_edit:arm64+0x100144c08)
	NEW_FUNC[2/26]: 0x000102d021a4 in _RINvNtCs7oq3hgLOR5a_4core3ptr9drop_glueINtNtCs7a5mATVz8u3_5alloc3vec3VecNtNtNtCsaadRk6yvHw6_6rsword4edit9table_ops11RowGeometryEEB1e_+0x0 (fuzz_edit:arm64+0x10014a1a4)
#449	NEW    cov: 14366 ft: 32586 corp: 115/311b lim: 4 exec/s: 449 rss: 362Mb L: 4/4 MS: 3 ChangeByte-CrossOver-InsertByte-
#477	NEW    cov: 14366 ft: 32587 corp: 116/314b lim: 4 exec/s: 238 rss: 364Mb L: 3/4 MS: 3 ChangeByte-ChangeByte-CrossOver-
#484	NEW    cov: 14367 ft: 32589 corp: 117/317b lim: 4 exec/s: 242 rss: 365Mb L: 3/4 MS: 2 PersAutoDict-PersAutoDict- DE: "\317\002"-"\003\336"-
#506	NEW    cov: 14367 ft: 32590 corp: 118/320b lim: 4 exec/s: 253 rss: 367Mb L: 3/4 MS: 2 EraseBytes-CopyPart-
#507	NEW    cov: 14368 ft: 32592 corp: 119/321b lim: 4 exec/s: 253 rss: 367Mb L: 1/4 MS: 1 ChangeBinInt-
#508	NEW    cov: 14368 ft: 32593 corp: 120/323b lim: 4 exec/s: 254 rss: 367Mb L: 2/4 MS: 1 EraseBytes-
#512	pulse  cov: 14368 ft: 32593 corp: 120/323b lim: 4 exec/s: 256 rss: 367Mb
	NEW_FUNC[1/1]: 0x00010448b288 in _RNvMs0_NtCshHndeVPFfDG_9hashbrown3rawNtB5_8ProbeSeq9move_next+0x0 (fuzz_edit:arm64+0x1018d3288)
#513	NEW    cov: 14372 ft: 32597 corp: 121/325b lim: 4 exec/s: 256 rss: 367Mb L: 2/4 MS: 5 CopyPart-ShuffleBytes-CopyPart-ChangeByte-ChangeByte-
#514	NEW    cov: 14372 ft: 32598 corp: 122/329b lim: 4 exec/s: 257 rss: 367Mb L: 4/4 MS: 1 CopyPart-
#536	NEW    cov: 14372 ft: 32599 corp: 123/330b lim: 4 exec/s: 268 rss: 369Mb L: 1/4 MS: 2 ShuffleBytes-ShuffleBytes-
#537	NEW    cov: 14374 ft: 32625 corp: 124/334b lim: 4 exec/s: 268 rss: 369Mb L: 4/4 MS: 1 ChangeByte-
#566	NEW    cov: 14379 ft: 32634 corp: 125/337b lim: 4 exec/s: 283 rss: 372Mb L: 3/4 MS: 4 CopyPart-ShuffleBytes-CopyPart-ChangeByte-
#568	NEW    cov: 14379 ft: 32635 corp: 126/341b lim: 4 exec/s: 284 rss: 373Mb L: 4/4 MS: 2 ChangeBit-ChangeBit-
#578	NEW    cov: 14381 ft: 32647 corp: 127/345b lim: 4 exec/s: 289 rss: 374Mb L: 4/4 MS: 5 CopyPart-ChangeBit-ShuffleBytes-CrossOver-CrossOver-
#588	NEW    cov: 14381 ft: 32711 corp: 128/349b lim: 4 exec/s: 294 rss: 379Mb L: 4/4 MS: 5 CrossOver-ChangeByte-ChangeBit-CrossOver-ChangeBit-
#594	NEW    cov: 14381 ft: 32712 corp: 129/353b lim: 4 exec/s: 297 rss: 380Mb L: 4/4 MS: 1 InsertByte-
#601	NEW    cov: 14381 ft: 32713 corp: 130/357b lim: 4 exec/s: 300 rss: 381Mb L: 4/4 MS: 2 CopyPart-PersAutoDict- DE: "\377\001"-
#607	NEW    cov: 14381 ft: 32734 corp: 131/361b lim: 4 exec/s: 303 rss: 381Mb L: 4/4 MS: 1 InsertByte-
#619	NEW    cov: 14381 ft: 32909 corp: 132/364b lim: 4 exec/s: 309 rss: 382Mb L: 3/4 MS: 2 PersAutoDict-ChangeByte- DE: "\003\336"-
#637	NEW    cov: 14381 ft: 32916 corp: 133/367b lim: 4 exec/s: 318 rss: 382Mb L: 3/4 MS: 3 CopyPart-CrossOver-ChangeByte-
#668	NEW    cov: 14381 ft: 32918 corp: 134/371b lim: 4 exec/s: 334 rss: 383Mb L: 4/4 MS: 1 CrossOver-
#675	NEW    cov: 14381 ft: 32919 corp: 135/375b lim: 4 exec/s: 337 rss: 383Mb L: 4/4 MS: 2 CopyPart-PersAutoDict- DE: "\003\336"-
#692	NEW    cov: 14381 ft: 32928 corp: 136/379b lim: 4 exec/s: 230 rss: 383Mb L: 4/4 MS: 2 ChangeByte-ChangeBinInt-
#697	NEW    cov: 14381 ft: 32929 corp: 137/382b lim: 4 exec/s: 232 rss: 383Mb L: 3/4 MS: 5 CrossOver-ChangeBinInt-CopyPart-ChangeByte-EraseBytes-
	NEW_FUNC[1/2]: 0x00010377d320 in _RNvMNtNtCsaadRk6yvHw6_6rsword3xml4editNtNtB4_3dom3Dom12insert_clone+0x0 (fuzz_edit:arm64+0x100bc5320)
	NEW_FUNC[2/2]: 0x00010377d7d4 in _RNvMNtNtCsaadRk6yvHw6_6rsword3xml4editNtNtB4_3dom3Dom13clone_subtree+0x0 (fuzz_edit:arm64+0x100bc57d4)
#698	NEW    cov: 14459 ft: 33196 corp: 138/385b lim: 4 exec/s: 232 rss: 383Mb L: 3/4 MS: 1 PersAutoDict- DE: "\000\205"-
#768	NEW    cov: 14461 ft: 33216 corp: 139/388b lim: 4 exec/s: 256 rss: 385Mb L: 3/4 MS: 5 ChangeBit-ChangeByte-ShuffleBytes-ChangeBit-CrossOver-
#781	NEW    cov: 14462 ft: 33374 corp: 140/391b lim: 4 exec/s: 260 rss: 385Mb L: 3/4 MS: 3 PersAutoDict-ChangeByte-InsertByte- DE: "M\003"-
#820	NEW    cov: 14463 ft: 33376 corp: 141/394b lim: 4 exec/s: 273 rss: 385Mb L: 3/4 MS: 4 ChangeBit-InsertByte-EraseBytes-ChangeBit-
#830	NEW    cov: 14463 ft: 33380 corp: 142/398b lim: 4 exec/s: 276 rss: 386Mb L: 4/4 MS: 5 ShuffleBytes-CrossOver-ShuffleBytes-ChangeByte-PersAutoDict- DE: "\000\205"-
#845	NEW    cov: 14464 ft: 33381 corp: 143/402b lim: 4 exec/s: 281 rss: 386Mb L: 4/4 MS: 5 CopyPart-InsertByte-ChangeByte-CrossOver-CrossOver-
#847	NEW    cov: 14464 ft: 33383 corp: 144/406b lim: 4 exec/s: 282 rss: 386Mb L: 4/4 MS: 2 ChangeBit-ShuffleBytes-
#853	NEW    cov: 14465 ft: 33408 corp: 145/410b lim: 4 exec/s: 284 rss: 388Mb L: 4/4 MS: 1 ChangeBit-
#854	NEW    cov: 14466 ft: 33412 corp: 146/414b lim: 4 exec/s: 284 rss: 389Mb L: 4/4 MS: 1 ShuffleBytes-
#865	NEW    cov: 14466 ft: 33413 corp: 147/417b lim: 4 exec/s: 288 rss: 389Mb L: 3/4 MS: 1 CrossOver-
#866	NEW    cov: 14467 ft: 33414 corp: 148/421b lim: 4 exec/s: 288 rss: 390Mb L: 4/4 MS: 1 CrossOver-
#877	NEW    cov: 14467 ft: 33416 corp: 149/424b lim: 4 exec/s: 292 rss: 390Mb L: 3/4 MS: 1 PersAutoDict- DE: "M\003"-
#894	NEW    cov: 14467 ft: 33418 corp: 150/427b lim: 4 exec/s: 298 rss: 391Mb L: 3/4 MS: 2 CopyPart-PersAutoDict- DE: "M\003"-
#915	NEW    cov: 14467 ft: 33419 corp: 151/430b lim: 4 exec/s: 305 rss: 391Mb L: 3/4 MS: 1 PersAutoDict- DE: "\003\336"-
#935	NEW    cov: 14467 ft: 33420 corp: 152/433b lim: 4 exec/s: 311 rss: 392Mb L: 3/4 MS: 5 EraseBytes-CrossOver-InsertByte-EraseBytes-CopyPart-
#993	NEW    cov: 14467 ft: 33426 corp: 153/437b lim: 4 exec/s: 248 rss: 396Mb L: 4/4 MS: 3 ChangeByte-CrossOver-PersAutoDict- DE: "\317\002"-
#999	NEW    cov: 14467 ft: 33427 corp: 154/440b lim: 4 exec/s: 249 rss: 396Mb L: 3/4 MS: 1 ChangeBinInt-
#1007	NEW    cov: 14467 ft: 33580 corp: 155/444b lim: 4 exec/s: 251 rss: 398Mb L: 4/4 MS: 3 ChangeBit-CopyPart-ChangeBinInt-
#1013	NEW    cov: 14467 ft: 33582 corp: 156/447b lim: 4 exec/s: 253 rss: 399Mb L: 3/4 MS: 1 ChangeByte-
#1024	pulse  cov: 14467 ft: 33582 corp: 156/447b lim: 4 exec/s: 256 rss: 399Mb
#1110	NEW    cov: 14467 ft: 33583 corp: 157/450b lim: 4 exec/s: 277 rss: 399Mb L: 3/4 MS: 2 ChangeBinInt-CrossOver-
#1153	REDUCE cov: 14467 ft: 33583 corp: 157/449b lim: 4 exec/s: 288 rss: 402Mb L: 3/4 MS: 3 ChangeBinInt-ChangeByte-CrossOver-
#1159	NEW    cov: 14467 ft: 33586 corp: 158/452b lim: 4 exec/s: 289 rss: 403Mb L: 3/4 MS: 1 CrossOver-
#1180	NEW    cov: 14467 ft: 33588 corp: 159/455b lim: 4 exec/s: 295 rss: 404Mb L: 3/4 MS: 1 PersAutoDict- DE: "M\003"-
#1222	NEW    cov: 14467 ft: 33590 corp: 160/459b lim: 4 exec/s: 305 rss: 406Mb L: 4/4 MS: 2 ChangeBinInt-ShuffleBytes-
#1224	NEW    cov: 14467 ft: 33591 corp: 161/461b lim: 4 exec/s: 306 rss: 406Mb L: 2/4 MS: 2 ShuffleBytes-CrossOver-
#1246	NEW    cov: 14469 ft: 33594 corp: 162/465b lim: 4 exec/s: 249 rss: 406Mb L: 4/4 MS: 2 ShuffleBytes-ChangeBit-
#1258	NEW    cov: 14470 ft: 33602 corp: 163/469b lim: 4 exec/s: 251 rss: 406Mb L: 4/4 MS: 2 ChangeBinInt-ChangeByte-
#1273	NEW    cov: 14472 ft: 33605 corp: 164/473b lim: 4 exec/s: 254 rss: 406Mb L: 4/4 MS: 5 CrossOver-ChangeByte-CopyPart-EraseBytes-CrossOver-
#1379	NEW    cov: 14480 ft: 33615 corp: 165/477b lim: 4 exec/s: 275 rss: 409Mb L: 4/4 MS: 1 ShuffleBytes-
#1400	NEW    cov: 14480 ft: 33617 corp: 166/481b lim: 4 exec/s: 280 rss: 409Mb L: 4/4 MS: 1 CopyPart-
#1456	NEW    cov: 14480 ft: 33619 corp: 167/485b lim: 4 exec/s: 291 rss: 411Mb L: 4/4 MS: 1 CopyPart-
#1459	NEW    cov: 14480 ft: 33620 corp: 168/488b lim: 4 exec/s: 291 rss: 411Mb L: 3/4 MS: 3 ChangeByte-CrossOver-ShuffleBytes-
#1476	NEW    cov: 14480 ft: 33621 corp: 169/491b lim: 4 exec/s: 295 rss: 412Mb L: 3/4 MS: 2 CopyPart-InsertByte-
#1600	NEW    cov: 14480 ft: 33622 corp: 170/494b lim: 4 exec/s: 266 rss: 414Mb L: 3/4 MS: 4 ChangeBinInt-ShuffleBytes-ShuffleBytes-EraseBytes-
#1614	NEW    cov: 14480 ft: 33624 corp: 171/497b lim: 4 exec/s: 269 rss: 414Mb L: 3/4 MS: 4 CrossOver-PersAutoDict-EraseBytes-ChangeByte- DE: "M\003"-
	NEW_FUNC[1/1]: 0x0001038b5f64 in _RNvMs0_NtCshHndeVPFfDG_9hashbrown3rawNtB5_8ProbeSeq9move_next+0x0 (fuzz_edit:arm64+0x100cfdf64)
#1631	NEW    cov: 14485 ft: 33629 corp: 172/501b lim: 4 exec/s: 271 rss: 414Mb L: 4/4 MS: 2 CrossOver-ShuffleBytes-
#1670	NEW    cov: 14485 ft: 33630 corp: 173/505b lim: 4 exec/s: 278 rss: 414Mb L: 4/4 MS: 4 ChangeBinInt-ChangeBit-CopyPart-CrossOver-
#1672	NEW    cov: 14485 ft: 33632 corp: 174/509b lim: 4 exec/s: 278 rss: 414Mb L: 4/4 MS: 2 CopyPart-PersAutoDict- DE: "\317\002"-
#1675	NEW    cov: 14485 ft: 33633 corp: 175/513b lim: 4 exec/s: 279 rss: 414Mb L: 4/4 MS: 3 ChangeByte-InsertByte-PersAutoDict- DE: "\377\001"-
#1680	NEW    cov: 14485 ft: 33635 corp: 176/517b lim: 4 exec/s: 280 rss: 414Mb L: 4/4 MS: 5 ChangeByte-CrossOver-CopyPart-ChangeBit-PersAutoDict- DE: "\317\002"-
#1686	NEW    cov: 14486 ft: 33636 corp: 177/520b lim: 4 exec/s: 281 rss: 414Mb L: 3/4 MS: 1 EraseBytes-
#1711	NEW    cov: 14486 ft: 33637 corp: 178/521b lim: 4 exec/s: 285 rss: 416Mb L: 1/4 MS: 5 ChangeByte-ShuffleBytes-InsertByte-EraseBytes-CopyPart-
#1787	NEW    cov: 14487 ft: 33638 corp: 179/525b lim: 4 exec/s: 297 rss: 417Mb L: 4/4 MS: 1 PersAutoDict- DE: "M\003"-
#1789	NEW    cov: 14487 ft: 33646 corp: 180/529b lim: 4 exec/s: 298 rss: 417Mb L: 4/4 MS: 2 CopyPart-ShuffleBytes-
#1862	NEW    cov: 14487 ft: 33650 corp: 181/531b lim: 4 exec/s: 266 rss: 421Mb L: 2/4 MS: 3 CopyPart-CrossOver-EraseBytes-
#1879	NEW    cov: 14487 ft: 33652 corp: 182/535b lim: 4 exec/s: 268 rss: 421Mb L: 4/4 MS: 2 ShuffleBytes-ChangeBit-
#1937	NEW    cov: 14487 ft: 33654 corp: 183/538b lim: 4 exec/s: 276 rss: 421Mb L: 3/4 MS: 3 InsertByte-PersAutoDict-ChangeBit- DE: "\317\002"-
#2048	pulse  cov: 14487 ft: 33654 corp: 183/538b lim: 4 exec/s: 292 rss: 422Mb
#2078	NEW    cov: 14488 ft: 33677 corp: 184/542b lim: 4 exec/s: 296 rss: 422Mb L: 4/4 MS: 1 CrossOver-
#2128	NEW    cov: 14493 ft: 33682 corp: 185/546b lim: 4 exec/s: 304 rss: 422Mb L: 4/4 MS: 5 EraseBytes-ShuffleBytes-CrossOver-EraseBytes-CrossOver-
#2157	NEW    cov: 14493 ft: 33683 corp: 186/550b lim: 4 exec/s: 269 rss: 422Mb L: 4/4 MS: 4 PersAutoDict-InsertByte-ChangeBit-PersAutoDict- DE: "\317\002"-"\317\002"-
#2163	NEW    cov: 14493 ft: 33684 corp: 187/553b lim: 4 exec/s: 270 rss: 422Mb L: 3/4 MS: 1 PersAutoDict- DE: "\317\002"-
#2288	NEW    cov: 14493 ft: 33685 corp: 188/556b lim: 4 exec/s: 286 rss: 426Mb L: 3/4 MS: 5 EraseBytes-EraseBytes-ChangeBit-InsertByte-ChangeBinInt-
#2366	NEW    cov: 14493 ft: 33689 corp: 189/560b lim: 4 exec/s: 262 rss: 426Mb L: 4/4 MS: 3 CrossOver-ChangeBinInt-ShuffleBytes-
#2386	NEW    cov: 14496 ft: 33838 corp: 190/564b lim: 4 exec/s: 265 rss: 426Mb L: 4/4 MS: 5 ChangeBinInt-EraseBytes-InsertByte-ChangeByte-PersAutoDict- DE: "M\003"-
#2470	NEW    cov: 14496 ft: 33840 corp: 191/567b lim: 4 exec/s: 274 rss: 426Mb L: 3/4 MS: 4 CrossOver-ChangeByte-EraseBytes-ChangeBit-
#2510	NEW    cov: 14496 ft: 33841 corp: 192/571b lim: 4 exec/s: 278 rss: 427Mb L: 4/4 MS: 5 CrossOver-EraseBytes-PersAutoDict-CrossOver-PersAutoDict- DE: "M\003"-"M\003"-
#2637	NEW    cov: 14496 ft: 33842 corp: 193/575b lim: 4 exec/s: 263 rss: 432Mb L: 4/4 MS: 2 CrossOver-ChangeBit-
#2640	NEW    cov: 14497 ft: 33843 corp: 194/577b lim: 4 exec/s: 264 rss: 432Mb L: 2/4 MS: 3 ChangeBinInt-CopyPart-ChangeBinInt-
#2662	NEW    cov: 14499 ft: 33853 corp: 195/581b lim: 4 exec/s: 266 rss: 432Mb L: 4/4 MS: 2 ChangeBit-ChangeBinInt-
#2704	NEW    cov: 14499 ft: 33854 corp: 196/585b lim: 4 exec/s: 270 rss: 432Mb L: 4/4 MS: 2 ChangeByte-ChangeByte-
#2751	NEW    cov: 14499 ft: 33864 corp: 197/589b lim: 4 exec/s: 275 rss: 433Mb L: 4/4 MS: 2 CrossOver-ChangeByte-
#2794	NEW    cov: 14499 ft: 33867 corp: 198/592b lim: 4 exec/s: 279 rss: 435Mb L: 3/4 MS: 3 CrossOver-ChangeBinInt-ChangeBit-
#2825	NEW    cov: 14502 ft: 33871 corp: 199/595b lim: 4 exec/s: 256 rss: 435Mb L: 3/4 MS: 1 ChangeByte-
#2827	NEW    cov: 14502 ft: 33872 corp: 200/598b lim: 4 exec/s: 257 rss: 436Mb L: 3/4 MS: 2 ShuffleBytes-CrossOver-
#3023	NEW    cov: 14502 ft: 33873 corp: 201/602b lim: 4 exec/s: 251 rss: 437Mb L: 4/4 MS: 1 CrossOver-
#3127	NEW    cov: 14502 ft: 33874 corp: 202/606b lim: 4 exec/s: 260 rss: 438Mb L: 4/4 MS: 4 CopyPart-CopyPart-EraseBytes-CrossOver-
#3130	NEW    cov: 14502 ft: 33875 corp: 203/610b lim: 4 exec/s: 260 rss: 438Mb L: 4/4 MS: 3 CopyPart-ShuffleBytes-CrossOver-
#3142	NEW    cov: 14502 ft: 33876 corp: 204/613b lim: 4 exec/s: 261 rss: 438Mb L: 3/4 MS: 2 PersAutoDict-ChangeBit- DE: "\317\002"-
#3143	NEW    cov: 14502 ft: 33878 corp: 205/617b lim: 4 exec/s: 261 rss: 438Mb L: 4/4 MS: 1 CopyPart-
#3173	NEW    cov: 14504 ft: 33880 corp: 206/620b lim: 4 exec/s: 264 rss: 438Mb L: 3/4 MS: 5 CMP-ShuffleBytes-ChangeBit-ChangeBinInt-EraseBytes- DE: "\355\000"-
#3179	NEW    cov: 14505 ft: 33881 corp: 207/623b lim: 4 exec/s: 264 rss: 438Mb L: 3/4 MS: 1 ShuffleBytes-
#3226	NEW    cov: 14505 ft: 33885 corp: 208/627b lim: 4 exec/s: 268 rss: 440Mb L: 4/4 MS: 2 ChangeByte-CrossOver-
#3259	NEW    cov: 14505 ft: 33895 corp: 209/631b lim: 4 exec/s: 250 rss: 440Mb L: 4/4 MS: 3 CopyPart-ChangeByte-CopyPart-
#3441	NEW    cov: 14507 ft: 33897 corp: 210/634b lim: 4 exec/s: 264 rss: 440Mb L: 3/4 MS: 2 ChangeByte-InsertByte-
#3473	NEW    cov: 14507 ft: 33898 corp: 211/638b lim: 4 exec/s: 248 rss: 440Mb L: 4/4 MS: 2 CopyPart-ChangeBinInt-
#3482	NEW    cov: 14507 ft: 33899 corp: 212/641b lim: 4 exec/s: 248 rss: 440Mb L: 3/4 MS: 4 CopyPart-InsertByte-InsertByte-ShuffleBytes-
#3549	NEW    cov: 14507 ft: 33901 corp: 213/645b lim: 4 exec/s: 253 rss: 440Mb L: 4/4 MS: 2 CrossOver-CrossOver-
#3570	NEW    cov: 14507 ft: 33902 corp: 214/649b lim: 4 exec/s: 255 rss: 440Mb L: 4/4 MS: 1 CMP- DE: "\002\320"-
#3636	REDUCE cov: 14507 ft: 33902 corp: 214/648b lim: 4 exec/s: 259 rss: 440Mb L: 3/4 MS: 1 EraseBytes-
#3642	NEW    cov: 14507 ft: 33903 corp: 215/652b lim: 4 exec/s: 260 rss: 440Mb L: 4/4 MS: 1 CopyPart-
#3748	NEW    cov: 14509 ft: 33905 corp: 216/656b lim: 4 exec/s: 267 rss: 440Mb L: 4/4 MS: 1 CopyPart-
#3792	NEW    cov: 14509 ft: 33906 corp: 217/660b lim: 4 exec/s: 252 rss: 440Mb L: 4/4 MS: 4 ChangeBit-ChangeByte-ChangeByte-ShuffleBytes-
#3920	NEW    cov: 14509 ft: 33907 corp: 218/664b lim: 4 exec/s: 261 rss: 441Mb L: 4/4 MS: 3 PersAutoDict-ChangeBit-ChangeBit- DE: "\377\001"-
#3971	NEW    cov: 14509 ft: 33908 corp: 219/667b lim: 4 exec/s: 264 rss: 441Mb L: 3/4 MS: 1 ChangeByte-
#4000	NEW    cov: 14509 ft: 33909 corp: 220/670b lim: 4 exec/s: 266 rss: 441Mb L: 3/4 MS: 4 ChangeBit-PersAutoDict-ChangeByte-ChangeByte- DE: "\003\336"-
#4033	NEW    cov: 14509 ft: 33910 corp: 221/674b lim: 4 exec/s: 268 rss: 441Mb L: 4/4 MS: 3 ChangeBit-CrossOver-PersAutoDict- DE: "M\003"-
#4077	NEW    cov: 14509 ft: 33911 corp: 222/678b lim: 4 exec/s: 271 rss: 441Mb L: 4/4 MS: 4 ChangeBinInt-ChangeByte-ShuffleBytes-PersAutoDict- DE: "\317\002"-
#4093	NEW    cov: 14509 ft: 33912 corp: 223/682b lim: 4 exec/s: 255 rss: 441Mb L: 4/4 MS: 1 PersAutoDict- DE: "\264\002"-
#4096	pulse  cov: 14509 ft: 33912 corp: 223/682b lim: 4 exec/s: 256 rss: 441Mb
#4149	REDUCE cov: 14509 ft: 33912 corp: 223/679b lim: 4 exec/s: 259 rss: 441Mb L: 1/4 MS: 1 CrossOver-
#4335	NEW    cov: 14509 ft: 33913 corp: 224/680b lim: 4 exec/s: 270 rss: 441Mb L: 1/4 MS: 1 ChangeBit-
#4455	NEW    cov: 14509 ft: 33919 corp: 225/684b lim: 4 exec/s: 262 rss: 441Mb L: 4/4 MS: 5 CopyPart-ChangeBinInt-CopyPart-PersAutoDict-ChangeByte- DE: "\264\002"-
#4665	NEW    cov: 14510 ft: 33921 corp: 226/689b lim: 6 exec/s: 274 rss: 442Mb L: 5/5 MS: 5 PersAutoDict-ChangeByte-CopyPart-ChangeBit-PersAutoDict- DE: "\355\000"-"M\003"-
#4704	NEW    cov: 14521 ft: 33982 corp: 227/695b lim: 6 exec/s: 276 rss: 442Mb L: 6/6 MS: 4 CrossOver-ChangeASCIIInt-ChangeASCIIInt-PersAutoDict- DE: "\317\002"-
#4752	NEW    cov: 14521 ft: 33983 corp: 228/700b lim: 6 exec/s: 279 rss: 442Mb L: 5/6 MS: 3 EraseBytes-InsertRepeatedBytes-ChangeBit-
#4805	NEW    cov: 14524 ft: 34008 corp: 229/706b lim: 6 exec/s: 266 rss: 442Mb L: 6/6 MS: 3 ShuffleBytes-PersAutoDict-PersAutoDict- DE: "\264\002"-"\317\002"-
	NEW_FUNC[1/4]: 0x000102cf71e0 in _RINvNtCs7oq3hgLOR5a_4core3ptr9drop_glueINtNtCs7a5mATVz8u3_5alloc3vec3VecINtNtNtB4_3ops5range5RangemEEECsaadRk6yvHw6_6rsword+0x0 (fuzz_edit:arm64+0x10013f1e0)
	NEW_FUNC[2/4]: 0x000102d6aa74 in _RINvNtCs7oq3hgLOR5a_4core3ptr9drop_glueINtNtNtCs7a5mATVz8u3_5alloc3vec9into_iter8IntoIterTbNtNtBI_6string6StringEEECsaadRk6yvHw6_6rsword+0x0 (fuzz_edit:arm64+0x1001b2a74)
#4828	NEW    cov: 14592 ft: 34151 corp: 230/712b lim: 6 exec/s: 268 rss: 442Mb L: 6/6 MS: 3 EraseBytes-ChangeBit-InsertRepeatedBytes-
#4840	NEW    cov: 14592 ft: 34152 corp: 231/717b lim: 6 exec/s: 268 rss: 442Mb L: 5/6 MS: 2 InsertRepeatedBytes-ChangeBit-
#4927	NEW    cov: 14594 ft: 34161 corp: 232/723b lim: 6 exec/s: 273 rss: 442Mb L: 6/6 MS: 2 CrossOver-CrossOver-
	NEW_FUNC[1/7]: 0x000102c53d0c in _RINvMNtNtCsaadRk6yvHw6_6rsword3xml4planNtB3_10NewElement9with_textReEB7_+0x0 (fuzz_edit:arm64+0x10009bd0c)
	NEW_FUNC[2/7]: 0x000104693fb4 in _RINvMs6_NtCsbj6Qx8ZjbjC_9hashbrown3rawINtB6_8RawTableTTNtNtNtCsaadRk6yvHw6_6rsword3xml3dom6NodeIdmEuEE14reserve_rehashNCINvNtB8_3map11make_hasherBQ_uNtNtNtCsaUuYFEltIKL_3std4hash6random11RandomStateE0EBX_+0x0 (fuzz_edit:arm64+0x101adbfb4)
#4963	NEW    cov: 14768 ft: 34670 corp: 233/729b lim: 6 exec/s: 275 rss: 442Mb L: 6/6 MS: 1 PersAutoDict- DE: "\003\336"-
#5063	NEW    cov: 14769 ft: 34672 corp: 234/735b lim: 6 exec/s: 281 rss: 442Mb L: 6/6 MS: 5 ChangeBinInt-ChangeBit-InsertByte-CrossOver-ChangeBit-
#5084	NEW    cov: 14769 ft: 34673 corp: 235/741b lim: 6 exec/s: 282 rss: 442Mb L: 6/6 MS: 1 CopyPart-
#5149	NEW    cov: 14769 ft: 34675 corp: 236/747b lim: 6 exec/s: 271 rss: 442Mb L: 6/6 MS: 5 CopyPart-ShuffleBytes-ChangeByte-ChangeBinInt-ChangeBinInt-
#5173	NEW    cov: 14769 ft: 34678 corp: 237/752b lim: 6 exec/s: 272 rss: 442Mb L: 5/6 MS: 4 ChangeBit-CrossOver-ShuffleBytes-ChangeByte-
#5302	NEW    cov: 14769 ft: 34687 corp: 238/758b lim: 6 exec/s: 279 rss: 445Mb L: 6/6 MS: 4 PersAutoDict-CopyPart-ChangeByte-ChangeByte- DE: "\377\001"-
#5330	NEW    cov: 14789 ft: 34863 corp: 239/764b lim: 6 exec/s: 280 rss: 446Mb L: 6/6 MS: 3 CrossOver-CopyPart-CopyPart-
#5350	NEW    cov: 14798 ft: 34917 corp: 240/770b lim: 6 exec/s: 267 rss: 447Mb L: 6/6 MS: 5 InsertRepeatedBytes-CrossOver-CrossOver-CopyPart-InsertByte-
#5354	NEW    cov: 14811 ft: 35007 corp: 241/776b lim: 6 exec/s: 267 rss: 449Mb L: 6/6 MS: 4 PersAutoDict-PersAutoDict-ChangeBit-CrossOver- DE: "\377\001"-"\002\320"-
#5357	REDUCE cov: 14811 ft: 35007 corp: 241/775b lim: 6 exec/s: 267 rss: 450Mb L: 3/6 MS: 3 InsertByte-ShuffleBytes-EraseBytes-
#5365	NEW    cov: 14814 ft: 35024 corp: 242/781b lim: 6 exec/s: 268 rss: 450Mb L: 6/6 MS: 3 CrossOver-ChangeByte-CopyPart-
#5451	NEW    cov: 14814 ft: 35025 corp: 243/785b lim: 6 exec/s: 272 rss: 450Mb L: 4/6 MS: 1 CopyPart-
#5465	NEW    cov: 14814 ft: 35038 corp: 244/791b lim: 6 exec/s: 273 rss: 450Mb L: 6/6 MS: 4 ShuffleBytes-ChangeBit-CrossOver-InsertRepeatedBytes-
#5478	NEW    cov: 14814 ft: 35041 corp: 245/797b lim: 6 exec/s: 273 rss: 450Mb L: 6/6 MS: 3 InsertByte-CrossOver-CrossOver-
	NEW_FUNC[1/1]: 0x000104138740 in _RNvXs0_NtNtNtCs7oq3hgLOR5a_4core4iter8adapters3mapINtB5_3MapINtNtB7_6filter6FilterIBX_IBX_INtNtNtBb_5slice4iter4IterNtNtNtCsaadRk6yvHw6_6rsword5model8revision13RevisionEntryENCNvNtNtB1W_4edit12revision_ops11table_groups_0ENCB2O_s0_0ENCB2O_s1_0ENCB2O_s2_0ENtNtNtB9_6traits8iterator8Iterator4nextB1W_+0x0 (fuzz_edit:arm64+0x101580740)
#5583	NEW    cov: 14853 ft: 35103 corp: 246/803b lim: 6 exec/s: 279 rss: 450Mb L: 6/6 MS: 5 PersAutoDict-ChangeBit-CopyPart-ChangeBit-InsertByte- DE: "\003\336"-
#5601	NEW    cov: 14853 ft: 35106 corp: 247/809b lim: 6 exec/s: 280 rss: 450Mb L: 6/6 MS: 3 ShuffleBytes-EraseBytes-InsertRepeatedBytes-
#5602	NEW    cov: 14858 ft: 35122 corp: 248/815b lim: 6 exec/s: 280 rss: 450Mb L: 6/6 MS: 1 CMP- DE: "\001\336"-
#5613	NEW    cov: 14858 ft: 35163 corp: 249/821b lim: 6 exec/s: 280 rss: 450Mb L: 6/6 MS: 1 CrossOver-
#5669	NEW    cov: 14858 ft: 35166 corp: 250/827b lim: 6 exec/s: 269 rss: 450Mb L: 6/6 MS: 1 PersAutoDict- DE: "\002\320"-
#5708	NEW    cov: 14858 ft: 35168 corp: 251/832b lim: 6 exec/s: 271 rss: 450Mb L: 5/6 MS: 4 ChangeBit-ChangeBit-CrossOver-CrossOver-
#5884	NEW    cov: 14863 ft: 35179 corp: 252/838b lim: 6 exec/s: 280 rss: 451Mb L: 6/6 MS: 1 ChangeBinInt-
#6013	NEW    cov: 14863 ft: 35180 corp: 253/844b lim: 6 exec/s: 273 rss: 451Mb L: 6/6 MS: 4 PersAutoDict-ChangeByte-ChangeBit-ChangeByte- DE: "\002\320"-
#6075	NEW    cov: 14863 ft: 35183 corp: 254/850b lim: 6 exec/s: 276 rss: 451Mb L: 6/6 MS: 2 InsertByte-InsertByte-
#6120	NEW    cov: 14863 ft: 35214 corp: 255/856b lim: 6 exec/s: 278 rss: 451Mb L: 6/6 MS: 5 CrossOver-CopyPart-CopyPart-ChangeBit-CrossOver-
	NEW_FUNC[1/4]: 0x000103b43ed8 in _RNvMs_NtNtCsaadRk6yvHw6_6rsword5model6inlineNtB4_3Run12segment_text+0x0 (fuzz_edit:arm64+0x100f8bed8)
	NEW_FUNC[2/4]: 0x000103b87dc4 in _RNvNtCs7a5mATVz8u3_5alloc3fmt6format+0x0 (fuzz_edit:arm64+0x100fcfdc4)
#6137	NEW    cov: 14890 ft: 35270 corp: 256/862b lim: 6 exec/s: 278 rss: 451Mb L: 6/6 MS: 2 CopyPart-CMP- DE: "\001\205"-
#6354	NEW    cov: 14890 ft: 35272 corp: 257/869b lim: 8 exec/s: 276 rss: 452Mb L: 7/7 MS: 2 ShuffleBytes-PersAutoDict- DE: "\377\001"-
#6376	NEW    cov: 14890 ft: 35273 corp: 258/872b lim: 8 exec/s: 277 rss: 452Mb L: 3/7 MS: 2 PersAutoDict-ShuffleBytes- DE: "\355\000"-
#6416	NEW    cov: 14890 ft: 35277 corp: 259/879b lim: 8 exec/s: 278 rss: 452Mb L: 7/7 MS: 5 CopyPart-InsertByte-CopyPart-PersAutoDict-InsertByte- DE: "\355\000"-
#6417	NEW    cov: 14890 ft: 35300 corp: 260/886b lim: 8 exec/s: 279 rss: 452Mb L: 7/7 MS: 1 InsertRepeatedBytes-
#6443	NEW    cov: 14892 ft: 35303 corp: 261/892b lim: 8 exec/s: 280 rss: 452Mb L: 6/7 MS: 1 CopyPart-
#6455	NEW    cov: 14892 ft: 35304 corp: 262/899b lim: 8 exec/s: 280 rss: 452Mb L: 7/7 MS: 2 PersAutoDict-ChangeBit- DE: "\317\002"-
#6469	NEW    cov: 14892 ft: 35309 corp: 263/905b lim: 8 exec/s: 281 rss: 452Mb L: 6/7 MS: 4 ShuffleBytes-ChangeBit-EraseBytes-InsertRepeatedBytes-
#6510	NEW    cov: 14892 ft: 35311 corp: 264/911b lim: 8 exec/s: 283 rss: 452Mb L: 6/7 MS: 1 CopyPart-
	NEW_FUNC[1/3]: 0x000102e9f52c in _RINvNtNtNtNtCs7oq3hgLOR5a_4core5slice4sort6shared9smallsort25insertion_sort_shift_leftNtNtCsaadRk6yvHw6_6rsword7package6PartIdNCINvMNtCs7a5mATVz8u3_5alloc5sliceSB1m_11sort_by_keymNCNvMNtNtB1q_4save5pruneNtNtNtB1q_4edit7session11EditSession13prune_orphanss3_0E0EB1q_+0x0 (fuzz_edit:arm64+0x1002e752c)
	NEW_FUNC[2/3]: 0x000103927718 in _RNvMs0_NtNtNtCsaadRk6yvHw6_6rsword4span5field5indexNtB5_10FieldIndex9all_nodes+0x0 (fuzz_edit:arm64+0x100d6f718)
#6551	NEW    cov: 14970 ft: 35419 corp: 265/918b lim: 8 exec/s: 272 rss: 457Mb L: 7/7 MS: 1 CrossOver-
#6581	NEW    cov: 14972 ft: 35426 corp: 266/926b lim: 8 exec/s: 274 rss: 457Mb L: 8/8 MS: 5 ShuffleBytes-PersAutoDict-ChangeBit-InsertByte-InsertByte- DE: "\264\002"-
#6606	NEW    cov: 14972 ft: 35431 corp: 267/932b lim: 8 exec/s: 275 rss: 457Mb L: 6/8 MS: 5 ChangeBit-CMP-ChangeByte-ShuffleBytes-ShuffleBytes- DE: "\001\320"-
#6637	NEW    cov: 14972 ft: 35433 corp: 268/936b lim: 8 exec/s: 276 rss: 457Mb L: 4/8 MS: 1 InsertByte-
#6657	NEW    cov: 14972 ft: 35435 corp: 269/944b lim: 8 exec/s: 277 rss: 457Mb L: 8/8 MS: 5 ChangeBit-ChangeBinInt-PersAutoDict-ChangeBit-ChangeByte- DE: "\355\000"-
#6732	NEW    cov: 14974 ft: 35437 corp: 270/952b lim: 8 exec/s: 280 rss: 457Mb L: 8/8 MS: 5 InsertByte-InsertByte-CopyPart-CMP-CrossOver- DE: "\315\002"-
#6792	NEW    cov: 14974 ft: 35438 corp: 271/960b lim: 8 exec/s: 283 rss: 458Mb L: 8/8 MS: 5 ShuffleBytes-ChangeByte-InsertByte-CopyPart-CrossOver-
#6808	NEW    cov: 14974 ft: 35439 corp: 272/966b lim: 8 exec/s: 272 rss: 458Mb L: 6/8 MS: 1 ChangeByte-
#6815	NEW    cov: 14974 ft: 35441 corp: 273/973b lim: 8 exec/s: 272 rss: 460Mb L: 7/8 MS: 2 CopyPart-InsertByte-
#6842	NEW    cov: 14974 ft: 35442 corp: 274/976b lim: 8 exec/s: 273 rss: 461Mb L: 3/8 MS: 2 EraseBytes-ChangeByte-
#7012	NEW    cov: 14979 ft: 35451 corp: 275/982b lim: 8 exec/s: 280 rss: 461Mb L: 6/8 MS: 5 EraseBytes-ShuffleBytes-ShuffleBytes-CrossOver-InsertByte-
#7016	NEW    cov: 14982 ft: 35480 corp: 276/990b lim: 8 exec/s: 280 rss: 461Mb L: 8/8 MS: 4 CrossOver-PersAutoDict-ChangeByte-CopyPart- DE: "\001\205"-
#7054	NEW    cov: 14986 ft: 35493 corp: 277/998b lim: 8 exec/s: 282 rss: 461Mb L: 8/8 MS: 3 ChangeBit-InsertRepeatedBytes-CrossOver-
#7183	NEW    cov: 14986 ft: 35495 corp: 278/1004b lim: 8 exec/s: 276 rss: 461Mb L: 6/8 MS: 4 ShuffleBytes-ChangeBinInt-InsertByte-InsertByte-
#7261	NEW    cov: 14986 ft: 35496 corp: 279/1006b lim: 8 exec/s: 279 rss: 461Mb L: 2/8 MS: 3 EraseBytes-ChangeByte-ChangeByte-
#7267	NEW    cov: 14986 ft: 35500 corp: 280/1012b lim: 8 exec/s: 279 rss: 461Mb L: 6/8 MS: 1 ChangeBinInt-
#7292	NEW    cov: 14986 ft: 35515 corp: 281/1020b lim: 8 exec/s: 280 rss: 461Mb L: 8/8 MS: 5 ChangeBit-EraseBytes-CrossOver-CopyPart-ShuffleBytes-
#7360	NEW    cov: 14986 ft: 35539 corp: 282/1026b lim: 8 exec/s: 283 rss: 461Mb L: 6/8 MS: 3 PersAutoDict-ChangeBinInt-CopyPart- DE: "\002\320"-
#7389	NEW    cov: 14986 ft: 35540 corp: 283/1034b lim: 8 exec/s: 284 rss: 461Mb L: 8/8 MS: 4 CrossOver-PersAutoDict-ShuffleBytes-CrossOver- DE: "\377\001"-
#7546	NEW    cov: 14986 ft: 35541 corp: 284/1040b lim: 8 exec/s: 279 rss: 461Mb L: 6/8 MS: 2 CrossOver-PersAutoDict- DE: "\317\002"-
#7561	NEW    cov: 14986 ft: 35542 corp: 285/1046b lim: 8 exec/s: 280 rss: 461Mb L: 6/8 MS: 5 PersAutoDict-CrossOver-PersAutoDict-ShuffleBytes-EraseBytes- DE: "\001\336"-"\001\336"-
#7584	NEW    cov: 14988 ft: 35586 corp: 286/1053b lim: 8 exec/s: 280 rss: 461Mb L: 7/8 MS: 3 InsertByte-ChangeBinInt-ShuffleBytes-
#7623	NEW    cov: 14988 ft: 35587 corp: 287/1057b lim: 8 exec/s: 282 rss: 461Mb L: 4/8 MS: 4 InsertByte-ChangeBit-CopyPart-EraseBytes-
#7698	NEW    cov: 14990 ft: 35591 corp: 288/1065b lim: 8 exec/s: 274 rss: 461Mb L: 8/8 MS: 5 ChangeBit-CopyPart-InsertRepeatedBytes-ChangeBinInt-ChangeBinInt-
#7754	NEW    cov: 14990 ft: 35609 corp: 289/1071b lim: 8 exec/s: 276 rss: 461Mb L: 6/8 MS: 1 ShuffleBytes-
#7797	NEW    cov: 14992 ft: 35613 corp: 290/1079b lim: 8 exec/s: 278 rss: 462Mb L: 8/8 MS: 3 InsertByte-ChangeByte-InsertByte-
#7845	NEW    cov: 14993 ft: 35622 corp: 291/1087b lim: 8 exec/s: 280 rss: 462Mb L: 8/8 MS: 3 CopyPart-ChangeBit-CopyPart-
#7987	NEW    cov: 14993 ft: 35623 corp: 292/1091b lim: 8 exec/s: 275 rss: 462Mb L: 4/8 MS: 2 CrossOver-ChangeByte-
#8009	NEW    cov: 14993 ft: 35638 corp: 293/1099b lim: 8 exec/s: 276 rss: 462Mb L: 8/8 MS: 2 ShuffleBytes-ChangeBit-
#8192	pulse  cov: 14993 ft: 35638 corp: 293/1099b lim: 8 exec/s: 282 rss: 462Mb
#8285	NEW    cov: 14993 ft: 35641 corp: 294/1107b lim: 8 exec/s: 285 rss: 462Mb L: 8/8 MS: 1 CopyPart-
#8287	NEW    cov: 14993 ft: 35642 corp: 295/1111b lim: 8 exec/s: 285 rss: 462Mb L: 4/8 MS: 2 ChangeByte-ChangeByte-
#8321	NEW    cov: 14993 ft: 35643 corp: 296/1118b lim: 8 exec/s: 277 rss: 462Mb L: 7/8 MS: 4 EraseBytes-CrossOver-ShuffleBytes-ShuffleBytes-
#8329	NEW    cov: 14993 ft: 35711 corp: 297/1126b lim: 8 exec/s: 277 rss: 462Mb L: 8/8 MS: 3 PersAutoDict-ChangeByte-CopyPart- DE: "\002\320"-
#8394	NEW    cov: 14994 ft: 35713 corp: 298/1133b lim: 8 exec/s: 279 rss: 462Mb L: 7/8 MS: 5 CrossOver-ShuffleBytes-ChangeByte-CrossOver-ChangeBinInt-
#8439	NEW    cov: 14994 ft: 35714 corp: 299/1141b lim: 8 exec/s: 281 rss: 463Mb L: 8/8 MS: 5 ChangeBinInt-ChangeBit-ChangeByte-InsertByte-InsertRepeatedBytes-
#8641	NEW    cov: 14994 ft: 35715 corp: 300/1149b lim: 8 exec/s: 278 rss: 463Mb L: 8/8 MS: 2 ChangeASCIIInt-PersAutoDict- DE: "\355\000"-
#8695	NEW    cov: 14994 ft: 35716 corp: 301/1156b lim: 8 exec/s: 280 rss: 463Mb L: 7/8 MS: 4 ChangeByte-ChangeBinInt-PersAutoDict-CopyPart- DE: "\355\000"-
#8925	NEW    cov: 14995 ft: 35718 corp: 302/1164b lim: 8 exec/s: 278 rss: 463Mb L: 8/8 MS: 5 PersAutoDict-ChangeByte-PersAutoDict-ChangeByte-CrossOver- DE: "\264\002"-"\315\002"-
#9066	NEW    cov: 14995 ft: 35719 corp: 303/1170b lim: 8 exec/s: 283 rss: 463Mb L: 6/8 MS: 1 PersAutoDict- DE: "\001\336"-
#9082	NEW    cov: 14995 ft: 35721 corp: 304/1176b lim: 8 exec/s: 283 rss: 463Mb L: 6/8 MS: 1 ChangeByte-
#9118	NEW    cov: 14995 ft: 35734 corp: 305/1184b lim: 8 exec/s: 284 rss: 463Mb L: 8/8 MS: 1 CrossOver-
#9226	NEW    cov: 14998 ft: 35737 corp: 306/1187b lim: 8 exec/s: 279 rss: 463Mb L: 3/8 MS: 3 ChangeByte-InsertByte-EraseBytes-
#9351	NEW    cov: 14998 ft: 35739 corp: 307/1195b lim: 8 exec/s: 283 rss: 465Mb L: 8/8 MS: 5 ShuffleBytes-ShuffleBytes-ChangeByte-ShuffleBytes-CrossOver-
#9367	NEW    cov: 14998 ft: 35744 corp: 308/1201b lim: 8 exec/s: 283 rss: 465Mb L: 6/8 MS: 1 ChangeBit-
#9509	NEW    cov: 14998 ft: 35764 corp: 309/1208b lim: 8 exec/s: 279 rss: 466Mb L: 7/8 MS: 2 InsertByte-ChangeBit-
#9545	NEW    cov: 14998 ft: 35836 corp: 310/1216b lim: 8 exec/s: 280 rss: 466Mb L: 8/8 MS: 1 CopyPart-
#9728	NEW    cov: 14998 ft: 35837 corp: 311/1219b lim: 8 exec/s: 277 rss: 466Mb L: 3/8 MS: 3 ChangeBit-PersAutoDict-ShuffleBytes- DE: "\003\336"-
#9744	NEW    cov: 14998 ft: 35844 corp: 312/1227b lim: 8 exec/s: 278 rss: 466Mb L: 8/8 MS: 1 ChangeBinInt-
#9768	REDUCE cov: 14998 ft: 35844 corp: 312/1225b lim: 8 exec/s: 279 rss: 466Mb L: 4/8 MS: 4 CrossOver-EraseBytes-PersAutoDict-ChangeByte- DE: "M\003"-
#9805	NEW    cov: 14998 ft: 35846 corp: 313/1230b lim: 8 exec/s: 280 rss: 466Mb L: 5/8 MS: 2 InsertByte-InsertByte-
#9844	NEW    cov: 14998 ft: 35852 corp: 314/1238b lim: 8 exec/s: 281 rss: 466Mb L: 8/8 MS: 4 ShuffleBytes-ChangeByte-EraseBytes-InsertRepeatedBytes-
#9929	NEW    cov: 14998 ft: 35858 corp: 315/1245b lim: 8 exec/s: 283 rss: 466Mb L: 7/8 MS: 5 InsertByte-ShuffleBytes-ChangeBinInt-ChangeBinInt-CrossOver-
#10094	NEW    cov: 14998 ft: 35864 corp: 316/1252b lim: 8 exec/s: 280 rss: 466Mb L: 7/8 MS: 5 CopyPart-EraseBytes-CrossOver-PersAutoDict-CopyPart- DE: "\001\205"-
#10247	REDUCE cov: 14998 ft: 35864 corp: 316/1251b lim: 8 exec/s: 284 rss: 466Mb L: 1/8 MS: 3 EraseBytes-CopyPart-ChangeBit-
#10373	NEW    cov: 14998 ft: 35866 corp: 317/1259b lim: 8 exec/s: 280 rss: 466Mb L: 8/8 MS: 1 ChangeByte-
#10394	NEW    cov: 14998 ft: 35874 corp: 318/1266b lim: 8 exec/s: 280 rss: 466Mb L: 7/8 MS: 1 EraseBytes-
#10530	NEW    cov: 14999 ft: 35879 corp: 319/1274b lim: 8 exec/s: 284 rss: 466Mb L: 8/8 MS: 1 CMP- DE: "\275\003\000\000"-
#10619	NEW    cov: 14999 ft: 35881 corp: 320/1282b lim: 8 exec/s: 279 rss: 466Mb L: 8/8 MS: 4 ChangeASCIIInt-ShuffleBytes-CrossOver-ShuffleBytes-
#10936	NEW    cov: 15003 ft: 35885 corp: 321/1285b lim: 11 exec/s: 280 rss: 469Mb L: 3/8 MS: 2 ShuffleBytes-CopyPart-
#10945	NEW    cov: 15003 ft: 35886 corp: 322/1293b lim: 11 exec/s: 280 rss: 469Mb L: 8/8 MS: 4 InsertByte-ShuffleBytes-PersAutoDict-CrossOver- DE: "\264\002"-
#10947	NEW    cov: 15004 ft: 35888 corp: 323/1303b lim: 11 exec/s: 280 rss: 469Mb L: 10/10 MS: 2 CrossOver-InsertRepeatedBytes-
#11075	NEW    cov: 15007 ft: 35892 corp: 324/1314b lim: 11 exec/s: 283 rss: 469Mb L: 11/11 MS: 3 EraseBytes-InsertRepeatedBytes-CrossOver-
#11134	NEW    cov: 15021 ft: 35906 corp: 325/1325b lim: 11 exec/s: 285 rss: 469Mb L: 11/11 MS: 4 CopyPart-InsertRepeatedBytes-CrossOver-InsertByte-
#11151	REDUCE cov: 15026 ft: 35911 corp: 326/1336b lim: 11 exec/s: 285 rss: 469Mb L: 11/11 MS: 2 PersAutoDict-InsertRepeatedBytes- DE: "\002\320"-
	NEW_FUNC[1/1]: 0x0001047063fc in _RNvMs4_NtCs7a5mATVz8u3_5alloc7raw_vecINtB5_6RawVecINtNtCs7oq3hgLOR5a_4core6option6OptionNtNtNtCsaadRk6yvHw6_6rsword4edit9chart_ops16ChartSeriesPatchEE8grow_oneB1u_+0x0 (fuzz_edit:arm64+0x101b4e3fc)
#11162	NEW    cov: 15050 ft: 35935 corp: 327/1347b lim: 11 exec/s: 279 rss: 469Mb L: 11/11 MS: 1 InsertRepeatedBytes-
#11194	NEW    cov: 15050 ft: 35937 corp: 328/1355b lim: 11 exec/s: 279 rss: 469Mb L: 8/11 MS: 2 EraseBytes-InsertRepeatedBytes-
#11214	NEW    cov: 15052 ft: 35939 corp: 329/1364b lim: 11 exec/s: 280 rss: 469Mb L: 9/11 MS: 5 InsertByte-ChangeBit-CopyPart-CopyPart-ChangeBit-
	NEW_FUNC[1/6]: 0x000102db7d98 in _RINvNtCs7oq3hgLOR5a_4core3ptr9drop_glueNtNtNtCsaadRk6yvHw6_6rsword4edit5track7TrackerEBH_+0x0 (fuzz_edit:arm64+0x1001ffd98)
	NEW_FUNC[2/6]: 0x00010378f360 in _RNvMNtNtCsaadRk6yvHw6_6rsword4edit5trackNtB2_7Tracker6marker+0x0 (fuzz_edit:arm64+0x100bd7360)
#11253	NEW    cov: 15146 ft: 36158 corp: 330/1375b lim: 11 exec/s: 281 rss: 469Mb L: 11/11 MS: 4 CopyPart-CrossOver-CMP-InsertByte- DE: "\213\002"-
#11255	NEW    cov: 15146 ft: 36195 corp: 331/1386b lim: 11 exec/s: 281 rss: 469Mb L: 11/11 MS: 2 CopyPart-ChangeByte-
#11310	NEW    cov: 15146 ft: 36197 corp: 332/1397b lim: 11 exec/s: 282 rss: 469Mb L: 11/11 MS: 5 InsertRepeatedBytes-ChangeBinInt-ChangeBit-CrossOver-PersAutoDict- DE: "\213\002"-
	NEW_FUNC[1/6]: 0x000102d2e14c in _RINvNtCs7oq3hgLOR5a_4core3ptr9drop_glueINtNtCs7a5mATVz8u3_5alloc3vec3VecTNtNtNtCsaadRk6yvHw6_6rsword3xml3dom6NodeIdNtNtNtB1f_4edit3pos11Utf16OffsetlEEEB1f_+0x0 (fuzz_edit:arm64+0x10017614c)
	NEW_FUNC[2/6]: 0x000102d68770 in _RINvNtCs7oq3hgLOR5a_4core3ptr9drop_glueINtNtNtCs7a5mATVz8u3_5alloc3vec9into_iter8IntoIterTNtNtNtCsaadRk6yvHw6_6rsword3xml3dom6NodeIdbEEEB1w_+0x0 (fuzz_edit:arm64+0x1001b0770)
#11355	NEW    cov: 15276 ft: 36669 corp: 333/1408b lim: 11 exec/s: 283 rss: 469Mb L: 11/11 MS: 5 ChangeByte-ShuffleBytes-ChangeBit-CopyPart-CopyPart-
#11385	NEW    cov: 15276 ft: 36672 corp: 334/1417b lim: 11 exec/s: 284 rss: 469Mb L: 9/11 MS: 5 EraseBytes-CrossOver-PersAutoDict-PersAutoDict-InsertByte- DE: "\001\320"-"\275\003\000\000"-
	NEW_FUNC[1/4]: 0x000102d59ef4 in _RINvNtCs7oq3hgLOR5a_4core3ptr9drop_glueINtNtNtCs7a5mATVz8u3_5alloc3vec9into_iter8IntoIterNtNtNtCsaadRk6yvHw6_6rsword3xml4plan7NewNodeEEB1v_+0x0 (fuzz_edit:arm64+0x1001a1ef4)
	NEW_FUNC[2/4]: 0x000102e3be40 in _RINvNtCs7oq3hgLOR5a_4core3ptr9drop_glueSNtNtNtCsaadRk6yvHw6_6rsword3xml4plan7NewNodeEBI_+0x0 (fuzz_edit:arm64+0x100283e40)
#11387	NEW    cov: 15342 ft: 36812 corp: 335/1428b lim: 11 exec/s: 284 rss: 469Mb L: 11/11 MS: 2 InsertRepeatedBytes-InsertByte-
#11395	NEW    cov: 15342 ft: 36813 corp: 336/1435b lim: 11 exec/s: 284 rss: 469Mb L: 7/11 MS: 3 CrossOver-ChangeByte-ChangeBit-
#11414	NEW    cov: 15343 ft: 36944 corp: 337/1446b lim: 11 exec/s: 285 rss: 469Mb L: 11/11 MS: 4 InsertByte-PersAutoDict-CMP-CopyPart- DE: "\355\000"-"\001\000\000\002"-
#11423	NEW    cov: 15362 ft: 36968 corp: 338/1457b lim: 11 exec/s: 285 rss: 469Mb L: 11/11 MS: 4 EraseBytes-CrossOver-InsertRepeatedBytes-PersAutoDict- DE: "\213\002"-
#11559	NEW    cov: 15362 ft: 36969 corp: 339/1463b lim: 11 exec/s: 281 rss: 469Mb L: 6/11 MS: 1 PersAutoDict- DE: "\001\000\000\002"-
#11576	NEW    cov: 15362 ft: 36978 corp: 340/1474b lim: 11 exec/s: 282 rss: 469Mb L: 11/11 MS: 2 ChangeBit-CrossOver-
#11603	NEW    cov: 15363 ft: 36979 corp: 341/1485b lim: 11 exec/s: 283 rss: 469Mb L: 11/11 MS: 2 InsertByte-InsertRepeatedBytes-
	NEW_FUNC[1/1]: 0x000103c9dbf0 in _RNvNtNtCsaadRk6yvHw6_6rsword4edit3ops25plan_delete_block_tracked+0x0 (fuzz_edit:arm64+0x1010e5bf0)
#11662	NEW    cov: 15452 ft: 37135 corp: 342/1496b lim: 11 exec/s: 284 rss: 469Mb L: 11/11 MS: 4 ChangeBit-CopyPart-ChangeBit-ShuffleBytes-
	NEW_FUNC[1/10]: 0x000102c52eac in _RINvMNtNtCsaadRk6yvHw6_6rsword3xml4planNtB3_10NewElement9with_attrNtNtCs7a5mATVz8u3_5alloc6string6StringEB7_+0x0 (fuzz_edit:arm64+0x10009aeac)
	NEW_FUNC[2/10]: 0x000102c5370c in _RINvMNtNtCsaadRk6yvHw6_6rsword3xml4planNtB3_10NewElement9with_attrReEB7_+0x0 (fuzz_edit:arm64+0x10009b70c)
#11681	NEW    cov: 15612 ft: 37474 corp: 343/1507b lim: 11 exec/s: 284 rss: 469Mb L: 11/11 MS: 4 ShuffleBytes-InsertRepeatedBytes-ShuffleBytes-CopyPart-
#11687	NEW    cov: 15613 ft: 37475 corp: 344/1515b lim: 11 exec/s: 285 rss: 469Mb L: 8/11 MS: 1 ChangeBit-
#11708	NEW    cov: 15614 ft: 37478 corp: 345/1525b lim: 11 exec/s: 285 rss: 469Mb L: 10/11 MS: 1 CopyPart-
#11732	NEW    cov: 15626 ft: 37590 corp: 346/1536b lim: 11 exec/s: 286 rss: 469Mb L: 11/11 MS: 4 CrossOver-ChangeByte-ShuffleBytes-InsertRepeatedBytes-
#11747	NEW    cov: 15633 ft: 37612 corp: 347/1547b lim: 11 exec/s: 286 rss: 469Mb L: 11/11 MS: 5 InsertRepeatedBytes-CrossOver-CrossOver-ChangeByte-CrossOver-
#11779	NEW    cov: 15633 ft: 37613 corp: 348/1553b lim: 11 exec/s: 280 rss: 469Mb L: 6/11 MS: 2 EraseBytes-CopyPart-
#11813	NEW    cov: 15658 ft: 37650 corp: 349/1564b lim: 11 exec/s: 281 rss: 469Mb L: 11/11 MS: 4 InsertRepeatedBytes-InsertByte-CrossOver-CopyPart-
	NEW_FUNC[1/5]: 0x000103732304 in _RNCNvNtNtCsaadRk6yvHw6_6rsword4edit3ops11insert_text0B7_+0x0 (fuzz_edit:arm64+0x100b7a304)
	NEW_FUNC[2/5]: 0x000103732598 in _RNCNvNtNtCsaadRk6yvHw6_6rsword4edit3ops11insert_texts_0B7_+0x0 (fuzz_edit:arm64+0x100b7a598)
#11964	NEW    cov: 15712 ft: 37705 corp: 350/1575b lim: 11 exec/s: 284 rss: 469Mb L: 11/11 MS: 1 InsertRepeatedBytes-
#11994	NEW    cov: 15712 ft: 37713 corp: 351/1586b lim: 11 exec/s: 285 rss: 469Mb L: 11/11 MS: 5 EraseBytes-ChangeBit-InsertRepeatedBytes-CopyPart-InsertByte-
#12012	NEW    cov: 15712 ft: 37714 corp: 352/1595b lim: 11 exec/s: 286 rss: 469Mb L: 9/11 MS: 3 ShuffleBytes-ChangeBit-InsertRepeatedBytes-
	NEW_FUNC[1/1]: 0x000103d79be0 in _RNvNtNtCsaadRk6yvHw6_6rsword4span7content15item_containing+0x0 (fuzz_edit:arm64+0x1011c1be0)
#12016	NEW    cov: 15763 ft: 37783 corp: 353/1606b lim: 11 exec/s: 286 rss: 469Mb L: 11/11 MS: 4 ShuffleBytes-ChangeBinInt-InsertByte-CrossOver-
#12139	NEW    cov: 15770 ft: 37890 corp: 354/1617b lim: 11 exec/s: 282 rss: 469Mb L: 11/11 MS: 3 InsertRepeatedBytes-CrossOver-CopyPart-
#12142	NEW    cov: 15774 ft: 37902 corp: 355/1628b lim: 11 exec/s: 282 rss: 469Mb L: 11/11 MS: 3 CopyPart-CrossOver-ChangeByte-
#12188	NEW    cov: 15774 ft: 37903 corp: 356/1633b lim: 11 exec/s: 283 rss: 469Mb L: 5/11 MS: 1 CrossOver-
#12224	NEW    cov: 15774 ft: 37910 corp: 357/1644b lim: 11 exec/s: 284 rss: 469Mb L: 11/11 MS: 1 PersAutoDict- DE: "\001\320"-
#12226	NEW    cov: 15774 ft: 37914 corp: 358/1649b lim: 11 exec/s: 284 rss: 469Mb L: 5/11 MS: 2 ChangeByte-InsertByte-
#12287	NEW    cov: 15774 ft: 37969 corp: 359/1660b lim: 11 exec/s: 285 rss: 469Mb L: 11/11 MS: 1 ChangeBit-
#12322	NEW    cov: 15776 ft: 37971 corp: 360/1671b lim: 11 exec/s: 286 rss: 469Mb L: 11/11 MS: 5 ChangeBit-CrossOver-CrossOver-CrossOver-ShuffleBytes-
#12373	REDUCE cov: 15776 ft: 37971 corp: 360/1670b lim: 11 exec/s: 281 rss: 469Mb L: 1/11 MS: 1 EraseBytes-
#12503	NEW    cov: 15776 ft: 37972 corp: 361/1676b lim: 11 exec/s: 284 rss: 469Mb L: 6/11 MS: 5 InsertByte-InsertByte-ShuffleBytes-CopyPart-CMP- DE: "\001\000\003N"-
#12521	NEW    cov: 15786 ft: 37987 corp: 362/1687b lim: 11 exec/s: 284 rss: 469Mb L: 11/11 MS: 3 CopyPart-ShuffleBytes-ShuffleBytes-
#12547	NEW    cov: 15786 ft: 37992 corp: 363/1696b lim: 11 exec/s: 285 rss: 469Mb L: 9/11 MS: 1 InsertByte-
#12585	NEW    cov: 15786 ft: 38016 corp: 364/1707b lim: 11 exec/s: 286 rss: 469Mb L: 11/11 MS: 3 InsertRepeatedBytes-InsertByte-CopyPart-
#12613	NEW    cov: 15786 ft: 38043 corp: 365/1718b lim: 11 exec/s: 286 rss: 469Mb L: 11/11 MS: 3 ChangeBinInt-ChangeBit-ChangeByte-
#12702	NEW    cov: 15788 ft: 38049 corp: 366/1729b lim: 11 exec/s: 282 rss: 469Mb L: 11/11 MS: 4 ChangeByte-InsertRepeatedBytes-ChangeByte-ChangeBinInt-
#12715	NEW    cov: 15788 ft: 38064 corp: 367/1740b lim: 11 exec/s: 282 rss: 469Mb L: 11/11 MS: 3 CrossOver-ChangeByte-CrossOver-
#12817	NEW    cov: 15789 ft: 38065 corp: 368/1751b lim: 11 exec/s: 284 rss: 469Mb L: 11/11 MS: 2 InsertRepeatedBytes-CopyPart-
#12840	NEW    cov: 15792 ft: 38073 corp: 369/1762b lim: 11 exec/s: 285 rss: 469Mb L: 11/11 MS: 3 CMP-CopyPart-ChangeBit- DE: "\001\000\000\000\000\000\000\020"-
#12863	NEW    cov: 15792 ft: 38084 corp: 370/1773b lim: 11 exec/s: 285 rss: 469Mb L: 11/11 MS: 3 CopyPart-ChangeBit-CrossOver-
#12869	NEW    cov: 15793 ft: 38101 corp: 371/1784b lim: 11 exec/s: 285 rss: 469Mb L: 11/11 MS: 1 ChangeByte-
#12981	NEW    cov: 15793 ft: 38109 corp: 372/1795b lim: 11 exec/s: 282 rss: 469Mb L: 11/11 MS: 2 ShuffleBytes-CopyPart-
#13104	NEW    cov: 15793 ft: 38112 corp: 373/1806b lim: 11 exec/s: 284 rss: 469Mb L: 11/11 MS: 3 InsertRepeatedBytes-InsertByte-CrossOver-
#13136	NEW    cov: 15793 ft: 38114 corp: 374/1817b lim: 11 exec/s: 285 rss: 469Mb L: 11/11 MS: 2 ChangeByte-ChangeBit-
#13146	NEW    cov: 15793 ft: 38122 corp: 375/1828b lim: 11 exec/s: 285 rss: 469Mb L: 11/11 MS: 5 ChangeByte-InsertRepeatedBytes-CrossOver-ChangeByte-ChangeBit-
#13199	NEW    cov: 15793 ft: 38123 corp: 376/1839b lim: 11 exec/s: 286 rss: 469Mb L: 11/11 MS: 3 PersAutoDict-InsertRepeatedBytes-InsertByte- DE: "\001\000\000\002"-
#13206	NEW    cov: 15793 ft: 38133 corp: 377/1850b lim: 11 exec/s: 287 rss: 469Mb L: 11/11 MS: 2 ChangeBit-ChangeBinInt-
#13241	NEW    cov: 15795 ft: 38148 corp: 378/1861b lim: 11 exec/s: 281 rss: 469Mb L: 11/11 MS: 5 PersAutoDict-InsertRepeatedBytes-ShuffleBytes-CrossOver-ChangeBinInt- DE: "\264\002"-
#13336	NEW    cov: 15795 ft: 38149 corp: 379/1872b lim: 11 exec/s: 283 rss: 469Mb L: 11/11 MS: 5 ChangeByte-InsertByte-CMP-InsertByte-InsertByte- DE: "\000\211"-
#13500	NEW    cov: 15795 ft: 38250 corp: 380/1883b lim: 11 exec/s: 281 rss: 469Mb L: 11/11 MS: 4 InsertRepeatedBytes-ChangeBit-CopyPart-ChangeByte-
#13610	NEW    cov: 15802 ft: 38326 corp: 381/1894b lim: 11 exec/s: 283 rss: 469Mb L: 11/11 MS: 5 InsertByte-CopyPart-CopyPart-InsertByte-InsertByte-
#13630	NEW    cov: 15802 ft: 38332 corp: 382/1905b lim: 11 exec/s: 283 rss: 469Mb L: 11/11 MS: 5 InsertRepeatedBytes-ChangeBit-CopyPart-InsertByte-CopyPart-
#13644	NEW    cov: 15802 ft: 38336 corp: 383/1916b lim: 11 exec/s: 284 rss: 469Mb L: 11/11 MS: 4 CopyPart-ChangeBit-InsertRepeatedBytes-CrossOver-
#13786	NEW    cov: 15802 ft: 38338 corp: 384/1927b lim: 11 exec/s: 281 rss: 470Mb L: 11/11 MS: 2 InsertRepeatedBytes-PersAutoDict- DE: "\264\002"-
#13807	NEW    cov: 15802 ft: 38341 corp: 385/1938b lim: 11 exec/s: 281 rss: 470Mb L: 11/11 MS: 1 ChangeBinInt-
#13896	NEW    cov: 15802 ft: 38350 corp: 386/1949b lim: 11 exec/s: 283 rss: 472Mb L: 11/11 MS: 4 InsertRepeatedBytes-ChangeByte-ChangeBit-InsertByte-
#13942	NEW    cov: 15816 ft: 38365 corp: 387/1960b lim: 11 exec/s: 284 rss: 472Mb L: 11/11 MS: 1 CrossOver-
#14013	NEW    cov: 15816 ft: 38372 corp: 388/1970b lim: 11 exec/s: 285 rss: 472Mb L: 10/11 MS: 1 ChangeBinInt-
#14033	NEW    cov: 15816 ft: 38375 corp: 389/1981b lim: 11 exec/s: 280 rss: 472Mb L: 11/11 MS: 5 ChangeBit-CrossOver-ChangeBinInt-PersAutoDict-ChangeBit- DE: "\001\000\000\002"-
#14227	NEW    cov: 15816 ft: 38377 corp: 390/1992b lim: 11 exec/s: 284 rss: 475Mb L: 11/11 MS: 4 PersAutoDict-ChangeByte-CopyPart-InsertByte- DE: "\317\002"-
#14242	NEW    cov: 15817 ft: 38378 corp: 391/2003b lim: 11 exec/s: 284 rss: 481Mb L: 11/11 MS: 5 CMP-ShuffleBytes-CopyPart-CopyPart-CrossOver- DE: "\215\002\000\000"-
#14279	NEW    cov: 15817 ft: 38379 corp: 392/2014b lim: 11 exec/s: 285 rss: 481Mb L: 11/11 MS: 2 ShuffleBytes-ChangeBinInt-
#14284	NEW    cov: 15837 ft: 38402 corp: 393/2025b lim: 11 exec/s: 285 rss: 481Mb L: 11/11 MS: 5 ChangeBit-ChangeBit-EraseBytes-InsertRepeatedBytes-ShuffleBytes-
#14406	NEW    cov: 15837 ft: 38422 corp: 394/2036b lim: 11 exec/s: 282 rss: 481Mb L: 11/11 MS: 2 ChangeBinInt-ChangeBinInt-
#14653	NEW    cov: 15837 ft: 38630 corp: 395/2047b lim: 11 exec/s: 281 rss: 481Mb L: 11/11 MS: 2 ShuffleBytes-PersAutoDict- DE: "\215\002\000\000"-
#14694	NEW    cov: 15838 ft: 38631 corp: 396/2054b lim: 11 exec/s: 282 rss: 481Mb L: 7/11 MS: 1 EraseBytes-
#14696	NEW    cov: 15838 ft: 38634 corp: 397/2065b lim: 11 exec/s: 282 rss: 481Mb L: 11/11 MS: 2 ChangeBit-ShuffleBytes-
#14742	NEW    cov: 15838 ft: 38635 corp: 398/2076b lim: 11 exec/s: 283 rss: 481Mb L: 11/11 MS: 1 ChangeByte-
#14797	NEW    cov: 15838 ft: 38637 corp: 399/2086b lim: 11 exec/s: 284 rss: 481Mb L: 10/11 MS: 5 ChangeBit-EraseBytes-ShuffleBytes-ChangeBinInt-ShuffleBytes-
#14819	NEW    cov: 15856 ft: 38673 corp: 400/2097b lim: 11 exec/s: 284 rss: 481Mb L: 11/11 MS: 2 InsertRepeatedBytes-CopyPart-
#14929	NEW    cov: 15928 ft: 38957 corp: 401/2108b lim: 11 exec/s: 281 rss: 481Mb L: 11/11 MS: 5 CopyPart-ChangeByte-CopyPart-EraseBytes-CrossOver-
#15083	NEW    cov: 15929 ft: 38959 corp: 402/2119b lim: 11 exec/s: 284 rss: 481Mb L: 11/11 MS: 4 ShuffleBytes-CMP-ShuffleBytes-ShuffleBytes- DE: "\003\214"-
#15369	NEW    cov: 15929 ft: 38986 corp: 403/2130b lim: 11 exec/s: 284 rss: 481Mb L: 11/11 MS: 1 ChangeBit-
#15380	NEW    cov: 15929 ft: 39005 corp: 404/2141b lim: 11 exec/s: 284 rss: 481Mb L: 11/11 MS: 1 ChangeBinInt-
#15507	REDUCE cov: 15929 ft: 39005 corp: 404/2139b lim: 11 exec/s: 287 rss: 481Mb L: 6/11 MS: 2 CopyPart-EraseBytes-
#15545	NEW    cov: 15931 ft: 39007 corp: 405/2149b lim: 11 exec/s: 282 rss: 481Mb L: 10/11 MS: 3 InsertByte-PersAutoDict-CrossOver- DE: "\315\002"-
#15582	NEW    cov: 15931 ft: 39011 corp: 406/2160b lim: 11 exec/s: 283 rss: 481Mb L: 11/11 MS: 2 CopyPart-ChangeBinInt-
#15597	NEW    cov: 15931 ft: 39019 corp: 407/2171b lim: 11 exec/s: 283 rss: 481Mb L: 11/11 MS: 5 CopyPart-ShuffleBytes-ChangeByte-CopyPart-CrossOver-
#15613	NEW    cov: 15949 ft: 39245 corp: 408/2182b lim: 11 exec/s: 283 rss: 481Mb L: 11/11 MS: 1 InsertByte-
#15626	REDUCE cov: 15949 ft: 39245 corp: 408/2179b lim: 11 exec/s: 284 rss: 481Mb L: 8/11 MS: 3 EraseBytes-ChangeByte-PersAutoDict- DE: "\000\205"-
#15693	NEW    cov: 15949 ft: 39248 corp: 409/2190b lim: 11 exec/s: 285 rss: 481Mb L: 11/11 MS: 2 ChangeBit-PersAutoDict- DE: "\264\002"-
#15764	NEW    cov: 15949 ft: 39253 corp: 410/2201b lim: 11 exec/s: 286 rss: 481Mb L: 11/11 MS: 1 ChangeBit-
#15871	NEW    cov: 15957 ft: 39264 corp: 411/2212b lim: 11 exec/s: 283 rss: 481Mb L: 11/11 MS: 2 ShuffleBytes-ChangeBinInt-
	NEW_FUNC[1/1]: 0x0001037d6b00 in _RNvMNtNtCsaadRk6yvHw6_6rsword4edit7sessionNtB2_11EditSession9flavor_in+0x0 (fuzz_edit:arm64+0x100c1eb00)
#16045	NEW    cov: 16002 ft: 39321 corp: 412/2223b lim: 11 exec/s: 286 rss: 481Mb L: 11/11 MS: 4 PersAutoDict-CMP-ChangeBinInt-InsertByte- DE: "\355\000"-"\001\000\001\232"-
#16128	NEW    cov: 16002 ft: 39323 corp: 413/2234b lim: 11 exec/s: 282 rss: 481Mb L: 11/11 MS: 3 CopyPart-ShuffleBytes-PersAutoDict- DE: "\000\205"-
#16134	NEW    cov: 16002 ft: 39325 corp: 414/2244b lim: 11 exec/s: 283 rss: 481Mb L: 10/11 MS: 1 CMP- DE: "\001\000\002\263"-
#16149	NEW    cov: 16002 ft: 39326 corp: 415/2255b lim: 11 exec/s: 283 rss: 481Mb L: 11/11 MS: 5 CopyPart-ChangeBit-ChangeByte-InsertRepeatedBytes-CrossOver-
#16153	NEW    cov: 16002 ft: 39331 corp: 416/2266b lim: 11 exec/s: 283 rss: 481Mb L: 11/11 MS: 4 EraseBytes-ShuffleBytes-ChangeBit-CrossOver-
#16270	NEW    cov: 16010 ft: 39339 corp: 417/2277b lim: 11 exec/s: 285 rss: 481Mb L: 11/11 MS: 2 PersAutoDict-ShuffleBytes- DE: "\001\000\002\263"-
#16304	NEW    cov: 16025 ft: 39459 corp: 418/2288b lim: 11 exec/s: 286 rss: 481Mb L: 11/11 MS: 4 ChangeBinInt-InsertByte-InsertRepeatedBytes-CrossOver-
#16384	pulse  cov: 16025 ft: 39459 corp: 418/2288b lim: 11 exec/s: 282 rss: 483Mb
#16412	NEW    cov: 16028 ft: 39462 corp: 419/2299b lim: 11 exec/s: 282 rss: 483Mb L: 11/11 MS: 3 ChangeByte-CrossOver-ChangeByte-
#16448	NEW    cov: 16028 ft: 39470 corp: 420/2310b lim: 11 exec/s: 283 rss: 483Mb L: 11/11 MS: 1 ChangeASCIIInt-
#16455	REDUCE cov: 16028 ft: 39470 corp: 420/2309b lim: 11 exec/s: 283 rss: 483Mb L: 4/11 MS: 2 InsertRepeatedBytes-CrossOver-
#16512	NEW    cov: 16028 ft: 39473 corp: 421/2320b lim: 11 exec/s: 284 rss: 483Mb L: 11/11 MS: 2 ChangeBinInt-PersAutoDict- DE: "\001\205"-
#16528	NEW    cov: 16028 ft: 39483 corp: 422/2331b lim: 11 exec/s: 284 rss: 483Mb L: 11/11 MS: 1 CrossOver-
#16536	NEW    cov: 16028 ft: 39484 corp: 423/2339b lim: 11 exec/s: 285 rss: 483Mb L: 8/11 MS: 3 PersAutoDict-ChangeBit-ShuffleBytes- DE: "\215\002\000\000"-
#16668	NEW    cov: 16028 ft: 39486 corp: 424/2346b lim: 11 exec/s: 282 rss: 483Mb L: 7/11 MS: 2 ChangeBit-CrossOver-
#16673	NEW    cov: 16028 ft: 39490 corp: 425/2357b lim: 11 exec/s: 282 rss: 483Mb L: 11/11 MS: 5 ChangeBit-ChangeByte-CMP-ChangeByte-CopyPart- DE: "\001\012"-
#16689	NEW    cov: 16028 ft: 39491 corp: 426/2368b lim: 11 exec/s: 282 rss: 483Mb L: 11/11 MS: 1 ChangeBinInt-
#16700	NEW    cov: 16028 ft: 39492 corp: 427/2379b lim: 11 exec/s: 283 rss: 483Mb L: 11/11 MS: 1 ChangeBinInt-
#16796	NEW    cov: 16037 ft: 39503 corp: 428/2390b lim: 11 exec/s: 284 rss: 483Mb L: 11/11 MS: 1 ChangeByte-
#16812	NEW    cov: 16037 ft: 39504 corp: 429/2398b lim: 11 exec/s: 284 rss: 483Mb L: 8/11 MS: 1 ChangeBit-
#16919	NEW    cov: 16038 ft: 39515 corp: 430/2409b lim: 11 exec/s: 281 rss: 483Mb L: 11/11 MS: 2 CopyPart-CopyPart-
#17027	REDUCE cov: 16040 ft: 39517 corp: 431/2415b lim: 11 exec/s: 283 rss: 483Mb L: 6/11 MS: 3 ChangeBinInt-CopyPart-InsertByte-
#17043	NEW    cov: 16040 ft: 39518 corp: 432/2426b lim: 11 exec/s: 284 rss: 483Mb L: 11/11 MS: 1 CMP- DE: "\001\000\003N"-
#17055	REDUCE cov: 16040 ft: 39518 corp: 432/2425b lim: 11 exec/s: 284 rss: 483Mb L: 6/11 MS: 2 CrossOver-EraseBytes-
#17168	NEW    cov: 16041 ft: 39536 corp: 433/2436b lim: 11 exec/s: 281 rss: 483Mb L: 11/11 MS: 3 InsertByte-InsertRepeatedBytes-CopyPart-
#17260	NEW    cov: 16041 ft: 39542 corp: 434/2447b lim: 11 exec/s: 282 rss: 483Mb L: 11/11 MS: 2 ShuffleBytes-ChangeByte-
	NEW_FUNC[1/1]: 0x000103c24230 in _RNvNtNtCsaadRk6yvHw6_6rsword4edit3ops13boundary_site+0x0 (fuzz_edit:arm64+0x10106c230)
#17401	NEW    cov: 16071 ft: 39571 corp: 435/2458b lim: 11 exec/s: 285 rss: 483Mb L: 11/11 MS: 1 ShuffleBytes-
#17515	NEW    cov: 16116 ft: 39774 corp: 436/2469b lim: 11 exec/s: 282 rss: 483Mb L: 11/11 MS: 4 InsertRepeatedBytes-ChangeBinInt-InsertByte-ChangeBinInt-
#17600	NEW    cov: 16116 ft: 39777 corp: 437/2480b lim: 11 exec/s: 283 rss: 483Mb L: 11/11 MS: 5 CrossOver-InsertRepeatedBytes-ChangeByte-ShuffleBytes-CMP- DE: "\3020\014\3030\014\303\000"-
#17678	REDUCE cov: 16116 ft: 39777 corp: 437/2478b lim: 11 exec/s: 285 rss: 483Mb L: 6/11 MS: 3 ChangeBit-ShuffleBytes-EraseBytes-
#17729	NEW    cov: 16116 ft: 39778 corp: 438/2489b lim: 11 exec/s: 285 rss: 483Mb L: 11/11 MS: 1 CopyPart-
#17738	NEW    cov: 16116 ft: 39787 corp: 439/2500b lim: 11 exec/s: 286 rss: 483Mb L: 11/11 MS: 4 InsertByte-ChangeBit-CrossOver-ChangeByte-
#17908	NEW    cov: 16125 ft: 39805 corp: 440/2511b lim: 11 exec/s: 284 rss: 483Mb L: 11/11 MS: 5 CrossOver-ChangeBinInt-CMP-ChangeBit-CopyPart- DE: "\377\377\377\377\377\377\377\377"-
#17919	NEW    cov: 16125 ft: 39900 corp: 441/2522b lim: 11 exec/s: 284 rss: 483Mb L: 11/11 MS: 1 CopyPart-
#18029	NEW    cov: 16125 ft: 39902 corp: 442/2533b lim: 11 exec/s: 281 rss: 483Mb L: 11/11 MS: 5 ChangeBit-InsertRepeatedBytes-CrossOver-InsertByte-ShuffleBytes-
#18056	NEW    cov: 16125 ft: 39903 corp: 443/2544b lim: 11 exec/s: 282 rss: 483Mb L: 11/11 MS: 2 CMP-PersAutoDict- DE: "\001\000\003N"-"\001\000\000\002"-
#18213	NEW    cov: 16128 ft: 39909 corp: 444/2555b lim: 11 exec/s: 284 rss: 483Mb L: 11/11 MS: 2 ShuffleBytes-ChangeByte-
#18251	NEW    cov: 16128 ft: 39911 corp: 445/2566b lim: 11 exec/s: 285 rss: 483Mb L: 11/11 MS: 3 CrossOver-CrossOver-PersAutoDict- DE: "\001\205"-
#18295	NEW    cov: 16128 ft: 39916 corp: 446/2577b lim: 11 exec/s: 285 rss: 483Mb L: 11/11 MS: 4 ChangeBinInt-ChangeBit-CopyPart-CrossOver-
#18408	NEW    cov: 16128 ft: 39917 corp: 447/2588b lim: 11 exec/s: 283 rss: 483Mb L: 11/11 MS: 3 ChangeBinInt-ChangeBinInt-ChangeBinInt-
#18489	NEW    cov: 16128 ft: 39921 corp: 448/2599b lim: 11 exec/s: 284 rss: 483Mb L: 11/11 MS: 1 ShuffleBytes-
#18506	NEW    cov: 16129 ft: 39922 corp: 449/2610b lim: 11 exec/s: 284 rss: 483Mb L: 11/11 MS: 2 CopyPart-ChangeBit-
#18725	NEW    cov: 16129 ft: 39927 corp: 450/2621b lim: 11 exec/s: 283 rss: 483Mb L: 11/11 MS: 4 ChangeBit-ChangeBit-ChangeByte-InsertRepeatedBytes-
#18727	NEW    cov: 16133 ft: 39955 corp: 451/2632b lim: 11 exec/s: 283 rss: 483Mb L: 11/11 MS: 2 ChangeBinInt-ChangeBinInt-
#18760	NEW    cov: 16133 ft: 39959 corp: 452/2643b lim: 11 exec/s: 284 rss: 483Mb L: 11/11 MS: 3 ChangeByte-CrossOver-CMP- DE: "\377\377\001\346"-
#18766	NEW    cov: 16133 ft: 39961 corp: 453/2654b lim: 11 exec/s: 284 rss: 483Mb L: 11/11 MS: 1 ChangeBit-
#18810	NEW    cov: 16133 ft: 39962 corp: 454/2665b lim: 11 exec/s: 285 rss: 483Mb L: 11/11 MS: 4 EraseBytes-CopyPart-EraseBytes-PersAutoDict- DE: "\377\377\001\346"-
#18877	NEW    cov: 16137 ft: 39992 corp: 455/2676b lim: 11 exec/s: 286 rss: 483Mb L: 11/11 MS: 2 ChangeBinInt-InsertByte-
#18879	NEW    cov: 16137 ft: 40010 corp: 456/2687b lim: 11 exec/s: 286 rss: 483Mb L: 11/11 MS: 2 EraseBytes-CopyPart-
#18930	NEW    cov: 16144 ft: 40027 corp: 457/2698b lim: 11 exec/s: 282 rss: 483Mb L: 11/11 MS: 1 PersAutoDict- DE: "\000\205"-
#19016	NEW    cov: 16146 ft: 40028 corp: 458/2701b lim: 11 exec/s: 283 rss: 483Mb L: 3/11 MS: 1 CopyPart-
#19242	NEW    cov: 16146 ft: 40035 corp: 459/2712b lim: 11 exec/s: 282 rss: 483Mb L: 11/11 MS: 1 CopyPart-
	NEW_FUNC[1/3]: 0x00010378db7c in _RNvMNtNtCsaadRk6yvHw6_6rsword4edit5trackNtB2_7Tracker14container_mark+0x0 (fuzz_edit:arm64+0x100bd5b7c)
	NEW_FUNC[2/3]: 0x000103c04398 in _RNvNtNtCsaadRk6yvHw6_6rsword4edit3ops10props_site+0x0 (fuzz_edit:arm64+0x10104c398)
#19372	NEW    cov: 16207 ft: 40109 corp: 460/2723b lim: 11 exec/s: 284 rss: 483Mb L: 11/11 MS: 5 InsertRepeatedBytes-EraseBytes-CopyPart-ChangeBit-InsertByte-
#19406	NEW    cov: 16207 ft: 40110 corp: 461/2734b lim: 11 exec/s: 285 rss: 483Mb L: 11/11 MS: 4 PersAutoDict-ShuffleBytes-InsertRepeatedBytes-CrossOver- DE: "\377\377\001\346"-
#19412	NEW    cov: 16207 ft: 40111 corp: 462/2745b lim: 11 exec/s: 285 rss: 483Mb L: 11/11 MS: 1 CopyPart-
#19583	NEW    cov: 16220 ft: 40210 corp: 463/2756b lim: 11 exec/s: 283 rss: 483Mb L: 11/11 MS: 1 ChangeByte-
#19741	NEW    cov: 16221 ft: 40212 corp: 464/2767b lim: 11 exec/s: 282 rss: 483Mb L: 11/11 MS: 3 PersAutoDict-InsertRepeatedBytes-CopyPart- DE: "\315\002"-
#19752	NEW    cov: 16221 ft: 40219 corp: 465/2778b lim: 11 exec/s: 282 rss: 483Mb L: 11/11 MS: 1 ChangeByte-
#19863	NEW    cov: 16221 ft: 40228 corp: 466/2789b lim: 11 exec/s: 283 rss: 483Mb L: 11/11 MS: 1 CopyPart-
#20016	NEW    cov: 16221 ft: 40229 corp: 467/2795b lim: 11 exec/s: 281 rss: 483Mb L: 6/11 MS: 3 EraseBytes-EraseBytes-ChangeByte-
#20021	NEW    cov: 16221 ft: 40238 corp: 468/2806b lim: 11 exec/s: 281 rss: 483Mb L: 11/11 MS: 5 ChangeByte-ChangeByte-ChangeByte-CrossOver-ChangeBinInt-
#20069	NEW    cov: 16221 ft: 40239 corp: 469/2815b lim: 11 exec/s: 282 rss: 483Mb L: 9/11 MS: 3 PersAutoDict-ChangeByte-PersAutoDict- DE: "\377\377\001\346"-"\001\012"-
#20110	NEW    cov: 16221 ft: 40242 corp: 470/2826b lim: 11 exec/s: 283 rss: 483Mb L: 11/11 MS: 1 CrossOver-
#20141	NEW    cov: 16222 ft: 40270 corp: 471/2837b lim: 11 exec/s: 283 rss: 483Mb L: 11/11 MS: 1 ShuffleBytes-
#20182	NEW    cov: 16222 ft: 40299 corp: 472/2848b lim: 11 exec/s: 284 rss: 483Mb L: 11/11 MS: 1 ChangeBinInt-
#20238	NEW    cov: 16222 ft: 40300 corp: 473/2859b lim: 11 exec/s: 285 rss: 483Mb L: 11/11 MS: 1 PersAutoDict- DE: "\001\320"-
#20439	NEW    cov: 16222 ft: 40308 corp: 474/2870b lim: 11 exec/s: 283 rss: 483Mb L: 11/11 MS: 1 CrossOver-
#20708	NEW    cov: 16222 ft: 40309 corp: 475/2881b lim: 11 exec/s: 283 rss: 483Mb L: 11/11 MS: 4 ChangeBit-ChangeBinInt-ChangeBit-PersAutoDict- DE: "\215\002\000\000"-
#20784	NEW    cov: 16222 ft: 40316 corp: 476/2892b lim: 11 exec/s: 284 rss: 483Mb L: 11/11 MS: 1 CrossOver-
#20862	NEW    cov: 16222 ft: 40321 corp: 477/2903b lim: 11 exec/s: 285 rss: 484Mb L: 11/11 MS: 3 ShuffleBytes-ChangeBinInt-InsertByte-
#21174	NEW    cov: 16222 ft: 40327 corp: 478/2917b lim: 14 exec/s: 286 rss: 484Mb L: 14/14 MS: 2 ShuffleBytes-InsertRepeatedBytes-
#21185	NEW    cov: 16222 ft: 40333 corp: 479/2930b lim: 14 exec/s: 286 rss: 484Mb L: 13/14 MS: 1 CopyPart-
#21204	NEW    cov: 16232 ft: 40741 corp: 480/2944b lim: 14 exec/s: 282 rss: 484Mb L: 14/14 MS: 4 PersAutoDict-ChangeBit-PersAutoDict-CMP- DE: "\315\002"-"\003\336"-"\000UUUUUUU"-
#21219	NEW    cov: 16232 ft: 40761 corp: 481/2956b lim: 14 exec/s: 282 rss: 484Mb L: 12/14 MS: 5 ShuffleBytes-CrossOver-InsertByte-ChangeByte-ChangeBinInt-
#21220	NEW    cov: 16236 ft: 40941 corp: 482/2970b lim: 14 exec/s: 282 rss: 484Mb L: 14/14 MS: 1 CopyPart-
#21226	NEW    cov: 16236 ft: 40949 corp: 483/2984b lim: 14 exec/s: 283 rss: 484Mb L: 14/14 MS: 1 CrossOver-
#21229	NEW    cov: 16236 ft: 41705 corp: 484/2996b lim: 14 exec/s: 283 rss: 484Mb L: 12/14 MS: 3 ChangeByte-EraseBytes-CMP- DE: "\262\002\000\000"-
#21235	REDUCE cov: 16236 ft: 41711 corp: 485/3010b lim: 14 exec/s: 283 rss: 484Mb L: 14/14 MS: 1 CrossOver-
#21253	NEW    cov: 16236 ft: 41728 corp: 486/3024b lim: 14 exec/s: 283 rss: 484Mb L: 14/14 MS: 3 InsertByte-InsertByte-CrossOver-
#21261	NEW    cov: 16276 ft: 42983 corp: 487/3038b lim: 14 exec/s: 283 rss: 484Mb L: 14/14 MS: 3 EraseBytes-InsertByte-InsertRepeatedBytes-
#21337	NEW    cov: 16278 ft: 43022 corp: 488/3050b lim: 14 exec/s: 284 rss: 486Mb L: 12/14 MS: 1 CMP- DE: "\377\377\377\377\377\377\377\377"-
#21338	NEW    cov: 16278 ft: 43026 corp: 489/3061b lim: 14 exec/s: 284 rss: 486Mb L: 11/14 MS: 1 ChangeBinInt-
#21451	NEW    cov: 16278 ft: 43029 corp: 490/3075b lim: 14 exec/s: 282 rss: 486Mb L: 14/14 MS: 3 CopyPart-ChangeBinInt-CopyPart-
#21460	NEW    cov: 16278 ft: 43030 corp: 491/3089b lim: 14 exec/s: 282 rss: 486Mb L: 14/14 MS: 4 EraseBytes-ChangeBit-InsertByte-InsertRepeatedBytes-
#21481	NEW    cov: 16278 ft: 43062 corp: 492/3103b lim: 14 exec/s: 282 rss: 486Mb L: 14/14 MS: 1 InsertRepeatedBytes-
#21493	NEW    cov: 16278 ft: 43088 corp: 493/3115b lim: 14 exec/s: 282 rss: 486Mb L: 12/14 MS: 2 InsertRepeatedBytes-PersAutoDict- DE: "\213\002"-
#21514	NEW    cov: 16283 ft: 43093 corp: 494/3129b lim: 14 exec/s: 283 rss: 486Mb L: 14/14 MS: 1 CopyPart-
#21523	NEW    cov: 16283 ft: 43179 corp: 495/3142b lim: 14 exec/s: 283 rss: 486Mb L: 13/14 MS: 4 CMP-PersAutoDict-CrossOver-InsertRepeatedBytes- DE: "\337\002"-"\003\336"-
#21525	NEW    cov: 16285 ft: 43186 corp: 496/3155b lim: 14 exec/s: 283 rss: 486Mb L: 13/14 MS: 2 PersAutoDict-InsertRepeatedBytes- DE: "\377\377\001\346"-
#21533	NEW    cov: 16285 ft: 43187 corp: 497/3168b lim: 14 exec/s: 283 rss: 486Mb L: 13/14 MS: 3 InsertRepeatedBytes-PersAutoDict-InsertByte- DE: "\002\320"-
#21590	NEW    cov: 16285 ft: 43249 corp: 498/3180b lim: 14 exec/s: 284 rss: 486Mb L: 12/14 MS: 2 ChangeByte-InsertByte-
#21643	NEW    cov: 16285 ft: 43506 corp: 499/3193b lim: 14 exec/s: 284 rss: 486Mb L: 13/14 MS: 3 CrossOver-ChangeByte-CopyPart-
#21656	NEW    cov: 16286 ft: 43519 corp: 500/3206b lim: 14 exec/s: 284 rss: 486Mb L: 13/14 MS: 3 PersAutoDict-ChangeBit-PersAutoDict- DE: "\377\377\377\377\377\377\377\377"-"\213\002"-
#21662	NEW    cov: 16286 ft: 43521 corp: 501/3217b lim: 14 exec/s: 285 rss: 486Mb L: 11/14 MS: 1 ChangeBit-
#21677	NEW    cov: 16286 ft: 43526 corp: 502/3230b lim: 14 exec/s: 285 rss: 486Mb L: 13/14 MS: 5 ChangeByte-ChangeByte-InsertByte-InsertByte-ChangeByte-
#21681	NEW    cov: 16286 ft: 43531 corp: 503/3244b lim: 14 exec/s: 281 rss: 486Mb L: 14/14 MS: 4 EraseBytes-EraseBytes-CrossOver-InsertRepeatedBytes-
#21693	NEW    cov: 16286 ft: 43550 corp: 504/3257b lim: 14 exec/s: 281 rss: 486Mb L: 13/14 MS: 2 ChangeBinInt-InsertRepeatedBytes-
#21733	NEW    cov: 16286 ft: 43551 corp: 505/3269b lim: 14 exec/s: 282 rss: 486Mb L: 12/14 MS: 5 ChangeBit-InsertByte-ChangeBinInt-PersAutoDict-CMP- DE: "\377\377\001\346"-"\377\377\001\263"-
#21741	NEW    cov: 16287 ft: 43560 corp: 506/3283b lim: 14 exec/s: 282 rss: 486Mb L: 14/14 MS: 3 PersAutoDict-PersAutoDict-InsertRepeatedBytes- DE: "\000\211"-"\003\336"-
#21742	NEW    cov: 16287 ft: 43582 corp: 507/3295b lim: 14 exec/s: 282 rss: 486Mb L: 12/14 MS: 1 PersAutoDict- DE: "\377\377\377\377\377\377\377\377"-
#21747	NEW    cov: 16287 ft: 43602 corp: 508/3309b lim: 14 exec/s: 282 rss: 486Mb L: 14/14 MS: 5 ChangeByte-InsertRepeatedBytes-CopyPart-ChangeByte-CopyPart-
#21768	NEW    cov: 16287 ft: 43604 corp: 509/3321b lim: 14 exec/s: 282 rss: 486Mb L: 12/14 MS: 1 CopyPart-
#21811	NEW    cov: 16305 ft: 43636 corp: 510/3335b lim: 14 exec/s: 283 rss: 486Mb L: 14/14 MS: 3 InsertByte-ShuffleBytes-InsertRepeatedBytes-
#21854	NEW    cov: 16307 ft: 43647 corp: 511/3349b lim: 14 exec/s: 283 rss: 486Mb L: 14/14 MS: 3 ChangeBit-ShuffleBytes-ChangeByte-
#21864	NEW    cov: 16307 ft: 43651 corp: 512/3361b lim: 14 exec/s: 283 rss: 486Mb L: 12/14 MS: 5 InsertByte-PersAutoDict-CopyPart-InsertRepeatedBytes-ChangeBinInt- DE: "\377\377\001\346"-
#21885	NEW    cov: 16307 ft: 43653 corp: 513/3375b lim: 14 exec/s: 284 rss: 486Mb L: 14/14 MS: 1 CopyPart-
#21890	NEW    cov: 16307 ft: 43710 corp: 514/3388b lim: 14 exec/s: 284 rss: 486Mb L: 13/14 MS: 5 CopyPart-ChangeBit-ChangeByte-CMP-CrossOver- DE: "\377\377\377\377\377\377\377O"-
#21893	REDUCE cov: 16307 ft: 43713 corp: 515/3402b lim: 14 exec/s: 284 rss: 486Mb L: 14/14 MS: 3 InsertRepeatedBytes-EraseBytes-InsertRepeatedBytes-
#21902	NEW    cov: 16307 ft: 43727 corp: 516/3416b lim: 14 exec/s: 284 rss: 486Mb L: 14/14 MS: 4 InsertByte-InsertRepeatedBytes-ShuffleBytes-InsertByte-
#21918	NEW    cov: 16308 ft: 43802 corp: 517/3430b lim: 14 exec/s: 281 rss: 486Mb L: 14/14 MS: 1 CopyPart-
#21919	NEW    cov: 16308 ft: 43855 corp: 518/3442b lim: 14 exec/s: 281 rss: 486Mb L: 12/14 MS: 1 CrossOver-
#21926	NEW    cov: 16313 ft: 43857 corp: 519/3455b lim: 14 exec/s: 281 rss: 486Mb L: 13/14 MS: 2 ShuffleBytes-CrossOver-
#21932	NEW    cov: 16313 ft: 43858 corp: 520/3466b lim: 14 exec/s: 281 rss: 486Mb L: 11/14 MS: 1 ChangeBinInt-
#21978	NEW    cov: 16313 ft: 43863 corp: 521/3480b lim: 14 exec/s: 281 rss: 486Mb L: 14/14 MS: 1 CrossOver-
#21981	REDUCE cov: 16313 ft: 43863 corp: 521/3479b lim: 14 exec/s: 281 rss: 486Mb L: 13/14 MS: 3 CrossOver-ChangeBit-EraseBytes-
#21987	NEW    cov: 16313 ft: 43866 corp: 522/3491b lim: 14 exec/s: 281 rss: 486Mb L: 12/14 MS: 1 PersAutoDict- DE: "\000UUUUUUU"-
	NEW_FUNC[1/1]: 0x000103c27b64 in _RNvNtNtCsaadRk6yvHw6_6rsword4edit3ops13plan_ins_site+0x0 (fuzz_edit:arm64+0x10106fb64)
#21989	NEW    cov: 16332 ft: 43891 corp: 523/3503b lim: 14 exec/s: 281 rss: 486Mb L: 12/14 MS: 2 InsertRepeatedBytes-ChangeBinInt-
#21995	NEW    cov: 16332 ft: 43893 corp: 524/3515b lim: 14 exec/s: 281 rss: 486Mb L: 12/14 MS: 1 CrossOver-
#22070	NEW    cov: 16332 ft: 43907 corp: 525/3529b lim: 14 exec/s: 282 rss: 488Mb L: 14/14 MS: 5 ChangeBinInt-ChangeBinInt-CrossOver-ShuffleBytes-ChangeByte-
#22079	NEW    cov: 16332 ft: 43915 corp: 526/3543b lim: 14 exec/s: 283 rss: 488Mb L: 14/14 MS: 4 CrossOver-PersAutoDict-ShuffleBytes-CrossOver- DE: "\001\000\002\263"-
#22084	NEW    cov: 16333 ft: 43916 corp: 527/3555b lim: 14 exec/s: 283 rss: 489Mb L: 12/14 MS: 5 ShuffleBytes-EraseBytes-InsertRepeatedBytes-ShuffleBytes-CopyPart-
#22085	NEW    cov: 16333 ft: 43950 corp: 528/3567b lim: 14 exec/s: 283 rss: 489Mb L: 12/14 MS: 1 InsertByte-
#22090	NEW    cov: 16333 ft: 43954 corp: 529/3581b lim: 14 exec/s: 283 rss: 490Mb L: 14/14 MS: 5 CopyPart-CrossOver-InsertRepeatedBytes-ChangeByte-CrossOver-
#22100	NEW    cov: 16334 ft: 43960 corp: 530/3595b lim: 14 exec/s: 283 rss: 494Mb L: 14/14 MS: 5 ShuffleBytes-CopyPart-EraseBytes-CrossOver-InsertByte-
#22106	NEW    cov: 16336 ft: 43968 corp: 531/3608b lim: 14 exec/s: 283 rss: 494Mb L: 13/14 MS: 1 InsertByte-
#22112	NEW    cov: 16336 ft: 43969 corp: 532/3622b lim: 14 exec/s: 283 rss: 494Mb L: 14/14 MS: 1 CopyPart-
#22127	NEW    cov: 16337 ft: 43976 corp: 533/3636b lim: 14 exec/s: 283 rss: 494Mb L: 14/14 MS: 5 CopyPart-CrossOver-ShuffleBytes-CMP-ShuffleBytes- DE: "\377\377\377\377\377\377\377\003"-
#22138	NEW    cov: 16337 ft: 43985 corp: 534/3650b lim: 14 exec/s: 280 rss: 494Mb L: 14/14 MS: 1 CopyPart-
#22152	NEW    cov: 16337 ft: 44076 corp: 535/3663b lim: 14 exec/s: 280 rss: 494Mb L: 13/14 MS: 4 ChangeByte-ShuffleBytes-ChangeBinInt-PersAutoDict- DE: "\001\012"-
#22193	NEW    cov: 16337 ft: 44132 corp: 536/3674b lim: 14 exec/s: 280 rss: 494Mb L: 11/14 MS: 1 ChangeByte-
#22208	NEW    cov: 16337 ft: 44133 corp: 537/3687b lim: 14 exec/s: 281 rss: 494Mb L: 13/14 MS: 5 InsertRepeatedBytes-CrossOver-ChangeBit-ChangeByte-CrossOver-
#22250	NEW    cov: 16337 ft: 44134 corp: 538/3698b lim: 14 exec/s: 281 rss: 494Mb L: 11/14 MS: 2 ChangeByte-ChangeBit-
#22269	NEW    cov: 16338 ft: 44228 corp: 539/3712b lim: 14 exec/s: 281 rss: 494Mb L: 14/14 MS: 4 PersAutoDict-CrossOver-ChangeBit-InsertByte- DE: "\001\000\002\263"-
#22278	NEW    cov: 16338 ft: 44229 corp: 540/3724b lim: 14 exec/s: 282 rss: 494Mb L: 12/14 MS: 4 CrossOver-ChangeBinInt-ChangeByte-PersAutoDict- DE: "\377\377\377\377\377\377\377\377"-
#22280	NEW    cov: 16338 ft: 44244 corp: 541/3737b lim: 14 exec/s: 282 rss: 494Mb L: 13/14 MS: 2 ChangeBinInt-ChangeByte-
#22336	NEW    cov: 16338 ft: 44245 corp: 542/3751b lim: 14 exec/s: 282 rss: 494Mb L: 14/14 MS: 1 ShuffleBytes-
#22361	NEW    cov: 16339 ft: 44252 corp: 543/3765b lim: 14 exec/s: 283 rss: 494Mb L: 14/14 MS: 5 PersAutoDict-ChangeBinInt-ChangeBit-CopyPart-CopyPart- DE: "\003\336"-
#22416	NEW    cov: 16339 ft: 44262 corp: 544/3777b lim: 14 exec/s: 280 rss: 494Mb L: 12/14 MS: 5 ChangeBinInt-PersAutoDict-ChangeByte-ChangeByte-InsertByte- DE: "\001\000\000\000\000\000\000\020"-
#22422	NEW    cov: 16342 ft: 44317 corp: 545/3791b lim: 14 exec/s: 280 rss: 494Mb L: 14/14 MS: 1 CopyPart-
#22439	NEW    cov: 16342 ft: 44319 corp: 546/3804b lim: 14 exec/s: 280 rss: 494Mb L: 13/14 MS: 2 ChangeByte-InsertByte-
#22441	NEW    cov: 16342 ft: 44335 corp: 547/3818b lim: 14 exec/s: 280 rss: 494Mb L: 14/14 MS: 2 InsertByte-ShuffleBytes-
#22459	NEW    cov: 16342 ft: 44351 corp: 548/3830b lim: 14 exec/s: 280 rss: 494Mb L: 12/14 MS: 3 ChangeBit-CrossOver-ShuffleBytes-
#22500	NEW    cov: 16342 ft: 44355 corp: 549/3843b lim: 14 exec/s: 281 rss: 494Mb L: 13/14 MS: 1 ChangeByte-
#22515	NEW    cov: 16342 ft: 44362 corp: 550/3857b lim: 14 exec/s: 281 rss: 494Mb L: 14/14 MS: 5 InsertRepeatedBytes-ChangeBinInt-InsertByte-EraseBytes-InsertRepeatedBytes-
#22516	NEW    cov: 16342 ft: 44368 corp: 551/3869b lim: 14 exec/s: 281 rss: 494Mb L: 12/14 MS: 1 InsertRepeatedBytes-
#22631	NEW    cov: 16342 ft: 44370 corp: 552/3881b lim: 14 exec/s: 279 rss: 494Mb L: 12/14 MS: 5 CrossOver-ChangeBinInt-ChangeBinInt-ChangeByte-InsertByte-
#22666	NEW    cov: 16342 ft: 44371 corp: 553/3894b lim: 14 exec/s: 279 rss: 494Mb L: 13/14 MS: 5 InsertRepeatedBytes-ChangeBinInt-InsertByte-ChangeBinInt-ChangeByte-
#22696	NEW    cov: 16343 ft: 44377 corp: 554/3908b lim: 14 exec/s: 280 rss: 494Mb L: 14/14 MS: 5 EraseBytes-ChangeBinInt-EraseBytes-ChangeByte-InsertRepeatedBytes-
#22697	NEW    cov: 16344 ft: 44394 corp: 555/3922b lim: 14 exec/s: 280 rss: 494Mb L: 14/14 MS: 1 ChangeByte-
#22710	NEW    cov: 16344 ft: 44395 corp: 556/3935b lim: 14 exec/s: 280 rss: 494Mb L: 13/14 MS: 3 InsertByte-InsertByte-ShuffleBytes-
#22720	NEW    cov: 16350 ft: 44403 corp: 557/3947b lim: 14 exec/s: 280 rss: 494Mb L: 12/14 MS: 5 CopyPart-ChangeBit-ChangeBit-ChangeBit-ChangeByte-
#22721	NEW    cov: 16351 ft: 44460 corp: 558/3961b lim: 14 exec/s: 280 rss: 494Mb L: 14/14 MS: 1 CrossOver-
#22764	NEW    cov: 16351 ft: 44461 corp: 559/3973b lim: 14 exec/s: 281 rss: 494Mb L: 12/14 MS: 3 CrossOver-ShuffleBytes-InsertRepeatedBytes-
#22778	NEW    cov: 16351 ft: 44479 corp: 560/3987b lim: 14 exec/s: 281 rss: 494Mb L: 14/14 MS: 4 ChangeBinInt-CMP-CopyPart-ShuffleBytes- DE: "\377\377\377\377\377\377\377\003"-
#22800	NEW    cov: 16351 ft: 44480 corp: 561/3998b lim: 14 exec/s: 281 rss: 494Mb L: 11/14 MS: 2 ChangeBit-CopyPart-
#22858	NEW    cov: 16351 ft: 44483 corp: 562/4009b lim: 14 exec/s: 282 rss: 494Mb L: 11/14 MS: 3 ShuffleBytes-InsertRepeatedBytes-CopyPart-
#22888	NEW    cov: 16351 ft: 44484 corp: 563/4023b lim: 14 exec/s: 279 rss: 494Mb L: 14/14 MS: 5 CopyPart-ChangeBit-ChangeByte-ShuffleBytes-InsertRepeatedBytes-
#22910	NEW    cov: 16351 ft: 44491 corp: 564/4036b lim: 14 exec/s: 279 rss: 494Mb L: 13/14 MS: 2 CrossOver-InsertByte-
#23008	NEW    cov: 16351 ft: 44520 corp: 565/4050b lim: 14 exec/s: 280 rss: 494Mb L: 14/14 MS: 3 CopyPart-PersAutoDict-ChangeByte- DE: "\377\377\377\377\377\377\377\377"-
#23018	NEW    cov: 16352 ft: 44523 corp: 566/4064b lim: 14 exec/s: 280 rss: 494Mb L: 14/14 MS: 5 InsertRepeatedBytes-CMP-ShuffleBytes-ChangeBit-CrossOver- DE: "\010\000\000\000\000\000\000\000"-
#23019	NEW    cov: 16357 ft: 44529 corp: 567/4078b lim: 14 exec/s: 280 rss: 494Mb L: 14/14 MS: 1 ChangeBit-
#23069	NEW    cov: 16357 ft: 44640 corp: 568/4091b lim: 14 exec/s: 281 rss: 494Mb L: 13/14 MS: 5 ChangeBinInt-ChangeBit-InsertByte-InsertByte-CrossOver-
#23119	NEW    cov: 16357 ft: 44642 corp: 569/4105b lim: 14 exec/s: 281 rss: 494Mb L: 14/14 MS: 5 ChangeByte-ShuffleBytes-CopyPart-CopyPart-CopyPart-
#23152	NEW    cov: 16360 ft: 44645 corp: 570/4118b lim: 14 exec/s: 278 rss: 494Mb L: 13/14 MS: 3 ChangeBinInt-CopyPart-CrossOver-
#23174	REDUCE cov: 16363 ft: 44652 corp: 571/4132b lim: 14 exec/s: 279 rss: 494Mb L: 14/14 MS: 2 InsertRepeatedBytes-InsertByte-
#23195	NEW    cov: 16373 ft: 44662 corp: 572/4145b lim: 14 exec/s: 279 rss: 494Mb L: 13/14 MS: 1 ChangeBinInt-
#23198	NEW    cov: 16373 ft: 44666 corp: 573/4159b lim: 14 exec/s: 279 rss: 494Mb L: 14/14 MS: 3 ChangeBit-ChangeByte-ShuffleBytes-
#23207	NEW    cov: 16382 ft: 44717 corp: 574/4173b lim: 14 exec/s: 279 rss: 494Mb L: 14/14 MS: 4 CopyPart-ChangeBit-ChangeByte-ChangeByte-
#23220	NEW    cov: 16382 ft: 44718 corp: 575/4179b lim: 14 exec/s: 279 rss: 494Mb L: 6/14 MS: 3 CrossOver-EraseBytes-ChangeByte-
#23224	NEW    cov: 16382 ft: 44726 corp: 576/4192b lim: 14 exec/s: 279 rss: 494Mb L: 13/14 MS: 4 ShuffleBytes-ChangeBit-ShuffleBytes-PersAutoDict- DE: "\377\001"-
#23233	NEW    cov: 16382 ft: 44733 corp: 577/4206b lim: 14 exec/s: 279 rss: 494Mb L: 14/14 MS: 4 InsertByte-CMP-ShuffleBytes-CopyPart- DE: "\206\000\000\000"-
#23236	NEW    cov: 16382 ft: 44735 corp: 578/4219b lim: 14 exec/s: 279 rss: 494Mb L: 13/14 MS: 3 EraseBytes-InsertByte-CrossOver-
#23327	NEW    cov: 16382 ft: 44739 corp: 579/4231b lim: 14 exec/s: 277 rss: 494Mb L: 12/14 MS: 1 InsertByte-
#23348	NEW    cov: 16384 ft: 44745 corp: 580/4242b lim: 14 exec/s: 277 rss: 494Mb L: 11/14 MS: 1 ShuffleBytes-
#23372	NEW    cov: 16384 ft: 44755 corp: 581/4254b lim: 14 exec/s: 278 rss: 494Mb L: 12/14 MS: 4 CopyPart-InsertByte-CopyPart-PersAutoDict- DE: "\001\205"-
#23395	NEW    cov: 16384 ft: 44758 corp: 582/4268b lim: 14 exec/s: 278 rss: 494Mb L: 14/14 MS: 3 ShuffleBytes-ChangeBinInt-ChangeBit-
#23396	NEW    cov: 16385 ft: 44759 corp: 583/4279b lim: 14 exec/s: 278 rss: 494Mb L: 11/14 MS: 1 CopyPart-
#23417	NEW    cov: 16385 ft: 44763 corp: 584/4293b lim: 14 exec/s: 278 rss: 494Mb L: 14/14 MS: 1 CrossOver-
#23444	NEW    cov: 16385 ft: 44774 corp: 585/4307b lim: 14 exec/s: 279 rss: 494Mb L: 14/14 MS: 2 ChangeByte-CopyPart-
#23445	NEW    cov: 16385 ft: 44775 corp: 586/4318b lim: 14 exec/s: 279 rss: 494Mb L: 11/14 MS: 1 PersAutoDict- DE: "M\003"-
#23557	NEW    cov: 16385 ft: 44900 corp: 587/4332b lim: 14 exec/s: 280 rss: 494Mb L: 14/14 MS: 2 InsertRepeatedBytes-InsertByte-
#23582	NEW    cov: 16385 ft: 44914 corp: 588/4346b lim: 14 exec/s: 280 rss: 494Mb L: 14/14 MS: 5 ChangeByte-ChangeBit-ChangeBinInt-CrossOver-CopyPart-
#23606	NEW    cov: 16386 ft: 45075 corp: 589/4360b lim: 14 exec/s: 281 rss: 494Mb L: 14/14 MS: 4 ChangeByte-PersAutoDict-CopyPart-ShuffleBytes- DE: "\000\205"-
#23618	NEW    cov: 16386 ft: 45076 corp: 590/4374b lim: 14 exec/s: 277 rss: 494Mb L: 14/14 MS: 2 ChangeByte-PersAutoDict- DE: "\275\003\000\000"-
#23637	NEW    cov: 16386 ft: 45083 corp: 591/4387b lim: 14 exec/s: 278 rss: 494Mb L: 13/14 MS: 4 ChangeByte-InsertRepeatedBytes-PersAutoDict-EraseBytes- DE: "\213\002"-
#23694	REDUCE cov: 16386 ft: 45087 corp: 592/4400b lim: 14 exec/s: 278 rss: 494Mb L: 13/14 MS: 2 ShuffleBytes-CrossOver-
#23715	NEW    cov: 16386 ft: 45088 corp: 593/4411b lim: 14 exec/s: 279 rss: 494Mb L: 11/14 MS: 1 CrossOver-
#23732	NEW    cov: 16386 ft: 45101 corp: 594/4425b lim: 14 exec/s: 279 rss: 494Mb L: 14/14 MS: 2 CrossOver-CMP- DE: "\262\002\000\000"-
#23743	NEW    cov: 16386 ft: 45106 corp: 595/4437b lim: 14 exec/s: 279 rss: 494Mb L: 12/14 MS: 1 CrossOver-
#23755	NEW    cov: 16386 ft: 45107 corp: 596/4450b lim: 14 exec/s: 279 rss: 494Mb L: 13/14 MS: 2 EraseBytes-InsertRepeatedBytes-
#23789	NEW    cov: 16386 ft: 45108 corp: 597/4463b lim: 14 exec/s: 279 rss: 494Mb L: 13/14 MS: 4 CrossOver-ChangeBit-ChangeByte-PersAutoDict- DE: "\377\377\377\377\377\377\377\377"-
#23792	NEW    cov: 16386 ft: 45110 corp: 598/4477b lim: 14 exec/s: 279 rss: 494Mb L: 14/14 MS: 3 CrossOver-InsertRepeatedBytes-InsertRepeatedBytes-
#23828	NEW    cov: 16387 ft: 45112 corp: 599/4490b lim: 14 exec/s: 280 rss: 494Mb L: 13/14 MS: 1 PersAutoDict- DE: "\215\002\000\000"-
#23845	NEW    cov: 16387 ft: 45121 corp: 600/4503b lim: 14 exec/s: 280 rss: 494Mb L: 13/14 MS: 2 CopyPart-ShuffleBytes-
#23866	NEW    cov: 16387 ft: 45124 corp: 601/4517b lim: 14 exec/s: 277 rss: 494Mb L: 14/14 MS: 1 CrossOver-
#23924	NEW    cov: 16391 ft: 45132 corp: 602/4530b lim: 14 exec/s: 278 rss: 494Mb L: 13/14 MS: 3 ChangeByte-ChangeBinInt-CrossOver-
#23969	NEW    cov: 16395 ft: 45139 corp: 603/4544b lim: 14 exec/s: 278 rss: 494Mb L: 14/14 MS: 5 ShuffleBytes-EraseBytes-CrossOver-InsertByte-PersAutoDict- DE: "\002\320"-
#23972	NEW    cov: 16395 ft: 45148 corp: 604/4558b lim: 14 exec/s: 278 rss: 494Mb L: 14/14 MS: 3 ShuffleBytes-ShuffleBytes-CrossOver-
#23975	NEW    cov: 16396 ft: 45156 corp: 605/4572b lim: 14 exec/s: 278 rss: 494Mb L: 14/14 MS: 3 ShuffleBytes-ChangeByte-CMP- DE: " \000"-
#23987	NEW    cov: 16396 ft: 45180 corp: 606/4584b lim: 14 exec/s: 278 rss: 494Mb L: 12/14 MS: 2 CopyPart-InsertByte-
#24038	NEW    cov: 16396 ft: 45181 corp: 607/4595b lim: 14 exec/s: 279 rss: 494Mb L: 11/14 MS: 1 ChangeByte-
#24062	NEW    cov: 16396 ft: 45187 corp: 608/4608b lim: 14 exec/s: 279 rss: 494Mb L: 13/14 MS: 4 ChangeBit-CMP-CMP-InsertByte- DE: "\003\263"-"\377\377\377\377\377\377\377\012"-
#24075	NEW    cov: 16396 ft: 45191 corp: 609/4621b lim: 14 exec/s: 279 rss: 494Mb L: 13/14 MS: 3 ChangeByte-ChangeBit-PersAutoDict- DE: "\000\211"-
#24114	NEW    cov: 16396 ft: 45194 corp: 610/4635b lim: 14 exec/s: 280 rss: 494Mb L: 14/14 MS: 4 InsertRepeatedBytes-CopyPart-ShuffleBytes-CrossOver-
#24136	NEW    cov: 16396 ft: 45199 corp: 611/4649b lim: 14 exec/s: 277 rss: 494Mb L: 14/14 MS: 2 InsertByte-PersAutoDict- DE: "\003\214"-
#24183	NEW    cov: 16396 ft: 45211 corp: 612/4661b lim: 14 exec/s: 277 rss: 494Mb L: 12/14 MS: 2 InsertByte-ShuffleBytes-
#24184	NEW    cov: 16397 ft: 45213 corp: 613/4674b lim: 14 exec/s: 277 rss: 494Mb L: 13/14 MS: 1 InsertByte-
#24206	NEW    cov: 16397 ft: 45214 corp: 614/4686b lim: 14 exec/s: 278 rss: 494Mb L: 12/14 MS: 2 PersAutoDict-InsertByte- DE: "\003\336"-
#24211	NEW    cov: 16397 ft: 45216 corp: 615/4698b lim: 14 exec/s: 278 rss: 494Mb L: 12/14 MS: 5 CopyPart-CMP-ShuffleBytes-PersAutoDict-ChangeBit- DE: "\023\000\000\000\000\000\000\000"-"M\003"-
#24217	NEW    cov: 16397 ft: 45223 corp: 616/4712b lim: 14 exec/s: 278 rss: 494Mb L: 14/14 MS: 1 CopyPart-
#24249	NEW    cov: 16399 ft: 45225 corp: 617/4723b lim: 14 exec/s: 278 rss: 494Mb L: 11/14 MS: 2 ChangeByte-ChangeByte-
#24269	NEW    cov: 16403 ft: 45231 corp: 618/4737b lim: 14 exec/s: 278 rss: 494Mb L: 14/14 MS: 5 ShuffleBytes-EraseBytes-CrossOver-ChangeBinInt-CopyPart-
#24292	NEW    cov: 16403 ft: 45236 corp: 619/4749b lim: 14 exec/s: 279 rss: 494Mb L: 12/14 MS: 3 ShuffleBytes-CrossOver-EraseBytes-
#24298	NEW    cov: 16404 ft: 45237 corp: 620/4762b lim: 14 exec/s: 279 rss: 494Mb L: 13/14 MS: 1 CopyPart-
#24304	NEW    cov: 16404 ft: 45260 corp: 621/4776b lim: 14 exec/s: 279 rss: 494Mb L: 14/14 MS: 1 InsertRepeatedBytes-
#24319	NEW    cov: 16407 ft: 45567 corp: 622/4789b lim: 14 exec/s: 279 rss: 494Mb L: 13/14 MS: 5 CrossOver-CopyPart-EraseBytes-InsertRepeatedBytes-ChangeBinInt-
#24331	NEW    cov: 16408 ft: 45568 corp: 623/4802b lim: 14 exec/s: 279 rss: 494Mb L: 13/14 MS: 2 ChangeByte-CopyPart-
#24340	NEW    cov: 16408 ft: 45570 corp: 624/4814b lim: 14 exec/s: 279 rss: 494Mb L: 12/14 MS: 4 ChangeByte-ChangeBit-ShuffleBytes-InsertByte-
#24357	NEW    cov: 16408 ft: 45597 corp: 625/4828b lim: 14 exec/s: 279 rss: 494Mb L: 14/14 MS: 2 ShuffleBytes-InsertRepeatedBytes-
#24374	NEW    cov: 16408 ft: 45629 corp: 626/4841b lim: 14 exec/s: 280 rss: 494Mb L: 13/14 MS: 2 InsertByte-CrossOver-
#24377	NEW    cov: 16408 ft: 45687 corp: 627/4855b lim: 14 exec/s: 277 rss: 494Mb L: 14/14 MS: 3 CopyPart-ChangeBinInt-CopyPart-
#24381	NEW    cov: 16408 ft: 45693 corp: 628/4866b lim: 14 exec/s: 277 rss: 494Mb L: 11/14 MS: 4 InsertRepeatedBytes-PersAutoDict-CrossOver-CopyPart- DE: "\001\336"-
#24418	NEW    cov: 16408 ft: 45696 corp: 629/4880b lim: 14 exec/s: 277 rss: 494Mb L: 14/14 MS: 2 EraseBytes-InsertRepeatedBytes-
#24419	NEW    cov: 16408 ft: 45698 corp: 630/4891b lim: 14 exec/s: 277 rss: 494Mb L: 11/14 MS: 1 ShuffleBytes-
#24461	NEW    cov: 16408 ft: 45699 corp: 631/4903b lim: 14 exec/s: 277 rss: 494Mb L: 12/14 MS: 2 InsertByte-PersAutoDict- DE: "\377\377\377\377\377\377\377O"-
#24465	NEW    cov: 16408 ft: 45702 corp: 632/4916b lim: 14 exec/s: 278 rss: 494Mb L: 13/14 MS: 4 InsertByte-InsertByte-CrossOver-ChangeByte-
#24481	NEW    cov: 16408 ft: 45704 corp: 633/4930b lim: 14 exec/s: 278 rss: 494Mb L: 14/14 MS: 1 PersAutoDict- DE: "\001\320"-
#24486	NEW    cov: 16410 ft: 45706 corp: 634/4942b lim: 14 exec/s: 278 rss: 494Mb L: 12/14 MS: 5 CrossOver-ChangeBinInt-ChangeASCIIInt-ShuffleBytes-ChangeBinInt-
#24517	NEW    cov: 16410 ft: 45711 corp: 635/4955b lim: 14 exec/s: 278 rss: 494Mb L: 13/14 MS: 1 InsertByte-
#24520	NEW    cov: 16410 ft: 45720 corp: 636/4967b lim: 14 exec/s: 278 rss: 494Mb L: 12/14 MS: 3 ChangeByte-ShuffleBytes-InsertByte-
#24617	NEW    cov: 16410 ft: 45728 corp: 637/4981b lim: 14 exec/s: 279 rss: 494Mb L: 14/14 MS: 2 ShuffleBytes-CopyPart-
#24693	NEW    cov: 16410 ft: 45740 corp: 638/4995b lim: 14 exec/s: 277 rss: 494Mb L: 14/14 MS: 1 CopyPart-
#24703	REDUCE cov: 16410 ft: 45740 corp: 638/4994b lim: 14 exec/s: 277 rss: 494Mb L: 13/14 MS: 5 ShuffleBytes-ChangeBinInt-EraseBytes-ChangeByte-ChangeByte-
#24738	NEW    cov: 16410 ft: 45741 corp: 639/5006b lim: 14 exec/s: 277 rss: 494Mb L: 12/14 MS: 5 InsertByte-PersAutoDict-ChangeByte-ChangeByte-CMP- DE: "\001\000\003N"-"\001\000\003O"-
#24845	NEW    cov: 16410 ft: 45763 corp: 640/5019b lim: 14 exec/s: 279 rss: 494Mb L: 13/14 MS: 2 ChangeByte-InsertRepeatedBytes-
#24852	NEW    cov: 16410 ft: 45773 corp: 641/5033b lim: 14 exec/s: 279 rss: 494Mb L: 14/14 MS: 2 CrossOver-InsertRepeatedBytes-
#24897	NEW    cov: 16422 ft: 45788 corp: 642/5045b lim: 14 exec/s: 279 rss: 494Mb L: 12/14 MS: 5 ChangeByte-EraseBytes-ChangeBit-CMP-ChangeBit- DE: "\377\377\377\377\377\377\377\000"-
#24898	NEW    cov: 16422 ft: 45801 corp: 643/5059b lim: 14 exec/s: 279 rss: 494Mb L: 14/14 MS: 1 CrossOver-
#24906	NEW    cov: 16422 ft: 45846 corp: 644/5073b lim: 14 exec/s: 279 rss: 494Mb L: 14/14 MS: 3 EraseBytes-InsertRepeatedBytes-CrossOver-
#24947	NEW    cov: 16422 ft: 45849 corp: 645/5087b lim: 14 exec/s: 280 rss: 494Mb L: 14/14 MS: 1 InsertRepeatedBytes-
#24969	NEW    cov: 16422 ft: 45868 corp: 646/5101b lim: 14 exec/s: 277 rss: 494Mb L: 14/14 MS: 2 ShuffleBytes-CopyPart-
#25006	NEW    cov: 16422 ft: 45869 corp: 647/5113b lim: 14 exec/s: 277 rss: 494Mb L: 12/14 MS: 2 CopyPart-EraseBytes-
#25033	NEW    cov: 16422 ft: 45871 corp: 648/5117b lim: 14 exec/s: 278 rss: 494Mb L: 4/14 MS: 2 CrossOver-ChangeBit-
#25043	NEW    cov: 16422 ft: 45907 corp: 649/5131b lim: 14 exec/s: 278 rss: 494Mb L: 14/14 MS: 5 PersAutoDict-ShuffleBytes-InsertByte-CopyPart-CopyPart- DE: "\337\002"-
#25044	NEW    cov: 16422 ft: 45908 corp: 650/5145b lim: 14 exec/s: 278 rss: 494Mb L: 14/14 MS: 1 CopyPart-
#25114	NEW    cov: 16422 ft: 45914 corp: 651/5158b lim: 14 exec/s: 279 rss: 494Mb L: 13/14 MS: 5 InsertByte-InsertRepeatedBytes-InsertRepeatedBytes-ChangeByte-PersAutoDict- DE: "\377\377\001\263"-
#25128	NEW    cov: 16422 ft: 45915 corp: 652/5172b lim: 14 exec/s: 279 rss: 494Mb L: 14/14 MS: 4 CopyPart-ChangeByte-ChangeBit-CrossOver-
#25150	NEW    cov: 16422 ft: 45924 corp: 653/5186b lim: 14 exec/s: 279 rss: 494Mb L: 14/14 MS: 2 ChangeBinInt-InsertByte-
#25152	NEW    cov: 16422 ft: 45926 corp: 654/5200b lim: 14 exec/s: 279 rss: 494Mb L: 14/14 MS: 2 PersAutoDict-ChangeBit- DE: "\000UUUUUUU"-
#25168	NEW    cov: 16422 ft: 45928 corp: 655/5211b lim: 14 exec/s: 279 rss: 494Mb L: 11/14 MS: 1 ShuffleBytes-
#25194	NEW    cov: 16422 ft: 45935 corp: 656/5225b lim: 14 exec/s: 279 rss: 494Mb L: 14/14 MS: 1 CopyPart-
#25233	NEW    cov: 16422 ft: 45941 corp: 657/5239b lim: 14 exec/s: 280 rss: 494Mb L: 14/14 MS: 4 CrossOver-CrossOver-ChangeBinInt-CrossOver-
#25240	NEW    cov: 16422 ft: 45946 corp: 658/5253b lim: 14 exec/s: 280 rss: 494Mb L: 14/14 MS: 2 ChangeBit-CMP- DE: "\001\002\340\\\013\201p."-
#25274	NEW    cov: 16422 ft: 45947 corp: 659/5267b lim: 14 exec/s: 277 rss: 494Mb L: 14/14 MS: 4 ChangeBit-ChangeBit-ChangeByte-CrossOver-
#25296	NEW    cov: 16424 ft: 45949 corp: 660/5281b lim: 14 exec/s: 277 rss: 494Mb L: 14/14 MS: 2 CrossOver-CopyPart-
#25317	NEW    cov: 16424 ft: 45951 corp: 661/5294b lim: 14 exec/s: 278 rss: 494Mb L: 13/14 MS: 1 InsertByte-
#25333	NEW    cov: 16424 ft: 45958 corp: 662/5307b lim: 14 exec/s: 278 rss: 494Mb L: 13/14 MS: 1 CopyPart-
#25399	NEW    cov: 16439 ft: 46313 corp: 663/5321b lim: 14 exec/s: 279 rss: 494Mb L: 14/14 MS: 1 ChangeBinInt-
#25501	NEW    cov: 16439 ft: 46317 corp: 664/5335b lim: 14 exec/s: 280 rss: 494Mb L: 14/14 MS: 2 InsertByte-CMP- DE: "\001\000"-
#25539	NEW    cov: 16439 ft: 46318 corp: 665/5349b lim: 14 exec/s: 277 rss: 494Mb L: 14/14 MS: 3 ShuffleBytes-CopyPart-CrossOver-
#25566	NEW    cov: 16439 ft: 46319 corp: 666/5363b lim: 14 exec/s: 277 rss: 494Mb L: 14/14 MS: 2 ChangeBit-ChangeByte-
#25592	NEW    cov: 16439 ft: 46368 corp: 667/5376b lim: 14 exec/s: 278 rss: 494Mb L: 13/14 MS: 1 CrossOver-
#25622	NEW    cov: 16439 ft: 46369 corp: 668/5390b lim: 14 exec/s: 278 rss: 494Mb L: 14/14 MS: 5 CrossOver-CopyPart-InsertRepeatedBytes-CrossOver-CopyPart-
#25644	NEW    cov: 16439 ft: 46370 corp: 669/5397b lim: 14 exec/s: 278 rss: 494Mb L: 7/14 MS: 2 CopyPart-ChangeBit-
#25676	NEW    cov: 16439 ft: 46397 corp: 670/5411b lim: 14 exec/s: 279 rss: 494Mb L: 14/14 MS: 2 ChangeByte-ChangeBinInt-
#25682	NEW    cov: 16439 ft: 46401 corp: 671/5423b lim: 14 exec/s: 279 rss: 494Mb L: 12/14 MS: 1 ShuffleBytes-
#25809	NEW    cov: 16439 ft: 46403 corp: 672/5437b lim: 14 exec/s: 280 rss: 494Mb L: 14/14 MS: 2 CopyPart-CrossOver-
#25845	NEW    cov: 16439 ft: 46404 corp: 673/5451b lim: 14 exec/s: 277 rss: 494Mb L: 14/14 MS: 1 PersAutoDict- DE: "\264\002"-
#25880	NEW    cov: 16439 ft: 46406 corp: 674/5465b lim: 14 exec/s: 278 rss: 494Mb L: 14/14 MS: 5 EraseBytes-CrossOver-PersAutoDict-ShuffleBytes-CrossOver- DE: "\377\377\377\377\377\377\377O"-
#25913	NEW    cov: 16439 ft: 46408 corp: 675/5478b lim: 14 exec/s: 278 rss: 494Mb L: 13/14 MS: 3 EraseBytes-CopyPart-CopyPart-
#25922	NEW    cov: 16439 ft: 46451 corp: 676/5492b lim: 14 exec/s: 278 rss: 494Mb L: 14/14 MS: 4 CopyPart-ChangeBit-CopyPart-ChangeBit-
#25928	NEW    cov: 16439 ft: 46587 corp: 677/5505b lim: 14 exec/s: 278 rss: 494Mb L: 13/14 MS: 1 ChangeBit-
#25955	NEW    cov: 16440 ft: 46595 corp: 678/5519b lim: 14 exec/s: 279 rss: 494Mb L: 14/14 MS: 2 PersAutoDict-ShuffleBytes- DE: "\000\211"-
#25981	NEW    cov: 16440 ft: 46599 corp: 679/5533b lim: 14 exec/s: 279 rss: 494Mb L: 14/14 MS: 1 CopyPart-
#26076	NEW    cov: 16440 ft: 46602 corp: 680/5547b lim: 14 exec/s: 277 rss: 496Mb L: 14/14 MS: 5 PersAutoDict-CrossOver-CopyPart-ChangeBit-PersAutoDict- DE: "\377\377\377\377\377\377\377\012"-"\206\000\000\000"-
#26110	NEW    cov: 16440 ft: 46606 corp: 681/5561b lim: 14 exec/s: 277 rss: 496Mb L: 14/14 MS: 4 ChangeBit-InsertByte-CopyPart-ChangeBinInt-
#26157	NEW    cov: 16441 ft: 46610 corp: 682/5575b lim: 14 exec/s: 278 rss: 496Mb L: 14/14 MS: 2 CopyPart-InsertRepeatedBytes-
#26167	NEW    cov: 16441 ft: 46611 corp: 683/5588b lim: 14 exec/s: 278 rss: 496Mb L: 13/14 MS: 5 CopyPart-CMP-PersAutoDict-CopyPart-ChangeByte- DE: "\003\000\000\000"-"\001\000\003N"-
#26190	NEW    cov: 16441 ft: 46615 corp: 684/5602b lim: 14 exec/s: 278 rss: 496Mb L: 14/14 MS: 3 InsertRepeatedBytes-CrossOver-PersAutoDict- DE: "\001\000\003O"-
#26192	NEW    cov: 16441 ft: 46663 corp: 685/5616b lim: 14 exec/s: 278 rss: 496Mb L: 14/14 MS: 2 ChangeBinInt-ChangeBinInt-
#26218	NEW    cov: 16441 ft: 46666 corp: 686/5629b lim: 14 exec/s: 278 rss: 496Mb L: 13/14 MS: 1 CrossOver-
#26279	NEW    cov: 16441 ft: 46667 corp: 687/5642b lim: 14 exec/s: 279 rss: 496Mb L: 13/14 MS: 1 EraseBytes-
#26297	NEW    cov: 16441 ft: 46668 corp: 688/5656b lim: 14 exec/s: 279 rss: 496Mb L: 14/14 MS: 3 ShuffleBytes-PersAutoDict-CrossOver- DE: "\003\000\000\000"-
#26300	NEW    cov: 16441 ft: 46686 corp: 689/5669b lim: 14 exec/s: 276 rss: 496Mb L: 13/14 MS: 3 InsertByte-ShuffleBytes-CopyPart-
#26357	NEW    cov: 16445 ft: 46708 corp: 690/5683b lim: 14 exec/s: 277 rss: 497Mb L: 14/14 MS: 2 CopyPart-InsertByte-
#26365	NEW    cov: 16447 ft: 46718 corp: 691/5697b lim: 14 exec/s: 277 rss: 497Mb L: 14/14 MS: 3 InsertByte-ChangeBinInt-ChangeBit-
#26377	NEW    cov: 16447 ft: 46719 corp: 692/5710b lim: 14 exec/s: 277 rss: 497Mb L: 13/14 MS: 2 ShuffleBytes-ChangeBit-
#26401	REDUCE cov: 16448 ft: 46720 corp: 693/5724b lim: 14 exec/s: 277 rss: 497Mb L: 14/14 MS: 4 ShuffleBytes-InsertRepeatedBytes-PersAutoDict-InsertByte- DE: "\003\000\000\000"-
#26471	NEW    cov: 16448 ft: 46722 corp: 694/5738b lim: 14 exec/s: 278 rss: 497Mb L: 14/14 MS: 5 CopyPart-CopyPart-CopyPart-ChangeBit-ChangeBit-
#26481	NEW    cov: 16448 ft: 46728 corp: 695/5751b lim: 14 exec/s: 278 rss: 497Mb L: 13/14 MS: 5 InsertByte-CopyPart-ChangeBit-ChangeBit-ShuffleBytes-
#26548	NEW    cov: 16448 ft: 46729 corp: 696/5764b lim: 14 exec/s: 276 rss: 497Mb L: 13/14 MS: 2 InsertByte-CrossOver-
#26636	REDUCE cov: 16448 ft: 46729 corp: 696/5763b lim: 14 exec/s: 277 rss: 497Mb L: 2/14 MS: 3 InsertByte-EraseBytes-CopyPart-
#26642	NEW    cov: 16449 ft: 46730 corp: 697/5777b lim: 14 exec/s: 277 rss: 497Mb L: 14/14 MS: 1 CopyPart-
#26670	NEW    cov: 16449 ft: 46733 corp: 698/5790b lim: 14 exec/s: 277 rss: 497Mb L: 13/14 MS: 3 EraseBytes-CrossOver-PersAutoDict- DE: "\377\377\377\377\377\377\377O"-
#26692	NEW    cov: 16450 ft: 46735 corp: 699/5803b lim: 14 exec/s: 278 rss: 497Mb L: 13/14 MS: 2 InsertByte-ChangeBinInt-
	NEW_FUNC[1/2]: 0x000102c62a30 in _RINvMs0_NtCsaadRk6yvHw6_6rsword4diagNtB6_10Diagnostic12pre_existingReEB8_+0x0 (fuzz_edit:arm64+0x1000aaa30)
	NEW_FUNC[2/2]: 0x000103aed438 in _RNvMsG_NtCs7a5mATVz8u3_5alloc3vecINtB5_3VecNtNtCsaadRk6yvHw6_6rsword4diag10DiagnosticE8push_mutBJ_+0x0 (fuzz_edit:arm64+0x100f35438)
#26705	NEW    cov: 16465 ft: 46769 corp: 700/5817b lim: 14 exec/s: 278 rss: 497Mb L: 14/14 MS: 3 CopyPart-CrossOver-InsertByte-
#26782	NEW    cov: 16465 ft: 46777 corp: 701/5830b lim: 14 exec/s: 276 rss: 497Mb L: 13/14 MS: 2 EraseBytes-CopyPart-
#26853	NEW    cov: 16465 ft: 46824 corp: 702/5844b lim: 14 exec/s: 276 rss: 501Mb L: 14/14 MS: 1 CrossOver-
#26994	NEW    cov: 16465 ft: 46825 corp: 703/5858b lim: 14 exec/s: 275 rss: 501Mb L: 14/14 MS: 1 ChangeBit-
#27015	NEW    cov: 16465 ft: 46826 corp: 704/5869b lim: 14 exec/s: 275 rss: 501Mb L: 11/14 MS: 1 CrossOver-
#27039	NEW    cov: 16465 ft: 46830 corp: 705/5881b lim: 14 exec/s: 275 rss: 501Mb L: 12/14 MS: 4 InsertByte-ChangeByte-InsertByte-InsertRepeatedBytes-
#27050	NEW    cov: 16467 ft: 46832 corp: 706/5892b lim: 14 exec/s: 276 rss: 501Mb L: 11/14 MS: 1 ChangeBit-
#27087	NEW    cov: 16486 ft: 46854 corp: 707/5906b lim: 14 exec/s: 276 rss: 501Mb L: 14/14 MS: 2 ChangeBinInt-CopyPart-
#27097	NEW    cov: 16490 ft: 46864 corp: 708/5920b lim: 14 exec/s: 276 rss: 501Mb L: 14/14 MS: 5 ChangeBinInt-ChangeByte-ChangeBinInt-ChangeBit-ChangeBinInt-
#27108	NEW    cov: 16490 ft: 46865 corp: 709/5933b lim: 14 exec/s: 276 rss: 501Mb L: 13/14 MS: 1 ChangeBinInt-
#27208	NEW    cov: 16490 ft: 46875 corp: 710/5947b lim: 14 exec/s: 277 rss: 501Mb L: 14/14 MS: 5 PersAutoDict-InsertRepeatedBytes-ChangeByte-ChangeByte-CopyPart- DE: "\315\002"-
#27219	NEW    cov: 16490 ft: 46955 corp: 711/5960b lim: 14 exec/s: 274 rss: 501Mb L: 13/14 MS: 1 ShuffleBytes-
#27292	NEW    cov: 16490 ft: 46957 corp: 712/5974b lim: 14 exec/s: 275 rss: 501Mb L: 14/14 MS: 3 InsertByte-ChangeByte-CrossOver-
#27298	NEW    cov: 16490 ft: 46959 corp: 713/5988b lim: 14 exec/s: 275 rss: 501Mb L: 14/14 MS: 1 CrossOver-
#27311	NEW    cov: 16490 ft: 46968 corp: 714/6002b lim: 14 exec/s: 275 rss: 501Mb L: 14/14 MS: 3 CrossOver-ChangeBit-ChangeBinInt-
#27326	NEW    cov: 16490 ft: 46973 corp: 715/6016b lim: 14 exec/s: 276 rss: 501Mb L: 14/14 MS: 5 CrossOver-ChangeBinInt-ChangeBinInt-ChangeBit-CrossOver-
#27341	NEW    cov: 16493 ft: 46978 corp: 716/6029b lim: 14 exec/s: 276 rss: 501Mb L: 13/14 MS: 5 ShuffleBytes-PersAutoDict-ChangeBinInt-ShuffleBytes-ChangeBit- DE: "\000\205"-
#27342	NEW    cov: 16498 ft: 46984 corp: 717/6040b lim: 14 exec/s: 276 rss: 501Mb L: 11/14 MS: 1 ChangeBit-
#27343	NEW    cov: 16498 ft: 46985 corp: 718/6053b lim: 14 exec/s: 276 rss: 501Mb L: 13/14 MS: 1 ChangeBinInt-
#27423	NEW    cov: 16506 ft: 46993 corp: 719/6067b lim: 14 exec/s: 277 rss: 501Mb L: 14/14 MS: 5 ChangeBit-CrossOver-ChangeBit-ChangeByte-ChangeBit-
#27463	NEW    cov: 16506 ft: 47026 corp: 720/6081b lim: 14 exec/s: 274 rss: 501Mb L: 14/14 MS: 5 PersAutoDict-ChangeByte-ChangeBit-ShuffleBytes-CrossOver- DE: "\377\377\377\377\377\377\377\000"-
#27512	NEW    cov: 16506 ft: 47028 corp: 721/6094b lim: 14 exec/s: 275 rss: 501Mb L: 13/14 MS: 4 ChangeBit-ChangeByte-CrossOver-CrossOver-
#27558	NEW    cov: 16507 ft: 47029 corp: 722/6108b lim: 14 exec/s: 275 rss: 501Mb L: 14/14 MS: 1 CopyPart-
#27570	NEW    cov: 16507 ft: 47035 corp: 723/6122b lim: 14 exec/s: 275 rss: 501Mb L: 14/14 MS: 2 CrossOver-ChangeBinInt-
#27586	NEW    cov: 16507 ft: 47037 corp: 724/6136b lim: 14 exec/s: 275 rss: 501Mb L: 14/14 MS: 1 ChangeBit-
#27607	NEW    cov: 16507 ft: 47038 corp: 725/6150b lim: 14 exec/s: 276 rss: 501Mb L: 14/14 MS: 1 ChangeByte-
#27721	NEW    cov: 16508 ft: 47039 corp: 726/6164b lim: 14 exec/s: 274 rss: 502Mb L: 14/14 MS: 4 ChangeByte-PersAutoDict-PersAutoDict-CrossOver- DE: "\315\002"-"\003\263"-
#27782	NEW    cov: 16508 ft: 47040 corp: 727/6178b lim: 14 exec/s: 275 rss: 502Mb L: 14/14 MS: 1 ChangeByte-
#27833	NEW    cov: 16508 ft: 47043 corp: 728/6192b lim: 14 exec/s: 275 rss: 502Mb L: 14/14 MS: 1 InsertByte-
#27847	NEW    cov: 16508 ft: 47045 corp: 729/6205b lim: 14 exec/s: 275 rss: 502Mb L: 13/14 MS: 4 CrossOver-ShuffleBytes-ChangeBinInt-InsertByte-
#27872	NEW    cov: 16508 ft: 47048 corp: 730/6219b lim: 14 exec/s: 275 rss: 502Mb L: 14/14 MS: 5 ChangeBinInt-PersAutoDict-CopyPart-ShuffleBytes-InsertRepeatedBytes- DE: "\001\000"-
#27891	REDUCE cov: 16508 ft: 47048 corp: 730/6218b lim: 14 exec/s: 276 rss: 502Mb L: 13/14 MS: 4 ShuffleBytes-EraseBytes-ShuffleBytes-InsertByte-
#27922	NEW    cov: 16508 ft: 47056 corp: 731/6232b lim: 14 exec/s: 273 rss: 502Mb L: 14/14 MS: 1 CopyPart-
#28093	NEW    cov: 16508 ft: 47066 corp: 732/6246b lim: 14 exec/s: 275 rss: 502Mb L: 14/14 MS: 1 ChangeBit-
#28139	NEW    cov: 16508 ft: 47070 corp: 733/6259b lim: 14 exec/s: 275 rss: 502Mb L: 13/14 MS: 1 ChangeBit-
#28170	NEW    cov: 16511 ft: 47073 corp: 734/6263b lim: 14 exec/s: 276 rss: 502Mb L: 4/14 MS: 1 CopyPart-
#28176	NEW    cov: 16511 ft: 47075 corp: 735/6277b lim: 14 exec/s: 276 rss: 502Mb L: 14/14 MS: 1 CrossOver-
#28194	NEW    cov: 16512 ft: 47079 corp: 736/6291b lim: 14 exec/s: 273 rss: 502Mb L: 14/14 MS: 3 ChangeByte-CopyPart-ChangeByte-
#28275	NEW    cov: 16512 ft: 47080 corp: 737/6298b lim: 14 exec/s: 274 rss: 502Mb L: 7/14 MS: 1 CopyPart-
#28387	NEW    cov: 16512 ft: 47081 corp: 738/6312b lim: 14 exec/s: 275 rss: 502Mb L: 14/14 MS: 2 ShuffleBytes-ChangeBit-
#28430	REDUCE cov: 16512 ft: 47081 corp: 738/6311b lim: 14 exec/s: 276 rss: 502Mb L: 12/14 MS: 3 ChangeBit-EraseBytes-CrossOver-
#28532	NEW    cov: 16512 ft: 47082 corp: 739/6325b lim: 14 exec/s: 274 rss: 502Mb L: 14/14 MS: 2 CrossOver-ChangeBinInt-
#28543	NEW    cov: 16512 ft: 47083 corp: 740/6339b lim: 14 exec/s: 274 rss: 502Mb L: 14/14 MS: 1 CrossOver-
#28584	NEW    cov: 16512 ft: 47084 corp: 741/6350b lim: 14 exec/s: 274 rss: 502Mb L: 11/14 MS: 1 ChangeBinInt-
#28632	NEW    cov: 16512 ft: 47216 corp: 742/6363b lim: 14 exec/s: 275 rss: 502Mb L: 13/14 MS: 3 CMP-ChangeByte-CrossOver- DE: "\002\307"-
#28633	NEW    cov: 16512 ft: 47217 corp: 743/6377b lim: 14 exec/s: 275 rss: 502Mb L: 14/14 MS: 1 ChangeBit-
#28696	NEW    cov: 16516 ft: 47235 corp: 744/6391b lim: 14 exec/s: 273 rss: 502Mb L: 14/14 MS: 3 CopyPart-PersAutoDict-CopyPart- DE: "\003\214"-
#28712	NEW    cov: 16516 ft: 47236 corp: 745/6402b lim: 14 exec/s: 273 rss: 502Mb L: 11/14 MS: 1 ChangeBit-
#28806	NEW    cov: 16518 ft: 47240 corp: 746/6415b lim: 14 exec/s: 274 rss: 502Mb L: 13/14 MS: 4 InsertByte-CopyPart-ChangeBit-ChangeBinInt-
#28835	NEW    cov: 16520 ft: 47242 corp: 747/6428b lim: 14 exec/s: 274 rss: 502Mb L: 13/14 MS: 4 ChangeBit-PersAutoDict-CrossOver-CopyPart- DE: "\001\000\001\232"-
#28877	NEW    cov: 16520 ft: 47243 corp: 748/6442b lim: 14 exec/s: 275 rss: 502Mb L: 14/14 MS: 2 ChangeBinInt-CMP- DE: "\377\242\327\012=p\243\327"-
#28888	NEW    cov: 16520 ft: 47253 corp: 749/6456b lim: 14 exec/s: 275 rss: 502Mb L: 14/14 MS: 1 ChangeBit-
#28934	REDUCE cov: 16520 ft: 47259 corp: 750/6469b lim: 14 exec/s: 275 rss: 502Mb L: 13/14 MS: 1 ChangeBit-
#28970	NEW    cov: 16522 ft: 47281 corp: 751/6480b lim: 14 exec/s: 273 rss: 502Mb L: 11/14 MS: 1 ChangeBinInt-
#28998	NEW    cov: 16523 ft: 47282 corp: 752/6493b lim: 14 exec/s: 273 rss: 502Mb L: 13/14 MS: 3 CopyPart-ChangeBit-ShuffleBytes-
#29009	NEW    cov: 16523 ft: 47288 corp: 753/6507b lim: 14 exec/s: 273 rss: 502Mb L: 14/14 MS: 1 InsertRepeatedBytes-
#29028	NEW    cov: 16523 ft: 47289 corp: 754/6518b lim: 14 exec/s: 273 rss: 502Mb L: 11/14 MS: 4 ChangeBinInt-PersAutoDict-ChangeBit-ChangeByte- DE: "\001\000\003O"-
#29044	NEW    cov: 16523 ft: 47294 corp: 755/6532b lim: 14 exec/s: 274 rss: 502Mb L: 14/14 MS: 1 ShuffleBytes-
#29077	NEW    cov: 16523 ft: 47296 corp: 756/6546b lim: 14 exec/s: 274 rss: 502Mb L: 14/14 MS: 3 ChangeByte-ChangeBinInt-InsertByte-
#29098	NEW    cov: 16525 ft: 47381 corp: 757/6560b lim: 14 exec/s: 274 rss: 502Mb L: 14/14 MS: 1 ChangeBinInt-
#29106	NEW    cov: 16525 ft: 47388 corp: 758/6574b lim: 14 exec/s: 274 rss: 502Mb L: 14/14 MS: 3 ChangeBit-ShuffleBytes-ChangeBinInt-
#29108	NEW    cov: 16525 ft: 47389 corp: 759/6588b lim: 14 exec/s: 274 rss: 502Mb L: 14/14 MS: 2 ChangeBit-CopyPart-
#29165	NEW    cov: 16525 ft: 47391 corp: 760/6602b lim: 14 exec/s: 275 rss: 502Mb L: 14/14 MS: 2 ShuffleBytes-CrossOver-
#29167	NEW    cov: 16525 ft: 47392 corp: 761/6616b lim: 14 exec/s: 275 rss: 502Mb L: 14/14 MS: 2 ChangeBinInt-ChangeByte-
#29197	NEW    cov: 16525 ft: 47398 corp: 762/6630b lim: 14 exec/s: 275 rss: 502Mb L: 14/14 MS: 5 CMP-ChangeBinInt-ChangeByte-ChangeBinInt-CopyPart- DE: "\034\003\000\000"-
#29276	NEW    cov: 16525 ft: 47399 corp: 763/6644b lim: 14 exec/s: 273 rss: 502Mb L: 14/14 MS: 4 ChangeBinInt-ChangeByte-CrossOver-ShuffleBytes-
#29278	NEW    cov: 16527 ft: 47401 corp: 764/6658b lim: 14 exec/s: 273 rss: 502Mb L: 14/14 MS: 2 CopyPart-ChangeByte-
#29283	NEW    cov: 16529 ft: 47403 corp: 765/6670b lim: 14 exec/s: 273 rss: 502Mb L: 12/14 MS: 5 EraseBytes-CopyPart-CopyPart-InsertByte-CopyPart-
#29317	NEW    cov: 16529 ft: 47404 corp: 766/6678b lim: 14 exec/s: 273 rss: 502Mb L: 8/14 MS: 4 CrossOver-ChangeBit-CrossOver-PersAutoDict- DE: " \000"-
#29346	NEW    cov: 16530 ft: 47425 corp: 767/6691b lim: 14 exec/s: 274 rss: 502Mb L: 13/14 MS: 4 CrossOver-InsertRepeatedBytes-CopyPart-ChangeByte-
#29407	NEW    cov: 16530 ft: 47431 corp: 768/6705b lim: 14 exec/s: 274 rss: 502Mb L: 14/14 MS: 1 ShuffleBytes-
#29438	NEW    cov: 16532 ft: 47473 corp: 769/6719b lim: 14 exec/s: 275 rss: 502Mb L: 14/14 MS: 1 CMP- DE: "\001\336"-
#29469	NEW    cov: 16532 ft: 47474 corp: 770/6733b lim: 14 exec/s: 272 rss: 502Mb L: 14/14 MS: 1 PersAutoDict- DE: "\001\000\002\263"-
#29516	NEW    cov: 16532 ft: 47475 corp: 771/6746b lim: 14 exec/s: 273 rss: 502Mb L: 13/14 MS: 2 CopyPart-ChangeByte-
#29679	NEW    cov: 16532 ft: 47476 corp: 772/6760b lim: 14 exec/s: 274 rss: 502Mb L: 14/14 MS: 3 ChangeByte-ShuffleBytes-CopyPart-
#29711	NEW    cov: 16532 ft: 47544 corp: 773/6774b lim: 14 exec/s: 275 rss: 502Mb L: 14/14 MS: 2 ChangeBinInt-ChangeByte-
#29723	NEW    cov: 16532 ft: 47545 corp: 774/6780b lim: 14 exec/s: 275 rss: 502Mb L: 6/14 MS: 2 CopyPart-CopyPart-
#29767	NEW    cov: 16533 ft: 47548 corp: 775/6794b lim: 14 exec/s: 273 rss: 502Mb L: 14/14 MS: 4 ChangeBinInt-EraseBytes-ChangeBinInt-InsertByte-
#29842	NEW    cov: 16533 ft: 47550 corp: 776/6807b lim: 14 exec/s: 273 rss: 502Mb L: 13/14 MS: 5 ShuffleBytes-PersAutoDict-ChangeBit-CopyPart-ShuffleBytes- DE: "\377\377\377\377\377\377\377\003"-
#29893	NEW    cov: 16533 ft: 47551 corp: 777/6820b lim: 14 exec/s: 274 rss: 502Mb L: 13/14 MS: 1 InsertByte-
#29909	NEW    cov: 16534 ft: 47564 corp: 778/6834b lim: 14 exec/s: 274 rss: 502Mb L: 14/14 MS: 1 PersAutoDict- DE: "\003\263"-
#29922	NEW    cov: 16536 ft: 47566 corp: 779/6846b lim: 14 exec/s: 274 rss: 502Mb L: 12/14 MS: 3 InsertByte-ChangeByte-ShuffleBytes-
#29923	NEW    cov: 16536 ft: 47567 corp: 780/6859b lim: 14 exec/s: 274 rss: 502Mb L: 13/14 MS: 1 ChangeBinInt-
#29925	NEW    cov: 16536 ft: 47600 corp: 781/6873b lim: 14 exec/s: 274 rss: 502Mb L: 14/14 MS: 2 ChangeBit-CrossOver-
#29936	NEW    cov: 16536 ft: 47601 corp: 782/6887b lim: 14 exec/s: 274 rss: 502Mb L: 14/14 MS: 1 CrossOver-
#29969	NEW    cov: 16536 ft: 47603 corp: 783/6891b lim: 14 exec/s: 274 rss: 502Mb L: 4/14 MS: 3 ChangeByte-CrossOver-ChangeByte-
#30000	NEW    cov: 16536 ft: 47607 corp: 784/6905b lim: 14 exec/s: 272 rss: 502Mb L: 14/14 MS: 1 ChangeByte-
#30033	NEW    cov: 16536 ft: 47608 corp: 785/6918b lim: 14 exec/s: 273 rss: 502Mb L: 13/14 MS: 3 CrossOver-InsertByte-InsertByte-
#30083	NEW    cov: 16536 ft: 47612 corp: 786/6931b lim: 14 exec/s: 273 rss: 502Mb L: 13/14 MS: 5 InsertRepeatedBytes-ChangeByte-CopyPart-ShuffleBytes-PersAutoDict- DE: "\003\000\000\000"-
#30089	NEW    cov: 16536 ft: 47627 corp: 787/6944b lim: 14 exec/s: 273 rss: 502Mb L: 13/14 MS: 1 PersAutoDict- DE: "\001\012"-
#30090	NEW    cov: 16536 ft: 47629 corp: 788/6958b lim: 14 exec/s: 273 rss: 502Mb L: 14/14 MS: 1 ChangeByte-
#30102	REDUCE cov: 16536 ft: 47632 corp: 789/6971b lim: 14 exec/s: 273 rss: 502Mb L: 13/14 MS: 2 ChangeByte-ChangeBit-
#30107	NEW    cov: 16536 ft: 47643 corp: 790/6985b lim: 14 exec/s: 273 rss: 502Mb L: 14/14 MS: 5 InsertByte-ChangeBinInt-InsertByte-ChangeByte-ShuffleBytes-
#30216	NEW    cov: 16536 ft: 47666 corp: 791/6999b lim: 14 exec/s: 274 rss: 502Mb L: 14/14 MS: 4 InsertRepeatedBytes-CrossOver-ChangeByte-InsertByte-
#30240	NEW    cov: 16536 ft: 47681 corp: 792/7013b lim: 14 exec/s: 274 rss: 502Mb L: 14/14 MS: 4 InsertByte-InsertByte-CopyPart-InsertByte-
#30334	NEW    cov: 16536 ft: 47685 corp: 793/7027b lim: 14 exec/s: 273 rss: 502Mb L: 14/14 MS: 4 ChangeBit-InsertByte-CrossOver-ChangeBinInt-
#30392	NEW    cov: 16536 ft: 47686 corp: 794/7041b lim: 14 exec/s: 273 rss: 502Mb L: 14/14 MS: 3 ShuffleBytes-ChangeBit-ChangeByte-
#30408	NEW    cov: 16538 ft: 47689 corp: 795/7055b lim: 14 exec/s: 273 rss: 502Mb L: 14/14 MS: 1 CrossOver-
	NEW_FUNC[1/1]: 0x000103cb9c30 in _RNvNtNtCsaadRk6yvHw6_6rsword4edit5track14err_in_deleted+0x0 (fuzz_edit:arm64+0x101101c30)
#30429	NEW    cov: 16547 ft: 47698 corp: 796/7069b lim: 14 exec/s: 274 rss: 502Mb L: 14/14 MS: 1 ChangeBit-
#30436	NEW    cov: 16547 ft: 47700 corp: 797/7083b lim: 14 exec/s: 274 rss: 502Mb L: 14/14 MS: 2 EraseBytes-CopyPart-
	NEW_FUNC[1/1]: 0x000103a48880 in _RNvMs2_NtNtNtCsaadRk6yvHw6_6rsword4span5field5indexNtB5_7Builder4diag+0x0 (fuzz_edit:arm64+0x100e90880)
#30440	NEW    cov: 16566 ft: 47754 corp: 798/7097b lim: 14 exec/s: 274 rss: 502Mb L: 14/14 MS: 4 ShuffleBytes-ChangeBit-ChangeBinInt-ShuffleBytes-
#30456	NEW    cov: 16566 ft: 47755 corp: 799/7110b lim: 14 exec/s: 274 rss: 502Mb L: 13/14 MS: 1 CrossOver-
#30462	NEW    cov: 16566 ft: 47757 corp: 800/7124b lim: 14 exec/s: 274 rss: 502Mb L: 14/14 MS: 1 ShuffleBytes-
#30487	NEW    cov: 16568 ft: 47764 corp: 801/7137b lim: 14 exec/s: 274 rss: 502Mb L: 13/14 MS: 5 InsertByte-InsertRepeatedBytes-ChangeByte-CMP-CopyPart- DE: "M\003"-
#30494	NEW    cov: 16568 ft: 47765 corp: 802/7148b lim: 14 exec/s: 272 rss: 502Mb L: 11/14 MS: 2 CrossOver-CrossOver-
#30505	NEW    cov: 16568 ft: 47770 corp: 803/7162b lim: 14 exec/s: 272 rss: 502Mb L: 14/14 MS: 1 ChangeBinInt-
#30602	NEW    cov: 16568 ft: 47779 corp: 804/7176b lim: 14 exec/s: 273 rss: 502Mb L: 14/14 MS: 2 CMP-InsertByte- DE: "\316\002"-
#30691	NEW    cov: 16568 ft: 47780 corp: 805/7190b lim: 14 exec/s: 274 rss: 503Mb L: 14/14 MS: 4 ChangeBinInt-ShuffleBytes-CopyPart-ChangeByte-
#30699	NEW    cov: 16568 ft: 47783 corp: 806/7204b lim: 14 exec/s: 274 rss: 503Mb L: 14/14 MS: 3 ShuffleBytes-ShuffleBytes-ChangeBit-
#30707	NEW    cov: 16568 ft: 47784 corp: 807/7218b lim: 14 exec/s: 274 rss: 503Mb L: 14/14 MS: 3 ChangeByte-ChangeBit-ChangeBinInt-
#30721	NEW    cov: 16569 ft: 47785 corp: 808/7231b lim: 14 exec/s: 274 rss: 505Mb L: 13/14 MS: 4 CopyPart-ChangeBit-ChangeBinInt-PersAutoDict- DE: "\000UUUUUUU"-
#30752	NEW    cov: 16569 ft: 47791 corp: 809/7245b lim: 14 exec/s: 272 rss: 505Mb L: 14/14 MS: 1 ChangeBinInt-
#30793	NEW    cov: 16569 ft: 47792 corp: 810/7259b lim: 14 exec/s: 272 rss: 506Mb L: 14/14 MS: 1 ChangeBinInt-
#30800	NEW    cov: 16569 ft: 47793 corp: 811/7271b lim: 14 exec/s: 272 rss: 506Mb L: 12/14 MS: 2 PersAutoDict-ChangeBit- DE: "\001\205"-
#30875	NEW    cov: 16569 ft: 47799 corp: 812/7285b lim: 14 exec/s: 273 rss: 506Mb L: 14/14 MS: 5 ChangeBit-InsertByte-CrossOver-ChangeBinInt-ShuffleBytes-
#30952	NEW    cov: 16569 ft: 47829 corp: 813/7298b lim: 14 exec/s: 273 rss: 506Mb L: 13/14 MS: 2 ChangeByte-PersAutoDict- DE: "\001\000\003O"-
#30966	NEW    cov: 16575 ft: 47855 corp: 814/7312b lim: 14 exec/s: 274 rss: 506Mb L: 14/14 MS: 4 CrossOver-InsertByte-ChangeByte-ChangeBinInt-
#30972	NEW    cov: 16575 ft: 47857 corp: 815/7325b lim: 14 exec/s: 274 rss: 506Mb L: 13/14 MS: 1 ChangeBinInt-
#31041	NEW    cov: 16575 ft: 47858 corp: 816/7336b lim: 14 exec/s: 272 rss: 506Mb L: 11/14 MS: 4 ChangeBinInt-EraseBytes-ShuffleBytes-CrossOver-
#31061	NEW    cov: 16575 ft: 47860 corp: 817/7350b lim: 14 exec/s: 272 rss: 506Mb L: 14/14 MS: 5 ChangeBinInt-InsertByte-ChangeByte-InsertByte-CrossOver-
#31203	NEW    cov: 16575 ft: 47864 corp: 818/7364b lim: 14 exec/s: 273 rss: 508Mb L: 14/14 MS: 2 ChangeBit-ChangeByte-
#31236	NEW    cov: 16575 ft: 47871 corp: 819/7378b lim: 14 exec/s: 271 rss: 508Mb L: 14/14 MS: 3 InsertRepeatedBytes-ChangeByte-InsertByte-
#31297	NEW    cov: 16575 ft: 47896 corp: 820/7392b lim: 14 exec/s: 272 rss: 508Mb L: 14/14 MS: 1 ChangeBinInt-
#31301	NEW    cov: 16577 ft: 47898 corp: 821/7406b lim: 14 exec/s: 272 rss: 508Mb L: 14/14 MS: 4 ChangeBit-ChangeByte-ChangeByte-CMP- DE: "\377\377\377\377\377\377\377\377"-
#31342	NEW    cov: 16577 ft: 47912 corp: 822/7420b lim: 14 exec/s: 272 rss: 508Mb L: 14/14 MS: 1 PersAutoDict- DE: "\377\377\377\377\377\377\377O"-
#31389	NEW    cov: 16581 ft: 47916 corp: 823/7432b lim: 14 exec/s: 272 rss: 508Mb L: 12/14 MS: 2 PersAutoDict-ChangeBinInt- DE: "\262\002\000\000"-
#31405	NEW    cov: 16581 ft: 47917 corp: 824/7446b lim: 14 exec/s: 273 rss: 508Mb L: 14/14 MS: 1 CopyPart-
#31436	NEW    cov: 16581 ft: 47924 corp: 825/7459b lim: 14 exec/s: 273 rss: 508Mb L: 13/14 MS: 1 ChangeBinInt-
#31588	NEW    cov: 16581 ft: 47925 corp: 826/7473b lim: 14 exec/s: 272 rss: 508Mb L: 14/14 MS: 2 ChangeByte-CopyPart-
#31636	NEW    cov: 16581 ft: 47926 corp: 827/7487b lim: 14 exec/s: 272 rss: 508Mb L: 14/14 MS: 3 ShuffleBytes-PersAutoDict-ChangeBit- DE: "\003\336"-
#31717	NEW    cov: 16581 ft: 47928 corp: 828/7501b lim: 14 exec/s: 271 rss: 508Mb L: 14/14 MS: 1 CopyPart-
#31744	NEW    cov: 16581 ft: 47930 corp: 829/7513b lim: 14 exec/s: 271 rss: 508Mb L: 12/14 MS: 2 PersAutoDict-InsertByte- DE: "\377\242\327\012=p\243\327"-
#31761	NEW    cov: 16581 ft: 47933 corp: 830/7527b lim: 14 exec/s: 271 rss: 508Mb L: 14/14 MS: 2 ChangeByte-ChangeByte-
#31782	NEW    cov: 16581 ft: 47934 corp: 831/7540b lim: 14 exec/s: 271 rss: 508Mb L: 13/14 MS: 1 CrossOver-
#32003	NEW    cov: 16581 ft: 47941 corp: 832/7554b lim: 14 exec/s: 271 rss: 508Mb L: 14/14 MS: 1 CopyPart-
#32062	NEW    cov: 16581 ft: 47944 corp: 833/7568b lim: 14 exec/s: 271 rss: 508Mb L: 14/14 MS: 4 ChangeBinInt-PersAutoDict-CopyPart-CrossOver- DE: "\215\002\000\000"-
#32098	NEW    cov: 16581 ft: 48037 corp: 834/7582b lim: 14 exec/s: 272 rss: 508Mb L: 14/14 MS: 1 ChangeByte-
#32099	NEW    cov: 16581 ft: 48055 corp: 835/7596b lim: 14 exec/s: 272 rss: 508Mb L: 14/14 MS: 1 ChangeBinInt-
#32166	NEW    cov: 16581 ft: 48086 corp: 836/7609b lim: 14 exec/s: 272 rss: 508Mb L: 13/14 MS: 2 InsertRepeatedBytes-ChangeBit-
#32264	NEW    cov: 16581 ft: 48089 corp: 837/7623b lim: 14 exec/s: 271 rss: 508Mb L: 14/14 MS: 3 ChangeBit-CopyPart-InsertByte-
#32305	NEW    cov: 16581 ft: 48092 corp: 838/7637b lim: 14 exec/s: 271 rss: 508Mb L: 14/14 MS: 1 CrossOver-
#32362	NEW    cov: 16581 ft: 48097 corp: 839/7651b lim: 14 exec/s: 271 rss: 508Mb L: 14/14 MS: 2 CrossOver-CopyPart-
#32409	NEW    cov: 16581 ft: 48108 corp: 840/7665b lim: 14 exec/s: 272 rss: 508Mb L: 14/14 MS: 2 ChangeBit-ChangeBit-
#32420	NEW    cov: 16581 ft: 48116 corp: 841/7678b lim: 14 exec/s: 270 rss: 508Mb L: 13/14 MS: 1 ChangeByte-
#32444	REDUCE cov: 16581 ft: 48116 corp: 841/7677b lim: 14 exec/s: 270 rss: 508Mb L: 2/14 MS: 4 ChangeBit-CrossOver-EraseBytes-EraseBytes-
#32475	NEW    cov: 16581 ft: 48118 corp: 842/7690b lim: 14 exec/s: 270 rss: 508Mb L: 13/14 MS: 1 InsertByte-
#32521	NEW    cov: 16581 ft: 48119 corp: 843/7704b lim: 14 exec/s: 271 rss: 508Mb L: 14/14 MS: 1 ChangeASCIIInt-
#32579	NEW    cov: 16581 ft: 48123 corp: 844/7718b lim: 14 exec/s: 271 rss: 508Mb L: 14/14 MS: 3 InsertByte-ChangeByte-ShuffleBytes-
#32768	pulse  cov: 16581 ft: 48123 corp: 844/7718b lim: 14 exec/s: 270 rss: 508Mb
#32795	NEW    cov: 16583 ft: 48142 corp: 845/7731b lim: 14 exec/s: 271 rss: 508Mb L: 13/14 MS: 1 InsertByte-
#32845	NEW    cov: 16584 ft: 48143 corp: 846/7744b lim: 14 exec/s: 271 rss: 508Mb L: 13/14 MS: 5 ChangeByte-InsertByte-ChangeBit-ChangeByte-CrossOver-
#32922	NEW    cov: 16584 ft: 48144 corp: 847/7758b lim: 14 exec/s: 272 rss: 508Mb L: 14/14 MS: 2 ChangeByte-ChangeBit-
#32974	NEW    cov: 16584 ft: 48146 corp: 848/7772b lim: 14 exec/s: 270 rss: 508Mb L: 14/14 MS: 2 CopyPart-CopyPart-
#32989	NEW    cov: 16591 ft: 48159 corp: 849/7786b lim: 14 exec/s: 270 rss: 508Mb L: 14/14 MS: 5 EraseBytes-ChangeBit-CMP-CrossOver-CopyPart- DE: "7\000\000\000"-
#33013	NEW    cov: 16594 ft: 48163 corp: 850/7800b lim: 14 exec/s: 270 rss: 508Mb L: 14/14 MS: 4 CMP-PersAutoDict-ChangeBinInt-ChangeByte- DE: "\003\222I$\222I$\222"-"\001\000\003N"-
#33074	NEW    cov: 16594 ft: 48164 corp: 851/7814b lim: 14 exec/s: 271 rss: 508Mb L: 14/14 MS: 1 InsertByte-
#33121	NEW    cov: 16594 ft: 48165 corp: 852/7828b lim: 14 exec/s: 271 rss: 508Mb L: 14/14 MS: 2 PersAutoDict-InsertByte- DE: "7\000\000\000"-
#33168	NEW    cov: 16594 ft: 48166 corp: 853/7842b lim: 14 exec/s: 271 rss: 510Mb L: 14/14 MS: 2 ShuffleBytes-ChangeBit-
#33202	NEW    cov: 16594 ft: 48190 corp: 854/7856b lim: 14 exec/s: 269 rss: 511Mb L: 14/14 MS: 4 ChangeByte-ChangeBit-CopyPart-ChangeByte-
#33305	NEW    cov: 16594 ft: 48205 corp: 855/7870b lim: 14 exec/s: 270 rss: 513Mb L: 14/14 MS: 3 CMP-ChangeByte-CrossOver- DE: "\262\002"-
#33371	NEW    cov: 16596 ft: 48209 corp: 856/7884b lim: 14 exec/s: 271 rss: 513Mb L: 14/14 MS: 1 CopyPart-
#33424	NEW    cov: 16596 ft: 48210 corp: 857/7898b lim: 14 exec/s: 271 rss: 513Mb L: 14/14 MS: 3 ShuffleBytes-CMP-CrossOver- DE: "\001\000\000\000\000\000\000\000"-
#33451	NEW    cov: 16596 ft: 48211 corp: 858/7911b lim: 14 exec/s: 269 rss: 513Mb L: 13/14 MS: 2 CrossOver-CopyPart-
#33470	NEW    cov: 16596 ft: 48212 corp: 859/7923b lim: 14 exec/s: 269 rss: 513Mb L: 12/14 MS: 4 ChangeByte-ChangeByte-ChangeBit-CopyPart-
#33491	NEW    cov: 16596 ft: 48213 corp: 860/7937b lim: 14 exec/s: 270 rss: 513Mb L: 14/14 MS: 1 ShuffleBytes-
#33521	NEW    cov: 16596 ft: 48220 corp: 861/7951b lim: 14 exec/s: 270 rss: 513Mb L: 14/14 MS: 5 EraseBytes-PersAutoDict-ChangeBit-ChangeBinInt-InsertByte- DE: "\003\214"-
#33556	NEW    cov: 16596 ft: 48221 corp: 862/7965b lim: 14 exec/s: 270 rss: 513Mb L: 14/14 MS: 5 InsertRepeatedBytes-ShuffleBytes-PersAutoDict-ChangeByte-InsertByte- DE: "\001\002\340\\\013\201p."-
#33631	NEW    cov: 16596 ft: 48222 corp: 863/7979b lim: 14 exec/s: 271 rss: 513Mb L: 14/14 MS: 5 ChangeBit-ChangeBit-ChangeByte-ChangeByte-PersAutoDict- DE: "\377\377\377\377\377\377\377\000"-
#33668	NEW    cov: 16596 ft: 48227 corp: 864/7993b lim: 14 exec/s: 271 rss: 513Mb L: 14/14 MS: 2 ChangeBinInt-CrossOver-
#33682	NEW    cov: 16596 ft: 48228 corp: 865/8007b lim: 14 exec/s: 271 rss: 513Mb L: 14/14 MS: 4 ChangeBinInt-ChangeBinInt-CopyPart-PersAutoDict- DE: "\377\377\377\377\377\377\377\012"-
#33695	NEW    cov: 16596 ft: 48238 corp: 866/8021b lim: 14 exec/s: 271 rss: 513Mb L: 14/14 MS: 3 ChangeBit-CrossOver-ShuffleBytes-
#33726	NEW    cov: 16596 ft: 48248 corp: 867/8035b lim: 14 exec/s: 271 rss: 513Mb L: 14/14 MS: 1 ShuffleBytes-
#33733	NEW    cov: 16596 ft: 48249 corp: 868/8049b lim: 14 exec/s: 272 rss: 513Mb L: 14/14 MS: 2 ShuffleBytes-CrossOver-
#33769	NEW    cov: 16596 ft: 48250 corp: 869/8063b lim: 14 exec/s: 270 rss: 513Mb L: 14/14 MS: 1 PersAutoDict- DE: "\003\263"-
#33798	NEW    cov: 16596 ft: 48251 corp: 870/8077b lim: 14 exec/s: 270 rss: 513Mb L: 14/14 MS: 4 CopyPart-CrossOver-ChangeByte-CrossOver-
#33819	NEW    cov: 16596 ft: 48259 corp: 871/8091b lim: 14 exec/s: 270 rss: 513Mb L: 14/14 MS: 1 ChangeBinInt-
#33820	NEW    cov: 16596 ft: 48260 corp: 872/8103b lim: 14 exec/s: 270 rss: 513Mb L: 12/14 MS: 1 InsertByte-
#33871	NEW    cov: 16596 ft: 48261 corp: 873/8117b lim: 14 exec/s: 270 rss: 513Mb L: 14/14 MS: 1 PersAutoDict- DE: "\001\205"-
#33945	NEW    cov: 16599 ft: 48343 corp: 874/8131b lim: 14 exec/s: 271 rss: 513Mb L: 14/14 MS: 4 PersAutoDict-CrossOver-CopyPart-PersAutoDict- DE: "\000\211"-"\275\003\000\000"-
#33986	NEW    cov: 16601 ft: 48346 corp: 875/8143b lim: 14 exec/s: 271 rss: 513Mb L: 12/14 MS: 1 InsertByte-
#34175	NEW    cov: 16602 ft: 48347 corp: 876/8154b lim: 14 exec/s: 271 rss: 513Mb L: 11/14 MS: 4 CMP-PersAutoDict-EraseBytes-ChangeBinInt- DE: "\016\000\000\000\000\000\000\000"-"\001\205"-
#34209	NEW    cov: 16602 ft: 48350 corp: 877/8168b lim: 14 exec/s: 271 rss: 513Mb L: 14/14 MS: 4 EraseBytes-InsertRepeatedBytes-PersAutoDict-CopyPart- DE: "\000\205"-
#34251	NEW    cov: 16602 ft: 48352 corp: 878/8181b lim: 14 exec/s: 271 rss: 513Mb L: 13/14 MS: 2 ShuffleBytes-CMP- DE: "\377\377\001h"-
#34256	NEW    cov: 16602 ft: 48353 corp: 879/8195b lim: 14 exec/s: 271 rss: 513Mb L: 14/14 MS: 5 ChangeBit-CopyPart-ChangeBit-ShuffleBytes-ChangeBit-
#34347	NEW    cov: 16602 ft: 48354 corp: 880/8209b lim: 14 exec/s: 270 rss: 514Mb L: 14/14 MS: 1 ChangeByte-
#34429	NEW    cov: 16602 ft: 48355 corp: 881/8222b lim: 14 exec/s: 271 rss: 514Mb L: 13/14 MS: 2 CrossOver-ChangeBinInt-
#34712	NEW    cov: 16602 ft: 48363 corp: 882/8235b lim: 14 exec/s: 271 rss: 514Mb L: 13/14 MS: 3 ShuffleBytes-CMP-CopyPart- DE: "\001\000\000\000\000\000\000\007"-
#34840	NEW    cov: 16602 ft: 48364 corp: 883/8248b lim: 14 exec/s: 270 rss: 514Mb L: 13/14 MS: 3 InsertByte-CopyPart-PersAutoDict- DE: " \000"-
#34846	NEW    cov: 16602 ft: 48393 corp: 884/8262b lim: 14 exec/s: 270 rss: 514Mb L: 14/14 MS: 1 ChangeBinInt-
#34872	NEW    cov: 16602 ft: 48395 corp: 885/8276b lim: 14 exec/s: 270 rss: 514Mb L: 14/14 MS: 1 ShuffleBytes-
#34874	NEW    cov: 16602 ft: 48401 corp: 886/8290b lim: 14 exec/s: 270 rss: 514Mb L: 14/14 MS: 2 CrossOver-CopyPart-
#34893	NEW    cov: 16602 ft: 48407 corp: 887/8303b lim: 14 exec/s: 270 rss: 514Mb L: 13/14 MS: 4 ChangeByte-CopyPart-CopyPart-EraseBytes-
#34912	NEW    cov: 16602 ft: 48408 corp: 888/8317b lim: 14 exec/s: 270 rss: 514Mb L: 14/14 MS: 4 CopyPart-ChangeByte-ShuffleBytes-CopyPart-
#34938	NEW    cov: 16606 ft: 48426 corp: 889/8331b lim: 14 exec/s: 270 rss: 514Mb L: 14/14 MS: 1 CopyPart-
#34984	NEW    cov: 16606 ft: 48427 corp: 890/8339b lim: 14 exec/s: 271 rss: 514Mb L: 8/14 MS: 1 CopyPart-
#35015	NEW    cov: 16606 ft: 48459 corp: 891/8353b lim: 14 exec/s: 271 rss: 514Mb L: 14/14 MS: 1 ChangeBit-
#35122	NEW    cov: 16606 ft: 48460 corp: 892/8367b lim: 14 exec/s: 270 rss: 514Mb L: 14/14 MS: 2 CopyPart-ChangeByte-
#35138	NEW    cov: 16606 ft: 48462 corp: 893/8380b lim: 14 exec/s: 270 rss: 514Mb L: 13/14 MS: 1 CrossOver-
#35152	REDUCE cov: 16606 ft: 48466 corp: 894/8394b lim: 14 exec/s: 270 rss: 514Mb L: 14/14 MS: 4 ShuffleBytes-ShuffleBytes-InsertByte-CrossOver-
#35161	NEW    cov: 16606 ft: 48468 corp: 895/8408b lim: 14 exec/s: 270 rss: 514Mb L: 14/14 MS: 4 CopyPart-ChangeByte-CrossOver-ShuffleBytes-
#35273	NEW    cov: 16606 ft: 48469 corp: 896/8422b lim: 14 exec/s: 269 rss: 515Mb L: 14/14 MS: 2 ChangeBinInt-ChangeBinInt-
	NEW_FUNC[1/1]: 0x00010378c7f8 in _RNvMNtNtCsaadRk6yvHw6_6rsword4edit5trackNtB2_7Tracker12clone_marker+0x0 (fuzz_edit:arm64+0x100bd47f8)
#35335	NEW    cov: 16651 ft: 48519 corp: 897/8436b lim: 14 exec/s: 269 rss: 515Mb L: 14/14 MS: 2 ChangeBinInt-ChangeBit-
#35346	NEW    cov: 16651 ft: 48520 corp: 898/8450b lim: 14 exec/s: 269 rss: 515Mb L: 14/14 MS: 1 CrossOver-
#35367	NEW    cov: 16651 ft: 48532 corp: 899/8464b lim: 14 exec/s: 269 rss: 515Mb L: 14/14 MS: 1 ShuffleBytes-
#35436	NEW    cov: 16651 ft: 48540 corp: 900/8477b lim: 14 exec/s: 270 rss: 515Mb L: 13/14 MS: 4 CrossOver-ChangeBit-ChangeBit-ShuffleBytes-
#35455	NEW    cov: 16655 ft: 48544 corp: 901/8491b lim: 14 exec/s: 270 rss: 515Mb L: 14/14 MS: 4 ChangeASCIIInt-CopyPart-ShuffleBytes-ShuffleBytes-
#35463	NEW    cov: 16656 ft: 48548 corp: 902/8505b lim: 14 exec/s: 270 rss: 515Mb L: 14/14 MS: 3 CrossOver-EraseBytes-CrossOver-
#35568	NEW    cov: 16656 ft: 48549 corp: 903/8518b lim: 14 exec/s: 269 rss: 515Mb L: 13/14 MS: 5 ChangeBit-InsertByte-CrossOver-ChangeByte-CrossOver-
#35638	NEW    cov: 16662 ft: 48555 corp: 904/8532b lim: 14 exec/s: 269 rss: 515Mb L: 14/14 MS: 5 CrossOver-CopyPart-ChangeBit-ChangeBit-CopyPart-
#35722	NEW    cov: 16662 ft: 48557 corp: 905/8545b lim: 14 exec/s: 270 rss: 515Mb L: 13/14 MS: 4 ChangeBit-ChangeBinInt-EraseBytes-InsertByte-
#35843	NEW    cov: 16662 ft: 48559 corp: 906/8558b lim: 14 exec/s: 269 rss: 515Mb L: 13/14 MS: 1 PersAutoDict- DE: "\001\320"-
#35887	NEW    cov: 16662 ft: 48578 corp: 907/8572b lim: 14 exec/s: 269 rss: 515Mb L: 14/14 MS: 4 ChangeByte-InsertRepeatedBytes-CrossOver-CrossOver-
#35905	NEW    cov: 16662 ft: 48579 corp: 908/8586b lim: 14 exec/s: 269 rss: 515Mb L: 14/14 MS: 3 ShuffleBytes-ChangeBit-ChangeByte-
#35920	NEW    cov: 16662 ft: 48583 corp: 909/8600b lim: 14 exec/s: 270 rss: 515Mb L: 14/14 MS: 5 ChangeBinInt-ShuffleBytes-ChangeByte-CrossOver-ShuffleBytes-
#35936	NEW    cov: 16662 ft: 48584 corp: 910/8614b lim: 14 exec/s: 270 rss: 515Mb L: 14/14 MS: 1 CrossOver-
#35986	NEW    cov: 16663 ft: 48585 corp: 911/8628b lim: 14 exec/s: 270 rss: 515Mb L: 14/14 MS: 5 ChangeBit-CrossOver-CopyPart-ShuffleBytes-ShuffleBytes-
#36022	REDUCE cov: 16663 ft: 48585 corp: 911/8627b lim: 14 exec/s: 268 rss: 515Mb L: 11/14 MS: 1 EraseBytes-
#36117	NEW    cov: 16663 ft: 48586 corp: 912/8641b lim: 14 exec/s: 269 rss: 515Mb L: 14/14 MS: 5 CrossOver-EraseBytes-ShuffleBytes-ChangeBinInt-CopyPart-
#36128	NEW    cov: 16663 ft: 48587 corp: 913/8655b lim: 14 exec/s: 269 rss: 515Mb L: 14/14 MS: 1 CopyPart-
#36375	NEW    cov: 16665 ft: 48590 corp: 914/8669b lim: 14 exec/s: 269 rss: 515Mb L: 14/14 MS: 2 ChangeASCIIInt-ChangeByte-
#36418	NEW    cov: 16665 ft: 48591 corp: 915/8683b lim: 14 exec/s: 269 rss: 515Mb L: 14/14 MS: 3 ChangeByte-ShuffleBytes-PersAutoDict- DE: "\001\000\000\000\000\000\000\007"-
#36500	NEW    cov: 16677 ft: 48658 corp: 916/8696b lim: 14 exec/s: 268 rss: 515Mb L: 13/14 MS: 2 ChangeByte-CMP- DE: "\223$I\222$I\222\004"-
#36525	NEW    cov: 16677 ft: 48661 corp: 917/8710b lim: 14 exec/s: 268 rss: 515Mb L: 14/14 MS: 5 ChangeBit-PersAutoDict-InsertByte-ChangeBinInt-PersAutoDict- DE: "\000\205"-"\315\002"-
#36538	REDUCE cov: 16677 ft: 48661 corp: 917/8709b lim: 14 exec/s: 268 rss: 515Mb L: 13/14 MS: 3 ChangeBinInt-ChangeBit-EraseBytes-
#36589	NEW    cov: 16677 ft: 48667 corp: 918/8722b lim: 14 exec/s: 269 rss: 515Mb L: 13/14 MS: 1 CopyPart-
#36625	NEW    cov: 16678 ft: 48708 corp: 919/8736b lim: 14 exec/s: 269 rss: 515Mb L: 14/14 MS: 1 ShuffleBytes-
#36643	REDUCE cov: 16678 ft: 48708 corp: 919/8735b lim: 14 exec/s: 269 rss: 515Mb L: 13/14 MS: 3 ShuffleBytes-CrossOver-EraseBytes-
#36653	NEW    cov: 16678 ft: 48709 corp: 920/8749b lim: 14 exec/s: 269 rss: 515Mb L: 14/14 MS: 5 CopyPart-ChangeBinInt-ChangeBit-ChangeBinInt-CopyPart-
#36704	NEW    cov: 16678 ft: 48839 corp: 921/8763b lim: 14 exec/s: 269 rss: 515Mb L: 14/14 MS: 1 ChangeASCIIInt-
#36807	NEW    cov: 16681 ft: 48930 corp: 922/8777b lim: 14 exec/s: 268 rss: 515Mb L: 14/14 MS: 3 CopyPart-ShuffleBytes-InsertByte-
#36848	NEW    cov: 16681 ft: 48931 corp: 923/8791b lim: 14 exec/s: 268 rss: 515Mb L: 14/14 MS: 1 CrossOver-
#36869	NEW    cov: 16681 ft: 48966 corp: 924/8805b lim: 14 exec/s: 269 rss: 515Mb L: 14/14 MS: 1 ShuffleBytes-
#36957	NEW    cov: 16682 ft: 48967 corp: 925/8817b lim: 14 exec/s: 267 rss: 515Mb L: 12/14 MS: 3 ChangeBinInt-ChangeBinInt-CopyPart-
#37013	NEW    cov: 16682 ft: 48968 corp: 926/8831b lim: 14 exec/s: 268 rss: 515Mb L: 14/14 MS: 1 CrossOver-
#37030	NEW    cov: 16682 ft: 48969 corp: 927/8845b lim: 14 exec/s: 268 rss: 515Mb L: 14/14 MS: 2 ChangeBinInt-PersAutoDict- DE: "\003\214"-
#37133	NEW    cov: 16682 ft: 48972 corp: 928/8856b lim: 14 exec/s: 269 rss: 515Mb L: 11/14 MS: 3 CrossOver-CrossOver-CrossOver-
#37159	NEW    cov: 16682 ft: 48976 corp: 929/8870b lim: 14 exec/s: 269 rss: 515Mb L: 14/14 MS: 1 CrossOver-
#37162	NEW    cov: 16682 ft: 48977 corp: 930/8884b lim: 14 exec/s: 269 rss: 515Mb L: 14/14 MS: 3 CopyPart-ChangeBinInt-ChangeBit-
#37214	REDUCE cov: 16682 ft: 48977 corp: 930/8883b lim: 14 exec/s: 267 rss: 515Mb L: 7/14 MS: 2 EraseBytes-CopyPart-
#37235	NEW    cov: 16682 ft: 48978 corp: 931/8897b lim: 14 exec/s: 267 rss: 515Mb L: 14/14 MS: 1 CMP- DE: "L\003"-
#37396	NEW    cov: 16682 ft: 48979 corp: 932/8911b lim: 14 exec/s: 269 rss: 515Mb L: 14/14 MS: 1 CrossOver-
#37414	NEW    cov: 16682 ft: 48992 corp: 933/8925b lim: 14 exec/s: 267 rss: 515Mb L: 14/14 MS: 3 ShuffleBytes-ChangeBit-CopyPart-
#37428	NEW    cov: 16688 ft: 49152 corp: 934/8939b lim: 14 exec/s: 267 rss: 515Mb L: 14/14 MS: 4 ChangeByte-ShuffleBytes-ChangeByte-ChangeBit-
#37453	NEW    cov: 16689 ft: 49156 corp: 935/8953b lim: 14 exec/s: 267 rss: 515Mb L: 14/14 MS: 5 CopyPart-ChangeBinInt-ShuffleBytes-PersAutoDict-CopyPart- DE: "\315\002"-
#37637	NEW    cov: 16689 ft: 49157 corp: 936/8967b lim: 14 exec/s: 266 rss: 515Mb L: 14/14 MS: 4 CopyPart-ShuffleBytes-EraseBytes-InsertRepeatedBytes-
#37740	NEW    cov: 16689 ft: 49158 corp: 937/8981b lim: 14 exec/s: 267 rss: 515Mb L: 14/14 MS: 3 ChangeByte-InsertByte-InsertByte-
#37828	NEW    cov: 16689 ft: 49161 corp: 938/8995b lim: 14 exec/s: 268 rss: 515Mb L: 14/14 MS: 3 ChangeBinInt-ChangeByte-CopyPart-
#37906	NEW    cov: 16689 ft: 49162 corp: 939/9009b lim: 14 exec/s: 266 rss: 515Mb L: 14/14 MS: 3 ShuffleBytes-CopyPart-ShuffleBytes-
#37912	REDUCE cov: 16689 ft: 49162 corp: 939/9008b lim: 14 exec/s: 266 rss: 515Mb L: 13/14 MS: 1 CrossOver-
#38001	NEW    cov: 16689 ft: 49164 corp: 940/9022b lim: 14 exec/s: 267 rss: 515Mb L: 14/14 MS: 4 ChangeByte-ShuffleBytes-ChangeByte-CMP- DE: "\001\030"-
#38084	NEW    cov: 16690 ft: 49169 corp: 941/9036b lim: 14 exec/s: 266 rss: 515Mb L: 14/14 MS: 3 ChangeASCIIInt-CopyPart-ChangeBinInt-
#38142	NEW    cov: 16690 ft: 49172 corp: 942/9048b lim: 14 exec/s: 266 rss: 516Mb L: 12/14 MS: 3 EraseBytes-CMP-ChangeBit- DE: "\015\000\000\000\000\000\000\200"-
#38209	NEW    cov: 16690 ft: 49175 corp: 943/9062b lim: 14 exec/s: 267 rss: 516Mb L: 14/14 MS: 2 ChangeBit-ChangeBit-
#38241	NEW    cov: 16690 ft: 49178 corp: 944/9076b lim: 14 exec/s: 267 rss: 516Mb L: 14/14 MS: 2 ChangeASCIIInt-ChangeBinInt-
#38336	NEW    cov: 16690 ft: 49179 corp: 945/9088b lim: 14 exec/s: 268 rss: 516Mb L: 12/14 MS: 5 InsertByte-CopyPart-ChangeBit-CrossOver-ShuffleBytes-
#38428	NEW    cov: 16690 ft: 49185 corp: 946/9101b lim: 14 exec/s: 266 rss: 516Mb L: 13/14 MS: 2 ShuffleBytes-ShuffleBytes-
#38474	NEW    cov: 16690 ft: 49187 corp: 947/9114b lim: 14 exec/s: 267 rss: 516Mb L: 13/14 MS: 1 InsertByte-
#38580	NEW    cov: 16690 ft: 49193 corp: 948/9128b lim: 14 exec/s: 267 rss: 516Mb L: 14/14 MS: 1 ChangeBit-
#38627	NEW    cov: 16690 ft: 49194 corp: 949/9142b lim: 14 exec/s: 266 rss: 516Mb L: 14/14 MS: 2 PersAutoDict-CopyPart- DE: "M\003"-
#38636	NEW    cov: 16698 ft: 49202 corp: 950/9155b lim: 14 exec/s: 266 rss: 516Mb L: 13/14 MS: 4 CopyPart-ChangeByte-ChangeASCIIInt-ShuffleBytes-
#38675	REDUCE cov: 16698 ft: 49202 corp: 950/9154b lim: 14 exec/s: 266 rss: 516Mb L: 3/14 MS: 4 ChangeBit-ChangeByte-EraseBytes-InsertByte-
#38697	NEW    cov: 16698 ft: 49203 corp: 951/9168b lim: 14 exec/s: 266 rss: 516Mb L: 14/14 MS: 2 ShuffleBytes-PersAutoDict- DE: "\213\002"-
#38757	NEW    cov: 16698 ft: 49204 corp: 952/9180b lim: 14 exec/s: 267 rss: 516Mb L: 12/14 MS: 5 CopyPart-CrossOver-PersAutoDict-InsertByte-ShuffleBytes- DE: "\316\002"-
#38944	NEW    cov: 16698 ft: 49206 corp: 953/9194b lim: 14 exec/s: 266 rss: 516Mb L: 14/14 MS: 2 CopyPart-ShuffleBytes-
#38947	NEW    cov: 16698 ft: 49207 corp: 954/9208b lim: 14 exec/s: 266 rss: 516Mb L: 14/14 MS: 3 ChangeBit-ShuffleBytes-CrossOver-
#38954	NEW    cov: 16698 ft: 49226 corp: 955/9222b lim: 14 exec/s: 266 rss: 516Mb L: 14/14 MS: 2 ChangeBit-CopyPart-
#39084	NEW    cov: 16698 ft: 49230 corp: 956/9235b lim: 14 exec/s: 267 rss: 516Mb L: 13/14 MS: 5 InsertRepeatedBytes-ShuffleBytes-ChangeBinInt-ChangeBit-InsertByte-
#39115	NEW    cov: 16704 ft: 49236 corp: 957/9249b lim: 14 exec/s: 266 rss: 516Mb L: 14/14 MS: 1 CopyPart-
#39427	REDUCE cov: 16704 ft: 49237 corp: 958/9266b lim: 17 exec/s: 266 rss: 516Mb L: 17/17 MS: 2 InsertRepeatedBytes-CMP- DE: "\247\004"-
#39432	NEW    cov: 16705 ft: 49238 corp: 959/9282b lim: 17 exec/s: 266 rss: 516Mb L: 16/17 MS: 5 ChangeBit-ChangeBit-ShuffleBytes-InsertByte-CopyPart-
#39437	NEW    cov: 16705 ft: 49239 corp: 960/9298b lim: 17 exec/s: 266 rss: 516Mb L: 16/17 MS: 5 CrossOver-CrossOver-EraseBytes-CrossOver-InsertByte-
#39516	NEW    cov: 16705 ft: 49251 corp: 961/9312b lim: 17 exec/s: 267 rss: 516Mb L: 14/17 MS: 4 ChangeBit-ChangeByte-CopyPart-CrossOver-
#39530	NEW    cov: 16705 ft: 49252 corp: 962/9329b lim: 17 exec/s: 265 rss: 516Mb L: 17/17 MS: 4 CrossOver-ChangeByte-CopyPart-ShuffleBytes-
#39541	NEW    cov: 16711 ft: 49274 corp: 963/9346b lim: 17 exec/s: 265 rss: 516Mb L: 17/17 MS: 1 CopyPart-
#39577	NEW    cov: 16711 ft: 49275 corp: 964/9363b lim: 17 exec/s: 265 rss: 516Mb L: 17/17 MS: 1 CopyPart-
#39614	NEW    cov: 16716 ft: 49326 corp: 965/9379b lim: 17 exec/s: 265 rss: 516Mb L: 16/17 MS: 2 CrossOver-CopyPart-
#39617	NEW    cov: 16716 ft: 49328 corp: 966/9394b lim: 17 exec/s: 265 rss: 516Mb L: 15/17 MS: 3 InsertByte-CMP-ShuffleBytes- DE: "\377\377\377\377"-
#39707	NEW    cov: 16716 ft: 49337 corp: 967/9411b lim: 17 exec/s: 266 rss: 516Mb L: 17/17 MS: 5 PersAutoDict-PersAutoDict-EraseBytes-CMP-PersAutoDict- DE: "\003\263"-"L\003"-"\004N"-"\001\000\002\263"-
#39820	NEW    cov: 16718 ft: 49339 corp: 968/9428b lim: 17 exec/s: 265 rss: 516Mb L: 17/17 MS: 3 InsertByte-CopyPart-InsertByte-
#39850	NEW    cov: 16718 ft: 49341 corp: 969/9442b lim: 17 exec/s: 265 rss: 516Mb L: 14/17 MS: 5 ChangeBit-CMP-CrossOver-CMP-CMP- DE: "\215\002"-"\377\377\377\377\377\377\377\003"-"\314\001"-
#39898	NEW    cov: 16720 ft: 49344 corp: 970/9455b lim: 17 exec/s: 265 rss: 516Mb L: 13/17 MS: 3 CrossOver-ChangeByte-ChangeBinInt-
#39903	NEW    cov: 16720 ft: 49346 corp: 971/9468b lim: 17 exec/s: 266 rss: 516Mb L: 13/17 MS: 5 ChangeBinInt-PersAutoDict-ChangeByte-ChangeByte-CrossOver- DE: "L\003"-
#39944	NEW    cov: 16720 ft: 49348 corp: 972/9482b lim: 17 exec/s: 266 rss: 516Mb L: 14/17 MS: 1 ChangeByte-
#40005	NEW    cov: 16720 ft: 49350 corp: 973/9495b lim: 17 exec/s: 264 rss: 516Mb L: 13/17 MS: 1 ChangeBinInt-
#40036	NEW    cov: 16720 ft: 49351 corp: 974/9512b lim: 17 exec/s: 265 rss: 516Mb L: 17/17 MS: 1 CopyPart-
#40120	NEW    cov: 16720 ft: 49371 corp: 975/9528b lim: 17 exec/s: 265 rss: 516Mb L: 16/17 MS: 4 CopyPart-InsertByte-PersAutoDict-CopyPart- DE: "\377\377\377\377\377\377\377\000"-
#40128	NEW    cov: 16720 ft: 49375 corp: 976/9545b lim: 17 exec/s: 265 rss: 516Mb L: 17/17 MS: 3 InsertRepeatedBytes-ChangeBit-ChangeBit-
#40137	NEW    cov: 16720 ft: 49376 corp: 977/9561b lim: 17 exec/s: 265 rss: 516Mb L: 16/17 MS: 4 InsertByte-EraseBytes-CMP-CopyPart- DE: "\337\002"-
#40138	NEW    cov: 16721 ft: 49400 corp: 978/9576b lim: 17 exec/s: 265 rss: 516Mb L: 15/17 MS: 1 PersAutoDict- DE: "\262\002"-
#40185	NEW    cov: 16721 ft: 49401 corp: 979/9590b lim: 17 exec/s: 266 rss: 516Mb L: 14/17 MS: 2 ChangeBit-InsertRepeatedBytes-
#40203	NEW    cov: 16721 ft: 49408 corp: 980/9603b lim: 17 exec/s: 264 rss: 516Mb L: 13/17 MS: 3 ChangeBit-EraseBytes-InsertRepeatedBytes-
#40228	NEW    cov: 16721 ft: 49409 corp: 981/9620b lim: 17 exec/s: 264 rss: 516Mb L: 17/17 MS: 5 InsertRepeatedBytes-ChangeBit-ChangeByte-CrossOver-CopyPart-
#40231	NEW    cov: 16721 ft: 49413 corp: 982/9636b lim: 17 exec/s: 264 rss: 516Mb L: 16/17 MS: 3 ChangeBit-CopyPart-CopyPart-
#40400	NEW    cov: 16723 ft: 49416 corp: 983/9651b lim: 17 exec/s: 264 rss: 516Mb L: 15/17 MS: 4 InsertRepeatedBytes-ChangeBit-InsertByte-CMP- DE: "\377\377\002&"-
#40611	REDUCE cov: 16725 ft: 49420 corp: 984/9664b lim: 17 exec/s: 265 rss: 516Mb L: 13/17 MS: 1 ChangeBit-
#40619	NEW    cov: 16726 ft: 49428 corp: 985/9680b lim: 17 exec/s: 265 rss: 516Mb L: 16/17 MS: 3 InsertByte-PersAutoDict-ChangeBinInt- DE: "\377\377\001\346"-
#40711	NEW    cov: 16726 ft: 49429 corp: 986/9694b lim: 17 exec/s: 264 rss: 516Mb L: 14/17 MS: 2 ChangeByte-ChangeByte-
#40758	NEW    cov: 16726 ft: 49434 corp: 987/9709b lim: 17 exec/s: 264 rss: 516Mb L: 15/17 MS: 2 InsertRepeatedBytes-PersAutoDict- DE: "\377\377\377\377"-
#40773	NEW    cov: 16726 ft: 49436 corp: 988/9724b lim: 17 exec/s: 264 rss: 516Mb L: 15/17 MS: 5 ShuffleBytes-CopyPart-ChangeByte-InsertByte-ChangeBit-
#40780	NEW    cov: 16726 ft: 49438 corp: 989/9738b lim: 17 exec/s: 264 rss: 516Mb L: 14/17 MS: 2 ChangeBit-ChangeBinInt-
#40792	NEW    cov: 16726 ft: 49440 corp: 990/9755b lim: 17 exec/s: 264 rss: 516Mb L: 17/17 MS: 2 ChangeBinInt-CrossOver-
#40828	NEW    cov: 16728 ft: 49442 corp: 991/9771b lim: 17 exec/s: 263 rss: 516Mb L: 16/17 MS: 1 PersAutoDict- DE: "\247\004"-
#40847	NEW    cov: 16728 ft: 49503 corp: 992/9785b lim: 17 exec/s: 263 rss: 516Mb L: 14/17 MS: 4 InsertByte-EraseBytes-CopyPart-CrossOver-
#40855	REDUCE cov: 16728 ft: 49503 corp: 992/9783b lim: 17 exec/s: 263 rss: 517Mb L: 15/17 MS: 3 CMP-ChangeBinInt-EraseBytes- DE: "\336\002\000\000"-
#41037	NEW    cov: 16728 ft: 49523 corp: 993/9800b lim: 17 exec/s: 264 rss: 517Mb L: 17/17 MS: 2 CMP-CrossOver- DE: "\001\000\000\000"-
#41158	NEW    cov: 16728 ft: 49524 corp: 994/9815b lim: 17 exec/s: 263 rss: 517Mb L: 15/17 MS: 1 InsertByte-
#41179	NEW    cov: 16728 ft: 49535 corp: 995/9829b lim: 17 exec/s: 263 rss: 517Mb L: 14/17 MS: 1 ChangeBinInt-
#41205	NEW    cov: 16728 ft: 49536 corp: 996/9845b lim: 17 exec/s: 264 rss: 517Mb L: 16/17 MS: 1 PersAutoDict- DE: "\315\002"-
#41264	NEW    cov: 16728 ft: 49579 corp: 997/9862b lim: 17 exec/s: 264 rss: 517Mb L: 17/17 MS: 4 InsertRepeatedBytes-ChangeBit-ChangeByte-CopyPart-
#41275	NEW    cov: 16728 ft: 49584 corp: 998/9874b lim: 17 exec/s: 264 rss: 517Mb L: 12/17 MS: 1 InsertByte-
#41295	NEW    cov: 16730 ft: 49593 corp: 999/9890b lim: 17 exec/s: 264 rss: 517Mb L: 16/17 MS: 5 ChangeBinInt-ChangeBinInt-CopyPart-InsertByte-ShuffleBytes-
#41351	NEW    cov: 16730 ft: 49598 corp: 1000/9906b lim: 17 exec/s: 263 rss: 517Mb L: 16/17 MS: 1 PersAutoDict- DE: "\377\001"-
#41384	NEW    cov: 16730 ft: 49601 corp: 1001/9920b lim: 17 exec/s: 263 rss: 517Mb L: 14/17 MS: 3 CopyPart-CopyPart-InsertByte-
#41402	NEW    cov: 16730 ft: 49602 corp: 1002/9936b lim: 17 exec/s: 263 rss: 517Mb L: 16/17 MS: 3 ChangeBit-InsertByte-InsertByte-
#41493	NEW    cov: 16730 ft: 49603 corp: 1003/9950b lim: 17 exec/s: 264 rss: 517Mb L: 14/17 MS: 1 ChangeByte-
#41514	NEW    cov: 16730 ft: 49606 corp: 1004/9965b lim: 17 exec/s: 264 rss: 517Mb L: 15/17 MS: 1 CopyPart-
	NEW_FUNC[1/1]: 0x000103236da8 in _RINvXs2J_NtNtCs7oq3hgLOR5a_4core5slice4iterINtB7_4IterNtNtNtCsaadRk6yvHw6_6rsword5model6inline7SegmentENtNtNtNtBb_4iter6traits8iterator8Iterator3anyNCNvNtNtBW_4edit3ops12delete_ranges_0EBW_+0x0 (fuzz_edit:arm64+0x10067eda8)
#41560	NEW    cov: 16748 ft: 49630 corp: 1005/9981b lim: 17 exec/s: 263 rss: 517Mb L: 16/17 MS: 1 InsertRepeatedBytes-
#41561	NEW    cov: 16748 ft: 49633 corp: 1006/9997b lim: 17 exec/s: 263 rss: 517Mb L: 16/17 MS: 1 InsertByte-
#41640	NEW    cov: 16748 ft: 49634 corp: 1007/10014b lim: 17 exec/s: 263 rss: 517Mb L: 17/17 MS: 4 InsertByte-ShuffleBytes-EraseBytes-CopyPart-
#41747	NEW    cov: 16748 ft: 49640 corp: 1008/10028b lim: 17 exec/s: 264 rss: 517Mb L: 14/17 MS: 2 ChangeByte-ChangeBinInt-
#41867	NEW    cov: 16748 ft: 49641 corp: 1009/10043b lim: 17 exec/s: 263 rss: 517Mb L: 15/17 MS: 5 InsertByte-PersAutoDict-ChangeByte-ShuffleBytes-ChangeBinInt- DE: "\377\377\377\377\377\377\377\012"-
#41880	NEW    cov: 16748 ft: 49642 corp: 1010/10056b lim: 17 exec/s: 263 rss: 517Mb L: 13/17 MS: 3 ChangeByte-ChangeBinInt-CrossOver-
#41966	NEW    cov: 16748 ft: 49643 corp: 1011/10070b lim: 17 exec/s: 263 rss: 517Mb L: 14/17 MS: 1 CrossOver-
#41974	NEW    cov: 16748 ft: 49665 corp: 1012/10084b lim: 17 exec/s: 263 rss: 517Mb L: 14/17 MS: 3 CopyPart-ChangeByte-CMP- DE: ">\000\000\000\000\000\000\000"-
#41977	NEW    cov: 16748 ft: 49670 corp: 1013/10101b lim: 17 exec/s: 264 rss: 517Mb L: 17/17 MS: 3 InsertRepeatedBytes-ChangeBit-CrossOver-
#42124	NEW    cov: 16748 ft: 49672 corp: 1014/10116b lim: 17 exec/s: 263 rss: 517Mb L: 15/17 MS: 2 ChangeByte-ChangeBit-
#42144	NEW    cov: 16748 ft: 49684 corp: 1015/10132b lim: 17 exec/s: 263 rss: 517Mb L: 16/17 MS: 5 ChangeByte-ChangeByte-CopyPart-InsertByte-CopyPart-
#42159	NEW    cov: 16748 ft: 49685 corp: 1016/10149b lim: 17 exec/s: 263 rss: 517Mb L: 17/17 MS: 5 CopyPart-ChangeByte-ShuffleBytes-ShuffleBytes-CMP- DE: "\000\211"-
#42240	NEW    cov: 16748 ft: 49687 corp: 1017/10163b lim: 17 exec/s: 262 rss: 517Mb L: 14/17 MS: 1 ChangeASCIIInt-
#42299	NEW    cov: 16748 ft: 49708 corp: 1018/10180b lim: 17 exec/s: 262 rss: 517Mb L: 17/17 MS: 4 InsertByte-CopyPart-CopyPart-ChangeBinInt-
#42350	NEW    cov: 16748 ft: 49761 corp: 1019/10197b lim: 17 exec/s: 263 rss: 517Mb L: 17/17 MS: 1 InsertRepeatedBytes-
#42351	NEW    cov: 16748 ft: 49778 corp: 1020/10213b lim: 17 exec/s: 263 rss: 517Mb L: 16/17 MS: 1 PersAutoDict- DE: "\000\205"-
#42367	NEW    cov: 16748 ft: 49780 corp: 1021/10227b lim: 17 exec/s: 263 rss: 517Mb L: 14/17 MS: 1 ChangeBinInt-
#42685	NEW    cov: 16748 ft: 49782 corp: 1022/10244b lim: 17 exec/s: 261 rss: 517Mb L: 17/17 MS: 3 ShuffleBytes-CrossOver-InsertRepeatedBytes-
#42691	NEW    cov: 16748 ft: 49783 corp: 1023/10261b lim: 17 exec/s: 261 rss: 517Mb L: 17/17 MS: 1 ChangeByte-
#42794	NEW    cov: 16748 ft: 49784 corp: 1024/10275b lim: 17 exec/s: 262 rss: 517Mb L: 14/17 MS: 3 ChangeByte-ChangeBit-ChangeByte-
#42817	NEW    cov: 16748 ft: 49800 corp: 1025/10292b lim: 17 exec/s: 262 rss: 517Mb L: 17/17 MS: 3 ShuffleBytes-ChangeBit-CopyPart-
#42857	NEW    cov: 16748 ft: 49801 corp: 1026/10309b lim: 17 exec/s: 262 rss: 517Mb L: 17/17 MS: 5 InsertByte-PersAutoDict-InsertByte-ChangeBinInt-InsertByte- DE: "\001\000\000\000"-
#42873	NEW    cov: 16748 ft: 49802 corp: 1027/10325b lim: 17 exec/s: 261 rss: 517Mb L: 16/17 MS: 1 EraseBytes-
#42912	NEW    cov: 16748 ft: 49804 corp: 1028/10341b lim: 17 exec/s: 261 rss: 517Mb L: 16/17 MS: 4 CrossOver-ChangeBit-ChangeBinInt-ChangeByte-
#42944	NEW    cov: 16749 ft: 49840 corp: 1029/10358b lim: 17 exec/s: 261 rss: 517Mb L: 17/17 MS: 2 CrossOver-InsertRepeatedBytes-
#42966	NEW    cov: 16749 ft: 49841 corp: 1030/10373b lim: 17 exec/s: 261 rss: 517Mb L: 15/17 MS: 2 ShuffleBytes-CrossOver-
#43059	REDUCE cov: 16749 ft: 49841 corp: 1030/10371b lim: 17 exec/s: 262 rss: 517Mb L: 12/17 MS: 3 ShuffleBytes-CopyPart-EraseBytes-
#43100	NEW    cov: 16749 ft: 49842 corp: 1031/10388b lim: 17 exec/s: 262 rss: 517Mb L: 17/17 MS: 1 CrossOver-
#43113	NEW    cov: 16749 ft: 49844 corp: 1032/10405b lim: 17 exec/s: 262 rss: 517Mb L: 17/17 MS: 3 ShuffleBytes-ShuffleBytes-ChangeBinInt-
#43131	NEW    cov: 16749 ft: 49857 corp: 1033/10419b lim: 17 exec/s: 261 rss: 517Mb L: 14/17 MS: 3 ChangeByte-CrossOver-PersAutoDict- DE: "\001\336"-
#43170	NEW    cov: 16754 ft: 49862 corp: 1034/10436b lim: 17 exec/s: 261 rss: 517Mb L: 17/17 MS: 4 ChangeBinInt-InsertByte-InsertRepeatedBytes-InsertByte-
#43237	NEW    cov: 16754 ft: 49872 corp: 1035/10453b lim: 17 exec/s: 262 rss: 517Mb L: 17/17 MS: 2 CrossOver-CMP- DE: "\003\337"-
#43263	NEW    cov: 16754 ft: 49875 corp: 1036/10467b lim: 17 exec/s: 262 rss: 517Mb L: 14/17 MS: 1 ChangeBinInt-
	NEW_FUNC[1/2]: 0x000102e838c0 in _RINvNtNtNtNtCs7oq3hgLOR5a_4core5slice4sort6shared9smallsort11insert_tailNtNtNtCsaadRk6yvHw6_6rsword5model8revision10RevisionIdNCINvMNtCs7a5mATVz8u3_5alloc5sliceSB18_11sort_by_keyTbmENCNvNtNtB1e_4edit12revision_ops3ones_0E0EB1e_+0x0 (fuzz_edit:arm64+0x1002cb8c0)
	NEW_FUNC[2/2]: 0x000104139640 in _RNvXs0_NtNtNtCs7oq3hgLOR5a_4core4iter8adapters3mapINtB5_3MapINtNtB7_6filter6FilterIBX_INtNtNtBb_5slice4iter4IterNtNtNtCsaadRk6yvHw6_6rsword5model8revision13RevisionEntryENCNvNtNtB1S_4edit12revision_ops11field_groups_0ENCB2K_s0_0ENCB2K_s1_0ENtNtNtB9_6traits8iterator8Iterator4nextB1S_+0x0 (fuzz_edit:arm64+0x101581640)
#43313	NEW    cov: 16824 ft: 49965 corp: 1037/10484b lim: 17 exec/s: 262 rss: 517Mb L: 17/17 MS: 5 CopyPart-CopyPart-ShuffleBytes-ChangeBit-CopyPart-
#43349	NEW    cov: 16824 ft: 50032 corp: 1038/10501b lim: 17 exec/s: 262 rss: 517Mb L: 17/17 MS: 1 ShuffleBytes-
#43357	NEW    cov: 16824 ft: 50034 corp: 1039/10516b lim: 17 exec/s: 262 rss: 517Mb L: 15/17 MS: 3 ShuffleBytes-CrossOver-CopyPart-
#43604	NEW    cov: 16824 ft: 50036 corp: 1040/10531b lim: 17 exec/s: 262 rss: 517Mb L: 15/17 MS: 2 ShuffleBytes-CrossOver-
#43613	NEW    cov: 16824 ft: 50037 corp: 1041/10547b lim: 17 exec/s: 262 rss: 517Mb L: 16/17 MS: 4 ShuffleBytes-EraseBytes-ChangeByte-CrossOver-
#43699	NEW    cov: 16824 ft: 50038 corp: 1042/10564b lim: 17 exec/s: 261 rss: 517Mb L: 17/17 MS: 1 ChangeByte-
#43743	NEW    cov: 16824 ft: 50042 corp: 1043/10581b lim: 17 exec/s: 261 rss: 517Mb L: 17/17 MS: 4 ShuffleBytes-InsertByte-CopyPart-InsertByte-
#43790	NEW    cov: 16824 ft: 50043 corp: 1044/10595b lim: 17 exec/s: 262 rss: 517Mb L: 14/17 MS: 2 CopyPart-ChangeBinInt-
#43826	NEW    cov: 16824 ft: 50044 corp: 1045/10609b lim: 17 exec/s: 262 rss: 517Mb L: 14/17 MS: 1 ChangeByte-
#43862	NEW    cov: 16824 ft: 50047 corp: 1046/10623b lim: 17 exec/s: 261 rss: 517Mb L: 14/17 MS: 1 ShuffleBytes-
#43883	REDUCE cov: 16824 ft: 50047 corp: 1046/10621b lim: 17 exec/s: 261 rss: 517Mb L: 11/17 MS: 1 EraseBytes-
#43986	NEW    cov: 16826 ft: 50053 corp: 1047/10635b lim: 17 exec/s: 261 rss: 517Mb L: 14/17 MS: 3 ChangeByte-ShuffleBytes-CMP- DE: "\377\377\377\377\377\377\377\377"-
#43999	NEW    cov: 16829 ft: 50059 corp: 1048/10650b lim: 17 exec/s: 261 rss: 517Mb L: 15/17 MS: 3 ChangeBit-ShuffleBytes-InsertByte-
#44017	NEW    cov: 16829 ft: 50060 corp: 1049/10667b lim: 17 exec/s: 262 rss: 517Mb L: 17/17 MS: 3 ChangeBit-EraseBytes-InsertRepeatedBytes-
#44081	NEW    cov: 16829 ft: 50061 corp: 1050/10684b lim: 17 exec/s: 260 rss: 517Mb L: 17/17 MS: 4 CrossOver-ShuffleBytes-PersAutoDict-PersAutoDict- DE: "\213\002"-"\262\002\000\000"-
#44162	NEW    cov: 16829 ft: 50062 corp: 1051/10696b lim: 17 exec/s: 261 rss: 517Mb L: 12/17 MS: 1 InsertByte-
#44180	NEW    cov: 16831 ft: 50078 corp: 1052/10710b lim: 17 exec/s: 261 rss: 517Mb L: 14/17 MS: 3 ChangeByte-ChangeBinInt-CopyPart-
#44217	NEW    cov: 16831 ft: 50082 corp: 1053/10725b lim: 17 exec/s: 261 rss: 517Mb L: 15/17 MS: 2 ChangeBinInt-InsertByte-
#44224	NEW    cov: 16831 ft: 50084 corp: 1054/10739b lim: 17 exec/s: 261 rss: 517Mb L: 14/17 MS: 2 ChangeBit-PersAutoDict- DE: "\003\337"-
#44255	NEW    cov: 16831 ft: 50086 corp: 1055/10753b lim: 17 exec/s: 261 rss: 517Mb L: 14/17 MS: 1 CMP- DE: "\377\377\377\377"-
#44362	NEW    cov: 16831 ft: 50095 corp: 1056/10770b lim: 17 exec/s: 260 rss: 517Mb L: 17/17 MS: 2 ChangeByte-CopyPart-
#44369	NEW    cov: 16831 ft: 50098 corp: 1057/10785b lim: 17 exec/s: 260 rss: 517Mb L: 15/17 MS: 2 InsertByte-ShuffleBytes-
#44371	NEW    cov: 16831 ft: 50125 corp: 1058/10801b lim: 17 exec/s: 261 rss: 517Mb L: 16/17 MS: 2 PersAutoDict-PersAutoDict- DE: "\377\377\001\263"-"\003\222I$\222I$\222"-
#44383	NEW    cov: 16831 ft: 50131 corp: 1059/10815b lim: 17 exec/s: 261 rss: 517Mb L: 14/17 MS: 2 ChangeBit-ChangeBinInt-
#44389	NEW    cov: 16831 ft: 50139 corp: 1060/10832b lim: 17 exec/s: 261 rss: 517Mb L: 17/17 MS: 1 CrossOver-
#44417	NEW    cov: 16831 ft: 50141 corp: 1061/10845b lim: 17 exec/s: 261 rss: 517Mb L: 13/17 MS: 3 ChangeByte-ChangeBit-ChangeByte-
#44547	NEW    cov: 16832 ft: 50220 corp: 1062/10862b lim: 17 exec/s: 262 rss: 517Mb L: 17/17 MS: 5 CopyPart-ChangeBit-CopyPart-CopyPart-ChangeBinInt-
#44549	NEW    cov: 16837 ft: 50225 corp: 1063/10878b lim: 17 exec/s: 262 rss: 517Mb L: 16/17 MS: 2 CrossOver-InsertByte-
#44565	NEW    cov: 16837 ft: 50226 corp: 1064/10892b lim: 17 exec/s: 262 rss: 520Mb L: 14/17 MS: 1 ChangeBit-
#44581	NEW    cov: 16837 ft: 50228 corp: 1065/10907b lim: 17 exec/s: 260 rss: 521Mb L: 15/17 MS: 1 ChangeBit-
#44612	NEW    cov: 16838 ft: 50230 corp: 1066/10920b lim: 17 exec/s: 260 rss: 521Mb L: 13/17 MS: 1 ShuffleBytes-
#44688	REDUCE cov: 16838 ft: 50230 corp: 1066/10919b lim: 17 exec/s: 261 rss: 521Mb L: 3/17 MS: 1 EraseBytes-
#44814	NEW    cov: 16838 ft: 50231 corp: 1067/10936b lim: 17 exec/s: 260 rss: 521Mb L: 17/17 MS: 1 CrossOver-
#44872	NEW    cov: 16838 ft: 50234 corp: 1068/10950b lim: 17 exec/s: 260 rss: 521Mb L: 14/17 MS: 3 ChangeBit-ChangeByte-PersAutoDict- DE: "\223$I\222$I\222\004"-
#45040	NEW    cov: 16838 ft: 50236 corp: 1069/10964b lim: 17 exec/s: 260 rss: 521Mb L: 14/17 MS: 3 CopyPart-CrossOver-ChangeBit-
#45177	NEW    cov: 16838 ft: 50254 corp: 1070/10978b lim: 17 exec/s: 261 rss: 521Mb L: 14/17 MS: 2 ChangeBit-ChangeASCIIInt-
#45268	NEW    cov: 16838 ft: 50258 corp: 1071/10991b lim: 17 exec/s: 261 rss: 521Mb L: 13/17 MS: 1 CrossOver-
#45364	NEW    cov: 16839 ft: 50261 corp: 1072/11004b lim: 17 exec/s: 260 rss: 521Mb L: 13/17 MS: 1 ChangeBit-
#45371	NEW    cov: 16839 ft: 50262 corp: 1073/11020b lim: 17 exec/s: 260 rss: 521Mb L: 16/17 MS: 2 ChangeByte-CMP- DE: "\377\377\001\214"-
#45403	NEW    cov: 16839 ft: 50263 corp: 1074/11033b lim: 17 exec/s: 260 rss: 521Mb L: 13/17 MS: 2 ShuffleBytes-ChangeASCIIInt-
#45429	NEW    cov: 16839 ft: 50276 corp: 1075/11046b lim: 17 exec/s: 261 rss: 521Mb L: 13/17 MS: 1 InsertByte-
#45544	REDUCE cov: 16839 ft: 50276 corp: 1075/11044b lim: 17 exec/s: 261 rss: 521Mb L: 12/17 MS: 5 ChangeBit-ChangeByte-EraseBytes-CrossOver-InsertByte-
#45652	NEW    cov: 16839 ft: 50278 corp: 1076/11061b lim: 17 exec/s: 260 rss: 521Mb L: 17/17 MS: 3 ChangeBinInt-PersAutoDict-InsertByte- DE: "\317\002"-
#45658	NEW    cov: 16839 ft: 50284 corp: 1077/11075b lim: 17 exec/s: 260 rss: 521Mb L: 14/17 MS: 1 CopyPart-
#45760	NEW    cov: 16839 ft: 50318 corp: 1078/11091b lim: 17 exec/s: 261 rss: 521Mb L: 16/17 MS: 2 InsertByte-CopyPart-
#45767	NEW    cov: 16839 ft: 50319 corp: 1079/11108b lim: 17 exec/s: 261 rss: 521Mb L: 17/17 MS: 2 CMP-CopyPart- DE: "\310\003\000\000"-
#45781	NEW    cov: 16842 ft: 50431 corp: 1080/11124b lim: 17 exec/s: 261 rss: 521Mb L: 16/17 MS: 4 ChangeBit-ChangeByte-ShuffleBytes-CrossOver-
#45832	NEW    cov: 16842 ft: 50438 corp: 1081/11140b lim: 17 exec/s: 260 rss: 521Mb L: 16/17 MS: 1 InsertRepeatedBytes-
#45840	NEW    cov: 16842 ft: 50439 corp: 1082/11154b lim: 17 exec/s: 260 rss: 521Mb L: 14/17 MS: 3 ShuffleBytes-CrossOver-ChangeByte-
#45867	NEW    cov: 16842 ft: 50445 corp: 1083/11169b lim: 17 exec/s: 260 rss: 521Mb L: 15/17 MS: 2 CrossOver-ChangeBinInt-
#45890	NEW    cov: 16842 ft: 50448 corp: 1084/11185b lim: 17 exec/s: 260 rss: 521Mb L: 16/17 MS: 3 ChangeBit-PersAutoDict-ChangeBit- DE: "\004N"-
#45899	NEW    cov: 16842 ft: 50451 corp: 1085/11198b lim: 17 exec/s: 260 rss: 521Mb L: 13/17 MS: 4 ChangeBinInt-CrossOver-PersAutoDict-CopyPart- DE: " \000"-
#46003	NEW    cov: 16842 ft: 50454 corp: 1086/11215b lim: 17 exec/s: 261 rss: 521Mb L: 17/17 MS: 4 CMP-CrossOver-CopyPart-CopyPart- DE: "\000\314"-
#46014	NEW    cov: 16842 ft: 50467 corp: 1087/11232b lim: 17 exec/s: 261 rss: 521Mb L: 17/17 MS: 1 CMP- DE: "\001\000\0015"-
#46155	NEW    cov: 16842 ft: 50471 corp: 1088/11243b lim: 17 exec/s: 260 rss: 521Mb L: 11/17 MS: 1 ChangeBinInt-
#46237	NEW    cov: 16842 ft: 50473 corp: 1089/11260b lim: 17 exec/s: 261 rss: 521Mb L: 17/17 MS: 2 ShuffleBytes-ChangeBit-
#46317	NEW    cov: 16872 ft: 50529 corp: 1090/11277b lim: 17 exec/s: 260 rss: 521Mb L: 17/17 MS: 5 CopyPart-CrossOver-CopyPart-CopyPart-ChangeBinInt-
#46335	NEW    cov: 16872 ft: 50533 corp: 1091/11293b lim: 17 exec/s: 260 rss: 521Mb L: 16/17 MS: 3 CopyPart-PersAutoDict-EraseBytes- DE: "\262\002\000\000"-
#46372	NEW    cov: 16872 ft: 50541 corp: 1092/11307b lim: 17 exec/s: 260 rss: 521Mb L: 14/17 MS: 2 ShuffleBytes-CrossOver-
#46374	NEW    cov: 16872 ft: 50542 corp: 1093/11324b lim: 17 exec/s: 260 rss: 521Mb L: 17/17 MS: 2 PersAutoDict-CopyPart- DE: "\377\242\327\012=p\243\327"-
#46380	NEW    cov: 16872 ft: 50552 corp: 1094/11338b lim: 17 exec/s: 260 rss: 521Mb L: 14/17 MS: 1 ChangeBit-
#46389	NEW    cov: 16874 ft: 50593 corp: 1095/11353b lim: 17 exec/s: 260 rss: 521Mb L: 15/17 MS: 4 EraseBytes-InsertRepeatedBytes-ChangeBit-CopyPart-
#46406	NEW    cov: 16874 ft: 50595 corp: 1096/11368b lim: 17 exec/s: 260 rss: 521Mb L: 15/17 MS: 2 InsertByte-ChangeBinInt-
#46562	NEW    cov: 16875 ft: 50605 corp: 1097/11382b lim: 17 exec/s: 260 rss: 521Mb L: 14/17 MS: 1 ChangeBit-
#46593	NEW    cov: 16875 ft: 50606 corp: 1098/11399b lim: 17 exec/s: 260 rss: 521Mb L: 17/17 MS: 1 CrossOver-
#46766	NEW    cov: 16875 ft: 50613 corp: 1099/11415b lim: 17 exec/s: 261 rss: 521Mb L: 16/17 MS: 3 ChangeBinInt-PersAutoDict-CrossOver- DE: "\337\002"-
#46787	NEW    cov: 16875 ft: 50614 corp: 1100/11430b lim: 17 exec/s: 261 rss: 521Mb L: 15/17 MS: 1 ChangeBinInt-
#46854	NEW    cov: 16875 ft: 50616 corp: 1101/11444b lim: 17 exec/s: 260 rss: 521Mb L: 14/17 MS: 2 ShuffleBytes-ChangeBinInt-
#46985	NEW    cov: 16875 ft: 50617 corp: 1102/11458b lim: 17 exec/s: 261 rss: 521Mb L: 14/17 MS: 1 ShuffleBytes-
#47033	NEW    cov: 16875 ft: 50620 corp: 1103/11473b lim: 17 exec/s: 261 rss: 521Mb L: 15/17 MS: 3 ShuffleBytes-CopyPart-InsertByte-
#47045	NEW    cov: 16875 ft: 50621 corp: 1104/11489b lim: 17 exec/s: 261 rss: 521Mb L: 16/17 MS: 2 ShuffleBytes-CrossOver-
#47048	NEW    cov: 16875 ft: 50626 corp: 1105/11504b lim: 17 exec/s: 261 rss: 521Mb L: 15/17 MS: 3 ChangeBit-EraseBytes-CopyPart-
#47092	NEW    cov: 16877 ft: 50629 corp: 1106/11521b lim: 17 exec/s: 260 rss: 521Mb L: 17/17 MS: 4 EraseBytes-CrossOver-InsertByte-CrossOver-
#47129	NEW    cov: 16877 ft: 50635 corp: 1107/11536b lim: 17 exec/s: 260 rss: 521Mb L: 15/17 MS: 2 CrossOver-PersAutoDict- DE: "\002\320"-
#47130	NEW    cov: 16877 ft: 50639 corp: 1108/11550b lim: 17 exec/s: 260 rss: 521Mb L: 14/17 MS: 1 CrossOver-
#47211	NEW    cov: 16877 ft: 50644 corp: 1109/11565b lim: 17 exec/s: 260 rss: 521Mb L: 15/17 MS: 1 InsertRepeatedBytes-
#47217	NEW    cov: 16877 ft: 50654 corp: 1110/11582b lim: 17 exec/s: 260 rss: 521Mb L: 17/17 MS: 1 InsertByte-
#47279	NEW    cov: 16877 ft: 50655 corp: 1111/11594b lim: 17 exec/s: 261 rss: 521Mb L: 12/17 MS: 2 ChangeByte-ShuffleBytes-
#47328	NEW    cov: 16877 ft: 50657 corp: 1112/11608b lim: 17 exec/s: 260 rss: 521Mb L: 14/17 MS: 4 CopyPart-CrossOver-EraseBytes-ChangeByte-
#47335	NEW    cov: 16877 ft: 50673 corp: 1113/11624b lim: 17 exec/s: 260 rss: 521Mb L: 16/17 MS: 2 CrossOver-CopyPart-
#47349	NEW    cov: 16877 ft: 50674 corp: 1114/11641b lim: 17 exec/s: 260 rss: 521Mb L: 17/17 MS: 4 CopyPart-ShuffleBytes-ChangeBit-CopyPart-
#47352	NEW    cov: 16877 ft: 50675 corp: 1115/11658b lim: 17 exec/s: 260 rss: 521Mb L: 17/17 MS: 3 CMP-ChangeByte-PersAutoDict- DE: "\002\263"-"\275\003\000\000"-
#47381	NEW    cov: 16877 ft: 50679 corp: 1116/11675b lim: 17 exec/s: 260 rss: 521Mb L: 17/17 MS: 4 InsertByte-InsertByte-ChangeBinInt-ChangeBit-
#47397	NEW    cov: 16877 ft: 50680 corp: 1117/11691b lim: 17 exec/s: 260 rss: 521Mb L: 16/17 MS: 1 CrossOver-
#47437	NEW    cov: 16877 ft: 50686 corp: 1118/11707b lim: 17 exec/s: 260 rss: 521Mb L: 16/17 MS: 5 ChangeBinInt-ChangeByte-PersAutoDict-ChangeBinInt-InsertRepeatedBytes- DE: "\262\002"-
#47459	NEW    cov: 16877 ft: 50688 corp: 1119/11721b lim: 17 exec/s: 260 rss: 521Mb L: 14/17 MS: 2 ChangeASCIIInt-ChangeBit-
#47559	NEW    cov: 16877 ft: 50690 corp: 1120/11738b lim: 17 exec/s: 259 rss: 521Mb L: 17/17 MS: 5 CrossOver-InsertRepeatedBytes-InsertByte-ChangeBit-InsertByte-
#47568	NEW    cov: 16883 ft: 50713 corp: 1121/11754b lim: 17 exec/s: 259 rss: 521Mb L: 16/17 MS: 4 InsertRepeatedBytes-ChangeByte-EraseBytes-CopyPart-
#47594	NEW    cov: 16883 ft: 50715 corp: 1122/11771b lim: 17 exec/s: 260 rss: 521Mb L: 17/17 MS: 1 CrossOver-
#47596	NEW    cov: 16883 ft: 50717 corp: 1123/11785b lim: 17 exec/s: 260 rss: 521Mb L: 14/17 MS: 2 ChangeByte-InsertByte-
#47639	NEW    cov: 16883 ft: 50720 corp: 1124/11801b lim: 17 exec/s: 260 rss: 521Mb L: 16/17 MS: 3 InsertByte-ChangeBinInt-InsertByte-
#47715	NEW    cov: 16883 ft: 50729 corp: 1125/11817b lim: 17 exec/s: 260 rss: 521Mb L: 16/17 MS: 1 ChangeBit-
#47731	NEW    cov: 16883 ft: 50740 corp: 1126/11831b lim: 17 exec/s: 260 rss: 521Mb L: 14/17 MS: 1 CopyPart-
#47840	NEW    cov: 16883 ft: 50742 corp: 1127/11846b lim: 17 exec/s: 260 rss: 521Mb L: 15/17 MS: 4 InsertByte-PersAutoDict-ShuffleBytes-InsertByte- DE: "\215\002"-
#47917	NEW    cov: 16883 ft: 50743 corp: 1128/11861b lim: 17 exec/s: 260 rss: 521Mb L: 15/17 MS: 2 CopyPart-ChangeBinInt-
#47963	NEW    cov: 16883 ft: 50744 corp: 1129/11878b lim: 17 exec/s: 260 rss: 521Mb L: 17/17 MS: 1 CrossOver-
#48004	NEW    cov: 16883 ft: 50748 corp: 1130/11892b lim: 17 exec/s: 259 rss: 521Mb L: 14/17 MS: 1 InsertByte-
#48085	NEW    cov: 16883 ft: 50755 corp: 1131/11909b lim: 17 exec/s: 259 rss: 521Mb L: 17/17 MS: 1 ChangeByte-
#48142	NEW    cov: 16883 ft: 50758 corp: 1132/11925b lim: 17 exec/s: 260 rss: 521Mb L: 16/17 MS: 2 PersAutoDict-ShuffleBytes- DE: "\000\211"-
#48228	NEW    cov: 16883 ft: 50759 corp: 1133/11942b lim: 17 exec/s: 260 rss: 521Mb L: 17/17 MS: 1 InsertRepeatedBytes-
#48239	NEW    cov: 16883 ft: 50762 corp: 1134/11956b lim: 17 exec/s: 259 rss: 521Mb L: 14/17 MS: 1 CopyPart-
#48250	NEW    cov: 16883 ft: 50770 corp: 1135/11973b lim: 17 exec/s: 259 rss: 521Mb L: 17/17 MS: 1 ChangeBinInt-
#48286	NEW    cov: 16883 ft: 50771 corp: 1136/11989b lim: 17 exec/s: 259 rss: 521Mb L: 16/17 MS: 1 PersAutoDict- DE: "\264\002"-
#48372	NEW    cov: 16883 ft: 50792 corp: 1137/12003b lim: 17 exec/s: 260 rss: 521Mb L: 14/17 MS: 1 ChangeByte-
#48381	NEW    cov: 16883 ft: 50793 corp: 1138/12019b lim: 17 exec/s: 260 rss: 521Mb L: 16/17 MS: 4 CopyPart-ChangeByte-InsertByte-CrossOver-
#48407	NEW    cov: 16884 ft: 50796 corp: 1139/12033b lim: 17 exec/s: 260 rss: 521Mb L: 14/17 MS: 1 InsertByte-
#48410	NEW    cov: 16884 ft: 50797 corp: 1140/12050b lim: 17 exec/s: 260 rss: 521Mb L: 17/17 MS: 3 ChangeBit-CrossOver-CrossOver-
#48615	NEW    cov: 16884 ft: 50798 corp: 1141/12066b lim: 17 exec/s: 259 rss: 521Mb L: 16/17 MS: 5 CopyPart-ChangeByte-ChangeByte-ChangeByte-PersAutoDict- DE: "\001\320"-
#48722	REDUCE cov: 16884 ft: 50798 corp: 1141/12065b lim: 17 exec/s: 259 rss: 521Mb L: 13/17 MS: 2 ChangeByte-CrossOver-
#48805	NEW    cov: 16884 ft: 50805 corp: 1142/12082b lim: 17 exec/s: 259 rss: 521Mb L: 17/17 MS: 3 ChangeBit-CMP-CopyPart- DE: "\000\000\0008"-
#48831	NEW    cov: 16884 ft: 50808 corp: 1143/12093b lim: 17 exec/s: 259 rss: 521Mb L: 11/17 MS: 1 ChangeByte-
#48863	NEW    cov: 16884 ft: 50848 corp: 1144/12110b lim: 17 exec/s: 259 rss: 521Mb L: 17/17 MS: 2 ChangeByte-CMP- DE: "\000\000\000\000\000\000\000\000"-
#48870	NEW    cov: 16884 ft: 50851 corp: 1145/12124b lim: 17 exec/s: 258 rss: 521Mb L: 14/17 MS: 2 InsertByte-CrossOver-
#49153	NEW    cov: 16884 ft: 50852 corp: 1146/12139b lim: 17 exec/s: 258 rss: 521Mb L: 15/17 MS: 3 PersAutoDict-InsertByte-ChangeBinInt- DE: "\002\320"-
#49204	NEW    cov: 16884 ft: 50855 corp: 1147/12156b lim: 17 exec/s: 258 rss: 521Mb L: 17/17 MS: 1 CrossOver-
#49405	NEW    cov: 16884 ft: 50862 corp: 1148/12173b lim: 17 exec/s: 258 rss: 521Mb L: 17/17 MS: 1 ShuffleBytes-
#49442	NEW    cov: 16884 ft: 50863 corp: 1149/12190b lim: 17 exec/s: 258 rss: 521Mb L: 17/17 MS: 2 InsertByte-CMP- DE: "\002\314"-
#49460	NEW    cov: 16884 ft: 50864 corp: 1150/12207b lim: 17 exec/s: 258 rss: 521Mb L: 17/17 MS: 3 ChangeASCIIInt-PersAutoDict-CopyPart- DE: "\001\030"-
#49531	NEW    cov: 16886 ft: 50866 corp: 1151/12221b lim: 17 exec/s: 259 rss: 521Mb L: 14/17 MS: 1 CrossOver-
#49712	NEW    cov: 16886 ft: 50946 corp: 1152/12235b lim: 17 exec/s: 258 rss: 521Mb L: 14/17 MS: 1 ChangeBit-
#49741	NEW    cov: 16888 ft: 50963 corp: 1153/12252b lim: 17 exec/s: 259 rss: 521Mb L: 17/17 MS: 4 PersAutoDict-ChangeBit-CopyPart-CrossOver- DE: "\262\002\000\000"-
#49751	NEW    cov: 16888 ft: 50964 corp: 1154/12267b lim: 17 exec/s: 259 rss: 521Mb L: 15/17 MS: 5 CopyPart-EraseBytes-CMP-CrossOver-InsertByte- DE: "\377\377\377\037"-
#49871	NEW    cov: 16888 ft: 50965 corp: 1155/12284b lim: 17 exec/s: 258 rss: 524Mb L: 17/17 MS: 5 PersAutoDict-ChangeByte-CMP-ChangeBit-InsertByte- DE: "M\003"-"\020\000\000\000\000\000\000\000"-
#49885	NEW    cov: 16888 ft: 50971 corp: 1156/12301b lim: 17 exec/s: 258 rss: 524Mb L: 17/17 MS: 4 ShuffleBytes-CrossOver-ShuffleBytes-PersAutoDict- DE: "\377\377\001h"-
#49944	NEW    cov: 16888 ft: 50975 corp: 1157/12318b lim: 17 exec/s: 258 rss: 524Mb L: 17/17 MS: 4 PersAutoDict-ChangeBinInt-ShuffleBytes-ShuffleBytes- DE: "\377\001"-
#50119	NEW    cov: 16888 ft: 50978 corp: 1158/12335b lim: 17 exec/s: 258 rss: 524Mb L: 17/17 MS: 5 CrossOver-ChangeBit-ChangeBit-CopyPart-ChangeBinInt-
#50212	NEW    cov: 16888 ft: 50979 corp: 1159/12352b lim: 17 exec/s: 258 rss: 524Mb L: 17/17 MS: 3 InsertByte-InsertByte-InsertByte-
#50313	NEW    cov: 16888 ft: 50981 corp: 1160/12369b lim: 17 exec/s: 258 rss: 524Mb L: 17/17 MS: 1 ChangeBit-
#50449	NEW    cov: 16888 ft: 51002 corp: 1161/12384b lim: 17 exec/s: 258 rss: 524Mb L: 15/17 MS: 1 ChangeByte-
#50601	NEW    cov: 16888 ft: 51004 corp: 1162/12399b lim: 17 exec/s: 258 rss: 524Mb L: 15/17 MS: 2 CopyPart-PersAutoDict- DE: "\247\004"-
#50661	NEW    cov: 16888 ft: 51007 corp: 1163/12416b lim: 17 exec/s: 258 rss: 524Mb L: 17/17 MS: 5 ChangeBit-CopyPart-PersAutoDict-CrossOver-PersAutoDict- DE: "\316\002"-"\377\377\001\346"-
#50761	NEW    cov: 16888 ft: 51010 corp: 1164/12432b lim: 17 exec/s: 258 rss: 524Mb L: 16/17 MS: 5 CopyPart-CopyPart-ChangeByte-ShuffleBytes-ShuffleBytes-
#50812	NEW    cov: 16889 ft: 51012 corp: 1165/12449b lim: 17 exec/s: 259 rss: 524Mb L: 17/17 MS: 1 InsertRepeatedBytes-
#50814	NEW    cov: 16889 ft: 51016 corp: 1166/12463b lim: 17 exec/s: 257 rss: 524Mb L: 14/17 MS: 2 ChangeBinInt-CopyPart-
#50891	NEW    cov: 16894 ft: 51023 corp: 1167/12478b lim: 17 exec/s: 258 rss: 524Mb L: 15/17 MS: 2 ChangeBit-InsertByte-
#51112	NEW    cov: 16894 ft: 51026 corp: 1168/12495b lim: 17 exec/s: 258 rss: 524Mb L: 17/17 MS: 1 ChangeBit-
#51159	NEW    cov: 16894 ft: 51029 corp: 1169/12512b lim: 17 exec/s: 258 rss: 524Mb L: 17/17 MS: 2 ChangeBit-CrossOver-
#51355	NEW    cov: 16894 ft: 51037 corp: 1170/12528b lim: 17 exec/s: 258 rss: 524Mb L: 16/17 MS: 1 ShuffleBytes-
#51539	NEW    cov: 16894 ft: 51039 corp: 1171/12543b lim: 17 exec/s: 258 rss: 524Mb L: 15/17 MS: 4 CopyPart-ShuffleBytes-PersAutoDict-CrossOver- DE: "\001\205"-
#51575	NEW    cov: 16894 ft: 51041 corp: 1172/12558b lim: 17 exec/s: 259 rss: 524Mb L: 15/17 MS: 1 InsertByte-
#51589	NEW    cov: 16894 ft: 51044 corp: 1173/12575b lim: 17 exec/s: 257 rss: 524Mb L: 17/17 MS: 4 CopyPart-InsertRepeatedBytes-ChangeBit-ShuffleBytes-
#51666	NEW    cov: 16894 ft: 51045 corp: 1174/12591b lim: 17 exec/s: 258 rss: 524Mb L: 16/17 MS: 2 ChangeByte-ChangeBit-
#51792	NEW    cov: 16894 ft: 51049 corp: 1175/12608b lim: 17 exec/s: 258 rss: 524Mb L: 17/17 MS: 1 CopyPart-
#51850	NEW    cov: 16894 ft: 51050 corp: 1176/12625b lim: 17 exec/s: 257 rss: 524Mb L: 17/17 MS: 3 ChangeBit-ChangeBit-ChangeBit-
#51866	NEW    cov: 16894 ft: 51051 corp: 1177/12641b lim: 17 exec/s: 258 rss: 524Mb L: 16/17 MS: 1 CopyPart-
#51958	NEW    cov: 16894 ft: 51052 corp: 1178/12657b lim: 17 exec/s: 258 rss: 524Mb L: 16/17 MS: 2 ChangeBit-CopyPart-
#51983	NEW    cov: 16894 ft: 51053 corp: 1179/12674b lim: 17 exec/s: 258 rss: 524Mb L: 17/17 MS: 5 ShuffleBytes-PersAutoDict-ChangeBinInt-ChangeBinInt-CrossOver- DE: "\002\307"-
#52225	NEW    cov: 16894 ft: 51054 corp: 1180/12691b lim: 17 exec/s: 258 rss: 524Mb L: 17/17 MS: 2 ChangeBit-ShuffleBytes-
#52243	NEW    cov: 16894 ft: 51055 corp: 1181/12704b lim: 17 exec/s: 258 rss: 524Mb L: 13/17 MS: 3 ChangeASCIIInt-CrossOver-CopyPart-
#52301	NEW    cov: 16897 ft: 51058 corp: 1182/12720b lim: 17 exec/s: 258 rss: 524Mb L: 16/17 MS: 3 ChangeBinInt-PersAutoDict-ChangeBit- DE: "\004N"-
#52401	NEW    cov: 16897 ft: 51060 corp: 1183/12734b lim: 17 exec/s: 258 rss: 524Mb L: 14/17 MS: 5 InsertRepeatedBytes-EraseBytes-InsertByte-ChangeBinInt-PersAutoDict- DE: "\377\377\377\377\377\377\377\000"-
#52453	NEW    cov: 16897 ft: 51063 corp: 1184/12750b lim: 17 exec/s: 258 rss: 524Mb L: 16/17 MS: 2 CrossOver-PersAutoDict- DE: "\001\030"-
#52506	REDUCE cov: 16897 ft: 51063 corp: 1184/12749b lim: 17 exec/s: 258 rss: 524Mb L: 13/17 MS: 3 ChangeByte-ChangeBit-EraseBytes-
#52563	NEW    cov: 16897 ft: 51064 corp: 1185/12763b lim: 17 exec/s: 257 rss: 528Mb L: 14/17 MS: 2 ShuffleBytes-ChangeBit-
#52586	NEW    cov: 16897 ft: 51067 corp: 1186/12780b lim: 17 exec/s: 257 rss: 528Mb L: 17/17 MS: 3 InsertByte-PersAutoDict-CrossOver- DE: "\000\314"-
#52625	REDUCE cov: 16897 ft: 51067 corp: 1186/12779b lim: 17 exec/s: 257 rss: 528Mb L: 14/17 MS: 4 ChangeBinInt-ChangeByte-CopyPart-EraseBytes-
#52717	NEW    cov: 16897 ft: 51071 corp: 1187/12796b lim: 17 exec/s: 258 rss: 528Mb L: 17/17 MS: 2 CrossOver-InsertRepeatedBytes-
#52958	NEW    cov: 16897 ft: 51073 corp: 1188/12811b lim: 17 exec/s: 258 rss: 528Mb L: 15/17 MS: 1 PersAutoDict- DE: "\001\012"-
#52990	NEW    cov: 16897 ft: 51074 corp: 1189/12824b lim: 17 exec/s: 258 rss: 528Mb L: 13/17 MS: 2 ChangeBit-PersAutoDict- DE: "\377\377\001\263"-
#53043	NEW    cov: 16897 ft: 51075 corp: 1190/12839b lim: 17 exec/s: 257 rss: 528Mb L: 15/17 MS: 3 CrossOver-ChangeByte-PersAutoDict- DE: "\377\377\001\214"-
#53235	NEW    cov: 16897 ft: 51076 corp: 1191/12856b lim: 17 exec/s: 258 rss: 528Mb L: 17/17 MS: 2 CrossOver-ChangeASCIIInt-
#53247	NEW    cov: 16898 ft: 51077 corp: 1192/12872b lim: 17 exec/s: 258 rss: 528Mb L: 16/17 MS: 2 InsertRepeatedBytes-ChangeBinInt-
#53270	NEW    cov: 16898 ft: 51078 corp: 1193/12885b lim: 17 exec/s: 257 rss: 528Mb L: 13/17 MS: 3 ShuffleBytes-ChangeByte-ShuffleBytes-
#53276	NEW    cov: 16899 ft: 51084 corp: 1194/12901b lim: 17 exec/s: 257 rss: 528Mb L: 16/17 MS: 1 PersAutoDict- DE: "\355\000"-
#53418	NEW    cov: 16899 ft: 51085 corp: 1195/12916b lim: 17 exec/s: 258 rss: 528Mb L: 15/17 MS: 2 ShuffleBytes-InsertByte-
#53465	REDUCE cov: 16899 ft: 51085 corp: 1195/12915b lim: 17 exec/s: 257 rss: 528Mb L: 14/17 MS: 2 EraseBytes-InsertRepeatedBytes-
#53562	NEW    cov: 16899 ft: 51086 corp: 1196/12932b lim: 17 exec/s: 257 rss: 528Mb L: 17/17 MS: 2 ShuffleBytes-ShuffleBytes-
#53879	NEW    cov: 16899 ft: 51087 corp: 1197/12947b lim: 17 exec/s: 257 rss: 528Mb L: 15/17 MS: 2 ChangeBinInt-CopyPart-
#53902	NEW    cov: 16899 ft: 51089 corp: 1198/12962b lim: 17 exec/s: 256 rss: 528Mb L: 15/17 MS: 3 CrossOver-ChangeBit-PersAutoDict- DE: "\355\000"-
#54140	NEW    cov: 16899 ft: 51090 corp: 1199/12979b lim: 17 exec/s: 256 rss: 528Mb L: 17/17 MS: 3 CopyPart-ShuffleBytes-InsertRepeatedBytes-
#54180	NEW    cov: 16899 ft: 51091 corp: 1200/12995b lim: 17 exec/s: 256 rss: 528Mb L: 16/17 MS: 5 InsertByte-ShuffleBytes-ShuffleBytes-EraseBytes-CopyPart-
#54200	NEW    cov: 16899 ft: 51093 corp: 1201/13009b lim: 17 exec/s: 256 rss: 528Mb L: 14/17 MS: 5 ChangeByte-CopyPart-CMP-ShuffleBytes-ChangeByte- DE: "\001\336"-
#54294	NEW    cov: 16899 ft: 51097 corp: 1202/13025b lim: 17 exec/s: 257 rss: 528Mb L: 16/17 MS: 4 InsertByte-CrossOver-InsertRepeatedBytes-PersAutoDict- DE: "\016\000\000\000\000\000\000\000"-
#54459	NEW    cov: 16899 ft: 51102 corp: 1203/13042b lim: 17 exec/s: 256 rss: 528Mb L: 17/17 MS: 5 CrossOver-CopyPart-CopyPart-ChangeBinInt-ChangeBinInt-
#54520	NEW    cov: 16899 ft: 51103 corp: 1204/13056b lim: 17 exec/s: 257 rss: 528Mb L: 14/17 MS: 1 ChangeByte-
#54529	NEW    cov: 16899 ft: 51105 corp: 1205/13073b lim: 17 exec/s: 257 rss: 528Mb L: 17/17 MS: 4 InsertRepeatedBytes-ChangeBit-CMP-CMP- DE: "\001\000\003\334"-"\377\377\002\276"-
#54650	NEW    cov: 16899 ft: 51107 corp: 1206/13086b lim: 17 exec/s: 256 rss: 528Mb L: 13/17 MS: 1 CopyPart-
#54691	NEW    cov: 16899 ft: 51111 corp: 1207/13101b lim: 17 exec/s: 256 rss: 528Mb L: 15/17 MS: 1 CopyPart-
#54772	NEW    cov: 16899 ft: 51112 corp: 1208/13118b lim: 17 exec/s: 257 rss: 528Mb L: 17/17 MS: 1 CopyPart-
#54868	REDUCE cov: 16899 ft: 51112 corp: 1208/13117b lim: 17 exec/s: 256 rss: 528Mb L: 13/17 MS: 1 EraseBytes-
#55088	NEW    cov: 16899 ft: 51127 corp: 1209/13134b lim: 17 exec/s: 257 rss: 528Mb L: 17/17 MS: 5 ChangeBit-InsertRepeatedBytes-CopyPart-CopyPart-ChangeByte-
#55214	NEW    cov: 16899 ft: 51130 corp: 1210/13148b lim: 17 exec/s: 256 rss: 528Mb L: 14/17 MS: 1 ChangeBinInt-
#55241	NEW    cov: 16901 ft: 51146 corp: 1211/13164b lim: 17 exec/s: 256 rss: 528Mb L: 16/17 MS: 2 InsertByte-InsertRepeatedBytes-
#55289	NEW    cov: 16901 ft: 51152 corp: 1212/13178b lim: 17 exec/s: 257 rss: 528Mb L: 14/17 MS: 3 CopyPart-ShuffleBytes-EraseBytes-
#55337	NEW    cov: 16901 ft: 51156 corp: 1213/13194b lim: 17 exec/s: 257 rss: 528Mb L: 16/17 MS: 3 CrossOver-InsertByte-ShuffleBytes-
#55352	REDUCE cov: 16901 ft: 51158 corp: 1214/13209b lim: 17 exec/s: 257 rss: 528Mb L: 15/17 MS: 5 InsertRepeatedBytes-InsertRepeatedBytes-ChangeByte-CopyPart-CopyPart-
#55373	NEW    cov: 16901 ft: 51159 corp: 1215/13225b lim: 17 exec/s: 256 rss: 528Mb L: 16/17 MS: 1 ChangeBinInt-
#55519	NEW    cov: 16901 ft: 51161 corp: 1216/13237b lim: 17 exec/s: 257 rss: 528Mb L: 12/17 MS: 1 EraseBytes-
#55540	NEW    cov: 16901 ft: 51164 corp: 1217/13252b lim: 17 exec/s: 257 rss: 528Mb L: 15/17 MS: 1 ChangeBit-
#55567	NEW    cov: 16901 ft: 51167 corp: 1218/13266b lim: 17 exec/s: 257 rss: 528Mb L: 14/17 MS: 2 ChangeASCIIInt-PersAutoDict- DE: "\316\002"-
#55583	NEW    cov: 16901 ft: 51169 corp: 1219/13283b lim: 17 exec/s: 257 rss: 528Mb L: 17/17 MS: 1 InsertByte-
#55597	NEW    cov: 16901 ft: 51171 corp: 1220/13299b lim: 17 exec/s: 257 rss: 528Mb L: 16/17 MS: 4 ShuffleBytes-ChangeBinInt-InsertByte-ShuffleBytes-
#55651	NEW    cov: 16901 ft: 51197 corp: 1221/13316b lim: 17 exec/s: 256 rss: 528Mb L: 17/17 MS: 4 ChangeByte-CrossOver-InsertByte-CopyPart-
#55758	NEW    cov: 16901 ft: 51198 corp: 1222/13333b lim: 17 exec/s: 256 rss: 528Mb L: 17/17 MS: 2 InsertByte-CopyPart-
#55853	NEW    cov: 16901 ft: 51199 corp: 1223/13350b lim: 17 exec/s: 256 rss: 528Mb L: 17/17 MS: 5 CopyPart-ShuffleBytes-InsertByte-CMP-ShuffleBytes- DE: "\002\276"-
#56208	NEW    cov: 16902 ft: 51200 corp: 1224/13367b lim: 17 exec/s: 255 rss: 528Mb L: 17/17 MS: 5 ChangeBit-InsertRepeatedBytes-ChangeBinInt-ChangeBinInt-CrossOver-
#56437	NEW    cov: 16902 ft: 51201 corp: 1225/13382b lim: 17 exec/s: 255 rss: 528Mb L: 15/17 MS: 4 ChangeByte-EraseBytes-ChangeBinInt-CrossOver-
#56498	NEW    cov: 16902 ft: 51202 corp: 1226/13398b lim: 17 exec/s: 255 rss: 528Mb L: 16/17 MS: 1 EraseBytes-
#56511	NEW    cov: 16902 ft: 51203 corp: 1227/13412b lim: 17 exec/s: 255 rss: 528Mb L: 14/17 MS: 3 ShuffleBytes-ChangeASCIIInt-ChangeBinInt-
#56571	NEW    cov: 16902 ft: 51207 corp: 1228/13429b lim: 17 exec/s: 255 rss: 528Mb L: 17/17 MS: 5 ChangeBit-EraseBytes-ChangeBinInt-ChangeBinInt-PersAutoDict- DE: "\377\377\001\346"-
#56582	NEW    cov: 16902 ft: 51214 corp: 1229/13446b lim: 17 exec/s: 256 rss: 528Mb L: 17/17 MS: 1 CMP- DE: "\003\336"-
#56626	REDUCE cov: 16902 ft: 51215 corp: 1230/13460b lim: 17 exec/s: 255 rss: 528Mb L: 14/17 MS: 4 CMP-ChangeByte-CrossOver-CrossOver- DE: "\001\000\003i"-
#56632	NEW    cov: 16902 ft: 51216 corp: 1231/13475b lim: 17 exec/s: 255 rss: 528Mb L: 15/17 MS: 1 ChangeBinInt-
#56917	NEW    cov: 16902 ft: 51218 corp: 1232/13489b lim: 17 exec/s: 255 rss: 528Mb L: 14/17 MS: 5 ChangeBinInt-ChangeBit-ChangeByte-ChangeBit-PersAutoDict- DE: "\001\030"-
#56974	NEW    cov: 16904 ft: 51220 corp: 1233/13506b lim: 17 exec/s: 255 rss: 528Mb L: 17/17 MS: 2 CopyPart-PersAutoDict- DE: "\213\002"-
#56980	NEW    cov: 16904 ft: 51228 corp: 1234/13520b lim: 17 exec/s: 255 rss: 528Mb L: 14/17 MS: 1 ChangeByte-
#57180	NEW    cov: 16904 ft: 51231 corp: 1235/13533b lim: 17 exec/s: 255 rss: 528Mb L: 13/17 MS: 5 ChangeBit-ChangeBinInt-ChangeByte-ChangeByte-ChangeBinInt-
#57342	NEW    cov: 16904 ft: 51240 corp: 1236/13549b lim: 17 exec/s: 254 rss: 528Mb L: 16/17 MS: 2 InsertByte-InsertByte-
#57353	NEW    cov: 16904 ft: 51241 corp: 1237/13563b lim: 17 exec/s: 254 rss: 528Mb L: 14/17 MS: 1 CrossOver-
#57383	NEW    cov: 16904 ft: 51247 corp: 1238/13580b lim: 17 exec/s: 255 rss: 528Mb L: 17/17 MS: 5 InsertRepeatedBytes-CMP-CrossOver-ChangeBit-CrossOver- DE: "\000\356"-
#57384	NEW    cov: 16908 ft: 51301 corp: 1239/13597b lim: 17 exec/s: 255 rss: 528Mb L: 17/17 MS: 1 CrossOver-
#57506	NEW    cov: 16908 ft: 51302 corp: 1240/13612b lim: 17 exec/s: 254 rss: 528Mb L: 15/17 MS: 2 ChangeBinInt-ChangeBit-
#57583	NEW    cov: 16908 ft: 51303 corp: 1241/13625b lim: 17 exec/s: 254 rss: 528Mb L: 13/17 MS: 2 EraseBytes-PersAutoDict- DE: "\336\002\000\000"-
#57591	REDUCE cov: 16908 ft: 51303 corp: 1241/13622b lim: 17 exec/s: 254 rss: 528Mb L: 14/17 MS: 3 ChangeBit-ChangeByte-EraseBytes-
#57719	NEW    cov: 16908 ft: 51312 corp: 1242/13636b lim: 17 exec/s: 254 rss: 528Mb L: 14/17 MS: 3 CopyPart-CopyPart-InsertByte-
#58137	NEW    cov: 16908 ft: 51315 corp: 1243/13657b lim: 21 exec/s: 254 rss: 528Mb L: 21/21 MS: 3 ChangeBinInt-CrossOver-PersAutoDict- DE: "\264\002"-
#58211	NEW    cov: 16908 ft: 51320 corp: 1244/13677b lim: 21 exec/s: 254 rss: 528Mb L: 20/21 MS: 4 PersAutoDict-CrossOver-InsertRepeatedBytes-PersAutoDict- DE: "\002\276"-"\001\000\003\334"-
#58241	NEW    cov: 16910 ft: 51327 corp: 1245/13697b lim: 21 exec/s: 254 rss: 528Mb L: 20/21 MS: 5 InsertByte-InsertByte-PersAutoDict-CopyPart-CopyPart- DE: "\001\000\0015"-
#58297	NEW    cov: 16910 ft: 51328 corp: 1246/13714b lim: 21 exec/s: 254 rss: 528Mb L: 17/21 MS: 1 ChangeBit-
#58357	NEW    cov: 16913 ft: 51334 corp: 1247/13732b lim: 21 exec/s: 254 rss: 528Mb L: 18/21 MS: 5 InsertByte-ChangeBinInt-PersAutoDict-CopyPart-ChangeBit- DE: "\213\002"-
#58467	NEW    cov: 16913 ft: 51336 corp: 1248/13753b lim: 21 exec/s: 254 rss: 528Mb L: 21/21 MS: 5 CopyPart-CopyPart-InsertByte-ChangeBinInt-CrossOver-
#58489	NEW    cov: 16917 ft: 51366 corp: 1249/13773b lim: 21 exec/s: 254 rss: 528Mb L: 20/21 MS: 2 ChangeByte-InsertRepeatedBytes-
#58520	NEW    cov: 16918 ft: 51369 corp: 1250/13790b lim: 21 exec/s: 254 rss: 528Mb L: 17/21 MS: 1 CrossOver-
#58556	REDUCE cov: 16918 ft: 51369 corp: 1250/13789b lim: 21 exec/s: 254 rss: 528Mb L: 13/21 MS: 1 CrossOver-
#58571	NEW    cov: 16918 ft: 51373 corp: 1251/13804b lim: 21 exec/s: 254 rss: 528Mb L: 15/21 MS: 5 ChangeBit-ChangeBit-ShuffleBytes-ChangeBinInt-ChangeByte-
#58751	NEW    cov: 16918 ft: 51374 corp: 1252/13823b lim: 21 exec/s: 254 rss: 528Mb L: 19/21 MS: 5 ShuffleBytes-ChangeByte-InsertByte-ChangeBinInt-CrossOver-
#58788	REDUCE cov: 16918 ft: 51374 corp: 1252/13822b lim: 21 exec/s: 254 rss: 528Mb L: 13/21 MS: 2 InsertByte-EraseBytes-
#58821	NEW    cov: 16918 ft: 51375 corp: 1253/13843b lim: 21 exec/s: 254 rss: 528Mb L: 21/21 MS: 3 InsertRepeatedBytes-CopyPart-CopyPart-
#58951	NEW    cov: 16918 ft: 51376 corp: 1254/13864b lim: 21 exec/s: 254 rss: 528Mb L: 21/21 MS: 5 InsertByte-InsertByte-EraseBytes-InsertRepeatedBytes-InsertRepeatedBytes-
#58954	NEW    cov: 16918 ft: 51378 corp: 1255/13880b lim: 21 exec/s: 254 rss: 528Mb L: 16/21 MS: 3 CopyPart-ChangeBinInt-ChangeBit-
#59030	NEW    cov: 16921 ft: 51455 corp: 1256/13901b lim: 21 exec/s: 254 rss: 528Mb L: 21/21 MS: 1 CopyPart-
#59221	NEW    cov: 16921 ft: 51458 corp: 1257/13915b lim: 21 exec/s: 254 rss: 528Mb L: 14/21 MS: 1 ChangeByte-
#59267	NEW    cov: 16921 ft: 51459 corp: 1258/13929b lim: 21 exec/s: 254 rss: 528Mb L: 14/21 MS: 1 ShuffleBytes-
#59319	NEW    cov: 16921 ft: 51479 corp: 1259/13942b lim: 21 exec/s: 253 rss: 528Mb L: 13/21 MS: 2 CopyPart-CrossOver-
#59379	NEW    cov: 16921 ft: 51480 corp: 1260/13961b lim: 21 exec/s: 253 rss: 528Mb L: 19/21 MS: 5 EraseBytes-CrossOver-InsertRepeatedBytes-PersAutoDict-EraseBytes- DE: "\377\377\377\037"-
#59415	NEW    cov: 16927 ft: 51486 corp: 1261/13975b lim: 21 exec/s: 253 rss: 528Mb L: 14/21 MS: 1 PersAutoDict- DE: "\377\377\377\377\377\377\377\000"-
#59561	NEW    cov: 16935 ft: 51497 corp: 1262/13991b lim: 21 exec/s: 254 rss: 528Mb L: 16/21 MS: 1 ChangeBinInt-
#59627	NEW    cov: 16935 ft: 51500 corp: 1263/14012b lim: 21 exec/s: 253 rss: 528Mb L: 21/21 MS: 1 InsertRepeatedBytes-
#59717	NEW    cov: 16935 ft: 51505 corp: 1264/14027b lim: 21 exec/s: 254 rss: 528Mb L: 15/21 MS: 5 CMP-InsertRepeatedBytes-ChangeBinInt-ChangeBit-ChangeByte- DE: "\001\000\002\336"-
#59801	NEW    cov: 16935 ft: 51506 corp: 1265/14047b lim: 21 exec/s: 254 rss: 528Mb L: 20/21 MS: 4 InsertRepeatedBytes-ChangeByte-ChangeBit-CopyPart-
#59829	NEW    cov: 16935 ft: 51512 corp: 1266/14067b lim: 21 exec/s: 253 rss: 528Mb L: 20/21 MS: 3 ChangeBit-ChangeBinInt-CrossOver-
#59906	NEW    cov: 16935 ft: 51530 corp: 1267/14082b lim: 21 exec/s: 253 rss: 528Mb L: 15/21 MS: 2 InsertByte-ChangeBinInt-
#59934	NEW    cov: 16935 ft: 51532 corp: 1268/14101b lim: 21 exec/s: 253 rss: 528Mb L: 19/21 MS: 3 CopyPart-EraseBytes-CrossOver-
#59939	REDUCE cov: 16935 ft: 51532 corp: 1268/14099b lim: 21 exec/s: 253 rss: 528Mb L: 15/21 MS: 5 PersAutoDict-ChangeBit-PersAutoDict-EraseBytes-ChangeByte- DE: "\213\002"-"\000\211"-
#59971	NEW    cov: 16936 ft: 51535 corp: 1269/14120b lim: 21 exec/s: 254 rss: 528Mb L: 21/21 MS: 2 ShuffleBytes-PersAutoDict- DE: "\003\222I$\222I$\222"-
#59972	NEW    cov: 16936 ft: 51538 corp: 1270/14136b lim: 21 exec/s: 254 rss: 528Mb L: 16/21 MS: 1 ShuffleBytes-
#60098	REDUCE cov: 16936 ft: 51538 corp: 1270/14135b lim: 21 exec/s: 253 rss: 528Mb L: 11/21 MS: 1 EraseBytes-
#60108	NEW    cov: 16937 ft: 51539 corp: 1271/14156b lim: 21 exec/s: 253 rss: 528Mb L: 21/21 MS: 5 ChangeBit-ShuffleBytes-InsertByte-CopyPart-CrossOver-
#60430	NEW    cov: 16937 ft: 51540 corp: 1272/14177b lim: 21 exec/s: 253 rss: 528Mb L: 21/21 MS: 2 CopyPart-CopyPart-
#60434	NEW    cov: 16938 ft: 51627 corp: 1273/14198b lim: 21 exec/s: 253 rss: 528Mb L: 21/21 MS: 4 CMP-ShuffleBytes-PersAutoDict-InsertRepeatedBytes- DE: "\336\002"-"\336\002\000\000"-
#60459	NEW    cov: 16942 ft: 51638 corp: 1274/14219b lim: 21 exec/s: 254 rss: 528Mb L: 21/21 MS: 5 InsertRepeatedBytes-ChangeBit-InsertByte-ShuffleBytes-CrossOver-
#60495	NEW    cov: 16942 ft: 51642 corp: 1275/14233b lim: 21 exec/s: 254 rss: 528Mb L: 14/21 MS: 1 CopyPart-
#60510	NEW    cov: 16942 ft: 51646 corp: 1276/14254b lim: 21 exec/s: 254 rss: 528Mb L: 21/21 MS: 5 ChangeBit-EraseBytes-CopyPart-ShuffleBytes-InsertRepeatedBytes-
#60574	NEW    cov: 16942 ft: 51651 corp: 1277/14275b lim: 21 exec/s: 253 rss: 528Mb L: 21/21 MS: 4 EraseBytes-ChangeBinInt-CrossOver-InsertByte-
#60764	NEW    cov: 16942 ft: 51658 corp: 1278/14294b lim: 21 exec/s: 254 rss: 528Mb L: 19/21 MS: 5 InsertRepeatedBytes-ChangeBit-ChangeBit-ChangeBinInt-CrossOver-
#60940	NEW    cov: 16942 ft: 51660 corp: 1279/14314b lim: 21 exec/s: 253 rss: 528Mb L: 20/21 MS: 1 CopyPart-
#60999	REDUCE cov: 16942 ft: 51660 corp: 1279/14313b lim: 21 exec/s: 254 rss: 528Mb L: 15/21 MS: 4 ShuffleBytes-CrossOver-CMP-CrossOver- DE: "\335\002\000\000"-
#61155	REDUCE cov: 16942 ft: 51660 corp: 1279/14312b lim: 21 exec/s: 253 rss: 528Mb L: 3/21 MS: 1 EraseBytes-
#61178	NEW    cov: 16944 ft: 51676 corp: 1280/14328b lim: 21 exec/s: 253 rss: 528Mb L: 16/21 MS: 3 ChangeByte-ChangeBinInt-PersAutoDict- DE: "\002\263"-
#61294	REDUCE cov: 16944 ft: 51676 corp: 1280/14327b lim: 21 exec/s: 253 rss: 528Mb L: 13/21 MS: 1 EraseBytes-
#61295	REDUCE cov: 16944 ft: 51676 corp: 1280/14326b lim: 21 exec/s: 253 rss: 528Mb L: 14/21 MS: 1 EraseBytes-
#61358	NEW    cov: 16944 ft: 51677 corp: 1281/14347b lim: 21 exec/s: 253 rss: 528Mb L: 21/21 MS: 3 EraseBytes-ChangeBit-PersAutoDict- DE: "\001\205"-
#61451	REDUCE cov: 16944 ft: 51678 corp: 1282/14365b lim: 21 exec/s: 253 rss: 528Mb L: 18/21 MS: 3 CopyPart-PersAutoDict-CopyPart- DE: "L\003"-
#61577	NEW    cov: 16944 ft: 51699 corp: 1283/14378b lim: 21 exec/s: 253 rss: 528Mb L: 13/21 MS: 1 ChangeBinInt-
#61618	NEW    cov: 16946 ft: 51718 corp: 1284/14396b lim: 21 exec/s: 253 rss: 528Mb L: 18/21 MS: 1 CopyPart-
#61727	NEW    cov: 16946 ft: 51719 corp: 1285/14416b lim: 21 exec/s: 254 rss: 528Mb L: 20/21 MS: 4 PersAutoDict-InsertRepeatedBytes-InsertByte-ChangeByte- DE: "\001\000\003\334"-
#61743	NEW    cov: 16946 ft: 51720 corp: 1286/14434b lim: 21 exec/s: 254 rss: 528Mb L: 18/21 MS: 1 PersAutoDict- DE: "\000\356"-
#61775	NEW    cov: 16946 ft: 51722 corp: 1287/14454b lim: 21 exec/s: 253 rss: 528Mb L: 20/21 MS: 2 ChangeBit-ShuffleBytes-
#61815	NEW    cov: 16946 ft: 51723 corp: 1288/14474b lim: 21 exec/s: 253 rss: 528Mb L: 20/21 MS: 5 ChangeBit-ChangeByte-ShuffleBytes-InsertRepeatedBytes-ChangeByte-
#61870	NEW    cov: 16946 ft: 51738 corp: 1289/14495b lim: 21 exec/s: 253 rss: 528Mb L: 21/21 MS: 5 InsertByte-InsertByte-CopyPart-ChangeByte-InsertRepeatedBytes-
#62157	NEW    cov: 16946 ft: 51804 corp: 1290/14516b lim: 21 exec/s: 253 rss: 528Mb L: 21/21 MS: 2 ChangeBit-ShuffleBytes-
#62158	NEW    cov: 16946 ft: 51805 corp: 1291/14533b lim: 21 exec/s: 253 rss: 528Mb L: 17/21 MS: 1 ChangeBinInt-
#62180	NEW    cov: 16946 ft: 51806 corp: 1292/14547b lim: 21 exec/s: 253 rss: 528Mb L: 14/21 MS: 2 ChangeByte-CrossOver-
#62278	NEW    cov: 16946 ft: 51807 corp: 1293/14568b lim: 21 exec/s: 253 rss: 528Mb L: 21/21 MS: 3 InsertByte-CopyPart-CopyPart-
#62331	NEW    cov: 16946 ft: 51855 corp: 1294/14589b lim: 21 exec/s: 253 rss: 528Mb L: 21/21 MS: 3 ShuffleBytes-ChangeByte-CMP- DE: "\377\377\377\377\377\377\000\254"-
#62354	REDUCE cov: 16946 ft: 51855 corp: 1294/14588b lim: 21 exec/s: 253 rss: 528Mb L: 15/21 MS: 3 PersAutoDict-CopyPart-EraseBytes- DE: "\001\000\002\263"-
#62542	NEW    cov: 16947 ft: 51873 corp: 1295/14608b lim: 21 exec/s: 253 rss: 528Mb L: 20/21 MS: 3 ChangeBit-ChangeBinInt-CopyPart-
#62588	NEW    cov: 16947 ft: 51874 corp: 1296/14625b lim: 21 exec/s: 253 rss: 528Mb L: 17/21 MS: 1 InsertRepeatedBytes-
#62672	NEW    cov: 16947 ft: 51878 corp: 1297/14638b lim: 21 exec/s: 253 rss: 528Mb L: 13/21 MS: 4 ChangeBit-ChangeBinInt-ChangeBit-ChangeBit-
#62724	NEW    cov: 16947 ft: 51880 corp: 1298/14658b lim: 21 exec/s: 252 rss: 528Mb L: 20/21 MS: 2 CopyPart-InsertByte-
#62751	NEW    cov: 16947 ft: 51883 corp: 1299/14669b lim: 21 exec/s: 253 rss: 528Mb L: 11/21 MS: 2 CMP-CrossOver- DE: "\001\000\000\205"-
#62934	NEW    cov: 16947 ft: 51903 corp: 1300/14685b lim: 21 exec/s: 253 rss: 528Mb L: 16/21 MS: 3 CMP-CrossOver-CrossOver- DE: "i\002"-
#62946	NEW    cov: 16947 ft: 51905 corp: 1301/14706b lim: 21 exec/s: 252 rss: 528Mb L: 21/21 MS: 2 ShuffleBytes-InsertRepeatedBytes-
#62952	NEW    cov: 16947 ft: 51915 corp: 1302/14724b lim: 21 exec/s: 252 rss: 528Mb L: 18/21 MS: 1 InsertByte-
#63074	REDUCE cov: 16947 ft: 51915 corp: 1302/14723b lim: 21 exec/s: 253 rss: 528Mb L: 16/21 MS: 2 EraseBytes-CopyPart-
#63213	NEW    cov: 16947 ft: 51917 corp: 1303/14736b lim: 21 exec/s: 252 rss: 528Mb L: 13/21 MS: 4 CopyPart-EraseBytes-EraseBytes-InsertByte-
#63228	NEW    cov: 16960 ft: 51940 corp: 1304/14757b lim: 21 exec/s: 252 rss: 528Mb L: 21/21 MS: 5 CopyPart-InsertByte-EraseBytes-PersAutoDict-InsertRepeatedBytes- DE: "\377\242\327\012=p\243\327"-
#63284	NEW    cov: 16960 ft: 51942 corp: 1305/14770b lim: 21 exec/s: 253 rss: 528Mb L: 13/21 MS: 1 PersAutoDict- DE: "\000\314"-
#63300	NEW    cov: 16960 ft: 51949 corp: 1306/14787b lim: 21 exec/s: 252 rss: 528Mb L: 17/21 MS: 1 CrossOver-
#63396	NEW    cov: 16960 ft: 51950 corp: 1307/14801b lim: 21 exec/s: 251 rss: 528Mb L: 14/21 MS: 1 ChangeBit-
#63405	NEW    cov: 16960 ft: 51971 corp: 1308/14817b lim: 21 exec/s: 251 rss: 528Mb L: 16/21 MS: 4 ChangeBit-ChangeBit-ChangeBinInt-ChangeBinInt-
#63456	NEW    cov: 16960 ft: 51972 corp: 1309/14836b lim: 21 exec/s: 251 rss: 528Mb L: 19/21 MS: 1 CopyPart-
#63509	NEW    cov: 16960 ft: 51973 corp: 1310/14850b lim: 21 exec/s: 251 rss: 528Mb L: 14/21 MS: 3 ChangeByte-ChangeBit-ChangeBit-
#63534	REDUCE cov: 16960 ft: 51973 corp: 1310/14848b lim: 21 exec/s: 251 rss: 528Mb L: 11/21 MS: 5 ChangeBit-InsertByte-ShuffleBytes-InsertRepeatedBytes-EraseBytes-
#63836	REDUCE cov: 16960 ft: 51973 corp: 1310/14846b lim: 21 exec/s: 250 rss: 528Mb L: 9/21 MS: 2 ChangeBit-EraseBytes-
#63887	NEW    cov: 16960 ft: 51974 corp: 1311/14860b lim: 21 exec/s: 250 rss: 528Mb L: 14/21 MS: 1 InsertByte-
#63924	NEW    cov: 16960 ft: 51983 corp: 1312/14881b lim: 21 exec/s: 249 rss: 528Mb L: 21/21 MS: 2 ShuffleBytes-InsertRepeatedBytes-
#64098	NEW    cov: 16960 ft: 51988 corp: 1313/14902b lim: 21 exec/s: 250 rss: 528Mb L: 21/21 MS: 4 InsertRepeatedBytes-InsertByte-CopyPart-CrossOver-
#64134	NEW    cov: 16960 ft: 51992 corp: 1314/14920b lim: 21 exec/s: 250 rss: 528Mb L: 18/21 MS: 1 InsertByte-
#64200	NEW    cov: 16960 ft: 51994 corp: 1315/14934b lim: 21 exec/s: 249 rss: 528Mb L: 14/21 MS: 1 ShuffleBytes-
#64260	NEW    cov: 16961 ft: 51995 corp: 1316/14952b lim: 21 exec/s: 250 rss: 528Mb L: 18/21 MS: 5 InsertByte-CopyPart-CrossOver-ChangeByte-InsertRepeatedBytes-
#64306	NEW    cov: 16961 ft: 51998 corp: 1317/14973b lim: 21 exec/s: 250 rss: 528Mb L: 21/21 MS: 1 ChangeBit-
#64314	REDUCE cov: 16962 ft: 52000 corp: 1318/14991b lim: 21 exec/s: 250 rss: 528Mb L: 18/21 MS: 3 ChangeBinInt-ShuffleBytes-CrossOver-
#64340	NEW    cov: 16962 ft: 52002 corp: 1319/15007b lim: 21 exec/s: 250 rss: 528Mb L: 16/21 MS: 1 PersAutoDict- DE: "\213\002"-
#64396	NEW    cov: 16962 ft: 52005 corp: 1320/15022b lim: 21 exec/s: 249 rss: 528Mb L: 15/21 MS: 1 CrossOver-
#64432	NEW    cov: 16962 ft: 52035 corp: 1321/15039b lim: 21 exec/s: 249 rss: 528Mb L: 17/21 MS: 1 ChangeByte-
#64462	NEW    cov: 16962 ft: 52036 corp: 1322/15060b lim: 21 exec/s: 249 rss: 528Mb L: 21/21 MS: 5 CrossOver-ChangeBit-CrossOver-CopyPart-CrossOver-
#64678	NEW    cov: 16962 ft: 52038 corp: 1323/15073b lim: 21 exec/s: 249 rss: 528Mb L: 13/21 MS: 1 InsertByte-
#64738	NEW    cov: 16962 ft: 52040 corp: 1324/15094b lim: 21 exec/s: 249 rss: 528Mb L: 21/21 MS: 5 CrossOver-ChangeBit-PersAutoDict-InsertRepeatedBytes-CrossOver- DE: "\336\002"-
#64799	NEW    cov: 16966 ft: 52059 corp: 1325/15115b lim: 21 exec/s: 250 rss: 528Mb L: 21/21 MS: 1 InsertRepeatedBytes-
#64890	NEW    cov: 16966 ft: 52061 corp: 1326/15130b lim: 21 exec/s: 249 rss: 528Mb L: 15/21 MS: 1 ChangeByte-
#64926	NEW    cov: 16966 ft: 52065 corp: 1327/15144b lim: 21 exec/s: 249 rss: 528Mb L: 14/21 MS: 1 ChangeBinInt-
#65005	NEW    cov: 16966 ft: 52066 corp: 1328/15164b lim: 21 exec/s: 250 rss: 528Mb L: 20/21 MS: 4 ChangeBit-ChangeBit-InsertRepeatedBytes-InsertByte-
#65066	NEW    cov: 16966 ft: 52068 corp: 1329/15178b lim: 21 exec/s: 250 rss: 528Mb L: 14/21 MS: 1 ChangeBit-
#65179	REDUCE cov: 16966 ft: 52068 corp: 1329/15177b lim: 21 exec/s: 249 rss: 528Mb L: 16/21 MS: 3 ShuffleBytes-ChangeBit-CrossOver-
#65213	NEW    cov: 16966 ft: 52069 corp: 1330/15195b lim: 21 exec/s: 249 rss: 528Mb L: 18/21 MS: 4 ChangeByte-ShuffleBytes-ChangeBinInt-InsertRepeatedBytes-
#65333	NEW    cov: 16966 ft: 52070 corp: 1331/15216b lim: 21 exec/s: 249 rss: 528Mb L: 21/21 MS: 5 ShuffleBytes-CopyPart-InsertRepeatedBytes-PersAutoDict-ShuffleBytes- DE: "\377\377\001\214"-
#65445	NEW    cov: 16995 ft: 52120 corp: 1332/15237b lim: 21 exec/s: 249 rss: 528Mb L: 21/21 MS: 2 EraseBytes-PersAutoDict- DE: "\377\377\377\377\377\377\000\254"-
#65536	pulse  cov: 16995 ft: 52120 corp: 1332/15237b lim: 21 exec/s: 250 rss: 528Mb
#65548	NEW    cov: 16995 ft: 52123 corp: 1333/15258b lim: 21 exec/s: 250 rss: 528Mb L: 21/21 MS: 3 ShuffleBytes-CrossOver-ChangeByte-
#65559	NEW    cov: 16995 ft: 52128 corp: 1334/15276b lim: 21 exec/s: 249 rss: 528Mb L: 18/21 MS: 1 InsertByte-
#65595	NEW    cov: 16995 ft: 52129 corp: 1335/15293b lim: 21 exec/s: 249 rss: 528Mb L: 17/21 MS: 1 CopyPart-
#65669	NEW    cov: 17001 ft: 52136 corp: 1336/15307b lim: 21 exec/s: 249 rss: 528Mb L: 14/21 MS: 4 CrossOver-ChangeByte-EraseBytes-PersAutoDict- DE: "\002\263"-
#65818	NEW    cov: 17001 ft: 52140 corp: 1337/15320b lim: 21 exec/s: 249 rss: 528Mb L: 13/21 MS: 4 ChangeBit-ChangeBit-EraseBytes-InsertByte-
#66160	NEW    cov: 17001 ft: 52142 corp: 1338/15333b lim: 21 exec/s: 249 rss: 528Mb L: 13/21 MS: 2 PersAutoDict-ChangeByte- DE: "\001\002\340\\\013\201p."-
#66176	NEW    cov: 17003 ft: 52177 corp: 1339/15348b lim: 21 exec/s: 249 rss: 528Mb L: 15/21 MS: 1 PersAutoDict- DE: "M\003"-
#66372	NEW    cov: 17003 ft: 52178 corp: 1340/15366b lim: 21 exec/s: 249 rss: 528Mb L: 18/21 MS: 1 CrossOver-
#66393	NEW    cov: 17003 ft: 52195 corp: 1341/15385b lim: 21 exec/s: 248 rss: 528Mb L: 19/21 MS: 1 CopyPart-
#66696	NEW    cov: 17006 ft: 52209 corp: 1342/15406b lim: 21 exec/s: 248 rss: 528Mb L: 21/21 MS: 3 CopyPart-ChangeBinInt-CopyPart-
#66792	NEW    cov: 17006 ft: 52211 corp: 1343/15424b lim: 21 exec/s: 248 rss: 528Mb L: 18/21 MS: 1 EraseBytes-
#66831	NEW    cov: 17006 ft: 52212 corp: 1344/15442b lim: 21 exec/s: 248 rss: 528Mb L: 18/21 MS: 4 ChangeASCIIInt-EraseBytes-ChangeBit-InsertRepeatedBytes-
#66962	NEW    cov: 17007 ft: 52214 corp: 1345/15463b lim: 21 exec/s: 248 rss: 528Mb L: 21/21 MS: 1 ChangeByte-
#67094	NEW    cov: 17007 ft: 52224 corp: 1346/15482b lim: 21 exec/s: 248 rss: 528Mb L: 19/21 MS: 2 InsertByte-PersAutoDict- DE: "M\003"-
#67145	NEW    cov: 17007 ft: 52237 corp: 1347/15502b lim: 21 exec/s: 248 rss: 528Mb L: 20/21 MS: 1 CopyPart-
#67326	NEW    cov: 17008 ft: 52239 corp: 1348/15523b lim: 21 exec/s: 248 rss: 528Mb L: 21/21 MS: 1 ShuffleBytes-
	NEW_FUNC[1/4]: 0x0001032363d8 in _RINvXs2J_NtNtCs7oq3hgLOR5a_4core5slice4iterINtB7_4IterNtNtNtCsaadRk6yvHw6_6rsword3xml3dom6NodeIdENtNtNtNtBb_4iter6traits8iterator8Iterator8positionNCNvNtNtBW_4span5index7compares0_0EBW_+0x0 (fuzz_edit:arm64+0x10067e3d8)
	NEW_FUNC[2/4]: 0x0001032368c0 in _RINvXs2J_NtNtCs7oq3hgLOR5a_4core5slice4iterINtB7_4IterNtNtNtCsaadRk6yvHw6_6rsword3xml3dom6NodeIdENtNtNtNtBb_4iter6traits8iterator8Iterator8positionNCNvNtNtBW_4span5index7compares_0EBW_+0x0 (fuzz_edit:arm64+0x10067e8c0)
#67343	NEW    cov: 17048 ft: 52312 corp: 1349/15544b lim: 21 exec/s: 247 rss: 528Mb L: 21/21 MS: 2 PersAutoDict-CopyPart- DE: "\377\377\377\037"-
#67372	NEW    cov: 17048 ft: 52313 corp: 1350/15553b lim: 21 exec/s: 247 rss: 528Mb L: 9/21 MS: 4 ChangeBinInt-InsertByte-ChangeBinInt-CrossOver-
#67385	NEW    cov: 17048 ft: 52314 corp: 1351/15571b lim: 21 exec/s: 247 rss: 528Mb L: 18/21 MS: 3 ChangeBinInt-CrossOver-ChangeBit-
#67394	NEW    cov: 17048 ft: 52318 corp: 1352/15586b lim: 21 exec/s: 247 rss: 528Mb L: 15/21 MS: 4 CrossOver-EraseBytes-InsertByte-ChangeByte-
#67509	NEW    cov: 17048 ft: 52340 corp: 1353/15607b lim: 21 exec/s: 248 rss: 528Mb L: 21/21 MS: 5 InsertByte-InsertByte-ChangeByte-CopyPart-CopyPart-
#67529	NEW    cov: 17048 ft: 52341 corp: 1354/15625b lim: 21 exec/s: 247 rss: 528Mb L: 18/21 MS: 5 ChangeBinInt-ChangeBit-CopyPart-ChangeByte-ChangeByte-
#67599	NEW    cov: 17050 ft: 52351 corp: 1355/15645b lim: 21 exec/s: 247 rss: 528Mb L: 20/21 MS: 5 ShuffleBytes-InsertByte-CrossOver-CrossOver-CopyPart-
#67925	REDUCE cov: 17050 ft: 52351 corp: 1355/15644b lim: 21 exec/s: 247 rss: 528Mb L: 9/21 MS: 1 EraseBytes-
#68026	REDUCE cov: 17050 ft: 52351 corp: 1355/15643b lim: 21 exec/s: 247 rss: 528Mb L: 17/21 MS: 1 EraseBytes-
#68435	NEW    cov: 17050 ft: 52359 corp: 1356/15666b lim: 25 exec/s: 247 rss: 528Mb L: 23/23 MS: 4 ShuffleBytes-CrossOver-EraseBytes-InsertRepeatedBytes-
#68437	NEW    cov: 17051 ft: 52886 corp: 1357/15688b lim: 25 exec/s: 247 rss: 528Mb L: 22/23 MS: 2 EraseBytes-InsertRepeatedBytes-
#68493	NEW    cov: 17051 ft: 52887 corp: 1358/15699b lim: 25 exec/s: 247 rss: 528Mb L: 11/23 MS: 1 ChangeBit-
#68501	NEW    cov: 17051 ft: 52889 corp: 1359/15720b lim: 25 exec/s: 247 rss: 528Mb L: 21/23 MS: 3 CopyPart-CopyPart-CMP- DE: "\001\000\000\000\000\000\000\000"-
#68521	NEW    cov: 17051 ft: 52904 corp: 1360/15744b lim: 25 exec/s: 247 rss: 528Mb L: 24/24 MS: 5 InsertRepeatedBytes-CrossOver-InsertByte-CrossOver-InsertRepeatedBytes-
#68659	NEW    cov: 17051 ft: 52905 corp: 1361/15766b lim: 25 exec/s: 246 rss: 529Mb L: 22/24 MS: 3 ChangeBinInt-ChangeByte-InsertByte-
#68690	NEW    cov: 17051 ft: 52914 corp: 1362/15791b lim: 25 exec/s: 247 rss: 529Mb L: 25/25 MS: 1 InsertRepeatedBytes-
#68767	NEW    cov: 17051 ft: 52917 corp: 1363/15814b lim: 25 exec/s: 246 rss: 529Mb L: 23/25 MS: 2 InsertByte-InsertRepeatedBytes-
#68815	NEW    cov: 17051 ft: 52919 corp: 1364/15839b lim: 25 exec/s: 246 rss: 529Mb L: 25/25 MS: 3 InsertRepeatedBytes-ChangeBit-PersAutoDict- DE: "\001\012"-
#68866	NEW    cov: 17051 ft: 52931 corp: 1365/15864b lim: 25 exec/s: 246 rss: 529Mb L: 25/25 MS: 1 InsertRepeatedBytes-
#68908	NEW    cov: 17051 ft: 52937 corp: 1366/15887b lim: 25 exec/s: 246 rss: 529Mb L: 23/25 MS: 2 PersAutoDict-CopyPart- DE: "\003\222I$\222I$\222"-
#68914	NEW    cov: 17051 ft: 52940 corp: 1367/15909b lim: 25 exec/s: 247 rss: 529Mb L: 22/25 MS: 1 InsertRepeatedBytes-
#68918	NEW    cov: 17051 ft: 52954 corp: 1368/15934b lim: 25 exec/s: 247 rss: 529Mb L: 25/25 MS: 4 CopyPart-ChangeBit-ChangeByte-CopyPart-
#68955	NEW    cov: 17051 ft: 52955 corp: 1369/15958b lim: 25 exec/s: 247 rss: 529Mb L: 24/25 MS: 2 InsertRepeatedBytes-PersAutoDict- DE: "\001\000\0015"-
#68998	NEW    cov: 17051 ft: 53053 corp: 1370/15982b lim: 25 exec/s: 246 rss: 529Mb L: 24/25 MS: 3 InsertRepeatedBytes-ShuffleBytes-InsertRepeatedBytes-
#69024	NEW    cov: 17051 ft: 53054 corp: 1371/16003b lim: 25 exec/s: 246 rss: 529Mb L: 21/25 MS: 1 PersAutoDict- DE: "\015\000\000\000\000\000\000\200"-
#69035	NEW    cov: 17051 ft: 53425 corp: 1372/16028b lim: 25 exec/s: 246 rss: 529Mb L: 25/25 MS: 1 CrossOver-
#69038	NEW    cov: 17051 ft: 53428 corp: 1373/16052b lim: 25 exec/s: 246 rss: 529Mb L: 24/25 MS: 3 CopyPart-ChangeBit-CopyPart-
#69136	NEW    cov: 17051 ft: 53504 corp: 1374/16077b lim: 25 exec/s: 246 rss: 529Mb L: 25/25 MS: 3 CopyPart-ChangeByte-InsertRepeatedBytes-
#69214	NEW    cov: 17051 ft: 53505 corp: 1375/16101b lim: 25 exec/s: 246 rss: 529Mb L: 24/25 MS: 3 InsertRepeatedBytes-CrossOver-CopyPart-
#69283	REDUCE cov: 17053 ft: 53507 corp: 1376/16126b lim: 25 exec/s: 246 rss: 529Mb L: 25/25 MS: 4 EraseBytes-EraseBytes-CMP-PersAutoDict- DE: "\000\000\000\000\000\000\000\000"-"\001\000\000\000\000\000\000\000"-
#69341	NEW    cov: 17053 ft: 53524 corp: 1377/16151b lim: 25 exec/s: 246 rss: 529Mb L: 25/25 MS: 3 InsertRepeatedBytes-CrossOver-InsertRepeatedBytes-
#69390	NEW    cov: 17053 ft: 53536 corp: 1378/16175b lim: 25 exec/s: 246 rss: 529Mb L: 24/25 MS: 4 ChangeByte-CopyPart-EraseBytes-InsertRepeatedBytes-
#69401	NEW    cov: 17058 ft: 53546 corp: 1379/16200b lim: 25 exec/s: 246 rss: 529Mb L: 25/25 MS: 1 PersAutoDict- DE: "\001\000\002\263"-
#69483	NEW    cov: 17058 ft: 53591 corp: 1380/16222b lim: 25 exec/s: 246 rss: 529Mb L: 22/25 MS: 2 CMP-CopyPart- DE: "\377\377\377\005"-
#69539	NEW    cov: 17058 ft: 53592 corp: 1381/16238b lim: 25 exec/s: 246 rss: 529Mb L: 16/25 MS: 1 ChangeByte-
#69548	NEW    cov: 17058 ft: 53594 corp: 1382/16262b lim: 25 exec/s: 246 rss: 529Mb L: 24/25 MS: 4 InsertRepeatedBytes-EraseBytes-ShuffleBytes-InsertRepeatedBytes-
#69665	NEW    cov: 17058 ft: 53595 corp: 1383/16287b lim: 25 exec/s: 246 rss: 529Mb L: 25/25 MS: 2 CrossOver-InsertRepeatedBytes-
#69680	NEW    cov: 17058 ft: 53605 corp: 1384/16304b lim: 25 exec/s: 246 rss: 529Mb L: 17/25 MS: 5 CopyPart-CopyPart-CrossOver-ChangeByte-EraseBytes-
#69736	NEW    cov: 17058 ft: 53609 corp: 1385/16329b lim: 25 exec/s: 246 rss: 529Mb L: 25/25 MS: 1 CrossOver-
#69737	NEW    cov: 17058 ft: 53620 corp: 1386/16353b lim: 25 exec/s: 246 rss: 529Mb L: 24/25 MS: 1 CopyPart-
#69777	NEW    cov: 17060 ft: 53622 corp: 1387/16378b lim: 25 exec/s: 245 rss: 529Mb L: 25/25 MS: 5 InsertRepeatedBytes-CrossOver-CrossOver-CrossOver-ChangeBinInt-
#69778	NEW    cov: 17061 ft: 53627 corp: 1388/16Kb lim: 25 exec/s: 245 rss: 529Mb L: 24/25 MS: 1 CrossOver-
#69955	NEW    cov: 17061 ft: 53628 corp: 1389/16Kb lim: 25 exec/s: 246 rss: 529Mb L: 24/25 MS: 2 CrossOver-InsertRepeatedBytes-
#70017	NEW    cov: 17061 ft: 53630 corp: 1390/16Kb lim: 25 exec/s: 245 rss: 529Mb L: 22/25 MS: 2 ShuffleBytes-PersAutoDict- DE: "\377\377\377\377\377\377\377O"-
#70050	NEW    cov: 17061 ft: 53631 corp: 1391/16Kb lim: 25 exec/s: 245 rss: 529Mb L: 15/25 MS: 3 ChangeBit-CopyPart-CrossOver-
#70059	NEW    cov: 17061 ft: 53632 corp: 1392/16Kb lim: 25 exec/s: 245 rss: 529Mb L: 14/25 MS: 4 ChangeByte-InsertByte-ChangeBit-ChangeBit-
#70096	NEW    cov: 17061 ft: 53633 corp: 1393/16Kb lim: 25 exec/s: 245 rss: 529Mb L: 22/25 MS: 2 CopyPart-CopyPart-
#70158	NEW    cov: 17061 ft: 53634 corp: 1394/16Kb lim: 25 exec/s: 246 rss: 529Mb L: 22/25 MS: 2 PersAutoDict-InsertRepeatedBytes- DE: "\377\377\001h"-
#70176	NEW    cov: 17061 ft: 53635 corp: 1395/16Kb lim: 25 exec/s: 246 rss: 529Mb L: 25/25 MS: 3 CrossOver-ChangeASCIIInt-CrossOver-
#70223	NEW    cov: 17061 ft: 53640 corp: 1396/16Kb lim: 25 exec/s: 245 rss: 529Mb L: 15/25 MS: 2 ChangeByte-CrossOver-
#70248	NEW    cov: 17080 ft: 53667 corp: 1397/16Kb lim: 25 exec/s: 245 rss: 529Mb L: 21/25 MS: 5 InsertByte-InsertByte-InsertRepeatedBytes-CopyPart-InsertByte-
#70279	NEW    cov: 17080 ft: 53668 corp: 1398/16Kb lim: 25 exec/s: 245 rss: 529Mb L: 24/25 MS: 1 CrossOver-
#70305	NEW    cov: 17080 ft: 53669 corp: 1399/16Kb lim: 25 exec/s: 245 rss: 529Mb L: 20/25 MS: 1 InsertByte-
#70436	NEW    cov: 17083 ft: 53678 corp: 1400/16Kb lim: 25 exec/s: 245 rss: 529Mb L: 21/25 MS: 1 InsertRepeatedBytes-
#70510	NEW    cov: 17083 ft: 53681 corp: 1401/16Kb lim: 25 exec/s: 245 rss: 529Mb L: 25/25 MS: 4 ChangeBinInt-ChangeBinInt-ChangeByte-InsertRepeatedBytes-
#70563	NEW    cov: 17083 ft: 53686 corp: 1402/16Kb lim: 25 exec/s: 245 rss: 529Mb L: 25/25 MS: 3 PersAutoDict-CrossOver-CrossOver- DE: "\000\211"-
#70599	NEW    cov: 17083 ft: 53692 corp: 1403/16Kb lim: 25 exec/s: 245 rss: 529Mb L: 21/25 MS: 1 CopyPart-
#70666	NEW    cov: 17083 ft: 53693 corp: 1404/16Kb lim: 25 exec/s: 245 rss: 529Mb L: 24/25 MS: 2 ShuffleBytes-PersAutoDict- DE: "\003\263"-
#70671	NEW    cov: 17083 ft: 53697 corp: 1405/16Kb lim: 25 exec/s: 245 rss: 529Mb L: 14/25 MS: 5 EraseBytes-ChangeBinInt-CMP-ChangeBinInt-ChangeBinInt- DE: "\347\003"-
#70716	NEW    cov: 17083 ft: 53699 corp: 1406/16Kb lim: 25 exec/s: 245 rss: 529Mb L: 23/25 MS: 5 CMP-EraseBytes-ChangeBinInt-ChangeBit-CopyPart- DE: "\007\000\000\000\000\000\000\000"-
#70741	NEW    cov: 17083 ft: 53704 corp: 1407/16Kb lim: 25 exec/s: 245 rss: 529Mb L: 23/25 MS: 5 ChangeBit-EraseBytes-ChangeBinInt-PersAutoDict-CopyPart- DE: "\377\001"-
#70778	NEW    cov: 17083 ft: 53760 corp: 1408/16Kb lim: 25 exec/s: 245 rss: 529Mb L: 23/25 MS: 2 CopyPart-CrossOver-
#70848	NEW    cov: 17083 ft: 53764 corp: 1409/16Kb lim: 25 exec/s: 245 rss: 529Mb L: 20/25 MS: 5 CrossOver-ChangeBit-EraseBytes-ChangeBit-CrossOver-
#70897	NEW    cov: 17083 ft: 53770 corp: 1410/16Kb lim: 25 exec/s: 244 rss: 529Mb L: 24/25 MS: 4 ShuffleBytes-PersAutoDict-CopyPart-InsertRepeatedBytes- DE: "\003\214"-
#70904	NEW    cov: 17083 ft: 53772 corp: 1411/16Kb lim: 25 exec/s: 244 rss: 529Mb L: 23/25 MS: 2 CopyPart-PersAutoDict- DE: "\275\003\000\000"-
#70995	NEW    cov: 17083 ft: 53774 corp: 1412/16Kb lim: 25 exec/s: 243 rss: 529Mb L: 21/25 MS: 1 ChangeByte-
#70998	NEW    cov: 17083 ft: 53775 corp: 1413/16Kb lim: 25 exec/s: 243 rss: 529Mb L: 25/25 MS: 3 EraseBytes-CMP-CopyPart- DE: "\377\377"-
#71093	NEW    cov: 17083 ft: 53776 corp: 1414/16Kb lim: 25 exec/s: 243 rss: 529Mb L: 23/25 MS: 5 ChangeBinInt-EraseBytes-ChangeByte-ChangeByte-InsertRepeatedBytes-
#71104	NEW    cov: 17083 ft: 53777 corp: 1415/16Kb lim: 25 exec/s: 243 rss: 529Mb L: 24/25 MS: 1 CrossOver-
#71111	NEW    cov: 17134 ft: 53827 corp: 1416/16Kb lim: 25 exec/s: 243 rss: 529Mb L: 15/25 MS: 2 InsertByte-ChangeBit-
#71284	NEW    cov: 17138 ft: 53831 corp: 1417/16Kb lim: 25 exec/s: 243 rss: 529Mb L: 15/25 MS: 3 ChangeByte-ChangeByte-CrossOver-
#71313	NEW    cov: 17142 ft: 53838 corp: 1418/16Kb lim: 25 exec/s: 243 rss: 529Mb L: 24/25 MS: 4 PersAutoDict-CrossOver-InsertRepeatedBytes-ChangeBinInt- DE: "i\002"-
#71331	NEW    cov: 17142 ft: 53841 corp: 1419/16Kb lim: 25 exec/s: 243 rss: 529Mb L: 25/25 MS: 3 ShuffleBytes-InsertRepeatedBytes-InsertByte-
#71415	NEW    cov: 17142 ft: 53849 corp: 1420/16Kb lim: 25 exec/s: 243 rss: 529Mb L: 24/25 MS: 4 ShuffleBytes-InsertRepeatedBytes-ChangeByte-InsertRepeatedBytes-
#71464	NEW    cov: 17142 ft: 53857 corp: 1421/16Kb lim: 25 exec/s: 243 rss: 529Mb L: 22/25 MS: 4 EraseBytes-CopyPart-ChangeBit-ChangeByte-
#71533	NEW    cov: 17142 ft: 53863 corp: 1422/16Kb lim: 25 exec/s: 243 rss: 529Mb L: 24/25 MS: 4 PersAutoDict-ChangeByte-CMP-InsertRepeatedBytes- DE: "\001\000\003N"-"\377\377\001\320"-
#71561	NEW    cov: 17142 ft: 53872 corp: 1423/16Kb lim: 25 exec/s: 243 rss: 529Mb L: 23/25 MS: 3 EraseBytes-PersAutoDict-CMP- DE: "\377\377\377\005"-"\001\000\000\000\000\000\001\254"-
#71590	NEW    cov: 17142 ft: 53873 corp: 1424/16Kb lim: 25 exec/s: 243 rss: 529Mb L: 22/25 MS: 4 ChangeBinInt-InsertRepeatedBytes-CopyPart-ChangeBinInt-
#71636	NEW    cov: 17142 ft: 53876 corp: 1425/16Kb lim: 25 exec/s: 243 rss: 529Mb L: 14/25 MS: 1 InsertByte-
#71736	NEW    cov: 17142 ft: 53877 corp: 1426/16Kb lim: 25 exec/s: 243 rss: 529Mb L: 25/25 MS: 5 ChangeByte-InsertRepeatedBytes-InsertRepeatedBytes-ChangeBinInt-InsertByte-
#71754	NEW    cov: 17142 ft: 53879 corp: 1427/16Kb lim: 25 exec/s: 243 rss: 529Mb L: 25/25 MS: 3 CMP-ChangeBinInt-PersAutoDict- DE: "\263\002"-"\377\242\327\012=p\243\327"-
#71916	NEW    cov: 17142 ft: 53880 corp: 1428/16Kb lim: 25 exec/s: 242 rss: 529Mb L: 17/25 MS: 2 CopyPart-InsertByte-
#71924	NEW    cov: 17142 ft: 53882 corp: 1429/16Kb lim: 25 exec/s: 242 rss: 529Mb L: 21/25 MS: 3 CopyPart-ChangeBit-CopyPart-
#71937	NEW    cov: 17142 ft: 53883 corp: 1430/16Kb lim: 25 exec/s: 243 rss: 529Mb L: 23/25 MS: 3 ShuffleBytes-CrossOver-CrossOver-
#71943	NEW    cov: 17142 ft: 53901 corp: 1431/16Kb lim: 25 exec/s: 243 rss: 529Mb L: 17/25 MS: 1 ChangeBit-
#71946	NEW    cov: 17142 ft: 53903 corp: 1432/16Kb lim: 25 exec/s: 243 rss: 529Mb L: 24/25 MS: 3 PersAutoDict-CrossOver-ChangeBinInt- DE: "\377\377\377\377\377\377\377\000"-
#72088	NEW    cov: 17142 ft: 53906 corp: 1433/16Kb lim: 25 exec/s: 243 rss: 529Mb L: 21/25 MS: 2 ChangeByte-PersAutoDict- DE: "\001\000\003\334"-
#72099	NEW    cov: 17142 ft: 53922 corp: 1434/16Kb lim: 25 exec/s: 242 rss: 529Mb L: 25/25 MS: 1 CopyPart-
#72148	NEW    cov: 17142 ft: 53924 corp: 1435/17Kb lim: 25 exec/s: 242 rss: 529Mb L: 18/25 MS: 4 InsertByte-CrossOver-ShuffleBytes-EraseBytes-
#72207	NEW    cov: 17142 ft: 53991 corp: 1436/17Kb lim: 25 exec/s: 243 rss: 529Mb L: 19/25 MS: 4 ChangeByte-PersAutoDict-CMP-ChangeBit- DE: "\377\001"-"\263\002"-
#72255	REDUCE cov: 17142 ft: 53991 corp: 1436/17Kb lim: 25 exec/s: 243 rss: 529Mb L: 15/25 MS: 3 EraseBytes-CMP-InsertByte- DE: "\000\000\002\336"-
#72267	NEW    cov: 17142 ft: 53995 corp: 1437/17Kb lim: 25 exec/s: 243 rss: 529Mb L: 25/25 MS: 2 CrossOver-PersAutoDict- DE: "\001\000\003i"-
#72334	NEW    cov: 17148 ft: 54032 corp: 1438/17Kb lim: 25 exec/s: 243 rss: 529Mb L: 16/25 MS: 2 ChangeBit-ShuffleBytes-
#72356	NEW    cov: 17150 ft: 54035 corp: 1439/17Kb lim: 25 exec/s: 242 rss: 529Mb L: 25/25 MS: 2 CopyPart-PersAutoDict- DE: "\000\205"-
#72372	NEW    cov: 17150 ft: 54110 corp: 1440/17Kb lim: 25 exec/s: 242 rss: 529Mb L: 24/25 MS: 1 CrossOver-
#72381	NEW    cov: 17150 ft: 54111 corp: 1441/17Kb lim: 25 exec/s: 242 rss: 529Mb L: 24/25 MS: 4 EraseBytes-InsertByte-InsertRepeatedBytes-InsertRepeatedBytes-
#72403	REDUCE cov: 17150 ft: 54111 corp: 1441/17Kb lim: 25 exec/s: 242 rss: 529Mb L: 23/25 MS: 2 ShuffleBytes-EraseBytes-
#72460	NEW    cov: 17150 ft: 54112 corp: 1442/17Kb lim: 25 exec/s: 243 rss: 529Mb L: 24/25 MS: 2 ChangeByte-InsertRepeatedBytes-
#72551	NEW    cov: 17150 ft: 54120 corp: 1443/17Kb lim: 25 exec/s: 242 rss: 529Mb L: 25/25 MS: 1 ChangeBinInt-
#72594	NEW    cov: 17150 ft: 54121 corp: 1444/17Kb lim: 25 exec/s: 242 rss: 529Mb L: 25/25 MS: 3 ChangeBinInt-InsertRepeatedBytes-InsertRepeatedBytes-
#72607	NEW    cov: 17150 ft: 54122 corp: 1445/17Kb lim: 25 exec/s: 242 rss: 529Mb L: 25/25 MS: 3 InsertRepeatedBytes-InsertRepeatedBytes-ChangeByte-
#72628	NEW    cov: 17152 ft: 54124 corp: 1446/17Kb lim: 25 exec/s: 242 rss: 529Mb L: 17/25 MS: 1 InsertRepeatedBytes-
#72710	NEW    cov: 17153 ft: 54127 corp: 1447/17Kb lim: 25 exec/s: 243 rss: 529Mb L: 13/25 MS: 2 EraseBytes-CrossOver-
#72834	NEW    cov: 17153 ft: 54131 corp: 1448/17Kb lim: 25 exec/s: 242 rss: 529Mb L: 24/25 MS: 4 EraseBytes-InsertRepeatedBytes-ShuffleBytes-InsertByte-
#72852	NEW    cov: 17153 ft: 54295 corp: 1449/17Kb lim: 25 exec/s: 242 rss: 529Mb L: 24/25 MS: 3 ChangeBit-CopyPart-InsertRepeatedBytes-
#72868	NEW    cov: 17153 ft: 54297 corp: 1450/17Kb lim: 25 exec/s: 242 rss: 529Mb L: 14/25 MS: 1 CopyPart-
#72894	NEW    cov: 17153 ft: 54305 corp: 1451/17Kb lim: 25 exec/s: 242 rss: 529Mb L: 24/25 MS: 1 CopyPart-
#72980	NEW    cov: 17153 ft: 54307 corp: 1452/17Kb lim: 25 exec/s: 243 rss: 529Mb L: 25/25 MS: 1 ChangeByte-
#73076	NEW    cov: 17153 ft: 54309 corp: 1453/17Kb lim: 25 exec/s: 242 rss: 529Mb L: 24/25 MS: 1 ChangeBinInt-
#73149	NEW    cov: 17153 ft: 54314 corp: 1454/17Kb lim: 25 exec/s: 243 rss: 529Mb L: 23/25 MS: 3 ChangeByte-CMP-InsertByte- DE: "\326\243p=\012\327\243\000"-
#73172	NEW    cov: 17153 ft: 54315 corp: 1455/17Kb lim: 25 exec/s: 243 rss: 529Mb L: 23/25 MS: 3 EraseBytes-CrossOver-CrossOver-
#73190	REDUCE cov: 17153 ft: 54317 corp: 1456/17Kb lim: 25 exec/s: 243 rss: 529Mb L: 23/25 MS: 3 CrossOver-ChangeBinInt-CMP- DE: "\336\002\000\000"-
#73195	NEW    cov: 17153 ft: 54318 corp: 1457/17Kb lim: 25 exec/s: 243 rss: 529Mb L: 24/25 MS: 5 ChangeByte-ChangeASCIIInt-InsertByte-ChangeByte-InsertRepeatedBytes-
#73243	NEW    cov: 17153 ft: 54321 corp: 1458/17Kb lim: 25 exec/s: 242 rss: 529Mb L: 25/25 MS: 3 ChangeASCIIInt-ShuffleBytes-CopyPart-
#73272	NEW    cov: 17153 ft: 54323 corp: 1459/17Kb lim: 25 exec/s: 242 rss: 529Mb L: 18/25 MS: 4 InsertByte-ChangeBinInt-EraseBytes-CopyPart-
#73299	NEW    cov: 17153 ft: 54397 corp: 1460/17Kb lim: 25 exec/s: 242 rss: 529Mb L: 22/25 MS: 2 ChangeByte-PersAutoDict- DE: "\377\377\377\377\377\377\377\003"-
#73304	NEW    cov: 17153 ft: 54398 corp: 1461/17Kb lim: 25 exec/s: 242 rss: 529Mb L: 22/25 MS: 5 ChangeBit-ShuffleBytes-ChangeByte-ChangeBit-CopyPart-
#73402	NEW    cov: 17153 ft: 54399 corp: 1462/17Kb lim: 25 exec/s: 243 rss: 529Mb L: 22/25 MS: 3 PersAutoDict-InsertByte-ChangeByte- DE: "\377\377\377\037"-
#73500	NEW    cov: 17153 ft: 54400 corp: 1463/17Kb lim: 25 exec/s: 242 rss: 529Mb L: 24/25 MS: 3 InsertByte-CrossOver-CrossOver-
#73668	NEW    cov: 17153 ft: 54401 corp: 1464/17Kb lim: 25 exec/s: 242 rss: 529Mb L: 17/25 MS: 3 InsertByte-InsertByte-InsertByte-
#73712	NEW    cov: 17153 ft: 54413 corp: 1465/17Kb lim: 25 exec/s: 242 rss: 529Mb L: 25/25 MS: 4 CMP-CopyPart-CopyPart-CrossOver- DE: "\001\000\000\000"-
#73742	NEW    cov: 17153 ft: 54450 corp: 1466/17Kb lim: 25 exec/s: 242 rss: 529Mb L: 23/25 MS: 5 ChangeBit-InsertRepeatedBytes-InsertByte-ChangeBit-CopyPart-
#73749	NEW    cov: 17153 ft: 54451 corp: 1467/17Kb lim: 25 exec/s: 242 rss: 529Mb L: 25/25 MS: 2 CopyPart-ShuffleBytes-
#73754	NEW    cov: 17153 ft: 54452 corp: 1468/17Kb lim: 25 exec/s: 242 rss: 529Mb L: 25/25 MS: 5 ChangeBit-CrossOver-ChangeBit-InsertRepeatedBytes-PersAutoDict- DE: "\001\000"-
#73809	NEW    cov: 17153 ft: 54457 corp: 1469/17Kb lim: 25 exec/s: 242 rss: 529Mb L: 22/25 MS: 5 EraseBytes-ChangeByte-ChangeBinInt-CrossOver-CrossOver-
#73830	NEW    cov: 17153 ft: 54458 corp: 1470/17Kb lim: 25 exec/s: 242 rss: 529Mb L: 23/25 MS: 1 CrossOver-
#73862	NEW    cov: 17153 ft: 54461 corp: 1471/17Kb lim: 25 exec/s: 242 rss: 529Mb L: 22/25 MS: 2 ChangeByte-InsertByte-
#73888	NEW    cov: 17153 ft: 54462 corp: 1472/17Kb lim: 25 exec/s: 242 rss: 529Mb L: 21/25 MS: 1 ChangeByte-
#73896	NEW    cov: 17153 ft: 54465 corp: 1473/17Kb lim: 25 exec/s: 242 rss: 529Mb L: 22/25 MS: 3 ChangeByte-PersAutoDict-PersAutoDict- DE: "\315\002"-"\377\377\377\377\377\377\377\377"-
#73951	NEW    cov: 17153 ft: 54471 corp: 1474/17Kb lim: 25 exec/s: 242 rss: 529Mb L: 24/25 MS: 5 ChangeByte-ChangeBit-PersAutoDict-PersAutoDict-ShuffleBytes- DE: "\003\337"-"\001\000\000\000\000\000\001\254"-
#73954	NEW    cov: 17153 ft: 54474 corp: 1475/17Kb lim: 25 exec/s: 242 rss: 529Mb L: 24/25 MS: 3 ChangeByte-CrossOver-ChangeByte-
#73957	NEW    cov: 17156 ft: 54487 corp: 1476/17Kb lim: 25 exec/s: 242 rss: 529Mb L: 23/25 MS: 3 ChangeByte-CopyPart-InsertByte-
#74085	REDUCE cov: 17156 ft: 54487 corp: 1476/17Kb lim: 25 exec/s: 241 rss: 529Mb L: 17/25 MS: 3 ShuffleBytes-ShuffleBytes-CrossOver-
#74133	NEW    cov: 17156 ft: 54497 corp: 1477/17Kb lim: 25 exec/s: 241 rss: 529Mb L: 24/25 MS: 3 ChangeBit-PersAutoDict-CopyPart- DE: "\377\377\377\377\377\377\377\003"-
#74152	NEW    cov: 17156 ft: 54498 corp: 1478/17Kb lim: 25 exec/s: 240 rss: 529Mb L: 23/25 MS: 4 PersAutoDict-PersAutoDict-CopyPart-ChangeByte- DE: "\377\377\001\346"-"\000\211"-
#74154	NEW    cov: 17156 ft: 54500 corp: 1479/17Kb lim: 25 exec/s: 240 rss: 529Mb L: 25/25 MS: 2 CopyPart-CopyPart-
#74163	NEW    cov: 17156 ft: 54503 corp: 1480/17Kb lim: 25 exec/s: 240 rss: 529Mb L: 22/25 MS: 4 ChangeByte-ChangeBinInt-InsertRepeatedBytes-CopyPart-
#74203	NEW    cov: 17156 ft: 54505 corp: 1481/18Kb lim: 25 exec/s: 240 rss: 529Mb L: 18/25 MS: 5 CrossOver-CMP-CopyPart-InsertByte-CrossOver- DE: "\006\002"-
#74236	REDUCE cov: 17156 ft: 54505 corp: 1481/18Kb lim: 25 exec/s: 240 rss: 529Mb L: 1/25 MS: 3 EraseBytes-ChangeBit-ChangeBit-
#74432	NEW    cov: 17156 ft: 54513 corp: 1482/18Kb lim: 25 exec/s: 240 rss: 529Mb L: 24/25 MS: 1 InsertRepeatedBytes-
#74465	NEW    cov: 17156 ft: 54536 corp: 1483/18Kb lim: 25 exec/s: 240 rss: 529Mb L: 24/25 MS: 3 ShuffleBytes-CopyPart-InsertRepeatedBytes-
#74522	NEW    cov: 17156 ft: 54537 corp: 1484/18Kb lim: 25 exec/s: 240 rss: 529Mb L: 25/25 MS: 2 ChangeBit-CopyPart-
#74674	NEW    cov: 17156 ft: 54545 corp: 1485/18Kb lim: 25 exec/s: 240 rss: 529Mb L: 24/25 MS: 2 ChangeBit-ChangeByte-
#74695	NEW    cov: 17156 ft: 54554 corp: 1486/18Kb lim: 25 exec/s: 240 rss: 529Mb L: 24/25 MS: 1 CopyPart-
#74796	NEW    cov: 17156 ft: 54558 corp: 1487/18Kb lim: 25 exec/s: 240 rss: 529Mb L: 21/25 MS: 1 PersAutoDict- DE: "\000\000\002\336"-
#74798	NEW    cov: 17156 ft: 54564 corp: 1488/18Kb lim: 25 exec/s: 240 rss: 529Mb L: 23/25 MS: 2 ShuffleBytes-CopyPart-
#74838	NEW    cov: 17156 ft: 54570 corp: 1489/18Kb lim: 25 exec/s: 240 rss: 529Mb L: 24/25 MS: 5 ShuffleBytes-InsertRepeatedBytes-ShuffleBytes-ShuffleBytes-ChangeBinInt-
#74874	NEW    cov: 17157 ft: 54583 corp: 1490/18Kb lim: 25 exec/s: 239 rss: 529Mb L: 21/25 MS: 1 CopyPart-
#74881	NEW    cov: 17157 ft: 54584 corp: 1491/18Kb lim: 25 exec/s: 240 rss: 529Mb L: 24/25 MS: 2 InsertRepeatedBytes-InsertByte-
#75108	NEW    cov: 17157 ft: 54587 corp: 1492/18Kb lim: 25 exec/s: 239 rss: 529Mb L: 13/25 MS: 2 ChangeASCIIInt-ChangeBinInt-
#75120	NEW    cov: 17157 ft: 54589 corp: 1493/18Kb lim: 25 exec/s: 240 rss: 529Mb L: 17/25 MS: 2 ChangeBit-InsertByte-
#75157	NEW    cov: 17159 ft: 54597 corp: 1494/18Kb lim: 25 exec/s: 240 rss: 529Mb L: 23/25 MS: 2 CopyPart-InsertRepeatedBytes-
#75165	NEW    cov: 17159 ft: 54599 corp: 1495/18Kb lim: 25 exec/s: 240 rss: 529Mb L: 25/25 MS: 3 ChangeByte-ChangeByte-ChangeBinInt-
#75253	NEW    cov: 17159 ft: 54600 corp: 1496/18Kb lim: 25 exec/s: 239 rss: 529Mb L: 24/25 MS: 3 ShuffleBytes-EraseBytes-CrossOver-
#75331	NEW    cov: 17159 ft: 54602 corp: 1497/18Kb lim: 25 exec/s: 239 rss: 529Mb L: 25/25 MS: 3 ShuffleBytes-ChangeBinInt-ChangeBinInt-
#75353	NEW    cov: 17159 ft: 54612 corp: 1498/18Kb lim: 25 exec/s: 239 rss: 529Mb L: 22/25 MS: 2 ChangeBit-InsertByte-
#75404	NEW    cov: 17160 ft: 54613 corp: 1499/18Kb lim: 25 exec/s: 239 rss: 529Mb L: 14/25 MS: 1 ChangeBit-
#75618	NEW    cov: 17160 ft: 54619 corp: 1500/18Kb lim: 25 exec/s: 238 rss: 529Mb L: 23/25 MS: 4 InsertByte-ShuffleBytes-PersAutoDict-InsertByte- DE: "\001\000\000\205"-
#75630	NEW    cov: 17160 ft: 54621 corp: 1501/18Kb lim: 25 exec/s: 238 rss: 529Mb L: 25/25 MS: 2 CrossOver-PersAutoDict- DE: "\377\377\001h"-
#75693	NEW    cov: 17160 ft: 54629 corp: 1502/18Kb lim: 25 exec/s: 238 rss: 529Mb L: 22/25 MS: 3 CopyPart-CrossOver-InsertRepeatedBytes-
#75698	NEW    cov: 17160 ft: 54630 corp: 1503/18Kb lim: 25 exec/s: 238 rss: 529Mb L: 24/25 MS: 5 CrossOver-ChangeBit-ChangeByte-ChangeByte-InsertRepeatedBytes-
#75716	NEW    cov: 17160 ft: 54632 corp: 1504/18Kb lim: 25 exec/s: 238 rss: 529Mb L: 23/25 MS: 3 PersAutoDict-InsertRepeatedBytes-InsertRepeatedBytes- DE: "\377\377\377\037"-
#75727	NEW    cov: 17160 ft: 54633 corp: 1505/18Kb lim: 25 exec/s: 238 rss: 529Mb L: 20/25 MS: 1 InsertRepeatedBytes-
#75789	REDUCE cov: 17160 ft: 54633 corp: 1505/18Kb lim: 25 exec/s: 238 rss: 529Mb L: 3/25 MS: 2 ChangeByte-EraseBytes-
#75980	NEW    cov: 17160 ft: 54641 corp: 1506/18Kb lim: 25 exec/s: 238 rss: 529Mb L: 21/25 MS: 1 ChangeByte-
#76102	NEW    cov: 17160 ft: 54666 corp: 1507/18Kb lim: 25 exec/s: 237 rss: 529Mb L: 22/25 MS: 2 InsertByte-CopyPart-
#76214	NEW    cov: 17160 ft: 54669 corp: 1508/18Kb lim: 25 exec/s: 237 rss: 529Mb L: 24/25 MS: 2 ShuffleBytes-CMP- DE: "\000\000\000\000\000\000\000\000"-
#76216	NEW    cov: 17160 ft: 54671 corp: 1509/18Kb lim: 25 exec/s: 237 rss: 529Mb L: 23/25 MS: 2 EraseBytes-InsertRepeatedBytes-
#76262	NEW    cov: 17160 ft: 54699 corp: 1510/18Kb lim: 25 exec/s: 237 rss: 529Mb L: 25/25 MS: 1 InsertByte-
#76321	NEW    cov: 17160 ft: 54700 corp: 1511/18Kb lim: 25 exec/s: 237 rss: 529Mb L: 22/25 MS: 4 PersAutoDict-ChangeByte-ChangeBinInt-CrossOver- DE: "\020\000\000\000\000\000\000\000"-
#76444	NEW    cov: 17160 ft: 54705 corp: 1512/18Kb lim: 25 exec/s: 237 rss: 529Mb L: 25/25 MS: 3 CMP-CopyPart-PersAutoDict- DE: "\377\377\001\337"-"\377\377\377\005"-
#76453	NEW    cov: 17160 ft: 54706 corp: 1513/18Kb lim: 25 exec/s: 237 rss: 529Mb L: 25/25 MS: 4 InsertRepeatedBytes-InsertByte-ShuffleBytes-InsertRepeatedBytes-
#76515	NEW    cov: 17160 ft: 54749 corp: 1514/18Kb lim: 25 exec/s: 237 rss: 529Mb L: 24/25 MS: 2 ShuffleBytes-EraseBytes-
#76586	NEW    cov: 17160 ft: 54751 corp: 1515/18Kb lim: 25 exec/s: 237 rss: 529Mb L: 14/25 MS: 1 InsertByte-
#76760	NEW    cov: 17163 ft: 54766 corp: 1516/18Kb lim: 25 exec/s: 236 rss: 529Mb L: 22/25 MS: 4 CopyPart-InsertByte-EraseBytes-CrossOver-
#76781	NEW    cov: 17163 ft: 54780 corp: 1517/18Kb lim: 25 exec/s: 236 rss: 529Mb L: 25/25 MS: 1 CopyPart-
#76807	NEW    cov: 17163 ft: 54784 corp: 1518/18Kb lim: 25 exec/s: 237 rss: 529Mb L: 25/25 MS: 1 InsertByte-
#76828	NEW    cov: 17163 ft: 54789 corp: 1519/18Kb lim: 25 exec/s: 236 rss: 529Mb L: 16/25 MS: 1 PersAutoDict- DE: "\003\337"-
#76921	NEW    cov: 17163 ft: 54794 corp: 1520/18Kb lim: 25 exec/s: 236 rss: 529Mb L: 25/25 MS: 3 ShuffleBytes-ChangeByte-CopyPart-
#76936	NEW    cov: 17163 ft: 54795 corp: 1521/18Kb lim: 25 exec/s: 236 rss: 529Mb L: 17/25 MS: 5 InsertRepeatedBytes-EraseBytes-CrossOver-InsertRepeatedBytes-ChangeBinInt-
#76982	NEW    cov: 17163 ft: 54796 corp: 1522/18Kb lim: 25 exec/s: 236 rss: 529Mb L: 15/25 MS: 1 CMP- DE: "\277\003"-
#77144	NEW    cov: 17163 ft: 54816 corp: 1523/18Kb lim: 25 exec/s: 235 rss: 529Mb L: 23/25 MS: 2 InsertRepeatedBytes-InsertByte-
#77232	NEW    cov: 17163 ft: 54821 corp: 1524/18Kb lim: 25 exec/s: 236 rss: 529Mb L: 25/25 MS: 3 InsertRepeatedBytes-CrossOver-CrossOver-
#77241	NEW    cov: 17163 ft: 54822 corp: 1525/18Kb lim: 25 exec/s: 236 rss: 529Mb L: 16/25 MS: 4 InsertRepeatedBytes-EraseBytes-ShuffleBytes-ChangeBinInt-
#77322	NEW    cov: 17163 ft: 54826 corp: 1526/18Kb lim: 25 exec/s: 235 rss: 529Mb L: 14/25 MS: 1 PersAutoDict- DE: "L\003"-
#77349	NEW    cov: 17163 ft: 54831 corp: 1527/18Kb lim: 25 exec/s: 235 rss: 529Mb L: 24/25 MS: 2 CMP-InsertRepeatedBytes- DE: "\377\377\377\377\377\377\377\377"-
#77351	NEW    cov: 17163 ft: 54832 corp: 1528/19Kb lim: 25 exec/s: 235 rss: 529Mb L: 24/25 MS: 2 CMP-InsertRepeatedBytes- DE: "\3776"-
#77352	NEW    cov: 17163 ft: 54835 corp: 1529/19Kb lim: 25 exec/s: 235 rss: 529Mb L: 25/25 MS: 1 CopyPart-
#77354	NEW    cov: 17163 ft: 54839 corp: 1530/19Kb lim: 25 exec/s: 235 rss: 529Mb L: 24/25 MS: 2 ChangeBit-CopyPart-
#77649	NEW    cov: 17163 ft: 54842 corp: 1531/19Kb lim: 25 exec/s: 235 rss: 529Mb L: 25/25 MS: 5 PersAutoDict-ShuffleBytes-ChangeByte-CrossOver-ChangeBinInt- DE: "\001\012"-
#77716	NEW    cov: 17163 ft: 54847 corp: 1532/19Kb lim: 25 exec/s: 235 rss: 529Mb L: 22/25 MS: 2 PersAutoDict-InsertRepeatedBytes- DE: " \000"-
#77732	NEW    cov: 17163 ft: 54848 corp: 1533/19Kb lim: 25 exec/s: 234 rss: 529Mb L: 25/25 MS: 1 InsertByte-
#77817	NEW    cov: 17163 ft: 54849 corp: 1534/19Kb lim: 25 exec/s: 235 rss: 529Mb L: 15/25 MS: 5 PersAutoDict-EraseBytes-CopyPart-EraseBytes-CopyPart- DE: "\001\320"-
#77841	NEW    cov: 17163 ft: 54851 corp: 1535/19Kb lim: 25 exec/s: 235 rss: 529Mb L: 25/25 MS: 4 CMP-ChangeBit-ShuffleBytes-ChangeBinInt- DE: "\377\377\377\377\377\377\377\377"-
#77954	REDUCE cov: 17163 ft: 54851 corp: 1535/19Kb lim: 25 exec/s: 234 rss: 529Mb L: 22/25 MS: 3 ShuffleBytes-CopyPart-EraseBytes-
#77998	NEW    cov: 17165 ft: 54854 corp: 1536/19Kb lim: 25 exec/s: 234 rss: 529Mb L: 22/25 MS: 4 ChangeBinInt-CrossOver-ChangeASCIIInt-EraseBytes-
#78024	NEW    cov: 17165 ft: 54855 corp: 1537/19Kb lim: 25 exec/s: 235 rss: 529Mb L: 23/25 MS: 1 InsertRepeatedBytes-
#78120	NEW    cov: 17165 ft: 54857 corp: 1538/19Kb lim: 25 exec/s: 234 rss: 529Mb L: 14/25 MS: 1 ShuffleBytes-
#78241	REDUCE cov: 17165 ft: 54857 corp: 1538/19Kb lim: 25 exec/s: 234 rss: 529Mb L: 13/25 MS: 1 EraseBytes-
#78416	NEW    cov: 17165 ft: 54866 corp: 1539/19Kb lim: 25 exec/s: 234 rss: 529Mb L: 25/25 MS: 5 ChangeByte-CrossOver-ChangeByte-ShuffleBytes-InsertRepeatedBytes-
#78424	NEW    cov: 17165 ft: 54873 corp: 1540/19Kb lim: 25 exec/s: 234 rss: 529Mb L: 24/25 MS: 3 EraseBytes-ChangeBinInt-InsertRepeatedBytes-
#78497	NEW    cov: 17165 ft: 54903 corp: 1541/19Kb lim: 25 exec/s: 234 rss: 529Mb L: 23/25 MS: 3 ShuffleBytes-ChangeByte-ShuffleBytes-
#78728	NEW    cov: 17165 ft: 54907 corp: 1542/19Kb lim: 25 exec/s: 234 rss: 529Mb L: 25/25 MS: 1 InsertRepeatedBytes-
#78772	NEW    cov: 17166 ft: 54908 corp: 1543/19Kb lim: 25 exec/s: 234 rss: 529Mb L: 11/25 MS: 4 ChangeBinInt-ShuffleBytes-ChangeBinInt-EraseBytes-
#78792	NEW    cov: 17166 ft: 54926 corp: 1544/19Kb lim: 25 exec/s: 233 rss: 529Mb L: 25/25 MS: 5 PersAutoDict-CopyPart-CopyPart-InsertByte-CopyPart- DE: "\002\314"-
#78811	NEW    cov: 17166 ft: 54930 corp: 1545/19Kb lim: 25 exec/s: 233 rss: 529Mb L: 24/25 MS: 4 CopyPart-ChangeByte-ChangeByte-InsertRepeatedBytes-
#78847	NEW    cov: 17166 ft: 54946 corp: 1546/19Kb lim: 25 exec/s: 233 rss: 529Mb L: 14/25 MS: 1 ShuffleBytes-
#78947	NEW    cov: 17166 ft: 54947 corp: 1547/19Kb lim: 25 exec/s: 234 rss: 529Mb L: 25/25 MS: 5 CopyPart-InsertByte-PersAutoDict-ChangeBinInt-CopyPart- DE: "\020\000\000\000\000\000\000\000"-
#78975	NEW    cov: 17180 ft: 54965 corp: 1548/19Kb lim: 25 exec/s: 233 rss: 529Mb L: 25/25 MS: 3 CopyPart-ChangeBinInt-CrossOver-
#79096	NEW    cov: 17180 ft: 54967 corp: 1549/19Kb lim: 25 exec/s: 234 rss: 529Mb L: 25/25 MS: 1 InsertByte-
#79156	NEW    cov: 17180 ft: 54968 corp: 1550/19Kb lim: 25 exec/s: 234 rss: 529Mb L: 21/25 MS: 5 ShuffleBytes-CopyPart-ChangeByte-ChangeByte-CopyPart-
#79194	NEW    cov: 17180 ft: 54975 corp: 1551/19Kb lim: 25 exec/s: 233 rss: 529Mb L: 25/25 MS: 3 CopyPart-InsertRepeatedBytes-CrossOver-
#79293	NEW    cov: 17180 ft: 54983 corp: 1552/19Kb lim: 25 exec/s: 233 rss: 529Mb L: 25/25 MS: 4 CopyPart-CopyPart-ChangeBit-CMP- DE: "\003\263"-
#79480	NEW    cov: 17180 ft: 55164 corp: 1553/19Kb lim: 25 exec/s: 233 rss: 529Mb L: 24/25 MS: 2 CopyPart-CopyPart-
#79683	NEW    cov: 17180 ft: 55167 corp: 1554/19Kb lim: 25 exec/s: 233 rss: 529Mb L: 25/25 MS: 3 ChangeBit-CrossOver-CopyPart-
#79699	NEW    cov: 17180 ft: 55168 corp: 1555/19Kb lim: 25 exec/s: 233 rss: 529Mb L: 23/25 MS: 1 InsertRepeatedBytes-
#79743	NEW    cov: 17180 ft: 55169 corp: 1556/19Kb lim: 25 exec/s: 233 rss: 529Mb L: 19/25 MS: 4 ChangeBit-ChangeBit-CopyPart-EraseBytes-
#80065	NEW    cov: 17180 ft: 55173 corp: 1557/19Kb lim: 25 exec/s: 234 rss: 529Mb L: 24/25 MS: 2 InsertRepeatedBytes-CopyPart-
#80066	NEW    cov: 17180 ft: 55372 corp: 1558/19Kb lim: 25 exec/s: 234 rss: 529Mb L: 25/25 MS: 1 InsertRepeatedBytes-
#80178	NEW    cov: 17180 ft: 55374 corp: 1559/19Kb lim: 25 exec/s: 233 rss: 529Mb L: 14/25 MS: 2 PersAutoDict-InsertByte- DE: "\001\205"-
#80369	REDUCE cov: 17180 ft: 55374 corp: 1559/19Kb lim: 25 exec/s: 234 rss: 529Mb L: 15/25 MS: 1 EraseBytes-
#80416	NEW    cov: 17180 ft: 55376 corp: 1560/19Kb lim: 25 exec/s: 233 rss: 529Mb L: 23/25 MS: 2 InsertRepeatedBytes-InsertRepeatedBytes-
#80628	NEW    cov: 17180 ft: 55382 corp: 1561/19Kb lim: 25 exec/s: 233 rss: 529Mb L: 25/25 MS: 2 ChangeBit-ChangeByte-
#80742	NEW    cov: 17185 ft: 55388 corp: 1562/19Kb lim: 25 exec/s: 234 rss: 529Mb L: 25/25 MS: 4 ChangeByte-PersAutoDict-InsertRepeatedBytes-CrossOver- DE: "\001\320"-
#80841	NEW    cov: 17185 ft: 55389 corp: 1563/19Kb lim: 25 exec/s: 234 rss: 529Mb L: 9/25 MS: 4 ChangeBit-InsertRepeatedBytes-ShuffleBytes-CMP- DE: "\001\000\0015"-
#80933	NEW    cov: 17189 ft: 55390 corp: 1564/19Kb lim: 25 exec/s: 233 rss: 529Mb L: 14/25 MS: 2 CopyPart-PersAutoDict- DE: "\001\002\340\\\013\201p."-
#81059	NEW    cov: 17189 ft: 55425 corp: 1565/19Kb lim: 25 exec/s: 234 rss: 529Mb L: 25/25 MS: 1 InsertRepeatedBytes-
#81170	NEW    cov: 17189 ft: 55440 corp: 1566/19Kb lim: 25 exec/s: 233 rss: 529Mb L: 22/25 MS: 1 InsertByte-
#81176	NEW    cov: 17189 ft: 55441 corp: 1567/19Kb lim: 25 exec/s: 233 rss: 529Mb L: 18/25 MS: 1 CrossOver-
#81293	NEW    cov: 17189 ft: 55444 corp: 1568/19Kb lim: 25 exec/s: 234 rss: 529Mb L: 15/25 MS: 2 CopyPart-CopyPart-
#81307	NEW    cov: 17190 ft: 55445 corp: 1569/19Kb lim: 25 exec/s: 234 rss: 529Mb L: 24/25 MS: 4 PersAutoDict-ChangeByte-InsertByte-InsertByte- DE: ">\000\000\000\000\000\000\000"-
#81345	NEW    cov: 17201 ft: 55456 corp: 1570/19Kb lim: 25 exec/s: 234 rss: 529Mb L: 18/25 MS: 3 CrossOver-ChangeBinInt-CrossOver-
#81358	NEW    cov: 17201 ft: 55461 corp: 1571/19Kb lim: 25 exec/s: 233 rss: 529Mb L: 25/25 MS: 3 CopyPart-PersAutoDict-CopyPart- DE: "\001\320"-
#81361	NEW    cov: 17201 ft: 55726 corp: 1572/19Kb lim: 25 exec/s: 233 rss: 529Mb L: 25/25 MS: 3 CopyPart-ChangeBinInt-CopyPart-
#81378	NEW    cov: 17201 ft: 55727 corp: 1573/19Kb lim: 25 exec/s: 233 rss: 529Mb L: 25/25 MS: 2 ChangeBinInt-CopyPart-
#81409	NEW    cov: 17201 ft: 55728 corp: 1574/19Kb lim: 25 exec/s: 233 rss: 529Mb L: 20/25 MS: 1 ChangeBit-
#81501	NEW    cov: 17202 ft: 55731 corp: 1575/20Kb lim: 25 exec/s: 234 rss: 529Mb L: 22/25 MS: 2 InsertByte-CopyPart-
#81619	NEW    cov: 17206 ft: 55806 corp: 1576/20Kb lim: 25 exec/s: 233 rss: 529Mb L: 22/25 MS: 3 ChangeBinInt-ChangeBinInt-CrossOver-
#81682	NEW    cov: 17206 ft: 55807 corp: 1577/20Kb lim: 25 exec/s: 234 rss: 529Mb L: 22/25 MS: 3 ChangeByte-CrossOver-InsertByte-
#81698	NEW    cov: 17206 ft: 55808 corp: 1578/20Kb lim: 25 exec/s: 234 rss: 529Mb L: 15/25 MS: 1 ShuffleBytes-
#81725	REDUCE cov: 17206 ft: 55808 corp: 1578/20Kb lim: 25 exec/s: 234 rss: 529Mb L: 23/25 MS: 2 ShuffleBytes-EraseBytes-
#81967	NEW    cov: 17210 ft: 55813 corp: 1579/20Kb lim: 25 exec/s: 233 rss: 529Mb L: 14/25 MS: 2 ChangeByte-CopyPart-
#81979	NEW    cov: 17210 ft: 55814 corp: 1580/20Kb lim: 25 exec/s: 233 rss: 529Mb L: 21/25 MS: 2 ChangeByte-CMP- DE: "\000\000\000\000"-
#82092	NEW    cov: 17210 ft: 55816 corp: 1581/20Kb lim: 25 exec/s: 233 rss: 529Mb L: 25/25 MS: 3 ChangeBit-ChangeByte-InsertRepeatedBytes-
#82163	NEW    cov: 17210 ft: 55817 corp: 1582/20Kb lim: 25 exec/s: 234 rss: 529Mb L: 16/25 MS: 1 CopyPart-
#82198	NEW    cov: 17210 ft: 55818 corp: 1583/20Kb lim: 25 exec/s: 233 rss: 529Mb L: 23/25 MS: 5 InsertByte-CrossOver-InsertRepeatedBytes-CopyPart-ChangeBinInt-
#82219	NEW    cov: 17210 ft: 55829 corp: 1584/20Kb lim: 25 exec/s: 233 rss: 529Mb L: 24/25 MS: 1 CrossOver-
#82250	NEW    cov: 17229 ft: 55873 corp: 1585/20Kb lim: 25 exec/s: 233 rss: 529Mb L: 25/25 MS: 1 CopyPart-
#82362	NEW    cov: 17229 ft: 55909 corp: 1586/20Kb lim: 25 exec/s: 233 rss: 529Mb L: 24/25 MS: 2 CopyPart-InsertRepeatedBytes-
#82414	NEW    cov: 17229 ft: 55910 corp: 1587/20Kb lim: 25 exec/s: 233 rss: 529Mb L: 25/25 MS: 2 ChangeBinInt-PersAutoDict- DE: "\001\000\000\205"-
#82752	NEW    cov: 17229 ft: 55911 corp: 1588/20Kb lim: 25 exec/s: 233 rss: 529Mb L: 20/25 MS: 3 InsertByte-ChangeBit-InsertRepeatedBytes-
#82906	NEW    cov: 17229 ft: 55913 corp: 1589/20Kb lim: 25 exec/s: 233 rss: 529Mb L: 25/25 MS: 4 CopyPart-ShuffleBytes-ChangeByte-InsertByte-
#82962	NEW    cov: 17229 ft: 55916 corp: 1590/20Kb lim: 25 exec/s: 233 rss: 529Mb L: 22/25 MS: 1 InsertRepeatedBytes-
#82983	NEW    cov: 17229 ft: 55920 corp: 1591/20Kb lim: 25 exec/s: 233 rss: 529Mb L: 14/25 MS: 1 InsertByte-
#83106	NEW    cov: 17229 ft: 55922 corp: 1592/20Kb lim: 25 exec/s: 233 rss: 529Mb L: 24/25 MS: 3 CrossOver-InsertByte-CrossOver-
#83112	NEW    cov: 17229 ft: 55924 corp: 1593/20Kb lim: 25 exec/s: 233 rss: 529Mb L: 25/25 MS: 1 ChangeBinInt-
#83188	NEW    cov: 17229 ft: 55927 corp: 1594/20Kb lim: 25 exec/s: 233 rss: 529Mb L: 25/25 MS: 1 InsertRepeatedBytes-
#83189	NEW    cov: 17229 ft: 55932 corp: 1595/20Kb lim: 25 exec/s: 233 rss: 529Mb L: 23/25 MS: 1 ShuffleBytes-
#83238	NEW    cov: 17229 ft: 55937 corp: 1596/20Kb lim: 25 exec/s: 233 rss: 529Mb L: 23/25 MS: 4 ChangeBinInt-ChangeByte-InsertRepeatedBytes-ChangeByte-
#83308	NEW    cov: 17229 ft: 55938 corp: 1597/20Kb lim: 25 exec/s: 233 rss: 529Mb L: 25/25 MS: 5 CrossOver-CrossOver-CrossOver-ShuffleBytes-CopyPart-
#83478	NEW    cov: 17231 ft: 55940 corp: 1598/20Kb lim: 25 exec/s: 233 rss: 529Mb L: 25/25 MS: 5 CrossOver-ChangeBit-ShuffleBytes-CrossOver-CopyPart-
#83651	NEW    cov: 17232 ft: 55942 corp: 1599/20Kb lim: 25 exec/s: 233 rss: 529Mb L: 24/25 MS: 3 ChangeByte-InsertRepeatedBytes-PersAutoDict- DE: "\377\377\001\320"-
#83665	NEW    cov: 17232 ft: 55946 corp: 1600/20Kb lim: 25 exec/s: 233 rss: 529Mb L: 24/25 MS: 4 ChangeASCIIInt-CrossOver-ShuffleBytes-ChangeBit-
#83674	NEW    cov: 17232 ft: 55948 corp: 1601/20Kb lim: 25 exec/s: 233 rss: 529Mb L: 25/25 MS: 4 ChangeBit-CopyPart-ChangeBit-CopyPart-
#83711	NEW    cov: 17232 ft: 55949 corp: 1602/20Kb lim: 25 exec/s: 233 rss: 529Mb L: 19/25 MS: 2 InsertRepeatedBytes-InsertByte-
#83762	NEW    cov: 17234 ft: 55956 corp: 1603/20Kb lim: 25 exec/s: 233 rss: 529Mb L: 25/25 MS: 1 ShuffleBytes-
#83873	NEW    cov: 17234 ft: 55962 corp: 1604/20Kb lim: 25 exec/s: 233 rss: 529Mb L: 23/25 MS: 1 CopyPart-
#83890	NEW    cov: 17234 ft: 55963 corp: 1605/20Kb lim: 25 exec/s: 233 rss: 529Mb L: 25/25 MS: 2 ChangeBinInt-CopyPart-
#83926	REDUCE cov: 17234 ft: 55963 corp: 1605/20Kb lim: 25 exec/s: 233 rss: 529Mb L: 16/25 MS: 1 EraseBytes-
#84052	NEW    cov: 17234 ft: 55965 corp: 1606/20Kb lim: 25 exec/s: 233 rss: 529Mb L: 17/25 MS: 1 ChangeBit-
#84214	NEW    cov: 17234 ft: 55972 corp: 1607/20Kb lim: 25 exec/s: 233 rss: 529Mb L: 14/25 MS: 2 ShuffleBytes-CopyPart-
#84325	NEW    cov: 17234 ft: 55974 corp: 1608/20Kb lim: 25 exec/s: 233 rss: 529Mb L: 24/25 MS: 1 InsertRepeatedBytes-
#84381	NEW    cov: 17234 ft: 55976 corp: 1609/20Kb lim: 25 exec/s: 233 rss: 529Mb L: 25/25 MS: 1 CopyPart-
#84519	NEW    cov: 17234 ft: 55977 corp: 1610/20Kb lim: 25 exec/s: 233 rss: 529Mb L: 24/25 MS: 3 ChangeBit-ChangeASCIIInt-CrossOver-
#84528	NEW    cov: 17234 ft: 55981 corp: 1611/20Kb lim: 25 exec/s: 233 rss: 529Mb L: 25/25 MS: 4 ChangeBit-ChangeBinInt-ShuffleBytes-ChangeByte-
#84815	NEW    cov: 17234 ft: 55982 corp: 1612/20Kb lim: 25 exec/s: 233 rss: 529Mb L: 24/25 MS: 2 InsertRepeatedBytes-CMP- DE: "\001\000\002\214"-
#84859	NEW    cov: 17234 ft: 55983 corp: 1613/20Kb lim: 25 exec/s: 233 rss: 529Mb L: 24/25 MS: 4 PersAutoDict-InsertByte-InsertRepeatedBytes-InsertByte- DE: "\377\001"-
#85065	NEW    cov: 17238 ft: 55986 corp: 1614/20Kb lim: 25 exec/s: 233 rss: 529Mb L: 22/25 MS: 1 CopyPart-
#85108	NEW    cov: 17238 ft: 55989 corp: 1615/20Kb lim: 25 exec/s: 233 rss: 529Mb L: 19/25 MS: 3 EraseBytes-InsertByte-InsertRepeatedBytes-
#85175	NEW    cov: 17238 ft: 55993 corp: 1616/20Kb lim: 25 exec/s: 233 rss: 529Mb L: 15/25 MS: 2 CopyPart-ShuffleBytes-
#85294	NEW    cov: 17238 ft: 55994 corp: 1617/20Kb lim: 25 exec/s: 233 rss: 529Mb L: 13/25 MS: 4 ShuffleBytes-ShuffleBytes-PersAutoDict-CopyPart- DE: "\377\377\002\276"-
#85322	NEW    cov: 17238 ft: 55995 corp: 1618/20Kb lim: 25 exec/s: 233 rss: 529Mb L: 17/25 MS: 3 InsertByte-ChangeBinInt-PersAutoDict- DE: "\377\377"-
#85523	NEW    cov: 17238 ft: 55997 corp: 1619/20Kb lim: 25 exec/s: 233 rss: 529Mb L: 25/25 MS: 1 CopyPart-
#85569	NEW    cov: 17244 ft: 56016 corp: 1620/20Kb lim: 25 exec/s: 233 rss: 529Mb L: 22/25 MS: 1 CrossOver-
#85571	NEW    cov: 17244 ft: 56017 corp: 1621/20Kb lim: 25 exec/s: 233 rss: 529Mb L: 20/25 MS: 2 InsertRepeatedBytes-CopyPart-
#85662	NEW    cov: 17244 ft: 56019 corp: 1622/20Kb lim: 25 exec/s: 233 rss: 529Mb L: 20/25 MS: 1 ChangeBinInt-
#85838	NEW    cov: 17244 ft: 56023 corp: 1623/21Kb lim: 25 exec/s: 233 rss: 529Mb L: 16/25 MS: 1 PersAutoDict- DE: "\262\002"-
#85869	NEW    cov: 17244 ft: 56026 corp: 1624/21Kb lim: 25 exec/s: 233 rss: 529Mb L: 23/25 MS: 1 CopyPart-
#86270	NEW    cov: 17244 ft: 56028 corp: 1625/21Kb lim: 25 exec/s: 233 rss: 529Mb L: 22/25 MS: 1 ChangeByte-
#86660	NEW    cov: 17244 ft: 56033 corp: 1626/21Kb lim: 25 exec/s: 232 rss: 529Mb L: 18/25 MS: 5 InsertByte-InsertByte-PersAutoDict-ChangeByte-InsertByte- DE: "\315\002"-
#86709	NEW    cov: 17244 ft: 56046 corp: 1627/21Kb lim: 25 exec/s: 233 rss: 529Mb L: 25/25 MS: 4 ChangeBit-ChangeBinInt-ShuffleBytes-PersAutoDict- DE: "\004N"-
#86771	NEW    cov: 17245 ft: 56049 corp: 1628/21Kb lim: 25 exec/s: 233 rss: 529Mb L: 20/25 MS: 2 ChangeByte-PersAutoDict- DE: "\310\003\000\000"-
#86918	NEW    cov: 17259 ft: 56064 corp: 1629/21Kb lim: 25 exec/s: 233 rss: 529Mb L: 17/25 MS: 2 InsertByte-CMP- DE: "\001\000\002\263"-
#87005	NEW    cov: 17259 ft: 56065 corp: 1630/21Kb lim: 25 exec/s: 233 rss: 529Mb L: 23/25 MS: 2 PersAutoDict-CopyPart- DE: "\001\205"-
#87117	NEW    cov: 17259 ft: 56067 corp: 1631/21Kb lim: 25 exec/s: 232 rss: 529Mb L: 25/25 MS: 2 ChangeBit-CrossOver-
#87130	REDUCE cov: 17259 ft: 56067 corp: 1631/21Kb lim: 25 exec/s: 232 rss: 529Mb L: 24/25 MS: 3 ChangeBinInt-CopyPart-EraseBytes-
#87277	NEW    cov: 17259 ft: 56069 corp: 1632/21Kb lim: 25 exec/s: 233 rss: 529Mb L: 25/25 MS: 2 ChangeBinInt-CopyPart-
#87305	NEW    cov: 17259 ft: 56071 corp: 1633/21Kb lim: 25 exec/s: 232 rss: 529Mb L: 19/25 MS: 3 CrossOver-PersAutoDict-CrossOver- DE: "\215\002\000\000"-
#87417	NEW    cov: 17259 ft: 56075 corp: 1634/21Kb lim: 25 exec/s: 233 rss: 529Mb L: 14/25 MS: 2 ChangeBit-ChangeByte-
#87438	NEW    cov: 17259 ft: 56078 corp: 1635/21Kb lim: 25 exec/s: 233 rss: 529Mb L: 24/25 MS: 1 ChangeByte-
#87659	NEW    cov: 17259 ft: 56079 corp: 1636/21Kb lim: 25 exec/s: 233 rss: 529Mb L: 18/25 MS: 1 ChangeByte-
#87736	NEW    cov: 17259 ft: 56083 corp: 1637/21Kb lim: 25 exec/s: 233 rss: 529Mb L: 25/25 MS: 2 ChangeByte-InsertRepeatedBytes-
#87768	NEW    cov: 17259 ft: 56085 corp: 1638/21Kb lim: 25 exec/s: 232 rss: 529Mb L: 24/25 MS: 2 ChangeBinInt-ChangeByte-
#87827	NEW    cov: 17259 ft: 56086 corp: 1639/21Kb lim: 25 exec/s: 232 rss: 529Mb L: 23/25 MS: 4 CMP-CrossOver-ChangeByte-CopyPart- DE: "\003\315"-
#87941	NEW    cov: 17259 ft: 56092 corp: 1640/21Kb lim: 25 exec/s: 233 rss: 529Mb L: 15/25 MS: 4 InsertByte-EraseBytes-ShuffleBytes-ChangeByte-
#87976	REDUCE cov: 17259 ft: 56092 corp: 1640/21Kb lim: 25 exec/s: 232 rss: 529Mb L: 13/25 MS: 5 ChangeBit-ShuffleBytes-ChangeByte-ChangeBit-EraseBytes-
#87993	NEW    cov: 17259 ft: 56112 corp: 1641/21Kb lim: 25 exec/s: 232 rss: 529Mb L: 25/25 MS: 2 ChangeBit-CopyPart-
#88025	NEW    cov: 17259 ft: 56117 corp: 1642/21Kb lim: 25 exec/s: 232 rss: 529Mb L: 13/25 MS: 2 InsertRepeatedBytes-EraseBytes-
#88058	NEW    cov: 17259 ft: 56118 corp: 1643/21Kb lim: 25 exec/s: 232 rss: 529Mb L: 25/25 MS: 3 ChangeByte-CrossOver-CopyPart-
#88104	NEW    cov: 17259 ft: 56119 corp: 1644/21Kb lim: 25 exec/s: 233 rss: 529Mb L: 22/25 MS: 1 CopyPart-
#88166	NEW    cov: 17259 ft: 56128 corp: 1645/21Kb lim: 25 exec/s: 233 rss: 529Mb L: 17/25 MS: 2 ChangeBinInt-InsertByte-
#88197	NEW    cov: 17259 ft: 56129 corp: 1646/21Kb lim: 25 exec/s: 232 rss: 529Mb L: 17/25 MS: 1 PersAutoDict- DE: "\262\002"-
#88212	NEW    cov: 17259 ft: 56130 corp: 1647/21Kb lim: 25 exec/s: 232 rss: 529Mb L: 18/25 MS: 5 ChangeASCIIInt-InsertByte-EraseBytes-ChangeBit-ChangeASCIIInt-
#88320	NEW    cov: 17259 ft: 56131 corp: 1648/21Kb lim: 25 exec/s: 233 rss: 529Mb L: 21/25 MS: 3 ChangeBit-PersAutoDict-InsertByte- DE: "\277\003"-
#88353	NEW    cov: 17260 ft: 56132 corp: 1649/21Kb lim: 25 exec/s: 233 rss: 529Mb L: 22/25 MS: 3 CopyPart-EraseBytes-ShuffleBytes-
#88432	NEW    cov: 17260 ft: 56134 corp: 1650/21Kb lim: 25 exec/s: 232 rss: 529Mb L: 25/25 MS: 4 InsertRepeatedBytes-PersAutoDict-ChangeByte-CrossOver- DE: "\001\030"-
#88488	NEW    cov: 17265 ft: 56140 corp: 1651/21Kb lim: 25 exec/s: 232 rss: 529Mb L: 25/25 MS: 1 ChangeBinInt-
#88736	NEW    cov: 17265 ft: 56144 corp: 1652/21Kb lim: 25 exec/s: 232 rss: 529Mb L: 25/25 MS: 3 CrossOver-ShuffleBytes-CopyPart-
#88792	REDUCE cov: 17265 ft: 56144 corp: 1652/21Kb lim: 25 exec/s: 233 rss: 529Mb L: 13/25 MS: 1 EraseBytes-
#88840	NEW    cov: 17265 ft: 56145 corp: 1653/21Kb lim: 25 exec/s: 232 rss: 529Mb L: 23/25 MS: 3 ShuffleBytes-ChangeByte-CopyPart-
#89276	NEW    cov: 17265 ft: 56161 corp: 1654/21Kb lim: 29 exec/s: 232 rss: 529Mb L: 19/25 MS: 1 InsertRepeatedBytes-
#89403	NEW    cov: 17265 ft: 56162 corp: 1655/21Kb lim: 29 exec/s: 232 rss: 529Mb L: 28/28 MS: 2 InsertByte-InsertRepeatedBytes-
#89425	NEW    cov: 17265 ft: 56171 corp: 1656/21Kb lim: 29 exec/s: 232 rss: 529Mb L: 29/29 MS: 2 ChangeByte-CMP- DE: "\377\377\001h"-
	NEW_FUNC[1/2]: 0x000103a32a78 in _RNvMs2_NtNtCsaadRk6yvHw6_6rsword4span5indexNtB5_7Builder4diag+0x0 (fuzz_edit:arm64+0x100e7aa78)
	NEW_FUNC[2/2]: 0x000104459ef8 in _RNvXsu_NtNtCsaadRk6yvHw6_6rsword4span5indexNtB5_10RangeClassNtNtCs7oq3hgLOR5a_4core3fmt5Debug3fmt+0x0 (fuzz_edit:arm64+0x1018a1ef8)
#89481	NEW    cov: 17322 ft: 56272 corp: 1657/21Kb lim: 29 exec/s: 232 rss: 529Mb L: 26/29 MS: 1 InsertRepeatedBytes-
#89580	NEW    cov: 17322 ft: 56290 corp: 1658/21Kb lim: 29 exec/s: 232 rss: 529Mb L: 28/29 MS: 4 InsertRepeatedBytes-InsertByte-ChangeBinInt-InsertRepeatedBytes-
#89641	NEW    cov: 17322 ft: 56292 corp: 1659/21Kb lim: 29 exec/s: 232 rss: 529Mb L: 24/29 MS: 1 PersAutoDict- DE: "\377\377\001\346"-
#89644	NEW    cov: 17322 ft: 56294 corp: 1660/21Kb lim: 29 exec/s: 232 rss: 529Mb L: 27/29 MS: 3 CopyPart-InsertByte-InsertByte-
#89662	NEW    cov: 17322 ft: 56300 corp: 1661/21Kb lim: 29 exec/s: 232 rss: 529Mb L: 29/29 MS: 3 CopyPart-ShuffleBytes-InsertRepeatedBytes-
#89672	NEW    cov: 17322 ft: 56309 corp: 1662/21Kb lim: 29 exec/s: 232 rss: 529Mb L: 27/29 MS: 5 PersAutoDict-InsertByte-CrossOver-InsertByte-CrossOver- DE: "\002\314"-
#89725	NEW    cov: 17323 ft: 56314 corp: 1663/21Kb lim: 29 exec/s: 232 rss: 529Mb L: 26/29 MS: 3 ChangeByte-InsertRepeatedBytes-InsertByte-
#89745	REDUCE cov: 17323 ft: 56314 corp: 1663/21Kb lim: 29 exec/s: 232 rss: 529Mb L: 13/29 MS: 5 ChangeBit-InsertRepeatedBytes-EraseBytes-EraseBytes-ChangeBinInt-
#89792	NEW    cov: 17323 ft: 56315 corp: 1664/21Kb lim: 29 exec/s: 232 rss: 529Mb L: 29/29 MS: 2 InsertRepeatedBytes-InsertByte-
#89814	NEW    cov: 17323 ft: 56316 corp: 1665/21Kb lim: 29 exec/s: 232 rss: 529Mb L: 25/29 MS: 2 ChangeBit-CrossOver-
#89860	NEW    cov: 17323 ft: 56318 corp: 1666/21Kb lim: 29 exec/s: 232 rss: 529Mb L: 24/29 MS: 1 CMP- DE: "\001\000\000\000\000\000\000\000"-
#89928	NEW    cov: 17323 ft: 56319 corp: 1667/21Kb lim: 29 exec/s: 232 rss: 529Mb L: 29/29 MS: 3 InsertRepeatedBytes-CopyPart-ChangeByte-
#90112	NEW    cov: 17323 ft: 56322 corp: 1668/22Kb lim: 29 exec/s: 232 rss: 529Mb L: 29/29 MS: 4 ChangeByte-PersAutoDict-ChangeByte-PersAutoDict- DE: "\000\314"-"M\003"-
#90113	NEW    cov: 17323 ft: 56342 corp: 1669/22Kb lim: 29 exec/s: 232 rss: 529Mb L: 27/29 MS: 1 CopyPart-
#90143	NEW    cov: 17323 ft: 56343 corp: 1670/22Kb lim: 29 exec/s: 232 rss: 529Mb L: 27/29 MS: 5 ChangeByte-ChangeBit-EraseBytes-CopyPart-PersAutoDict- DE: "\001\000\000\000\000\000\000\000"-
#90144	NEW    cov: 17324 ft: 56362 corp: 1671/22Kb lim: 29 exec/s: 232 rss: 529Mb L: 26/29 MS: 1 ChangeBit-
#90291	NEW    cov: 17324 ft: 56371 corp: 1672/22Kb lim: 29 exec/s: 232 rss: 529Mb L: 26/29 MS: 2 ChangeBinInt-CopyPart-
#90413	NEW    cov: 17324 ft: 56372 corp: 1673/22Kb lim: 29 exec/s: 232 rss: 529Mb L: 25/29 MS: 2 CopyPart-CopyPart-
#90436	NEW    cov: 17324 ft: 56376 corp: 1674/22Kb lim: 29 exec/s: 232 rss: 529Mb L: 27/29 MS: 3 CrossOver-InsertRepeatedBytes-ChangeBit-
#90731	NEW    cov: 17324 ft: 56377 corp: 1675/22Kb lim: 29 exec/s: 232 rss: 529Mb L: 25/29 MS: 5 ChangeByte-InsertRepeatedBytes-CrossOver-CopyPart-InsertRepeatedBytes-
#90797	NEW    cov: 17324 ft: 56379 corp: 1676/22Kb lim: 29 exec/s: 232 rss: 529Mb L: 17/29 MS: 1 ChangeBinInt-
#90809	NEW    cov: 17325 ft: 56380 corp: 1677/22Kb lim: 29 exec/s: 232 rss: 529Mb L: 16/29 MS: 2 ChangeByte-ShuffleBytes-
#90861	NEW    cov: 17325 ft: 56381 corp: 1678/22Kb lim: 29 exec/s: 232 rss: 529Mb L: 20/29 MS: 2 InsertByte-ShuffleBytes-
#90894	NEW    cov: 17325 ft: 56382 corp: 1679/22Kb lim: 29 exec/s: 232 rss: 529Mb L: 29/29 MS: 3 PersAutoDict-PersAutoDict-PersAutoDict- DE: "\336\002"-"\001\030"-"\000\000\002\336"-
#90905	NEW    cov: 17325 ft: 56383 corp: 1680/22Kb lim: 29 exec/s: 232 rss: 529Mb L: 25/29 MS: 1 InsertRepeatedBytes-
#90936	NEW    cov: 17325 ft: 56388 corp: 1681/22Kb lim: 29 exec/s: 232 rss: 529Mb L: 25/29 MS: 1 CrossOver-
#91041	NEW    cov: 17325 ft: 56392 corp: 1682/22Kb lim: 29 exec/s: 232 rss: 529Mb L: 25/29 MS: 5 ChangeByte-ChangeByte-CMP-CrossOver-InsertByte- DE: " \000\000\000"-
#91050	NEW    cov: 17325 ft: 56393 corp: 1683/22Kb lim: 29 exec/s: 232 rss: 529Mb L: 28/29 MS: 4 InsertRepeatedBytes-CMP-ChangeBit-ChangeBinInt- DE: "\377\377\002\342"-
#91189	NEW    cov: 17325 ft: 56399 corp: 1684/22Kb lim: 29 exec/s: 232 rss: 529Mb L: 26/29 MS: 4 CMP-ChangeByte-ChangeBinInt-PersAutoDict- DE: "\011\000\000\000\000\000\000\000"-"\000\356"-
#91231	NEW    cov: 17325 ft: 56400 corp: 1685/22Kb lim: 29 exec/s: 232 rss: 529Mb L: 24/29 MS: 2 ChangeByte-ChangeBit-
#91242	NEW    cov: 17325 ft: 56402 corp: 1686/22Kb lim: 29 exec/s: 232 rss: 529Mb L: 25/29 MS: 1 CrossOver-
#91258	NEW    cov: 17325 ft: 56403 corp: 1687/22Kb lim: 29 exec/s: 232 rss: 529Mb L: 14/29 MS: 1 CopyPart-
#91312	REDUCE cov: 17325 ft: 56403 corp: 1687/22Kb lim: 29 exec/s: 232 rss: 529Mb L: 24/29 MS: 4 EraseBytes-CrossOver-CrossOver-InsertRepeatedBytes-
#91316	NEW    cov: 17325 ft: 56405 corp: 1688/22Kb lim: 29 exec/s: 232 rss: 529Mb L: 29/29 MS: 4 CopyPart-CrossOver-InsertByte-ShuffleBytes-
#91485	NEW    cov: 17325 ft: 56421 corp: 1689/22Kb lim: 29 exec/s: 232 rss: 529Mb L: 24/29 MS: 4 InsertRepeatedBytes-ChangeBinInt-ShuffleBytes-ChangeByte-
#91498	NEW    cov: 17325 ft: 56424 corp: 1690/22Kb lim: 29 exec/s: 232 rss: 529Mb L: 28/29 MS: 3 InsertRepeatedBytes-ChangeBinInt-InsertByte-
#91511	NEW    cov: 17325 ft: 56435 corp: 1691/22Kb lim: 29 exec/s: 232 rss: 529Mb L: 28/29 MS: 3 ChangeASCIIInt-ChangeByte-CopyPart-
#91839	NEW    cov: 17325 ft: 56458 corp: 1692/22Kb lim: 29 exec/s: 231 rss: 529Mb L: 26/29 MS: 3 ChangeBinInt-ChangeByte-InsertByte-
#91855	REDUCE cov: 17325 ft: 56458 corp: 1692/22Kb lim: 29 exec/s: 231 rss: 529Mb L: 22/29 MS: 1 EraseBytes-
#91884	NEW    cov: 17325 ft: 56461 corp: 1693/22Kb lim: 29 exec/s: 232 rss: 529Mb L: 15/29 MS: 4 CrossOver-ChangeBit-ChangeBinInt-InsertByte-
#91955	NEW    cov: 17325 ft: 56463 corp: 1694/22Kb lim: 29 exec/s: 232 rss: 529Mb L: 23/29 MS: 1 CopyPart-
#92166	NEW    cov: 17325 ft: 56520 corp: 1695/22Kb lim: 29 exec/s: 232 rss: 529Mb L: 29/29 MS: 1 InsertRepeatedBytes-
#92180	NEW    cov: 17326 ft: 56532 corp: 1696/22Kb lim: 29 exec/s: 232 rss: 529Mb L: 28/29 MS: 4 ChangeByte-CMP-EraseBytes-InsertRepeatedBytes- DE: "\015\000\000\000\000\000\000\000"-
#92208	NEW    cov: 17327 ft: 56533 corp: 1697/22Kb lim: 29 exec/s: 232 rss: 529Mb L: 17/29 MS: 3 ChangeBinInt-ChangeBit-ChangeByte-
#92229	NEW    cov: 17327 ft: 56534 corp: 1698/22Kb lim: 29 exec/s: 232 rss: 529Mb L: 6/29 MS: 1 ChangeByte-
	NEW_FUNC[1/1]: 0x000102c82824 in _RINvMs9_NtNtNtCs7a5mATVz8u3_5alloc11collections5btree4nodeINtB6_7NodeRefNtNtB6_6marker5OwnedTNtNtCsaadRk6yvHw6_6rsword7package6PartIdNtNtNtB1x_3xml3dom6NodeIdENtNtNtB1x_5model8revision10RevisionIdNtB1a_8InternalE17from_new_internalNtNtBc_5alloc6GlobalEB1x_+0x0 (fuzz_edit:arm64+0x1000ca824)
#92661	NEW    cov: 17518 ft: 56784 corp: 1699/22Kb lim: 33 exec/s: 232 rss: 529Mb L: 24/29 MS: 2 ChangeASCIIInt-CrossOver-
#92765	NEW    cov: 17518 ft: 56785 corp: 1700/22Kb lim: 33 exec/s: 231 rss: 529Mb L: 30/30 MS: 4 CMP-ShuffleBytes-ChangeByte-PersAutoDict- DE: "\000\000\000\000\000\000\000\000"-"\003\337"-
#92787	NEW    cov: 17518 ft: 56788 corp: 1701/22Kb lim: 33 exec/s: 231 rss: 529Mb L: 31/31 MS: 2 InsertRepeatedBytes-InsertRepeatedBytes-
#92853	NEW    cov: 17518 ft: 56789 corp: 1702/22Kb lim: 33 exec/s: 232 rss: 529Mb L: 23/31 MS: 1 ChangeByte-
#92902	NEW    cov: 17518 ft: 56790 corp: 1703/22Kb lim: 33 exec/s: 232 rss: 529Mb L: 30/31 MS: 4 PersAutoDict-ChangeBit-ChangeByte-CrossOver- DE: "\001\000\003i"-
#92974	NEW    cov: 17518 ft: 56791 corp: 1704/22Kb lim: 33 exec/s: 231 rss: 529Mb L: 26/31 MS: 2 CopyPart-CopyPart-
#93027	NEW    cov: 17518 ft: 56949 corp: 1705/22Kb lim: 33 exec/s: 231 rss: 529Mb L: 33/33 MS: 3 CrossOver-CopyPart-PersAutoDict- DE: "\314\001"-
#93133	NEW    cov: 17518 ft: 56957 corp: 1706/22Kb lim: 33 exec/s: 232 rss: 529Mb L: 24/33 MS: 1 PersAutoDict- DE: "\000\000\000\000\000\000\000\000"-
#93158	NEW    cov: 17518 ft: 56958 corp: 1707/22Kb lim: 33 exec/s: 232 rss: 529Mb L: 27/33 MS: 5 ChangeBit-ChangeBit-InsertRepeatedBytes-ChangeBinInt-CopyPart-
#93474	NEW    cov: 17518 ft: 56972 corp: 1708/22Kb lim: 33 exec/s: 231 rss: 529Mb L: 23/33 MS: 1 ShuffleBytes-
#93510	NEW    cov: 17518 ft: 56975 corp: 1709/22Kb lim: 33 exec/s: 232 rss: 529Mb L: 14/33 MS: 1 EraseBytes-
#93522	REDUCE cov: 17518 ft: 56975 corp: 1709/22Kb lim: 33 exec/s: 232 rss: 529Mb L: 6/33 MS: 2 ChangeByte-EraseBytes-
#93554	NEW    cov: 17518 ft: 56990 corp: 1710/23Kb lim: 33 exec/s: 232 rss: 529Mb L: 31/33 MS: 2 InsertRepeatedBytes-InsertByte-
#93585	NEW    cov: 17518 ft: 56995 corp: 1711/23Kb lim: 33 exec/s: 232 rss: 529Mb L: 32/33 MS: 1 InsertRepeatedBytes-
#93670	NEW    cov: 17522 ft: 57002 corp: 1712/23Kb lim: 33 exec/s: 231 rss: 529Mb L: 22/33 MS: 5 ShuffleBytes-CopyPart-CrossOver-InsertByte-CrossOver-
#93723	NEW    cov: 17522 ft: 57012 corp: 1713/23Kb lim: 33 exec/s: 231 rss: 529Mb L: 33/33 MS: 3 InsertByte-InsertRepeatedBytes-CopyPart-
#93823	NEW    cov: 17522 ft: 57013 corp: 1714/23Kb lim: 33 exec/s: 232 rss: 529Mb L: 22/33 MS: 5 ChangeBinInt-InsertRepeatedBytes-PersAutoDict-ShuffleBytes-EraseBytes- DE: "\003\000\000\000"-
#93826	NEW    cov: 17522 ft: 57015 corp: 1715/23Kb lim: 33 exec/s: 232 rss: 529Mb L: 31/33 MS: 3 InsertRepeatedBytes-InsertByte-CopyPart-
#93840	NEW    cov: 17522 ft: 57021 corp: 1716/23Kb lim: 33 exec/s: 232 rss: 529Mb L: 31/33 MS: 4 PersAutoDict-InsertRepeatedBytes-ShuffleBytes-PersAutoDict- DE: "\001\000\003N"-"\002\276"-
#93852	NEW    cov: 17522 ft: 57025 corp: 1717/23Kb lim: 33 exec/s: 232 rss: 529Mb L: 27/33 MS: 2 ChangeBinInt-InsertRepeatedBytes-
#93859	REDUCE cov: 17522 ft: 57025 corp: 1717/23Kb lim: 33 exec/s: 232 rss: 529Mb L: 19/33 MS: 2 ChangeBinInt-EraseBytes-
#93943	NEW    cov: 17522 ft: 57026 corp: 1718/23Kb lim: 33 exec/s: 231 rss: 529Mb L: 28/33 MS: 4 ChangeBit-ChangeBit-ChangeBit-CrossOver-
#93984	NEW    cov: 17522 ft: 57027 corp: 1719/23Kb lim: 33 exec/s: 232 rss: 529Mb L: 25/33 MS: 1 InsertRepeatedBytes-
#93999	REDUCE cov: 17522 ft: 57027 corp: 1719/23Kb lim: 33 exec/s: 232 rss: 529Mb L: 12/33 MS: 5 CMP-CMP-CrossOver-EraseBytes-CrossOver- DE: "P\003"-"\002\000\000\000\000\000\000\000"-
#94038	NEW    cov: 17522 ft: 57029 corp: 1720/23Kb lim: 33 exec/s: 232 rss: 529Mb L: 32/33 MS: 4 ChangeBit-EraseBytes-ChangeBinInt-InsertRepeatedBytes-
#94055	NEW    cov: 17522 ft: 57030 corp: 1721/23Kb lim: 33 exec/s: 232 rss: 529Mb L: 17/33 MS: 2 ChangeBit-PersAutoDict- DE: "\015\000\000\000\000\000\000\200"-
#94081	NEW    cov: 17522 ft: 57031 corp: 1722/23Kb lim: 33 exec/s: 231 rss: 529Mb L: 31/33 MS: 1 InsertRepeatedBytes-
#94134	NEW    cov: 17522 ft: 57056 corp: 1723/23Kb lim: 33 exec/s: 231 rss: 529Mb L: 22/33 MS: 3 CMP-ChangeBinInt-PersAutoDict- DE: "\377\377\001\214"-"\015\000\000\000\000\000\000\000"-
#94156	NEW    cov: 17522 ft: 57058 corp: 1724/23Kb lim: 33 exec/s: 231 rss: 529Mb L: 32/33 MS: 2 ChangeASCIIInt-InsertRepeatedBytes-
#94242	NEW    cov: 17533 ft: 57069 corp: 1725/23Kb lim: 33 exec/s: 232 rss: 529Mb L: 25/33 MS: 1 ChangeBinInt-
#94355	NEW    cov: 17533 ft: 57070 corp: 1726/23Kb lim: 33 exec/s: 231 rss: 529Mb L: 29/33 MS: 3 ChangeBinInt-CopyPart-PersAutoDict- DE: "\001\000\003O"-
#94357	NEW    cov: 17533 ft: 57075 corp: 1727/23Kb lim: 33 exec/s: 231 rss: 529Mb L: 26/33 MS: 2 PersAutoDict-CopyPart- DE: "\000\000\002\336"-
#94373	NEW    cov: 17533 ft: 57076 corp: 1728/23Kb lim: 33 exec/s: 231 rss: 529Mb L: 27/33 MS: 1 CrossOver-
#94509	NEW    cov: 17533 ft: 57085 corp: 1729/23Kb lim: 33 exec/s: 232 rss: 529Mb L: 26/33 MS: 1 InsertByte-
#94510	NEW    cov: 17533 ft: 57086 corp: 1730/23Kb lim: 33 exec/s: 231 rss: 529Mb L: 24/33 MS: 1 InsertRepeatedBytes-
#94527	NEW    cov: 17533 ft: 57095 corp: 1731/23Kb lim: 33 exec/s: 231 rss: 529Mb L: 19/33 MS: 2 ChangeBinInt-CopyPart-
#94680	NEW    cov: 17533 ft: 57101 corp: 1732/23Kb lim: 33 exec/s: 232 rss: 529Mb L: 26/33 MS: 3 ShuffleBytes-ChangeByte-CopyPart-
#94687	NEW    cov: 17533 ft: 57105 corp: 1733/23Kb lim: 33 exec/s: 232 rss: 529Mb L: 32/33 MS: 2 InsertRepeatedBytes-CopyPart-
#94697	NEW    cov: 17548 ft: 57159 corp: 1734/23Kb lim: 33 exec/s: 232 rss: 529Mb L: 33/33 MS: 5 CrossOver-CopyPart-ShuffleBytes-CopyPart-ChangeBit-
#94731	NEW    cov: 17548 ft: 57160 corp: 1735/23Kb lim: 33 exec/s: 231 rss: 529Mb L: 25/33 MS: 4 ChangeBit-InsertByte-ShuffleBytes-CrossOver-
#94823	NEW    cov: 17548 ft: 57162 corp: 1736/23Kb lim: 33 exec/s: 231 rss: 529Mb L: 31/33 MS: 2 CopyPart-CMP- DE: "\006\000\000\000\000\000\000\000"-
#94842	NEW    cov: 17549 ft: 57163 corp: 1737/23Kb lim: 33 exec/s: 231 rss: 529Mb L: 31/33 MS: 4 CopyPart-ChangeBit-ChangeBit-CMP- DE: "\000\000\000\000\000\000\000\004"-
#94859	NEW    cov: 17549 ft: 57165 corp: 1738/23Kb lim: 33 exec/s: 231 rss: 529Mb L: 27/33 MS: 2 ChangeBit-InsertByte-
#94935	NEW    cov: 17549 ft: 57167 corp: 1739/23Kb lim: 33 exec/s: 232 rss: 529Mb L: 32/33 MS: 1 CrossOver-
#94938	NEW    cov: 17549 ft: 57169 corp: 1740/23Kb lim: 33 exec/s: 232 rss: 529Mb L: 32/33 MS: 3 CopyPart-PersAutoDict-CMP- DE: "\010\000\000\000\000\000\000\000"-"\004O"-
#94944	NEW    cov: 17549 ft: 57175 corp: 1741/23Kb lim: 33 exec/s: 232 rss: 529Mb L: 32/33 MS: 1 InsertRepeatedBytes-
#95025	NEW    cov: 17549 ft: 57177 corp: 1742/23Kb lim: 33 exec/s: 231 rss: 529Mb L: 32/33 MS: 1 InsertByte-
#95043	NEW    cov: 17551 ft: 57191 corp: 1743/23Kb lim: 33 exec/s: 231 rss: 529Mb L: 32/33 MS: 3 CrossOver-CrossOver-ChangeBinInt-
#95087	NEW    cov: 17551 ft: 57199 corp: 1744/23Kb lim: 33 exec/s: 231 rss: 529Mb L: 25/33 MS: 4 PersAutoDict-ChangeASCIIInt-ChangeASCIIInt-ChangeBit- DE: "\001\000\000\000\000\000\000\007"-
#95151	NEW    cov: 17551 ft: 57259 corp: 1745/23Kb lim: 33 exec/s: 232 rss: 529Mb L: 33/33 MS: 4 CopyPart-CopyPart-ChangeBinInt-ShuffleBytes-
#95167	NEW    cov: 17551 ft: 57313 corp: 1746/23Kb lim: 33 exec/s: 232 rss: 529Mb L: 27/33 MS: 1 CrossOver-
#95305	NEW    cov: 17552 ft: 57315 corp: 1747/24Kb lim: 33 exec/s: 231 rss: 529Mb L: 33/33 MS: 3 ShuffleBytes-InsertRepeatedBytes-ShuffleBytes-
#95314	NEW    cov: 17554 ft: 57317 corp: 1748/24Kb lim: 33 exec/s: 231 rss: 529Mb L: 23/33 MS: 4 CopyPart-ChangeByte-ChangeBit-ChangeBit-
#95381	NEW    cov: 17554 ft: 57318 corp: 1749/24Kb lim: 33 exec/s: 232 rss: 529Mb L: 27/33 MS: 2 ShuffleBytes-PersAutoDict- DE: "\377\377"-
#95429	NEW    cov: 17554 ft: 57320 corp: 1750/24Kb lim: 33 exec/s: 231 rss: 529Mb L: 28/33 MS: 3 CrossOver-InsertRepeatedBytes-ChangeBit-
#95447	NEW    cov: 17554 ft: 57322 corp: 1751/24Kb lim: 33 exec/s: 231 rss: 529Mb L: 33/33 MS: 3 InsertRepeatedBytes-PersAutoDict-InsertByte- DE: "\001\030"-
#95551	NEW    cov: 17554 ft: 57327 corp: 1752/24Kb lim: 33 exec/s: 231 rss: 529Mb L: 33/33 MS: 4 ChangeBit-CrossOver-ChangeByte-CMP- DE: "\001\000\000\000\000\000\000\010"-
#95578	NEW    cov: 17554 ft: 57328 corp: 1753/24Kb lim: 33 exec/s: 231 rss: 529Mb L: 26/33 MS: 2 CopyPart-CMP- DE: "\031\002\000\000\000\000\000\000"-
#95591	NEW    cov: 17554 ft: 57329 corp: 1754/24Kb lim: 33 exec/s: 232 rss: 529Mb L: 23/33 MS: 3 InsertByte-CrossOver-InsertByte-
#95802	NEW    cov: 17554 ft: 57330 corp: 1755/24Kb lim: 33 exec/s: 231 rss: 529Mb L: 22/33 MS: 1 InsertByte-
#95835	NEW    cov: 17554 ft: 57335 corp: 1756/24Kb lim: 33 exec/s: 232 rss: 529Mb L: 25/33 MS: 3 CrossOver-ChangeByte-ShuffleBytes-
#95856	NEW    cov: 17554 ft: 57339 corp: 1757/24Kb lim: 33 exec/s: 232 rss: 529Mb L: 32/33 MS: 1 CopyPart-
#95947	NEW    cov: 17554 ft: 57340 corp: 1758/24Kb lim: 33 exec/s: 231 rss: 529Mb L: 16/33 MS: 1 ChangeByte-
#95982	NEW    cov: 17554 ft: 57342 corp: 1759/24Kb lim: 33 exec/s: 231 rss: 529Mb L: 33/33 MS: 5 ChangeByte-CopyPart-ChangeBit-InsertRepeatedBytes-InsertRepeatedBytes-
#95993	NEW    cov: 17554 ft: 57346 corp: 1760/24Kb lim: 33 exec/s: 231 rss: 529Mb L: 17/33 MS: 1 CMP- DE: "\326\003"-
#96090	NEW    cov: 17557 ft: 57354 corp: 1761/24Kb lim: 33 exec/s: 232 rss: 529Mb L: 33/33 MS: 2 ChangeByte-CMP- DE: "\377\377\377\377\377\377\377\377"-
#96231	NEW    cov: 17557 ft: 57355 corp: 1762/24Kb lim: 33 exec/s: 231 rss: 529Mb L: 24/33 MS: 1 ShuffleBytes-
#96364	NEW    cov: 17557 ft: 57381 corp: 1763/24Kb lim: 33 exec/s: 232 rss: 529Mb L: 33/33 MS: 3 ChangeBit-ChangeBinInt-PersAutoDict- DE: "\377\377\002\276"-
#96375	NEW    cov: 17557 ft: 57383 corp: 1764/24Kb lim: 33 exec/s: 231 rss: 529Mb L: 32/33 MS: 1 CopyPart-
#96431	NEW    cov: 17557 ft: 57384 corp: 1765/24Kb lim: 33 exec/s: 231 rss: 529Mb L: 24/33 MS: 1 ChangeBit-
#96453	NEW    cov: 17557 ft: 57385 corp: 1766/24Kb lim: 33 exec/s: 231 rss: 529Mb L: 33/33 MS: 2 InsertByte-InsertRepeatedBytes-
#96573	NEW    cov: 17557 ft: 57388 corp: 1767/24Kb lim: 33 exec/s: 232 rss: 529Mb L: 32/33 MS: 5 CopyPart-ChangeByte-InsertRepeatedBytes-ChangeBit-CopyPart-
#96618	NEW    cov: 17557 ft: 57435 corp: 1768/24Kb lim: 33 exec/s: 231 rss: 529Mb L: 27/33 MS: 5 ShuffleBytes-ChangeBinInt-CopyPart-ChangeBit-CopyPart-
#96705	REDUCE cov: 17558 ft: 57438 corp: 1769/24Kb lim: 33 exec/s: 231 rss: 529Mb L: 30/33 MS: 2 CopyPart-ShuffleBytes-
#96852	NEW    cov: 17558 ft: 57439 corp: 1770/24Kb lim: 33 exec/s: 231 rss: 529Mb L: 31/33 MS: 2 PersAutoDict-CopyPart- DE: "\006\000\000\000\000\000\000\000"-
#96884	NEW    cov: 17558 ft: 57441 corp: 1771/24Kb lim: 33 exec/s: 231 rss: 529Mb L: 29/33 MS: 2 CopyPart-InsertRepeatedBytes-
#96910	NEW    cov: 17558 ft: 57449 corp: 1772/24Kb lim: 33 exec/s: 231 rss: 529Mb L: 33/33 MS: 1 ShuffleBytes-
#96951	NEW    cov: 17558 ft: 57455 corp: 1773/24Kb lim: 33 exec/s: 231 rss: 529Mb L: 32/33 MS: 1 CopyPart-
#96957	NEW    cov: 17558 ft: 57458 corp: 1774/24Kb lim: 33 exec/s: 231 rss: 529Mb L: 31/33 MS: 1 CMP- DE: "_\001\000\000"-
#96966	NEW    cov: 17558 ft: 57480 corp: 1775/24Kb lim: 33 exec/s: 231 rss: 529Mb L: 33/33 MS: 4 InsertRepeatedBytes-ChangeBit-CrossOver-ChangeBit-
#97013	NEW    cov: 17558 ft: 57487 corp: 1776/24Kb lim: 33 exec/s: 232 rss: 529Mb L: 33/33 MS: 2 ShuffleBytes-InsertRepeatedBytes-
#97048	NEW    cov: 17558 ft: 57488 corp: 1777/24Kb lim: 33 exec/s: 231 rss: 529Mb L: 26/33 MS: 5 CopyPart-ChangeByte-ChangeBinInt-ChangeBinInt-CopyPart-
#97083	REDUCE cov: 17558 ft: 57603 corp: 1778/24Kb lim: 33 exec/s: 231 rss: 529Mb L: 33/33 MS: 5 EraseBytes-ShuffleBytes-ShuffleBytes-InsertRepeatedBytes-InsertByte-
#97113	NEW    cov: 17558 ft: 57609 corp: 1779/24Kb lim: 33 exec/s: 231 rss: 529Mb L: 30/33 MS: 5 PersAutoDict-InsertByte-ChangeBit-CrossOver-CopyPart- DE: "\000\211"-
#97120	NEW    cov: 17558 ft: 57612 corp: 1780/24Kb lim: 33 exec/s: 231 rss: 529Mb L: 33/33 MS: 2 ChangeBit-CrossOver-
#97276	NEW    cov: 17558 ft: 57619 corp: 1781/24Kb lim: 33 exec/s: 231 rss: 529Mb L: 27/33 MS: 1 CopyPart-
#97325	NEW    cov: 17558 ft: 57620 corp: 1782/25Kb lim: 33 exec/s: 231 rss: 529Mb L: 32/33 MS: 4 CopyPart-InsertByte-CopyPart-ShuffleBytes-
#97402	NEW    cov: 17558 ft: 57624 corp: 1783/25Kb lim: 33 exec/s: 231 rss: 529Mb L: 25/33 MS: 2 ShuffleBytes-CopyPart-
#97424	NEW    cov: 17558 ft: 57625 corp: 1784/25Kb lim: 33 exec/s: 231 rss: 529Mb L: 31/33 MS: 2 ChangeByte-ShuffleBytes-
#97456	NEW    cov: 17558 ft: 57637 corp: 1785/25Kb lim: 33 exec/s: 232 rss: 529Mb L: 25/33 MS: 2 ShuffleBytes-CrossOver-
#97575	NEW    cov: 17558 ft: 57638 corp: 1786/25Kb lim: 33 exec/s: 231 rss: 529Mb L: 32/33 MS: 4 PersAutoDict-ChangeByte-InsertRepeatedBytes-CopyPart- DE: "M\003"-
#97577	NEW    cov: 17558 ft: 57639 corp: 1787/25Kb lim: 33 exec/s: 231 rss: 529Mb L: 29/33 MS: 2 CMP-CopyPart- DE: "g\002\000\000"-
#97607	NEW    cov: 17558 ft: 57654 corp: 1788/25Kb lim: 33 exec/s: 231 rss: 529Mb L: 33/33 MS: 5 InsertRepeatedBytes-ChangeBinInt-CopyPart-ChangeBinInt-CopyPart-
#97633	NEW    cov: 17558 ft: 57655 corp: 1789/25Kb lim: 33 exec/s: 231 rss: 529Mb L: 25/33 MS: 1 CMP- DE: "\275\003\000\000"-
#97712	NEW    cov: 17559 ft: 57658 corp: 1790/25Kb lim: 33 exec/s: 231 rss: 529Mb L: 25/33 MS: 4 ChangeByte-CopyPart-EraseBytes-InsertRepeatedBytes-
#97893	NEW    cov: 17562 ft: 57662 corp: 1791/25Kb lim: 33 exec/s: 231 rss: 529Mb L: 24/33 MS: 1 CMP- DE: "\036\377\377\377\377\377\377\377"-
#97897	NEW    cov: 17562 ft: 57666 corp: 1792/25Kb lim: 33 exec/s: 231 rss: 529Mb L: 33/33 MS: 4 InsertByte-CrossOver-InsertRepeatedBytes-CopyPart-
#97940	NEW    cov: 17562 ft: 57668 corp: 1793/25Kb lim: 33 exec/s: 231 rss: 529Mb L: 19/33 MS: 3 CopyPart-InsertByte-InsertByte-
#97951	NEW    cov: 17562 ft: 57669 corp: 1794/25Kb lim: 33 exec/s: 231 rss: 529Mb L: 22/33 MS: 1 InsertByte-
#98073	NEW    cov: 17562 ft: 57675 corp: 1795/25Kb lim: 33 exec/s: 231 rss: 529Mb L: 12/33 MS: 2 ChangeBinInt-EraseBytes-
#98085	NEW    cov: 17562 ft: 57677 corp: 1796/25Kb lim: 33 exec/s: 231 rss: 529Mb L: 32/33 MS: 2 CrossOver-ShuffleBytes-
#98101	NEW    cov: 17562 ft: 57678 corp: 1797/25Kb lim: 33 exec/s: 231 rss: 529Mb L: 26/33 MS: 1 InsertByte-
#98126	NEW    cov: 17562 ft: 57679 corp: 1798/25Kb lim: 33 exec/s: 231 rss: 529Mb L: 30/33 MS: 5 ChangeByte-ChangeByte-ChangeBinInt-PersAutoDict-CopyPart- DE: "\001\000\000\002"-
#98140	NEW    cov: 17562 ft: 57680 corp: 1799/25Kb lim: 33 exec/s: 231 rss: 529Mb L: 25/33 MS: 4 CopyPart-EraseBytes-CopyPart-CMP- DE: "\002\263"-
#98364	NEW    cov: 17562 ft: 57717 corp: 1800/25Kb lim: 33 exec/s: 231 rss: 529Mb L: 32/33 MS: 4 ChangeBit-PersAutoDict-ChangeBinInt-CopyPart- DE: "\377\377\002&"-
#98368	NEW    cov: 17562 ft: 57723 corp: 1801/25Kb lim: 33 exec/s: 231 rss: 529Mb L: 33/33 MS: 4 ShuffleBytes-ShuffleBytes-ChangeBit-PersAutoDict- DE: "\001\000\000\000\000\000\000\007"-
#98546	NEW    cov: 17562 ft: 57724 corp: 1802/25Kb lim: 33 exec/s: 231 rss: 529Mb L: 29/33 MS: 3 ChangeBinInt-CopyPart-ChangeBit-
#98637	NEW    cov: 17562 ft: 57741 corp: 1803/25Kb lim: 33 exec/s: 231 rss: 529Mb L: 29/33 MS: 1 InsertRepeatedBytes-
#98772	NEW    cov: 17562 ft: 57743 corp: 1804/25Kb lim: 33 exec/s: 231 rss: 529Mb L: 28/33 MS: 5 CrossOver-InsertByte-ChangeByte-CrossOver-ChangeBinInt-
#98777	NEW    cov: 17562 ft: 57749 corp: 1805/25Kb lim: 33 exec/s: 231 rss: 529Mb L: 24/33 MS: 5 InsertByte-EraseBytes-PersAutoDict-InsertRepeatedBytes-CopyPart- DE: "\000\205"-
#98865	NEW    cov: 17562 ft: 57751 corp: 1806/25Kb lim: 33 exec/s: 231 rss: 529Mb L: 16/33 MS: 3 ChangeBinInt-ChangeByte-CopyPart-
#98887	NEW    cov: 17562 ft: 57753 corp: 1807/25Kb lim: 33 exec/s: 231 rss: 529Mb L: 29/33 MS: 2 ChangeASCIIInt-InsertRepeatedBytes-
#99230	NEW    cov: 17562 ft: 57755 corp: 1808/25Kb lim: 33 exec/s: 231 rss: 529Mb L: 31/33 MS: 3 CMP-CrossOver-CopyPart- DE: "\025\005"-
#99292	REDUCE cov: 17562 ft: 57755 corp: 1808/25Kb lim: 33 exec/s: 231 rss: 529Mb L: 14/33 MS: 2 ChangeBit-EraseBytes-
#99333	NEW    cov: 17562 ft: 57756 corp: 1809/25Kb lim: 33 exec/s: 231 rss: 529Mb L: 33/33 MS: 1 CopyPart-
#99387	NEW    cov: 17562 ft: 57759 corp: 1810/25Kb lim: 33 exec/s: 231 rss: 529Mb L: 33/33 MS: 4 ChangeByte-InsertByte-CopyPart-InsertRepeatedBytes-
#99526	NEW    cov: 17562 ft: 57762 corp: 1811/25Kb lim: 33 exec/s: 231 rss: 529Mb L: 29/33 MS: 4 CrossOver-CMP-EraseBytes-InsertRepeatedBytes- DE: "\377\377\377\377\377\377\377\004"-
#99538	REDUCE cov: 17562 ft: 57762 corp: 1811/25Kb lim: 33 exec/s: 231 rss: 529Mb L: 24/33 MS: 2 ChangeByte-EraseBytes-
#99745	NEW    cov: 17562 ft: 57763 corp: 1812/25Kb lim: 33 exec/s: 231 rss: 529Mb L: 20/33 MS: 2 ShuffleBytes-CrossOver-
#99780	NEW    cov: 17562 ft: 57765 corp: 1813/25Kb lim: 33 exec/s: 231 rss: 529Mb L: 30/33 MS: 5 InsertRepeatedBytes-InsertByte-InsertByte-CMP-InsertByte- DE: "\377\377\377\377\377\377\377\003"-
#99966	NEW    cov: 17562 ft: 57766 corp: 1814/25Kb lim: 33 exec/s: 231 rss: 529Mb L: 33/33 MS: 1 ChangeBit-
#99990	NEW    cov: 17562 ft: 58035 corp: 1815/25Kb lim: 33 exec/s: 231 rss: 529Mb L: 27/33 MS: 4 ChangeBit-CopyPart-InsertByte-CopyPart-
#100131	REDUCE cov: 17562 ft: 58035 corp: 1815/25Kb lim: 33 exec/s: 231 rss: 529Mb L: 23/33 MS: 1 EraseBytes-
#100156	NEW    cov: 17562 ft: 58036 corp: 1816/25Kb lim: 33 exec/s: 231 rss: 529Mb L: 14/33 MS: 5 ChangeBinInt-PersAutoDict-ChangeBinInt-CrossOver-ChangeBinInt- DE: "\377\377\002\342"-
#100345	NEW    cov: 17562 ft: 58037 corp: 1817/25Kb lim: 33 exec/s: 231 rss: 529Mb L: 33/33 MS: 4 InsertByte-CrossOver-InsertByte-CopyPart-
#100389	NEW    cov: 17563 ft: 58040 corp: 1818/25Kb lim: 33 exec/s: 231 rss: 529Mb L: 33/33 MS: 4 ShuffleBytes-InsertRepeatedBytes-ChangeByte-InsertByte-
#100404	NEW    cov: 17563 ft: 58041 corp: 1819/25Kb lim: 33 exec/s: 231 rss: 529Mb L: 33/33 MS: 5 InsertRepeatedBytes-ChangeBinInt-ChangeByte-InsertRepeatedBytes-CopyPart-
#100460	NEW    cov: 17563 ft: 58042 corp: 1820/26Kb lim: 33 exec/s: 231 rss: 529Mb L: 32/33 MS: 1 InsertRepeatedBytes-
#100545	NEW    cov: 17563 ft: 58045 corp: 1821/26Kb lim: 33 exec/s: 231 rss: 529Mb L: 31/33 MS: 5 ChangeByte-InsertRepeatedBytes-EraseBytes-CMP-CrossOver- DE: "\313\001\000\000"-
#100560	NEW    cov: 17563 ft: 58046 corp: 1822/26Kb lim: 33 exec/s: 231 rss: 529Mb L: 33/33 MS: 5 CopyPart-InsertByte-CopyPart-ChangeBit-ChangeByte-
#100582	NEW    cov: 17563 ft: 58115 corp: 1823/26Kb lim: 33 exec/s: 231 rss: 529Mb L: 33/33 MS: 2 InsertRepeatedBytes-CopyPart-
#100606	NEW    cov: 17563 ft: 58116 corp: 1824/26Kb lim: 33 exec/s: 231 rss: 529Mb L: 28/33 MS: 4 InsertByte-ShuffleBytes-ShuffleBytes-PersAutoDict- DE: "\377\377\002\342"-
#100617	NEW    cov: 17563 ft: 58122 corp: 1825/26Kb lim: 33 exec/s: 231 rss: 529Mb L: 33/33 MS: 1 CMP- DE: "\003\000\000\000\000\000\000\000"-
#100725	NEW    cov: 17563 ft: 58123 corp: 1826/26Kb lim: 33 exec/s: 231 rss: 529Mb L: 28/33 MS: 3 InsertByte-InsertRepeatedBytes-ChangeBit-
#100729	NEW    cov: 17563 ft: 58125 corp: 1827/26Kb lim: 33 exec/s: 231 rss: 529Mb L: 25/33 MS: 4 PersAutoDict-ShuffleBytes-InsertByte-ChangeBit- DE: "\247\004"-
#100752	NEW    cov: 17563 ft: 58126 corp: 1828/26Kb lim: 33 exec/s: 231 rss: 529Mb L: 33/33 MS: 3 InsertByte-CopyPart-CopyPart-
#100774	NEW    cov: 17563 ft: 58127 corp: 1829/26Kb lim: 33 exec/s: 231 rss: 529Mb L: 31/33 MS: 2 CrossOver-InsertRepeatedBytes-
#100918	NEW    cov: 17564 ft: 58131 corp: 1830/26Kb lim: 33 exec/s: 231 rss: 529Mb L: 24/33 MS: 4 ChangeBit-ChangeByte-ShuffleBytes-CopyPart-
#101101	REDUCE cov: 17564 ft: 58131 corp: 1830/26Kb lim: 33 exec/s: 231 rss: 529Mb L: 12/33 MS: 3 InsertByte-CrossOver-ChangeByte-
#101158	NEW    cov: 17564 ft: 58133 corp: 1831/26Kb lim: 33 exec/s: 231 rss: 529Mb L: 17/33 MS: 2 ChangeBit-PersAutoDict- DE: "\002\320"-
#101285	NEW    cov: 17564 ft: 58134 corp: 1832/26Kb lim: 33 exec/s: 231 rss: 529Mb L: 28/33 MS: 2 ChangeByte-PersAutoDict- DE: "\377\377\002&"-
#101335	NEW    cov: 17564 ft: 58136 corp: 1833/26Kb lim: 33 exec/s: 231 rss: 529Mb L: 33/33 MS: 5 InsertRepeatedBytes-InsertByte-ChangeByte-ChangeBinInt-InsertRepeatedBytes-
#101465	NEW    cov: 17564 ft: 58163 corp: 1834/26Kb lim: 33 exec/s: 231 rss: 529Mb L: 29/33 MS: 5 CrossOver-InsertByte-InsertRepeatedBytes-ChangeBit-ChangeBinInt-
#101583	NEW    cov: 17564 ft: 58164 corp: 1835/26Kb lim: 33 exec/s: 231 rss: 529Mb L: 25/33 MS: 3 ChangeBit-CrossOver-InsertByte-
#101624	NEW    cov: 17564 ft: 58174 corp: 1836/26Kb lim: 33 exec/s: 231 rss: 529Mb L: 28/33 MS: 1 ChangeBinInt-
#101654	NEW    cov: 17564 ft: 58255 corp: 1837/26Kb lim: 33 exec/s: 231 rss: 529Mb L: 30/33 MS: 5 CrossOver-ChangeBit-ChangeBit-CrossOver-InsertRepeatedBytes-
#101750	NEW    cov: 17564 ft: 58258 corp: 1838/26Kb lim: 33 exec/s: 231 rss: 529Mb L: 27/33 MS: 1 CopyPart-
#101786	REDUCE cov: 17564 ft: 58258 corp: 1838/26Kb lim: 33 exec/s: 231 rss: 529Mb L: 13/33 MS: 1 EraseBytes-
#101822	NEW    cov: 17564 ft: 58260 corp: 1839/26Kb lim: 33 exec/s: 231 rss: 529Mb L: 33/33 MS: 1 InsertRepeatedBytes-
#102015	NEW    cov: 17564 ft: 58262 corp: 1840/26Kb lim: 33 exec/s: 231 rss: 529Mb L: 31/33 MS: 3 CopyPart-ChangeBinInt-CopyPart-
#102133	NEW    cov: 17564 ft: 58263 corp: 1841/26Kb lim: 33 exec/s: 231 rss: 529Mb L: 31/33 MS: 3 ShuffleBytes-PersAutoDict-InsertRepeatedBytes- DE: "\001\000\001\232"-
#102141	NEW    cov: 17564 ft: 58265 corp: 1842/26Kb lim: 33 exec/s: 231 rss: 529Mb L: 18/33 MS: 3 ShuffleBytes-InsertByte-CMP- DE: "\211\001\000\000"-
#102269	NEW    cov: 17564 ft: 58266 corp: 1843/26Kb lim: 33 exec/s: 231 rss: 529Mb L: 33/33 MS: 3 CopyPart-ChangeBit-InsertRepeatedBytes-
#102436	NEW    cov: 17564 ft: 58273 corp: 1844/26Kb lim: 33 exec/s: 231 rss: 529Mb L: 31/33 MS: 2 ChangeBit-ChangeBinInt-
#102612	NEW    cov: 17564 ft: 58276 corp: 1845/26Kb lim: 33 exec/s: 231 rss: 529Mb L: 27/33 MS: 1 ShuffleBytes-
#102682	NEW    cov: 17564 ft: 58277 corp: 1846/26Kb lim: 33 exec/s: 231 rss: 529Mb L: 33/33 MS: 5 InsertRepeatedBytes-ChangeASCIIInt-PersAutoDict-ChangeASCIIInt-CMP- DE: "\001\000\000\205"-"\377\377\001\336"-
#102723	NEW    cov: 17564 ft: 58279 corp: 1847/26Kb lim: 33 exec/s: 231 rss: 529Mb L: 26/33 MS: 1 PersAutoDict- DE: "\001\000\002\214"-
#102914	REDUCE cov: 17564 ft: 58279 corp: 1847/26Kb lim: 33 exec/s: 231 rss: 529Mb L: 23/33 MS: 1 EraseBytes-
#102953	NEW    cov: 17564 ft: 58359 corp: 1848/26Kb lim: 33 exec/s: 231 rss: 529Mb L: 33/33 MS: 4 ChangeBinInt-ChangeBit-ChangeByte-InsertRepeatedBytes-
#102964	NEW    cov: 17565 ft: 58360 corp: 1849/26Kb lim: 33 exec/s: 231 rss: 529Mb L: 25/33 MS: 1 PersAutoDict- DE: "\000UUUUUUU"-
#103124	NEW    cov: 17565 ft: 58361 corp: 1850/26Kb lim: 33 exec/s: 231 rss: 529Mb L: 29/33 MS: 5 ChangeByte-ChangeBit-InsertRepeatedBytes-ChangeBit-PersAutoDict- DE: "\262\002"-
#103191	NEW    cov: 17565 ft: 58378 corp: 1851/26Kb lim: 33 exec/s: 231 rss: 529Mb L: 28/33 MS: 2 CrossOver-InsertRepeatedBytes-
#103232	NEW    cov: 17565 ft: 58380 corp: 1852/26Kb lim: 33 exec/s: 231 rss: 529Mb L: 33/33 MS: 1 InsertByte-
#103292	NEW    cov: 17565 ft: 58383 corp: 1853/26Kb lim: 33 exec/s: 231 rss: 529Mb L: 27/33 MS: 5 CMP-CrossOver-InsertByte-ChangeBinInt-InsertRepeatedBytes- DE: "\005j"-
#103319	NEW    cov: 17565 ft: 58387 corp: 1854/26Kb lim: 33 exec/s: 231 rss: 529Mb L: 30/33 MS: 2 CopyPart-ChangeBit-
#103360	REDUCE cov: 17565 ft: 58387 corp: 1854/26Kb lim: 33 exec/s: 231 rss: 529Mb L: 22/33 MS: 1 EraseBytes-
#103386	REDUCE cov: 17565 ft: 58388 corp: 1855/27Kb lim: 33 exec/s: 231 rss: 529Mb L: 24/33 MS: 1 InsertRepeatedBytes-
#103502	NEW    cov: 17565 ft: 58574 corp: 1856/27Kb lim: 33 exec/s: 231 rss: 529Mb L: 25/33 MS: 1 ShuffleBytes-
#103610	NEW    cov: 17565 ft: 58618 corp: 1857/27Kb lim: 33 exec/s: 231 rss: 529Mb L: 25/33 MS: 3 CopyPart-ChangeBit-InsertRepeatedBytes-
#103625	NEW    cov: 17570 ft: 58623 corp: 1858/27Kb lim: 33 exec/s: 231 rss: 529Mb L: 28/33 MS: 5 InsertByte-ChangeBit-ChangeBit-CopyPart-CopyPart-
#103631	NEW    cov: 17570 ft: 58624 corp: 1859/27Kb lim: 33 exec/s: 231 rss: 529Mb L: 23/33 MS: 1 ChangeBinInt-
#103708	NEW    cov: 17570 ft: 58628 corp: 1860/27Kb lim: 33 exec/s: 231 rss: 529Mb L: 32/33 MS: 2 InsertRepeatedBytes-ChangeByte-
#103777	NEW    cov: 17571 ft: 58629 corp: 1861/27Kb lim: 33 exec/s: 231 rss: 529Mb L: 25/33 MS: 4 EraseBytes-PersAutoDict-CrossOver-EraseBytes- DE: "\015\000\000\000\000\000\000\000"-
#103828	NEW    cov: 17571 ft: 58631 corp: 1862/27Kb lim: 33 exec/s: 231 rss: 529Mb L: 25/33 MS: 1 ShuffleBytes-
#103861	NEW    cov: 17571 ft: 58633 corp: 1863/27Kb lim: 33 exec/s: 231 rss: 529Mb L: 19/33 MS: 3 PersAutoDict-ShuffleBytes-EraseBytes- DE: "\377\377\001\320"-
#103907	NEW    cov: 17571 ft: 58635 corp: 1864/27Kb lim: 33 exec/s: 231 rss: 529Mb L: 33/33 MS: 1 InsertRepeatedBytes-
#103962	NEW    cov: 17571 ft: 58636 corp: 1865/27Kb lim: 33 exec/s: 231 rss: 529Mb L: 32/33 MS: 5 CopyPart-CopyPart-CrossOver-InsertByte-PersAutoDict- DE: "\377\377\002\276"-
#103974	NEW    cov: 17571 ft: 58637 corp: 1866/27Kb lim: 33 exec/s: 231 rss: 529Mb L: 14/33 MS: 2 ChangeByte-ChangeByte-
#104277	NEW    cov: 17571 ft: 58640 corp: 1867/27Kb lim: 33 exec/s: 231 rss: 529Mb L: 26/33 MS: 3 CopyPart-ChangeBinInt-InsertByte-
#104339	NEW    cov: 17571 ft: 58643 corp: 1868/27Kb lim: 33 exec/s: 231 rss: 529Mb L: 33/33 MS: 2 ChangeBinInt-InsertRepeatedBytes-
#104370	NEW    cov: 17571 ft: 58644 corp: 1869/27Kb lim: 33 exec/s: 231 rss: 529Mb L: 26/33 MS: 1 InsertRepeatedBytes-
#104453	NEW    cov: 17571 ft: 58645 corp: 1870/27Kb lim: 33 exec/s: 231 rss: 529Mb L: 33/33 MS: 3 CopyPart-InsertByte-ChangeBinInt-
#104514	REDUCE cov: 17571 ft: 58645 corp: 1870/27Kb lim: 33 exec/s: 231 rss: 529Mb L: 15/33 MS: 1 EraseBytes-
#104584	NEW    cov: 17571 ft: 58649 corp: 1871/27Kb lim: 33 exec/s: 231 rss: 529Mb L: 33/33 MS: 5 InsertByte-ChangeBinInt-CopyPart-ChangeBinInt-CrossOver-
#104680	NEW    cov: 17571 ft: 58653 corp: 1872/27Kb lim: 33 exec/s: 231 rss: 529Mb L: 27/33 MS: 1 InsertRepeatedBytes-
#104721	NEW    cov: 17572 ft: 58654 corp: 1873/27Kb lim: 33 exec/s: 231 rss: 529Mb L: 18/33 MS: 1 InsertByte-
#104791	NEW    cov: 17572 ft: 58668 corp: 1874/27Kb lim: 33 exec/s: 231 rss: 529Mb L: 27/33 MS: 5 EraseBytes-ChangeByte-ChangeBinInt-CopyPart-InsertRepeatedBytes-
#104794	NEW    cov: 17572 ft: 58690 corp: 1875/27Kb lim: 33 exec/s: 231 rss: 529Mb L: 28/33 MS: 3 ChangeByte-ShuffleBytes-InsertRepeatedBytes-
#104842	NEW    cov: 17581 ft: 58735 corp: 1876/27Kb lim: 33 exec/s: 231 rss: 529Mb L: 29/33 MS: 3 ChangeByte-PersAutoDict-InsertRepeatedBytes- DE: "\377\001"-
#104923	NEW    cov: 17581 ft: 58737 corp: 1877/27Kb lim: 33 exec/s: 231 rss: 529Mb L: 25/33 MS: 1 ChangeBinInt-
#105098	NEW    cov: 17581 ft: 58744 corp: 1878/27Kb lim: 33 exec/s: 230 rss: 529Mb L: 31/33 MS: 5 PersAutoDict-CopyPart-InsertRepeatedBytes-InsertByte-CopyPart- DE: "\016\000\000\000\000\000\000\000"-
#105115	NEW    cov: 17581 ft: 58760 corp: 1879/27Kb lim: 33 exec/s: 231 rss: 529Mb L: 28/33 MS: 2 CopyPart-CopyPart-
#105321	NEW    cov: 17581 ft: 58766 corp: 1880/27Kb lim: 33 exec/s: 230 rss: 529Mb L: 29/33 MS: 1 CopyPart-
#105387	NEW    cov: 17581 ft: 58767 corp: 1881/27Kb lim: 33 exec/s: 231 rss: 529Mb L: 33/33 MS: 1 ShuffleBytes-
#105418	NEW    cov: 17581 ft: 58768 corp: 1882/27Kb lim: 33 exec/s: 231 rss: 529Mb L: 28/33 MS: 1 PersAutoDict- DE: "\002\307"-
#105485	NEW    cov: 17581 ft: 58771 corp: 1883/27Kb lim: 33 exec/s: 231 rss: 529Mb L: 25/33 MS: 2 ChangeByte-ShuffleBytes-
#105561	NEW    cov: 17581 ft: 58807 corp: 1884/27Kb lim: 33 exec/s: 230 rss: 529Mb L: 31/33 MS: 1 CopyPart-
#105583	NEW    cov: 17581 ft: 58808 corp: 1885/27Kb lim: 33 exec/s: 231 rss: 529Mb L: 32/33 MS: 2 ChangeBinInt-ShuffleBytes-
#105594	NEW    cov: 17581 ft: 58809 corp: 1886/27Kb lim: 33 exec/s: 231 rss: 529Mb L: 30/33 MS: 1 InsertRepeatedBytes-
#105665	NEW    cov: 17581 ft: 58810 corp: 1887/27Kb lim: 33 exec/s: 231 rss: 529Mb L: 20/33 MS: 1 EraseBytes-
#105667	NEW    cov: 17581 ft: 58813 corp: 1888/27Kb lim: 33 exec/s: 231 rss: 529Mb L: 30/33 MS: 2 InsertRepeatedBytes-ChangeBinInt-
#105680	NEW    cov: 17581 ft: 58942 corp: 1889/27Kb lim: 33 exec/s: 231 rss: 529Mb L: 23/33 MS: 3 ShuffleBytes-ChangeByte-CrossOver-
#105786	NEW    cov: 17584 ft: 59032 corp: 1890/27Kb lim: 33 exec/s: 230 rss: 529Mb L: 31/33 MS: 1 InsertRepeatedBytes-
#105837	NEW    cov: 17584 ft: 59034 corp: 1891/27Kb lim: 33 exec/s: 231 rss: 529Mb L: 33/33 MS: 1 CopyPart-
#105848	NEW    cov: 17584 ft: 59036 corp: 1892/27Kb lim: 33 exec/s: 231 rss: 529Mb L: 24/33 MS: 1 ChangeByte-
#106173	NEW    cov: 17584 ft: 59037 corp: 1893/28Kb lim: 33 exec/s: 231 rss: 529Mb L: 29/33 MS: 5 ShuffleBytes-CopyPart-CMP-ShuffleBytes-InsertRepeatedBytes- DE: "\343\003"-
#106296	NEW    cov: 17584 ft: 59038 corp: 1894/28Kb lim: 33 exec/s: 231 rss: 529Mb L: 31/33 MS: 3 ShuffleBytes-InsertRepeatedBytes-InsertRepeatedBytes-
#106307	REDUCE cov: 17584 ft: 59038 corp: 1894/28Kb lim: 33 exec/s: 231 rss: 529Mb L: 29/33 MS: 1 EraseBytes-
#106487	NEW    cov: 17584 ft: 59039 corp: 1895/28Kb lim: 33 exec/s: 230 rss: 529Mb L: 28/33 MS: 5 CopyPart-ChangeBinInt-CMP-ChangeBinInt-EraseBytes- DE: "\373\001\000\000"-
#106564	NEW    cov: 17587 ft: 59132 corp: 1896/28Kb lim: 33 exec/s: 231 rss: 529Mb L: 30/33 MS: 2 ChangeBit-InsertRepeatedBytes-
#106595	NEW    cov: 17587 ft: 59134 corp: 1897/28Kb lim: 33 exec/s: 231 rss: 529Mb L: 33/33 MS: 1 InsertRepeatedBytes-
#106746	NEW    cov: 17587 ft: 59136 corp: 1898/28Kb lim: 33 exec/s: 231 rss: 529Mb L: 20/33 MS: 1 CopyPart-
#106858	NEW    cov: 17587 ft: 59138 corp: 1899/28Kb lim: 33 exec/s: 231 rss: 529Mb L: 33/33 MS: 2 ShuffleBytes-ChangeBinInt-
#106885	REDUCE cov: 17587 ft: 59138 corp: 1899/28Kb lim: 33 exec/s: 231 rss: 529Mb L: 23/33 MS: 2 InsertRepeatedBytes-EraseBytes-
#107113	NEW    cov: 17587 ft: 59140 corp: 1900/28Kb lim: 33 exec/s: 230 rss: 529Mb L: 33/33 MS: 3 CopyPart-ChangeBit-InsertByte-
#107236	NEW    cov: 17621 ft: 59265 corp: 1901/28Kb lim: 33 exec/s: 230 rss: 529Mb L: 25/33 MS: 3 ChangeByte-InsertRepeatedBytes-CrossOver-
#107265	NEW    cov: 17621 ft: 59266 corp: 1902/28Kb lim: 33 exec/s: 230 rss: 529Mb L: 32/33 MS: 4 EraseBytes-CopyPart-InsertRepeatedBytes-CMP- DE: "\377\377\377\377\377\377\377\007"-
#107376	NEW    cov: 17621 ft: 59269 corp: 1903/28Kb lim: 33 exec/s: 230 rss: 529Mb L: 22/33 MS: 1 CMP- DE: "\222$I\222$I\222\004"-
#107493	REDUCE cov: 17622 ft: 59304 corp: 1904/28Kb lim: 33 exec/s: 230 rss: 529Mb L: 32/33 MS: 2 InsertRepeatedBytes-InsertRepeatedBytes-
#107560	NEW    cov: 17622 ft: 59308 corp: 1905/28Kb lim: 33 exec/s: 230 rss: 529Mb L: 29/33 MS: 2 CMP-EraseBytes- DE: "\004\252"-
#107585	NEW    cov: 17622 ft: 59309 corp: 1906/28Kb lim: 33 exec/s: 230 rss: 529Mb L: 33/33 MS: 5 CMP-InsertByte-InsertRepeatedBytes-ChangeBit-CrossOver- DE: "\004\002\000\000"-
#107737	NEW    cov: 17623 ft: 59310 corp: 1907/28Kb lim: 33 exec/s: 230 rss: 529Mb L: 31/33 MS: 2 CopyPart-CopyPart-
#107758	REDUCE cov: 17623 ft: 59310 corp: 1907/28Kb lim: 33 exec/s: 230 rss: 529Mb L: 29/33 MS: 1 EraseBytes-
#107908	REDUCE cov: 17624 ft: 59311 corp: 1908/28Kb lim: 33 exec/s: 230 rss: 529Mb L: 29/33 MS: 5 CrossOver-CopyPart-EraseBytes-ChangeBinInt-InsertRepeatedBytes-
#107994	REDUCE cov: 17624 ft: 59311 corp: 1908/28Kb lim: 33 exec/s: 230 rss: 529Mb L: 6/33 MS: 1 EraseBytes-
#108079	NEW    cov: 17626 ft: 59322 corp: 1909/28Kb lim: 33 exec/s: 230 rss: 529Mb L: 23/33 MS: 5 ChangeBinInt-CopyPart-ChangeBinInt-EraseBytes-CopyPart-
#108159	NEW    cov: 17626 ft: 59325 corp: 1910/28Kb lim: 33 exec/s: 230 rss: 529Mb L: 24/33 MS: 5 EraseBytes-PersAutoDict-ChangeBit-CrossOver-CrossOver- DE: "\336\002"-
#108162	NEW    cov: 17626 ft: 59338 corp: 1911/28Kb lim: 33 exec/s: 230 rss: 529Mb L: 27/33 MS: 3 CopyPart-ChangeBit-ChangeByte-
#108259	NEW    cov: 17626 ft: 59340 corp: 1912/28Kb lim: 33 exec/s: 230 rss: 529Mb L: 25/33 MS: 2 ChangeByte-ShuffleBytes-
#108349	NEW    cov: 17626 ft: 59353 corp: 1913/28Kb lim: 33 exec/s: 230 rss: 529Mb L: 32/33 MS: 5 ChangeByte-InsertRepeatedBytes-ChangeBinInt-ChangeByte-InsertRepeatedBytes-
#108372	NEW    cov: 17626 ft: 59356 corp: 1914/28Kb lim: 33 exec/s: 230 rss: 529Mb L: 33/33 MS: 3 InsertRepeatedBytes-InsertRepeatedBytes-CrossOver-
#108435	NEW    cov: 17626 ft: 59359 corp: 1915/28Kb lim: 33 exec/s: 230 rss: 529Mb L: 23/33 MS: 3 ShuffleBytes-ChangeBinInt-CopyPart-
#108507	NEW    cov: 17626 ft: 59378 corp: 1916/28Kb lim: 33 exec/s: 230 rss: 529Mb L: 30/33 MS: 2 CopyPart-CrossOver-
#108568	NEW    cov: 17626 ft: 59386 corp: 1917/28Kb lim: 33 exec/s: 230 rss: 529Mb L: 32/33 MS: 1 InsertRepeatedBytes-
#108794	NEW    cov: 17626 ft: 59388 corp: 1918/28Kb lim: 33 exec/s: 230 rss: 529Mb L: 33/33 MS: 1 ChangeBit-
#108868	NEW    cov: 17626 ft: 59402 corp: 1919/28Kb lim: 33 exec/s: 230 rss: 529Mb L: 33/33 MS: 4 ChangeBinInt-CopyPart-ChangeByte-InsertRepeatedBytes-
#108974	NEW    cov: 17626 ft: 59403 corp: 1920/28Kb lim: 33 exec/s: 230 rss: 529Mb L: 33/33 MS: 1 CrossOver-
#109035	NEW    cov: 17626 ft: 59414 corp: 1921/28Kb lim: 33 exec/s: 230 rss: 529Mb L: 25/33 MS: 1 CopyPart-
#109164	REDUCE cov: 17626 ft: 59415 corp: 1922/28Kb lim: 33 exec/s: 230 rss: 529Mb L: 25/33 MS: 4 CopyPart-CrossOver-EraseBytes-CrossOver-
#109322	NEW    cov: 17626 ft: 59416 corp: 1923/28Kb lim: 33 exec/s: 230 rss: 529Mb L: 25/33 MS: 3 PersAutoDict-ChangeByte-InsertRepeatedBytes- DE: "\213\002"-
#109328	NEW    cov: 17626 ft: 59417 corp: 1924/28Kb lim: 33 exec/s: 230 rss: 529Mb L: 33/33 MS: 1 InsertRepeatedBytes-
#109336	NEW    cov: 17637 ft: 59428 corp: 1925/28Kb lim: 33 exec/s: 230 rss: 529Mb L: 27/33 MS: 3 ChangeBinInt-CopyPart-CopyPart-
#109514	NEW    cov: 17637 ft: 59429 corp: 1926/28Kb lim: 33 exec/s: 230 rss: 529Mb L: 24/33 MS: 3 ShuffleBytes-InsertRepeatedBytes-EraseBytes-
#109532	NEW    cov: 17637 ft: 59432 corp: 1927/28Kb lim: 33 exec/s: 230 rss: 529Mb L: 25/33 MS: 3 ChangeASCIIInt-ShuffleBytes-ShuffleBytes-
#109559	NEW    cov: 17638 ft: 59433 corp: 1928/28Kb lim: 33 exec/s: 230 rss: 529Mb L: 25/33 MS: 2 ChangeBit-CrossOver-
#109588	NEW    cov: 17638 ft: 59434 corp: 1929/29Kb lim: 33 exec/s: 230 rss: 529Mb L: 33/33 MS: 4 ShuffleBytes-CrossOver-CMP-CopyPart- DE: "\001\000\000\000\000\000\000\000"-
#109624	REDUCE cov: 17638 ft: 59434 corp: 1929/29Kb lim: 33 exec/s: 230 rss: 529Mb L: 15/33 MS: 1 EraseBytes-
#109712	NEW    cov: 17638 ft: 59441 corp: 1930/29Kb lim: 33 exec/s: 230 rss: 529Mb L: 33/33 MS: 3 CopyPart-CopyPart-ShuffleBytes-
#109913	NEW    cov: 17639 ft: 59466 corp: 1931/29Kb lim: 33 exec/s: 229 rss: 529Mb L: 31/33 MS: 1 CopyPart-
#109924	NEW    cov: 17639 ft: 59470 corp: 1932/29Kb lim: 33 exec/s: 229 rss: 529Mb L: 27/33 MS: 1 CopyPart-
#110017	NEW    cov: 17639 ft: 59479 corp: 1933/29Kb lim: 33 exec/s: 230 rss: 529Mb L: 30/33 MS: 3 CrossOver-EraseBytes-CopyPart-
#110057	NEW    cov: 17639 ft: 59480 corp: 1934/29Kb lim: 33 exec/s: 230 rss: 529Mb L: 28/33 MS: 5 CrossOver-InsertRepeatedBytes-CopyPart-CopyPart-CrossOver-
#110085	NEW    cov: 17639 ft: 59484 corp: 1935/29Kb lim: 33 exec/s: 230 rss: 529Mb L: 32/33 MS: 3 ChangeByte-ChangeBit-ChangeBit-
#110283	NEW    cov: 17639 ft: 59486 corp: 1936/29Kb lim: 33 exec/s: 230 rss: 529Mb L: 27/33 MS: 3 CopyPart-InsertRepeatedBytes-CrossOver-
#110324	NEW    cov: 17643 ft: 59496 corp: 1937/29Kb lim: 33 exec/s: 230 rss: 529Mb L: 27/33 MS: 1 ChangeByte-
#110455	NEW    cov: 17643 ft: 59502 corp: 1938/29Kb lim: 33 exec/s: 230 rss: 529Mb L: 25/33 MS: 1 CopyPart-
#110493	NEW    cov: 17643 ft: 59503 corp: 1939/29Kb lim: 33 exec/s: 230 rss: 529Mb L: 32/33 MS: 3 ChangeBit-PersAutoDict-CopyPart- DE: "\377\377\002\342"-
#110581	NEW    cov: 17643 ft: 59504 corp: 1940/29Kb lim: 33 exec/s: 229 rss: 529Mb L: 28/33 MS: 3 CopyPart-PersAutoDict-CopyPart- DE: "P\003"-
#110582	REDUCE cov: 17643 ft: 59504 corp: 1940/29Kb lim: 33 exec/s: 229 rss: 529Mb L: 24/33 MS: 1 EraseBytes-
#110739	NEW    cov: 17643 ft: 59505 corp: 1941/29Kb lim: 33 exec/s: 230 rss: 529Mb L: 30/33 MS: 2 PersAutoDict-ChangeByte- DE: "\317\002"-
#110783	NEW    cov: 17643 ft: 59511 corp: 1942/29Kb lim: 33 exec/s: 229 rss: 529Mb L: 33/33 MS: 4 ChangeBinInt-ChangeBit-ChangeByte-CopyPart-
#110814	NEW    cov: 17643 ft: 59512 corp: 1943/29Kb lim: 33 exec/s: 229 rss: 529Mb L: 33/33 MS: 1 PersAutoDict- DE: "\275\003\000\000"-
#110927	NEW    cov: 17643 ft: 59531 corp: 1944/29Kb lim: 33 exec/s: 230 rss: 529Mb L: 27/33 MS: 3 PersAutoDict-ChangeBinInt-CrossOver- DE: "\377\377\377\377"-
#111001	NEW    cov: 17643 ft: 59532 corp: 1945/29Kb lim: 33 exec/s: 229 rss: 529Mb L: 33/33 MS: 4 ChangeByte-CopyPart-ShuffleBytes-ChangeBinInt-
#111012	NEW    cov: 17643 ft: 59534 corp: 1946/29Kb lim: 33 exec/s: 229 rss: 529Mb L: 33/33 MS: 1 ChangeBit-
#111069	NEW    cov: 17643 ft: 59535 corp: 1947/29Kb lim: 33 exec/s: 229 rss: 529Mb L: 33/33 MS: 2 CopyPart-ShuffleBytes-
#111085	REDUCE cov: 17643 ft: 59535 corp: 1947/29Kb lim: 33 exec/s: 229 rss: 529Mb L: 13/33 MS: 1 EraseBytes-
#111202	NEW    cov: 17643 ft: 59537 corp: 1948/29Kb lim: 33 exec/s: 230 rss: 529Mb L: 22/33 MS: 2 ChangeBinInt-InsertRepeatedBytes-
#111338	NEW    cov: 17643 ft: 59538 corp: 1949/29Kb lim: 33 exec/s: 230 rss: 529Mb L: 29/33 MS: 1 InsertRepeatedBytes-
#111473	NEW    cov: 17643 ft: 59541 corp: 1950/29Kb lim: 33 exec/s: 229 rss: 529Mb L: 32/33 MS: 5 CrossOver-EraseBytes-CopyPart-PersAutoDict-ChangeBinInt- DE: "\377\377\001\263"-
#111566	NEW    cov: 17643 ft: 59542 corp: 1951/29Kb lim: 33 exec/s: 230 rss: 529Mb L: 33/33 MS: 3 PersAutoDict-CopyPart-CopyPart- DE: "\006\002"-
#111644	NEW    cov: 17643 ft: 59543 corp: 1952/29Kb lim: 33 exec/s: 229 rss: 529Mb L: 29/33 MS: 3 ChangeByte-ChangeBit-PersAutoDict- DE: "\377\377\001\336"-
#111950	NEW    cov: 17643 ft: 59544 corp: 1953/29Kb lim: 33 exec/s: 229 rss: 529Mb L: 33/33 MS: 1 InsertRepeatedBytes-
#111966	NEW    cov: 17643 ft: 59550 corp: 1954/29Kb lim: 33 exec/s: 229 rss: 529Mb L: 27/33 MS: 1 ChangeBit-
#112059	NEW    cov: 17643 ft: 59552 corp: 1955/29Kb lim: 33 exec/s: 229 rss: 529Mb L: 26/33 MS: 3 InsertByte-CopyPart-ShuffleBytes-
#112089	NEW    cov: 17643 ft: 59553 corp: 1956/29Kb lim: 33 exec/s: 229 rss: 529Mb L: 18/33 MS: 5 InsertRepeatedBytes-InsertRepeatedBytes-ChangeBinInt-CopyPart-CrossOver-
#112158	NEW    cov: 17643 ft: 59562 corp: 1957/29Kb lim: 33 exec/s: 229 rss: 529Mb L: 30/33 MS: 4 InsertRepeatedBytes-ChangeByte-ShuffleBytes-ChangeBit-
#112406	NEW    cov: 17643 ft: 59563 corp: 1958/29Kb lim: 33 exec/s: 229 rss: 529Mb L: 32/33 MS: 3 CrossOver-ChangeASCIIInt-CrossOver-
#112422	NEW    cov: 17643 ft: 59564 corp: 1959/29Kb lim: 33 exec/s: 229 rss: 529Mb L: 33/33 MS: 1 InsertRepeatedBytes-
#112443	NEW    cov: 17643 ft: 59565 corp: 1960/29Kb lim: 33 exec/s: 229 rss: 529Mb L: 25/33 MS: 1 ChangeBinInt-
#112484	REDUCE cov: 17643 ft: 59565 corp: 1960/29Kb lim: 33 exec/s: 229 rss: 529Mb L: 16/33 MS: 1 EraseBytes-
#112499	NEW    cov: 17643 ft: 59567 corp: 1961/29Kb lim: 33 exec/s: 229 rss: 529Mb L: 32/33 MS: 5 ChangeBit-CrossOver-CrossOver-InsertRepeatedBytes-CrossOver-
#112510	NEW    cov: 17643 ft: 59571 corp: 1962/29Kb lim: 33 exec/s: 229 rss: 529Mb L: 33/33 MS: 1 InsertRepeatedBytes-
#112567	NEW    cov: 17643 ft: 59579 corp: 1963/29Kb lim: 33 exec/s: 229 rss: 529Mb L: 31/33 MS: 2 CopyPart-InsertRepeatedBytes-
#112568	NEW    cov: 17643 ft: 59582 corp: 1964/30Kb lim: 33 exec/s: 229 rss: 529Mb L: 25/33 MS: 1 ShuffleBytes-
#112782	NEW    cov: 17643 ft: 59584 corp: 1965/30Kb lim: 33 exec/s: 229 rss: 529Mb L: 33/33 MS: 4 CopyPart-CopyPart-ShuffleBytes-ChangeByte-
#112991	NEW    cov: 17643 ft: 59585 corp: 1966/30Kb lim: 33 exec/s: 229 rss: 529Mb L: 32/33 MS: 4 InsertByte-PersAutoDict-CrossOver-CrossOver- DE: "i\002"-
#113007	REDUCE cov: 17643 ft: 59585 corp: 1966/30Kb lim: 33 exec/s: 229 rss: 529Mb L: 26/33 MS: 1 CrossOver-
#113225	NEW    cov: 17643 ft: 59586 corp: 1967/30Kb lim: 33 exec/s: 229 rss: 529Mb L: 32/33 MS: 3 InsertRepeatedBytes-ChangeBit-InsertRepeatedBytes-
#113254	NEW    cov: 17643 ft: 59592 corp: 1968/30Kb lim: 33 exec/s: 229 rss: 529Mb L: 33/33 MS: 4 InsertByte-ChangeBinInt-CopyPart-PersAutoDict- DE: "\335\002\000\000"-
#113312	NEW    cov: 17651 ft: 59742 corp: 1969/30Kb lim: 33 exec/s: 229 rss: 529Mb L: 28/33 MS: 3 CMP-InsertByte-EraseBytes- DE: "_\001"-
#113755	REDUCE cov: 17651 ft: 59742 corp: 1969/30Kb lim: 33 exec/s: 229 rss: 529Mb L: 23/33 MS: 3 ChangeByte-EraseBytes-PersAutoDict- DE: "\036\377\377\377\377\377\377\377"-
#113922	NEW    cov: 17651 ft: 59746 corp: 1970/30Kb lim: 33 exec/s: 229 rss: 529Mb L: 32/33 MS: 2 CrossOver-PersAutoDict- DE: "\001\000\000\000"-
#114253	NEW    cov: 17651 ft: 59748 corp: 1971/30Kb lim: 33 exec/s: 229 rss: 529Mb L: 24/33 MS: 1 CopyPart-
#114418	NEW    cov: 17651 ft: 59749 corp: 1972/30Kb lim: 33 exec/s: 229 rss: 529Mb L: 33/33 MS: 5 CopyPart-InsertRepeatedBytes-ChangeBit-ShuffleBytes-InsertRepeatedBytes-
#114579	NEW    cov: 17651 ft: 59750 corp: 1973/30Kb lim: 33 exec/s: 229 rss: 529Mb L: 15/33 MS: 1 InsertByte-
#114775	NEW    cov: 17651 ft: 59751 corp: 1974/30Kb lim: 33 exec/s: 229 rss: 529Mb L: 31/33 MS: 1 ShuffleBytes-
#115001	NEW    cov: 17651 ft: 59752 corp: 1975/30Kb lim: 33 exec/s: 229 rss: 529Mb L: 27/33 MS: 1 PersAutoDict- DE: "\015\000\000\000\000\000\000\000"-
#115270	NEW    cov: 17655 ft: 59762 corp: 1976/30Kb lim: 33 exec/s: 229 rss: 529Mb L: 33/33 MS: 4 ShuffleBytes-ChangeBit-CopyPart-CopyPart-
#115474	NEW    cov: 17655 ft: 59764 corp: 1977/30Kb lim: 33 exec/s: 229 rss: 529Mb L: 32/33 MS: 4 PersAutoDict-ChangeBinInt-InsertByte-InsertByte- DE: "\377\377\377\377\377\377\377O"-
#115494	NEW    cov: 17655 ft: 59765 corp: 1978/30Kb lim: 33 exec/s: 229 rss: 529Mb L: 29/33 MS: 5 ChangeBit-PersAutoDict-CrossOver-ChangeBit-InsertByte- DE: "\001\000\0015"-
#115545	NEW    cov: 17655 ft: 59767 corp: 1979/30Kb lim: 33 exec/s: 229 rss: 529Mb L: 33/33 MS: 1 CopyPart-
#115675	NEW    cov: 17655 ft: 59768 corp: 1980/30Kb lim: 33 exec/s: 229 rss: 529Mb L: 27/33 MS: 5 ChangeByte-InsertByte-ChangeBinInt-ShuffleBytes-PersAutoDict- DE: "\377\377\377\377\377\377\377\012"-
#115686	NEW    cov: 17655 ft: 59769 corp: 1981/30Kb lim: 33 exec/s: 229 rss: 529Mb L: 32/33 MS: 1 CopyPart-
#115843	NEW    cov: 17655 ft: 59771 corp: 1982/30Kb lim: 33 exec/s: 229 rss: 529Mb L: 30/33 MS: 2 ChangeByte-CopyPart-
#115911	NEW    cov: 17655 ft: 59831 corp: 1983/30Kb lim: 33 exec/s: 229 rss: 529Mb L: 33/33 MS: 3 CopyPart-ShuffleBytes-CrossOver-
#116126	NEW    cov: 17655 ft: 59832 corp: 1984/30Kb lim: 33 exec/s: 229 rss: 529Mb L: 25/33 MS: 5 ShuffleBytes-InsertByte-ChangeBit-EraseBytes-ChangeBinInt-
#116189	NEW    cov: 17655 ft: 59837 corp: 1985/30Kb lim: 33 exec/s: 229 rss: 529Mb L: 31/33 MS: 3 EraseBytes-InsertByte-PersAutoDict- DE: "\003\336"-
	NEW_FUNC[1/1]: 0x0001041eb4e0 in _RNvXs1g_NtCs7oq3hgLOR5a_4core3fmtReNtB6_5Debug3fmtCsaadRk6yvHw6_6rsword+0x0 (fuzz_edit:arm64+0x1016334e0)
#116382	NEW    cov: 17659 ft: 59841 corp: 1986/30Kb lim: 33 exec/s: 229 rss: 529Mb L: 23/33 MS: 3 ChangeBinInt-ShuffleBytes-CopyPart-
#116438	NEW    cov: 17659 ft: 59842 corp: 1987/30Kb lim: 33 exec/s: 229 rss: 529Mb L: 26/33 MS: 1 EraseBytes-
#116451	NEW    cov: 17659 ft: 59843 corp: 1988/30Kb lim: 33 exec/s: 229 rss: 529Mb L: 33/33 MS: 3 ShuffleBytes-ChangeBinInt-CrossOver-
#116454	NEW    cov: 17659 ft: 59868 corp: 1989/30Kb lim: 33 exec/s: 229 rss: 529Mb L: 26/33 MS: 3 CopyPart-ChangeBit-ChangeByte-
#116596	REDUCE cov: 17659 ft: 59868 corp: 1989/30Kb lim: 33 exec/s: 229 rss: 529Mb L: 12/33 MS: 2 InsertByte-EraseBytes-
#116599	NEW    cov: 17659 ft: 59874 corp: 1990/30Kb lim: 33 exec/s: 229 rss: 529Mb L: 28/33 MS: 3 CopyPart-CopyPart-CrossOver-
#116603	NEW    cov: 17659 ft: 59875 corp: 1991/30Kb lim: 33 exec/s: 229 rss: 529Mb L: 33/33 MS: 4 ChangeBit-CrossOver-PersAutoDict-InsertRepeatedBytes- DE: "\003\337"-
#116975	NEW    cov: 17659 ft: 59879 corp: 1992/30Kb lim: 33 exec/s: 229 rss: 529Mb L: 15/33 MS: 2 ChangeBinInt-InsertByte-
#117111	REDUCE cov: 17659 ft: 59879 corp: 1992/30Kb lim: 33 exec/s: 229 rss: 529Mb L: 26/33 MS: 1 EraseBytes-
#117167	NEW    cov: 17659 ft: 59880 corp: 1993/30Kb lim: 33 exec/s: 229 rss: 529Mb L: 25/33 MS: 1 ShuffleBytes-
#117207	NEW    cov: 17659 ft: 59883 corp: 1994/30Kb lim: 33 exec/s: 229 rss: 529Mb L: 17/33 MS: 5 InsertRepeatedBytes-PersAutoDict-CrossOver-ShuffleBytes-EraseBytes- DE: "\001\000\003N"-
#117210	NEW    cov: 17659 ft: 59885 corp: 1995/30Kb lim: 33 exec/s: 229 rss: 529Mb L: 28/33 MS: 3 EraseBytes-CopyPart-CrossOver-
#117242	NEW    cov: 17659 ft: 59887 corp: 1996/30Kb lim: 33 exec/s: 229 rss: 529Mb L: 33/33 MS: 2 InsertRepeatedBytes-InsertRepeatedBytes-
#117293	REDUCE cov: 17659 ft: 59887 corp: 1996/30Kb lim: 33 exec/s: 229 rss: 529Mb L: 13/33 MS: 1 EraseBytes-
#117313	NEW    cov: 17659 ft: 59888 corp: 1997/30Kb lim: 33 exec/s: 229 rss: 529Mb L: 31/33 MS: 5 PersAutoDict-PersAutoDict-ChangeASCIIInt-CopyPart-InsertByte- DE: "\003\263"-"\001\000\002\263"-
#117374	NEW    cov: 17661 ft: 59891 corp: 1998/30Kb lim: 33 exec/s: 229 rss: 529Mb L: 21/33 MS: 1 InsertByte-
#117664	REDUCE cov: 17661 ft: 59891 corp: 1998/30Kb lim: 33 exec/s: 229 rss: 529Mb L: 15/33 MS: 5 ChangeBit-CrossOver-PersAutoDict-PersAutoDict-EraseBytes- DE: "\001\000\000\000\000\000\000\010"-"\3020\014\3030\014\303\000"-
#117780	NEW    cov: 17661 ft: 59892 corp: 1999/30Kb lim: 33 exec/s: 229 rss: 529Mb L: 25/33 MS: 1 CMP- DE: "\376\377\377\377\377\377\377\377"-
#117795	NEW    cov: 17661 ft: 59893 corp: 2000/31Kb lim: 33 exec/s: 229 rss: 529Mb L: 33/33 MS: 5 PersAutoDict-InsertByte-InsertRepeatedBytes-InsertRepeatedBytes-CrossOver- DE: "\001\002\340\\\013\201p."-
#117804	NEW    cov: 17661 ft: 59895 corp: 2001/31Kb lim: 33 exec/s: 229 rss: 529Mb L: 32/33 MS: 4 ChangeBit-PersAutoDict-CrossOver-CrossOver- DE: "\377\377\377\377\377\377\377\012"-
#117903	NEW    cov: 17661 ft: 59896 corp: 2002/31Kb lim: 33 exec/s: 229 rss: 529Mb L: 32/33 MS: 4 ChangeByte-ShuffleBytes-InsertRepeatedBytes-CrossOver-
#117943	NEW    cov: 17661 ft: 59897 corp: 2003/31Kb lim: 33 exec/s: 229 rss: 529Mb L: 32/33 MS: 5 CrossOver-CopyPart-ChangeBit-ShuffleBytes-InsertByte-
#117969	NEW    cov: 17661 ft: 59907 corp: 2004/31Kb lim: 33 exec/s: 229 rss: 529Mb L: 23/33 MS: 1 ChangeBinInt-
#117972	NEW    cov: 17661 ft: 59935 corp: 2005/31Kb lim: 33 exec/s: 229 rss: 529Mb L: 31/33 MS: 3 ChangeASCIIInt-PersAutoDict-CopyPart- DE: "\006\002"-
#118080	NEW    cov: 17661 ft: 59936 corp: 2006/31Kb lim: 33 exec/s: 229 rss: 529Mb L: 33/33 MS: 3 ShuffleBytes-InsertRepeatedBytes-InsertRepeatedBytes-
#118297	NEW    cov: 17661 ft: 59938 corp: 2007/31Kb lim: 33 exec/s: 229 rss: 529Mb L: 33/33 MS: 2 CopyPart-CrossOver-
#118307	NEW    cov: 17661 ft: 59943 corp: 2008/31Kb lim: 33 exec/s: 229 rss: 529Mb L: 31/33 MS: 5 InsertRepeatedBytes-CopyPart-ChangeBit-PersAutoDict-InsertRepeatedBytes- DE: "\215\002\000\000"-
#118500	NEW    cov: 17661 ft: 59951 corp: 2009/31Kb lim: 33 exec/s: 229 rss: 529Mb L: 22/33 MS: 3 ChangeBinInt-ChangeBit-CopyPart-
#118566	NEW    cov: 17661 ft: 60002 corp: 2010/31Kb lim: 33 exec/s: 229 rss: 529Mb L: 28/33 MS: 1 ChangeASCIIInt-
#118655	NEW    cov: 17661 ft: 60005 corp: 2011/31Kb lim: 33 exec/s: 229 rss: 529Mb L: 24/33 MS: 4 InsertByte-ChangeBit-ChangeByte-InsertRepeatedBytes-
#118766	NEW    cov: 17661 ft: 60007 corp: 2012/31Kb lim: 33 exec/s: 229 rss: 529Mb L: 33/33 MS: 1 PersAutoDict- DE: "\001\002\340\\\013\201p."-
#118943	NEW    cov: 17661 ft: 60010 corp: 2013/31Kb lim: 33 exec/s: 229 rss: 529Mb L: 30/33 MS: 2 ChangeBinInt-ChangeBinInt-
#118946	REDUCE cov: 17661 ft: 60010 corp: 2013/31Kb lim: 33 exec/s: 229 rss: 529Mb L: 24/33 MS: 3 ChangeASCIIInt-ChangeASCIIInt-EraseBytes-
#119057	REDUCE cov: 17661 ft: 60010 corp: 2013/31Kb lim: 33 exec/s: 229 rss: 529Mb L: 24/33 MS: 1 EraseBytes-
#119119	REDUCE cov: 17661 ft: 60010 corp: 2013/31Kb lim: 33 exec/s: 229 rss: 529Mb L: 24/33 MS: 2 CMP-EraseBytes- DE: "\003\003"-
#119142	NEW    cov: 17661 ft: 60012 corp: 2014/31Kb lim: 33 exec/s: 229 rss: 529Mb L: 30/33 MS: 3 CrossOver-CMP-CMP- DE: "\004\013"-"\377\377\377\377\377\377\377\377"-
#119351	NEW    cov: 17661 ft: 60015 corp: 2015/31Kb lim: 33 exec/s: 229 rss: 529Mb L: 26/33 MS: 4 InsertByte-PersAutoDict-ShuffleBytes-CopyPart- DE: "\003\222I$\222I$\222"-
#119509	NEW    cov: 17661 ft: 60017 corp: 2016/31Kb lim: 33 exec/s: 229 rss: 529Mb L: 10/33 MS: 3 ChangeBit-EraseBytes-ChangeBit-
#119540	NEW    cov: 17662 ft: 60018 corp: 2017/31Kb lim: 33 exec/s: 229 rss: 529Mb L: 31/33 MS: 1 PersAutoDict- DE: "\002\320"-
#119685	NEW    cov: 17662 ft: 60020 corp: 2018/31Kb lim: 33 exec/s: 229 rss: 529Mb L: 32/33 MS: 5 PersAutoDict-ChangeBit-CrossOver-EraseBytes-InsertRepeatedBytes- DE: "\377\377\377\377\377\377\377O"-
#119719	NEW    cov: 17662 ft: 60049 corp: 2019/31Kb lim: 33 exec/s: 229 rss: 529Mb L: 33/33 MS: 4 ChangeByte-EraseBytes-EraseBytes-InsertRepeatedBytes-
#119779	NEW    cov: 17662 ft: 60058 corp: 2020/31Kb lim: 33 exec/s: 229 rss: 529Mb L: 27/33 MS: 5 InsertRepeatedBytes-ChangeBinInt-InsertByte-EraseBytes-CrossOver-
#119965	NEW    cov: 17662 ft: 60059 corp: 2021/31Kb lim: 33 exec/s: 229 rss: 529Mb L: 26/33 MS: 1 CopyPart-
#119969	NEW    cov: 17662 ft: 60061 corp: 2022/31Kb lim: 33 exec/s: 229 rss: 529Mb L: 30/33 MS: 4 InsertByte-InsertRepeatedBytes-EraseBytes-CrossOver-
#120016	NEW    cov: 17662 ft: 60062 corp: 2023/31Kb lim: 33 exec/s: 229 rss: 529Mb L: 30/33 MS: 2 CrossOver-CopyPart-
#120068	NEW    cov: 17662 ft: 60063 corp: 2024/31Kb lim: 33 exec/s: 229 rss: 529Mb L: 30/33 MS: 2 ShuffleBytes-ShuffleBytes-
#120071	NEW    cov: 17662 ft: 60083 corp: 2025/31Kb lim: 33 exec/s: 229 rss: 529Mb L: 33/33 MS: 3 PersAutoDict-ChangeBit-InsertRepeatedBytes- DE: "\377\377\377\037"-
#120176	NEW    cov: 17662 ft: 60088 corp: 2026/31Kb lim: 33 exec/s: 229 rss: 529Mb L: 16/33 MS: 5 CopyPart-CMP-ChangeByte-ChangeBit-EraseBytes- DE: "\000\016"-
#120217	NEW    cov: 17662 ft: 60093 corp: 2027/31Kb lim: 33 exec/s: 228 rss: 529Mb L: 27/33 MS: 1 CopyPart-
#120219	NEW    cov: 17662 ft: 60094 corp: 2028/31Kb lim: 33 exec/s: 228 rss: 529Mb L: 31/33 MS: 2 ChangeByte-PersAutoDict- DE: "\377\377\377\037"-
#120290	NEW    cov: 17662 ft: 60101 corp: 2029/31Kb lim: 33 exec/s: 229 rss: 529Mb L: 33/33 MS: 1 InsertByte-
#120418	NEW    cov: 17662 ft: 60102 corp: 2030/31Kb lim: 33 exec/s: 229 rss: 529Mb L: 32/33 MS: 3 InsertByte-ChangeByte-InsertRepeatedBytes-
#120560	NEW    cov: 17662 ft: 60129 corp: 2031/31Kb lim: 33 exec/s: 229 rss: 529Mb L: 33/33 MS: 2 ChangeByte-PersAutoDict- DE: "\377\377\377\377\377\377\377\003"-
#120800	NEW    cov: 17662 ft: 60177 corp: 2032/31Kb lim: 33 exec/s: 229 rss: 529Mb L: 32/33 MS: 5 ChangeBinInt-ChangeBit-ShuffleBytes-CrossOver-InsertByte-
#121101	NEW    cov: 17662 ft: 60430 corp: 2033/31Kb lim: 33 exec/s: 228 rss: 529Mb L: 33/33 MS: 1 CrossOver-
#121318	NEW    cov: 17662 ft: 60432 corp: 2034/31Kb lim: 33 exec/s: 228 rss: 529Mb L: 33/33 MS: 2 ChangeASCIIInt-ChangeBit-
#121455	NEW    cov: 17662 ft: 60438 corp: 2035/31Kb lim: 33 exec/s: 229 rss: 529Mb L: 31/33 MS: 2 ChangeBinInt-ChangeBit-
#121458	REDUCE cov: 17662 ft: 60438 corp: 2035/31Kb lim: 33 exec/s: 229 rss: 529Mb L: 30/33 MS: 3 ShuffleBytes-ChangeBit-EraseBytes-
#121515	NEW    cov: 17662 ft: 60439 corp: 2036/32Kb lim: 33 exec/s: 229 rss: 529Mb L: 33/33 MS: 2 ChangeBit-ShuffleBytes-
#121647	NEW    cov: 17662 ft: 60440 corp: 2037/32Kb lim: 33 exec/s: 229 rss: 529Mb L: 28/33 MS: 2 PersAutoDict-PersAutoDict- DE: "\004N"-"\001\000\003i"-
#121859	REDUCE cov: 17662 ft: 60440 corp: 2037/32Kb lim: 33 exec/s: 229 rss: 529Mb L: 24/33 MS: 2 ChangeBinInt-EraseBytes-
#121925	REDUCE cov: 17662 ft: 60440 corp: 2037/32Kb lim: 33 exec/s: 229 rss: 529Mb L: 31/33 MS: 1 EraseBytes-
#122046	NEW    cov: 17663 ft: 60441 corp: 2038/32Kb lim: 33 exec/s: 228 rss: 529Mb L: 25/33 MS: 1 InsertRepeatedBytes-
#122087	NEW    cov: 17663 ft: 60443 corp: 2039/32Kb lim: 33 exec/s: 229 rss: 529Mb L: 25/33 MS: 1 CrossOver-
#122530	NEW    cov: 17663 ft: 60446 corp: 2040/32Kb lim: 33 exec/s: 229 rss: 529Mb L: 27/33 MS: 3 CrossOver-ChangeBit-CrossOver-
#122564	REDUCE cov: 17663 ft: 60446 corp: 2040/32Kb lim: 33 exec/s: 229 rss: 529Mb L: 23/33 MS: 4 ChangeByte-ShuffleBytes-ChangeBinInt-EraseBytes-
#122586	NEW    cov: 17663 ft: 60447 corp: 2041/32Kb lim: 33 exec/s: 229 rss: 529Mb L: 28/33 MS: 2 ChangeBit-InsertByte-
#122635	NEW    cov: 17663 ft: 60450 corp: 2042/32Kb lim: 33 exec/s: 229 rss: 529Mb L: 23/33 MS: 4 ChangeBit-EraseBytes-ChangeBinInt-InsertRepeatedBytes-
#122737	REDUCE cov: 17663 ft: 60450 corp: 2042/32Kb lim: 33 exec/s: 228 rss: 529Mb L: 13/33 MS: 2 CrossOver-CrossOver-
#122808	NEW    cov: 17663 ft: 60451 corp: 2043/32Kb lim: 33 exec/s: 229 rss: 529Mb L: 31/33 MS: 1 InsertRepeatedBytes-
#122837	NEW    cov: 17663 ft: 60452 corp: 2044/32Kb lim: 33 exec/s: 229 rss: 529Mb L: 31/33 MS: 4 CrossOver-ChangeBit-ChangeBinInt-ChangeBit-
#123049	NEW    cov: 17663 ft: 60453 corp: 2045/32Kb lim: 33 exec/s: 228 rss: 529Mb L: 25/33 MS: 2 ChangeBit-CMP- DE: "^\002\000\000"-
#123126	NEW    cov: 17663 ft: 60455 corp: 2046/32Kb lim: 33 exec/s: 228 rss: 529Mb L: 27/33 MS: 2 ChangeBinInt-ChangeBinInt-
#123147	NEW    cov: 17665 ft: 60465 corp: 2047/32Kb lim: 33 exec/s: 228 rss: 529Mb L: 33/33 MS: 1 CrossOver-
#123184	NEW    cov: 17665 ft: 60468 corp: 2048/32Kb lim: 33 exec/s: 228 rss: 529Mb L: 33/33 MS: 2 CMP-CrossOver- DE: "\376\377\377\377\377\377\377\377"-
#123248	NEW    cov: 17665 ft: 60471 corp: 2049/32Kb lim: 33 exec/s: 229 rss: 529Mb L: 33/33 MS: 4 ShuffleBytes-CMP-ChangeBinInt-InsertRepeatedBytes- DE: "\377\377\377\377\377\377\377\377"-
#123289	NEW    cov: 17665 ft: 60472 corp: 2050/32Kb lim: 33 exec/s: 228 rss: 529Mb L: 31/33 MS: 1 InsertRepeatedBytes-
#123297	NEW    cov: 17665 ft: 60474 corp: 2051/32Kb lim: 33 exec/s: 228 rss: 529Mb L: 28/33 MS: 3 PersAutoDict-ChangeByte-ChangeByte- DE: "\001\000\000\205"-
#123428	NEW    cov: 17665 ft: 60475 corp: 2052/32Kb lim: 33 exec/s: 228 rss: 529Mb L: 28/33 MS: 1 ShuffleBytes-
#123466	NEW    cov: 17666 ft: 60476 corp: 2053/32Kb lim: 33 exec/s: 229 rss: 529Mb L: 33/33 MS: 3 InsertByte-ChangeByte-ShuffleBytes-
#123487	NEW    cov: 17666 ft: 60484 corp: 2054/32Kb lim: 33 exec/s: 229 rss: 529Mb L: 26/33 MS: 1 CMP- DE: "\001\000\000\000\000\000\000\003"-
#123533	REDUCE cov: 17666 ft: 60484 corp: 2054/32Kb lim: 33 exec/s: 228 rss: 529Mb L: 30/33 MS: 1 EraseBytes-
#123564	NEW    cov: 17666 ft: 60501 corp: 2055/32Kb lim: 33 exec/s: 228 rss: 529Mb L: 33/33 MS: 1 CopyPart-
#123785	NEW    cov: 17666 ft: 60503 corp: 2056/32Kb lim: 33 exec/s: 228 rss: 529Mb L: 24/33 MS: 1 InsertByte-
#124481	NEW    cov: 17666 ft: 60504 corp: 2057/32Kb lim: 38 exec/s: 228 rss: 529Mb L: 23/33 MS: 1 ChangeBit-
#124556	NEW    cov: 17666 ft: 60508 corp: 2058/32Kb lim: 38 exec/s: 228 rss: 529Mb L: 24/33 MS: 5 PersAutoDict-CrossOver-CopyPart-EraseBytes-PersAutoDict- DE: "\377\377\377\377\377\377\377\377"-" \000\000\000"-
#124733	REDUCE cov: 17666 ft: 60508 corp: 2058/32Kb lim: 38 exec/s: 228 rss: 529Mb L: 24/33 MS: 2 ShuffleBytes-EraseBytes-
#124766	NEW    cov: 17666 ft: 60509 corp: 2059/32Kb lim: 38 exec/s: 228 rss: 529Mb L: 31/33 MS: 3 ChangeByte-ChangeByte-PersAutoDict- DE: "\001\000\000\205"-
#124798	NEW    cov: 17666 ft: 60510 corp: 2060/32Kb lim: 38 exec/s: 228 rss: 529Mb L: 18/33 MS: 2 CrossOver-EraseBytes-
#124813	REDUCE cov: 17666 ft: 60510 corp: 2060/32Kb lim: 38 exec/s: 229 rss: 529Mb L: 24/33 MS: 5 ChangeASCIIInt-PersAutoDict-PersAutoDict-InsertByte-EraseBytes- DE: "\373\001\000\000"-"\277\003"-
#124862	NEW    cov: 17666 ft: 60512 corp: 2061/32Kb lim: 38 exec/s: 229 rss: 529Mb L: 34/34 MS: 4 ChangeBit-ChangeBinInt-CMP-CopyPart- DE: "\001\214"-
#124960	NEW    cov: 17666 ft: 60517 corp: 2062/32Kb lim: 38 exec/s: 228 rss: 529Mb L: 34/34 MS: 3 CopyPart-ChangeByte-CopyPart-
#125128	NEW    cov: 17666 ft: 60518 corp: 2063/32Kb lim: 38 exec/s: 228 rss: 529Mb L: 28/34 MS: 3 EraseBytes-EraseBytes-InsertByte-
#125290	NEW    cov: 17666 ft: 60523 corp: 2064/32Kb lim: 38 exec/s: 229 rss: 529Mb L: 26/34 MS: 2 ChangeBit-InsertByte-
#125469	NEW    cov: 17667 ft: 60524 corp: 2065/32Kb lim: 38 exec/s: 228 rss: 529Mb L: 30/34 MS: 4 ShuffleBytes-CrossOver-CrossOver-PersAutoDict- DE: "\377\377\377\377\377\377\377O"-
#125511	NEW    cov: 17667 ft: 60526 corp: 2066/32Kb lim: 38 exec/s: 228 rss: 529Mb L: 35/35 MS: 2 PersAutoDict-ChangeBit- DE: "P\003"-
#125513	NEW    cov: 17667 ft: 60528 corp: 2067/32Kb lim: 38 exec/s: 228 rss: 529Mb L: 27/35 MS: 2 ChangeBit-CopyPart-
#125625	NEW    cov: 17667 ft: 60534 corp: 2068/32Kb lim: 38 exec/s: 228 rss: 529Mb L: 38/38 MS: 2 ShuffleBytes-InsertRepeatedBytes-
#125665	NEW    cov: 17667 ft: 60563 corp: 2069/32Kb lim: 38 exec/s: 228 rss: 529Mb L: 37/38 MS: 5 CMP-PersAutoDict-CrossOver-ChangeBit-CopyPart- DE: "\355\000\000\000"-"\000\016"-
#125781	NEW    cov: 17667 ft: 60565 corp: 2070/32Kb lim: 38 exec/s: 228 rss: 529Mb L: 26/38 MS: 1 InsertByte-
#126158	NEW    cov: 17667 ft: 60575 corp: 2071/33Kb lim: 38 exec/s: 228 rss: 529Mb L: 36/38 MS: 2 InsertRepeatedBytes-InsertRepeatedBytes-
#126163	NEW    cov: 17667 ft: 60577 corp: 2072/33Kb lim: 38 exec/s: 228 rss: 529Mb L: 33/38 MS: 5 ShuffleBytes-PersAutoDict-CrossOver-ChangeBinInt-CrossOver- DE: "\377\377\002\342"-
#126165	NEW    cov: 17667 ft: 60579 corp: 2073/33Kb lim: 38 exec/s: 228 rss: 529Mb L: 35/38 MS: 2 CopyPart-ChangeBit-
#126202	NEW    cov: 17667 ft: 60585 corp: 2074/33Kb lim: 38 exec/s: 228 rss: 529Mb L: 34/38 MS: 2 ChangeByte-CrossOver-
#126314	NEW    cov: 17667 ft: 60586 corp: 2075/33Kb lim: 38 exec/s: 228 rss: 529Mb L: 31/38 MS: 2 ChangeBit-CopyPart-
#126322	NEW    cov: 17667 ft: 60591 corp: 2076/33Kb lim: 38 exec/s: 228 rss: 529Mb L: 31/38 MS: 3 ChangeBit-InsertByte-ChangeBinInt-
#126348	NEW    cov: 17667 ft: 60592 corp: 2077/33Kb lim: 38 exec/s: 228 rss: 529Mb L: 30/38 MS: 1 ChangeBinInt-
#126444	REDUCE cov: 17667 ft: 60592 corp: 2077/33Kb lim: 38 exec/s: 228 rss: 529Mb L: 13/38 MS: 1 EraseBytes-
#126445	NEW    cov: 17667 ft: 60593 corp: 2078/33Kb lim: 38 exec/s: 228 rss: 529Mb L: 31/38 MS: 1 CMP- DE: "\012\007\000\000"-
#126541	NEW    cov: 17667 ft: 60594 corp: 2079/33Kb lim: 38 exec/s: 228 rss: 529Mb L: 26/38 MS: 1 ChangeBinInt-
#126607	NEW    cov: 17667 ft: 60599 corp: 2080/33Kb lim: 38 exec/s: 228 rss: 529Mb L: 37/38 MS: 1 InsertRepeatedBytes-
#126630	NEW    cov: 17667 ft: 60668 corp: 2081/33Kb lim: 38 exec/s: 228 rss: 529Mb L: 36/38 MS: 3 ChangeBit-ChangeByte-CrossOver-
#126649	NEW    cov: 17668 ft: 60669 corp: 2082/33Kb lim: 38 exec/s: 228 rss: 529Mb L: 28/38 MS: 4 ShuffleBytes-InsertByte-CopyPart-InsertByte-
#126680	NEW    cov: 17668 ft: 60670 corp: 2083/33Kb lim: 38 exec/s: 228 rss: 529Mb L: 31/38 MS: 1 PersAutoDict- DE: "\001\002\340\\\013\201p."-
#126716	NEW    cov: 17668 ft: 60671 corp: 2084/33Kb lim: 38 exec/s: 228 rss: 529Mb L: 33/38 MS: 1 PersAutoDict- DE: "\003\000\000\000"-
#126756	NEW    cov: 17668 ft: 60674 corp: 2085/33Kb lim: 38 exec/s: 228 rss: 529Mb L: 37/38 MS: 5 PersAutoDict-EraseBytes-ShuffleBytes-InsertByte-InsertRepeatedBytes- DE: "\000\205"-
#126823	NEW    cov: 17668 ft: 60689 corp: 2086/33Kb lim: 38 exec/s: 228 rss: 529Mb L: 38/38 MS: 2 ShuffleBytes-InsertRepeatedBytes-
#126889	NEW    cov: 17668 ft: 60717 corp: 2087/33Kb lim: 38 exec/s: 228 rss: 529Mb L: 29/38 MS: 1 InsertRepeatedBytes-
#126890	NEW    cov: 17668 ft: 60720 corp: 2088/33Kb lim: 38 exec/s: 228 rss: 529Mb L: 34/38 MS: 1 CopyPart-
#126899	NEW    cov: 17670 ft: 60723 corp: 2089/33Kb lim: 38 exec/s: 228 rss: 529Mb L: 26/38 MS: 4 InsertRepeatedBytes-ChangeByte-PersAutoDict-EraseBytes- DE: "\012\007\000\000"-
#126926	NEW    cov: 17670 ft: 60726 corp: 2090/33Kb lim: 38 exec/s: 228 rss: 529Mb L: 33/38 MS: 2 PersAutoDict-ChangeBinInt- DE: "\3776"-
#127012	NEW    cov: 17670 ft: 60727 corp: 2091/33Kb lim: 38 exec/s: 228 rss: 529Mb L: 38/38 MS: 1 InsertRepeatedBytes-
#127031	NEW    cov: 17670 ft: 60732 corp: 2092/33Kb lim: 38 exec/s: 228 rss: 529Mb L: 38/38 MS: 4 CrossOver-CopyPart-PersAutoDict-CrossOver- DE: "P\003"-
#127169	REDUCE cov: 17670 ft: 60732 corp: 2092/33Kb lim: 38 exec/s: 228 rss: 529Mb L: 30/38 MS: 3 CopyPart-InsertByte-EraseBytes-
#127173	NEW    cov: 17670 ft: 60733 corp: 2093/33Kb lim: 38 exec/s: 228 rss: 529Mb L: 37/38 MS: 4 CopyPart-InsertRepeatedBytes-PersAutoDict-CopyPart- DE: "\222$I\222$I\222\004"-
#127216	NEW    cov: 17670 ft: 60737 corp: 2094/33Kb lim: 38 exec/s: 228 rss: 529Mb L: 28/38 MS: 3 CopyPart-ChangeByte-EraseBytes-
#127423	NEW    cov: 17670 ft: 60738 corp: 2095/33Kb lim: 38 exec/s: 228 rss: 529Mb L: 33/38 MS: 2 ChangeBit-ChangeBinInt-
#127554	NEW    cov: 17670 ft: 60743 corp: 2096/33Kb lim: 38 exec/s: 228 rss: 529Mb L: 37/38 MS: 1 InsertByte-
#127599	NEW    cov: 17670 ft: 60747 corp: 2097/33Kb lim: 38 exec/s: 228 rss: 529Mb L: 27/38 MS: 5 CMP-PersAutoDict-CrossOver-ShuffleBytes-CrossOver- DE: "\001\000\003\276"-"\377\377\002&"-
#127602	NEW    cov: 17670 ft: 60751 corp: 2098/33Kb lim: 38 exec/s: 228 rss: 529Mb L: 34/38 MS: 3 CopyPart-ChangeASCIIInt-InsertByte-
#127664	NEW    cov: 17670 ft: 60752 corp: 2099/33Kb lim: 38 exec/s: 228 rss: 529Mb L: 25/38 MS: 2 ChangeByte-ChangeBit-
#127737	NEW    cov: 17670 ft: 60754 corp: 2100/33Kb lim: 38 exec/s: 228 rss: 529Mb L: 34/38 MS: 3 ChangeByte-PersAutoDict-CopyPart- DE: "\277\003"-
#127785	REDUCE cov: 17670 ft: 60763 corp: 2101/33Kb lim: 38 exec/s: 228 rss: 529Mb L: 31/38 MS: 3 CopyPart-InsertByte-InsertRepeatedBytes-
#127931	NEW    cov: 17670 ft: 60766 corp: 2102/33Kb lim: 38 exec/s: 228 rss: 529Mb L: 33/38 MS: 1 InsertRepeatedBytes-
#127948	REDUCE cov: 17670 ft: 60766 corp: 2102/33Kb lim: 38 exec/s: 228 rss: 529Mb L: 30/38 MS: 2 ChangeByte-EraseBytes-
#127959	NEW    cov: 17670 ft: 60767 corp: 2103/34Kb lim: 38 exec/s: 228 rss: 529Mb L: 26/38 MS: 1 CopyPart-
#128016	NEW    cov: 17670 ft: 60773 corp: 2104/34Kb lim: 38 exec/s: 228 rss: 529Mb L: 38/38 MS: 2 ShuffleBytes-ChangeBinInt-
#128234	NEW    cov: 17670 ft: 60777 corp: 2105/34Kb lim: 38 exec/s: 228 rss: 529Mb L: 25/38 MS: 3 ShuffleBytes-ChangeBinInt-EraseBytes-
#128240	NEW    cov: 17670 ft: 60778 corp: 2106/34Kb lim: 38 exec/s: 228 rss: 529Mb L: 27/38 MS: 1 ChangeByte-
#128241	NEW    cov: 17670 ft: 60798 corp: 2107/34Kb lim: 38 exec/s: 228 rss: 529Mb L: 34/38 MS: 1 CrossOver-
#128247	NEW    cov: 17670 ft: 60799 corp: 2108/34Kb lim: 38 exec/s: 228 rss: 529Mb L: 38/38 MS: 1 CrossOver-
#128273	NEW    cov: 17670 ft: 60801 corp: 2109/34Kb lim: 38 exec/s: 228 rss: 529Mb L: 37/38 MS: 1 PersAutoDict- DE: "\036\377\377\377\377\377\377\377"-
#128385	NEW    cov: 17670 ft: 60811 corp: 2110/34Kb lim: 38 exec/s: 228 rss: 529Mb L: 38/38 MS: 2 ChangeBit-InsertRepeatedBytes-
#128423	NEW    cov: 17670 ft: 60812 corp: 2111/34Kb lim: 38 exec/s: 228 rss: 529Mb L: 29/38 MS: 3 ChangeByte-ChangeBinInt-CrossOver-
#128630	REDUCE cov: 17670 ft: 60812 corp: 2111/34Kb lim: 38 exec/s: 228 rss: 529Mb L: 22/38 MS: 2 ChangeASCIIInt-EraseBytes-
#128728	NEW    cov: 17676 ft: 60819 corp: 2112/34Kb lim: 38 exec/s: 228 rss: 529Mb L: 31/38 MS: 3 ChangeBinInt-CopyPart-EraseBytes-
#128805	NEW    cov: 17676 ft: 60823 corp: 2113/34Kb lim: 38 exec/s: 228 rss: 529Mb L: 26/38 MS: 2 ChangeBit-InsertRepeatedBytes-
#128843	NEW    cov: 17676 ft: 60825 corp: 2114/34Kb lim: 38 exec/s: 228 rss: 529Mb L: 38/38 MS: 3 PersAutoDict-CrossOver-ChangeBit- DE: "\001\000\003O"-
#128969	NEW    cov: 17676 ft: 60826 corp: 2115/34Kb lim: 38 exec/s: 228 rss: 529Mb L: 36/38 MS: 1 CopyPart-
#128977	NEW    cov: 17676 ft: 60830 corp: 2116/34Kb lim: 38 exec/s: 228 rss: 529Mb L: 37/38 MS: 3 InsertRepeatedBytes-ShuffleBytes-InsertRepeatedBytes-
#128994	NEW    cov: 17676 ft: 60850 corp: 2117/34Kb lim: 38 exec/s: 228 rss: 529Mb L: 38/38 MS: 2 ChangeBinInt-InsertRepeatedBytes-
#128995	NEW    cov: 17676 ft: 60854 corp: 2118/34Kb lim: 38 exec/s: 228 rss: 529Mb L: 20/38 MS: 1 CrossOver-
#129212	NEW    cov: 17676 ft: 60858 corp: 2119/34Kb lim: 38 exec/s: 228 rss: 529Mb L: 21/38 MS: 2 ChangeBinInt-InsertByte-
#129282	NEW    cov: 17676 ft: 60859 corp: 2120/34Kb lim: 38 exec/s: 228 rss: 529Mb L: 34/38 MS: 5 ChangeASCIIInt-InsertRepeatedBytes-ChangeByte-ChangeBit-PersAutoDict- DE: "\004N"-
#129288	NEW    cov: 17676 ft: 60860 corp: 2121/34Kb lim: 38 exec/s: 228 rss: 529Mb L: 27/38 MS: 1 ChangeBinInt-
#129316	REDUCE cov: 17676 ft: 60860 corp: 2121/34Kb lim: 38 exec/s: 228 rss: 529Mb L: 32/38 MS: 3 ChangeASCIIInt-ChangeBit-EraseBytes-
#129360	NEW    cov: 17676 ft: 60861 corp: 2122/34Kb lim: 38 exec/s: 228 rss: 529Mb L: 26/38 MS: 4 CMP-ChangeBit-ChangeBinInt-ShuffleBytes- DE: "\002N"-
#129400	NEW    cov: 17676 ft: 60863 corp: 2123/34Kb lim: 38 exec/s: 228 rss: 529Mb L: 34/38 MS: 5 ChangeByte-InsertRepeatedBytes-ShuffleBytes-ChangeBinInt-ShuffleBytes-
#129423	NEW    cov: 17676 ft: 60870 corp: 2124/34Kb lim: 38 exec/s: 228 rss: 529Mb L: 37/38 MS: 3 ChangeByte-CrossOver-InsertRepeatedBytes-
#129460	NEW    cov: 17676 ft: 60871 corp: 2125/34Kb lim: 38 exec/s: 228 rss: 529Mb L: 37/38 MS: 2 InsertRepeatedBytes-CopyPart-
#129488	NEW    cov: 17676 ft: 60872 corp: 2126/34Kb lim: 38 exec/s: 227 rss: 529Mb L: 30/38 MS: 3 ChangeBit-InsertRepeatedBytes-CrossOver-
#129498	NEW    cov: 17676 ft: 60875 corp: 2127/34Kb lim: 38 exec/s: 227 rss: 529Mb L: 38/38 MS: 5 ChangeByte-CrossOver-InsertRepeatedBytes-ChangeByte-CrossOver-
#129691	NEW    cov: 17676 ft: 60877 corp: 2128/34Kb lim: 38 exec/s: 227 rss: 529Mb L: 34/38 MS: 3 CopyPart-CMP-CopyPart- DE: "d\006"-
#129717	NEW    cov: 17676 ft: 61099 corp: 2129/34Kb lim: 38 exec/s: 227 rss: 529Mb L: 36/38 MS: 1 CopyPart-
#129777	NEW    cov: 17676 ft: 61107 corp: 2130/34Kb lim: 38 exec/s: 228 rss: 529Mb L: 31/38 MS: 5 ShuffleBytes-ChangeByte-CopyPart-InsertByte-PersAutoDict- DE: "\377\377\377\377\377\377\377\012"-
#129798	NEW    cov: 17676 ft: 61136 corp: 2131/34Kb lim: 38 exec/s: 228 rss: 529Mb L: 27/38 MS: 1 InsertRepeatedBytes-
#130000	NEW    cov: 17676 ft: 61138 corp: 2132/34Kb lim: 38 exec/s: 228 rss: 529Mb L: 34/38 MS: 2 ChangeByte-CrossOver-
#130147	NEW    cov: 17676 ft: 61146 corp: 2133/34Kb lim: 38 exec/s: 227 rss: 529Mb L: 29/38 MS: 2 CrossOver-InsertByte-
#130293	NEW    cov: 17676 ft: 61148 corp: 2134/34Kb lim: 38 exec/s: 228 rss: 529Mb L: 25/38 MS: 1 ShuffleBytes-
#130393	NEW    cov: 17676 ft: 61154 corp: 2135/35Kb lim: 38 exec/s: 227 rss: 529Mb L: 38/38 MS: 5 PersAutoDict-CopyPart-ChangeBinInt-CopyPart-InsertRepeatedBytes- DE: "\377\377\377\377\377\377\000\254"-
#130477	NEW    cov: 17676 ft: 61156 corp: 2136/35Kb lim: 38 exec/s: 228 rss: 529Mb L: 32/38 MS: 4 ChangeBinInt-ShuffleBytes-CMP-CrossOver- DE: "\000\000\001\024"-
#130679	NEW    cov: 17676 ft: 61215 corp: 2137/35Kb lim: 38 exec/s: 228 rss: 529Mb L: 33/38 MS: 2 CopyPart-InsertRepeatedBytes-
#130686	NEW    cov: 17676 ft: 61216 corp: 2138/35Kb lim: 38 exec/s: 228 rss: 529Mb L: 30/38 MS: 2 InsertRepeatedBytes-InsertByte-
#130752	NEW    cov: 17676 ft: 61217 corp: 2139/35Kb lim: 38 exec/s: 227 rss: 529Mb L: 38/38 MS: 1 InsertRepeatedBytes-
#130753	NEW    cov: 17676 ft: 61220 corp: 2140/35Kb lim: 38 exec/s: 227 rss: 529Mb L: 32/38 MS: 1 InsertByte-
#130844	NEW    cov: 17676 ft: 61222 corp: 2141/35Kb lim: 38 exec/s: 227 rss: 529Mb L: 25/38 MS: 1 ChangeBinInt-
#130905	REDUCE cov: 17676 ft: 61222 corp: 2141/35Kb lim: 38 exec/s: 228 rss: 529Mb L: 13/38 MS: 1 EraseBytes-
#130950	NEW    cov: 17676 ft: 61224 corp: 2142/35Kb lim: 38 exec/s: 228 rss: 529Mb L: 37/38 MS: 5 ChangeByte-ChangeBit-ChangeByte-ChangeByte-PersAutoDict- DE: "\000\000\000\000"-
#131072	pulse  cov: 17676 ft: 61224 corp: 2142/35Kb lim: 38 exec/s: 227 rss: 529Mb
#131189	NEW    cov: 17676 ft: 61225 corp: 2143/35Kb lim: 38 exec/s: 227 rss: 529Mb L: 37/38 MS: 4 ShuffleBytes-PersAutoDict-ShuffleBytes-PersAutoDict- DE: "\326\243p=\012\327\243\000"-"\001\000\000\000\000\000\000\010"-
#131206	NEW    cov: 17677 ft: 61226 corp: 2144/35Kb lim: 38 exec/s: 227 rss: 529Mb L: 26/38 MS: 2 ChangeByte-CrossOver-
#131214	NEW    cov: 17677 ft: 61230 corp: 2145/35Kb lim: 38 exec/s: 227 rss: 529Mb L: 38/38 MS: 3 ChangeBinInt-InsertRepeatedBytes-CopyPart-
#131248	NEW    cov: 17677 ft: 61232 corp: 2146/35Kb lim: 38 exec/s: 227 rss: 529Mb L: 31/38 MS: 4 CopyPart-InsertByte-EraseBytes-CrossOver-
#131335	NEW    cov: 17680 ft: 61235 corp: 2147/35Kb lim: 38 exec/s: 228 rss: 529Mb L: 22/38 MS: 2 CMP-CopyPart- DE: "N\003\000\000"-
#131796	NEW    cov: 17680 ft: 61236 corp: 2148/35Kb lim: 38 exec/s: 228 rss: 529Mb L: 36/38 MS: 1 InsertRepeatedBytes-
#131914	REDUCE cov: 17689 ft: 61245 corp: 2149/35Kb lim: 38 exec/s: 227 rss: 529Mb L: 32/38 MS: 3 InsertByte-CrossOver-ChangeBinInt-
#132017	NEW    cov: 17689 ft: 61247 corp: 2150/35Kb lim: 38 exec/s: 228 rss: 529Mb L: 27/38 MS: 3 ChangeByte-InsertByte-CrossOver-
#132074	REDUCE cov: 17689 ft: 61247 corp: 2150/35Kb lim: 38 exec/s: 228 rss: 529Mb L: 21/38 MS: 2 ChangeByte-EraseBytes-
#132188	NEW    cov: 17689 ft: 61248 corp: 2151/35Kb lim: 38 exec/s: 227 rss: 529Mb L: 37/38 MS: 4 ChangeBinInt-ChangeBit-CrossOver-PersAutoDict- DE: "\373\001\000\000"-
#132220	NEW    cov: 17689 ft: 61252 corp: 2152/35Kb lim: 38 exec/s: 227 rss: 529Mb L: 36/38 MS: 2 ChangeBinInt-PersAutoDict- DE: "\264\002"-
#132296	NEW    cov: 17689 ft: 61253 corp: 2153/35Kb lim: 38 exec/s: 228 rss: 529Mb L: 32/38 MS: 1 InsertByte-
#132308	NEW    cov: 17689 ft: 61272 corp: 2154/35Kb lim: 38 exec/s: 228 rss: 529Mb L: 34/38 MS: 2 ChangeBinInt-CMP- DE: "\377\001"-
#132319	NEW    cov: 17689 ft: 61277 corp: 2155/35Kb lim: 38 exec/s: 227 rss: 529Mb L: 27/38 MS: 1 CopyPart-
#132350	REDUCE cov: 17689 ft: 61277 corp: 2155/35Kb lim: 38 exec/s: 227 rss: 529Mb L: 28/38 MS: 1 EraseBytes-
#132352	NEW    cov: 17689 ft: 61281 corp: 2156/35Kb lim: 38 exec/s: 227 rss: 529Mb L: 27/38 MS: 2 CopyPart-CopyPart-
#132416	REDUCE cov: 17689 ft: 61281 corp: 2156/35Kb lim: 38 exec/s: 227 rss: 529Mb L: 24/38 MS: 4 CMP-CopyPart-EraseBytes-CopyPart- DE: "\377\001"-
#132534	NEW    cov: 17689 ft: 61417 corp: 2157/35Kb lim: 38 exec/s: 227 rss: 529Mb L: 38/38 MS: 3 ChangeBit-CopyPart-CopyPart-
#132606	REDUCE cov: 17689 ft: 61417 corp: 2157/35Kb lim: 38 exec/s: 227 rss: 529Mb L: 13/38 MS: 2 EraseBytes-CMP- DE: "\003\214"-
#132620	NEW    cov: 17689 ft: 61418 corp: 2158/35Kb lim: 38 exec/s: 227 rss: 529Mb L: 35/38 MS: 4 ChangeBit-ShuffleBytes-CrossOver-ChangeByte-
#132673	NEW    cov: 17689 ft: 61419 corp: 2159/35Kb lim: 38 exec/s: 227 rss: 529Mb L: 38/38 MS: 3 InsertByte-CrossOver-CopyPart-
#132719	NEW    cov: 17689 ft: 61421 corp: 2160/35Kb lim: 38 exec/s: 227 rss: 529Mb L: 36/38 MS: 1 InsertRepeatedBytes-
#132817	NEW    cov: 17689 ft: 61426 corp: 2161/35Kb lim: 38 exec/s: 227 rss: 529Mb L: 29/38 MS: 3 ChangeBinInt-CopyPart-ChangeBinInt-
#132858	REDUCE cov: 17689 ft: 61426 corp: 2161/35Kb lim: 38 exec/s: 227 rss: 529Mb L: 22/38 MS: 1 EraseBytes-
#132964	NEW    cov: 17689 ft: 61427 corp: 2162/35Kb lim: 38 exec/s: 227 rss: 529Mb L: 25/38 MS: 1 ChangeBinInt-
#132975	NEW    cov: 17689 ft: 61429 corp: 2163/35Kb lim: 38 exec/s: 227 rss: 529Mb L: 34/38 MS: 1 CMP- DE: "\335\002"-
#133033	NEW    cov: 17689 ft: 61431 corp: 2164/35Kb lim: 38 exec/s: 227 rss: 529Mb L: 35/38 MS: 3 ShuffleBytes-InsertRepeatedBytes-PersAutoDict- DE: "\003\000\000\000"-
#133062	NEW    cov: 17689 ft: 61432 corp: 2165/35Kb lim: 38 exec/s: 227 rss: 529Mb L: 37/38 MS: 4 ChangeBinInt-InsertByte-PersAutoDict-InsertRepeatedBytes- DE: "\377\377\377\377\377\377\000\254"-
#133098	NEW    cov: 17689 ft: 61435 corp: 2166/35Kb lim: 38 exec/s: 227 rss: 529Mb L: 37/38 MS: 1 InsertRepeatedBytes-
#133180	NEW    cov: 17689 ft: 61436 corp: 2167/36Kb lim: 38 exec/s: 227 rss: 529Mb L: 35/38 MS: 2 InsertRepeatedBytes-ChangeByte-
#133343	NEW    cov: 17692 ft: 61450 corp: 2168/36Kb lim: 38 exec/s: 227 rss: 529Mb L: 34/38 MS: 3 CopyPart-CrossOver-InsertByte-
#133400	NEW    cov: 17692 ft: 61464 corp: 2169/36Kb lim: 38 exec/s: 227 rss: 529Mb L: 36/38 MS: 2 CopyPart-InsertByte-
#133490	NEW    cov: 17692 ft: 61466 corp: 2170/36Kb lim: 38 exec/s: 227 rss: 529Mb L: 20/38 MS: 5 ChangeBinInt-CrossOver-InsertByte-ChangeByte-PersAutoDict- DE: "\206\000\000\000"-
#133581	NEW    cov: 17692 ft: 61610 corp: 2171/36Kb lim: 38 exec/s: 227 rss: 529Mb L: 36/38 MS: 1 ShuffleBytes-
#133633	NEW    cov: 17692 ft: 61658 corp: 2172/36Kb lim: 38 exec/s: 227 rss: 529Mb L: 26/38 MS: 2 ChangeBinInt-InsertByte-
#133830	NEW    cov: 17692 ft: 61659 corp: 2173/36Kb lim: 38 exec/s: 227 rss: 529Mb L: 14/38 MS: 2 PersAutoDict-EraseBytes- DE: "\003\214"-
#133971	NEW    cov: 17692 ft: 61660 corp: 2174/36Kb lim: 38 exec/s: 227 rss: 529Mb L: 24/38 MS: 1 PersAutoDict- DE: "\355\000"-
#133988	NEW    cov: 17692 ft: 61677 corp: 2175/36Kb lim: 38 exec/s: 227 rss: 529Mb L: 31/38 MS: 2 ChangeASCIIInt-InsertRepeatedBytes-
#134003	NEW    cov: 17692 ft: 61678 corp: 2176/36Kb lim: 38 exec/s: 227 rss: 529Mb L: 36/38 MS: 5 PersAutoDict-CrossOver-ChangeByte-PersAutoDict-InsertRepeatedBytes- DE: "i\002"-"\001\000\003\276"-
#134047	NEW    cov: 17692 ft: 61679 corp: 2177/36Kb lim: 38 exec/s: 227 rss: 529Mb L: 31/38 MS: 4 ChangeByte-CopyPart-ChangeBit-InsertByte-
#134068	NEW    cov: 17692 ft: 61683 corp: 2178/36Kb lim: 38 exec/s: 227 rss: 529Mb L: 38/38 MS: 1 PersAutoDict- DE: "\002\000\000\000\000\000\000\000"-
#134117	REDUCE cov: 17692 ft: 61684 corp: 2179/36Kb lim: 38 exec/s: 227 rss: 529Mb L: 23/38 MS: 4 InsertByte-CopyPart-ChangeBit-ChangeByte-
#134180	NEW    cov: 17692 ft: 61686 corp: 2180/36Kb lim: 38 exec/s: 227 rss: 529Mb L: 38/38 MS: 3 InsertRepeatedBytes-ChangeByte-CopyPart-
#134221	NEW    cov: 17692 ft: 61690 corp: 2181/36Kb lim: 38 exec/s: 227 rss: 529Mb L: 36/38 MS: 1 InsertRepeatedBytes-
#134234	NEW    cov: 17692 ft: 61726 corp: 2182/36Kb lim: 38 exec/s: 227 rss: 529Mb L: 33/38 MS: 3 CMP-ChangeBit-InsertRepeatedBytes- DE: "\3030\014\3030\014\303\000"-
#134255	NEW    cov: 17692 ft: 61728 corp: 2183/36Kb lim: 38 exec/s: 227 rss: 529Mb L: 25/38 MS: 1 ChangeASCIIInt-
#134546	REDUCE cov: 17692 ft: 61728 corp: 2183/36Kb lim: 38 exec/s: 227 rss: 529Mb L: 27/38 MS: 1 EraseBytes-
#134653	NEW    cov: 17693 ft: 61758 corp: 2184/36Kb lim: 38 exec/s: 227 rss: 529Mb L: 34/38 MS: 2 ShuffleBytes-PersAutoDict- DE: "\277\003"-
#134733	NEW    cov: 17693 ft: 61760 corp: 2185/36Kb lim: 38 exec/s: 227 rss: 529Mb L: 33/38 MS: 5 ChangeBit-InsertRepeatedBytes-EraseBytes-ShuffleBytes-InsertRepeatedBytes-
#134791	NEW    cov: 17693 ft: 61763 corp: 2186/36Kb lim: 38 exec/s: 226 rss: 529Mb L: 35/38 MS: 3 PersAutoDict-InsertByte-CopyPart- DE: "\377\377\002\276"-
#134812	NEW    cov: 17695 ft: 61765 corp: 2187/36Kb lim: 38 exec/s: 226 rss: 529Mb L: 37/38 MS: 1 InsertRepeatedBytes-
#134919	NEW    cov: 17695 ft: 61788 corp: 2188/36Kb lim: 38 exec/s: 227 rss: 529Mb L: 36/38 MS: 2 ChangeBinInt-CrossOver-
#135238	NEW    cov: 17695 ft: 61789 corp: 2189/36Kb lim: 38 exec/s: 226 rss: 529Mb L: 37/38 MS: 4 PersAutoDict-PersAutoDict-CopyPart-InsertRepeatedBytes- DE: "\316\002"-"\326\003"-
#135344	NEW    cov: 17695 ft: 61790 corp: 2190/36Kb lim: 38 exec/s: 227 rss: 529Mb L: 31/38 MS: 1 ChangeBit-
#135358	NEW    cov: 17695 ft: 61805 corp: 2191/36Kb lim: 38 exec/s: 227 rss: 529Mb L: 33/38 MS: 4 ChangeByte-CMP-ChangeBit-ShuffleBytes- DE: "\377\377\377\377\377\377\377\004"-
#135399	NEW    cov: 17695 ft: 61806 corp: 2192/36Kb lim: 38 exec/s: 226 rss: 529Mb L: 38/38 MS: 1 CopyPart-
#135421	NEW    cov: 17695 ft: 61809 corp: 2193/36Kb lim: 38 exec/s: 226 rss: 529Mb L: 38/38 MS: 2 CopyPart-InsertRepeatedBytes-
#135520	NEW    cov: 17695 ft: 61811 corp: 2194/36Kb lim: 38 exec/s: 227 rss: 529Mb L: 37/38 MS: 4 InsertRepeatedBytes-ShuffleBytes-CMP-CopyPart- DE: "\377\377\001\337"-
#135540	NEW    cov: 17695 ft: 61812 corp: 2195/36Kb lim: 38 exec/s: 227 rss: 529Mb L: 24/38 MS: 5 ChangeBit-ChangeBit-PersAutoDict-PersAutoDict-CMP- DE: "\347\003"-"d\006"-"\002\342"-
#135577	NEW    cov: 17695 ft: 61814 corp: 2196/36Kb lim: 38 exec/s: 226 rss: 529Mb L: 24/38 MS: 2 ChangeBinInt-EraseBytes-
#135653	NEW    cov: 17695 ft: 61832 corp: 2197/36Kb lim: 38 exec/s: 226 rss: 529Mb L: 35/38 MS: 1 InsertRepeatedBytes-
#135754	NEW    cov: 17695 ft: 61834 corp: 2198/36Kb lim: 38 exec/s: 227 rss: 529Mb L: 34/38 MS: 1 ChangeByte-
#135802	NEW    cov: 17695 ft: 61835 corp: 2199/37Kb lim: 38 exec/s: 226 rss: 529Mb L: 33/38 MS: 3 ShuffleBytes-ChangeBit-CrossOver-
#135846	NEW    cov: 17695 ft: 61837 corp: 2200/37Kb lim: 38 exec/s: 226 rss: 529Mb L: 38/38 MS: 4 InsertRepeatedBytes-CMP-CrossOver-CrossOver- DE: "\004\003\000\000"-
#135957	NEW    cov: 17695 ft: 61839 corp: 2201/37Kb lim: 38 exec/s: 226 rss: 529Mb L: 34/38 MS: 1 CopyPart-
#135958	REDUCE cov: 17695 ft: 61839 corp: 2201/37Kb lim: 38 exec/s: 226 rss: 529Mb L: 26/38 MS: 1 EraseBytes-
#135959	NEW    cov: 17695 ft: 61841 corp: 2202/37Kb lim: 38 exec/s: 226 rss: 529Mb L: 33/38 MS: 1 CopyPart-
#135970	NEW    cov: 17695 ft: 61842 corp: 2203/37Kb lim: 38 exec/s: 226 rss: 529Mb L: 30/38 MS: 1 ChangeBinInt-
#136070	NEW    cov: 17695 ft: 61865 corp: 2204/37Kb lim: 38 exec/s: 226 rss: 529Mb L: 38/38 MS: 5 CopyPart-ChangeBit-EraseBytes-ChangeByte-InsertRepeatedBytes-
#136175	DONE   cov: 17695 ft: 61865 corp: 2204/37Kb lim: 38 exec/s: 226 rss: 529Mb
###### Recommended dictionary. ######
"\264\002" # Uses: 276
"M\003" # Uses: 286
"\317\002" # Uses: 284
"\000\205" # Uses: 272
"\377\001" # Uses: 281
"\003\336" # Uses: 256
"\355\000" # Uses: 240
"\002\320" # Uses: 269
"\001\336" # Uses: 188
"\001\205" # Uses: 225
"\001\320" # Uses: 202
"\315\002" # Uses: 192
"\275\003\000\000" # Uses: 149
"\213\002" # Uses: 173
"\001\000\000\002" # Uses: 152
"\001\000\003N" # Uses: 158
"\001\000\000\000\000\000\000\020" # Uses: 110
"\000\211" # Uses: 137
"\215\002\000\000" # Uses: 132
"\003\214" # Uses: 155
"\001\000\001\232" # Uses: 117
"\001\000\002\263" # Uses: 118
"\001\012" # Uses: 151
"\3020\014\3030\014\303\000" # Uses: 91
"\377\377\377\377\377\377\377\377" # Uses: 100
"\377\377\001\346" # Uses: 116
"\000UUUUUUU" # Uses: 76
"\262\002\000\000" # Uses: 113
"\337\002" # Uses: 131
"\377\377\001\263" # Uses: 108
"\377\377\377\377\377\377\377O" # Uses: 79
"\377\377\377\377\377\377\377\003" # Uses: 100
"\010\000\000\000\000\000\000\000" # Uses: 85
"\206\000\000\000" # Uses: 106
" \000" # Uses: 129
"\003\263" # Uses: 139
"\377\377\377\377\377\377\377\012" # Uses: 96
"\023\000\000\000\000\000\000\000" # Uses: 82
"\001\000\003O" # Uses: 105
"\377\377\377\377\377\377\377\000" # Uses: 93
"\001\002\340\\\013\201p." # Uses: 89
"\001\000" # Uses: 111
"\003\000\000\000" # Uses: 96
"\002\307" # Uses: 107
"\377\242\327\012=p\243\327" # Uses: 68
"\034\003\000\000" # Uses: 102
"\316\002" # Uses: 119
"7\000\000\000" # Uses: 95
"\003\222I$\222I$\222" # Uses: 57
"\262\002" # Uses: 90
"\001\000\000\000\000\000\000\000" # Uses: 73
"\016\000\000\000\000\000\000\000" # Uses: 61
"\377\377\001h" # Uses: 91
"\001\000\000\000\000\000\000\007" # Uses: 64
"\223$I\222$I\222\004" # Uses: 74
"L\003" # Uses: 95
"\001\030" # Uses: 96
"\015\000\000\000\000\000\000\200" # Uses: 66
"\247\004" # Uses: 79
"\377\377\377\377" # Uses: 78
"\004N" # Uses: 89
"\215\002" # Uses: 90
"\314\001" # Uses: 64
"\377\377\002&" # Uses: 75
"\336\002\000\000" # Uses: 80
"\001\000\000\000" # Uses: 59
">\000\000\000\000\000\000\000" # Uses: 67
"\003\337" # Uses: 95
"\377\377\001\214" # Uses: 72
"\310\003\000\000" # Uses: 82
"\000\314" # Uses: 94
"\001\000\0015" # Uses: 69
"\002\263" # Uses: 86
"\000\000\0008" # Uses: 64
"\000\000\000\000\000\000\000\000" # Uses: 58
"\002\314" # Uses: 76
"\377\377\377\037" # Uses: 80
"\020\000\000\000\000\000\000\000" # Uses: 47
"\001\000\003\334" # Uses: 71
"\377\377\002\276" # Uses: 63
"\002\276" # Uses: 73
"\001\000\003i" # Uses: 61
"\000\356" # Uses: 60
"\001\000\002\336" # Uses: 53
"\336\002" # Uses: 68
"\335\002\000\000" # Uses: 58
"\377\377\377\377\377\377\000\254" # Uses: 69
"\001\000\000\205" # Uses: 58
"i\002" # Uses: 60
"\377\377\377\005" # Uses: 50
"\347\003" # Uses: 45
"\007\000\000\000\000\000\000\000" # Uses: 37
"\377\377" # Uses: 51
"\377\377\001\320" # Uses: 44
"\001\000\000\000\000\000\001\254" # Uses: 36
"\263\002" # Uses: 42
"\000\000\002\336" # Uses: 50
"\326\243p=\012\327\243\000" # Uses: 43
"\006\002" # Uses: 50
"\377\377\001\337" # Uses: 33
"\277\003" # Uses: 55
"\3776" # Uses: 41
"\000\000\000\000" # Uses: 33
"\001\000\002\214" # Uses: 32
"\003\315" # Uses: 38
" \000\000\000" # Uses: 38
"\377\377\002\342" # Uses: 34
"\011\000\000\000\000\000\000\000" # Uses: 28
"\015\000\000\000\000\000\000\000" # Uses: 29
"P\003" # Uses: 34
"\002\000\000\000\000\000\000\000" # Uses: 27
"\006\000\000\000\000\000\000\000" # Uses: 28
"\000\000\000\000\000\000\000\004" # Uses: 25
"\004O" # Uses: 21
"\001\000\000\000\000\000\000\010" # Uses: 26
"\031\002\000\000\000\000\000\000" # Uses: 19
"\326\003" # Uses: 39
"_\001\000\000" # Uses: 22
"g\002\000\000" # Uses: 24
"\036\377\377\377\377\377\377\377" # Uses: 17
"\025\005" # Uses: 25
"\377\377\377\377\377\377\377\004" # Uses: 18
"\313\001\000\000" # Uses: 23
"\003\000\000\000\000\000\000\000" # Uses: 27
"\211\001\000\000" # Uses: 26
"\377\377\001\336" # Uses: 22
"\005j" # Uses: 30
"\343\003" # Uses: 11
"\373\001\000\000" # Uses: 27
"\377\377\377\377\377\377\377\007" # Uses: 13
"\222$I\222$I\222\004" # Uses: 14
"\004\252" # Uses: 17
"\004\002\000\000" # Uses: 14
"_\001" # Uses: 12
"\376\377\377\377\377\377\377\377" # Uses: 13
"\003\003" # Uses: 10
"\004\013" # Uses: 9
"\000\016" # Uses: 10
"^\002\000\000" # Uses: 7
"\001\000\000\000\000\000\000\003" # Uses: 2
"\001\214" # Uses: 4
"\355\000\000\000" # Uses: 6
"\012\007\000\000" # Uses: 7
"\001\000\003\276" # Uses: 5
"\002N" # Uses: 6
"d\006" # Uses: 3
"\000\000\001\024" # Uses: 2
"N\003\000\000" # Uses: 3
"\335\002" # Uses: 4
"\3030\014\3030\014\303\000" # Uses: 4
"\002\342" # Uses: 0
"\004\003\000\000" # Uses: 0
###### End of recommended dictionary. ######
Done 136175 runs in 601 second(s)
finished_at=2026-09-09T16:32:43Z
