warning: binary `fuzz_bind` should have a kebab-case name
   |
 1 | /Users/user/code/rsWordParser/fuzz/target/.../fuzz_bind
   |                                               ^^^^^^^^^
   |
   = note: `cargo::non_kebab_case_bins` is set to `warn` by default
help: to change the binary name to `fuzz-bind`, convert `bin.name`
  --> Cargo.toml:58:8
   |
58 - name = "fuzz_bind"
58 + name = "fuzz-bind"
   |
warning: binary `fuzz_edit` should have a kebab-case name
   |
 1 | /Users/user/code/rsWordParser/fuzz/target/.../fuzz_edit
   |                                               ^^^^^^^^^
   |
help: to change the binary name to `fuzz-edit`, convert `bin.name`
  --> Cargo.toml:51:8
   |
51 - name = "fuzz_edit"
51 + name = "fuzz-edit"
   |
warning: binary `fuzz_embedded` should have a kebab-case name
   |
 1 | /Users/user/code/rsWordParser/fuzz/target/.../fuzz_embedded
   |                                               ^^^^^^^^^^^^^
   |
help: to change the binary name to `fuzz-embedded`, convert `bin.name`
  --> Cargo.toml:44:8
   |
44 - name = "fuzz_embedded"
44 + name = "fuzz-embedded"
   |
warning: binary `fuzz_instr` should have a kebab-case name
   |
 1 | /Users/user/code/rsWordParser/fuzz/target/.../fuzz_instr
   |                                               ^^^^^^^^^^
   |
help: to change the binary name to `fuzz-instr`, convert `bin.name`
  --> Cargo.toml:37:8
   |
37 - name = "fuzz_instr"
37 + name = "fuzz-instr"
   |
warning: binary `fuzz_xml` should have a kebab-case name
   |
 1 | /Users/user/code/rsWordParser/fuzz/target/.../fuzz_xml
   |                                               ^^^^^^^^
   |
help: to change the binary name to `fuzz-xml`, convert `bin.name`
  --> Cargo.toml:23:8
   |
23 - name = "fuzz_xml"
23 + name = "fuzz-xml"
   |
warning: binary `fuzz_zip` should have a kebab-case name
   |
 1 | /Users/user/code/rsWordParser/fuzz/target/.../fuzz_zip
   |                                               ^^^^^^^^
   |
help: to change the binary name to `fuzz-zip`, convert `bin.name`
  --> Cargo.toml:30:8
   |
30 - name = "fuzz_zip"
30 + name = "fuzz-zip"
   |
warning: `rsword-fuzz` (manifest) generated 6 warnings
warning: binary `rsword_e2e_driver` should have a kebab-case name
  |
1 | /Users/user/code/rsWordParser/fuzz/target/.../rsword_e2e_driver
  |                                               ^^^^^^^^^^^^^^^^^
  |
  = note: `cargo::non_kebab_case_bins` is set to `warn` by default
help: to change the binary name to `rsword-e2e-driver`, convert the file stem
  |
1 - src/bin/rsword_e2e_driver.rs
1 + src/bin/rsword-e2e-driver.rs
  |
warning: `rsword` (manifest) generated 1 warning
    Blocking waiting for file lock on package cache
    Blocking waiting for file lock on package cache
    Blocking waiting for file lock on package cache
    Blocking waiting for file lock on package cache
    Blocking waiting for file lock on build directory
    Finished `release` profile [optimized + debuginfo] target(s) in 0.15s
warning: binary `fuzz_bind` should have a kebab-case name
   |
 1 | /Users/user/code/rsWordParser/fuzz/target/.../fuzz_bind
   |                                               ^^^^^^^^^
   |
   = note: `cargo::non_kebab_case_bins` is set to `warn` by default
help: to change the binary name to `fuzz-bind`, convert `bin.name`
  --> Cargo.toml:58:8
   |
58 - name = "fuzz_bind"
58 + name = "fuzz-bind"
   |
warning: binary `fuzz_edit` should have a kebab-case name
   |
 1 | /Users/user/code/rsWordParser/fuzz/target/.../fuzz_edit
   |                                               ^^^^^^^^^
   |
help: to change the binary name to `fuzz-edit`, convert `bin.name`
  --> Cargo.toml:51:8
   |
51 - name = "fuzz_edit"
51 + name = "fuzz-edit"
   |
warning: binary `fuzz_embedded` should have a kebab-case name
   |
 1 | /Users/user/code/rsWordParser/fuzz/target/.../fuzz_embedded
   |                                               ^^^^^^^^^^^^^
   |
help: to change the binary name to `fuzz-embedded`, convert `bin.name`
  --> Cargo.toml:44:8
   |
44 - name = "fuzz_embedded"
44 + name = "fuzz-embedded"
   |
warning: binary `fuzz_instr` should have a kebab-case name
   |
 1 | /Users/user/code/rsWordParser/fuzz/target/.../fuzz_instr
   |                                               ^^^^^^^^^^
   |
help: to change the binary name to `fuzz-instr`, convert `bin.name`
  --> Cargo.toml:37:8
   |
37 - name = "fuzz_instr"
37 + name = "fuzz-instr"
   |
warning: binary `fuzz_xml` should have a kebab-case name
   |
 1 | /Users/user/code/rsWordParser/fuzz/target/.../fuzz_xml
   |                                               ^^^^^^^^
   |
help: to change the binary name to `fuzz-xml`, convert `bin.name`
  --> Cargo.toml:23:8
   |
23 - name = "fuzz_xml"
23 + name = "fuzz-xml"
   |
warning: binary `fuzz_zip` should have a kebab-case name
   |
 1 | /Users/user/code/rsWordParser/fuzz/target/.../fuzz_zip
   |                                               ^^^^^^^^
   |
help: to change the binary name to `fuzz-zip`, convert `bin.name`
  --> Cargo.toml:30:8
   |
30 - name = "fuzz_zip"
30 + name = "fuzz-zip"
   |
warning: `rsword-fuzz` (manifest) generated 6 warnings
warning: binary `rsword_e2e_driver` should have a kebab-case name
  |
1 | /Users/user/code/rsWordParser/fuzz/target/.../rsword_e2e_driver
  |                                               ^^^^^^^^^^^^^^^^^
  |
  = note: `cargo::non_kebab_case_bins` is set to `warn` by default
help: to change the binary name to `rsword-e2e-driver`, convert the file stem
  |
1 - src/bin/rsword_e2e_driver.rs
1 + src/bin/rsword-e2e-driver.rs
  |
warning: `rsword` (manifest) generated 1 warning
    Blocking waiting for file lock on package cache
    Blocking waiting for file lock on package cache
    Blocking waiting for file lock on package cache
    Blocking waiting for file lock on build directory
    Finished `release` profile [optimized + debuginfo] target(s) in 0.04s
     Running `target/aarch64-apple-darwin/release/fuzz_embedded -artifact_prefix=/Users/user/code/rsWordParser/fuzz/artifacts/fuzz_embedded/ -max_total_time=30 -timeout=20 -rss_limit_mb=4096 -artifact_prefix=/tmp/rsword-fuzz-artifacts-fuzz_embedded.Vfhzq9/ /tmp/rsword-fuzz-fuzz_embedded.ayIpET`
INFO: Running with entropic power schedule (0xFF, 100).
INFO: Seed: 1057778811
INFO: Loaded 1 modules   (524928 inline 8-bit counters): 524928 [0x104ba13e0, 0x104c21660), 
INFO: Loaded 1 PC tables (524928 PCs): 524928 [0x104c21660,0x105423e60), 
INFO:        0 files found in /tmp/rsword-fuzz-fuzz_embedded.ayIpET
INFO: -max_len is not provided; libFuzzer will not generate inputs larger than 4096 bytes
INFO: A corpus is not provided, starting from an empty corpus
#2	INITED cov: 88 ft: 88 corp: 1/1b exec/s: 0 rss: 48Mb
#4	NEW    cov: 95 ft: 96 corp: 2/3b lim: 4 exec/s: 0 rss: 48Mb L: 2/2 MS: 2 CrossOver-InsertByte-
#7	NEW    cov: 96 ft: 97 corp: 3/6b lim: 4 exec/s: 0 rss: 48Mb L: 3/3 MS: 3 ChangeBit-InsertByte-InsertByte-
#8	NEW    cov: 100 ft: 101 corp: 4/7b lim: 4 exec/s: 0 rss: 48Mb L: 1/3 MS: 1 ChangeByte-
#9	NEW    cov: 100 ft: 102 corp: 5/9b lim: 4 exec/s: 0 rss: 49Mb L: 2/3 MS: 1 CopyPart-
#13	NEW    cov: 102 ft: 104 corp: 6/13b lim: 4 exec/s: 0 rss: 49Mb L: 4/4 MS: 4 CrossOver-ShuffleBytes-ChangeByte-InsertByte-
	NEW_FUNC[1/1]: 0x000103a466ac in _RNvMs2_NtNtCsaadRk6yvHw6_6rsword3xml5parseNtB5_6Parser15parse_start_tag+0x0 (fuzz_embedded:arm64+0x100de66ac)
#14	NEW    cov: 113 ft: 115 corp: 7/15b lim: 4 exec/s: 0 rss: 50Mb L: 2/4 MS: 1 InsertByte-
	NEW_FUNC[1/1]: 0x00010420ee28 in _RNvXs1i_NtCs7oq3hgLOR5a_4core3fmtReNtB6_7Display3fmtCsaadRk6yvHw6_6rsword+0x0 (fuzz_embedded:arm64+0x1015aee28)
#18	NEW    cov: 126 ft: 128 corp: 8/18b lim: 4 exec/s: 0 rss: 50Mb L: 3/4 MS: 4 CrossOver-ChangeByte-EraseBytes-CopyPart-
#75	NEW    cov: 126 ft: 129 corp: 9/20b lim: 4 exec/s: 0 rss: 50Mb L: 2/4 MS: 2 ChangeByte-EraseBytes-
#81	NEW    cov: 126 ft: 132 corp: 10/24b lim: 4 exec/s: 0 rss: 50Mb L: 4/4 MS: 1 CopyPart-
#143	NEW    cov: 126 ft: 133 corp: 11/28b lim: 4 exec/s: 0 rss: 50Mb L: 4/4 MS: 2 CopyPart-ChangeBit-
#150	NEW    cov: 126 ft: 135 corp: 12/31b lim: 4 exec/s: 0 rss: 50Mb L: 3/4 MS: 2 CopyPart-EraseBytes-
#211	NEW    cov: 129 ft: 140 corp: 13/35b lim: 4 exec/s: 0 rss: 50Mb L: 4/4 MS: 1 InsertByte-
#252	NEW    cov: 131 ft: 142 corp: 14/37b lim: 4 exec/s: 0 rss: 50Mb L: 2/4 MS: 1 CopyPart-
#274	NEW    cov: 137 ft: 148 corp: 15/40b lim: 4 exec/s: 0 rss: 50Mb L: 3/4 MS: 2 ChangeByte-CrossOver-
#285	NEW    cov: 138 ft: 149 corp: 16/44b lim: 4 exec/s: 0 rss: 50Mb L: 4/4 MS: 1 ChangeBinInt-
#302	NEW    cov: 140 ft: 151 corp: 17/48b lim: 4 exec/s: 0 rss: 50Mb L: 4/4 MS: 2 CrossOver-ChangeBinInt-
#418	NEW    cov: 146 ft: 157 corp: 18/52b lim: 4 exec/s: 0 rss: 50Mb L: 4/4 MS: 1 CopyPart-
#504	NEW    cov: 146 ft: 158 corp: 19/56b lim: 4 exec/s: 0 rss: 50Mb L: 4/4 MS: 1 CopyPart-
#690	REDUCE cov: 146 ft: 158 corp: 19/54b lim: 4 exec/s: 0 rss: 50Mb L: 2/4 MS: 1 EraseBytes-
#742	NEW    cov: 147 ft: 160 corp: 20/58b lim: 4 exec/s: 0 rss: 50Mb L: 4/4 MS: 2 CopyPart-CrossOver-
#784	REDUCE cov: 147 ft: 160 corp: 20/57b lim: 4 exec/s: 0 rss: 50Mb L: 1/4 MS: 2 ShuffleBytes-EraseBytes-
#800	NEW    cov: 155 ft: 168 corp: 21/61b lim: 4 exec/s: 0 rss: 50Mb L: 4/4 MS: 1 ChangeByte-
#817	NEW    cov: 155 ft: 169 corp: 22/65b lim: 4 exec/s: 0 rss: 50Mb L: 4/4 MS: 2 ChangeBit-CopyPart-
#837	NEW    cov: 156 ft: 170 corp: 23/67b lim: 4 exec/s: 0 rss: 50Mb L: 2/4 MS: 5 ChangeBinInt-ChangeByte-ChangeByte-EraseBytes-ChangeBinInt-
#866	NEW    cov: 156 ft: 171 corp: 24/70b lim: 4 exec/s: 0 rss: 50Mb L: 3/4 MS: 4 InsertByte-InsertByte-EraseBytes-CopyPart-
#1005	NEW    cov: 157 ft: 172 corp: 25/74b lim: 4 exec/s: 0 rss: 51Mb L: 4/4 MS: 4 ChangeBit-CrossOver-CrossOver-ChangeBit-
#1092	REDUCE cov: 160 ft: 175 corp: 26/76b lim: 4 exec/s: 0 rss: 51Mb L: 2/4 MS: 2 ShuffleBytes-InsertByte-
#1143	NEW    cov: 160 ft: 176 corp: 27/80b lim: 4 exec/s: 0 rss: 51Mb L: 4/4 MS: 1 CopyPart-
#1161	REDUCE cov: 160 ft: 176 corp: 27/79b lim: 4 exec/s: 0 rss: 51Mb L: 3/4 MS: 3 ShuffleBytes-CrossOver-EraseBytes-
#1382	NEW    cov: 161 ft: 177 corp: 28/83b lim: 6 exec/s: 0 rss: 51Mb L: 4/4 MS: 1 CrossOver-
#1389	REDUCE cov: 161 ft: 177 corp: 28/82b lim: 6 exec/s: 0 rss: 51Mb L: 3/4 MS: 2 ShuffleBytes-EraseBytes-
#1404	NEW    cov: 161 ft: 178 corp: 29/88b lim: 6 exec/s: 0 rss: 51Mb L: 6/6 MS: 5 EraseBytes-CopyPart-CopyPart-ChangeBit-CrossOver-
#1417	NEW    cov: 162 ft: 180 corp: 30/93b lim: 6 exec/s: 0 rss: 51Mb L: 5/6 MS: 3 ChangeBit-ChangeByte-InsertByte-
	NEW_FUNC[1/3]: 0x0001046a8bdc in _RINvNvMs2_NtCs7a5mATVz8u3_5alloc7raw_vecINtB8_11RawVecInnerpE7reserve21do_reserve_and_handleNtNtBa_5alloc6GlobalECsaadRk6yvHw6_6rsword+0x0 (fuzz_embedded:arm64+0x101a48bdc)
	NEW_FUNC[2/3]: 0x000104713bfc in _RNvMs4_NtCs7a5mATVz8u3_5alloc7raw_vecINtB5_6RawVecINtNtCs7oq3hgLOR5a_4core6option6OptionNtNtNtCsaadRk6yvHw6_6rsword4edit9chart_ops16ChartSeriesPatchEE8grow_oneB1u_+0x0 (fuzz_embedded:arm64+0x101ab3bfc)
#1421	REDUCE cov: 200 ft: 218 corp: 31/97b lim: 6 exec/s: 0 rss: 51Mb L: 4/6 MS: 4 CopyPart-CrossOver-EraseBytes-CMP- DE: "\377\376"-
#1443	REDUCE cov: 203 ft: 221 corp: 32/102b lim: 6 exec/s: 0 rss: 51Mb L: 5/6 MS: 2 ChangeBinInt-PersAutoDict- DE: "\377\376"-
#1454	NEW    cov: 208 ft: 234 corp: 33/104b lim: 6 exec/s: 0 rss: 51Mb L: 2/6 MS: 1 PersAutoDict- DE: "\377\376"-
#1465	NEW    cov: 208 ft: 243 corp: 34/110b lim: 6 exec/s: 0 rss: 51Mb L: 6/6 MS: 1 PersAutoDict- DE: "\377\376"-
#1537	NEW    cov: 209 ft: 244 corp: 35/114b lim: 6 exec/s: 0 rss: 51Mb L: 4/6 MS: 2 ChangeBit-ShuffleBytes-
#1556	NEW    cov: 210 ft: 245 corp: 36/119b lim: 6 exec/s: 0 rss: 51Mb L: 5/6 MS: 4 InsertByte-ShuffleBytes-ChangeBinInt-PersAutoDict- DE: "\377\376"-
#1559	NEW    cov: 211 ft: 246 corp: 37/122b lim: 6 exec/s: 0 rss: 51Mb L: 3/6 MS: 3 ShuffleBytes-ChangeBit-ChangeBit-
#1585	NEW    cov: 215 ft: 250 corp: 38/125b lim: 6 exec/s: 0 rss: 51Mb L: 3/6 MS: 1 InsertByte-
	NEW_FUNC[1/2]: 0x000103a4f36c in _RNvMs2_NtNtCsaadRk6yvHw6_6rsword3xml5parseNtB5_6Parser7skip_to+0x0 (fuzz_embedded:arm64+0x100def36c)
	NEW_FUNC[2/2]: 0x000103ba7880 in _RNvNtCsgKwZIBsrJpx_6memchr6memmem4find+0x0 (fuzz_embedded:arm64+0x100f47880)
#1659	NEW    cov: 235 ft: 270 corp: 39/128b lim: 6 exec/s: 0 rss: 51Mb L: 3/6 MS: 4 ChangeBit-ChangeByte-ChangeByte-ChangeBinInt-
#1730	NEW    cov: 241 ft: 276 corp: 40/134b lim: 6 exec/s: 0 rss: 51Mb L: 6/6 MS: 1 CopyPart-
#1751	NEW    cov: 242 ft: 277 corp: 41/138b lim: 6 exec/s: 0 rss: 51Mb L: 4/6 MS: 1 ShuffleBytes-
#1752	NEW    cov: 244 ft: 279 corp: 42/144b lim: 6 exec/s: 0 rss: 51Mb L: 6/6 MS: 1 CopyPart-
#1766	NEW    cov: 244 ft: 280 corp: 43/150b lim: 6 exec/s: 0 rss: 51Mb L: 6/6 MS: 4 ShuffleBytes-CopyPart-PersAutoDict-ShuffleBytes- DE: "\377\376"-
#1850	NEW    cov: 246 ft: 282 corp: 44/154b lim: 6 exec/s: 0 rss: 51Mb L: 4/6 MS: 4 ChangeBit-ChangeBit-InsertByte-ChangeByte-
#1879	NEW    cov: 246 ft: 284 corp: 45/160b lim: 6 exec/s: 0 rss: 51Mb L: 6/6 MS: 4 CopyPart-CopyPart-ChangeByte-ChangeBinInt-
#1925	REDUCE cov: 246 ft: 284 corp: 45/159b lim: 6 exec/s: 0 rss: 51Mb L: 2/6 MS: 1 EraseBytes-
#1956	NEW    cov: 246 ft: 285 corp: 46/164b lim: 6 exec/s: 0 rss: 51Mb L: 5/6 MS: 1 CrossOver-
#1967	REDUCE cov: 246 ft: 285 corp: 46/163b lim: 6 exec/s: 0 rss: 51Mb L: 1/6 MS: 1 EraseBytes-
#2029	NEW    cov: 247 ft: 286 corp: 47/168b lim: 6 exec/s: 0 rss: 51Mb L: 5/6 MS: 2 InsertByte-InsertByte-
#2081	REDUCE cov: 247 ft: 286 corp: 47/166b lim: 6 exec/s: 0 rss: 51Mb L: 2/6 MS: 2 ChangeBit-EraseBytes-
#2097	NEW    cov: 247 ft: 288 corp: 48/171b lim: 6 exec/s: 0 rss: 51Mb L: 5/6 MS: 1 ChangeBit-
#2187	NEW    cov: 248 ft: 289 corp: 49/175b lim: 6 exec/s: 0 rss: 51Mb L: 4/6 MS: 5 CopyPart-ShuffleBytes-ChangeBinInt-CopyPart-PersAutoDict- DE: "\377\376"-
#2205	NEW    cov: 250 ft: 291 corp: 50/180b lim: 6 exec/s: 0 rss: 51Mb L: 5/6 MS: 3 ChangeByte-ChangeByte-ShuffleBytes-
#2271	REDUCE cov: 250 ft: 291 corp: 50/179b lim: 6 exec/s: 0 rss: 51Mb L: 2/6 MS: 1 EraseBytes-
#2327	NEW    cov: 251 ft: 292 corp: 51/181b lim: 6 exec/s: 0 rss: 51Mb L: 2/6 MS: 1 ChangeBit-
#2446	NEW    cov: 252 ft: 293 corp: 52/185b lim: 6 exec/s: 0 rss: 51Mb L: 4/6 MS: 4 CopyPart-ShuffleBytes-ChangeByte-ChangeBinInt-
#2523	REDUCE cov: 252 ft: 293 corp: 52/184b lim: 6 exec/s: 0 rss: 51Mb L: 3/6 MS: 2 CopyPart-EraseBytes-
#2547	NEW    cov: 252 ft: 296 corp: 53/190b lim: 6 exec/s: 0 rss: 51Mb L: 6/6 MS: 4 ShuffleBytes-InsertByte-ChangeByte-CrossOver-
#2598	NEW    cov: 254 ft: 298 corp: 54/196b lim: 6 exec/s: 0 rss: 51Mb L: 6/6 MS: 1 CrossOver-
#2629	REDUCE cov: 254 ft: 298 corp: 54/195b lim: 6 exec/s: 0 rss: 51Mb L: 5/6 MS: 1 EraseBytes-
#2647	NEW    cov: 254 ft: 299 corp: 55/201b lim: 6 exec/s: 0 rss: 52Mb L: 6/6 MS: 3 PersAutoDict-CrossOver-ChangeBinInt- DE: "\377\376"-
#2693	NEW    cov: 254 ft: 301 corp: 56/207b lim: 6 exec/s: 0 rss: 52Mb L: 6/6 MS: 1 ChangeBit-
#2760	NEW    cov: 255 ft: 302 corp: 57/211b lim: 6 exec/s: 0 rss: 52Mb L: 4/6 MS: 2 ChangeByte-ChangeBinInt-
#2777	NEW    cov: 256 ft: 303 corp: 58/216b lim: 6 exec/s: 0 rss: 52Mb L: 5/6 MS: 2 CopyPart-CrossOver-
#2811	REDUCE cov: 256 ft: 303 corp: 58/215b lim: 6 exec/s: 0 rss: 52Mb L: 4/6 MS: 4 ShuffleBytes-CopyPart-InsertByte-EraseBytes-
#2872	NEW    cov: 260 ft: 307 corp: 59/221b lim: 6 exec/s: 0 rss: 52Mb L: 6/6 MS: 1 PersAutoDict- DE: "\377\376"-
#3003	NEW    cov: 261 ft: 310 corp: 60/226b lim: 6 exec/s: 0 rss: 52Mb L: 5/6 MS: 1 CrossOver-
	NEW_FUNC[1/17]: 0x00010467e5dc in _RINvMs6_NtCsbj6Qx8ZjbjC_9hashbrown3rawINtB6_8RawTableTINtNtCs7a5mATVz8u3_5alloc4sync3ArceEmEE14reserve_rehashNCINvNtB8_3map11make_hasherBQ_mNtNtNtCsaUuYFEltIKL_3std4hash6random11RandomStateE0ECsaadRk6yvHw6_6rsword+0x0 (fuzz_embedded:arm64+0x101a1e5dc)
	NEW_FUNC[2/17]: 0x000102cb5fb4 in _RINvMsa_NtCsbj6Qx8ZjbjC_9hashbrown3rawNtB6_13RawTableInner22fallible_with_capacityNtNtCs7a5mATVz8u3_5alloc5alloc6GlobalECsaadRk6yvHw6_6rsword+0x0 (fuzz_embedded:arm64+0x100055fb4)
#3080	NEW    cov: 420 ft: 479 corp: 61/230b lim: 6 exec/s: 0 rss: 52Mb L: 4/6 MS: 2 CopyPart-ChangeBit-
#3086	NEW    cov: 420 ft: 484 corp: 62/236b lim: 6 exec/s: 0 rss: 52Mb L: 6/6 MS: 1 ShuffleBytes-
	NEW_FUNC[1/1]: 0x00010374a550 in _RNCNvNtCsgKwZIBsrJpx_6memchr6memchr6memchr0CsaadRk6yvHw6_6rsword+0x0 (fuzz_embedded:arm64+0x100aea550)
#3127	NEW    cov: 440 ft: 504 corp: 63/240b lim: 6 exec/s: 0 rss: 52Mb L: 4/6 MS: 1 ShuffleBytes-
#3154	NEW    cov: 443 ft: 507 corp: 64/246b lim: 6 exec/s: 0 rss: 52Mb L: 6/6 MS: 2 ChangeBinInt-CopyPart-
#3317	REDUCE cov: 443 ft: 507 corp: 64/245b lim: 6 exec/s: 0 rss: 52Mb L: 4/6 MS: 3 ChangeBit-EraseBytes-CopyPart-
#3318	NEW    cov: 456 ft: 520 corp: 65/248b lim: 6 exec/s: 0 rss: 52Mb L: 3/6 MS: 1 ChangeBit-
#3454	NEW    cov: 457 ft: 522 corp: 66/254b lim: 6 exec/s: 0 rss: 52Mb L: 6/6 MS: 1 CopyPart-
#3522	NEW    cov: 458 ft: 523 corp: 67/257b lim: 6 exec/s: 0 rss: 52Mb L: 3/6 MS: 3 EraseBytes-ChangeByte-ChangeBit-
#3580	NEW    cov: 460 ft: 525 corp: 68/263b lim: 6 exec/s: 0 rss: 52Mb L: 6/6 MS: 3 CopyPart-ChangeBit-ChangeBit-
#3693	REDUCE cov: 460 ft: 525 corp: 68/262b lim: 6 exec/s: 0 rss: 52Mb L: 3/6 MS: 3 ChangeBinInt-PersAutoDict-CrossOver- DE: "\377\376"-
#3799	NEW    cov: 462 ft: 527 corp: 69/267b lim: 6 exec/s: 0 rss: 52Mb L: 5/6 MS: 1 ChangeBit-
#3930	NEW    cov: 463 ft: 528 corp: 70/273b lim: 6 exec/s: 0 rss: 52Mb L: 6/6 MS: 1 CrossOver-
#3931	NEW    cov: 463 ft: 529 corp: 71/279b lim: 6 exec/s: 0 rss: 52Mb L: 6/6 MS: 1 CopyPart-
#3977	NEW    cov: 464 ft: 530 corp: 72/282b lim: 6 exec/s: 0 rss: 52Mb L: 3/6 MS: 1 EraseBytes-
#4198	NEW    cov: 465 ft: 531 corp: 73/290b lim: 8 exec/s: 0 rss: 52Mb L: 8/8 MS: 1 InsertRepeatedBytes-
#4220	NEW    cov: 466 ft: 532 corp: 74/298b lim: 8 exec/s: 0 rss: 52Mb L: 8/8 MS: 2 CopyPart-CrossOver-
#4221	NEW    cov: 467 ft: 533 corp: 75/306b lim: 8 exec/s: 0 rss: 52Mb L: 8/8 MS: 1 InsertRepeatedBytes-
#4262	NEW    cov: 467 ft: 535 corp: 76/313b lim: 8 exec/s: 0 rss: 52Mb L: 7/8 MS: 1 InsertByte-
#4338	REDUCE cov: 467 ft: 535 corp: 76/312b lim: 8 exec/s: 0 rss: 52Mb L: 2/8 MS: 1 EraseBytes-
#4359	NEW    cov: 472 ft: 541 corp: 77/317b lim: 8 exec/s: 0 rss: 53Mb L: 5/8 MS: 1 InsertByte-
#4415	REDUCE cov: 472 ft: 541 corp: 77/316b lim: 8 exec/s: 0 rss: 53Mb L: 4/8 MS: 1 EraseBytes-
#4436	REDUCE cov: 472 ft: 541 corp: 77/315b lim: 8 exec/s: 0 rss: 53Mb L: 3/8 MS: 1 EraseBytes-
#4468	REDUCE cov: 472 ft: 544 corp: 78/320b lim: 8 exec/s: 0 rss: 53Mb L: 5/8 MS: 2 InsertByte-CrossOver-
#4506	REDUCE cov: 474 ft: 546 corp: 79/326b lim: 8 exec/s: 0 rss: 53Mb L: 6/8 MS: 3 CrossOver-InsertByte-ShuffleBytes-
#4522	NEW    cov: 475 ft: 548 corp: 80/332b lim: 8 exec/s: 0 rss: 53Mb L: 6/8 MS: 1 CMP- DE: "\000\000"-
#4632	NEW    cov: 480 ft: 565 corp: 81/340b lim: 8 exec/s: 0 rss: 53Mb L: 8/8 MS: 5 InsertByte-CMP-ChangeBit-ChangeBit-CrossOver- DE: "\377\377"-
#4663	NEW    cov: 480 ft: 567 corp: 82/347b lim: 8 exec/s: 0 rss: 53Mb L: 7/8 MS: 1 InsertByte-
#4669	NEW    cov: 482 ft: 569 corp: 83/355b lim: 8 exec/s: 0 rss: 53Mb L: 8/8 MS: 1 CopyPart-
#4707	NEW    cov: 483 ft: 575 corp: 84/363b lim: 8 exec/s: 0 rss: 53Mb L: 8/8 MS: 3 ChangeBinInt-InsertByte-CopyPart-
#4760	NEW    cov: 483 ft: 578 corp: 85/369b lim: 8 exec/s: 0 rss: 53Mb L: 6/8 MS: 3 ChangeBinInt-ShuffleBytes-InsertByte-
#4767	NEW    cov: 483 ft: 579 corp: 86/377b lim: 8 exec/s: 0 rss: 53Mb L: 8/8 MS: 2 InsertByte-InsertByte-
#4814	REDUCE cov: 483 ft: 579 corp: 86/376b lim: 8 exec/s: 0 rss: 53Mb L: 2/8 MS: 2 ShuffleBytes-EraseBytes-
#4955	NEW    cov: 483 ft: 580 corp: 87/383b lim: 8 exec/s: 0 rss: 53Mb L: 7/8 MS: 1 CrossOver-
#5016	REDUCE cov: 483 ft: 580 corp: 87/382b lim: 8 exec/s: 0 rss: 53Mb L: 2/8 MS: 1 EraseBytes-
#5114	NEW    cov: 486 ft: 585 corp: 88/390b lim: 8 exec/s: 0 rss: 53Mb L: 8/8 MS: 3 ShuffleBytes-CopyPart-PersAutoDict- DE: "\000\000"-
	NEW_FUNC[1/2]: 0x000102e6bd38 in _RINvNtNtCsaadRk6yvHw6_6rsword3xml5parse9malformedReEB6_+0x0 (fuzz_embedded:arm64+0x10020bd38)
	NEW_FUNC[2/2]: 0x000103bc26b4 in _RNvNtNtCsaadRk6yvHw6_6rsword3xml8entities9first_bad+0x0 (fuzz_embedded:arm64+0x100f626b4)
#5183	NEW    cov: 518 ft: 638 corp: 89/398b lim: 8 exec/s: 0 rss: 53Mb L: 8/8 MS: 4 CrossOver-CrossOver-CopyPart-CrossOver-
#5232	NEW    cov: 518 ft: 639 corp: 90/404b lim: 8 exec/s: 0 rss: 53Mb L: 6/8 MS: 4 ChangeBinInt-ChangeBinInt-CrossOver-CopyPart-
#5275	NEW    cov: 519 ft: 640 corp: 91/411b lim: 8 exec/s: 0 rss: 53Mb L: 7/8 MS: 3 ChangeByte-ChangeBinInt-InsertByte-
#5451	REDUCE cov: 519 ft: 640 corp: 91/410b lim: 8 exec/s: 0 rss: 53Mb L: 4/8 MS: 1 EraseBytes-
#5488	NEW    cov: 520 ft: 641 corp: 92/417b lim: 8 exec/s: 0 rss: 53Mb L: 7/8 MS: 2 ChangeBinInt-InsertByte-
#5609	REDUCE cov: 520 ft: 641 corp: 92/415b lim: 8 exec/s: 0 rss: 53Mb L: 5/8 MS: 1 EraseBytes-
#5615	REDUCE cov: 520 ft: 642 corp: 93/423b lim: 8 exec/s: 0 rss: 53Mb L: 8/8 MS: 1 CopyPart-
#5634	NEW    cov: 526 ft: 648 corp: 94/431b lim: 8 exec/s: 0 rss: 53Mb L: 8/8 MS: 4 ShuffleBytes-InsertByte-CopyPart-ShuffleBytes-
#5700	NEW    cov: 530 ft: 654 corp: 95/437b lim: 8 exec/s: 0 rss: 53Mb L: 6/8 MS: 1 InsertRepeatedBytes-
#5732	NEW    cov: 530 ft: 655 corp: 96/445b lim: 8 exec/s: 0 rss: 53Mb L: 8/8 MS: 2 ChangeByte-InsertByte-
#5873	NEW    cov: 531 ft: 657 corp: 97/451b lim: 8 exec/s: 0 rss: 53Mb L: 6/8 MS: 1 ChangeBit-
#5930	NEW    cov: 531 ft: 659 corp: 98/457b lim: 8 exec/s: 0 rss: 53Mb L: 6/8 MS: 2 ShuffleBytes-CrossOver-
#5935	REDUCE cov: 531 ft: 659 corp: 98/456b lim: 8 exec/s: 0 rss: 53Mb L: 5/8 MS: 5 ChangeBit-CrossOver-CopyPart-ChangeBit-InsertRepeatedBytes-
#5951	REDUCE cov: 531 ft: 659 corp: 98/455b lim: 8 exec/s: 0 rss: 53Mb L: 4/8 MS: 1 EraseBytes-
#6047	NEW    cov: 533 ft: 665 corp: 99/463b lim: 8 exec/s: 0 rss: 53Mb L: 8/8 MS: 1 CrossOver-
#6168	NEW    cov: 536 ft: 668 corp: 100/470b lim: 8 exec/s: 0 rss: 53Mb L: 7/8 MS: 1 InsertByte-
#6200	REDUCE cov: 536 ft: 669 corp: 101/471b lim: 8 exec/s: 0 rss: 53Mb L: 1/8 MS: 2 ShuffleBytes-EraseBytes-
#6289	REDUCE cov: 536 ft: 670 corp: 102/477b lim: 8 exec/s: 0 rss: 53Mb L: 6/8 MS: 4 CopyPart-ShuffleBytes-PersAutoDict-CrossOver- DE: "\000\000"-
	NEW_FUNC[1/1]: 0x00010372fb38 in _RINvYNtNtNtCsaUuYFEltIKL_3std4hash6random11RandomStateNtNtCs7oq3hgLOR5a_4core4hash11BuildHasher8hash_oneReECsaadRk6yvHw6_6rsword+0x0 (fuzz_embedded:arm64+0x100acfb38)
#6406	NEW    cov: 553 ft: 785 corp: 103/485b lim: 8 exec/s: 0 rss: 54Mb L: 8/8 MS: 2 CrossOver-CopyPart-
#6527	NEW    cov: 557 ft: 789 corp: 104/491b lim: 8 exec/s: 0 rss: 54Mb L: 6/8 MS: 1 ChangeBinInt-
#6553	NEW    cov: 558 ft: 790 corp: 105/499b lim: 8 exec/s: 0 rss: 54Mb L: 8/8 MS: 1 ChangeBit-
#6597	NEW    cov: 560 ft: 792 corp: 106/505b lim: 8 exec/s: 0 rss: 54Mb L: 6/8 MS: 4 CopyPart-EraseBytes-ChangeByte-CopyPart-
#6668	NEW    cov: 564 ft: 796 corp: 107/513b lim: 8 exec/s: 0 rss: 54Mb L: 8/8 MS: 1 ChangeByte-
#6678	NEW    cov: 565 ft: 797 corp: 108/521b lim: 8 exec/s: 0 rss: 54Mb L: 8/8 MS: 5 InsertRepeatedBytes-ChangeByte-ShuffleBytes-ChangeBinInt-CopyPart-
#6779	REDUCE cov: 565 ft: 797 corp: 108/519b lim: 8 exec/s: 0 rss: 54Mb L: 4/8 MS: 1 EraseBytes-
#6803	NEW    cov: 566 ft: 798 corp: 109/527b lim: 8 exec/s: 0 rss: 54Mb L: 8/8 MS: 4 InsertByte-CrossOver-ChangeBinInt-CrossOver-
#6853	NEW    cov: 566 ft: 799 corp: 110/534b lim: 8 exec/s: 0 rss: 54Mb L: 7/8 MS: 5 PersAutoDict-InsertByte-CopyPart-ChangeBit-CrossOver- DE: "\377\376"-
#7213	NEW    cov: 567 ft: 802 corp: 111/544b lim: 11 exec/s: 0 rss: 54Mb L: 10/10 MS: 5 CopyPart-ChangeByte-PersAutoDict-InsertRepeatedBytes-PersAutoDict- DE: "\377\377"-"\000\000"-
#7249	REDUCE cov: 567 ft: 802 corp: 111/541b lim: 11 exec/s: 0 rss: 54Mb L: 5/10 MS: 1 EraseBytes-
#7286	NEW    cov: 570 ft: 805 corp: 112/549b lim: 11 exec/s: 0 rss: 54Mb L: 8/10 MS: 2 CopyPart-ChangeBit-
#7335	REDUCE cov: 570 ft: 809 corp: 113/560b lim: 11 exec/s: 0 rss: 54Mb L: 11/11 MS: 4 ChangeBit-InsertByte-InsertRepeatedBytes-PersAutoDict- DE: "\377\376"-
#7352	NEW    cov: 572 ft: 811 corp: 114/569b lim: 11 exec/s: 0 rss: 54Mb L: 9/11 MS: 2 CopyPart-InsertByte-
#7385	NEW    cov: 572 ft: 813 corp: 115/580b lim: 11 exec/s: 0 rss: 54Mb L: 11/11 MS: 3 InsertRepeatedBytes-ShuffleBytes-CopyPart-
#7416	NEW    cov: 572 ft: 814 corp: 116/589b lim: 11 exec/s: 0 rss: 54Mb L: 9/11 MS: 1 CopyPart-
#7510	NEW    cov: 573 ft: 815 corp: 117/598b lim: 11 exec/s: 0 rss: 54Mb L: 9/11 MS: 4 ShuffleBytes-ChangeByte-CrossOver-InsertRepeatedBytes-
#7712	NEW    cov: 574 ft: 816 corp: 118/606b lim: 11 exec/s: 0 rss: 54Mb L: 8/11 MS: 2 CopyPart-EraseBytes-
#7844	NEW    cov: 574 ft: 817 corp: 119/615b lim: 11 exec/s: 0 rss: 54Mb L: 9/11 MS: 2 ChangeByte-InsertRepeatedBytes-
#7970	NEW    cov: 574 ft: 819 corp: 120/626b lim: 11 exec/s: 0 rss: 54Mb L: 11/11 MS: 1 CrossOver-
#8076	NEW    cov: 574 ft: 822 corp: 121/630b lim: 11 exec/s: 0 rss: 54Mb L: 4/11 MS: 1 CopyPart-
#8167	REDUCE cov: 574 ft: 822 corp: 121/629b lim: 11 exec/s: 0 rss: 54Mb L: 5/11 MS: 1 EraseBytes-
#8173	REDUCE cov: 575 ft: 823 corp: 122/631b lim: 11 exec/s: 0 rss: 54Mb L: 2/11 MS: 1 ChangeBit-
#8214	REDUCE cov: 575 ft: 823 corp: 122/630b lim: 11 exec/s: 0 rss: 54Mb L: 1/11 MS: 1 EraseBytes-
#8245	REDUCE cov: 575 ft: 823 corp: 122/629b lim: 11 exec/s: 0 rss: 54Mb L: 5/11 MS: 1 EraseBytes-
#8381	REDUCE cov: 575 ft: 823 corp: 122/628b lim: 11 exec/s: 0 rss: 54Mb L: 10/11 MS: 1 EraseBytes-
#8572	REDUCE cov: 575 ft: 823 corp: 122/627b lim: 11 exec/s: 0 rss: 54Mb L: 4/11 MS: 1 EraseBytes-
	NEW_FUNC[1/1]: 0x000103a45484 in _RNvMs2_NtNtCsaadRk6yvHw6_6rsword3xml5parseNtB5_6Parser12pop_ns_frame+0x0 (fuzz_embedded:arm64+0x100de5484)
#8818	NEW    cov: 586 ft: 836 corp: 123/635b lim: 11 exec/s: 0 rss: 54Mb L: 8/11 MS: 1 ChangeByte-
#8874	NEW    cov: 587 ft: 837 corp: 124/645b lim: 11 exec/s: 0 rss: 54Mb L: 10/11 MS: 1 PersAutoDict- DE: "\000\000"-
#8975	REDUCE cov: 587 ft: 837 corp: 124/644b lim: 11 exec/s: 0 rss: 55Mb L: 4/11 MS: 1 EraseBytes-
#9102	REDUCE cov: 587 ft: 837 corp: 124/642b lim: 11 exec/s: 0 rss: 55Mb L: 6/11 MS: 2 CopyPart-EraseBytes-
#9233	REDUCE cov: 587 ft: 837 corp: 124/641b lim: 11 exec/s: 0 rss: 55Mb L: 4/11 MS: 1 EraseBytes-
	NEW_FUNC[1/1]: 0x000104730e14 in _RNvNtNtNtCsgKwZIBsrJpx_6memchr4arch3all9rabinkarp12is_equal_raw+0x0 (fuzz_embedded:arm64+0x101ad0e14)
#9339	NEW    cov: 598 ft: 849 corp: 125/645b lim: 11 exec/s: 0 rss: 55Mb L: 4/11 MS: 1 ChangeByte-
#9401	NEW    cov: 598 ft: 851 corp: 126/650b lim: 11 exec/s: 0 rss: 55Mb L: 5/11 MS: 2 ShuffleBytes-InsertByte-
#9567	REDUCE cov: 598 ft: 851 corp: 126/649b lim: 11 exec/s: 0 rss: 55Mb L: 2/11 MS: 1 EraseBytes-
#9568	REDUCE cov: 598 ft: 851 corp: 126/648b lim: 11 exec/s: 0 rss: 55Mb L: 5/11 MS: 1 EraseBytes-
#9610	REDUCE cov: 598 ft: 851 corp: 126/647b lim: 11 exec/s: 0 rss: 55Mb L: 7/11 MS: 2 ChangeBit-CrossOver-
#9713	REDUCE cov: 598 ft: 853 corp: 127/657b lim: 11 exec/s: 0 rss: 55Mb L: 10/11 MS: 3 InsertByte-ShuffleBytes-InsertRepeatedBytes-
#9850	REDUCE cov: 598 ft: 855 corp: 128/666b lim: 11 exec/s: 0 rss: 55Mb L: 9/11 MS: 2 ShuffleBytes-CrossOver-
#10041	REDUCE cov: 600 ft: 859 corp: 129/675b lim: 11 exec/s: 0 rss: 55Mb L: 9/11 MS: 1 InsertRepeatedBytes-
#10247	NEW    cov: 600 ft: 860 corp: 130/682b lim: 11 exec/s: 0 rss: 55Mb L: 7/11 MS: 1 ChangeByte-
#10463	NEW    cov: 600 ft: 861 corp: 131/693b lim: 11 exec/s: 0 rss: 55Mb L: 11/11 MS: 1 CopyPart-
#10739	NEW    cov: 600 ft: 862 corp: 132/703b lim: 11 exec/s: 0 rss: 55Mb L: 10/11 MS: 1 PersAutoDict- DE: "\377\377"-
#10860	NEW    cov: 600 ft: 863 corp: 133/712b lim: 11 exec/s: 0 rss: 55Mb L: 9/11 MS: 1 InsertByte-
#10861	REDUCE cov: 600 ft: 863 corp: 133/711b lim: 11 exec/s: 0 rss: 55Mb L: 2/11 MS: 1 EraseBytes-
#10887	NEW    cov: 601 ft: 864 corp: 134/722b lim: 11 exec/s: 0 rss: 55Mb L: 11/11 MS: 1 CopyPart-
#10935	NEW    cov: 601 ft: 865 corp: 135/727b lim: 11 exec/s: 0 rss: 55Mb L: 5/11 MS: 3 CrossOver-CrossOver-CrossOver-
#11021	NEW    cov: 602 ft: 866 corp: 136/730b lim: 11 exec/s: 0 rss: 55Mb L: 3/11 MS: 1 InsertByte-
#11219	NEW    cov: 602 ft: 867 corp: 137/741b lim: 11 exec/s: 0 rss: 55Mb L: 11/11 MS: 3 CopyPart-CrossOver-CMP- DE: "\022\000\000\000\000\000\000\000"-
#11295	NEW    cov: 602 ft: 870 corp: 138/749b lim: 11 exec/s: 0 rss: 55Mb L: 8/11 MS: 1 CopyPart-
#11330	NEW    cov: 607 ft: 878 corp: 139/759b lim: 11 exec/s: 0 rss: 55Mb L: 10/11 MS: 5 ChangeBit-InsertByte-EraseBytes-CrossOver-InsertByte-
#11569	REDUCE cov: 607 ft: 878 corp: 139/758b lim: 11 exec/s: 0 rss: 56Mb L: 8/11 MS: 4 EraseBytes-InsertByte-InsertByte-CopyPart-
#11671	NEW    cov: 608 ft: 882 corp: 140/769b lim: 11 exec/s: 0 rss: 56Mb L: 11/11 MS: 2 ChangeBinInt-ChangeByte-
#12032	NEW    cov: 608 ft: 887 corp: 141/783b lim: 14 exec/s: 0 rss: 56Mb L: 14/14 MS: 1 InsertRepeatedBytes-
#12320	NEW    cov: 609 ft: 921 corp: 142/794b lim: 14 exec/s: 0 rss: 56Mb L: 11/14 MS: 3 ChangeBit-ChangeBit-CopyPart-
#12367	NEW    cov: 610 ft: 923 corp: 143/801b lim: 14 exec/s: 0 rss: 56Mb L: 7/14 MS: 2 ShuffleBytes-InsertByte-
#12389	NEW    cov: 610 ft: 924 corp: 144/815b lim: 14 exec/s: 0 rss: 56Mb L: 14/14 MS: 2 ChangeBit-InsertRepeatedBytes-
#12811	NEW    cov: 610 ft: 930 corp: 145/830b lim: 17 exec/s: 0 rss: 56Mb L: 15/15 MS: 2 CrossOver-ChangeBit-
#12849	NEW    cov: 611 ft: 942 corp: 146/846b lim: 17 exec/s: 0 rss: 56Mb L: 16/16 MS: 3 ChangeBinInt-ChangeASCIIInt-CopyPart-
#12871	REDUCE cov: 611 ft: 942 corp: 146/845b lim: 17 exec/s: 0 rss: 56Mb L: 5/16 MS: 2 CopyPart-EraseBytes-
#12937	NEW    cov: 611 ft: 947 corp: 147/853b lim: 17 exec/s: 0 rss: 56Mb L: 8/16 MS: 1 CopyPart-
#12995	NEW    cov: 611 ft: 950 corp: 148/869b lim: 17 exec/s: 0 rss: 56Mb L: 16/16 MS: 3 InsertRepeatedBytes-CrossOver-ShuffleBytes-
#13226	REDUCE cov: 612 ft: 951 corp: 149/884b lim: 17 exec/s: 0 rss: 56Mb L: 15/16 MS: 1 InsertRepeatedBytes-
#13315	REDUCE cov: 612 ft: 951 corp: 149/882b lim: 17 exec/s: 0 rss: 56Mb L: 9/16 MS: 4 ChangeByte-InsertByte-ChangeByte-EraseBytes-
#13329	NEW    cov: 612 ft: 956 corp: 150/899b lim: 17 exec/s: 0 rss: 56Mb L: 17/17 MS: 4 ChangeBit-InsertRepeatedBytes-CrossOver-CrossOver-
#13365	NEW    cov: 612 ft: 957 corp: 151/903b lim: 17 exec/s: 0 rss: 56Mb L: 4/17 MS: 1 EraseBytes-
#13421	NEW    cov: 613 ft: 958 corp: 152/919b lim: 17 exec/s: 0 rss: 56Mb L: 16/17 MS: 1 ChangeBinInt-
#13483	NEW    cov: 613 ft: 959 corp: 153/934b lim: 17 exec/s: 0 rss: 56Mb L: 15/17 MS: 2 CMP-InsertByte- DE: "\005\000\000\000\000\000\000\000"-
#13714	NEW    cov: 613 ft: 960 corp: 154/951b lim: 17 exec/s: 0 rss: 56Mb L: 17/17 MS: 1 CopyPart-
#13872	NEW    cov: 613 ft: 961 corp: 155/968b lim: 17 exec/s: 0 rss: 57Mb L: 17/17 MS: 3 ChangeBit-InsertRepeatedBytes-CrossOver-
#14063	NEW    cov: 613 ft: 963 corp: 156/978b lim: 17 exec/s: 0 rss: 57Mb L: 10/17 MS: 1 CopyPart-
#14154	REDUCE cov: 615 ft: 965 corp: 157/985b lim: 17 exec/s: 0 rss: 57Mb L: 7/17 MS: 1 CopyPart-
#14215	NEW    cov: 616 ft: 966 corp: 158/994b lim: 17 exec/s: 0 rss: 57Mb L: 9/17 MS: 1 CrossOver-
#14361	REDUCE cov: 617 ft: 967 corp: 159/1010b lim: 17 exec/s: 0 rss: 57Mb L: 16/17 MS: 1 PersAutoDict- DE: "\022\000\000\000\000\000\000\000"-
#14402	NEW    cov: 617 ft: 970 corp: 160/1026b lim: 17 exec/s: 0 rss: 57Mb L: 16/17 MS: 1 ChangeBit-
#14508	NEW    cov: 617 ft: 971 corp: 161/1040b lim: 17 exec/s: 0 rss: 57Mb L: 14/17 MS: 1 InsertRepeatedBytes-
#14574	NEW    cov: 618 ft: 972 corp: 162/1056b lim: 17 exec/s: 0 rss: 57Mb L: 16/17 MS: 1 PersAutoDict- DE: "\022\000\000\000\000\000\000\000"-
#14711	REDUCE cov: 618 ft: 972 corp: 162/1053b lim: 17 exec/s: 0 rss: 57Mb L: 13/17 MS: 2 ChangeASCIIInt-EraseBytes-
#14717	NEW    cov: 618 ft: 978 corp: 163/1068b lim: 17 exec/s: 0 rss: 57Mb L: 15/17 MS: 1 InsertRepeatedBytes-
#15221	NEW    cov: 618 ft: 985 corp: 164/1084b lim: 21 exec/s: 0 rss: 57Mb L: 16/17 MS: 4 ChangeByte-ChangeByte-ChangeByte-InsertByte-
#15251	NEW    cov: 618 ft: 987 corp: 165/1105b lim: 21 exec/s: 0 rss: 57Mb L: 21/21 MS: 5 CopyPart-InsertRepeatedBytes-PersAutoDict-EraseBytes-InsertRepeatedBytes- DE: "\000\000"-
#15264	NEW    cov: 619 ft: 988 corp: 166/1123b lim: 21 exec/s: 0 rss: 57Mb L: 18/21 MS: 3 CMP-EraseBytes-InsertRepeatedBytes- DE: "!\000\000\000"-
#15307	NEW    cov: 619 ft: 991 corp: 167/1134b lim: 21 exec/s: 0 rss: 57Mb L: 11/21 MS: 3 ShuffleBytes-InsertByte-CrossOver-
#15464	NEW    cov: 619 ft: 994 corp: 168/1153b lim: 21 exec/s: 0 rss: 57Mb L: 19/21 MS: 2 PersAutoDict-CopyPart- DE: "!\000\000\000"-
#15474	NEW    cov: 622 ft: 1032 corp: 169/1174b lim: 21 exec/s: 15474 rss: 57Mb L: 21/21 MS: 5 EraseBytes-CopyPart-EraseBytes-ChangeByte-CrossOver-
#15582	NEW    cov: 622 ft: 1033 corp: 170/1193b lim: 21 exec/s: 15582 rss: 60Mb L: 19/21 MS: 3 InsertRepeatedBytes-ShuffleBytes-EraseBytes-
#15688	REDUCE cov: 622 ft: 1033 corp: 170/1192b lim: 21 exec/s: 15688 rss: 60Mb L: 13/21 MS: 1 EraseBytes-
#15925	NEW    cov: 626 ft: 1037 corp: 171/1211b lim: 21 exec/s: 15925 rss: 60Mb L: 19/21 MS: 2 ChangeByte-CMP- DE: "\001\000\000\000"-
#15926	NEW    cov: 629 ft: 1046 corp: 172/1227b lim: 21 exec/s: 15926 rss: 60Mb L: 16/21 MS: 1 InsertRepeatedBytes-
#16002	NEW    cov: 630 ft: 1047 corp: 173/1245b lim: 21 exec/s: 16002 rss: 60Mb L: 18/21 MS: 1 InsertRepeatedBytes-
#16193	NEW    cov: 630 ft: 1048 corp: 174/1256b lim: 21 exec/s: 16193 rss: 60Mb L: 11/21 MS: 1 CopyPart-
#16214	NEW    cov: 630 ft: 1049 corp: 175/1273b lim: 21 exec/s: 16214 rss: 60Mb L: 17/21 MS: 1 InsertRepeatedBytes-
#16255	NEW    cov: 631 ft: 1050 corp: 176/1286b lim: 21 exec/s: 16255 rss: 60Mb L: 13/21 MS: 1 EraseBytes-
#16390	NEW    cov: 631 ft: 1051 corp: 177/1298b lim: 21 exec/s: 16390 rss: 60Mb L: 12/21 MS: 5 ChangeByte-ChangeBit-ChangeBit-CrossOver-CrossOver-
#16413	NEW    cov: 632 ft: 1052 corp: 178/1315b lim: 21 exec/s: 16413 rss: 60Mb L: 17/21 MS: 3 ChangeByte-ChangeBinInt-EraseBytes-
#16418	NEW    cov: 632 ft: 1056 corp: 179/1335b lim: 21 exec/s: 16418 rss: 60Mb L: 20/21 MS: 5 PersAutoDict-CopyPart-InsertRepeatedBytes-CrossOver-ChangeByte- DE: "\001\000\000\000"-
#16484	NEW    cov: 632 ft: 1060 corp: 180/1356b lim: 21 exec/s: 16484 rss: 60Mb L: 21/21 MS: 1 CrossOver-
#16564	NEW    cov: 637 ft: 1065 corp: 181/1371b lim: 21 exec/s: 16564 rss: 60Mb L: 15/21 MS: 5 ShuffleBytes-CopyPart-PersAutoDict-ChangeByte-InsertRepeatedBytes- DE: "\377\376"-
#16895	NEW    cov: 637 ft: 1066 corp: 182/1386b lim: 21 exec/s: 16895 rss: 60Mb L: 15/21 MS: 1 ChangeBinInt-
#16918	NEW    cov: 637 ft: 1067 corp: 183/1405b lim: 21 exec/s: 16918 rss: 60Mb L: 19/21 MS: 3 CrossOver-CopyPart-ChangeByte-
#17114	NEW    cov: 637 ft: 1069 corp: 184/1426b lim: 21 exec/s: 17114 rss: 60Mb L: 21/21 MS: 1 CMP- DE: "\000\000\000\020"-
	NEW_FUNC[1/4]: 0x000102c8ebe8 in _RINvMs2_NtNtCsaadRk6yvHw6_6rsword3xml5parseNtB6_6Parser4diagNtNtCs7a5mATVz8u3_5alloc6string6StringEBa_+0x0 (fuzz_embedded:arm64+0x10002ebe8)
	NEW_FUNC[2/4]: 0x00010469d358 in _RINvMs6_NtCsbj6Qx8ZjbjC_9hashbrown3rawINtB6_8RawTableTNtNtNtCsaadRk6yvHw6_6rsword3xml8interner8InterneduEE14reserve_rehashNCINvNtB8_3map11make_hasherBQ_uNtNtNtCsaUuYFEltIKL_3std4hash6random11RandomStateE0EBW_+0x0 (fuzz_embedded:arm64+0x101a3d358)
#17126	NEW    cov: 684 ft: 1122 corp: 185/1431b lim: 21 exec/s: 17126 rss: 60Mb L: 5/21 MS: 2 CopyPart-EraseBytes-
#17204	REDUCE cov: 684 ft: 1122 corp: 185/1430b lim: 21 exec/s: 17204 rss: 61Mb L: 4/21 MS: 3 EraseBytes-CrossOver-ChangeBinInt-
#17285	NEW    cov: 684 ft: 1123 corp: 186/1445b lim: 21 exec/s: 17285 rss: 61Mb L: 15/21 MS: 1 CMP- DE: "\001\000\000\000"-
#17336	NEW    cov: 685 ft: 1126 corp: 187/1462b lim: 21 exec/s: 17336 rss: 61Mb L: 17/21 MS: 1 ChangeBinInt-
#17747	NEW    cov: 689 ft: 1133 corp: 188/1487b lim: 25 exec/s: 17747 rss: 61Mb L: 25/25 MS: 1 CMP- DE: "\001\000\000\000\000\000\000\010"-
#17863	NEW    cov: 689 ft: 1134 corp: 189/1498b lim: 25 exec/s: 17863 rss: 61Mb L: 11/25 MS: 1 CopyPart-
#17864	NEW    cov: 689 ft: 1135 corp: 190/1514b lim: 25 exec/s: 17864 rss: 61Mb L: 16/25 MS: 1 InsertByte-
#18098	NEW    cov: 689 ft: 1136 corp: 191/1538b lim: 25 exec/s: 18098 rss: 61Mb L: 24/25 MS: 4 ChangeByte-CrossOver-ShuffleBytes-InsertByte-
#18144	REDUCE cov: 689 ft: 1136 corp: 191/1537b lim: 25 exec/s: 18144 rss: 61Mb L: 8/25 MS: 1 EraseBytes-
#18202	NEW    cov: 690 ft: 1137 corp: 192/1558b lim: 25 exec/s: 18202 rss: 61Mb L: 21/25 MS: 3 PersAutoDict-CopyPart-InsertByte- DE: "\000\000\000\020"-
#18223	NEW    cov: 691 ft: 1180 corp: 193/1571b lim: 25 exec/s: 18223 rss: 61Mb L: 13/25 MS: 1 CrossOver-
#18234	NEW    cov: 691 ft: 1181 corp: 194/1585b lim: 25 exec/s: 18234 rss: 61Mb L: 14/25 MS: 1 PersAutoDict- DE: "\000\000"-
#18241	NEW    cov: 691 ft: 1182 corp: 195/1607b lim: 25 exec/s: 18241 rss: 61Mb L: 22/25 MS: 2 CopyPart-CopyPart-
#18266	NEW    cov: 691 ft: 1183 corp: 196/1627b lim: 25 exec/s: 18266 rss: 61Mb L: 20/25 MS: 5 ShuffleBytes-ChangeByte-InsertByte-CrossOver-CrossOver-
#18372	NEW    cov: 691 ft: 1185 corp: 197/1651b lim: 25 exec/s: 18372 rss: 61Mb L: 24/25 MS: 1 CrossOver-
#18593	REDUCE cov: 691 ft: 1186 corp: 198/1659b lim: 25 exec/s: 18593 rss: 61Mb L: 8/25 MS: 1 CopyPart-
#18715	REDUCE cov: 691 ft: 1186 corp: 198/1657b lim: 25 exec/s: 18715 rss: 61Mb L: 7/25 MS: 2 ShuffleBytes-EraseBytes-
#18742	NEW    cov: 692 ft: 1187 corp: 199/1682b lim: 25 exec/s: 18742 rss: 61Mb L: 25/25 MS: 2 CopyPart-InsertRepeatedBytes-
#18878	NEW    cov: 692 ft: 1188 corp: 200/1700b lim: 25 exec/s: 18878 rss: 61Mb L: 18/25 MS: 1 InsertByte-
#18923	NEW    cov: 692 ft: 1192 corp: 201/1723b lim: 25 exec/s: 18923 rss: 61Mb L: 23/25 MS: 5 EraseBytes-CrossOver-InsertByte-ChangeBit-InsertRepeatedBytes-
#19107	NEW    cov: 692 ft: 1195 corp: 202/1747b lim: 25 exec/s: 19107 rss: 62Mb L: 24/25 MS: 4 PersAutoDict-CrossOver-InsertByte-CopyPart- DE: "!\000\000\000"-
#19114	NEW    cov: 692 ft: 1196 corp: 203/1771b lim: 25 exec/s: 19114 rss: 62Mb L: 24/25 MS: 2 CopyPart-CrossOver-
#19280	NEW    cov: 693 ft: 1198 corp: 204/1781b lim: 25 exec/s: 19280 rss: 62Mb L: 10/25 MS: 1 CopyPart-
#19430	REDUCE cov: 693 ft: 1198 corp: 204/1777b lim: 25 exec/s: 19430 rss: 62Mb L: 12/25 MS: 5 EraseBytes-CopyPart-InsertRepeatedBytes-EraseBytes-CopyPart-
#19534	NEW    cov: 694 ft: 1199 corp: 205/1799b lim: 25 exec/s: 19534 rss: 62Mb L: 22/25 MS: 4 CMP-ChangeBinInt-CrossOver-ShuffleBytes- DE: "\000\000\000\000"-
	NEW_FUNC[1/2]: 0x000103bc36f4 in _RNvNtNtCsaadRk6yvHw6_6rsword3xml8entities9parse_ref+0x0 (fuzz_embedded:arm64+0x100f636f4)
	NEW_FUNC[2/2]: 0x00010445cccc in _RNvXsq_NtCs7a5mATVz8u3_5alloc6stringNtB5_6StringNtNtCs7oq3hgLOR5a_4core3fmt7Display3fmt+0x0 (fuzz_embedded:arm64+0x1017fcccc)
#19561	NEW    cov: 720 ft: 1240 corp: 206/1820b lim: 25 exec/s: 19561 rss: 62Mb L: 21/25 MS: 2 ChangeBinInt-InsertRepeatedBytes-
#19612	REDUCE cov: 720 ft: 1241 corp: 207/1830b lim: 25 exec/s: 19612 rss: 62Mb L: 10/25 MS: 1 CrossOver-
#19698	REDUCE cov: 720 ft: 1241 corp: 207/1829b lim: 25 exec/s: 19698 rss: 62Mb L: 15/25 MS: 1 EraseBytes-
#19797	NEW    cov: 720 ft: 1246 corp: 208/1853b lim: 25 exec/s: 19797 rss: 62Mb L: 24/25 MS: 4 EraseBytes-ChangeBit-InsertByte-CopyPart-
#19803	NEW    cov: 721 ft: 1247 corp: 209/1878b lim: 25 exec/s: 19803 rss: 62Mb L: 25/25 MS: 1 InsertRepeatedBytes-
#19824	NEW    cov: 721 ft: 1248 corp: 210/1900b lim: 25 exec/s: 19824 rss: 62Mb L: 22/25 MS: 1 CopyPart-
#19871	NEW    cov: 721 ft: 1252 corp: 211/1924b lim: 25 exec/s: 19871 rss: 62Mb L: 24/25 MS: 2 PersAutoDict-InsertByte- DE: "\000\000\000\000"-
#19952	REDUCE cov: 721 ft: 1252 corp: 211/1920b lim: 25 exec/s: 19952 rss: 62Mb L: 14/25 MS: 1 EraseBytes-
#20188	REDUCE cov: 721 ft: 1252 corp: 211/1919b lim: 25 exec/s: 20188 rss: 62Mb L: 16/25 MS: 1 EraseBytes-
#20231	REDUCE cov: 721 ft: 1252 corp: 211/1918b lim: 25 exec/s: 20231 rss: 62Mb L: 20/25 MS: 3 ChangeBinInt-ChangeByte-EraseBytes-
#20423	NEW    cov: 721 ft: 1253 corp: 212/1943b lim: 25 exec/s: 20423 rss: 62Mb L: 25/25 MS: 2 EraseBytes-CopyPart-
#20446	REDUCE cov: 721 ft: 1253 corp: 212/1941b lim: 25 exec/s: 20446 rss: 62Mb L: 12/25 MS: 3 ChangeBit-ChangeBinInt-EraseBytes-
#20497	NEW    cov: 721 ft: 1329 corp: 213/1957b lim: 25 exec/s: 20497 rss: 62Mb L: 16/25 MS: 1 CopyPart-
#20508	NEW    cov: 721 ft: 1330 corp: 214/1975b lim: 25 exec/s: 20508 rss: 63Mb L: 18/25 MS: 1 InsertByte-
#20556	NEW    cov: 721 ft: 1370 corp: 215/1992b lim: 25 exec/s: 20556 rss: 63Mb L: 17/25 MS: 3 InsertByte-ChangeBit-ChangeBit-
#20562	REDUCE cov: 721 ft: 1370 corp: 215/1988b lim: 25 exec/s: 20562 rss: 63Mb L: 5/25 MS: 1 EraseBytes-
#20599	NEW    cov: 723 ft: 1376 corp: 216/2013b lim: 25 exec/s: 20599 rss: 63Mb L: 25/25 MS: 2 ChangeBit-CopyPart-
#20616	NEW    cov: 723 ft: 1381 corp: 217/2038b lim: 25 exec/s: 20616 rss: 63Mb L: 25/25 MS: 2 CrossOver-CopyPart-
#20644	NEW    cov: 723 ft: 1382 corp: 218/2051b lim: 25 exec/s: 20644 rss: 63Mb L: 13/25 MS: 3 CopyPart-InsertByte-EraseBytes-
#21009	NEW    cov: 723 ft: 1383 corp: 219/2074b lim: 25 exec/s: 21009 rss: 63Mb L: 23/25 MS: 5 EraseBytes-CopyPart-ChangeBinInt-ChangeBit-InsertRepeatedBytes-
#21036	REDUCE cov: 723 ft: 1385 corp: 220/2090b lim: 25 exec/s: 21036 rss: 63Mb L: 16/25 MS: 2 ChangeBinInt-CopyPart-
#21043	NEW    cov: 723 ft: 1387 corp: 221/2113b lim: 25 exec/s: 21043 rss: 63Mb L: 23/25 MS: 2 ChangeBit-CMP- DE: "\376\377\377\231"-
#21148	NEW    cov: 727 ft: 1391 corp: 222/2136b lim: 25 exec/s: 21148 rss: 63Mb L: 23/25 MS: 5 CrossOver-ChangeByte-ChangeByte-CrossOver-ChangeByte-
#21258	REDUCE cov: 727 ft: 1391 corp: 222/2135b lim: 25 exec/s: 21258 rss: 63Mb L: 8/25 MS: 5 PersAutoDict-InsertByte-ChangeByte-InsertByte-EraseBytes- DE: "\000\000\000\000"-
#21513	REDUCE cov: 727 ft: 1391 corp: 222/2128b lim: 25 exec/s: 21513 rss: 63Mb L: 12/25 MS: 5 InsertByte-ChangeByte-InsertByte-ShuffleBytes-EraseBytes-
#21530	REDUCE cov: 727 ft: 1391 corp: 222/2125b lim: 25 exec/s: 21530 rss: 63Mb L: 4/25 MS: 2 CrossOver-EraseBytes-
#21666	NEW    cov: 727 ft: 1394 corp: 223/2137b lim: 25 exec/s: 21666 rss: 63Mb L: 12/25 MS: 1 CopyPart-
#21914	REDUCE cov: 727 ft: 1394 corp: 223/2136b lim: 25 exec/s: 21914 rss: 63Mb L: 3/25 MS: 3 CrossOver-ShuffleBytes-EraseBytes-
#22035	REDUCE cov: 727 ft: 1394 corp: 223/2135b lim: 25 exec/s: 22035 rss: 63Mb L: 3/25 MS: 1 EraseBytes-
#22061	NEW    cov: 727 ft: 1395 corp: 224/2159b lim: 25 exec/s: 22061 rss: 63Mb L: 24/25 MS: 1 InsertRepeatedBytes-
#22127	REDUCE cov: 727 ft: 1395 corp: 224/2158b lim: 25 exec/s: 22127 rss: 63Mb L: 4/25 MS: 1 EraseBytes-
#22156	NEW    cov: 729 ft: 1397 corp: 225/2172b lim: 25 exec/s: 22156 rss: 63Mb L: 14/25 MS: 4 ChangeBinInt-CopyPart-CrossOver-ChangeBit-
#22178	NEW    cov: 729 ft: 1403 corp: 226/2197b lim: 25 exec/s: 22178 rss: 63Mb L: 25/25 MS: 2 InsertByte-CopyPart-
#22384	REDUCE cov: 729 ft: 1403 corp: 226/2193b lim: 25 exec/s: 22384 rss: 64Mb L: 11/25 MS: 1 EraseBytes-
#22541	REDUCE cov: 729 ft: 1403 corp: 226/2192b lim: 25 exec/s: 22541 rss: 64Mb L: 13/25 MS: 2 PersAutoDict-EraseBytes- DE: "!\000\000\000"-
#22577	NEW    cov: 729 ft: 1404 corp: 227/2215b lim: 25 exec/s: 22577 rss: 64Mb L: 23/25 MS: 1 ShuffleBytes-
#22618	NEW    cov: 729 ft: 1406 corp: 228/2229b lim: 25 exec/s: 22618 rss: 64Mb L: 14/25 MS: 1 EraseBytes-
#22659	REDUCE cov: 729 ft: 1406 corp: 228/2226b lim: 25 exec/s: 22659 rss: 64Mb L: 8/25 MS: 1 EraseBytes-
#22726	NEW    cov: 730 ft: 1407 corp: 229/2249b lim: 25 exec/s: 22726 rss: 64Mb L: 23/25 MS: 2 InsertRepeatedBytes-InsertByte-
#23253	NEW    cov: 730 ft: 1410 corp: 230/2278b lim: 29 exec/s: 23253 rss: 64Mb L: 29/29 MS: 2 ShuffleBytes-CopyPart-
#23329	REDUCE cov: 730 ft: 1410 corp: 230/2277b lim: 29 exec/s: 23329 rss: 64Mb L: 10/29 MS: 1 EraseBytes-
#23580	NEW    cov: 730 ft: 1411 corp: 231/2291b lim: 29 exec/s: 23580 rss: 64Mb L: 14/29 MS: 1 CopyPart-
#23650	NEW    cov: 730 ft: 1413 corp: 232/2320b lim: 29 exec/s: 23650 rss: 64Mb L: 29/29 MS: 5 ChangeBit-InsertRepeatedBytes-CrossOver-CrossOver-InsertRepeatedBytes-
#23823	NEW    cov: 730 ft: 1414 corp: 233/2343b lim: 29 exec/s: 23823 rss: 64Mb L: 23/29 MS: 3 CrossOver-ChangeBit-InsertRepeatedBytes-
#23874	REDUCE cov: 730 ft: 1414 corp: 233/2342b lim: 29 exec/s: 23874 rss: 64Mb L: 7/29 MS: 1 EraseBytes-
#23906	NEW    cov: 730 ft: 1418 corp: 234/2366b lim: 29 exec/s: 23906 rss: 64Mb L: 24/29 MS: 2 ShuffleBytes-ShuffleBytes-
#23935	REDUCE cov: 730 ft: 1418 corp: 234/2361b lim: 29 exec/s: 23935 rss: 64Mb L: 7/29 MS: 4 ChangeByte-InsertByte-ChangeByte-EraseBytes-
#24157	NEW    cov: 730 ft: 1421 corp: 235/2387b lim: 29 exec/s: 24157 rss: 65Mb L: 26/29 MS: 2 ChangeBit-InsertRepeatedBytes-
#24158	REDUCE cov: 730 ft: 1421 corp: 235/2384b lim: 29 exec/s: 24158 rss: 65Mb L: 22/29 MS: 1 EraseBytes-
#24259	REDUCE cov: 730 ft: 1421 corp: 235/2383b lim: 29 exec/s: 24259 rss: 65Mb L: 28/29 MS: 1 EraseBytes-
#24397	NEW    cov: 731 ft: 1422 corp: 236/2412b lim: 29 exec/s: 24397 rss: 65Mb L: 29/29 MS: 3 ChangeBit-PersAutoDict-CrossOver- DE: "\005\000\000\000\000\000\000\000"-
#24408	REDUCE cov: 731 ft: 1422 corp: 236/2410b lim: 29 exec/s: 24408 rss: 65Mb L: 19/29 MS: 1 EraseBytes-
#24515	REDUCE cov: 731 ft: 1422 corp: 236/2407b lim: 29 exec/s: 24515 rss: 65Mb L: 20/29 MS: 2 EraseBytes-CopyPart-
#24729	NEW    cov: 732 ft: 1423 corp: 237/2431b lim: 29 exec/s: 24729 rss: 65Mb L: 24/29 MS: 4 ChangeByte-CrossOver-ChangeByte-InsertRepeatedBytes-
#25022	REDUCE cov: 732 ft: 1423 corp: 237/2429b lim: 29 exec/s: 25022 rss: 65Mb L: 20/29 MS: 3 CopyPart-ChangeByte-EraseBytes-
#25085	NEW    cov: 733 ft: 1424 corp: 238/2458b lim: 29 exec/s: 25085 rss: 65Mb L: 29/29 MS: 3 CopyPart-InsertRepeatedBytes-ChangeByte-
#25211	REDUCE cov: 733 ft: 1425 corp: 239/2479b lim: 29 exec/s: 25211 rss: 65Mb L: 21/29 MS: 1 CopyPart-
#25463	NEW    cov: 747 ft: 1503 corp: 240/2504b lim: 29 exec/s: 25463 rss: 65Mb L: 25/29 MS: 2 PersAutoDict-CrossOver- DE: "\022\000\000\000\000\000\000\000"-
#25984	NEW    cov: 747 ft: 1504 corp: 241/2520b lim: 33 exec/s: 25984 rss: 65Mb L: 16/29 MS: 1 CopyPart-
#26059	NEW    cov: 747 ft: 1508 corp: 242/2553b lim: 33 exec/s: 26059 rss: 66Mb L: 33/33 MS: 5 InsertRepeatedBytes-InsertRepeatedBytes-CopyPart-CopyPart-InsertRepeatedBytes-
#26095	NEW    cov: 748 ft: 1509 corp: 243/2586b lim: 33 exec/s: 26095 rss: 66Mb L: 33/33 MS: 1 CopyPart-
#26206	NEW    cov: 748 ft: 1510 corp: 244/2616b lim: 33 exec/s: 26206 rss: 66Mb L: 30/33 MS: 1 CopyPart-
#26748	NEW    cov: 748 ft: 1513 corp: 245/2654b lim: 38 exec/s: 26748 rss: 66Mb L: 38/38 MS: 2 InsertByte-CopyPart-
#26894	REDUCE cov: 748 ft: 1513 corp: 245/2652b lim: 38 exec/s: 26894 rss: 66Mb L: 19/38 MS: 1 EraseBytes-
#26950	NEW    cov: 748 ft: 1516 corp: 246/2687b lim: 38 exec/s: 26950 rss: 66Mb L: 35/38 MS: 1 InsertRepeatedBytes-
#26981	REDUCE cov: 748 ft: 1516 corp: 246/2683b lim: 38 exec/s: 26981 rss: 66Mb L: 10/38 MS: 1 EraseBytes-
#27035	NEW    cov: 748 ft: 1517 corp: 247/2716b lim: 38 exec/s: 27035 rss: 66Mb L: 33/38 MS: 4 InsertRepeatedBytes-CopyPart-InsertByte-PersAutoDict- DE: "\000\000\000\020"-
#27046	NEW    cov: 753 ft: 1523 corp: 248/2754b lim: 38 exec/s: 27046 rss: 66Mb L: 38/38 MS: 1 InsertRepeatedBytes-
#27056	NEW    cov: 753 ft: 1524 corp: 249/2789b lim: 38 exec/s: 27056 rss: 66Mb L: 35/38 MS: 5 CopyPart-CopyPart-CopyPart-ChangeBit-InsertRepeatedBytes-
#27162	REDUCE cov: 753 ft: 1524 corp: 249/2788b lim: 38 exec/s: 27162 rss: 66Mb L: 6/38 MS: 1 EraseBytes-
#27175	NEW    cov: 753 ft: 1525 corp: 250/2802b lim: 38 exec/s: 27175 rss: 66Mb L: 14/38 MS: 3 CrossOver-ChangeBit-ShuffleBytes-
#27267	NEW    cov: 754 ft: 1526 corp: 251/2828b lim: 38 exec/s: 27267 rss: 66Mb L: 26/38 MS: 2 InsertByte-CopyPart-
#27333	REDUCE cov: 755 ft: 1529 corp: 252/2865b lim: 38 exec/s: 27333 rss: 66Mb L: 37/38 MS: 1 CopyPart-
#27339	NEW    cov: 755 ft: 1531 corp: 253/2900b lim: 38 exec/s: 27339 rss: 66Mb L: 35/38 MS: 1 CopyPart-
#27351	NEW    cov: 755 ft: 1532 corp: 254/2917b lim: 38 exec/s: 27351 rss: 66Mb L: 17/38 MS: 2 ChangeBit-InsertByte-
#27413	REDUCE cov: 755 ft: 1532 corp: 254/2916b lim: 38 exec/s: 27413 rss: 66Mb L: 13/38 MS: 2 CrossOver-EraseBytes-
#27494	NEW    cov: 755 ft: 1617 corp: 255/2945b lim: 38 exec/s: 27494 rss: 66Mb L: 29/38 MS: 1 CopyPart-
#27495	REDUCE cov: 755 ft: 1618 corp: 256/2982b lim: 38 exec/s: 27495 rss: 66Mb L: 37/38 MS: 1 InsertRepeatedBytes-
#27570	NEW    cov: 755 ft: 1619 corp: 257/3019b lim: 38 exec/s: 27570 rss: 66Mb L: 37/38 MS: 5 ChangeByte-EraseBytes-InsertRepeatedBytes-PersAutoDict-InsertRepeatedBytes- DE: "\377\377"-
#27716	NEW    cov: 755 ft: 1621 corp: 258/3031b lim: 38 exec/s: 27716 rss: 67Mb L: 12/38 MS: 1 CopyPart-
#27772	REDUCE cov: 755 ft: 1621 corp: 258/3029b lim: 38 exec/s: 27772 rss: 67Mb L: 12/38 MS: 1 EraseBytes-
#28079	REDUCE cov: 755 ft: 1621 corp: 258/3028b lim: 38 exec/s: 28079 rss: 67Mb L: 37/38 MS: 2 ChangeByte-CrossOver-
#28170	NEW    cov: 756 ft: 1622 corp: 259/3065b lim: 38 exec/s: 28170 rss: 67Mb L: 37/38 MS: 1 InsertRepeatedBytes-
#28311	REDUCE cov: 756 ft: 1622 corp: 259/3058b lim: 38 exec/s: 28311 rss: 67Mb L: 11/38 MS: 1 EraseBytes-
#28471	REDUCE cov: 756 ft: 1623 corp: 260/3094b lim: 38 exec/s: 28471 rss: 67Mb L: 36/38 MS: 5 PersAutoDict-InsertRepeatedBytes-CrossOver-CrossOver-InsertByte- DE: "\005\000\000\000\000\000\000\000"-
#28472	NEW    cov: 756 ft: 1624 corp: 261/3130b lim: 38 exec/s: 28472 rss: 67Mb L: 36/38 MS: 1 InsertByte-
#28553	NEW    cov: 756 ft: 1626 corp: 262/3168b lim: 38 exec/s: 28553 rss: 67Mb L: 38/38 MS: 1 PersAutoDict- DE: "\001\000\000\000\000\000\000\010"-
#28594	NEW    cov: 759 ft: 1629 corp: 263/3200b lim: 38 exec/s: 28594 rss: 67Mb L: 32/38 MS: 1 CMP- DE: "\000\000\000\000\000\000\000\002"-
#28665	NEW    cov: 760 ft: 1630 corp: 264/3238b lim: 38 exec/s: 28665 rss: 67Mb L: 38/38 MS: 1 InsertRepeatedBytes-
#28713	NEW    cov: 760 ft: 1631 corp: 265/3273b lim: 38 exec/s: 28713 rss: 67Mb L: 35/38 MS: 3 EraseBytes-ChangeBinInt-InsertRepeatedBytes-
#28814	NEW    cov: 761 ft: 1632 corp: 266/3311b lim: 38 exec/s: 28814 rss: 67Mb L: 38/38 MS: 1 InsertByte-
#28863	NEW    cov: 761 ft: 1633 corp: 267/3347b lim: 38 exec/s: 28863 rss: 67Mb L: 36/38 MS: 4 InsertRepeatedBytes-InsertByte-ChangeBit-CopyPart-
#28904	NEW    cov: 761 ft: 1634 corp: 268/3359b lim: 38 exec/s: 28904 rss: 68Mb L: 12/38 MS: 1 ChangeByte-
#28937	NEW    cov: 762 ft: 1635 corp: 269/3389b lim: 38 exec/s: 28937 rss: 68Mb L: 30/38 MS: 3 CMP-ChangeASCIIInt-InsertRepeatedBytes- DE: "\002\000\000\000\000\000\000\000"-
#28941	NEW    cov: 762 ft: 1636 corp: 270/3425b lim: 38 exec/s: 28941 rss: 68Mb L: 36/38 MS: 4 CopyPart-InsertByte-InsertRepeatedBytes-CMP- DE: "%\000\000\000\000\000\000\000"-
#28978	NEW    cov: 762 ft: 1637 corp: 271/3461b lim: 38 exec/s: 28978 rss: 68Mb L: 36/38 MS: 2 CopyPart-CopyPart-
#29009	NEW    cov: 762 ft: 1638 corp: 272/3476b lim: 38 exec/s: 29009 rss: 68Mb L: 15/38 MS: 1 EraseBytes-
#29043	NEW    cov: 762 ft: 1639 corp: 273/3506b lim: 38 exec/s: 29043 rss: 68Mb L: 30/38 MS: 4 ChangeByte-InsertByte-ChangeBinInt-InsertRepeatedBytes-
#29109	NEW    cov: 762 ft: 1656 corp: 274/3534b lim: 38 exec/s: 29109 rss: 68Mb L: 28/38 MS: 1 EraseBytes-
#29191	NEW    cov: 762 ft: 1658 corp: 275/3563b lim: 38 exec/s: 29191 rss: 68Mb L: 29/38 MS: 2 ChangeBinInt-ChangeBit-
#29453	NEW    cov: 762 ft: 1661 corp: 276/3598b lim: 38 exec/s: 29453 rss: 68Mb L: 35/38 MS: 2 CMP-InsertRepeatedBytes- DE: "\377\377\377("-
#29708	REDUCE cov: 762 ft: 1661 corp: 276/3597b lim: 38 exec/s: 29708 rss: 68Mb L: 18/38 MS: 5 PersAutoDict-PersAutoDict-CrossOver-CrossOver-EraseBytes- DE: "\000\000"-"\377\377"-
#29749	NEW    cov: 763 ft: 1662 corp: 277/3631b lim: 38 exec/s: 29749 rss: 68Mb L: 34/38 MS: 1 CrossOver-
#30161	NEW    cov: 764 ft: 1664 corp: 278/3669b lim: 38 exec/s: 30161 rss: 68Mb L: 38/38 MS: 2 ChangeBit-PersAutoDict- DE: "\000\000\000\000\000\000\000\002"-
#30173	NEW    cov: 764 ft: 1665 corp: 279/3701b lim: 38 exec/s: 30173 rss: 68Mb L: 32/38 MS: 2 ChangeBit-EraseBytes-
#30317	NEW    cov: 765 ft: 1666 corp: 280/3739b lim: 38 exec/s: 30317 rss: 68Mb L: 38/38 MS: 4 CopyPart-ChangeBit-InsertByte-PersAutoDict- DE: "\000\000\000\000"-
#30528	NEW    cov: 765 ft: 1679 corp: 281/3768b lim: 38 exec/s: 30528 rss: 69Mb L: 29/38 MS: 1 ChangeBinInt-
	NEW_FUNC[1/1]: 0x000103a44e20 in _RNvMs2_NtNtCsaadRk6yvHw6_6rsword3xml5parseNtB5_6Parser12parse_opaque+0x0 (fuzz_embedded:arm64+0x100de4e20)
#30600	NEW    cov: 773 ft: 1687 corp: 282/3792b lim: 38 exec/s: 30600 rss: 69Mb L: 24/38 MS: 2 ChangeASCIIInt-CrossOver-
#30992	NEW    cov: 773 ft: 1688 corp: 283/3828b lim: 38 exec/s: 30992 rss: 69Mb L: 36/38 MS: 2 EraseBytes-CopyPart-
#30998	NEW    cov: 773 ft: 1689 corp: 284/3844b lim: 38 exec/s: 30998 rss: 69Mb L: 16/38 MS: 1 CopyPart-
#31158	REDUCE cov: 773 ft: 1689 corp: 284/3843b lim: 38 exec/s: 31158 rss: 69Mb L: 34/38 MS: 5 CMP-ChangeBit-CrossOver-ShuffleBytes-InsertRepeatedBytes- DE: "\377\377\377\377\377\377\377\014"-
#31405	NEW    cov: 774 ft: 1690 corp: 285/3850b lim: 38 exec/s: 31405 rss: 69Mb L: 7/38 MS: 2 CrossOver-EraseBytes-
#31406	REDUCE cov: 774 ft: 1690 corp: 285/3847b lim: 38 exec/s: 31406 rss: 69Mb L: 8/38 MS: 1 EraseBytes-
#31602	REDUCE cov: 774 ft: 1690 corp: 285/3845b lim: 38 exec/s: 31602 rss: 69Mb L: 9/38 MS: 1 EraseBytes-
#31803	REDUCE cov: 774 ft: 1690 corp: 285/3844b lim: 38 exec/s: 31803 rss: 69Mb L: 5/38 MS: 1 EraseBytes-
#32394	NEW    cov: 774 ft: 1691 corp: 286/3864b lim: 43 exec/s: 32394 rss: 70Mb L: 20/38 MS: 1 CopyPart-
#32567	NEW    cov: 774 ft: 1692 corp: 287/3899b lim: 43 exec/s: 32567 rss: 70Mb L: 35/38 MS: 3 InsertRepeatedBytes-EraseBytes-CopyPart-
#32644	NEW    cov: 774 ft: 1696 corp: 288/3928b lim: 43 exec/s: 32644 rss: 70Mb L: 29/38 MS: 2 ChangeBit-ChangeBit-
#32700	REDUCE cov: 774 ft: 1696 corp: 288/3926b lim: 43 exec/s: 32700 rss: 70Mb L: 15/38 MS: 1 EraseBytes-
#32726	REDUCE cov: 774 ft: 1696 corp: 288/3925b lim: 43 exec/s: 32726 rss: 70Mb L: 9/38 MS: 1 EraseBytes-
#32777	REDUCE cov: 774 ft: 1696 corp: 288/3922b lim: 43 exec/s: 32777 rss: 70Mb L: 34/38 MS: 1 EraseBytes-
#32938	NEW    cov: 774 ft: 1699 corp: 289/3950b lim: 43 exec/s: 32938 rss: 70Mb L: 28/38 MS: 1 InsertRepeatedBytes-
#33039	REDUCE cov: 774 ft: 1699 corp: 289/3947b lim: 43 exec/s: 33039 rss: 70Mb L: 9/38 MS: 1 EraseBytes-
#33180	NEW    cov: 775 ft: 1700 corp: 290/3984b lim: 43 exec/s: 33180 rss: 70Mb L: 37/38 MS: 1 CMP- DE: ")\000\000\000\000\000\000\000"-
#33346	NEW    cov: 775 ft: 1701 corp: 291/4020b lim: 43 exec/s: 33346 rss: 70Mb L: 36/38 MS: 1 InsertByte-
#33648	NEW    cov: 775 ft: 1704 corp: 292/4058b lim: 43 exec/s: 33648 rss: 70Mb L: 38/38 MS: 2 InsertByte-PersAutoDict- DE: "\000\000\000\000\000\000\000\002"-
#33659	REDUCE cov: 775 ft: 1704 corp: 292/4057b lim: 43 exec/s: 33659 rss: 70Mb L: 10/38 MS: 1 EraseBytes-
#33788	NEW    cov: 775 ft: 1706 corp: 293/4100b lim: 43 exec/s: 33788 rss: 71Mb L: 43/43 MS: 4 ShuffleBytes-InsertRepeatedBytes-CopyPart-CrossOver-
#33894	NEW    cov: 775 ft: 1708 corp: 294/4130b lim: 43 exec/s: 33894 rss: 71Mb L: 30/43 MS: 1 InsertByte-
#33967	REDUCE cov: 775 ft: 1708 corp: 294/4129b lim: 43 exec/s: 33967 rss: 71Mb L: 6/43 MS: 3 ShuffleBytes-ChangeBit-EraseBytes-
#34203	REDUCE cov: 775 ft: 1708 corp: 294/4128b lim: 43 exec/s: 34203 rss: 71Mb L: 5/43 MS: 1 EraseBytes-
#34344	NEW    cov: 783 ft: 1716 corp: 295/4145b lim: 43 exec/s: 34344 rss: 71Mb L: 17/43 MS: 1 CrossOver-
#34546	NEW    cov: 783 ft: 1718 corp: 296/4185b lim: 43 exec/s: 34546 rss: 71Mb L: 40/43 MS: 2 ShuffleBytes-PersAutoDict- DE: "\000\000\000\000\000\000\000\002"-
#34670	NEW    cov: 783 ft: 1719 corp: 297/4225b lim: 43 exec/s: 34670 rss: 71Mb L: 40/43 MS: 4 ChangeByte-ShuffleBytes-ChangeBit-InsertRepeatedBytes-
#34797	NEW    cov: 783 ft: 1720 corp: 298/4241b lim: 43 exec/s: 34797 rss: 71Mb L: 16/43 MS: 2 ShuffleBytes-CopyPart-
#35118	REDUCE cov: 783 ft: 1720 corp: 298/4240b lim: 43 exec/s: 17559 rss: 71Mb L: 5/43 MS: 1 EraseBytes-
#35129	REDUCE cov: 783 ft: 1720 corp: 298/4232b lim: 43 exec/s: 17564 rss: 71Mb L: 15/43 MS: 1 EraseBytes-
#35160	NEW    cov: 783 ft: 1723 corp: 299/4274b lim: 43 exec/s: 17580 rss: 71Mb L: 42/43 MS: 1 CopyPart-
#35212	REDUCE cov: 783 ft: 1723 corp: 299/4272b lim: 43 exec/s: 17606 rss: 71Mb L: 36/43 MS: 2 ShuffleBytes-EraseBytes-
#35239	NEW    cov: 783 ft: 1724 corp: 300/4314b lim: 43 exec/s: 17619 rss: 74Mb L: 42/43 MS: 2 CopyPart-InsertByte-
#35511	REDUCE cov: 783 ft: 1724 corp: 300/4311b lim: 43 exec/s: 17755 rss: 75Mb L: 14/43 MS: 2 PersAutoDict-EraseBytes- DE: "\005\000\000\000\000\000\000\000"-
#35553	NEW    cov: 784 ft: 1725 corp: 301/4350b lim: 43 exec/s: 17776 rss: 75Mb L: 39/43 MS: 2 ChangeByte-CrossOver-
#35554	REDUCE cov: 784 ft: 1725 corp: 301/4349b lim: 43 exec/s: 17777 rss: 75Mb L: 7/43 MS: 1 EraseBytes-
#35590	REDUCE cov: 784 ft: 1725 corp: 301/4348b lim: 43 exec/s: 17795 rss: 75Mb L: 12/43 MS: 1 EraseBytes-
#35948	NEW    cov: 784 ft: 1726 corp: 302/4384b lim: 43 exec/s: 17974 rss: 75Mb L: 36/43 MS: 3 InsertByte-CMP-CrossOver- DE: "\377\377\377\345"-
#36329	REDUCE cov: 784 ft: 1726 corp: 302/4377b lim: 43 exec/s: 18164 rss: 75Mb L: 21/43 MS: 1 EraseBytes-
#36381	REDUCE cov: 784 ft: 1726 corp: 302/4373b lim: 43 exec/s: 18190 rss: 75Mb L: 16/43 MS: 2 ChangeByte-EraseBytes-
#36407	REDUCE cov: 784 ft: 1726 corp: 302/4372b lim: 43 exec/s: 18203 rss: 75Mb L: 16/43 MS: 1 EraseBytes-
#36468	REDUCE cov: 784 ft: 1726 corp: 302/4368b lim: 43 exec/s: 18234 rss: 75Mb L: 20/43 MS: 1 EraseBytes-
#36716	REDUCE cov: 784 ft: 1726 corp: 302/4364b lim: 43 exec/s: 18358 rss: 75Mb L: 26/43 MS: 3 ChangeByte-ShuffleBytes-EraseBytes-
#36744	REDUCE cov: 784 ft: 1727 corp: 303/4407b lim: 43 exec/s: 18372 rss: 75Mb L: 43/43 MS: 3 ShuffleBytes-ChangeBinInt-InsertRepeatedBytes-
#37290	NEW    cov: 786 ft: 1732 corp: 304/4444b lim: 48 exec/s: 18645 rss: 76Mb L: 37/43 MS: 1 CopyPart-
#37291	REDUCE cov: 786 ft: 1732 corp: 304/4443b lim: 48 exec/s: 18645 rss: 76Mb L: 9/43 MS: 1 EraseBytes-
#37332	NEW    cov: 786 ft: 1733 corp: 305/4479b lim: 48 exec/s: 18666 rss: 76Mb L: 36/43 MS: 1 EraseBytes-
#37386	NEW    cov: 786 ft: 1735 corp: 306/4525b lim: 48 exec/s: 18693 rss: 76Mb L: 46/46 MS: 4 PersAutoDict-EraseBytes-CopyPart-CopyPart- DE: "\000\000"-
#37712	NEW    cov: 788 ft: 1739 corp: 307/4570b lim: 48 exec/s: 18856 rss: 76Mb L: 45/46 MS: 1 CMP- DE: "\011\000\000\000\000\000\000\000"-
#37728	NEW    cov: 788 ft: 1763 corp: 308/4578b lim: 48 exec/s: 18864 rss: 76Mb L: 8/46 MS: 1 CopyPart-
#37834	REDUCE cov: 788 ft: 1763 corp: 308/4576b lim: 48 exec/s: 18917 rss: 76Mb L: 14/46 MS: 1 EraseBytes-
#37835	REDUCE cov: 788 ft: 1763 corp: 308/4570b lim: 48 exec/s: 18917 rss: 76Mb L: 10/46 MS: 1 EraseBytes-
#37911	REDUCE cov: 788 ft: 1764 corp: 309/4584b lim: 48 exec/s: 18955 rss: 76Mb L: 14/46 MS: 1 CrossOver-
#38217	NEW    cov: 788 ft: 1765 corp: 310/4628b lim: 48 exec/s: 19108 rss: 76Mb L: 44/46 MS: 1 InsertRepeatedBytes-
#38488	NEW    cov: 788 ft: 1767 corp: 311/4675b lim: 48 exec/s: 19244 rss: 77Mb L: 47/47 MS: 1 CrossOver-
#38621	NEW    cov: 788 ft: 1768 corp: 312/4717b lim: 48 exec/s: 19310 rss: 77Mb L: 42/47 MS: 3 ChangeBinInt-CMP-CopyPart- DE: "\002\000\000\000\000\000\000\000"-
#38702	NEW    cov: 789 ft: 1771 corp: 313/4765b lim: 48 exec/s: 19351 rss: 77Mb L: 48/48 MS: 1 CopyPart-
#38719	REDUCE cov: 789 ft: 1771 corp: 313/4763b lim: 48 exec/s: 19359 rss: 77Mb L: 33/48 MS: 2 ChangeByte-EraseBytes-
#38870	NEW    cov: 789 ft: 1848 corp: 314/4800b lim: 48 exec/s: 19435 rss: 77Mb L: 37/48 MS: 1 CopyPart-
#38886	REDUCE cov: 789 ft: 1848 corp: 314/4799b lim: 48 exec/s: 19443 rss: 77Mb L: 9/48 MS: 1 EraseBytes-
#38943	REDUCE cov: 789 ft: 1848 corp: 314/4795b lim: 48 exec/s: 19471 rss: 77Mb L: 34/48 MS: 2 EraseBytes-InsertByte-
#39029	REDUCE cov: 789 ft: 1848 corp: 314/4790b lim: 48 exec/s: 19514 rss: 77Mb L: 6/48 MS: 1 EraseBytes-
#39081	NEW    cov: 791 ft: 1850 corp: 315/4798b lim: 48 exec/s: 19540 rss: 77Mb L: 8/48 MS: 2 InsertByte-ShuffleBytes-
#39449	NEW    cov: 791 ft: 1852 corp: 316/4845b lim: 48 exec/s: 19724 rss: 77Mb L: 47/48 MS: 3 CrossOver-InsertRepeatedBytes-CopyPart-
#39462	NEW    cov: 791 ft: 1853 corp: 317/4891b lim: 48 exec/s: 19731 rss: 77Mb L: 46/48 MS: 3 ChangeByte-CopyPart-CopyPart-
#39608	NEW    cov: 791 ft: 1854 corp: 318/4936b lim: 48 exec/s: 19804 rss: 78Mb L: 45/48 MS: 1 CopyPart-
#39613	NEW    cov: 791 ft: 1855 corp: 319/4979b lim: 48 exec/s: 19806 rss: 78Mb L: 43/48 MS: 5 InsertByte-CrossOver-ShuffleBytes-InsertRepeatedBytes-InsertByte-
#39630	NEW    cov: 791 ft: 1857 corp: 320/5017b lim: 48 exec/s: 19815 rss: 78Mb L: 38/48 MS: 2 ChangeBinInt-InsertRepeatedBytes-
#39918	NEW    cov: 791 ft: 1858 corp: 321/5065b lim: 48 exec/s: 19959 rss: 78Mb L: 48/48 MS: 3 InsertByte-ChangeBit-InsertRepeatedBytes-
	NEW_FUNC[1/30]: 0x000102c64464 in _RINvNtCs7oq3hgLOR5a_4core3ptr9drop_glueINtNtCs7a5mATVz8u3_5alloc3vec3VecINtNtBG_4sync3ArceEEECsgY1IMrM4klp_13fuzz_embedded mod.rs:848
	NEW_FUNC[2/30]: 0x000102c652b4 in _RINvNtCs7oq3hgLOR5a_4core3ptr9drop_glueINtNtCs7a5mATVz8u3_5alloc3vec3VecNtNtCsaadRk6yvHw6_6rsword4diag10DiagnosticEECsgY1IMrM4klp_13fuzz_embedded mod.rs:848
#40015	NEW    cov: 1076 ft: 2143 corp: 322/5080b lim: 48 exec/s: 20007 rss: 78Mb L: 15/48 MS: 2 InsertByte-InsertByte-
#40045	REDUCE cov: 1076 ft: 2145 corp: 323/5107b lim: 48 exec/s: 20022 rss: 78Mb L: 27/48 MS: 5 InsertRepeatedBytes-ChangeByte-CopyPart-ChangeBinInt-EraseBytes-
#40046	REDUCE cov: 1076 ft: 2145 corp: 323/5105b lim: 48 exec/s: 20023 rss: 78Mb L: 18/48 MS: 1 EraseBytes-
#40083	REDUCE cov: 1076 ft: 2145 corp: 323/5102b lim: 48 exec/s: 20041 rss: 78Mb L: 27/48 MS: 2 InsertByte-EraseBytes-
#40100	NEW    cov: 1076 ft: 2147 corp: 324/5132b lim: 48 exec/s: 20050 rss: 78Mb L: 30/48 MS: 2 ShuffleBytes-InsertByte-
#40207	NEW    cov: 1076 ft: 2148 corp: 325/5178b lim: 48 exec/s: 20103 rss: 78Mb L: 46/48 MS: 2 ChangeBit-InsertByte-
#40553	NEW    cov: 1076 ft: 2149 corp: 326/5207b lim: 48 exec/s: 20276 rss: 79Mb L: 29/48 MS: 1 CrossOver-
#40859	REDUCE cov: 1076 ft: 2151 corp: 327/5231b lim: 48 exec/s: 20429 rss: 79Mb L: 24/48 MS: 1 CopyPart-
#40885	REDUCE cov: 1076 ft: 2151 corp: 327/5228b lim: 48 exec/s: 20442 rss: 79Mb L: 17/48 MS: 1 EraseBytes-
#40933	REDUCE cov: 1076 ft: 2151 corp: 327/5225b lim: 48 exec/s: 20466 rss: 79Mb L: 21/48 MS: 3 ChangeBit-ShuffleBytes-EraseBytes-
#40955	REDUCE cov: 1076 ft: 2151 corp: 327/5219b lim: 48 exec/s: 20477 rss: 79Mb L: 29/48 MS: 2 CMP-EraseBytes- DE: "\001\000\000\000"-
#41238	REDUCE cov: 1076 ft: 2151 corp: 327/5216b lim: 48 exec/s: 20619 rss: 79Mb L: 16/48 MS: 3 ShuffleBytes-ChangeBinInt-EraseBytes-
#41251	NEW    cov: 1080 ft: 2156 corp: 328/5254b lim: 48 exec/s: 20625 rss: 79Mb L: 38/48 MS: 3 PersAutoDict-ShuffleBytes-ChangeBinInt- DE: "\000\000\000\000"-
#41304	REDUCE cov: 1080 ft: 2156 corp: 328/5249b lim: 48 exec/s: 20652 rss: 79Mb L: 13/48 MS: 3 InsertByte-ChangeBit-EraseBytes-
#41345	NEW    cov: 1080 ft: 2158 corp: 329/5257b lim: 48 exec/s: 20672 rss: 79Mb L: 8/48 MS: 1 ChangeBit-
#41383	REDUCE cov: 1080 ft: 2158 corp: 329/5250b lim: 48 exec/s: 20691 rss: 79Mb L: 31/48 MS: 3 ChangeBit-ChangeBit-EraseBytes-
#41444	REDUCE cov: 1080 ft: 2158 corp: 329/5249b lim: 48 exec/s: 20722 rss: 79Mb L: 7/48 MS: 1 EraseBytes-
#41650	NEW    cov: 1080 ft: 2159 corp: 330/5256b lim: 48 exec/s: 20825 rss: 80Mb L: 7/48 MS: 1 CopyPart-
#41750	NEW    cov: 1081 ft: 2160 corp: 331/5288b lim: 48 exec/s: 20875 rss: 80Mb L: 32/48 MS: 5 EraseBytes-CMP-CrossOver-CrossOver-CopyPart- DE: "\000\000\000\000\000\000\000\003"-
#42078	NEW    cov: 1081 ft: 2161 corp: 332/5312b lim: 48 exec/s: 21039 rss: 80Mb L: 24/48 MS: 3 CopyPart-ShuffleBytes-InsertRepeatedBytes-
#42179	NEW    cov: 1081 ft: 2162 corp: 333/5324b lim: 48 exec/s: 21089 rss: 80Mb L: 12/48 MS: 1 CopyPart-
#42190	NEW    cov: 1082 ft: 2164 corp: 334/5338b lim: 48 exec/s: 21095 rss: 80Mb L: 14/48 MS: 1 CrossOver-
#42531	NEW    cov: 1082 ft: 2165 corp: 335/5362b lim: 48 exec/s: 21265 rss: 80Mb L: 24/48 MS: 1 ChangeBit-
#43182	REDUCE cov: 1082 ft: 2165 corp: 335/5360b lim: 53 exec/s: 21591 rss: 81Mb L: 12/48 MS: 1 EraseBytes-
#43241	REDUCE cov: 1082 ft: 2165 corp: 335/5359b lim: 53 exec/s: 21620 rss: 81Mb L: 38/48 MS: 4 CopyPart-EraseBytes-InsertByte-InsertByte-
#43532	REDUCE cov: 1084 ft: 2169 corp: 336/5376b lim: 53 exec/s: 21766 rss: 81Mb L: 17/48 MS: 1 CopyPart-
#43554	NEW    cov: 1084 ft: 2170 corp: 337/5414b lim: 53 exec/s: 21777 rss: 81Mb L: 38/48 MS: 2 CMP-CrossOver- DE: "\001\000\000\000"-
#43630	REDUCE cov: 1084 ft: 2170 corp: 337/5412b lim: 53 exec/s: 21815 rss: 81Mb L: 13/48 MS: 1 EraseBytes-
#43641	REDUCE cov: 1084 ft: 2170 corp: 337/5404b lim: 53 exec/s: 21820 rss: 81Mb L: 9/48 MS: 1 EraseBytes-
#43793	REDUCE cov: 1084 ft: 2170 corp: 337/5399b lim: 53 exec/s: 21896 rss: 81Mb L: 8/48 MS: 2 ShuffleBytes-EraseBytes-
#43860	NEW    cov: 1084 ft: 2175 corp: 338/5439b lim: 53 exec/s: 21930 rss: 81Mb L: 40/48 MS: 2 EraseBytes-CopyPart-
#43901	REDUCE cov: 1084 ft: 2175 corp: 338/5438b lim: 53 exec/s: 21950 rss: 81Mb L: 12/48 MS: 1 EraseBytes-
#43922	REDUCE cov: 1084 ft: 2175 corp: 338/5437b lim: 53 exec/s: 21961 rss: 81Mb L: 3/48 MS: 1 EraseBytes-
#43933	REDUCE cov: 1084 ft: 2175 corp: 338/5436b lim: 53 exec/s: 21966 rss: 81Mb L: 32/48 MS: 1 EraseBytes-
#43934	NEW    cov: 1087 ft: 2178 corp: 339/5444b lim: 53 exec/s: 21967 rss: 81Mb L: 8/48 MS: 1 EraseBytes-
#44023	REDUCE cov: 1087 ft: 2178 corp: 339/5442b lim: 53 exec/s: 22011 rss: 81Mb L: 12/48 MS: 4 ChangeByte-ChangeBit-ChangeBit-EraseBytes-
#44044	NEW    cov: 1087 ft: 2179 corp: 340/5483b lim: 53 exec/s: 22022 rss: 81Mb L: 41/48 MS: 1 InsertRepeatedBytes-
#44420	REDUCE cov: 1087 ft: 2180 corp: 341/5507b lim: 53 exec/s: 22210 rss: 82Mb L: 24/48 MS: 1 CopyPart-
#44434	NEW    cov: 1090 ft: 2183 corp: 342/5518b lim: 53 exec/s: 22217 rss: 82Mb L: 11/48 MS: 4 ChangeBit-CopyPart-ChangeBit-EraseBytes-
#44491	NEW    cov: 1090 ft: 2185 corp: 343/5562b lim: 53 exec/s: 22245 rss: 82Mb L: 44/48 MS: 2 CMP-CopyPart- DE: "\002\000\000\000\000\000\000\000"-
#44532	NEW    cov: 1090 ft: 2187 corp: 344/5613b lim: 53 exec/s: 22266 rss: 82Mb L: 51/51 MS: 1 InsertRepeatedBytes-
#44638	NEW    cov: 1090 ft: 2188 corp: 345/5631b lim: 53 exec/s: 22319 rss: 82Mb L: 18/51 MS: 1 InsertByte-
#44826	REDUCE cov: 1090 ft: 2188 corp: 345/5621b lim: 53 exec/s: 22413 rss: 82Mb L: 13/51 MS: 3 ChangeBinInt-CopyPart-EraseBytes-
#45241	REDUCE cov: 1092 ft: 2190 corp: 346/5652b lim: 53 exec/s: 22620 rss: 82Mb L: 31/51 MS: 5 ChangeBinInt-PersAutoDict-CopyPart-ShuffleBytes-CrossOver- DE: "\377\377\377("-
#45388	REDUCE cov: 1092 ft: 2190 corp: 346/5645b lim: 53 exec/s: 22694 rss: 82Mb L: 8/51 MS: 2 PersAutoDict-EraseBytes- DE: "!\000\000\000"-
#45515	NEW    cov: 1092 ft: 2191 corp: 347/5679b lim: 53 exec/s: 22757 rss: 82Mb L: 34/51 MS: 2 CrossOver-EraseBytes-
#45521	REDUCE cov: 1092 ft: 2191 corp: 347/5677b lim: 53 exec/s: 22760 rss: 82Mb L: 21/51 MS: 1 EraseBytes-
#45862	NEW    cov: 1093 ft: 2192 corp: 348/5715b lim: 53 exec/s: 22931 rss: 83Mb L: 38/51 MS: 1 ChangeByte-
#45928	REDUCE cov: 1093 ft: 2192 corp: 348/5714b lim: 53 exec/s: 22964 rss: 83Mb L: 20/51 MS: 1 EraseBytes-
#45929	NEW    cov: 1094 ft: 2194 corp: 349/5733b lim: 53 exec/s: 22964 rss: 83Mb L: 19/51 MS: 1 EraseBytes-
#46090	REDUCE cov: 1094 ft: 2194 corp: 349/5732b lim: 53 exec/s: 23045 rss: 83Mb L: 3/51 MS: 1 EraseBytes-
#46194	NEW    cov: 1094 ft: 2195 corp: 350/5776b lim: 53 exec/s: 23097 rss: 83Mb L: 44/51 MS: 4 ShuffleBytes-PersAutoDict-InsertRepeatedBytes-CMP- DE: "\377\377\377\377\377\377\377\014"-"\376\377\377\244"-
#46382	NEW    cov: 1094 ft: 2196 corp: 351/5816b lim: 53 exec/s: 23191 rss: 83Mb L: 40/51 MS: 3 ChangeBinInt-EraseBytes-CopyPart-
#46388	NEW    cov: 1108 ft: 2210 corp: 352/5835b lim: 53 exec/s: 23194 rss: 83Mb L: 19/51 MS: 1 CopyPart-
#46409	NEW    cov: 1108 ft: 2213 corp: 353/5884b lim: 53 exec/s: 23204 rss: 83Mb L: 49/51 MS: 1 CopyPart-
#46501	REDUCE cov: 1108 ft: 2221 corp: 354/5919b lim: 53 exec/s: 23250 rss: 83Mb L: 35/51 MS: 2 PersAutoDict-CopyPart- DE: ")\000\000\000\000\000\000\000"-
#46717	REDUCE cov: 1108 ft: 2221 corp: 354/5918b lim: 53 exec/s: 23358 rss: 83Mb L: 10/51 MS: 1 EraseBytes-
#47163	NEW    cov: 1108 ft: 2242 corp: 355/5955b lim: 53 exec/s: 23581 rss: 84Mb L: 37/51 MS: 1 CopyPart-
#47224	REDUCE cov: 1108 ft: 2242 corp: 355/5953b lim: 53 exec/s: 23612 rss: 84Mb L: 10/51 MS: 1 EraseBytes-
#47355	NEW    cov: 1108 ft: 2244 corp: 356/5982b lim: 53 exec/s: 23677 rss: 84Mb L: 29/51 MS: 1 CopyPart-
#47536	NEW    cov: 1108 ft: 2246 corp: 357/6034b lim: 53 exec/s: 23768 rss: 84Mb L: 52/52 MS: 1 CopyPart-
#47542	REDUCE cov: 1108 ft: 2246 corp: 357/6032b lim: 53 exec/s: 23771 rss: 84Mb L: 43/52 MS: 1 EraseBytes-
#47698	REDUCE cov: 1108 ft: 2246 corp: 357/6029b lim: 53 exec/s: 23849 rss: 84Mb L: 7/52 MS: 1 EraseBytes-
#47700	NEW    cov: 1109 ft: 2247 corp: 358/6040b lim: 53 exec/s: 23850 rss: 84Mb L: 11/52 MS: 2 CrossOver-EraseBytes-
#47835	REDUCE cov: 1109 ft: 2249 corp: 359/6091b lim: 53 exec/s: 23917 rss: 84Mb L: 51/52 MS: 5 PersAutoDict-InsertRepeatedBytes-ChangeBinInt-CrossOver-CrossOver- DE: "\000\000\000\000"-
#47871	REDUCE cov: 1109 ft: 2249 corp: 359/6090b lim: 53 exec/s: 23935 rss: 84Mb L: 35/52 MS: 1 CrossOver-
#48007	REDUCE cov: 1109 ft: 2249 corp: 359/6089b lim: 53 exec/s: 24003 rss: 84Mb L: 13/52 MS: 1 EraseBytes-
#48225	NEW    cov: 1109 ft: 2251 corp: 360/6142b lim: 53 exec/s: 24112 rss: 85Mb L: 53/53 MS: 3 ShuffleBytes-CopyPart-PersAutoDict- DE: "\000\000\000\000\000\000\000\002"-
#48436	NEW    cov: 1109 ft: 2253 corp: 361/6158b lim: 53 exec/s: 24218 rss: 85Mb L: 16/53 MS: 1 CrossOver-
#48510	NEW    cov: 1109 ft: 2255 corp: 362/6208b lim: 53 exec/s: 24255 rss: 85Mb L: 50/53 MS: 4 CopyPart-ChangeBinInt-ChangeBit-CopyPart-
#48552	REDUCE cov: 1109 ft: 2255 corp: 362/6207b lim: 53 exec/s: 24276 rss: 85Mb L: 3/53 MS: 2 CopyPart-EraseBytes-
#48776	NEW    cov: 1110 ft: 2256 corp: 363/6227b lim: 53 exec/s: 24388 rss: 85Mb L: 20/53 MS: 4 CopyPart-InsertByte-ChangeBit-ChangeBit-
#48878	NEW    cov: 1113 ft: 2260 corp: 364/6251b lim: 53 exec/s: 24439 rss: 85Mb L: 24/53 MS: 2 CrossOver-CrossOver-
#49644	REDUCE cov: 1113 ft: 2260 corp: 364/6250b lim: 58 exec/s: 24822 rss: 86Mb L: 5/53 MS: 1 EraseBytes-
#49950	REDUCE cov: 1113 ft: 2260 corp: 364/6247b lim: 58 exec/s: 24975 rss: 86Mb L: 35/53 MS: 1 CrossOver-
#49967	NEW    cov: 1113 ft: 2261 corp: 365/6298b lim: 58 exec/s: 24983 rss: 86Mb L: 51/53 MS: 2 ChangeByte-ChangeBit-
#50058	REDUCE cov: 1113 ft: 2261 corp: 365/6297b lim: 58 exec/s: 25029 rss: 86Mb L: 3/53 MS: 1 EraseBytes-
#50072	REDUCE cov: 1113 ft: 2261 corp: 365/6283b lim: 58 exec/s: 25036 rss: 86Mb L: 20/53 MS: 4 CrossOver-CopyPart-EraseBytes-EraseBytes-
#50166	NEW    cov: 1113 ft: 2262 corp: 366/6339b lim: 58 exec/s: 25083 rss: 86Mb L: 56/56 MS: 4 CopyPart-ChangeByte-CopyPart-InsertRepeatedBytes-
#50298	REDUCE cov: 1113 ft: 2262 corp: 366/6334b lim: 58 exec/s: 25149 rss: 86Mb L: 24/56 MS: 2 ChangeByte-EraseBytes-
#50399	REDUCE cov: 1113 ft: 2262 corp: 366/6333b lim: 58 exec/s: 25199 rss: 86Mb L: 23/56 MS: 1 EraseBytes-
#50456	NEW    cov: 1113 ft: 2263 corp: 367/6389b lim: 58 exec/s: 25228 rss: 86Mb L: 56/56 MS: 2 ChangeBinInt-CopyPart-
#50692	REDUCE cov: 1113 ft: 2263 corp: 367/6383b lim: 58 exec/s: 25346 rss: 86Mb L: 11/56 MS: 1 EraseBytes-
#50704	REDUCE cov: 1116 ft: 2276 corp: 368/6407b lim: 58 exec/s: 25352 rss: 86Mb L: 24/56 MS: 2 InsertRepeatedBytes-ChangeByte-
#50850	REDUCE cov: 1116 ft: 2276 corp: 368/6405b lim: 58 exec/s: 25425 rss: 87Mb L: 19/56 MS: 1 EraseBytes-
#50871	NEW    cov: 1116 ft: 2277 corp: 369/6454b lim: 58 exec/s: 25435 rss: 87Mb L: 49/56 MS: 1 ChangeByte-
#50997	REDUCE cov: 1116 ft: 2277 corp: 369/6453b lim: 58 exec/s: 25498 rss: 87Mb L: 8/56 MS: 1 EraseBytes-
#51260	NEW    cov: 1116 ft: 2279 corp: 370/6488b lim: 58 exec/s: 25630 rss: 87Mb L: 35/56 MS: 3 CopyPart-CopyPart-ShuffleBytes-
#51366	REDUCE cov: 1116 ft: 2279 corp: 370/6484b lim: 58 exec/s: 25683 rss: 87Mb L: 20/56 MS: 1 EraseBytes-
#51522	NEW    cov: 1119 ft: 2306 corp: 371/6517b lim: 58 exec/s: 25761 rss: 87Mb L: 33/56 MS: 1 CopyPart-
#51557	REDUCE cov: 1119 ft: 2307 corp: 372/6551b lim: 58 exec/s: 25778 rss: 87Mb L: 34/56 MS: 5 ChangeBit-ShuffleBytes-ShuffleBytes-CrossOver-CopyPart-
#52346	REDUCE cov: 1119 ft: 2307 corp: 372/6549b lim: 63 exec/s: 26173 rss: 87Mb L: 6/56 MS: 4 CMP-InsertByte-PersAutoDict-EraseBytes- DE: "\000\000\001\000"-"\001\000\000\000"-
#52677	REDUCE cov: 1119 ft: 2307 corp: 372/6548b lim: 63 exec/s: 26338 rss: 88Mb L: 49/56 MS: 1 EraseBytes-
#52793	REDUCE cov: 1119 ft: 2307 corp: 372/6546b lim: 63 exec/s: 26396 rss: 88Mb L: 23/56 MS: 1 EraseBytes-
#53126	NEW    cov: 1121 ft: 2314 corp: 373/6596b lim: 63 exec/s: 26563 rss: 88Mb L: 50/56 MS: 3 InsertByte-ChangeBinInt-CopyPart-
#53267	NEW    cov: 1121 ft: 2315 corp: 374/6627b lim: 63 exec/s: 26633 rss: 88Mb L: 31/56 MS: 1 InsertByte-
#53352	NEW    cov: 1121 ft: 2316 corp: 375/6687b lim: 63 exec/s: 26676 rss: 88Mb L: 60/60 MS: 5 PersAutoDict-ChangeBit-EraseBytes-ChangeBit-InsertRepeatedBytes- DE: "\002\000\000\000\000\000\000\000"-
#53498	REDUCE cov: 1121 ft: 2316 corp: 375/6686b lim: 63 exec/s: 26749 rss: 88Mb L: 35/60 MS: 1 EraseBytes-
#53600	REDUCE cov: 1121 ft: 2316 corp: 375/6674b lim: 63 exec/s: 26800 rss: 88Mb L: 22/60 MS: 2 ShuffleBytes-EraseBytes-
#53966	REDUCE cov: 1121 ft: 2316 corp: 375/6660b lim: 63 exec/s: 26983 rss: 89Mb L: 26/60 MS: 1 EraseBytes-
#53999	NEW    cov: 1121 ft: 2325 corp: 376/6715b lim: 63 exec/s: 26999 rss: 89Mb L: 55/60 MS: 3 EraseBytes-CrossOver-CopyPart-
#54155	REDUCE cov: 1121 ft: 2325 corp: 376/6714b lim: 63 exec/s: 27077 rss: 89Mb L: 5/60 MS: 1 EraseBytes-
#54167	REDUCE cov: 1121 ft: 2325 corp: 376/6712b lim: 63 exec/s: 27083 rss: 89Mb L: 49/60 MS: 2 CopyPart-EraseBytes-
#54264	REDUCE cov: 1121 ft: 2325 corp: 376/6710b lim: 63 exec/s: 27132 rss: 89Mb L: 36/60 MS: 2 InsertByte-EraseBytes-
#54525	REDUCE cov: 1121 ft: 2325 corp: 376/6707b lim: 63 exec/s: 27262 rss: 89Mb L: 21/60 MS: 1 EraseBytes-
#54526	REDUCE cov: 1121 ft: 2325 corp: 376/6703b lim: 63 exec/s: 27263 rss: 89Mb L: 16/60 MS: 1 EraseBytes-
#54567	NEW    cov: 1121 ft: 2326 corp: 377/6763b lim: 63 exec/s: 27283 rss: 89Mb L: 60/60 MS: 1 CopyPart-
#54598	REDUCE cov: 1121 ft: 2326 corp: 377/6761b lim: 63 exec/s: 27299 rss: 89Mb L: 45/60 MS: 1 EraseBytes-
#54664	REDUCE cov: 1121 ft: 2326 corp: 377/6753b lim: 63 exec/s: 27332 rss: 89Mb L: 8/60 MS: 1 EraseBytes-
#54745	NEW    cov: 1121 ft: 2334 corp: 378/6781b lim: 63 exec/s: 18248 rss: 89Mb L: 28/60 MS: 1 CopyPart-
#55062	REDUCE cov: 1121 ft: 2334 corp: 378/6777b lim: 63 exec/s: 18354 rss: 90Mb L: 16/60 MS: 2 CrossOver-EraseBytes-
#55249	REDUCE cov: 1121 ft: 2334 corp: 378/6770b lim: 63 exec/s: 18416 rss: 92Mb L: 14/60 MS: 2 ShuffleBytes-EraseBytes-
#55418	NEW    cov: 1121 ft: 2342 corp: 379/6789b lim: 63 exec/s: 18472 rss: 92Mb L: 19/60 MS: 4 ChangeBinInt-CrossOver-ChangeByte-CrossOver-
#55474	REDUCE cov: 1121 ft: 2342 corp: 379/6788b lim: 63 exec/s: 18491 rss: 92Mb L: 6/60 MS: 1 EraseBytes-
#55656	REDUCE cov: 1121 ft: 2342 corp: 379/6779b lim: 63 exec/s: 18552 rss: 92Mb L: 21/60 MS: 2 InsertByte-EraseBytes-
#55734	REDUCE cov: 1121 ft: 2342 corp: 379/6778b lim: 63 exec/s: 18578 rss: 92Mb L: 14/60 MS: 3 CopyPart-ChangeBit-EraseBytes-
#56115	REDUCE cov: 1121 ft: 2342 corp: 379/6777b lim: 63 exec/s: 18705 rss: 93Mb L: 23/60 MS: 1 EraseBytes-
#56213	REDUCE cov: 1121 ft: 2342 corp: 379/6775b lim: 63 exec/s: 18737 rss: 93Mb L: 18/60 MS: 3 ChangeByte-CMP-EraseBytes- DE: "\377\377\377\016\377\351\017\320"-
#56240	NEW    cov: 1121 ft: 2343 corp: 380/6797b lim: 63 exec/s: 18746 rss: 93Mb L: 22/60 MS: 2 CMP-CrossOver- DE: "n\366\000\000"-
#56276	REDUCE cov: 1121 ft: 2343 corp: 380/6795b lim: 63 exec/s: 18758 rss: 93Mb L: 14/60 MS: 1 EraseBytes-
#56351	NEW    cov: 1121 ft: 2344 corp: 381/6844b lim: 63 exec/s: 18783 rss: 93Mb L: 49/60 MS: 5 InsertByte-CopyPart-ChangeBit-ChangeBinInt-PersAutoDict- DE: "\001\000\000\000"-
#56628	REDUCE cov: 1121 ft: 2347 corp: 382/6902b lim: 63 exec/s: 18876 rss: 93Mb L: 58/60 MS: 2 ChangeByte-InsertRepeatedBytes-
#56659	NEW    cov: 1121 ft: 2356 corp: 383/6963b lim: 63 exec/s: 18886 rss: 93Mb L: 61/61 MS: 1 CopyPart-
#56950	NEW    cov: 1121 ft: 2385 corp: 384/7014b lim: 63 exec/s: 18983 rss: 93Mb L: 51/61 MS: 1 CopyPart-
#57171	REDUCE cov: 1121 ft: 2385 corp: 384/7008b lim: 63 exec/s: 19057 rss: 94Mb L: 20/61 MS: 1 EraseBytes-
#57382	REDUCE cov: 1121 ft: 2385 corp: 384/7005b lim: 63 exec/s: 19127 rss: 94Mb L: 32/61 MS: 1 EraseBytes-
#57474	NEW    cov: 1121 ft: 2386 corp: 385/7058b lim: 63 exec/s: 19158 rss: 94Mb L: 53/61 MS: 2 ChangeBit-InsertRepeatedBytes-
#57880	NEW    cov: 1121 ft: 2389 corp: 386/7105b lim: 63 exec/s: 19293 rss: 94Mb L: 47/61 MS: 1 InsertRepeatedBytes-
#57926	NEW    cov: 1121 ft: 2391 corp: 387/7138b lim: 63 exec/s: 19308 rss: 94Mb L: 33/61 MS: 1 ShuffleBytes-
#57972	REDUCE cov: 1121 ft: 2391 corp: 387/7137b lim: 63 exec/s: 19324 rss: 94Mb L: 4/61 MS: 1 EraseBytes-
#58200	NEW    cov: 1121 ft: 2394 corp: 388/7172b lim: 63 exec/s: 19400 rss: 95Mb L: 35/61 MS: 3 CopyPart-ChangeBinInt-CrossOver-
#58315	REDUCE cov: 1121 ft: 2394 corp: 388/7171b lim: 63 exec/s: 19438 rss: 95Mb L: 30/61 MS: 5 ChangeASCIIInt-ChangeBinInt-ChangeByte-ChangeByte-EraseBytes-
#58374	NEW    cov: 1123 ft: 2396 corp: 389/7215b lim: 63 exec/s: 19458 rss: 95Mb L: 44/61 MS: 4 CopyPart-ChangeBit-InsertByte-CMP- DE: "\001\000\000\000"-
#58620	REDUCE cov: 1123 ft: 2422 corp: 390/7266b lim: 63 exec/s: 19540 rss: 95Mb L: 51/61 MS: 1 CopyPart-
#58727	NEW    cov: 1123 ft: 2425 corp: 391/7315b lim: 63 exec/s: 19575 rss: 95Mb L: 49/61 MS: 2 ChangeBinInt-CrossOver-
#58940	NEW    cov: 1127 ft: 2443 corp: 392/7368b lim: 63 exec/s: 19646 rss: 95Mb L: 53/61 MS: 3 InsertByte-ShuffleBytes-CopyPart-
#59002	REDUCE cov: 1127 ft: 2443 corp: 392/7365b lim: 63 exec/s: 19667 rss: 95Mb L: 16/61 MS: 2 InsertByte-EraseBytes-
#59240	REDUCE cov: 1127 ft: 2443 corp: 392/7363b lim: 63 exec/s: 19746 rss: 95Mb L: 43/61 MS: 3 ChangeBit-ChangeByte-EraseBytes-
#59316	REDUCE cov: 1127 ft: 2443 corp: 392/7358b lim: 63 exec/s: 19772 rss: 95Mb L: 31/61 MS: 1 EraseBytes-
#59563	NEW    cov: 1127 ft: 2444 corp: 393/7366b lim: 63 exec/s: 19854 rss: 95Mb L: 8/61 MS: 2 ShuffleBytes-CopyPart-
#59631	REDUCE cov: 1127 ft: 2444 corp: 393/7361b lim: 63 exec/s: 19877 rss: 96Mb L: 18/61 MS: 3 ChangeBit-ShuffleBytes-EraseBytes-
#59727	REDUCE cov: 1127 ft: 2444 corp: 393/7350b lim: 63 exec/s: 19909 rss: 96Mb L: 47/61 MS: 1 EraseBytes-
#59758	NEW    cov: 1127 ft: 2445 corp: 394/7410b lim: 63 exec/s: 19919 rss: 96Mb L: 60/61 MS: 1 InsertRepeatedBytes-
#59814	REDUCE cov: 1127 ft: 2445 corp: 394/7409b lim: 63 exec/s: 19938 rss: 96Mb L: 4/61 MS: 1 EraseBytes-
#59915	REDUCE cov: 1127 ft: 2445 corp: 394/7406b lim: 63 exec/s: 19971 rss: 96Mb L: 5/61 MS: 1 EraseBytes-
#59966	REDUCE cov: 1127 ft: 2445 corp: 394/7395b lim: 63 exec/s: 19988 rss: 96Mb L: 40/61 MS: 1 EraseBytes-
#60062	NEW    cov: 1127 ft: 2449 corp: 395/7447b lim: 63 exec/s: 20020 rss: 96Mb L: 52/61 MS: 1 CrossOver-
#60085	REDUCE cov: 1127 ft: 2449 corp: 395/7444b lim: 63 exec/s: 20028 rss: 96Mb L: 11/61 MS: 3 ChangeBit-ChangeByte-EraseBytes-
#60587	REDUCE cov: 1127 ft: 2449 corp: 395/7436b lim: 63 exec/s: 20195 rss: 97Mb L: 35/61 MS: 2 CopyPart-EraseBytes-
#60857	NEW    cov: 1127 ft: 2452 corp: 396/7482b lim: 63 exec/s: 20285 rss: 97Mb L: 46/61 MS: 5 ChangeByte-CopyPart-CrossOver-EraseBytes-PersAutoDict- DE: "\000\000"-
#61029	NEW    cov: 1127 ft: 2455 corp: 397/7494b lim: 63 exec/s: 20343 rss: 97Mb L: 12/61 MS: 2 CopyPart-CrossOver-
#61105	NEW    cov: 1127 ft: 2481 corp: 398/7545b lim: 63 exec/s: 20368 rss: 97Mb L: 51/61 MS: 1 CrossOver-
#61641	REDUCE cov: 1127 ft: 2483 corp: 399/7578b lim: 68 exec/s: 20547 rss: 97Mb L: 33/61 MS: 1 InsertByte-
#61657	NEW    cov: 1127 ft: 2487 corp: 400/7646b lim: 68 exec/s: 20552 rss: 97Mb L: 68/68 MS: 1 CopyPart-
#61717	NEW    cov: 1127 ft: 2489 corp: 401/7712b lim: 68 exec/s: 20572 rss: 97Mb L: 66/68 MS: 5 PersAutoDict-ChangeByte-CrossOver-InsertRepeatedBytes-CopyPart- DE: "\005\000\000\000\000\000\000\000"-
#61718	NEW    cov: 1128 ft: 2490 corp: 402/7780b lim: 68 exec/s: 20572 rss: 97Mb L: 68/68 MS: 1 InsertRepeatedBytes-
#61774	NEW    cov: 1128 ft: 2491 corp: 403/7844b lim: 68 exec/s: 20591 rss: 97Mb L: 64/68 MS: 1 CopyPart-
#61879	REDUCE cov: 1128 ft: 2491 corp: 403/7842b lim: 68 exec/s: 20626 rss: 98Mb L: 64/68 MS: 5 CopyPart-ChangeByte-CrossOver-EraseBytes-InsertByte-
#61996	REDUCE cov: 1128 ft: 2491 corp: 403/7841b lim: 68 exec/s: 20665 rss: 98Mb L: 4/68 MS: 2 CopyPart-EraseBytes-
#62189	NEW    cov: 1128 ft: 2492 corp: 404/7886b lim: 68 exec/s: 20729 rss: 98Mb L: 45/68 MS: 3 CopyPart-InsertByte-CrossOver-
#62315	REDUCE cov: 1129 ft: 2493 corp: 405/7942b lim: 68 exec/s: 20771 rss: 98Mb L: 56/68 MS: 1 CrossOver-
#62327	REDUCE cov: 1129 ft: 2493 corp: 405/7920b lim: 68 exec/s: 20775 rss: 98Mb L: 34/68 MS: 2 ChangeASCIIInt-EraseBytes-
#62364	NEW    cov: 1129 ft: 2495 corp: 406/7988b lim: 68 exec/s: 20788 rss: 98Mb L: 68/68 MS: 2 CopyPart-CopyPart-
#62504	NEW    cov: 1129 ft: 2496 corp: 407/8056b lim: 68 exec/s: 20834 rss: 98Mb L: 68/68 MS: 5 ChangeBinInt-InsertRepeatedBytes-CopyPart-CrossOver-CopyPart-
#62520	REDUCE cov: 1129 ft: 2496 corp: 407/8039b lim: 68 exec/s: 20840 rss: 98Mb L: 18/68 MS: 1 EraseBytes-
#62530	REDUCE cov: 1129 ft: 2496 corp: 407/8038b lim: 68 exec/s: 20843 rss: 98Mb L: 67/68 MS: 5 ChangeBit-ChangeBinInt-CrossOver-CopyPart-InsertRepeatedBytes-
#62751	REDUCE cov: 1129 ft: 2496 corp: 407/8035b lim: 68 exec/s: 20917 rss: 98Mb L: 5/68 MS: 1 EraseBytes-
#62912	REDUCE cov: 1129 ft: 2496 corp: 407/8029b lim: 68 exec/s: 20970 rss: 98Mb L: 47/68 MS: 1 EraseBytes-
#62994	REDUCE cov: 1129 ft: 2496 corp: 407/8028b lim: 68 exec/s: 20998 rss: 99Mb L: 20/68 MS: 2 ChangeBinInt-EraseBytes-
#63165	REDUCE cov: 1129 ft: 2496 corp: 407/8020b lim: 68 exec/s: 21055 rss: 99Mb L: 26/68 MS: 1 EraseBytes-
#63196	NEW    cov: 1129 ft: 2497 corp: 408/8087b lim: 68 exec/s: 21065 rss: 99Mb L: 67/68 MS: 1 InsertRepeatedBytes-
#63214	REDUCE cov: 1129 ft: 2498 corp: 409/8135b lim: 68 exec/s: 21071 rss: 99Mb L: 48/68 MS: 3 ShuffleBytes-ChangeBit-InsertByte-
#63342	REDUCE cov: 1129 ft: 2498 corp: 409/8122b lim: 68 exec/s: 21114 rss: 99Mb L: 35/68 MS: 3 ChangeByte-ChangeByte-EraseBytes-
#63784	NEW    cov: 1129 ft: 2499 corp: 410/8178b lim: 68 exec/s: 21261 rss: 99Mb L: 56/68 MS: 2 CopyPart-ChangeBit-
#63805	NEW    cov: 1129 ft: 2500 corp: 411/8203b lim: 68 exec/s: 21268 rss: 99Mb L: 25/68 MS: 1 CopyPart-
#63816	REDUCE cov: 1129 ft: 2500 corp: 411/8200b lim: 68 exec/s: 21272 rss: 99Mb L: 7/68 MS: 1 EraseBytes-
#63887	NEW    cov: 1129 ft: 2501 corp: 412/8238b lim: 68 exec/s: 21295 rss: 99Mb L: 38/68 MS: 1 InsertRepeatedBytes-
#63944	REDUCE cov: 1129 ft: 2501 corp: 412/8237b lim: 68 exec/s: 21314 rss: 99Mb L: 9/68 MS: 2 EraseBytes-ShuffleBytes-
#64100	REDUCE cov: 1129 ft: 2501 corp: 412/8236b lim: 68 exec/s: 21366 rss: 99Mb L: 2/68 MS: 1 EraseBytes-
#64121	NEW    cov: 1129 ft: 2502 corp: 413/8263b lim: 68 exec/s: 21373 rss: 99Mb L: 27/68 MS: 1 EraseBytes-
#64418	NEW    cov: 1129 ft: 2503 corp: 414/8317b lim: 68 exec/s: 21472 rss: 100Mb L: 54/68 MS: 2 ChangeBit-InsertRepeatedBytes-
#64490	REDUCE cov: 1129 ft: 2503 corp: 414/8313b lim: 68 exec/s: 21496 rss: 100Mb L: 64/68 MS: 2 ChangeBit-EraseBytes-
#64821	NEW    cov: 1129 ft: 2511 corp: 415/8345b lim: 68 exec/s: 21607 rss: 100Mb L: 32/68 MS: 1 CopyPart-
#64872	REDUCE cov: 1129 ft: 2511 corp: 415/8334b lim: 68 exec/s: 21624 rss: 100Mb L: 24/68 MS: 1 EraseBytes-
#65310	REDUCE cov: 1129 ft: 2511 corp: 415/8331b lim: 68 exec/s: 21770 rss: 100Mb L: 15/68 MS: 3 ShuffleBytes-InsertByte-EraseBytes-
#65536	pulse  cov: 1129 ft: 2511 corp: 415/8331b lim: 68 exec/s: 21845 rss: 101Mb
#65835	REDUCE cov: 1129 ft: 2511 corp: 415/8327b lim: 68 exec/s: 21945 rss: 101Mb L: 48/68 MS: 5 EraseBytes-ChangeBit-InsertByte-InsertByte-CMP- DE: "\377\007"-
#65987	REDUCE cov: 1129 ft: 2511 corp: 415/8320b lim: 68 exec/s: 21995 rss: 101Mb L: 26/68 MS: 2 ChangeBinInt-EraseBytes-
#66053	NEW    cov: 1129 ft: 2602 corp: 416/8388b lim: 68 exec/s: 22017 rss: 101Mb L: 68/68 MS: 1 CopyPart-
#66099	NEW    cov: 1129 ft: 2603 corp: 417/8437b lim: 68 exec/s: 22033 rss: 101Mb L: 49/68 MS: 1 InsertRepeatedBytes-
#66507	REDUCE cov: 1129 ft: 2603 corp: 417/8432b lim: 68 exec/s: 22169 rss: 101Mb L: 17/68 MS: 3 ChangeBinInt-ShuffleBytes-EraseBytes-
#67362	REDUCE cov: 1129 ft: 2605 corp: 418/8503b lim: 74 exec/s: 22454 rss: 102Mb L: 71/71 MS: 5 CopyPart-ChangeByte-CMP-EraseBytes-InsertRepeatedBytes- DE: "\001\000\000-"-
#67389	REDUCE cov: 1129 ft: 2605 corp: 418/8502b lim: 74 exec/s: 22463 rss: 102Mb L: 39/71 MS: 2 PersAutoDict-EraseBytes- DE: "\000\000\000\000\000\000\000\003"-
#67462	NEW    cov: 1129 ft: 2606 corp: 419/8514b lim: 74 exec/s: 22487 rss: 102Mb L: 12/71 MS: 3 CrossOver-CopyPart-ChangeBit-
#67554	NEW    cov: 1129 ft: 2607 corp: 420/8574b lim: 74 exec/s: 22518 rss: 102Mb L: 60/71 MS: 2 ShuffleBytes-CopyPart-
#67558	NEW    cov: 1129 ft: 2608 corp: 421/8636b lim: 74 exec/s: 22519 rss: 102Mb L: 62/71 MS: 4 CopyPart-ShuffleBytes-CopyPart-CrossOver-
#67874	REDUCE cov: 1129 ft: 2609 corp: 422/8676b lim: 74 exec/s: 22624 rss: 102Mb L: 40/71 MS: 1 CopyPart-
#68055	REDUCE cov: 1129 ft: 2609 corp: 422/8675b lim: 74 exec/s: 22685 rss: 103Mb L: 8/71 MS: 1 EraseBytes-
#68277	REDUCE cov: 1129 ft: 2609 corp: 422/8673b lim: 74 exec/s: 22759 rss: 103Mb L: 6/71 MS: 2 ChangeBit-EraseBytes-
#68278	REDUCE cov: 1129 ft: 2609 corp: 422/8672b lim: 74 exec/s: 22759 rss: 103Mb L: 17/71 MS: 1 EraseBytes-
#68429	NEW    cov: 1129 ft: 2634 corp: 423/8728b lim: 74 exec/s: 22809 rss: 103Mb L: 56/71 MS: 1 ShuffleBytes-
#68875	NEW    cov: 1129 ft: 2635 corp: 424/8766b lim: 74 exec/s: 22958 rss: 103Mb L: 38/71 MS: 1 CopyPart-
#68981	NEW    cov: 1138 ft: 2644 corp: 425/8829b lim: 74 exec/s: 22993 rss: 103Mb L: 63/71 MS: 1 CopyPart-
#69570	REDUCE cov: 1138 ft: 2645 corp: 426/8901b lim: 74 exec/s: 23190 rss: 104Mb L: 72/72 MS: 4 InsertRepeatedBytes-CMP-InsertByte-InsertRepeatedBytes- DE: "\377\377\377\377\377\377\377'"-
#69591	REDUCE cov: 1138 ft: 2645 corp: 426/8884b lim: 74 exec/s: 23197 rss: 104Mb L: 29/72 MS: 1 EraseBytes-
#69825	REDUCE cov: 1138 ft: 2645 corp: 426/8876b lim: 74 exec/s: 23275 rss: 104Mb L: 19/72 MS: 4 ChangeByte-CMP-CrossOver-EraseBytes- DE: "\001\000\000\000\000\000\000\000"-
#70026	NEW    cov: 1139 ft: 2646 corp: 427/8932b lim: 74 exec/s: 23342 rss: 104Mb L: 56/72 MS: 1 ShuffleBytes-
#70103	REDUCE cov: 1140 ft: 2647 corp: 428/8944b lim: 74 exec/s: 23367 rss: 104Mb L: 12/72 MS: 2 ShuffleBytes-InsertByte-
#70144	NEW    cov: 1140 ft: 2650 corp: 429/9016b lim: 74 exec/s: 23381 rss: 104Mb L: 72/72 MS: 1 InsertByte-
#70190	NEW    cov: 1157 ft: 2676 corp: 430/9072b lim: 74 exec/s: 23396 rss: 104Mb L: 56/72 MS: 1 CopyPart-
#70276	NEW    cov: 1157 ft: 2684 corp: 431/9110b lim: 74 exec/s: 23425 rss: 104Mb L: 38/72 MS: 1 ChangeByte-
#70767	NEW    cov: 1157 ft: 2685 corp: 432/9179b lim: 74 exec/s: 23589 rss: 105Mb L: 69/72 MS: 1 InsertByte-
#70798	REDUCE cov: 1157 ft: 2686 corp: 433/9221b lim: 74 exec/s: 23599 rss: 105Mb L: 42/72 MS: 1 CopyPart-
	NEW_FUNC[1/2]: 0x000104383378 in _RNvXs_NtNtNtCs7oq3hgLOR5a_4core4iter8adapters4takeINtB4_4TakeINtNtB6_9enumerate9EnumerateINtNtNtBa_5slice4iter4IterhEEENtNtNtB8_6traits8iterator8Iterator3nthCsaadRk6yvHw6_6rsword+0x0 (fuzz_embedded:arm64+0x101723378)
	NEW_FUNC[2/2]: 0x0001045ed4cc in _RNvNtNtCsgKwZIBsrJpx_6memchr6memmem8searcher18searcher_kind_neon+0x0 (fuzz_embedded:arm64+0x10198d4cc)
#70903	NEW    cov: 1190 ft: 2719 corp: 434/9293b lim: 74 exec/s: 23634 rss: 105Mb L: 72/72 MS: 5 ChangeBit-ChangeBit-ChangeByte-InsertRepeatedBytes-InsertRepeatedBytes-
#71089	REDUCE cov: 1190 ft: 2719 corp: 434/9286b lim: 74 exec/s: 23696 rss: 105Mb L: 31/72 MS: 1 EraseBytes-
#71216	REDUCE cov: 1190 ft: 2720 corp: 435/9355b lim: 74 exec/s: 23738 rss: 105Mb L: 69/72 MS: 2 InsertRepeatedBytes-CrossOver-
#71328	REDUCE cov: 1190 ft: 2721 corp: 436/9367b lim: 74 exec/s: 23776 rss: 105Mb L: 12/72 MS: 2 InsertByte-CopyPart-
#71367	REDUCE cov: 1190 ft: 2721 corp: 436/9357b lim: 74 exec/s: 23789 rss: 106Mb L: 45/72 MS: 4 ChangeByte-ShuffleBytes-ChangeByte-EraseBytes-
#71388	REDUCE cov: 1190 ft: 2721 corp: 436/9356b lim: 74 exec/s: 23796 rss: 106Mb L: 4/72 MS: 1 EraseBytes-
#71629	NEW    cov: 1190 ft: 2723 corp: 437/9390b lim: 74 exec/s: 23876 rss: 106Mb L: 34/72 MS: 1 EraseBytes-
#71675	REDUCE cov: 1191 ft: 2724 corp: 438/9398b lim: 74 exec/s: 23891 rss: 106Mb L: 8/72 MS: 1 ChangeBit-
#71767	REDUCE cov: 1191 ft: 2724 corp: 438/9396b lim: 74 exec/s: 23922 rss: 106Mb L: 12/72 MS: 2 ChangeBit-EraseBytes-
#71805	REDUCE cov: 1191 ft: 2724 corp: 438/9391b lim: 74 exec/s: 23935 rss: 106Mb L: 35/72 MS: 3 ChangeByte-ChangeBit-EraseBytes-
#71827	NEW    cov: 1191 ft: 2725 corp: 439/9462b lim: 74 exec/s: 23942 rss: 106Mb L: 71/72 MS: 2 ShuffleBytes-CopyPart-
#71875	REDUCE cov: 1191 ft: 2725 corp: 439/9461b lim: 74 exec/s: 23958 rss: 106Mb L: 32/72 MS: 3 CMP-CopyPart-EraseBytes- DE: "\001\302"-
#71936	REDUCE cov: 1191 ft: 2728 corp: 440/9490b lim: 74 exec/s: 23978 rss: 106Mb L: 29/72 MS: 1 ChangeBinInt-
#72053	NEW    cov: 1191 ft: 2730 corp: 441/9519b lim: 74 exec/s: 24017 rss: 106Mb L: 29/72 MS: 2 PersAutoDict-ChangeByte- DE: ")\000\000\000\000\000\000\000"-
#72536	REDUCE cov: 1191 ft: 2730 corp: 441/9513b lim: 74 exec/s: 24178 rss: 107Mb L: 38/72 MS: 3 ChangeBit-ChangeBit-CrossOver-
#72625	NEW    cov: 1193 ft: 2733 corp: 442/9582b lim: 74 exec/s: 24208 rss: 107Mb L: 69/72 MS: 4 PersAutoDict-CopyPart-InsertRepeatedBytes-InsertByte- DE: "\001\000\000\000"-
#72773	REDUCE cov: 1193 ft: 2733 corp: 442/9581b lim: 74 exec/s: 24257 rss: 107Mb L: 23/72 MS: 3 CrossOver-CopyPart-EraseBytes-
#73314	NEW    cov: 1193 ft: 2734 corp: 443/9631b lim: 74 exec/s: 24438 rss: 107Mb L: 50/72 MS: 1 InsertByte-
#73501	REDUCE cov: 1193 ft: 2734 corp: 443/9628b lim: 74 exec/s: 24500 rss: 108Mb L: 10/72 MS: 2 ChangeBit-EraseBytes-
#73853	REDUCE cov: 1193 ft: 2734 corp: 443/9625b lim: 74 exec/s: 24617 rss: 108Mb L: 65/72 MS: 2 ChangeByte-EraseBytes-
#73892	REDUCE cov: 1193 ft: 2734 corp: 443/9610b lim: 74 exec/s: 24630 rss: 108Mb L: 23/72 MS: 4 CopyPart-ShuffleBytes-EraseBytes-EraseBytes-
#74358	REDUCE cov: 1193 ft: 2734 corp: 443/9608b lim: 74 exec/s: 24786 rss: 108Mb L: 21/72 MS: 1 EraseBytes-
#74827	NEW    cov: 1193 ft: 2735 corp: 444/9647b lim: 74 exec/s: 18706 rss: 109Mb L: 39/72 MS: 4 CopyPart-InsertByte-ShuffleBytes-CrossOver-
#75453	REDUCE cov: 1193 ft: 2735 corp: 444/9646b lim: 80 exec/s: 18863 rss: 111Mb L: 22/72 MS: 1 EraseBytes-
#75454	NEW    cov: 1193 ft: 2736 corp: 445/9723b lim: 80 exec/s: 18863 rss: 111Mb L: 77/77 MS: 1 CopyPart-
#75590	REDUCE cov: 1193 ft: 2736 corp: 445/9708b lim: 80 exec/s: 18897 rss: 111Mb L: 39/77 MS: 1 EraseBytes-
#75843	REDUCE cov: 1193 ft: 2737 corp: 446/9784b lim: 80 exec/s: 18960 rss: 112Mb L: 76/77 MS: 3 InsertRepeatedBytes-InsertByte-CopyPart-
#75884	NEW    cov: 1193 ft: 2743 corp: 447/9826b lim: 80 exec/s: 18971 rss: 112Mb L: 42/77 MS: 1 CrossOver-
#75913	NEW    cov: 1193 ft: 2744 corp: 448/9891b lim: 80 exec/s: 18978 rss: 112Mb L: 65/77 MS: 4 ChangeBinInt-EraseBytes-CrossOver-InsertRepeatedBytes-
#76145	NEW    cov: 1194 ft: 2767 corp: 449/9947b lim: 80 exec/s: 19036 rss: 112Mb L: 56/77 MS: 2 ChangeBinInt-ChangeBit-
#76678	REDUCE cov: 1194 ft: 2767 corp: 449/9936b lim: 80 exec/s: 19169 rss: 112Mb L: 54/77 MS: 3 CopyPart-InsertByte-EraseBytes-
#77235	NEW    cov: 1194 ft: 2768 corp: 450/9973b lim: 80 exec/s: 19308 rss: 113Mb L: 37/77 MS: 2 ChangeBit-InsertRepeatedBytes-
#77322	REDUCE cov: 1194 ft: 2769 corp: 451/10013b lim: 80 exec/s: 19330 rss: 113Mb L: 40/77 MS: 2 EraseBytes-ChangeBinInt-
#77499	REDUCE cov: 1194 ft: 2769 corp: 451/10011b lim: 80 exec/s: 19374 rss: 113Mb L: 29/77 MS: 2 ChangeByte-EraseBytes-
#77611	NEW    cov: 1194 ft: 2786 corp: 452/10086b lim: 80 exec/s: 19402 rss: 113Mb L: 75/77 MS: 2 ChangeByte-CopyPart-
#77822	NEW    cov: 1194 ft: 2811 corp: 453/10122b lim: 80 exec/s: 19455 rss: 113Mb L: 36/77 MS: 1 CopyPart-
#77855	NEW    cov: 1194 ft: 2835 corp: 454/10168b lim: 80 exec/s: 19463 rss: 113Mb L: 46/77 MS: 3 ChangeBinInt-CopyPart-ChangeByte-
#77913	REDUCE cov: 1194 ft: 2836 corp: 455/10222b lim: 80 exec/s: 19478 rss: 113Mb L: 54/77 MS: 3 ChangeBinInt-CopyPart-ChangeByte-
#77982	NEW    cov: 1194 ft: 2837 corp: 456/10249b lim: 80 exec/s: 19495 rss: 114Mb L: 27/77 MS: 4 ShuffleBytes-CopyPart-PersAutoDict-CopyPart- DE: "\000\000\001\000"-
#78003	NEW    cov: 1195 ft: 2840 corp: 457/10261b lim: 80 exec/s: 19500 rss: 114Mb L: 12/77 MS: 1 ChangeByte-
#78045	REDUCE cov: 1196 ft: 2841 corp: 458/10341b lim: 80 exec/s: 19511 rss: 114Mb L: 80/80 MS: 2 InsertRepeatedBytes-InsertRepeatedBytes-
#78113	REDUCE cov: 1196 ft: 2841 corp: 458/10322b lim: 80 exec/s: 19528 rss: 114Mb L: 35/80 MS: 3 PersAutoDict-InsertRepeatedBytes-EraseBytes- DE: "\011\000\000\000\000\000\000\000"-
#78134	REDUCE cov: 1196 ft: 2841 corp: 458/10321b lim: 80 exec/s: 19533 rss: 114Mb L: 3/80 MS: 1 EraseBytes-
#78611	REDUCE cov: 1196 ft: 2841 corp: 458/10318b lim: 80 exec/s: 19652 rss: 114Mb L: 8/80 MS: 2 ChangeByte-EraseBytes-
#78667	NEW    cov: 1196 ft: 2842 corp: 459/10392b lim: 80 exec/s: 19666 rss: 114Mb L: 74/80 MS: 1 InsertRepeatedBytes-
#78765	NEW    cov: 1196 ft: 2843 corp: 460/10465b lim: 80 exec/s: 19691 rss: 114Mb L: 73/80 MS: 3 CopyPart-ChangeBit-InsertRepeatedBytes-
#79316	REDUCE cov: 1196 ft: 2843 corp: 460/10464b lim: 80 exec/s: 19829 rss: 115Mb L: 6/80 MS: 1 EraseBytes-
#79322	REDUCE cov: 1196 ft: 2843 corp: 460/10463b lim: 80 exec/s: 19830 rss: 115Mb L: 31/80 MS: 1 EraseBytes-
#79438	REDUCE cov: 1196 ft: 2843 corp: 460/10461b lim: 80 exec/s: 19859 rss: 115Mb L: 70/80 MS: 1 EraseBytes-
#79629	REDUCE cov: 1196 ft: 2843 corp: 460/10449b lim: 80 exec/s: 19907 rss: 115Mb L: 26/80 MS: 1 EraseBytes-
#79770	REDUCE cov: 1200 ft: 2847 corp: 461/10453b lim: 80 exec/s: 19942 rss: 115Mb L: 4/80 MS: 1 EraseBytes-
#79917	REDUCE cov: 1200 ft: 2847 corp: 461/10451b lim: 80 exec/s: 19979 rss: 115Mb L: 33/80 MS: 2 ChangeBit-EraseBytes-
#79963	REDUCE cov: 1200 ft: 2849 corp: 462/10499b lim: 80 exec/s: 19990 rss: 115Mb L: 48/80 MS: 1 CopyPart-
#80163	REDUCE cov: 1201 ft: 2850 corp: 463/10527b lim: 80 exec/s: 20040 rss: 116Mb L: 28/80 MS: 5 ChangeBit-PersAutoDict-CrossOver-CrossOver-CMP- DE: "\005\000\000\000\000\000\000\000"-"\"\000\000\000"-
#80444	NEW    cov: 1202 ft: 2851 corp: 464/10531b lim: 80 exec/s: 20111 rss: 116Mb L: 4/80 MS: 1 ChangeBit-
#80745	REDUCE cov: 1202 ft: 2851 corp: 464/10530b lim: 80 exec/s: 20186 rss: 116Mb L: 6/80 MS: 1 EraseBytes-
#80751	NEW    cov: 1202 ft: 2852 corp: 465/10609b lim: 80 exec/s: 20187 rss: 116Mb L: 79/80 MS: 1 CopyPart-
#81047	NEW    cov: 1202 ft: 2853 corp: 466/10644b lim: 80 exec/s: 20261 rss: 116Mb L: 35/80 MS: 1 CopyPart-
#81223	REDUCE cov: 1202 ft: 2853 corp: 466/10643b lim: 80 exec/s: 20305 rss: 116Mb L: 12/80 MS: 1 EraseBytes-
#81434	REDUCE cov: 1202 ft: 2853 corp: 466/10637b lim: 80 exec/s: 20358 rss: 117Mb L: 63/80 MS: 1 EraseBytes-
#81695	NEW    cov: 1202 ft: 2855 corp: 467/10694b lim: 80 exec/s: 20423 rss: 117Mb L: 57/80 MS: 1 InsertByte-
#82227	NEW    cov: 1202 ft: 2856 corp: 468/10769b lim: 80 exec/s: 20556 rss: 117Mb L: 75/80 MS: 2 ShuffleBytes-CopyPart-
#82304	REDUCE cov: 1202 ft: 2856 corp: 468/10768b lim: 80 exec/s: 20576 rss: 117Mb L: 18/80 MS: 2 ShuffleBytes-EraseBytes-
#82487	NEW    cov: 1203 ft: 2857 corp: 469/10848b lim: 80 exec/s: 20621 rss: 118Mb L: 80/80 MS: 3 CopyPart-ChangeBinInt-InsertByte-
#82854	NEW    cov: 1203 ft: 2866 corp: 470/10927b lim: 80 exec/s: 20713 rss: 118Mb L: 79/80 MS: 2 InsertByte-CrossOver-
#83125	REDUCE cov: 1203 ft: 2866 corp: 470/10921b lim: 80 exec/s: 20781 rss: 118Mb L: 15/80 MS: 1 EraseBytes-
#83217	REDUCE cov: 1204 ft: 2867 corp: 471/11001b lim: 80 exec/s: 20804 rss: 118Mb L: 80/80 MS: 2 CrossOver-InsertRepeatedBytes-
#83315	REDUCE cov: 1204 ft: 2867 corp: 471/10995b lim: 80 exec/s: 20828 rss: 118Mb L: 14/80 MS: 3 InsertByte-InsertByte-EraseBytes-
#83336	REDUCE cov: 1204 ft: 2867 corp: 471/10987b lim: 80 exec/s: 20834 rss: 118Mb L: 39/80 MS: 1 EraseBytes-
#83350	REDUCE cov: 1204 ft: 2867 corp: 471/10985b lim: 80 exec/s: 20837 rss: 118Mb L: 37/80 MS: 4 CopyPart-InsertByte-EraseBytes-EraseBytes-
#83486	REDUCE cov: 1204 ft: 2867 corp: 471/10983b lim: 80 exec/s: 20871 rss: 118Mb L: 61/80 MS: 1 CrossOver-
#83587	REDUCE cov: 1204 ft: 2867 corp: 471/10982b lim: 80 exec/s: 20896 rss: 119Mb L: 3/80 MS: 1 EraseBytes-
#83760	NEW    cov: 1210 ft: 2898 corp: 472/11059b lim: 80 exec/s: 20940 rss: 119Mb L: 77/80 MS: 3 InsertRepeatedBytes-CopyPart-InsertRepeatedBytes-
#83937	REDUCE cov: 1210 ft: 2898 corp: 472/11058b lim: 80 exec/s: 20984 rss: 119Mb L: 5/80 MS: 2 ShuffleBytes-EraseBytes-
#84150	REDUCE cov: 1210 ft: 2898 corp: 472/11049b lim: 80 exec/s: 21037 rss: 119Mb L: 66/80 MS: 3 ChangeByte-ChangeBinInt-EraseBytes-
#84211	NEW    cov: 1213 ft: 2935 corp: 473/11123b lim: 80 exec/s: 21052 rss: 119Mb L: 74/80 MS: 1 CopyPart-
#84354	NEW    cov: 1214 ft: 2936 corp: 474/11203b lim: 80 exec/s: 21088 rss: 119Mb L: 80/80 MS: 3 InsertRepeatedBytes-InsertRepeatedBytes-CrossOver-
#84481	REDUCE cov: 1214 ft: 2936 corp: 474/11202b lim: 80 exec/s: 21120 rss: 120Mb L: 14/80 MS: 2 CrossOver-EraseBytes-
#84732	REDUCE cov: 1214 ft: 2936 corp: 474/11200b lim: 80 exec/s: 21183 rss: 120Mb L: 74/80 MS: 1 EraseBytes-
#84789	REDUCE cov: 1214 ft: 2936 corp: 474/11197b lim: 80 exec/s: 21197 rss: 120Mb L: 13/80 MS: 2 CopyPart-EraseBytes-
#85024	NEW    cov: 1214 ft: 2946 corp: 475/11274b lim: 80 exec/s: 21256 rss: 120Mb L: 77/80 MS: 5 ChangeBinInt-PersAutoDict-ChangeBit-PersAutoDict-ShuffleBytes- DE: "\"\000\000\000"-"%\000\000\000\000\000\000\000"-
#85025	NEW    cov: 1214 ft: 2949 corp: 476/11290b lim: 80 exec/s: 21256 rss: 120Mb L: 16/80 MS: 1 CopyPart-
#85162	NEW    cov: 1214 ft: 2953 corp: 477/11362b lim: 80 exec/s: 21290 rss: 120Mb L: 72/80 MS: 2 EraseBytes-CopyPart-
#85364	NEW    cov: 1214 ft: 2954 corp: 478/11413b lim: 80 exec/s: 21341 rss: 120Mb L: 51/80 MS: 2 InsertByte-CopyPart-
#85501	REDUCE cov: 1214 ft: 2954 corp: 478/11405b lim: 80 exec/s: 21375 rss: 120Mb L: 27/80 MS: 2 InsertByte-EraseBytes-
#85717	REDUCE cov: 1214 ft: 2954 corp: 478/11404b lim: 80 exec/s: 21429 rss: 121Mb L: 41/80 MS: 1 EraseBytes-
#85753	REDUCE cov: 1214 ft: 2954 corp: 478/11395b lim: 80 exec/s: 21438 rss: 121Mb L: 27/80 MS: 1 EraseBytes-
#85836	REDUCE cov: 1214 ft: 2954 corp: 478/11391b lim: 80 exec/s: 21459 rss: 121Mb L: 20/80 MS: 3 ChangeBit-ChangeBit-EraseBytes-
#85964	REDUCE cov: 1214 ft: 2954 corp: 478/11366b lim: 80 exec/s: 21491 rss: 121Mb L: 31/80 MS: 3 CrossOver-ChangeBit-EraseBytes-
#86191	REDUCE cov: 1214 ft: 2954 corp: 478/11358b lim: 80 exec/s: 21547 rss: 121Mb L: 19/80 MS: 2 PersAutoDict-EraseBytes- DE: "\001\000\000\000\000\000\000\000"-
#86362	REDUCE cov: 1214 ft: 2954 corp: 478/11355b lim: 80 exec/s: 21590 rss: 121Mb L: 35/80 MS: 1 EraseBytes-
#86439	REDUCE cov: 1214 ft: 2954 corp: 478/11352b lim: 80 exec/s: 21609 rss: 121Mb L: 20/80 MS: 2 PersAutoDict-EraseBytes- DE: ")\000\000\000\000\000\000\000"-
#86752	NEW    cov: 1214 ft: 2955 corp: 479/11432b lim: 80 exec/s: 21688 rss: 122Mb L: 80/80 MS: 3 CopyPart-PersAutoDict-CopyPart- DE: ")\000\000\000\000\000\000\000"-
#86791	REDUCE cov: 1214 ft: 2955 corp: 479/11405b lim: 80 exec/s: 21697 rss: 122Mb L: 33/80 MS: 4 CopyPart-CMP-ChangeBinInt-EraseBytes- DE: "\000\000\000\000\000\000\000\000"-
#86933	NEW    cov: 1217 ft: 2959 corp: 480/11421b lim: 80 exec/s: 21733 rss: 122Mb L: 16/80 MS: 2 ShuffleBytes-PersAutoDict- DE: "\"\000\000\000"-
#87075	NEW    cov: 1217 ft: 2960 corp: 481/11499b lim: 80 exec/s: 21768 rss: 122Mb L: 78/80 MS: 2 InsertRepeatedBytes-InsertRepeatedBytes-
#87429	NEW    cov: 1217 ft: 2973 corp: 482/11568b lim: 80 exec/s: 21857 rss: 122Mb L: 69/80 MS: 4 ChangeBit-ChangeByte-CopyPart-EraseBytes-
#87616	REDUCE cov: 1217 ft: 2973 corp: 482/11565b lim: 80 exec/s: 21904 rss: 123Mb L: 5/80 MS: 2 InsertByte-EraseBytes-
#87839	REDUCE cov: 1217 ft: 2973 corp: 482/11564b lim: 80 exec/s: 21959 rss: 123Mb L: 13/80 MS: 3 EraseBytes-InsertByte-InsertByte-
#87971	REDUCE cov: 1217 ft: 2977 corp: 483/11621b lim: 80 exec/s: 21992 rss: 123Mb L: 57/80 MS: 2 CopyPart-InsertRepeatedBytes-
#88066	NEW    cov: 1217 ft: 2978 corp: 484/11682b lim: 80 exec/s: 22016 rss: 123Mb L: 61/80 MS: 5 ChangeBit-ShuffleBytes-InsertByte-CrossOver-CrossOver-
#88092	REDUCE cov: 1217 ft: 2978 corp: 484/11681b lim: 80 exec/s: 22023 rss: 123Mb L: 36/80 MS: 1 EraseBytes-
#88998	REDUCE cov: 1217 ft: 2979 corp: 485/11725b lim: 86 exec/s: 22249 rss: 124Mb L: 44/80 MS: 1 CopyPart-
#89029	NEW    cov: 1217 ft: 2980 corp: 486/11806b lim: 86 exec/s: 22257 rss: 124Mb L: 81/81 MS: 1 CopyPart-
#89165	REDUCE cov: 1217 ft: 2980 corp: 486/11792b lim: 86 exec/s: 22291 rss: 124Mb L: 65/81 MS: 1 CrossOver-
#89198	REDUCE cov: 1217 ft: 2980 corp: 486/11778b lim: 86 exec/s: 22299 rss: 124Mb L: 42/81 MS: 3 ChangeBinInt-ChangeBit-EraseBytes-
#89266	NEW    cov: 1217 ft: 2989 corp: 487/11857b lim: 86 exec/s: 22316 rss: 124Mb L: 79/81 MS: 3 CopyPart-InsertByte-CopyPart-
#89312	REDUCE cov: 1217 ft: 2991 corp: 488/11911b lim: 86 exec/s: 22328 rss: 124Mb L: 54/81 MS: 1 CopyPart-
#89353	REDUCE cov: 1217 ft: 2991 corp: 488/11910b lim: 86 exec/s: 22338 rss: 124Mb L: 11/81 MS: 1 EraseBytes-
#89500	REDUCE cov: 1217 ft: 2991 corp: 488/11909b lim: 86 exec/s: 22375 rss: 124Mb L: 11/81 MS: 2 ChangeASCIIInt-EraseBytes-
#89907	REDUCE cov: 1217 ft: 2991 corp: 488/11902b lim: 86 exec/s: 22476 rss: 124Mb L: 26/81 MS: 2 PersAutoDict-EraseBytes- DE: "\005\000\000\000\000\000\000\000"-
#90003	REDUCE cov: 1217 ft: 2991 corp: 488/11899b lim: 86 exec/s: 22500 rss: 125Mb L: 46/81 MS: 1 EraseBytes-
#90110	REDUCE cov: 1217 ft: 3007 corp: 489/11981b lim: 86 exec/s: 22527 rss: 125Mb L: 82/82 MS: 2 CopyPart-CopyPart-
#90141	NEW    cov: 1217 ft: 3008 corp: 490/12050b lim: 86 exec/s: 22535 rss: 125Mb L: 69/82 MS: 1 InsertRepeatedBytes-
#90322	REDUCE cov: 1217 ft: 3008 corp: 490/12049b lim: 86 exec/s: 22580 rss: 125Mb L: 55/82 MS: 1 EraseBytes-
#90368	REDUCE cov: 1217 ft: 3008 corp: 490/12031b lim: 86 exec/s: 22592 rss: 125Mb L: 20/82 MS: 1 EraseBytes-
#90569	NEW    cov: 1217 ft: 3010 corp: 491/12110b lim: 86 exec/s: 22642 rss: 125Mb L: 79/82 MS: 1 InsertRepeatedBytes-
#90947	NEW    cov: 1217 ft: 3016 corp: 492/12192b lim: 86 exec/s: 22736 rss: 126Mb L: 82/82 MS: 3 ShuffleBytes-ChangeBit-CrossOver-
#91029	REDUCE cov: 1217 ft: 3016 corp: 492/12191b lim: 86 exec/s: 22757 rss: 126Mb L: 8/82 MS: 2 ChangeByte-EraseBytes-
#91076	REDUCE cov: 1217 ft: 3016 corp: 492/12180b lim: 86 exec/s: 22769 rss: 126Mb L: 52/82 MS: 2 ShuffleBytes-EraseBytes-
#91132	REDUCE cov: 1217 ft: 3016 corp: 492/12176b lim: 86 exec/s: 22783 rss: 126Mb L: 65/82 MS: 1 CrossOver-
#91136	REDUCE cov: 1217 ft: 3016 corp: 492/12173b lim: 86 exec/s: 22784 rss: 126Mb L: 57/82 MS: 4 PersAutoDict-ChangeBinInt-EraseBytes-ShuffleBytes- DE: "\001\000\000\000\000\000\000\000"-
#91727	REDUCE cov: 1217 ft: 3016 corp: 492/12171b lim: 86 exec/s: 22931 rss: 126Mb L: 29/82 MS: 1 EraseBytes-
#91890	REDUCE cov: 1217 ft: 3016 corp: 492/12169b lim: 86 exec/s: 22972 rss: 127Mb L: 20/82 MS: 3 EraseBytes-ChangeBit-EraseBytes-
#92219	REDUCE cov: 1217 ft: 3016 corp: 492/12167b lim: 86 exec/s: 23054 rss: 127Mb L: 36/82 MS: 4 EraseBytes-CMP-CopyPart-InsertByte- DE: "\000\000\000\000\000\000\000\017"-
#92224	NEW    cov: 1217 ft: 3017 corp: 493/12222b lim: 86 exec/s: 23056 rss: 127Mb L: 55/82 MS: 5 ChangeBit-InsertByte-PersAutoDict-ShuffleBytes-CopyPart- DE: "\000\000\000\000\000\000\000\000"-
#92225	REDUCE cov: 1217 ft: 3017 corp: 493/12214b lim: 86 exec/s: 23056 rss: 127Mb L: 24/82 MS: 1 EraseBytes-
#92386	REDUCE cov: 1219 ft: 3019 corp: 494/12234b lim: 86 exec/s: 23096 rss: 127Mb L: 20/82 MS: 1 ChangeBinInt-
#92769	REDUCE cov: 1219 ft: 3019 corp: 494/12233b lim: 86 exec/s: 23192 rss: 128Mb L: 56/82 MS: 3 InsertByte-CopyPart-EraseBytes-
#93080	REDUCE cov: 1219 ft: 3019 corp: 494/12232b lim: 86 exec/s: 23270 rss: 128Mb L: 13/82 MS: 1 EraseBytes-
#93121	REDUCE cov: 1219 ft: 3019 corp: 494/12229b lim: 86 exec/s: 23280 rss: 128Mb L: 50/82 MS: 1 EraseBytes-
#93257	NEW    cov: 1219 ft: 3020 corp: 495/12262b lim: 86 exec/s: 23314 rss: 128Mb L: 33/82 MS: 1 CrossOver-
#93648	REDUCE cov: 1219 ft: 3020 corp: 495/12253b lim: 86 exec/s: 23412 rss: 128Mb L: 41/82 MS: 1 EraseBytes-
#93692	REDUCE cov: 1219 ft: 3021 corp: 496/12338b lim: 86 exec/s: 23423 rss: 128Mb L: 85/85 MS: 4 InsertRepeatedBytes-InsertRepeatedBytes-CrossOver-InsertRepeatedBytes-
#93713	NEW    cov: 1219 ft: 3023 corp: 497/12407b lim: 86 exec/s: 23428 rss: 129Mb L: 69/85 MS: 1 ShuffleBytes-
#94019	REDUCE cov: 1219 ft: 3023 corp: 497/12405b lim: 86 exec/s: 23504 rss: 129Mb L: 14/85 MS: 1 EraseBytes-
#94275	REDUCE cov: 1219 ft: 3023 corp: 497/12404b lim: 86 exec/s: 23568 rss: 129Mb L: 19/85 MS: 1 EraseBytes-
#94420	NEW    cov: 1219 ft: 3026 corp: 498/12441b lim: 86 exec/s: 18884 rss: 129Mb L: 37/85 MS: 5 ChangeBit-ChangeBinInt-ChangeBinInt-CMP-ChangeByte- DE: "\001\000\000\000"-
#94551	REDUCE cov: 1219 ft: 3026 corp: 498/12426b lim: 86 exec/s: 18910 rss: 129Mb L: 50/85 MS: 1 CrossOver-
#94594	REDUCE cov: 1219 ft: 3027 corp: 499/12476b lim: 86 exec/s: 18918 rss: 129Mb L: 50/85 MS: 3 InsertByte-CrossOver-ShuffleBytes-
#94791	REDUCE cov: 1219 ft: 3027 corp: 499/12474b lim: 86 exec/s: 18958 rss: 132Mb L: 12/85 MS: 2 ChangeBit-EraseBytes-
#94930	NEW    cov: 1219 ft: 3034 corp: 500/12560b lim: 86 exec/s: 18986 rss: 132Mb L: 86/86 MS: 4 ChangeByte-ChangeBit-PersAutoDict-CrossOver- DE: "\022\000\000\000\000\000\000\000"-
#94961	REDUCE cov: 1219 ft: 3035 corp: 501/12624b lim: 86 exec/s: 18992 rss: 132Mb L: 64/86 MS: 1 InsertRepeatedBytes-
#95291	REDUCE cov: 1219 ft: 3035 corp: 501/12623b lim: 86 exec/s: 19058 rss: 132Mb L: 67/86 MS: 5 CrossOver-InsertRepeatedBytes-ShuffleBytes-ChangeBinInt-CrossOver-
#95687	REDUCE cov: 1219 ft: 3035 corp: 501/12622b lim: 86 exec/s: 19137 rss: 132Mb L: 51/86 MS: 1 EraseBytes-
#95688	NEW    cov: 1219 ft: 3036 corp: 502/12694b lim: 86 exec/s: 19137 rss: 132Mb L: 72/86 MS: 1 ShuffleBytes-
#95764	NEW    cov: 1219 ft: 3037 corp: 503/12770b lim: 86 exec/s: 19152 rss: 133Mb L: 76/86 MS: 1 InsertRepeatedBytes-
#95886	REDUCE cov: 1219 ft: 3037 corp: 503/12768b lim: 86 exec/s: 19177 rss: 133Mb L: 14/86 MS: 2 ChangeBinInt-EraseBytes-
#95953	REDUCE cov: 1219 ft: 3037 corp: 503/12767b lim: 86 exec/s: 19190 rss: 133Mb L: 28/86 MS: 2 InsertByte-EraseBytes-
#95981	REDUCE cov: 1219 ft: 3037 corp: 503/12750b lim: 86 exec/s: 19196 rss: 133Mb L: 49/86 MS: 3 CrossOver-ChangeBinInt-EraseBytes-
#96002	NEW    cov: 1219 ft: 3038 corp: 504/12823b lim: 86 exec/s: 19200 rss: 133Mb L: 73/86 MS: 1 CrossOver-
#96378	REDUCE cov: 1219 ft: 3038 corp: 504/12820b lim: 86 exec/s: 19275 rss: 133Mb L: 9/86 MS: 1 EraseBytes-
#96674	NEW    cov: 1219 ft: 3040 corp: 505/12899b lim: 86 exec/s: 19334 rss: 134Mb L: 79/86 MS: 1 InsertRepeatedBytes-
#96707	NEW    cov: 1221 ft: 3042 corp: 506/12913b lim: 86 exec/s: 19341 rss: 134Mb L: 14/86 MS: 3 CrossOver-InsertByte-InsertByte-
#96898	REDUCE cov: 1221 ft: 3042 corp: 506/12912b lim: 86 exec/s: 19379 rss: 134Mb L: 6/86 MS: 1 EraseBytes-
#96942	REDUCE cov: 1221 ft: 3050 corp: 507/12961b lim: 86 exec/s: 19388 rss: 134Mb L: 49/86 MS: 4 InsertByte-CrossOver-CopyPart-CopyPart-
#96963	REDUCE cov: 1221 ft: 3050 corp: 507/12957b lim: 86 exec/s: 19392 rss: 134Mb L: 27/86 MS: 1 EraseBytes-
#96964	NEW    cov: 1221 ft: 3051 corp: 508/12977b lim: 86 exec/s: 19392 rss: 134Mb L: 20/86 MS: 1 CrossOver-
#97033	REDUCE cov: 1221 ft: 3051 corp: 508/12974b lim: 86 exec/s: 19406 rss: 134Mb L: 23/86 MS: 4 ChangeBit-InsertByte-ShuffleBytes-EraseBytes-
#97172	REDUCE cov: 1221 ft: 3051 corp: 508/12973b lim: 86 exec/s: 19434 rss: 134Mb L: 4/86 MS: 4 CopyPart-EraseBytes-ChangeBit-CrossOver-
#97231	NEW    cov: 1221 ft: 3052 corp: 509/13054b lim: 86 exec/s: 19446 rss: 134Mb L: 81/86 MS: 4 ChangeBit-ShuffleBytes-ShuffleBytes-CopyPart-
#97359	NEW    cov: 1222 ft: 3053 corp: 510/13137b lim: 86 exec/s: 19471 rss: 134Mb L: 83/86 MS: 3 PersAutoDict-InsertByte-ChangeByte- DE: "\011\000\000\000\000\000\000\000"-
#97431	REDUCE cov: 1222 ft: 3053 corp: 510/13131b lim: 86 exec/s: 19486 rss: 135Mb L: 22/86 MS: 2 ChangeBinInt-EraseBytes-
#97462	REDUCE cov: 1222 ft: 3053 corp: 510/13119b lim: 86 exec/s: 19492 rss: 135Mb L: 28/86 MS: 1 EraseBytes-
#97613	REDUCE cov: 1222 ft: 3053 corp: 510/13111b lim: 86 exec/s: 19522 rss: 135Mb L: 46/86 MS: 1 EraseBytes-
#97892	NEW    cov: 1222 ft: 3055 corp: 511/13194b lim: 86 exec/s: 19578 rss: 135Mb L: 83/86 MS: 4 ChangeBit-ChangeBit-ChangeBit-CMP- DE: "\377\377\377\377"-
#98324	REDUCE cov: 1222 ft: 3055 corp: 511/13179b lim: 86 exec/s: 19664 rss: 136Mb L: 18/86 MS: 2 ChangeByte-EraseBytes-
#98431	NEW    cov: 1222 ft: 3056 corp: 512/13235b lim: 86 exec/s: 19686 rss: 136Mb L: 56/86 MS: 2 CrossOver-CopyPart-
#98452	REDUCE cov: 1222 ft: 3056 corp: 512/13230b lim: 86 exec/s: 19690 rss: 136Mb L: 24/86 MS: 1 EraseBytes-
#98644	REDUCE cov: 1222 ft: 3056 corp: 512/13226b lim: 86 exec/s: 19728 rss: 136Mb L: 50/86 MS: 2 ChangeByte-EraseBytes-
#98993	REDUCE cov: 1222 ft: 3056 corp: 512/13220b lim: 86 exec/s: 19798 rss: 136Mb L: 11/86 MS: 4 ChangeByte-InsertRepeatedBytes-EraseBytes-EraseBytes-
#99254	REDUCE cov: 1228 ft: 3062 corp: 513/13235b lim: 86 exec/s: 19850 rss: 136Mb L: 15/86 MS: 1 CopyPart-
#100007	NEW    cov: 1228 ft: 3063 corp: 514/13321b lim: 92 exec/s: 20001 rss: 137Mb L: 86/86 MS: 3 ChangeBit-CopyPart-CopyPart-
#100028	REDUCE cov: 1229 ft: 3064 corp: 515/13328b lim: 92 exec/s: 20005 rss: 137Mb L: 7/86 MS: 1 InsertByte-
#100109	REDUCE cov: 1229 ft: 3064 corp: 515/13327b lim: 92 exec/s: 20021 rss: 137Mb L: 34/86 MS: 1 EraseBytes-
#100645	REDUCE cov: 1229 ft: 3064 corp: 515/13316b lim: 92 exec/s: 20129 rss: 138Mb L: 22/86 MS: 1 EraseBytes-
#100822	NEW    cov: 1230 ft: 3065 corp: 516/13328b lim: 92 exec/s: 20164 rss: 138Mb L: 12/86 MS: 2 ChangeBit-ChangeBinInt-
#100869	REDUCE cov: 1230 ft: 3065 corp: 516/13324b lim: 92 exec/s: 20173 rss: 138Mb L: 24/86 MS: 2 ChangeBinInt-EraseBytes-
#100971	NEW    cov: 1230 ft: 3073 corp: 517/13416b lim: 92 exec/s: 20194 rss: 138Mb L: 92/92 MS: 2 ChangeByte-CopyPart-
#101112	REDUCE cov: 1230 ft: 3073 corp: 517/13414b lim: 92 exec/s: 20222 rss: 138Mb L: 81/92 MS: 1 EraseBytes-
#101469	REDUCE cov: 1230 ft: 3073 corp: 517/13410b lim: 92 exec/s: 20293 rss: 139Mb L: 18/92 MS: 2 InsertByte-EraseBytes-
#101606	NEW    cov: 1230 ft: 3075 corp: 518/13425b lim: 92 exec/s: 20321 rss: 139Mb L: 15/92 MS: 2 ShuffleBytes-CopyPart-
#102424	NEW    cov: 1230 ft: 3076 corp: 519/13514b lim: 98 exec/s: 20484 rss: 140Mb L: 89/92 MS: 3 CMP-ShuffleBytes-CopyPart- DE: "\001\000\000\000\000\000\000\000"-
#102640	NEW    cov: 1230 ft: 3079 corp: 520/13570b lim: 98 exec/s: 20528 rss: 140Mb L: 56/92 MS: 1 CopyPart-
#102753	REDUCE cov: 1230 ft: 3079 corp: 520/13562b lim: 98 exec/s: 20550 rss: 140Mb L: 16/92 MS: 3 ChangeByte-CMP-EraseBytes- DE: "\000\000\000\310"-
#102759	REDUCE cov: 1230 ft: 3079 corp: 520/13557b lim: 98 exec/s: 20551 rss: 140Mb L: 13/92 MS: 1 EraseBytes-
#102801	REDUCE cov: 1230 ft: 3079 corp: 520/13554b lim: 98 exec/s: 20560 rss: 140Mb L: 27/92 MS: 2 ShuffleBytes-EraseBytes-
#103053	REDUCE cov: 1230 ft: 3079 corp: 520/13553b lim: 98 exec/s: 20610 rss: 140Mb L: 26/92 MS: 2 ChangeBit-EraseBytes-
#103300	REDUCE cov: 1230 ft: 3079 corp: 520/13548b lim: 98 exec/s: 20660 rss: 140Mb L: 41/92 MS: 2 EraseBytes-CopyPart-
#103522	REDUCE cov: 1230 ft: 3079 corp: 520/13545b lim: 98 exec/s: 20704 rss: 141Mb L: 86/92 MS: 2 InsertByte-EraseBytes-
#103528	REDUCE cov: 1230 ft: 3079 corp: 520/13539b lim: 98 exec/s: 20705 rss: 141Mb L: 25/92 MS: 1 EraseBytes-
#103624	NEW    cov: 1230 ft: 3082 corp: 521/13577b lim: 98 exec/s: 20724 rss: 141Mb L: 38/92 MS: 1 InsertByte-
#103790	REDUCE cov: 1232 ft: 3084 corp: 522/13583b lim: 98 exec/s: 20758 rss: 141Mb L: 6/92 MS: 1 ChangeBit-
#104016	REDUCE cov: 1232 ft: 3084 corp: 522/13582b lim: 98 exec/s: 20803 rss: 141Mb L: 36/92 MS: 1 EraseBytes-
#104568	REDUCE cov: 1232 ft: 3084 corp: 522/13574b lim: 98 exec/s: 20913 rss: 142Mb L: 21/92 MS: 2 ChangeBit-EraseBytes-
#104684	NEW    cov: 1232 ft: 3085 corp: 523/13601b lim: 98 exec/s: 20936 rss: 142Mb L: 27/92 MS: 1 CrossOver-
#104776	REDUCE cov: 1232 ft: 3086 corp: 524/13694b lim: 98 exec/s: 20955 rss: 142Mb L: 93/93 MS: 2 ShuffleBytes-CopyPart-
#104905	REDUCE cov: 1232 ft: 3086 corp: 524/13693b lim: 98 exec/s: 20981 rss: 142Mb L: 12/93 MS: 4 ChangeByte-ChangeBit-PersAutoDict-EraseBytes- DE: "\377\377\377\377\377\377\377'"-
#104941	REDUCE cov: 1232 ft: 3086 corp: 524/13687b lim: 98 exec/s: 20988 rss: 142Mb L: 23/93 MS: 1 EraseBytes-
#104967	NEW    cov: 1232 ft: 3087 corp: 525/13757b lim: 98 exec/s: 20993 rss: 142Mb L: 70/93 MS: 1 InsertRepeatedBytes-
#105753	REDUCE cov: 1233 ft: 3088 corp: 526/13822b lim: 104 exec/s: 21150 rss: 143Mb L: 65/93 MS: 1 CopyPart-
	NEW_FUNC[1/1]: 0x000104715684 in _RNvMs4_NtCs7a5mATVz8u3_5alloc7raw_vecINtB5_6RawVecNtNtNtCsaadRk6yvHw6_6rsword4span5index10CommentRefE8grow_oneBS_+0x0 (fuzz_embedded:arm64+0x101ab5684)
#105760	NEW    cov: 1240 ft: 3098 corp: 527/13896b lim: 104 exec/s: 21152 rss: 143Mb L: 74/93 MS: 2 InsertByte-CopyPart-
#105946	REDUCE cov: 1240 ft: 3098 corp: 527/13895b lim: 104 exec/s: 21189 rss: 143Mb L: 48/93 MS: 1 EraseBytes-
#106282	REDUCE cov: 1240 ft: 3098 corp: 527/13892b lim: 104 exec/s: 21256 rss: 144Mb L: 5/93 MS: 1 EraseBytes-
#106353	REDUCE cov: 1240 ft: 3098 corp: 527/13879b lim: 104 exec/s: 21270 rss: 144Mb L: 15/93 MS: 1 EraseBytes-
#106929	NEW    cov: 1240 ft: 3119 corp: 528/13962b lim: 104 exec/s: 21385 rss: 144Mb L: 83/93 MS: 1 CopyPart-
#106947	REDUCE cov: 1240 ft: 3119 corp: 528/13960b lim: 104 exec/s: 21389 rss: 144Mb L: 18/93 MS: 3 InsertByte-EraseBytes-EraseBytes-
#106973	NEW    cov: 1240 ft: 3120 corp: 529/14038b lim: 104 exec/s: 21394 rss: 144Mb L: 78/93 MS: 1 InsertByte-
#107179	NEW    cov: 1241 ft: 3121 corp: 530/14051b lim: 104 exec/s: 21435 rss: 144Mb L: 13/93 MS: 1 InsertByte-
#107347	NEW    cov: 1241 ft: 3123 corp: 531/14155b lim: 104 exec/s: 21469 rss: 145Mb L: 104/104 MS: 3 PersAutoDict-ChangeBit-InsertRepeatedBytes- DE: "\001\302"-
#107548	REDUCE cov: 1241 ft: 3123 corp: 531/14154b lim: 104 exec/s: 21509 rss: 145Mb L: 19/104 MS: 1 EraseBytes-
#108349	REDUCE cov: 1241 ft: 3124 corp: 532/14263b lim: 110 exec/s: 21669 rss: 145Mb L: 109/109 MS: 1 CopyPart-
#108762	NEW    cov: 1241 ft: 3128 corp: 533/14371b lim: 110 exec/s: 21752 rss: 146Mb L: 108/109 MS: 3 ChangeByte-ShuffleBytes-CopyPart-
#108931	REDUCE cov: 1241 ft: 3137 corp: 534/14431b lim: 110 exec/s: 21786 rss: 146Mb L: 60/109 MS: 4 InsertByte-CopyPart-EraseBytes-CopyPart-
#109203	REDUCE cov: 1241 ft: 3137 corp: 534/14409b lim: 110 exec/s: 21840 rss: 146Mb L: 63/109 MS: 2 CopyPart-EraseBytes-
#109306	REDUCE cov: 1241 ft: 3138 corp: 535/14519b lim: 110 exec/s: 21861 rss: 147Mb L: 110/110 MS: 3 InsertRepeatedBytes-InsertRepeatedBytes-CrossOver-
#109532	REDUCE cov: 1241 ft: 3138 corp: 535/14515b lim: 110 exec/s: 21906 rss: 147Mb L: 21/110 MS: 1 EraseBytes-
#109563	NEW    cov: 1241 ft: 3140 corp: 536/14589b lim: 110 exec/s: 21912 rss: 147Mb L: 74/110 MS: 1 EraseBytes-
#109835	NEW    cov: 1241 ft: 3141 corp: 537/14671b lim: 110 exec/s: 21967 rss: 147Mb L: 82/110 MS: 2 ShuffleBytes-InsertByte-
#109841	REDUCE cov: 1241 ft: 3142 corp: 538/14765b lim: 110 exec/s: 21968 rss: 147Mb L: 94/110 MS: 1 CopyPart-
#109904	REDUCE cov: 1241 ft: 3142 corp: 538/14757b lim: 110 exec/s: 21980 rss: 147Mb L: 48/110 MS: 3 ShuffleBytes-CopyPart-EraseBytes-
#110027	NEW    cov: 1241 ft: 3144 corp: 539/14858b lim: 110 exec/s: 22005 rss: 148Mb L: 101/110 MS: 3 CopyPart-CMP-CopyPart- DE: "\001\000\000\000\000\000\000\000"-
#110103	REDUCE cov: 1241 ft: 3144 corp: 539/14857b lim: 110 exec/s: 22020 rss: 148Mb L: 4/110 MS: 1 EraseBytes-
#110204	NEW    cov: 1241 ft: 3146 corp: 540/14872b lim: 110 exec/s: 22040 rss: 148Mb L: 15/110 MS: 1 CopyPart-
#110353	REDUCE cov: 1241 ft: 3146 corp: 540/14870b lim: 110 exec/s: 22070 rss: 148Mb L: 84/110 MS: 4 ChangeByte-InsertByte-CopyPart-EraseBytes-
#110429	REDUCE cov: 1241 ft: 3146 corp: 540/14869b lim: 110 exec/s: 22085 rss: 148Mb L: 34/110 MS: 1 EraseBytes-
#110464	NEW    cov: 1241 ft: 3147 corp: 541/14897b lim: 110 exec/s: 22092 rss: 148Mb L: 28/110 MS: 5 PersAutoDict-ShuffleBytes-PersAutoDict-ChangeBit-EraseBytes- DE: "\022\000\000\000\000\000\000\000"-"\377\377\377\377\377\377\377\014"-
#110536	REDUCE cov: 1241 ft: 3147 corp: 541/14896b lim: 110 exec/s: 22107 rss: 148Mb L: 3/110 MS: 2 ShuffleBytes-EraseBytes-
#110747	REDUCE cov: 1241 ft: 3147 corp: 541/14870b lim: 110 exec/s: 22149 rss: 148Mb L: 57/110 MS: 1 EraseBytes-
#110983	REDUCE cov: 1241 ft: 3147 corp: 541/14866b lim: 110 exec/s: 22196 rss: 149Mb L: 15/110 MS: 1 EraseBytes-
#111036	NEW    cov: 1242 ft: 3148 corp: 542/14906b lim: 110 exec/s: 22207 rss: 149Mb L: 40/110 MS: 3 CMP-EraseBytes-CrossOver- DE: "\001\000`\036\373\321\360\260"-
#111193	NEW    cov: 1243 ft: 3149 corp: 543/14918b lim: 110 exec/s: 22238 rss: 149Mb L: 12/110 MS: 2 ChangeASCIIInt-ChangeBit-
#111300	NEW    cov: 1243 ft: 3150 corp: 544/14935b lim: 110 exec/s: 22260 rss: 149Mb L: 17/110 MS: 2 EraseBytes-EraseBytes-
#111702	REDUCE cov: 1243 ft: 3150 corp: 544/14931b lim: 110 exec/s: 22340 rss: 149Mb L: 8/110 MS: 2 InsertByte-EraseBytes-
#111973	NEW    cov: 1243 ft: 3152 corp: 545/15038b lim: 110 exec/s: 22394 rss: 149Mb L: 107/110 MS: 1 CopyPart-
#112018	REDUCE cov: 1243 ft: 3152 corp: 545/15026b lim: 110 exec/s: 22403 rss: 150Mb L: 23/110 MS: 5 ChangeBinInt-ShuffleBytes-ChangeBinInt-PersAutoDict-EraseBytes- DE: "\"\000\000\000"-
#112029	REDUCE cov: 1243 ft: 3152 corp: 545/15024b lim: 110 exec/s: 22405 rss: 150Mb L: 33/110 MS: 1 EraseBytes-
#112055	REDUCE cov: 1243 ft: 3152 corp: 545/15020b lim: 110 exec/s: 22411 rss: 150Mb L: 73/110 MS: 1 EraseBytes-
#112102	NEW    cov: 1244 ft: 3153 corp: 546/15049b lim: 110 exec/s: 22420 rss: 150Mb L: 29/110 MS: 2 ShuffleBytes-EraseBytes-
#112548	NEW    cov: 1244 ft: 3154 corp: 547/15086b lim: 110 exec/s: 22509 rss: 150Mb L: 37/110 MS: 1 CrossOver-
#112574	NEW    cov: 1244 ft: 3159 corp: 548/15166b lim: 110 exec/s: 22514 rss: 150Mb L: 80/110 MS: 1 CrossOver-
#112602	REDUCE cov: 1244 ft: 3159 corp: 548/15162b lim: 110 exec/s: 22520 rss: 150Mb L: 13/110 MS: 3 ChangeASCIIInt-CopyPart-EraseBytes-
#112869	REDUCE cov: 1244 ft: 3159 corp: 548/15161b lim: 110 exec/s: 22573 rss: 151Mb L: 14/110 MS: 2 ChangeBinInt-EraseBytes-
#113016	REDUCE cov: 1244 ft: 3159 corp: 548/15160b lim: 110 exec/s: 22603 rss: 151Mb L: 28/110 MS: 2 ChangeByte-EraseBytes-
#113138	REDUCE cov: 1244 ft: 3159 corp: 548/15147b lim: 110 exec/s: 22627 rss: 151Mb L: 64/110 MS: 2 CopyPart-EraseBytes-
#113675	REDUCE cov: 1244 ft: 3159 corp: 548/15138b lim: 110 exec/s: 18945 rss: 152Mb L: 17/110 MS: 2 ShuffleBytes-EraseBytes-
#113866	REDUCE cov: 1244 ft: 3159 corp: 548/15123b lim: 110 exec/s: 18977 rss: 152Mb L: 56/110 MS: 1 EraseBytes-
#113907	NEW    cov: 1245 ft: 3160 corp: 549/15135b lim: 110 exec/s: 18984 rss: 152Mb L: 12/110 MS: 1 EraseBytes-
#114069	REDUCE cov: 1245 ft: 3160 corp: 549/15117b lim: 110 exec/s: 19011 rss: 152Mb L: 32/110 MS: 2 ChangeBinInt-EraseBytes-
#114120	REDUCE cov: 1245 ft: 3160 corp: 549/15115b lim: 110 exec/s: 19020 rss: 154Mb L: 18/110 MS: 1 EraseBytes-
#114152	NEW    cov: 1245 ft: 3161 corp: 550/15189b lim: 110 exec/s: 19025 rss: 154Mb L: 74/110 MS: 2 ChangeBinInt-CopyPart-
#114159	REDUCE cov: 1245 ft: 3161 corp: 550/15187b lim: 110 exec/s: 19026 rss: 154Mb L: 24/110 MS: 2 ShuffleBytes-EraseBytes-
#114280	NEW    cov: 1245 ft: 3163 corp: 551/15289b lim: 110 exec/s: 19046 rss: 154Mb L: 102/110 MS: 1 CopyPart-
#114326	REDUCE cov: 1245 ft: 3163 corp: 551/15282b lim: 110 exec/s: 19054 rss: 155Mb L: 17/110 MS: 1 EraseBytes-
#114602	REDUCE cov: 1245 ft: 3163 corp: 551/15279b lim: 110 exec/s: 19100 rss: 155Mb L: 4/110 MS: 1 EraseBytes-
#114715	NEW    cov: 1245 ft: 3167 corp: 552/15353b lim: 110 exec/s: 19119 rss: 155Mb L: 74/110 MS: 3 CopyPart-ChangeASCIIInt-ChangeByte-
#114867	REDUCE cov: 1245 ft: 3167 corp: 552/15349b lim: 110 exec/s: 19144 rss: 155Mb L: 97/110 MS: 2 ChangeByte-EraseBytes-
#114983	REDUCE cov: 1245 ft: 3167 corp: 552/15347b lim: 110 exec/s: 19163 rss: 155Mb L: 41/110 MS: 1 EraseBytes-
#115294	REDUCE cov: 1245 ft: 3167 corp: 552/15339b lim: 110 exec/s: 19215 rss: 156Mb L: 48/110 MS: 1 EraseBytes-
#115490	REDUCE cov: 1245 ft: 3167 corp: 552/15338b lim: 110 exec/s: 19248 rss: 156Mb L: 7/110 MS: 1 EraseBytes-
#115537	REDUCE cov: 1245 ft: 3167 corp: 552/15334b lim: 110 exec/s: 19256 rss: 156Mb L: 14/110 MS: 2 ShuffleBytes-EraseBytes-
#115641	REDUCE cov: 1245 ft: 3167 corp: 552/15325b lim: 110 exec/s: 19273 rss: 156Mb L: 15/110 MS: 4 ChangeBit-ChangeByte-InsertByte-EraseBytes-
#116488	NEW    cov: 1245 ft: 3168 corp: 553/15426b lim: 116 exec/s: 19414 rss: 157Mb L: 101/110 MS: 2 InsertByte-CopyPart-
#116985	REDUCE cov: 1245 ft: 3168 corp: 553/15405b lim: 116 exec/s: 19497 rss: 157Mb L: 36/110 MS: 2 ChangeBinInt-EraseBytes-
#117132	REDUCE cov: 1245 ft: 3168 corp: 553/15404b lim: 116 exec/s: 19522 rss: 158Mb L: 19/110 MS: 2 InsertByte-EraseBytes-
#117243	REDUCE cov: 1245 ft: 3168 corp: 553/15394b lim: 116 exec/s: 19540 rss: 158Mb L: 19/110 MS: 1 EraseBytes-
#117474	REDUCE cov: 1245 ft: 3168 corp: 553/15392b lim: 116 exec/s: 19579 rss: 158Mb L: 68/110 MS: 1 EraseBytes-
#117541	REDUCE cov: 1245 ft: 3170 corp: 554/15504b lim: 116 exec/s: 19590 rss: 158Mb L: 112/112 MS: 2 PersAutoDict-InsertRepeatedBytes- DE: "\377\007"-
#117672	REDUCE cov: 1245 ft: 3170 corp: 554/15496b lim: 116 exec/s: 19612 rss: 158Mb L: 21/112 MS: 1 EraseBytes-
#118286	NEW    cov: 1245 ft: 3176 corp: 555/15613b lim: 122 exec/s: 19714 rss: 159Mb L: 117/117 MS: 4 ChangeByte-ChangeBit-ChangeBit-CopyPart-
#118569	REDUCE cov: 1245 ft: 3176 corp: 555/15607b lim: 122 exec/s: 19761 rss: 159Mb L: 35/117 MS: 3 CopyPart-ChangeBit-EraseBytes-
#118701	REDUCE cov: 1245 ft: 3177 corp: 556/15642b lim: 122 exec/s: 19783 rss: 159Mb L: 35/117 MS: 2 ChangeBit-CrossOver-
#118891	NEW    cov: 1245 ft: 3178 corp: 557/15760b lim: 122 exec/s: 19815 rss: 159Mb L: 118/118 MS: 5 ChangeByte-EraseBytes-ChangeBinInt-ChangeBinInt-InsertRepeatedBytes-
#119157	REDUCE cov: 1245 ft: 3178 corp: 557/15759b lim: 122 exec/s: 19859 rss: 160Mb L: 11/118 MS: 1 EraseBytes-
#119247	NEW    cov: 1246 ft: 3187 corp: 558/15878b lim: 122 exec/s: 19874 rss: 160Mb L: 119/119 MS: 5 PersAutoDict-InsertRepeatedBytes-InsertRepeatedBytes-CopyPart-InsertRepeatedBytes- DE: "\001\000\000\000\000\000\000\010"-
#119253	REDUCE cov: 1246 ft: 3187 corp: 558/15877b lim: 122 exec/s: 19875 rss: 160Mb L: 23/119 MS: 1 EraseBytes-
#119269	REDUCE cov: 1246 ft: 3187 corp: 558/15874b lim: 122 exec/s: 19878 rss: 160Mb L: 8/119 MS: 1 EraseBytes-
#119500	REDUCE cov: 1246 ft: 3187 corp: 558/15870b lim: 122 exec/s: 19916 rss: 160Mb L: 69/119 MS: 1 EraseBytes-
#119646	REDUCE cov: 1246 ft: 3187 corp: 558/15861b lim: 122 exec/s: 19941 rss: 160Mb L: 27/119 MS: 1 EraseBytes-
#119790	NEW    cov: 1246 ft: 3211 corp: 559/15922b lim: 122 exec/s: 19965 rss: 160Mb L: 61/119 MS: 4 InsertByte-ChangeBinInt-ChangeASCIIInt-CopyPart-
#120561	REDUCE cov: 1246 ft: 3211 corp: 559/15921b lim: 128 exec/s: 20093 rss: 161Mb L: 26/119 MS: 1 EraseBytes-
#120642	NEW    cov: 1246 ft: 3238 corp: 560/16049b lim: 128 exec/s: 20107 rss: 161Mb L: 128/128 MS: 1 CopyPart-
#120698	REDUCE cov: 1246 ft: 3238 corp: 560/16045b lim: 128 exec/s: 20116 rss: 161Mb L: 11/128 MS: 1 EraseBytes-
#120842	NEW    cov: 1246 ft: 3239 corp: 561/16166b lim: 128 exec/s: 20140 rss: 161Mb L: 121/128 MS: 4 InsertRepeatedBytes-InsertByte-ChangeBit-CrossOver-
#121384	REDUCE cov: 1246 ft: 3239 corp: 561/16160b lim: 128 exec/s: 20230 rss: 162Mb L: 122/122 MS: 2 ShuffleBytes-EraseBytes-
#121642	REDUCE cov: 1246 ft: 3239 corp: 561/16156b lim: 128 exec/s: 20273 rss: 162Mb L: 67/122 MS: 3 ChangeBinInt-EraseBytes-PersAutoDict- DE: "%\000\000\000\000\000\000\000"-
#122068	REDUCE cov: 1246 ft: 3239 corp: 561/16152b lim: 128 exec/s: 20344 rss: 163Mb L: 45/122 MS: 1 EraseBytes-
#122149	REDUCE cov: 1246 ft: 3239 corp: 561/16150b lim: 128 exec/s: 20358 rss: 163Mb L: 21/122 MS: 1 EraseBytes-
#122560	NEW    cov: 1246 ft: 3242 corp: 562/16224b lim: 128 exec/s: 20426 rss: 163Mb L: 74/122 MS: 1 InsertByte-
#122571	REDUCE cov: 1246 ft: 3242 corp: 562/16222b lim: 128 exec/s: 20428 rss: 163Mb L: 36/122 MS: 1 EraseBytes-
#122837	REDUCE cov: 1246 ft: 3242 corp: 562/16221b lim: 128 exec/s: 20472 rss: 163Mb L: 5/122 MS: 1 EraseBytes-
#122868	REDUCE cov: 1246 ft: 3242 corp: 562/16218b lim: 128 exec/s: 20478 rss: 163Mb L: 15/122 MS: 1 EraseBytes-
#123350	NEW    cov: 1246 ft: 3244 corp: 563/16273b lim: 128 exec/s: 20558 rss: 164Mb L: 55/122 MS: 2 ChangeBinInt-EraseBytes-
#123952	REDUCE cov: 1246 ft: 3244 corp: 563/16268b lim: 128 exec/s: 20658 rss: 165Mb L: 32/122 MS: 2 CMP-EraseBytes- DE: "\001\000"-
#124114	REDUCE cov: 1248 ft: 3246 corp: 564/16277b lim: 128 exec/s: 20685 rss: 165Mb L: 9/122 MS: 2 InsertByte-CopyPart-
#124450	REDUCE cov: 1248 ft: 3246 corp: 564/16273b lim: 128 exec/s: 20741 rss: 165Mb L: 7/122 MS: 1 EraseBytes-
#125007	REDUCE cov: 1248 ft: 3246 corp: 564/16267b lim: 128 exec/s: 20834 rss: 166Mb L: 40/122 MS: 2 InsertByte-EraseBytes-
#125268	REDUCE cov: 1248 ft: 3246 corp: 564/16245b lim: 128 exec/s: 20878 rss: 166Mb L: 22/122 MS: 1 EraseBytes-
#125291	REDUCE cov: 1248 ft: 3246 corp: 564/16239b lim: 128 exec/s: 20881 rss: 166Mb L: 73/122 MS: 3 InsertByte-PersAutoDict-EraseBytes- DE: ")\000\000\000\000\000\000\000"-
#125522	NEW    cov: 1248 ft: 3247 corp: 565/16341b lim: 128 exec/s: 20920 rss: 166Mb L: 102/122 MS: 1 CopyPart-
#125593	REDUCE cov: 1248 ft: 3247 corp: 565/16329b lim: 128 exec/s: 20932 rss: 166Mb L: 60/122 MS: 1 EraseBytes-
#125689	REDUCE cov: 1248 ft: 3247 corp: 565/16326b lim: 128 exec/s: 20948 rss: 166Mb L: 20/122 MS: 1 EraseBytes-
#126025	REDUCE cov: 1248 ft: 3247 corp: 565/16308b lim: 128 exec/s: 21004 rss: 167Mb L: 100/122 MS: 1 EraseBytes-
#126356	REDUCE cov: 1248 ft: 3247 corp: 565/16301b lim: 128 exec/s: 21059 rss: 167Mb L: 43/122 MS: 1 EraseBytes-
#126362	REDUCE cov: 1248 ft: 3247 corp: 565/16299b lim: 128 exec/s: 21060 rss: 167Mb L: 33/122 MS: 1 EraseBytes-
#126388	NEW    cov: 1248 ft: 3272 corp: 566/16Kb lim: 128 exec/s: 21064 rss: 167Mb L: 111/122 MS: 1 CopyPart-
#126399	REDUCE cov: 1248 ft: 3272 corp: 566/16Kb lim: 128 exec/s: 21066 rss: 167Mb L: 12/122 MS: 1 EraseBytes-
#126435	REDUCE cov: 1248 ft: 3272 corp: 566/16Kb lim: 128 exec/s: 21072 rss: 167Mb L: 22/122 MS: 1 EraseBytes-
#126464	REDUCE cov: 1248 ft: 3272 corp: 566/16Kb lim: 128 exec/s: 21077 rss: 167Mb L: 36/122 MS: 4 ShuffleBytes-ShuffleBytes-PersAutoDict-EraseBytes- DE: "\001\000\000\000\000\000\000\010"-
#126587	NEW    cov: 1248 ft: 3276 corp: 567/16Kb lim: 128 exec/s: 21097 rss: 167Mb L: 115/122 MS: 3 ShuffleBytes-CrossOver-CopyPart-
#126611	REDUCE cov: 1248 ft: 3276 corp: 567/16Kb lim: 128 exec/s: 21101 rss: 167Mb L: 22/122 MS: 4 InsertByte-ChangeBit-ShuffleBytes-EraseBytes-
#126752	REDUCE cov: 1248 ft: 3276 corp: 567/16Kb lim: 128 exec/s: 21125 rss: 167Mb L: 9/122 MS: 1 EraseBytes-
#127043	REDUCE cov: 1248 ft: 3276 corp: 567/16Kb lim: 128 exec/s: 21173 rss: 168Mb L: 25/122 MS: 1 EraseBytes-
#127361	REDUCE cov: 1248 ft: 3276 corp: 567/16Kb lim: 128 exec/s: 21226 rss: 168Mb L: 33/122 MS: 3 ChangeBinInt-ChangeByte-EraseBytes-
#127507	NEW    cov: 1248 ft: 3277 corp: 568/16Kb lim: 128 exec/s: 21251 rss: 168Mb L: 92/122 MS: 1 EraseBytes-
#127985	REDUCE cov: 1248 ft: 3277 corp: 568/16Kb lim: 128 exec/s: 21330 rss: 169Mb L: 33/122 MS: 3 PersAutoDict-EraseBytes-EraseBytes- DE: "\000\000\000\000\000\000\000\017"-
#128033	REDUCE cov: 1248 ft: 3277 corp: 568/16Kb lim: 128 exec/s: 21338 rss: 169Mb L: 11/122 MS: 3 InsertByte-ChangeByte-EraseBytes-
#128049	REDUCE cov: 1248 ft: 3279 corp: 569/16Kb lim: 128 exec/s: 21341 rss: 169Mb L: 91/122 MS: 1 CopyPart-
#128102	REDUCE cov: 1248 ft: 3279 corp: 569/16Kb lim: 128 exec/s: 21350 rss: 169Mb L: 14/122 MS: 3 CrossOver-PersAutoDict-EraseBytes- DE: "\000\000\000\310"-
#128145	NEW    cov: 1250 ft: 3286 corp: 570/16Kb lim: 128 exec/s: 21357 rss: 169Mb L: 122/122 MS: 3 CrossOver-ChangeBinInt-CopyPart-
#128281	REDUCE cov: 1250 ft: 3286 corp: 570/16Kb lim: 128 exec/s: 21380 rss: 169Mb L: 5/122 MS: 1 EraseBytes-
#128542	REDUCE cov: 1250 ft: 3286 corp: 570/16Kb lim: 128 exec/s: 21423 rss: 170Mb L: 34/122 MS: 1 EraseBytes-
#128560	NEW    cov: 1250 ft: 3289 corp: 571/16Kb lim: 128 exec/s: 21426 rss: 170Mb L: 99/122 MS: 3 CrossOver-InsertByte-CopyPart-
#128670	REDUCE cov: 1250 ft: 3290 corp: 572/16Kb lim: 128 exec/s: 21445 rss: 170Mb L: 107/122 MS: 5 InsertByte-ChangeByte-ChangeBinInt-CopyPart-CMP- DE: "\005\000\000\000\000\000\000\000"-
#128712	REDUCE cov: 1250 ft: 3290 corp: 572/16Kb lim: 128 exec/s: 21452 rss: 170Mb L: 87/122 MS: 2 ShuffleBytes-EraseBytes-
#129203	REDUCE cov: 1250 ft: 3290 corp: 572/16Kb lim: 128 exec/s: 21533 rss: 171Mb L: 32/122 MS: 1 EraseBytes-
#129213	NEW    cov: 1252 ft: 3292 corp: 573/16Kb lim: 128 exec/s: 21535 rss: 171Mb L: 128/128 MS: 5 PersAutoDict-CopyPart-ChangeBit-ChangeBit-ChangeByte- DE: "\000\000\001\000"-
#129449	REDUCE cov: 1252 ft: 3292 corp: 573/16Kb lim: 128 exec/s: 21574 rss: 171Mb L: 30/128 MS: 1 EraseBytes-
#129730	REDUCE cov: 1252 ft: 3292 corp: 573/16Kb lim: 128 exec/s: 21621 rss: 171Mb L: 20/128 MS: 1 EraseBytes-
#129851	REDUCE cov: 1252 ft: 3292 corp: 573/16Kb lim: 128 exec/s: 21641 rss: 171Mb L: 31/128 MS: 1 EraseBytes-
#129867	NEW    cov: 1252 ft: 3293 corp: 574/16Kb lim: 128 exec/s: 21644 rss: 171Mb L: 23/128 MS: 1 CopyPart-
#130058	REDUCE cov: 1252 ft: 3293 corp: 574/16Kb lim: 128 exec/s: 21676 rss: 172Mb L: 54/128 MS: 1 EraseBytes-
#130329	NEW    cov: 1252 ft: 3295 corp: 575/16Kb lim: 128 exec/s: 21721 rss: 172Mb L: 107/128 MS: 1 ChangeBinInt-
#130335	REDUCE cov: 1252 ft: 3295 corp: 575/16Kb lim: 128 exec/s: 21722 rss: 172Mb L: 15/128 MS: 1 EraseBytes-
#130621	REDUCE cov: 1252 ft: 3295 corp: 575/16Kb lim: 128 exec/s: 21770 rss: 172Mb L: 26/128 MS: 1 EraseBytes-
#131072	pulse  cov: 1252 ft: 3295 corp: 575/16Kb lim: 128 exec/s: 21845 rss: 173Mb
#131327	NEW    cov: 1259 ft: 3302 corp: 576/16Kb lim: 135 exec/s: 21887 rss: 173Mb L: 103/128 MS: 1 InsertRepeatedBytes-
#131774	NEW    cov: 1259 ft: 3303 corp: 577/16Kb lim: 135 exec/s: 21962 rss: 173Mb L: 89/128 MS: 2 CMP-CrossOver- DE: "\177\000\000\000\000\000\000\000"-
#132003	NEW    cov: 1259 ft: 3308 corp: 578/17Kb lim: 135 exec/s: 22000 rss: 174Mb L: 135/135 MS: 4 PersAutoDict-CopyPart-CopyPart-InsertRepeatedBytes- DE: "\001\000\000\000"-
#132039	NEW    cov: 1259 ft: 3310 corp: 579/17Kb lim: 135 exec/s: 22006 rss: 174Mb L: 25/135 MS: 1 CopyPart-
#132096	REDUCE cov: 1259 ft: 3310 corp: 579/17Kb lim: 135 exec/s: 22016 rss: 174Mb L: 27/135 MS: 2 ChangeASCIIInt-EraseBytes-
#132197	REDUCE cov: 1259 ft: 3310 corp: 579/17Kb lim: 135 exec/s: 22032 rss: 174Mb L: 65/135 MS: 1 EraseBytes-
#132893	REDUCE cov: 1259 ft: 3310 corp: 579/17Kb lim: 135 exec/s: 22148 rss: 175Mb L: 16/135 MS: 1 EraseBytes-
#133140	REDUCE cov: 1259 ft: 3310 corp: 579/17Kb lim: 135 exec/s: 22190 rss: 175Mb L: 99/135 MS: 2 InsertByte-EraseBytes-
#133141	NEW    cov: 1259 ft: 3311 corp: 580/17Kb lim: 135 exec/s: 22190 rss: 175Mb L: 17/135 MS: 1 CopyPart-
#133459	REDUCE cov: 1259 ft: 3311 corp: 580/17Kb lim: 135 exec/s: 22243 rss: 175Mb L: 18/135 MS: 3 ChangeBit-CopyPart-EraseBytes-
#133520	REDUCE cov: 1259 ft: 3311 corp: 580/17Kb lim: 135 exec/s: 22253 rss: 176Mb L: 19/135 MS: 1 EraseBytes-
#134305	REDUCE cov: 1259 ft: 3313 corp: 581/17Kb lim: 142 exec/s: 19186 rss: 176Mb L: 142/142 MS: 5 EraseBytes-ChangeBit-InsertByte-InsertRepeatedBytes-CopyPart-
#134684	NEW    cov: 1259 ft: 3315 corp: 582/17Kb lim: 142 exec/s: 19240 rss: 179Mb L: 103/142 MS: 4 PersAutoDict-ChangeByte-ChangeASCIIInt-CopyPart- DE: "\177\000\000\000\000\000\000\000"-
#134851	REDUCE cov: 1259 ft: 3315 corp: 582/17Kb lim: 142 exec/s: 19264 rss: 179Mb L: 47/142 MS: 2 CrossOver-CrossOver-
#134887	REDUCE cov: 1259 ft: 3315 corp: 582/17Kb lim: 142 exec/s: 19269 rss: 179Mb L: 16/142 MS: 1 EraseBytes-
#135087	REDUCE cov: 1259 ft: 3315 corp: 582/17Kb lim: 142 exec/s: 19298 rss: 179Mb L: 39/142 MS: 5 ShuffleBytes-ChangeByte-ChangeByte-ShuffleBytes-EraseBytes-
#135899	REDUCE cov: 1259 ft: 3318 corp: 583/17Kb lim: 149 exec/s: 19414 rss: 180Mb L: 147/147 MS: 2 InsertRepeatedBytes-CopyPart-
#135935	REDUCE cov: 1259 ft: 3318 corp: 583/17Kb lim: 149 exec/s: 19419 rss: 180Mb L: 50/147 MS: 1 EraseBytes-
#136046	REDUCE cov: 1259 ft: 3318 corp: 583/17Kb lim: 149 exec/s: 19435 rss: 180Mb L: 14/147 MS: 1 EraseBytes-
#136992	REDUCE cov: 1259 ft: 3319 corp: 584/17Kb lim: 156 exec/s: 19570 rss: 181Mb L: 12/147 MS: 1 CopyPart-
#137247	NEW    cov: 1259 ft: 3320 corp: 585/17Kb lim: 156 exec/s: 19606 rss: 181Mb L: 156/156 MS: 5 CrossOver-CrossOver-ChangeByte-ShuffleBytes-InsertByte-
#137570	REDUCE cov: 1259 ft: 3320 corp: 585/17Kb lim: 156 exec/s: 19652 rss: 182Mb L: 5/156 MS: 3 InsertByte-ChangeBinInt-EraseBytes-
#137670	NEW    cov: 1259 ft: 3347 corp: 586/17Kb lim: 156 exec/s: 19667 rss: 182Mb L: 138/156 MS: 5 ShuffleBytes-CopyPart-ShuffleBytes-ChangeASCIIInt-CopyPart-
#138107	REDUCE cov: 1259 ft: 3347 corp: 586/17Kb lim: 156 exec/s: 19729 rss: 182Mb L: 20/156 MS: 2 InsertByte-EraseBytes-
#138303	REDUCE cov: 1259 ft: 3347 corp: 586/17Kb lim: 156 exec/s: 19757 rss: 182Mb L: 52/156 MS: 1 EraseBytes-
#138599	REDUCE cov: 1259 ft: 3348 corp: 587/17Kb lim: 156 exec/s: 19799 rss: 183Mb L: 16/156 MS: 1 CopyPart-
#139532	REDUCE cov: 1259 ft: 3348 corp: 587/17Kb lim: 163 exec/s: 19933 rss: 184Mb L: 111/156 MS: 3 CMP-InsertByte-EraseBytes- DE: "L\377\377\377"-
#139559	REDUCE cov: 1259 ft: 3348 corp: 587/17Kb lim: 163 exec/s: 19937 rss: 184Mb L: 87/156 MS: 2 CMP-EraseBytes- DE: "\377\377"-
#139640	REDUCE cov: 1259 ft: 3348 corp: 587/17Kb lim: 163 exec/s: 19948 rss: 184Mb L: 15/156 MS: 1 EraseBytes-
#139686	NEW    cov: 1259 ft: 3349 corp: 588/17Kb lim: 163 exec/s: 19955 rss: 184Mb L: 108/156 MS: 1 CopyPart-
#140123	REDUCE cov: 1259 ft: 3349 corp: 588/17Kb lim: 163 exec/s: 20017 rss: 185Mb L: 72/156 MS: 2 CopyPart-EraseBytes-
#140346	NEW    cov: 1259 ft: 3350 corp: 589/17Kb lim: 163 exec/s: 20049 rss: 185Mb L: 113/156 MS: 3 CopyPart-CopyPart-CrossOver-
#140578	REDUCE cov: 1259 ft: 3350 corp: 589/17Kb lim: 163 exec/s: 20082 rss: 185Mb L: 74/156 MS: 2 CrossOver-EraseBytes-
#140644	REDUCE cov: 1259 ft: 3350 corp: 589/17Kb lim: 163 exec/s: 20092 rss: 185Mb L: 8/156 MS: 1 EraseBytes-
#140783	REDUCE cov: 1259 ft: 3350 corp: 589/17Kb lim: 163 exec/s: 20111 rss: 185Mb L: 95/156 MS: 4 CopyPart-CopyPart-EraseBytes-ChangeByte-
#140842	REDUCE cov: 1259 ft: 3350 corp: 589/17Kb lim: 163 exec/s: 20120 rss: 185Mb L: 99/156 MS: 4 InsertByte-InsertByte-ChangeBit-EraseBytes-
#140853	REDUCE cov: 1259 ft: 3350 corp: 589/17Kb lim: 163 exec/s: 20121 rss: 185Mb L: 5/156 MS: 1 EraseBytes-
#141049	REDUCE cov: 1259 ft: 3350 corp: 589/17Kb lim: 163 exec/s: 20149 rss: 186Mb L: 26/156 MS: 1 EraseBytes-
#141265	REDUCE cov: 1259 ft: 3350 corp: 589/17Kb lim: 163 exec/s: 20180 rss: 186Mb L: 4/156 MS: 1 EraseBytes-
#142021	REDUCE cov: 1259 ft: 3350 corp: 589/17Kb lim: 170 exec/s: 20288 rss: 187Mb L: 76/156 MS: 1 EraseBytes-
#142072	REDUCE cov: 1259 ft: 3350 corp: 589/17Kb lim: 170 exec/s: 20296 rss: 187Mb L: 7/156 MS: 1 EraseBytes-
#143044	REDUCE cov: 1259 ft: 3350 corp: 589/17Kb lim: 177 exec/s: 20434 rss: 188Mb L: 46/156 MS: 2 ShuffleBytes-EraseBytes-
#143160	NEW    cov: 1259 ft: 3358 corp: 590/18Kb lim: 177 exec/s: 20451 rss: 188Mb L: 138/156 MS: 1 CopyPart-
#143316	REDUCE cov: 1259 ft: 3358 corp: 590/18Kb lim: 177 exec/s: 20473 rss: 188Mb L: 18/156 MS: 1 CrossOver-
#143407	REDUCE cov: 1259 ft: 3358 corp: 590/18Kb lim: 177 exec/s: 20486 rss: 188Mb L: 13/156 MS: 1 EraseBytes-
#143603	REDUCE cov: 1259 ft: 3358 corp: 590/18Kb lim: 177 exec/s: 20514 rss: 189Mb L: 15/156 MS: 1 EraseBytes-
#143703	NEW    cov: 1259 ft: 3415 corp: 591/18Kb lim: 177 exec/s: 20529 rss: 189Mb L: 173/173 MS: 5 InsertRepeatedBytes-ChangeBinInt-ChangeBit-PersAutoDict-CopyPart- DE: "\001\000\000\000\000\000\000\010"-
#143774	REDUCE cov: 1259 ft: 3415 corp: 591/18Kb lim: 177 exec/s: 20539 rss: 189Mb L: 29/173 MS: 1 CrossOver-
#144095	REDUCE cov: 1259 ft: 3415 corp: 591/18Kb lim: 177 exec/s: 20585 rss: 189Mb L: 11/173 MS: 1 EraseBytes-
#144106	NEW    cov: 1259 ft: 3418 corp: 592/18Kb lim: 177 exec/s: 20586 rss: 189Mb L: 174/174 MS: 1 CopyPart-
#144317	NEW    cov: 1259 ft: 3419 corp: 593/18Kb lim: 177 exec/s: 20616 rss: 190Mb L: 29/174 MS: 1 CopyPart-
#145164	REDUCE cov: 1259 ft: 3419 corp: 593/18Kb lim: 184 exec/s: 20737 rss: 190Mb L: 15/174 MS: 2 ChangeBit-EraseBytes-
#146342	NEW    cov: 1259 ft: 3420 corp: 594/18Kb lim: 191 exec/s: 20906 rss: 191Mb L: 42/174 MS: 3 PersAutoDict-EraseBytes-CopyPart- DE: "\005\000\000\000\000\000\000\000"-
#146358	REDUCE cov: 1259 ft: 3420 corp: 594/18Kb lim: 191 exec/s: 20908 rss: 191Mb L: 12/174 MS: 1 EraseBytes-
#146669	NEW    cov: 1259 ft: 3423 corp: 595/18Kb lim: 191 exec/s: 20952 rss: 192Mb L: 27/174 MS: 1 CrossOver-
#146771	REDUCE cov: 1259 ft: 3423 corp: 595/18Kb lim: 191 exec/s: 20967 rss: 192Mb L: 103/174 MS: 2 ChangeBinInt-EraseBytes-
#146837	REDUCE cov: 1259 ft: 3423 corp: 595/18Kb lim: 191 exec/s: 20976 rss: 192Mb L: 9/174 MS: 1 EraseBytes-
#147253	REDUCE cov: 1259 ft: 3423 corp: 595/18Kb lim: 191 exec/s: 21036 rss: 193Mb L: 26/174 MS: 1 EraseBytes-
#147272	REDUCE cov: 1259 ft: 3423 corp: 595/18Kb lim: 191 exec/s: 21038 rss: 193Mb L: 48/174 MS: 4 ChangeByte-EraseBytes-CopyPart-CopyPart-
#147278	NEW    cov: 1259 ft: 3424 corp: 596/18Kb lim: 191 exec/s: 21039 rss: 193Mb L: 37/174 MS: 1 PersAutoDict- DE: ")\000\000\000\000\000\000\000"-
#147459	NEW    cov: 1259 ft: 3428 corp: 597/18Kb lim: 191 exec/s: 21065 rss: 193Mb L: 186/186 MS: 1 CopyPart-
#148311	REDUCE cov: 1259 ft: 3428 corp: 597/18Kb lim: 198 exec/s: 21187 rss: 194Mb L: 9/186 MS: 2 ChangeBit-EraseBytes-
#148332	REDUCE cov: 1259 ft: 3428 corp: 597/18Kb lim: 198 exec/s: 21190 rss: 194Mb L: 19/186 MS: 1 EraseBytes-
#148468	REDUCE cov: 1259 ft: 3428 corp: 597/18Kb lim: 198 exec/s: 21209 rss: 194Mb L: 10/186 MS: 1 EraseBytes-
#148549	REDUCE cov: 1259 ft: 3428 corp: 597/18Kb lim: 198 exec/s: 21221 rss: 194Mb L: 21/186 MS: 1 EraseBytes-
#148776	NEW    cov: 1259 ft: 3429 corp: 598/18Kb lim: 198 exec/s: 21253 rss: 195Mb L: 174/186 MS: 2 ChangeASCIIInt-ChangeBinInt-
#148932	REDUCE cov: 1259 ft: 3429 corp: 598/18Kb lim: 198 exec/s: 21276 rss: 195Mb L: 57/186 MS: 1 EraseBytes-
#149208	REDUCE cov: 1259 ft: 3429 corp: 598/18Kb lim: 198 exec/s: 21315 rss: 195Mb L: 25/186 MS: 1 EraseBytes-
#149299	REDUCE cov: 1259 ft: 3429 corp: 598/18Kb lim: 198 exec/s: 21328 rss: 195Mb L: 54/186 MS: 1 EraseBytes-
#149357	REDUCE cov: 1259 ft: 3429 corp: 598/18Kb lim: 198 exec/s: 21336 rss: 195Mb L: 34/186 MS: 3 ChangeByte-ChangeBinInt-EraseBytes-
#149633	REDUCE cov: 1259 ft: 3429 corp: 598/18Kb lim: 198 exec/s: 21376 rss: 196Mb L: 16/186 MS: 1 EraseBytes-
#149684	REDUCE cov: 1259 ft: 3429 corp: 598/18Kb lim: 198 exec/s: 21383 rss: 196Mb L: 28/186 MS: 1 EraseBytes-
#149753	REDUCE cov: 1259 ft: 3429 corp: 598/18Kb lim: 198 exec/s: 21393 rss: 196Mb L: 54/186 MS: 4 InsertByte-PersAutoDict-ChangeBit-EraseBytes- DE: "\377\377\377\345"-
#150754	REDUCE cov: 1259 ft: 3430 corp: 599/18Kb lim: 205 exec/s: 21536 rss: 197Mb L: 21/186 MS: 1 InsertByte-
#151170	REDUCE cov: 1259 ft: 3430 corp: 599/18Kb lim: 205 exec/s: 21595 rss: 198Mb L: 39/186 MS: 1 EraseBytes-
#151676	REDUCE cov: 1259 ft: 3430 corp: 599/18Kb lim: 205 exec/s: 21668 rss: 198Mb L: 28/186 MS: 1 EraseBytes-
#151757	REDUCE cov: 1259 ft: 3430 corp: 599/18Kb lim: 205 exec/s: 21679 rss: 198Mb L: 90/186 MS: 1 EraseBytes-
#152104	NEW    cov: 1259 ft: 3431 corp: 600/18Kb lim: 205 exec/s: 21729 rss: 199Mb L: 159/186 MS: 2 ShuffleBytes-CopyPart-
#152395	REDUCE cov: 1259 ft: 3431 corp: 600/18Kb lim: 205 exec/s: 19049 rss: 199Mb L: 4/186 MS: 1 EraseBytes-
#152846	REDUCE cov: 1259 ft: 3431 corp: 600/18Kb lim: 205 exec/s: 19105 rss: 200Mb L: 24/186 MS: 1 EraseBytes-
#153274	NEW    cov: 1259 ft: 3432 corp: 601/19Kb lim: 205 exec/s: 19159 rss: 202Mb L: 190/190 MS: 3 InsertByte-CrossOver-CopyPart-
#153442	NEW    cov: 1263 ft: 3466 corp: 602/19Kb lim: 205 exec/s: 19180 rss: 202Mb L: 201/201 MS: 3 CrossOver-CrossOver-CopyPart-
#153605	REDUCE cov: 1263 ft: 3466 corp: 602/19Kb lim: 205 exec/s: 19200 rss: 202Mb L: 97/201 MS: 3 ShuffleBytes-ShuffleBytes-EraseBytes-
#154609	NEW    cov: 1263 ft: 3467 corp: 603/19Kb lim: 212 exec/s: 19326 rss: 204Mb L: 204/204 MS: 4 CopyPart-ChangeByte-CrossOver-ChangeBit-
#154795	REDUCE cov: 1263 ft: 3467 corp: 603/19Kb lim: 212 exec/s: 19349 rss: 204Mb L: 7/204 MS: 1 EraseBytes-
#155136	REDUCE cov: 1263 ft: 3467 corp: 603/19Kb lim: 212 exec/s: 19392 rss: 204Mb L: 89/204 MS: 1 EraseBytes-
#155742	REDUCE cov: 1263 ft: 3467 corp: 603/19Kb lim: 212 exec/s: 19467 rss: 205Mb L: 25/204 MS: 1 EraseBytes-
#155863	REDUCE cov: 1263 ft: 3467 corp: 603/19Kb lim: 212 exec/s: 19482 rss: 205Mb L: 7/204 MS: 1 EraseBytes-
#155900	REDUCE cov: 1263 ft: 3467 corp: 603/19Kb lim: 212 exec/s: 19487 rss: 205Mb L: 8/204 MS: 2 CopyPart-EraseBytes-
#156291	REDUCE cov: 1263 ft: 3467 corp: 603/19Kb lim: 212 exec/s: 19536 rss: 205Mb L: 36/204 MS: 1 EraseBytes-
#156457	REDUCE cov: 1263 ft: 3467 corp: 603/19Kb lim: 212 exec/s: 19557 rss: 205Mb L: 35/204 MS: 1 EraseBytes-
#156494	REDUCE cov: 1263 ft: 3467 corp: 603/19Kb lim: 212 exec/s: 19561 rss: 205Mb L: 39/204 MS: 2 EraseBytes-CrossOver-
#156535	REDUCE cov: 1263 ft: 3467 corp: 603/19Kb lim: 212 exec/s: 19566 rss: 205Mb L: 86/204 MS: 1 EraseBytes-
#156721	REDUCE cov: 1263 ft: 3467 corp: 603/19Kb lim: 212 exec/s: 19590 rss: 206Mb L: 73/204 MS: 1 EraseBytes-
#157052	REDUCE cov: 1263 ft: 3467 corp: 603/19Kb lim: 212 exec/s: 19631 rss: 206Mb L: 22/204 MS: 1 EraseBytes-
#157209	NEW    cov: 1263 ft: 3468 corp: 604/19Kb lim: 212 exec/s: 19651 rss: 206Mb L: 129/204 MS: 2 ChangeBit-InsertRepeatedBytes-
#157212	REDUCE cov: 1263 ft: 3468 corp: 604/19Kb lim: 212 exec/s: 19651 rss: 206Mb L: 24/204 MS: 3 ChangeBinInt-ChangeBit-EraseBytes-
#157498	NEW    cov: 1263 ft: 3469 corp: 605/19Kb lim: 212 exec/s: 19687 rss: 207Mb L: 148/204 MS: 1 CopyPart-
#157519	REDUCE cov: 1263 ft: 3469 corp: 605/19Kb lim: 212 exec/s: 19689 rss: 207Mb L: 28/204 MS: 1 EraseBytes-
#157557	REDUCE cov: 1263 ft: 3470 corp: 606/19Kb lim: 212 exec/s: 19694 rss: 207Mb L: 138/204 MS: 3 InsertRepeatedBytes-EraseBytes-CopyPart-
#157973	REDUCE cov: 1263 ft: 3470 corp: 606/19Kb lim: 212 exec/s: 19746 rss: 207Mb L: 4/204 MS: 1 EraseBytes-
#158224	REDUCE cov: 1263 ft: 3470 corp: 606/19Kb lim: 212 exec/s: 19778 rss: 208Mb L: 25/204 MS: 1 EraseBytes-
#158290	NEW    cov: 1263 ft: 3473 corp: 607/19Kb lim: 212 exec/s: 19786 rss: 208Mb L: 83/204 MS: 1 CopyPart-
#158340	REDUCE cov: 1263 ft: 3473 corp: 607/19Kb lim: 212 exec/s: 19792 rss: 208Mb L: 30/204 MS: 5 InsertByte-ShuffleBytes-CMP-CopyPart-EraseBytes- DE: "\015\000\000\000\000\000\000\000"-
#158411	REDUCE cov: 1263 ft: 3473 corp: 607/19Kb lim: 212 exec/s: 19801 rss: 208Mb L: 74/204 MS: 1 EraseBytes-
#158742	REDUCE cov: 1263 ft: 3473 corp: 607/19Kb lim: 212 exec/s: 19842 rss: 208Mb L: 21/204 MS: 1 EraseBytes-
#158833	REDUCE cov: 1263 ft: 3473 corp: 607/19Kb lim: 212 exec/s: 19854 rss: 208Mb L: 35/204 MS: 1 EraseBytes-
#158914	REDUCE cov: 1263 ft: 3473 corp: 607/19Kb lim: 212 exec/s: 19864 rss: 208Mb L: 6/204 MS: 1 EraseBytes-
#159144	REDUCE cov: 1263 ft: 3474 corp: 608/19Kb lim: 212 exec/s: 19893 rss: 209Mb L: 44/204 MS: 5 CopyPart-CopyPart-InsertByte-CrossOver-CrossOver-
#159256	REDUCE cov: 1263 ft: 3474 corp: 608/19Kb lim: 212 exec/s: 19907 rss: 209Mb L: 58/204 MS: 2 InsertByte-EraseBytes-
#159289	REDUCE cov: 1263 ft: 3474 corp: 608/19Kb lim: 212 exec/s: 19911 rss: 209Mb L: 45/204 MS: 3 ChangeASCIIInt-ShuffleBytes-EraseBytes-
#159352	REDUCE cov: 1263 ft: 3474 corp: 608/19Kb lim: 212 exec/s: 19919 rss: 209Mb L: 87/204 MS: 3 ShuffleBytes-ChangeByte-EraseBytes-
#160043	NEW    cov: 1263 ft: 3475 corp: 609/19Kb lim: 212 exec/s: 20005 rss: 210Mb L: 22/204 MS: 1 InsertByte-
#160519	REDUCE cov: 1263 ft: 3475 corp: 609/19Kb lim: 212 exec/s: 20064 rss: 210Mb L: 9/204 MS: 1 EraseBytes-
#160691	REDUCE cov: 1263 ft: 3475 corp: 609/19Kb lim: 212 exec/s: 20086 rss: 211Mb L: 25/204 MS: 2 InsertByte-EraseBytes-
#160872	NEW    cov: 1263 ft: 3487 corp: 610/20Kb lim: 212 exec/s: 20109 rss: 211Mb L: 201/204 MS: 1 ChangeASCIIInt-
#161058	REDUCE cov: 1263 ft: 3488 corp: 611/20Kb lim: 212 exec/s: 20132 rss: 211Mb L: 29/204 MS: 1 InsertByte-
#161314	REDUCE cov: 1263 ft: 3488 corp: 611/20Kb lim: 212 exec/s: 20164 rss: 211Mb L: 156/204 MS: 1 EraseBytes-
#161846	NEW    cov: 1263 ft: 3489 corp: 612/20Kb lim: 212 exec/s: 20230 rss: 212Mb L: 93/204 MS: 2 InsertByte-InsertByte-
#161878	REDUCE cov: 1263 ft: 3490 corp: 613/20Kb lim: 212 exec/s: 20234 rss: 212Mb L: 152/204 MS: 2 CopyPart-InsertRepeatedBytes-
#161931	REDUCE cov: 1263 ft: 3490 corp: 613/20Kb lim: 212 exec/s: 20241 rss: 212Mb L: 20/204 MS: 3 ShuffleBytes-ShuffleBytes-EraseBytes-
#161957	REDUCE cov: 1263 ft: 3490 corp: 613/20Kb lim: 212 exec/s: 20244 rss: 212Mb L: 162/204 MS: 1 EraseBytes-
#162244	REDUCE cov: 1263 ft: 3490 corp: 613/20Kb lim: 212 exec/s: 20280 rss: 213Mb L: 23/204 MS: 2 ChangeBinInt-EraseBytes-
#162585	REDUCE cov: 1263 ft: 3490 corp: 613/20Kb lim: 212 exec/s: 20323 rss: 213Mb L: 28/204 MS: 1 EraseBytes-
#162597	REDUCE cov: 1263 ft: 3490 corp: 613/20Kb lim: 212 exec/s: 20324 rss: 213Mb L: 89/204 MS: 2 ChangeBit-EraseBytes-
#163099	NEW    cov: 1263 ft: 3494 corp: 614/20Kb lim: 212 exec/s: 20387 rss: 214Mb L: 207/207 MS: 2 CopyPart-ShuffleBytes-
#163643	REDUCE cov: 1263 ft: 3495 corp: 615/20Kb lim: 212 exec/s: 20455 rss: 215Mb L: 193/207 MS: 4 ShuffleBytes-ChangeBinInt-InsertRepeatedBytes-CopyPart-
#164277	REDUCE cov: 1263 ft: 3495 corp: 615/20Kb lim: 212 exec/s: 20534 rss: 216Mb L: 44/207 MS: 4 ChangeBinInt-ChangeByte-CopyPart-EraseBytes-
#164528	REDUCE cov: 1263 ft: 3495 corp: 615/20Kb lim: 212 exec/s: 20566 rss: 216Mb L: 7/207 MS: 1 EraseBytes-
#164611	REDUCE cov: 1263 ft: 3495 corp: 615/20Kb lim: 212 exec/s: 20576 rss: 216Mb L: 11/207 MS: 3 ShuffleBytes-ChangeByte-EraseBytes-
#164749	NEW    cov: 1263 ft: 3497 corp: 616/20Kb lim: 212 exec/s: 20593 rss: 216Mb L: 201/207 MS: 3 ChangeASCIIInt-CopyPart-CopyPart-
#164876	REDUCE cov: 1263 ft: 3497 corp: 616/20Kb lim: 212 exec/s: 20609 rss: 217Mb L: 124/207 MS: 2 ChangeASCIIInt-EraseBytes-
#164939	REDUCE cov: 1263 ft: 3497 corp: 616/20Kb lim: 212 exec/s: 20617 rss: 217Mb L: 24/207 MS: 3 ChangeBinInt-ChangeBit-EraseBytes-
#164970	NEW    cov: 1264 ft: 3498 corp: 617/20Kb lim: 212 exec/s: 20621 rss: 217Mb L: 111/207 MS: 1 ChangeByte-
#165013	REDUCE cov: 1264 ft: 3498 corp: 617/20Kb lim: 212 exec/s: 20626 rss: 217Mb L: 23/207 MS: 3 ChangeBit-ShuffleBytes-EraseBytes-
#165329	REDUCE cov: 1264 ft: 3498 corp: 617/20Kb lim: 212 exec/s: 20666 rss: 217Mb L: 53/207 MS: 1 EraseBytes-
#165491	REDUCE cov: 1264 ft: 3498 corp: 617/20Kb lim: 212 exec/s: 20686 rss: 217Mb L: 14/207 MS: 2 CopyPart-EraseBytes-
#165537	REDUCE cov: 1264 ft: 3499 corp: 618/21Kb lim: 212 exec/s: 20692 rss: 217Mb L: 31/207 MS: 1 CMP- DE: "\021\000\000\000\000\000\000\000"-
#165680	NEW    cov: 1264 ft: 3508 corp: 619/21Kb lim: 212 exec/s: 20710 rss: 218Mb L: 191/207 MS: 3 InsertRepeatedBytes-CopyPart-CopyPart-
#166056	REDUCE cov: 1264 ft: 3508 corp: 619/21Kb lim: 212 exec/s: 20757 rss: 218Mb L: 19/207 MS: 1 EraseBytes-
#166592	REDUCE cov: 1264 ft: 3508 corp: 619/21Kb lim: 212 exec/s: 20824 rss: 219Mb L: 37/207 MS: 1 CrossOver-
#167010	REDUCE cov: 1264 ft: 3508 corp: 619/21Kb lim: 212 exec/s: 20876 rss: 219Mb L: 76/207 MS: 3 CrossOver-ChangeByte-EraseBytes-
#167496	NEW    cov: 1264 ft: 3509 corp: 620/21Kb lim: 212 exec/s: 20937 rss: 220Mb L: 31/207 MS: 1 ShuffleBytes-
#167622	NEW    cov: 1264 ft: 3511 corp: 621/21Kb lim: 212 exec/s: 20952 rss: 220Mb L: 186/207 MS: 1 ChangeByte-
#168112	NEW    cov: 1264 ft: 3512 corp: 622/21Kb lim: 212 exec/s: 21014 rss: 221Mb L: 193/207 MS: 5 InsertByte-CopyPart-InsertRepeatedBytes-ShuffleBytes-CopyPart-
#168228	NEW    cov: 1264 ft: 3514 corp: 623/21Kb lim: 212 exec/s: 21028 rss: 221Mb L: 79/207 MS: 1 CopyPart-
#168229	REDUCE cov: 1264 ft: 3514 corp: 623/21Kb lim: 212 exec/s: 21028 rss: 221Mb L: 71/207 MS: 1 EraseBytes-
#168291	REDUCE cov: 1264 ft: 3514 corp: 623/21Kb lim: 212 exec/s: 21036 rss: 221Mb L: 26/207 MS: 2 CrossOver-EraseBytes-
#168555	REDUCE cov: 1264 ft: 3514 corp: 623/21Kb lim: 212 exec/s: 21069 rss: 221Mb L: 17/207 MS: 4 ChangeByte-EraseBytes-CrossOver-InsertByte-
#168711	REDUCE cov: 1264 ft: 3518 corp: 624/21Kb lim: 212 exec/s: 21088 rss: 222Mb L: 97/207 MS: 1 CopyPart-
#169353	REDUCE cov: 1264 ft: 3518 corp: 624/21Kb lim: 212 exec/s: 21169 rss: 223Mb L: 46/207 MS: 2 ChangeBinInt-EraseBytes-
#169360	REDUCE cov: 1264 ft: 3521 corp: 625/21Kb lim: 212 exec/s: 21170 rss: 223Mb L: 187/207 MS: 2 ShuffleBytes-CopyPart-
#169366	REDUCE cov: 1264 ft: 3521 corp: 625/21Kb lim: 212 exec/s: 21170 rss: 223Mb L: 30/207 MS: 1 EraseBytes-
#169542	NEW    cov: 1264 ft: 3527 corp: 626/22Kb lim: 212 exec/s: 21192 rss: 223Mb L: 201/207 MS: 1 ChangeBinInt-
#169633	NEW    cov: 1264 ft: 3529 corp: 627/22Kb lim: 212 exec/s: 21204 rss: 223Mb L: 205/207 MS: 1 CopyPart-
#169740	REDUCE cov: 1264 ft: 3529 corp: 627/22Kb lim: 212 exec/s: 21217 rss: 223Mb L: 11/207 MS: 2 ChangeByte-EraseBytes-
#169751	REDUCE cov: 1264 ft: 3529 corp: 627/22Kb lim: 212 exec/s: 21218 rss: 223Mb L: 13/207 MS: 1 EraseBytes-
#170002	REDUCE cov: 1264 ft: 3529 corp: 627/22Kb lim: 212 exec/s: 21250 rss: 223Mb L: 7/207 MS: 1 EraseBytes-
#170228	REDUCE cov: 1264 ft: 3529 corp: 627/22Kb lim: 212 exec/s: 21278 rss: 224Mb L: 19/207 MS: 1 EraseBytes-
#170305	NEW    cov: 1264 ft: 3530 corp: 628/22Kb lim: 212 exec/s: 21288 rss: 224Mb L: 211/211 MS: 2 CopyPart-InsertRepeatedBytes-
#170662	REDUCE cov: 1264 ft: 3530 corp: 628/22Kb lim: 212 exec/s: 18962 rss: 224Mb L: 7/211 MS: 2 InsertByte-EraseBytes-
#170668	NEW    cov: 1264 ft: 3532 corp: 629/22Kb lim: 212 exec/s: 18963 rss: 224Mb L: 209/211 MS: 1 CrossOver-
#171219	REDUCE cov: 1264 ft: 3532 corp: 629/22Kb lim: 212 exec/s: 19024 rss: 227Mb L: 26/211 MS: 1 EraseBytes-
#171792	REDUCE cov: 1264 ft: 3532 corp: 629/22Kb lim: 212 exec/s: 19088 rss: 228Mb L: 36/211 MS: 3 ShuffleBytes-CrossOver-EraseBytes-
#172132	NEW    cov: 1264 ft: 3533 corp: 630/22Kb lim: 212 exec/s: 19125 rss: 229Mb L: 172/211 MS: 5 ChangeBinInt-CrossOver-ChangeBit-ShuffleBytes-CopyPart-
#172563	REDUCE cov: 1264 ft: 3533 corp: 630/22Kb lim: 212 exec/s: 19173 rss: 229Mb L: 22/211 MS: 1 EraseBytes-
#172669	REDUCE cov: 1264 ft: 3533 corp: 630/22Kb lim: 212 exec/s: 19185 rss: 230Mb L: 5/211 MS: 1 EraseBytes-
#172820	REDUCE cov: 1264 ft: 3533 corp: 630/22Kb lim: 212 exec/s: 19202 rss: 230Mb L: 17/211 MS: 1 EraseBytes-
#173002	REDUCE cov: 1264 ft: 3533 corp: 630/22Kb lim: 212 exec/s: 19222 rss: 230Mb L: 10/211 MS: 2 CMP-EraseBytes- DE: "\001\000\001\000"-
#173363	REDUCE cov: 1264 ft: 3533 corp: 630/22Kb lim: 212 exec/s: 19262 rss: 230Mb L: 16/211 MS: 1 EraseBytes-
#174176	NEW    cov: 1264 ft: 3536 corp: 631/22Kb lim: 219 exec/s: 19352 rss: 231Mb L: 183/211 MS: 3 ShuffleBytes-ShuffleBytes-CopyPart-
#174477	NEW    cov: 1264 ft: 3537 corp: 632/23Kb lim: 219 exec/s: 19386 rss: 232Mb L: 217/217 MS: 1 PersAutoDict- DE: "\000\000\000\000\000\000\000\003"-
#174563	NEW    cov: 1270 ft: 3543 corp: 633/23Kb lim: 219 exec/s: 19395 rss: 232Mb L: 46/217 MS: 1 InsertByte-
#175154	REDUCE cov: 1270 ft: 3543 corp: 633/23Kb lim: 219 exec/s: 19461 rss: 233Mb L: 23/217 MS: 1 EraseBytes-
#175690	REDUCE cov: 1270 ft: 3543 corp: 633/23Kb lim: 219 exec/s: 19521 rss: 234Mb L: 7/217 MS: 1 EraseBytes-
#175707	REDUCE cov: 1270 ft: 3543 corp: 633/23Kb lim: 219 exec/s: 19523 rss: 234Mb L: 27/217 MS: 2 ChangeBinInt-EraseBytes-
#175890	REDUCE cov: 1270 ft: 3543 corp: 633/23Kb lim: 219 exec/s: 19543 rss: 234Mb L: 41/217 MS: 3 ChangeBinInt-InsertByte-EraseBytes-
#176711	REDUCE cov: 1270 ft: 3543 corp: 633/23Kb lim: 226 exec/s: 19634 rss: 235Mb L: 15/217 MS: 1 EraseBytes-
#177053	NEW    cov: 1270 ft: 3544 corp: 634/23Kb lim: 226 exec/s: 19672 rss: 235Mb L: 156/217 MS: 2 CrossOver-EraseBytes-
#177214	NEW    cov: 1305 ft: 3601 corp: 635/23Kb lim: 226 exec/s: 19690 rss: 236Mb L: 10/217 MS: 1 InsertByte-
#177264	NEW    cov: 1305 ft: 3602 corp: 636/23Kb lim: 226 exec/s: 19696 rss: 236Mb L: 222/222 MS: 5 InsertByte-InsertByte-CopyPart-InsertRepeatedBytes-ChangeBit-
#177370	REDUCE cov: 1305 ft: 3602 corp: 636/23Kb lim: 226 exec/s: 19707 rss: 236Mb L: 42/222 MS: 1 EraseBytes-
#177776	REDUCE cov: 1305 ft: 3602 corp: 636/23Kb lim: 226 exec/s: 19752 rss: 237Mb L: 15/222 MS: 1 EraseBytes-
#177813	REDUCE cov: 1305 ft: 3602 corp: 636/23Kb lim: 226 exec/s: 19757 rss: 237Mb L: 71/222 MS: 2 InsertByte-EraseBytes-
#177814	REDUCE cov: 1305 ft: 3602 corp: 636/23Kb lim: 226 exec/s: 19757 rss: 237Mb L: 6/222 MS: 1 EraseBytes-
#178159	REDUCE cov: 1305 ft: 3602 corp: 636/23Kb lim: 226 exec/s: 19795 rss: 237Mb L: 163/222 MS: 5 InsertByte-CrossOver-CopyPart-ShuffleBytes-EraseBytes-
#179526	REDUCE cov: 1305 ft: 3602 corp: 636/23Kb lim: 233 exec/s: 19947 rss: 239Mb L: 83/222 MS: 2 PersAutoDict-EraseBytes- DE: "\001\000\000\000\000\000\000\000"-
#179687	REDUCE cov: 1305 ft: 3602 corp: 636/23Kb lim: 233 exec/s: 19965 rss: 239Mb L: 22/222 MS: 1 EraseBytes-
#179998	REDUCE cov: 1305 ft: 3602 corp: 636/23Kb lim: 233 exec/s: 19999 rss: 240Mb L: 29/222 MS: 1 EraseBytes-
#180759	REDUCE cov: 1305 ft: 3602 corp: 636/23Kb lim: 240 exec/s: 20084 rss: 240Mb L: 41/222 MS: 1 EraseBytes-
#181062	NEW    cov: 1305 ft: 3603 corp: 637/23Kb lim: 240 exec/s: 20118 rss: 241Mb L: 60/222 MS: 3 CrossOver-ChangeBit-ChangeBinInt-
#181073	REDUCE cov: 1305 ft: 3603 corp: 637/23Kb lim: 240 exec/s: 20119 rss: 241Mb L: 20/222 MS: 1 EraseBytes-
#181335	REDUCE cov: 1305 ft: 3603 corp: 637/23Kb lim: 240 exec/s: 20148 rss: 241Mb L: 20/222 MS: 2 ChangeByte-EraseBytes-
#181626	REDUCE cov: 1305 ft: 3604 corp: 638/23Kb lim: 240 exec/s: 20180 rss: 242Mb L: 42/222 MS: 1 CopyPart-
#181793	NEW    cov: 1305 ft: 3606 corp: 639/23Kb lim: 240 exec/s: 20199 rss: 242Mb L: 225/225 MS: 2 ChangeASCIIInt-PersAutoDict- DE: "\000\000\000\000\000\000\000\017"-
#182119	REDUCE cov: 1305 ft: 3606 corp: 639/23Kb lim: 240 exec/s: 20235 rss: 243Mb L: 73/225 MS: 1 EraseBytes-
#182224	REDUCE cov: 1305 ft: 3606 corp: 639/23Kb lim: 240 exec/s: 20247 rss: 243Mb L: 162/225 MS: 5 ChangeASCIIInt-CrossOver-PersAutoDict-EraseBytes-CopyPart- DE: ")\000\000\000\000\000\000\000"-
#182415	REDUCE cov: 1305 ft: 3606 corp: 639/23Kb lim: 240 exec/s: 20268 rss: 243Mb L: 11/225 MS: 1 EraseBytes-
#182576	NEW    cov: 1306 ft: 3607 corp: 640/23Kb lim: 240 exec/s: 20286 rss: 243Mb L: 101/225 MS: 1 ChangeBinInt-
#182807	NEW    cov: 1306 ft: 3608 corp: 641/24Kb lim: 240 exec/s: 20311 rss: 244Mb L: 212/225 MS: 1 InsertByte-
#183163	NEW    cov: 1306 ft: 3609 corp: 642/24Kb lim: 240 exec/s: 20351 rss: 244Mb L: 78/225 MS: 1 CopyPart-
#183257	REDUCE cov: 1306 ft: 3609 corp: 642/24Kb lim: 240 exec/s: 20361 rss: 244Mb L: 94/225 MS: 4 CrossOver-ShuffleBytes-PersAutoDict-EraseBytes- DE: "\001\000`\036\373\321\360\260"-
#183263	NEW    cov: 1306 ft: 3610 corp: 643/24Kb lim: 240 exec/s: 20362 rss: 244Mb L: 201/225 MS: 1 ShuffleBytes-
#184251	REDUCE cov: 1306 ft: 3610 corp: 643/24Kb lim: 247 exec/s: 20472 rss: 246Mb L: 33/225 MS: 3 CMP-InsertByte-EraseBytes- DE: "\000\000\000\235"-
#184743	REDUCE cov: 1306 ft: 3610 corp: 643/24Kb lim: 247 exec/s: 20527 rss: 246Mb L: 93/225 MS: 2 CopyPart-CrossOver-
#185779	REDUCE cov: 1306 ft: 3610 corp: 643/24Kb lim: 254 exec/s: 20642 rss: 248Mb L: 5/225 MS: 1 EraseBytes-
#185872	REDUCE cov: 1306 ft: 3611 corp: 644/24Kb lim: 254 exec/s: 20652 rss: 248Mb L: 93/225 MS: 3 ChangeByte-CrossOver-CopyPart-
#185898	REDUCE cov: 1306 ft: 3611 corp: 644/24Kb lim: 254 exec/s: 20655 rss: 248Mb L: 89/225 MS: 1 EraseBytes-
#185934	REDUCE cov: 1306 ft: 3611 corp: 644/24Kb lim: 254 exec/s: 20659 rss: 248Mb L: 27/225 MS: 1 EraseBytes-
#186515	REDUCE cov: 1306 ft: 3611 corp: 644/24Kb lim: 254 exec/s: 20723 rss: 249Mb L: 60/225 MS: 1 EraseBytes-
#186647	NEW    cov: 1306 ft: 3612 corp: 645/24Kb lim: 254 exec/s: 20738 rss: 249Mb L: 244/244 MS: 2 InsertRepeatedBytes-CopyPart-
#186839	REDUCE cov: 1306 ft: 3612 corp: 645/24Kb lim: 254 exec/s: 20759 rss: 249Mb L: 13/244 MS: 2 InsertByte-EraseBytes-
#186911	REDUCE cov: 1306 ft: 3613 corp: 646/24Kb lim: 254 exec/s: 20767 rss: 249Mb L: 173/244 MS: 2 InsertByte-InsertRepeatedBytes-
#187247	NEW    cov: 1307 ft: 3615 corp: 647/25Kb lim: 254 exec/s: 20805 rss: 250Mb L: 212/244 MS: 1 ChangeASCIIInt-
#187314	REDUCE cov: 1307 ft: 3615 corp: 647/24Kb lim: 254 exec/s: 20812 rss: 250Mb L: 51/244 MS: 2 ShuffleBytes-EraseBytes-
#187775	NEW    cov: 1307 ft: 3647 corp: 648/25Kb lim: 254 exec/s: 20863 rss: 250Mb L: 91/244 MS: 1 CMP- DE: "\010\000\000\000\000\000\000\000"-
#188047	REDUCE cov: 1307 ft: 3647 corp: 648/25Kb lim: 254 exec/s: 20894 rss: 251Mb L: 10/244 MS: 2 ChangeBit-EraseBytes-
#188230	NEW    cov: 1307 ft: 3649 corp: 649/25Kb lim: 254 exec/s: 20914 rss: 251Mb L: 207/244 MS: 3 ChangeBit-ChangeASCIIInt-ChangeByte-
#188341	REDUCE cov: 1307 ft: 3649 corp: 649/25Kb lim: 254 exec/s: 18834 rss: 251Mb L: 25/244 MS: 1 EraseBytes-
#188887	REDUCE cov: 1307 ft: 3650 corp: 650/25Kb lim: 254 exec/s: 18888 rss: 252Mb L: 33/244 MS: 1 CrossOver-
#189278	REDUCE cov: 1307 ft: 3650 corp: 650/25Kb lim: 254 exec/s: 18927 rss: 252Mb L: 23/244 MS: 1 EraseBytes-
#190109	REDUCE cov: 1307 ft: 3650 corp: 650/25Kb lim: 261 exec/s: 19010 rss: 255Mb L: 15/244 MS: 1 EraseBytes-
#190215	NEW    cov: 1307 ft: 3651 corp: 651/25Kb lim: 261 exec/s: 19021 rss: 256Mb L: 217/244 MS: 1 ChangeBinInt-
#190357	NEW    cov: 1308 ft: 3652 corp: 652/25Kb lim: 261 exec/s: 19035 rss: 256Mb L: 17/244 MS: 2 InsertByte-ChangeByte-
#190360	REDUCE cov: 1308 ft: 3652 corp: 652/25Kb lim: 261 exec/s: 19036 rss: 256Mb L: 15/244 MS: 3 InsertByte-ChangeByte-EraseBytes-
#190431	REDUCE cov: 1308 ft: 3652 corp: 652/25Kb lim: 261 exec/s: 19043 rss: 256Mb L: 6/244 MS: 1 EraseBytes-
#190650	REDUCE cov: 1308 ft: 3652 corp: 652/25Kb lim: 261 exec/s: 19065 rss: 257Mb L: 108/244 MS: 4 PersAutoDict-ShuffleBytes-ChangeASCIIInt-EraseBytes- DE: "\000\000\000\000\000\000\000\002"-
#191226	REDUCE cov: 1308 ft: 3652 corp: 652/25Kb lim: 261 exec/s: 19122 rss: 257Mb L: 21/244 MS: 1 EraseBytes-
#191278	REDUCE cov: 1308 ft: 3653 corp: 653/25Kb lim: 261 exec/s: 19127 rss: 257Mb L: 60/244 MS: 2 ChangeASCIIInt-ChangeByte-
#191835	REDUCE cov: 1308 ft: 3653 corp: 653/25Kb lim: 261 exec/s: 19183 rss: 258Mb L: 10/244 MS: 2 ChangeBinInt-EraseBytes-
#192011	NEW    cov: 1308 ft: 3654 corp: 654/25Kb lim: 261 exec/s: 19201 rss: 258Mb L: 157/244 MS: 1 CopyPart-
#192227	REDUCE cov: 1308 ft: 3654 corp: 654/25Kb lim: 261 exec/s: 19222 rss: 259Mb L: 27/244 MS: 1 EraseBytes-
#192282	REDUCE cov: 1308 ft: 3654 corp: 654/25Kb lim: 261 exec/s: 19228 rss: 259Mb L: 94/244 MS: 5 EraseBytes-CrossOver-ChangeBinInt-InsertByte-CopyPart-
#192363	REDUCE cov: 1308 ft: 3654 corp: 654/25Kb lim: 261 exec/s: 19236 rss: 259Mb L: 10/244 MS: 1 EraseBytes-
#192657	NEW    cov: 1309 ft: 3655 corp: 655/25Kb lim: 261 exec/s: 19265 rss: 260Mb L: 46/244 MS: 4 CMP-ShuffleBytes-ShuffleBytes-InsertByte- DE: "\000\000\000\000\001\000\000\000"-
#193120	NEW    cov: 1309 ft: 3656 corp: 656/25Kb lim: 261 exec/s: 19312 rss: 260Mb L: 74/244 MS: 3 EraseBytes-CrossOver-CopyPart-
#193216	NEW    cov: 1309 ft: 3657 corp: 657/25Kb lim: 261 exec/s: 19321 rss: 260Mb L: 98/244 MS: 1 CopyPart-
#193222	REDUCE cov: 1309 ft: 3657 corp: 657/25Kb lim: 261 exec/s: 19322 rss: 260Mb L: 114/244 MS: 1 EraseBytes-
#193290	REDUCE cov: 1309 ft: 3660 corp: 658/26Kb lim: 261 exec/s: 19329 rss: 260Mb L: 257/257 MS: 3 InsertRepeatedBytes-InsertRepeatedBytes-InsertRepeatedBytes-
#193376	REDUCE cov: 1309 ft: 3660 corp: 658/26Kb lim: 261 exec/s: 19337 rss: 261Mb L: 12/257 MS: 1 EraseBytes-
#194462	REDUCE cov: 1309 ft: 3660 corp: 658/26Kb lim: 269 exec/s: 19446 rss: 262Mb L: 21/257 MS: 1 EraseBytes-
#194469	REDUCE cov: 1309 ft: 3660 corp: 658/26Kb lim: 269 exec/s: 19446 rss: 262Mb L: 7/257 MS: 2 ChangeBinInt-EraseBytes-
#194596	NEW    cov: 1309 ft: 3661 corp: 659/26Kb lim: 269 exec/s: 19459 rss: 263Mb L: 110/257 MS: 2 ChangeBinInt-CopyPart-
#194643	REDUCE cov: 1309 ft: 3661 corp: 659/26Kb lim: 269 exec/s: 19464 rss: 263Mb L: 23/257 MS: 2 ChangeByte-EraseBytes-
#194685	REDUCE cov: 1309 ft: 3661 corp: 659/26Kb lim: 269 exec/s: 19468 rss: 263Mb L: 44/257 MS: 2 ChangeBit-EraseBytes-
#194702	REDUCE cov: 1309 ft: 3661 corp: 659/26Kb lim: 269 exec/s: 19470 rss: 263Mb L: 32/257 MS: 2 CopyPart-EraseBytes-
#194943	REDUCE cov: 1309 ft: 3661 corp: 659/26Kb lim: 269 exec/s: 19494 rss: 263Mb L: 32/257 MS: 1 EraseBytes-
#195179	REDUCE cov: 1310 ft: 3662 corp: 660/26Kb lim: 269 exec/s: 19517 rss: 264Mb L: 5/257 MS: 1 ChangeBit-
#195589	REDUCE cov: 1310 ft: 3663 corp: 661/26Kb lim: 269 exec/s: 19558 rss: 265Mb L: 266/266 MS: 5 InsertRepeatedBytes-ChangeBit-CopyPart-InsertRepeatedBytes-InsertRepeatedBytes-
#195645	REDUCE cov: 1310 ft: 3663 corp: 661/26Kb lim: 269 exec/s: 19564 rss: 265Mb L: 68/266 MS: 1 EraseBytes-
#196551	REDUCE cov: 1310 ft: 3663 corp: 661/26Kb lim: 277 exec/s: 19655 rss: 266Mb L: 32/266 MS: 1 EraseBytes-
#196942	NEW    cov: 1310 ft: 3687 corp: 662/26Kb lim: 277 exec/s: 19694 rss: 267Mb L: 272/272 MS: 1 CopyPart-
#197263	REDUCE cov: 1310 ft: 3687 corp: 662/26Kb lim: 277 exec/s: 19726 rss: 268Mb L: 3/272 MS: 1 EraseBytes-
#197559	REDUCE cov: 1310 ft: 3687 corp: 662/26Kb lim: 277 exec/s: 19755 rss: 268Mb L: 99/272 MS: 1 EraseBytes-
#197718	REDUCE cov: 1310 ft: 3687 corp: 662/26Kb lim: 277 exec/s: 19771 rss: 268Mb L: 106/272 MS: 4 ShuffleBytes-ShuffleBytes-PersAutoDict-EraseBytes- DE: "\002\000\000\000\000\000\000\000"-
#197777	REDUCE cov: 1310 ft: 3687 corp: 662/26Kb lim: 277 exec/s: 19777 rss: 268Mb L: 12/272 MS: 4 ChangeBit-CopyPart-ChangeByte-EraseBytes-
#198038	REDUCE cov: 1310 ft: 3687 corp: 662/26Kb lim: 277 exec/s: 19803 rss: 269Mb L: 17/272 MS: 1 EraseBytes-
#198129	NEW    cov: 1310 ft: 3690 corp: 663/26Kb lim: 277 exec/s: 19812 rss: 269Mb L: 255/272 MS: 1 CopyPart-
#198165	REDUCE cov: 1310 ft: 3708 corp: 664/27Kb lim: 277 exec/s: 19816 rss: 269Mb L: 165/272 MS: 1 CopyPart-
#198293	REDUCE cov: 1310 ft: 3708 corp: 664/27Kb lim: 277 exec/s: 19829 rss: 269Mb L: 71/272 MS: 3 InsertRepeatedBytes-ChangeBinInt-EraseBytes-
#198840	REDUCE cov: 1310 ft: 3708 corp: 664/27Kb lim: 277 exec/s: 19884 rss: 270Mb L: 11/272 MS: 2 ChangeByte-EraseBytes-
#199004	NEW    cov: 1310 ft: 3715 corp: 665/27Kb lim: 277 exec/s: 19900 rss: 270Mb L: 81/272 MS: 4 ShuffleBytes-CopyPart-ChangeASCIIInt-CopyPart-
#199176	REDUCE cov: 1310 ft: 3715 corp: 665/27Kb lim: 277 exec/s: 19917 rss: 271Mb L: 9/272 MS: 2 ChangeByte-EraseBytes-
#199498	REDUCE cov: 1310 ft: 3715 corp: 665/27Kb lim: 277 exec/s: 19949 rss: 271Mb L: 4/272 MS: 2 CopyPart-EraseBytes-
#199544	REDUCE cov: 1310 ft: 3715 corp: 665/27Kb lim: 277 exec/s: 19954 rss: 271Mb L: 41/272 MS: 1 EraseBytes-
#199823	REDUCE cov: 1310 ft: 3716 corp: 666/27Kb lim: 277 exec/s: 19982 rss: 272Mb L: 31/272 MS: 4 PersAutoDict-ChangeBit-ShuffleBytes-CopyPart- DE: "\000\000\001\000"-
#199825	REDUCE cov: 1310 ft: 3719 corp: 667/27Kb lim: 277 exec/s: 19982 rss: 272Mb L: 169/272 MS: 2 ChangeBit-CrossOver-
#200128	REDUCE cov: 1310 ft: 3719 corp: 667/27Kb lim: 277 exec/s: 20012 rss: 272Mb L: 15/272 MS: 3 CopyPart-ShuffleBytes-EraseBytes-
#200234	REDUCE cov: 1310 ft: 3719 corp: 667/27Kb lim: 277 exec/s: 20023 rss: 272Mb L: 48/272 MS: 1 EraseBytes-
#200297	REDUCE cov: 1310 ft: 3719 corp: 667/27Kb lim: 277 exec/s: 20029 rss: 273Mb L: 29/272 MS: 3 CopyPart-ChangeASCIIInt-EraseBytes-
#200313	NEW    cov: 1310 ft: 3723 corp: 668/27Kb lim: 277 exec/s: 20031 rss: 273Mb L: 265/272 MS: 1 CopyPart-
#200484	REDUCE cov: 1310 ft: 3723 corp: 668/27Kb lim: 277 exec/s: 20048 rss: 273Mb L: 32/272 MS: 1 EraseBytes-
#200542	NEW    cov: 1310 ft: 3724 corp: 669/27Kb lim: 277 exec/s: 20054 rss: 273Mb L: 261/272 MS: 3 ChangeBinInt-ShuffleBytes-CopyPart-
#200838	REDUCE cov: 1310 ft: 3724 corp: 669/27Kb lim: 277 exec/s: 20083 rss: 273Mb L: 87/272 MS: 1 EraseBytes-
#201270	REDUCE cov: 1310 ft: 3724 corp: 669/27Kb lim: 277 exec/s: 20127 rss: 274Mb L: 164/272 MS: 2 ShuffleBytes-EraseBytes-
#201646	REDUCE cov: 1310 ft: 3724 corp: 669/27Kb lim: 277 exec/s: 20164 rss: 275Mb L: 82/272 MS: 1 EraseBytes-
#201908	REDUCE cov: 1310 ft: 3724 corp: 669/27Kb lim: 277 exec/s: 20190 rss: 275Mb L: 57/272 MS: 2 InsertByte-EraseBytes-
#201979	REDUCE cov: 1310 ft: 3724 corp: 669/27Kb lim: 277 exec/s: 20197 rss: 276Mb L: 12/272 MS: 1 EraseBytes-
#202155	REDUCE cov: 1310 ft: 3724 corp: 669/27Kb lim: 277 exec/s: 20215 rss: 276Mb L: 13/272 MS: 1 EraseBytes-
#202239	REDUCE cov: 1310 ft: 3724 corp: 669/27Kb lim: 277 exec/s: 20223 rss: 276Mb L: 27/272 MS: 4 CopyPart-CopyPart-ChangeASCIIInt-EraseBytes-
#202335	REDUCE cov: 1310 ft: 3724 corp: 669/27Kb lim: 277 exec/s: 20233 rss: 276Mb L: 137/272 MS: 1 EraseBytes-
#202336	REDUCE cov: 1311 ft: 3725 corp: 670/27Kb lim: 277 exec/s: 20233 rss: 276Mb L: 13/272 MS: 1 ChangeByte-
#202617	REDUCE cov: 1311 ft: 3725 corp: 670/27Kb lim: 277 exec/s: 20261 rss: 277Mb L: 14/272 MS: 1 EraseBytes-
#203279	REDUCE cov: 1311 ft: 3725 corp: 670/27Kb lim: 277 exec/s: 20327 rss: 278Mb L: 136/272 MS: 2 ShuffleBytes-EraseBytes-
#203590	REDUCE cov: 1311 ft: 3725 corp: 670/27Kb lim: 277 exec/s: 20359 rss: 278Mb L: 20/272 MS: 1 EraseBytes-
#203643	REDUCE cov: 1311 ft: 3725 corp: 670/27Kb lim: 277 exec/s: 20364 rss: 278Mb L: 154/272 MS: 3 ShuffleBytes-ChangeBit-EraseBytes-
#203667	REDUCE cov: 1311 ft: 3725 corp: 670/27Kb lim: 277 exec/s: 20366 rss: 278Mb L: 45/272 MS: 4 InsertByte-CopyPart-InsertByte-EraseBytes-
#203809	REDUCE cov: 1311 ft: 3725 corp: 670/27Kb lim: 277 exec/s: 20380 rss: 279Mb L: 25/272 MS: 2 ChangeByte-EraseBytes-
#203932	REDUCE cov: 1311 ft: 3725 corp: 670/27Kb lim: 277 exec/s: 20393 rss: 279Mb L: 231/272 MS: 3 ShuffleBytes-InsertByte-EraseBytes-
#204227	REDUCE cov: 1311 ft: 3725 corp: 670/27Kb lim: 277 exec/s: 20422 rss: 279Mb L: 36/272 MS: 5 ChangeBit-EraseBytes-ShuffleBytes-InsertByte-CrossOver-
#204299	NEW    cov: 1311 ft: 3726 corp: 671/27Kb lim: 277 exec/s: 20429 rss: 279Mb L: 265/272 MS: 2 ChangeBit-CrossOver-
#204767	REDUCE cov: 1311 ft: 3726 corp: 671/27Kb lim: 277 exec/s: 20476 rss: 280Mb L: 81/272 MS: 3 ShuffleBytes-PersAutoDict-EraseBytes- DE: "\011\000\000\000\000\000\000\000"-
#205179	REDUCE cov: 1311 ft: 3726 corp: 671/27Kb lim: 277 exec/s: 20517 rss: 281Mb L: 22/272 MS: 2 ChangeByte-EraseBytes-
#205792	REDUCE cov: 1311 ft: 3727 corp: 672/27Kb lim: 277 exec/s: 20579 rss: 282Mb L: 18/272 MS: 3 CrossOver-CopyPart-CopyPart-
#205938	REDUCE cov: 1311 ft: 3727 corp: 672/27Kb lim: 277 exec/s: 20593 rss: 282Mb L: 3/272 MS: 1 EraseBytes-
#206160	REDUCE cov: 1311 ft: 3727 corp: 672/27Kb lim: 277 exec/s: 20616 rss: 283Mb L: 34/272 MS: 2 InsertByte-EraseBytes-
#206497	NEW    cov: 1311 ft: 3728 corp: 673/28Kb lim: 277 exec/s: 20649 rss: 283Mb L: 243/272 MS: 2 CopyPart-CopyPart-
#206893	REDUCE cov: 1311 ft: 3728 corp: 673/28Kb lim: 277 exec/s: 18808 rss: 284Mb L: 11/272 MS: 1 EraseBytes-
#206902	NEW    cov: 1314 ft: 3731 corp: 674/28Kb lim: 277 exec/s: 18809 rss: 284Mb L: 217/272 MS: 4 ChangeBinInt-ChangeByte-ChangeBit-ChangeASCIIInt-
#206910	REDUCE cov: 1314 ft: 3732 corp: 675/28Kb lim: 277 exec/s: 18810 rss: 284Mb L: 10/272 MS: 3 CopyPart-ChangeByte-EraseBytes-
#207176	REDUCE cov: 1314 ft: 3732 corp: 675/28Kb lim: 277 exec/s: 18834 rss: 284Mb L: 24/272 MS: 1 EraseBytes-
#207218	REDUCE cov: 1314 ft: 3732 corp: 675/28Kb lim: 277 exec/s: 18838 rss: 285Mb L: 9/272 MS: 2 InsertByte-EraseBytes-
#207336	REDUCE cov: 1314 ft: 3733 corp: 676/28Kb lim: 277 exec/s: 18848 rss: 285Mb L: 80/272 MS: 3 InsertRepeatedBytes-ChangeBit-CopyPart-
#207397	REDUCE cov: 1314 ft: 3733 corp: 676/28Kb lim: 277 exec/s: 18854 rss: 285Mb L: 38/272 MS: 1 EraseBytes-
#207564	REDUCE cov: 1314 ft: 3733 corp: 676/28Kb lim: 277 exec/s: 18869 rss: 285Mb L: 9/272 MS: 2 ChangeBit-EraseBytes-
#207591	REDUCE cov: 1314 ft: 3733 corp: 676/28Kb lim: 277 exec/s: 18871 rss: 285Mb L: 32/272 MS: 2 ShuffleBytes-EraseBytes-
#208439	REDUCE cov: 1314 ft: 3733 corp: 676/28Kb lim: 285 exec/s: 18949 rss: 288Mb L: 69/272 MS: 3 PersAutoDict-ShuffleBytes-EraseBytes- DE: "\001\000\000\000\000\000\000\010"-
#208610	REDUCE cov: 1314 ft: 3733 corp: 676/28Kb lim: 285 exec/s: 18964 rss: 288Mb L: 5/272 MS: 1 EraseBytes-
#208644	REDUCE cov: 1314 ft: 3733 corp: 676/28Kb lim: 285 exec/s: 18967 rss: 288Mb L: 127/272 MS: 4 CrossOver-CopyPart-InsertByte-EraseBytes-
#208705	REDUCE cov: 1314 ft: 3733 corp: 676/28Kb lim: 285 exec/s: 18973 rss: 289Mb L: 18/272 MS: 1 EraseBytes-
#209131	REDUCE cov: 1314 ft: 3733 corp: 676/28Kb lim: 285 exec/s: 19011 rss: 289Mb L: 166/272 MS: 1 EraseBytes-
#209157	REDUCE cov: 1314 ft: 3733 corp: 676/28Kb lim: 285 exec/s: 19014 rss: 289Mb L: 10/272 MS: 1 EraseBytes-
#209513	REDUCE cov: 1314 ft: 3733 corp: 676/28Kb lim: 285 exec/s: 19046 rss: 290Mb L: 10/272 MS: 1 EraseBytes-
#209590	REDUCE cov: 1314 ft: 3733 corp: 676/28Kb lim: 285 exec/s: 19053 rss: 290Mb L: 70/272 MS: 2 CrossOver-EraseBytes-
#209879	NEW    cov: 1314 ft: 3737 corp: 677/28Kb lim: 285 exec/s: 19079 rss: 291Mb L: 272/272 MS: 4 InsertRepeatedBytes-InsertRepeatedBytes-CrossOver-CopyPart-
#210315	REDUCE cov: 1314 ft: 3737 corp: 677/28Kb lim: 285 exec/s: 19119 rss: 291Mb L: 17/272 MS: 1 EraseBytes-
#210432	REDUCE cov: 1314 ft: 3737 corp: 677/28Kb lim: 285 exec/s: 19130 rss: 292Mb L: 27/272 MS: 2 ChangeBit-EraseBytes-
#210493	REDUCE cov: 1314 ft: 3737 corp: 677/28Kb lim: 285 exec/s: 19135 rss: 292Mb L: 30/272 MS: 1 EraseBytes-
#210542	REDUCE cov: 1314 ft: 3737 corp: 677/28Kb lim: 285 exec/s: 19140 rss: 292Mb L: 22/272 MS: 4 ChangeBinInt-PersAutoDict-EraseBytes-ChangeBit- DE: "\000\000\000\000"-
#210723	NEW    cov: 1315 ft: 3738 corp: 678/28Kb lim: 285 exec/s: 19156 rss: 292Mb L: 81/272 MS: 1 CopyPart-
#211216	NEW    cov: 1315 ft: 3742 corp: 679/29Kb lim: 285 exec/s: 19201 rss: 293Mb L: 278/278 MS: 3 PersAutoDict-CopyPart-InsertRepeatedBytes- DE: "\000\000\000\000\000\000\000\017"-
#211372	REDUCE cov: 1315 ft: 3742 corp: 679/29Kb lim: 285 exec/s: 19215 rss: 293Mb L: 76/278 MS: 1 EraseBytes-
#211813	REDUCE cov: 1315 ft: 3742 corp: 679/29Kb lim: 285 exec/s: 19255 rss: 294Mb L: 98/278 MS: 1 CrossOver-
#212589	REDUCE cov: 1315 ft: 3742 corp: 679/29Kb lim: 285 exec/s: 19326 rss: 295Mb L: 28/278 MS: 1 EraseBytes-
#212866	NEW    cov: 1315 ft: 3743 corp: 680/29Kb lim: 285 exec/s: 19351 rss: 296Mb L: 60/278 MS: 2 ShuffleBytes-CopyPart-
#212953	REDUCE cov: 1315 ft: 3743 corp: 680/29Kb lim: 285 exec/s: 19359 rss: 296Mb L: 21/278 MS: 2 PersAutoDict-EraseBytes- DE: "\001\302"-
#213925	REDUCE cov: 1315 ft: 3743 corp: 680/29Kb lim: 293 exec/s: 19447 rss: 298Mb L: 37/278 MS: 2 ChangeBinInt-EraseBytes-
#214161	REDUCE cov: 1315 ft: 3743 corp: 680/29Kb lim: 293 exec/s: 19469 rss: 298Mb L: 6/278 MS: 1 EraseBytes-
#214429	REDUCE cov: 1315 ft: 3743 corp: 680/29Kb lim: 293 exec/s: 19493 rss: 299Mb L: 263/278 MS: 3 InsertRepeatedBytes-CrossOver-EraseBytes-
#214645	REDUCE cov: 1315 ft: 3743 corp: 680/29Kb lim: 293 exec/s: 19513 rss: 299Mb L: 13/278 MS: 1 EraseBytes-
#214921	REDUCE cov: 1315 ft: 3743 corp: 680/29Kb lim: 293 exec/s: 19538 rss: 299Mb L: 73/278 MS: 1 EraseBytes-
#216223	REDUCE cov: 1315 ft: 3743 corp: 680/29Kb lim: 301 exec/s: 19656 rss: 301Mb L: 20/278 MS: 2 ChangeBinInt-EraseBytes-
#216572	REDUCE cov: 1315 ft: 3743 corp: 680/29Kb lim: 301 exec/s: 19688 rss: 302Mb L: 39/278 MS: 4 ChangeByte-CrossOver-CrossOver-EraseBytes-
#216913	REDUCE cov: 1315 ft: 3744 corp: 681/29Kb lim: 301 exec/s: 19719 rss: 303Mb L: 56/278 MS: 1 CopyPart-
#217714	REDUCE cov: 1316 ft: 3745 corp: 682/29Kb lim: 301 exec/s: 19792 rss: 304Mb L: 32/278 MS: 1 ChangeBit-
#218180	REDUCE cov: 1316 ft: 3745 corp: 682/29Kb lim: 301 exec/s: 19834 rss: 305Mb L: 9/278 MS: 1 EraseBytes-
#218316	REDUCE cov: 1316 ft: 3745 corp: 682/29Kb lim: 301 exec/s: 19846 rss: 305Mb L: 142/278 MS: 1 EraseBytes-
#218322	REDUCE cov: 1316 ft: 3745 corp: 682/29Kb lim: 301 exec/s: 19847 rss: 305Mb L: 17/278 MS: 1 EraseBytes-
#218703	REDUCE cov: 1316 ft: 3745 corp: 682/29Kb lim: 301 exec/s: 19882 rss: 306Mb L: 67/278 MS: 1 EraseBytes-
#218711	REDUCE cov: 1316 ft: 3745 corp: 682/29Kb lim: 301 exec/s: 19882 rss: 306Mb L: 57/278 MS: 3 InsertByte-InsertRepeatedBytes-EraseBytes-
#218922	NEW    cov: 1316 ft: 3747 corp: 683/29Kb lim: 301 exec/s: 19902 rss: 306Mb L: 286/286 MS: 1 CMP- DE: "\000\000\000\000\000\000\000c"-
#219324	REDUCE cov: 1316 ft: 3747 corp: 683/29Kb lim: 301 exec/s: 19938 rss: 307Mb L: 20/286 MS: 2 ChangeByte-EraseBytes-
#219617	NEW    cov: 1316 ft: 3748 corp: 684/29Kb lim: 301 exec/s: 19965 rss: 308Mb L: 256/286 MS: 3 CopyPart-ChangeASCIIInt-CrossOver-
#219749	REDUCE cov: 1316 ft: 3748 corp: 684/29Kb lim: 301 exec/s: 19977 rss: 308Mb L: 14/286 MS: 2 ChangeByte-EraseBytes-
#219911	REDUCE cov: 1316 ft: 3752 corp: 685/29Kb lim: 301 exec/s: 19991 rss: 308Mb L: 63/286 MS: 2 ShuffleBytes-CrossOver-
#220073	NEW    cov: 1316 ft: 3753 corp: 686/29Kb lim: 301 exec/s: 20006 rss: 308Mb L: 70/286 MS: 2 CMP-CopyPart- DE: "\001\000\000\000\000\000\000\003"-
#220706	NEW    cov: 1316 ft: 3754 corp: 687/29Kb lim: 301 exec/s: 20064 rss: 309Mb L: 65/286 MS: 3 InsertByte-ChangeBit-InsertByte-
#221012	REDUCE cov: 1316 ft: 3754 corp: 687/29Kb lim: 301 exec/s: 20092 rss: 310Mb L: 123/286 MS: 1 EraseBytes-
#221175	REDUCE cov: 1316 ft: 3754 corp: 687/29Kb lim: 301 exec/s: 20106 rss: 310Mb L: 58/286 MS: 3 CopyPart-ShuffleBytes-EraseBytes-
#221474	NEW    cov: 1316 ft: 3755 corp: 688/29Kb lim: 301 exec/s: 20134 rss: 311Mb L: 201/286 MS: 4 ChangeByte-ChangeBit-PersAutoDict-CopyPart- DE: "!\000\000\000"-
#221530	REDUCE cov: 1316 ft: 3755 corp: 688/29Kb lim: 301 exec/s: 20139 rss: 311Mb L: 5/286 MS: 1 EraseBytes-
#221561	REDUCE cov: 1316 ft: 3755 corp: 688/29Kb lim: 301 exec/s: 20141 rss: 311Mb L: 24/286 MS: 1 EraseBytes-
#221832	REDUCE cov: 1316 ft: 3755 corp: 688/29Kb lim: 301 exec/s: 20166 rss: 311Mb L: 14/286 MS: 1 EraseBytes-
#221908	REDUCE cov: 1316 ft: 3755 corp: 688/29Kb lim: 301 exec/s: 20173 rss: 312Mb L: 17/286 MS: 1 EraseBytes-
#221914	REDUCE cov: 1316 ft: 3755 corp: 688/29Kb lim: 301 exec/s: 20174 rss: 312Mb L: 13/286 MS: 1 EraseBytes-
#222091	REDUCE cov: 1316 ft: 3755 corp: 688/29Kb lim: 301 exec/s: 20190 rss: 312Mb L: 17/286 MS: 2 ShuffleBytes-EraseBytes-
#222478	REDUCE cov: 1316 ft: 3755 corp: 688/29Kb lim: 301 exec/s: 20225 rss: 313Mb L: 175/286 MS: 2 ChangeByte-EraseBytes-
#223326	REDUCE cov: 1316 ft: 3755 corp: 688/29Kb lim: 309 exec/s: 20302 rss: 314Mb L: 10/286 MS: 3 ChangeBinInt-EraseBytes-ShuffleBytes-
#223687	REDUCE cov: 1316 ft: 3755 corp: 688/29Kb lim: 309 exec/s: 20335 rss: 315Mb L: 31/286 MS: 1 EraseBytes-
#223887	REDUCE cov: 1316 ft: 3755 corp: 688/29Kb lim: 309 exec/s: 20353 rss: 315Mb L: 151/286 MS: 5 ShuffleBytes-PersAutoDict-InsertByte-ChangeBinInt-EraseBytes- DE: "n\366\000\000"-
#223924	REDUCE cov: 1316 ft: 3755 corp: 688/29Kb lim: 309 exec/s: 20356 rss: 315Mb L: 24/286 MS: 2 ChangeByte-EraseBytes-
#223961	REDUCE cov: 1316 ft: 3755 corp: 688/29Kb lim: 309 exec/s: 20360 rss: 315Mb L: 136/286 MS: 2 ShuffleBytes-EraseBytes-
#224248	REDUCE cov: 1316 ft: 3755 corp: 688/29Kb lim: 309 exec/s: 20386 rss: 316Mb L: 116/286 MS: 2 ChangeASCIIInt-EraseBytes-
#224404	REDUCE cov: 1316 ft: 3755 corp: 688/29Kb lim: 309 exec/s: 20400 rss: 316Mb L: 10/286 MS: 1 EraseBytes-
#225080	REDUCE cov: 1316 ft: 3755 corp: 688/29Kb lim: 309 exec/s: 18756 rss: 317Mb L: 10/286 MS: 1 EraseBytes-
#225737	REDUCE cov: 1316 ft: 3755 corp: 688/29Kb lim: 309 exec/s: 18811 rss: 318Mb L: 28/286 MS: 2 PersAutoDict-EraseBytes- DE: "\000\000\000\000"-
#226103	NEW    cov: 1316 ft: 3775 corp: 689/29Kb lim: 309 exec/s: 18841 rss: 319Mb L: 91/286 MS: 1 ChangeBit-
#226166	NEW    cov: 1316 ft: 3776 corp: 690/30Kb lim: 309 exec/s: 18847 rss: 321Mb L: 202/286 MS: 3 ChangeBit-PersAutoDict-CopyPart- DE: "\001\000\000\000\000\000\000\003"-
#226199	REDUCE cov: 1316 ft: 3784 corp: 691/30Kb lim: 309 exec/s: 18849 rss: 321Mb L: 161/286 MS: 3 CMP-ChangeByte-CopyPart- DE: "\033\000\000\000\000\000\000\000"-
#226235	REDUCE cov: 1316 ft: 3784 corp: 691/30Kb lim: 309 exec/s: 18852 rss: 321Mb L: 80/286 MS: 1 EraseBytes-
#226426	REDUCE cov: 1316 ft: 3784 corp: 691/30Kb lim: 309 exec/s: 18868 rss: 322Mb L: 81/286 MS: 1 EraseBytes-
#226828	REDUCE cov: 1316 ft: 3784 corp: 691/30Kb lim: 309 exec/s: 18902 rss: 323Mb L: 21/286 MS: 2 CopyPart-EraseBytes-
#227049	REDUCE cov: 1316 ft: 3784 corp: 691/30Kb lim: 309 exec/s: 18920 rss: 323Mb L: 4/286 MS: 1 EraseBytes-
#227866	REDUCE cov: 1316 ft: 3784 corp: 691/30Kb lim: 317 exec/s: 18988 rss: 324Mb L: 19/286 MS: 2 InsertByte-EraseBytes-
#227916	NEW    cov: 1316 ft: 3789 corp: 692/30Kb lim: 317 exec/s: 18993 rss: 324Mb L: 161/286 MS: 5 CrossOver-CMP-InsertByte-ShuffleBytes-CopyPart- DE: "\000\000\000\000\000\000\000&"-
#228047	REDUCE cov: 1316 ft: 3789 corp: 692/30Kb lim: 317 exec/s: 19003 rss: 325Mb L: 7/286 MS: 1 EraseBytes-
#228413	REDUCE cov: 1316 ft: 3789 corp: 692/30Kb lim: 317 exec/s: 19034 rss: 325Mb L: 21/286 MS: 1 EraseBytes-
#228431	REDUCE cov: 1316 ft: 3789 corp: 692/30Kb lim: 317 exec/s: 19035 rss: 325Mb L: 8/286 MS: 3 ChangeBinInt-CMP-EraseBytes- DE: "\377\377\377\377"-
#228532	NEW    cov: 1316 ft: 3790 corp: 693/30Kb lim: 317 exec/s: 19044 rss: 326Mb L: 292/292 MS: 1 CopyPart-
#229045	REDUCE cov: 1316 ft: 3790 corp: 693/30Kb lim: 317 exec/s: 19087 rss: 326Mb L: 21/292 MS: 3 ShuffleBytes-ChangeByte-EraseBytes-
#229081	REDUCE cov: 1316 ft: 3790 corp: 693/30Kb lim: 317 exec/s: 19090 rss: 326Mb L: 88/292 MS: 1 EraseBytes-
#229352	REDUCE cov: 1316 ft: 3790 corp: 693/30Kb lim: 317 exec/s: 19112 rss: 327Mb L: 3/292 MS: 1 EraseBytes-
#229913	REDUCE cov: 1316 ft: 3790 corp: 693/30Kb lim: 317 exec/s: 19159 rss: 328Mb L: 241/292 MS: 1 EraseBytes-
#230244	NEW    cov: 1316 ft: 3791 corp: 694/30Kb lim: 317 exec/s: 19187 rss: 328Mb L: 79/292 MS: 1 CopyPart-
#230346	REDUCE cov: 1316 ft: 3791 corp: 694/30Kb lim: 317 exec/s: 19195 rss: 328Mb L: 9/292 MS: 2 ChangeBinInt-EraseBytes-
#230397	NEW    cov: 1316 ft: 3796 corp: 695/30Kb lim: 317 exec/s: 19199 rss: 328Mb L: 190/292 MS: 1 CopyPart-
#230600	REDUCE cov: 1316 ft: 3796 corp: 695/30Kb lim: 317 exec/s: 19216 rss: 329Mb L: 77/292 MS: 3 ShuffleBytes-InsertRepeatedBytes-EraseBytes-
#230671	REDUCE cov: 1316 ft: 3796 corp: 695/30Kb lim: 317 exec/s: 19222 rss: 329Mb L: 75/292 MS: 1 EraseBytes-
#231051	REDUCE cov: 1316 ft: 3796 corp: 695/30Kb lim: 317 exec/s: 19254 rss: 330Mb L: 56/292 MS: 5 ChangeBit-CopyPart-EraseBytes-CMP-EraseBytes- DE: "\377/"-
#231647	REDUCE cov: 1316 ft: 3796 corp: 695/30Kb lim: 317 exec/s: 19303 rss: 331Mb L: 8/292 MS: 1 EraseBytes-
#232039	REDUCE cov: 1316 ft: 3796 corp: 695/30Kb lim: 317 exec/s: 19336 rss: 331Mb L: 67/292 MS: 2 InsertRepeatedBytes-CrossOver-
#232295	REDUCE cov: 1316 ft: 3796 corp: 695/30Kb lim: 317 exec/s: 19357 rss: 332Mb L: 7/292 MS: 1 EraseBytes-
#232519	REDUCE cov: 1316 ft: 3796 corp: 695/30Kb lim: 317 exec/s: 19376 rss: 332Mb L: 260/292 MS: 4 ChangeBinInt-InsertRepeatedBytes-ChangeByte-EraseBytes-
#233001	REDUCE cov: 1316 ft: 3796 corp: 695/30Kb lim: 317 exec/s: 19416 rss: 333Mb L: 14/292 MS: 2 EraseBytes-ChangeByte-
#233009	REDUCE cov: 1316 ft: 3796 corp: 695/30Kb lim: 317 exec/s: 19417 rss: 333Mb L: 51/292 MS: 3 InsertRepeatedBytes-PersAutoDict-EraseBytes- DE: "\377\377\377\016\377\351\017\320"-
#233635	REDUCE cov: 1316 ft: 3796 corp: 695/30Kb lim: 317 exec/s: 19469 rss: 334Mb L: 8/292 MS: 1 EraseBytes-
#234115	REDUCE cov: 1316 ft: 3796 corp: 695/30Kb lim: 317 exec/s: 19509 rss: 334Mb L: 270/292 MS: 5 PersAutoDict-ChangeBit-ChangeBit-CrossOver-CrossOver- DE: "\022\000\000\000\000\000\000\000"-
#234188	NEW    cov: 1316 ft: 3798 corp: 696/30Kb lim: 317 exec/s: 19515 rss: 335Mb L: 161/292 MS: 3 ChangeBit-ShuffleBytes-ChangeBinInt-
#234230	REDUCE cov: 1316 ft: 3799 corp: 697/31Kb lim: 317 exec/s: 19519 rss: 335Mb L: 115/292 MS: 2 ShuffleBytes-CopyPart-
#234721	REDUCE cov: 1316 ft: 3799 corp: 697/31Kb lim: 317 exec/s: 19560 rss: 335Mb L: 281/286 MS: 1 EraseBytes-
#234778	REDUCE cov: 1316 ft: 3799 corp: 697/31Kb lim: 317 exec/s: 19564 rss: 336Mb L: 25/286 MS: 2 ShuffleBytes-EraseBytes-
#234980	REDUCE cov: 1316 ft: 3799 corp: 697/31Kb lim: 317 exec/s: 19581 rss: 336Mb L: 29/286 MS: 2 ChangeBinInt-EraseBytes-
#234982	REDUCE cov: 1316 ft: 3799 corp: 697/31Kb lim: 317 exec/s: 19581 rss: 336Mb L: 196/286 MS: 2 EraseBytes-InsertRepeatedBytes-
#235018	REDUCE cov: 1316 ft: 3799 corp: 697/31Kb lim: 317 exec/s: 19584 rss: 336Mb L: 65/286 MS: 1 EraseBytes-
#235511	NEW    cov: 1316 ft: 3800 corp: 698/31Kb lim: 317 exec/s: 19625 rss: 338Mb L: 198/286 MS: 3 ShuffleBytes-ChangeBinInt-CMP- DE: "\000\000\000\000\000\000\000\000"-
#235683	REDUCE cov: 1316 ft: 3800 corp: 698/31Kb lim: 317 exec/s: 19640 rss: 338Mb L: 15/286 MS: 2 ChangeByte-EraseBytes-
#235894	NEW    cov: 1316 ft: 3803 corp: 699/31Kb lim: 317 exec/s: 19657 rss: 338Mb L: 63/286 MS: 1 CopyPart-
#236080	REDUCE cov: 1316 ft: 3803 corp: 699/31Kb lim: 317 exec/s: 19673 rss: 339Mb L: 62/286 MS: 1 EraseBytes-
#236316	REDUCE cov: 1316 ft: 3803 corp: 699/31Kb lim: 317 exec/s: 19693 rss: 339Mb L: 135/286 MS: 1 EraseBytes-
#236362	NEW    cov: 1317 ft: 3804 corp: 700/31Kb lim: 317 exec/s: 19696 rss: 339Mb L: 161/286 MS: 1 ChangeByte-
#236497	NEW    cov: 1317 ft: 3811 corp: 701/31Kb lim: 317 exec/s: 19708 rss: 339Mb L: 144/286 MS: 5 ChangeBinInt-ChangeBit-ShuffleBytes-ChangeByte-CopyPart-
#238368	REDUCE cov: 1317 ft: 3811 corp: 701/31Kb lim: 333 exec/s: 19864 rss: 342Mb L: 41/286 MS: 1 EraseBytes-
#238400	NEW    cov: 1317 ft: 3812 corp: 702/31Kb lim: 333 exec/s: 19866 rss: 342Mb L: 81/286 MS: 2 ChangeASCIIInt-CopyPart-
#238421	REDUCE cov: 1317 ft: 3812 corp: 702/31Kb lim: 333 exec/s: 19868 rss: 342Mb L: 57/286 MS: 1 EraseBytes-
#238497	REDUCE cov: 1317 ft: 3812 corp: 702/31Kb lim: 333 exec/s: 19874 rss: 342Mb L: 64/286 MS: 1 EraseBytes-
#238523	REDUCE cov: 1317 ft: 3813 corp: 703/31Kb lim: 333 exec/s: 19876 rss: 342Mb L: 6/286 MS: 1 CopyPart-
#238629	REDUCE cov: 1317 ft: 3813 corp: 703/31Kb lim: 333 exec/s: 19885 rss: 343Mb L: 47/286 MS: 1 EraseBytes-
#238930	NEW    cov: 1317 ft: 3814 corp: 704/31Kb lim: 333 exec/s: 19910 rss: 343Mb L: 201/286 MS: 1 CopyPart-
#239077	REDUCE cov: 1317 ft: 3814 corp: 704/31Kb lim: 333 exec/s: 19923 rss: 343Mb L: 78/286 MS: 2 CopyPart-EraseBytes-
#239608	REDUCE cov: 1317 ft: 3814 corp: 704/31Kb lim: 333 exec/s: 19967 rss: 344Mb L: 31/286 MS: 1 EraseBytes-
#240530	REDUCE cov: 1317 ft: 3814 corp: 704/31Kb lim: 341 exec/s: 20044 rss: 345Mb L: 58/286 MS: 2 ChangeASCIIInt-EraseBytes-
#241333	NEW    cov: 1317 ft: 3816 corp: 705/32Kb lim: 341 exec/s: 20111 rss: 347Mb L: 304/304 MS: 3 ChangeByte-InsertByte-CopyPart-
#241735	REDUCE cov: 1317 ft: 3816 corp: 705/32Kb lim: 341 exec/s: 20144 rss: 347Mb L: 73/304 MS: 2 ChangeBit-EraseBytes-
#241908	REDUCE cov: 1317 ft: 3816 corp: 705/32Kb lim: 341 exec/s: 20159 rss: 347Mb L: 12/304 MS: 3 CopyPart-ChangeByte-EraseBytes-
#241951	REDUCE cov: 1317 ft: 3817 corp: 706/32Kb lim: 341 exec/s: 20162 rss: 347Mb L: 109/304 MS: 3 ChangeBit-ShuffleBytes-CopyPart-
#242037	REDUCE cov: 1317 ft: 3817 corp: 706/32Kb lim: 341 exec/s: 20169 rss: 348Mb L: 8/304 MS: 1 EraseBytes-
#242154	REDUCE cov: 1317 ft: 3817 corp: 706/32Kb lim: 341 exec/s: 20179 rss: 348Mb L: 6/304 MS: 2 CrossOver-EraseBytes-
#242210	REDUCE cov: 1317 ft: 3817 corp: 706/32Kb lim: 341 exec/s: 20184 rss: 348Mb L: 60/304 MS: 1 EraseBytes-
#242651	REDUCE cov: 1317 ft: 3817 corp: 706/32Kb lim: 341 exec/s: 20220 rss: 349Mb L: 71/304 MS: 1 EraseBytes-
#243092	REDUCE cov: 1317 ft: 3817 corp: 706/32Kb lim: 341 exec/s: 20257 rss: 350Mb L: 59/304 MS: 1 EraseBytes-
#243733	REDUCE cov: 1317 ft: 3817 corp: 706/32Kb lim: 341 exec/s: 18748 rss: 351Mb L: 52/304 MS: 1 EraseBytes-
#244050	REDUCE cov: 1317 ft: 3817 corp: 706/32Kb lim: 341 exec/s: 18773 rss: 351Mb L: 16/304 MS: 2 ChangeBit-EraseBytes-
#244456	REDUCE cov: 1317 ft: 3817 corp: 706/32Kb lim: 341 exec/s: 18804 rss: 352Mb L: 16/304 MS: 1 EraseBytes-
#244866	REDUCE cov: 1317 ft: 3818 corp: 707/32Kb lim: 341 exec/s: 18835 rss: 354Mb L: 62/304 MS: 5 EraseBytes-EraseBytes-ShuffleBytes-CMP-ChangeByte- DE: "&\000\000\000\000\000\000\000"-
#245308	REDUCE cov: 1317 ft: 3818 corp: 707/32Kb lim: 341 exec/s: 18869 rss: 355Mb L: 61/304 MS: 2 ChangeASCIIInt-EraseBytes-
#245359	REDUCE cov: 1317 ft: 3818 corp: 707/32Kb lim: 341 exec/s: 18873 rss: 355Mb L: 24/304 MS: 1 EraseBytes-
#245442	REDUCE cov: 1317 ft: 3819 corp: 708/32Kb lim: 341 exec/s: 18880 rss: 356Mb L: 272/304 MS: 3 CrossOver-ChangeASCIIInt-CopyPart-
#245482	NEW    cov: 1317 ft: 3836 corp: 709/32Kb lim: 341 exec/s: 18883 rss: 356Mb L: 278/304 MS: 5 CopyPart-ChangeASCIIInt-InsertByte-ShuffleBytes-CopyPart-
#245605	REDUCE cov: 1317 ft: 3836 corp: 709/32Kb lim: 341 exec/s: 18892 rss: 356Mb L: 56/304 MS: 3 ChangeBit-ChangeASCIIInt-EraseBytes-
#245876	REDUCE cov: 1317 ft: 3836 corp: 709/32Kb lim: 341 exec/s: 18913 rss: 356Mb L: 44/304 MS: 1 EraseBytes-
#245997	REDUCE cov: 1317 ft: 3836 corp: 709/32Kb lim: 341 exec/s: 18922 rss: 357Mb L: 12/304 MS: 1 EraseBytes-
#246044	REDUCE cov: 1317 ft: 3836 corp: 709/32Kb lim: 341 exec/s: 18926 rss: 357Mb L: 148/304 MS: 2 ChangeByte-EraseBytes-
#246251	REDUCE cov: 1317 ft: 3836 corp: 709/32Kb lim: 341 exec/s: 18942 rss: 357Mb L: 40/304 MS: 2 PersAutoDict-EraseBytes- DE: "\000\000\000\000\000\000\000\002"-
#246803	REDUCE cov: 1317 ft: 3836 corp: 709/32Kb lim: 341 exec/s: 18984 rss: 358Mb L: 207/304 MS: 2 ShuffleBytes-EraseBytes-
#247589	REDUCE cov: 1317 ft: 3836 corp: 709/32Kb lim: 341 exec/s: 19045 rss: 359Mb L: 52/304 MS: 1 EraseBytes-
#247974	NEW    cov: 1317 ft: 3853 corp: 710/32Kb lim: 341 exec/s: 19074 rss: 360Mb L: 184/304 MS: 5 CopyPart-InsertByte-ShuffleBytes-CopyPart-EraseBytes-
#249241	NEW    cov: 1317 ft: 3855 corp: 711/33Kb lim: 349 exec/s: 19172 rss: 362Mb L: 286/304 MS: 2 ShuffleBytes-CopyPart-
#249329	NEW    cov: 1317 ft: 3856 corp: 712/33Kb lim: 349 exec/s: 19179 rss: 362Mb L: 322/322 MS: 3 CopyPart-PersAutoDict-InsertRepeatedBytes- DE: "\377\377\377\377"-
#249610	REDUCE cov: 1317 ft: 3856 corp: 712/33Kb lim: 349 exec/s: 19200 rss: 362Mb L: 130/322 MS: 1 EraseBytes-
#249633	REDUCE cov: 1317 ft: 3856 corp: 712/33Kb lim: 349 exec/s: 19202 rss: 362Mb L: 9/322 MS: 3 ChangeBinInt-ChangeBit-EraseBytes-
#249959	NEW    cov: 1317 ft: 3857 corp: 713/33Kb lim: 349 exec/s: 19227 rss: 363Mb L: 139/322 MS: 1 CopyPart-
#250420	REDUCE cov: 1317 ft: 3857 corp: 713/33Kb lim: 349 exec/s: 19263 rss: 364Mb L: 17/322 MS: 1 EraseBytes-
#250817	REDUCE cov: 1317 ft: 3857 corp: 713/33Kb lim: 349 exec/s: 19293 rss: 365Mb L: 10/322 MS: 2 ChangeBinInt-EraseBytes-
#251305	REDUCE cov: 1317 ft: 3857 corp: 713/33Kb lim: 349 exec/s: 19331 rss: 365Mb L: 54/322 MS: 3 InsertByte-CMP-EraseBytes- DE: "\034\000"-
#251546	REDUCE cov: 1317 ft: 3857 corp: 713/33Kb lim: 349 exec/s: 19349 rss: 366Mb L: 177/322 MS: 1 EraseBytes-
#251892	NEW    cov: 1317 ft: 3858 corp: 714/33Kb lim: 349 exec/s: 19376 rss: 366Mb L: 340/340 MS: 1 CrossOver-
#252463	REDUCE cov: 1317 ft: 3858 corp: 714/33Kb lim: 349 exec/s: 19420 rss: 368Mb L: 28/340 MS: 1 EraseBytes-
#252689	REDUCE cov: 1317 ft: 3858 corp: 714/33Kb lim: 349 exec/s: 19437 rss: 368Mb L: 254/340 MS: 1 EraseBytes-
#252950	REDUCE cov: 1317 ft: 3858 corp: 714/33Kb lim: 349 exec/s: 19457 rss: 368Mb L: 248/340 MS: 1 EraseBytes-
#253131	REDUCE cov: 1317 ft: 3858 corp: 714/33Kb lim: 349 exec/s: 19471 rss: 369Mb L: 107/340 MS: 1 EraseBytes-
#253193	NEW    cov: 1317 ft: 3859 corp: 715/33Kb lim: 349 exec/s: 19476 rss: 369Mb L: 62/340 MS: 2 ChangeBit-ShuffleBytes-
#253194	REDUCE cov: 1317 ft: 3859 corp: 715/33Kb lim: 349 exec/s: 19476 rss: 369Mb L: 20/340 MS: 1 EraseBytes-
#253593	NEW    cov: 1317 ft: 3860 corp: 716/34Kb lim: 349 exec/s: 19507 rss: 369Mb L: 336/340 MS: 4 CrossOver-CrossOver-InsertByte-InsertRepeatedBytes-
#253779	REDUCE cov: 1317 ft: 3860 corp: 716/34Kb lim: 349 exec/s: 19521 rss: 370Mb L: 8/340 MS: 1 EraseBytes-
#254165	REDUCE cov: 1317 ft: 3860 corp: 716/34Kb lim: 349 exec/s: 19551 rss: 370Mb L: 27/340 MS: 1 EraseBytes-
#254402	REDUCE cov: 1317 ft: 3860 corp: 716/34Kb lim: 349 exec/s: 19569 rss: 370Mb L: 157/340 MS: 2 ChangeBinInt-EraseBytes-
#254478	REDUCE cov: 1317 ft: 3860 corp: 716/34Kb lim: 349 exec/s: 19575 rss: 371Mb L: 66/340 MS: 1 EraseBytes-
#255376	REDUCE cov: 1317 ft: 3860 corp: 716/34Kb lim: 357 exec/s: 19644 rss: 372Mb L: 21/340 MS: 3 CopyPart-PersAutoDict-CrossOver- DE: "\377\376"-
#255438	REDUCE cov: 1317 ft: 3860 corp: 716/34Kb lim: 357 exec/s: 19649 rss: 372Mb L: 84/340 MS: 2 ShuffleBytes-EraseBytes-
#255654	REDUCE cov: 1317 ft: 3861 corp: 717/34Kb lim: 357 exec/s: 19665 rss: 373Mb L: 34/340 MS: 1 CrossOver-
#255700	REDUCE cov: 1317 ft: 3861 corp: 717/34Kb lim: 357 exec/s: 19669 rss: 373Mb L: 7/340 MS: 1 EraseBytes-
#255767	REDUCE cov: 1317 ft: 3861 corp: 717/34Kb lim: 357 exec/s: 19674 rss: 373Mb L: 17/340 MS: 2 InsertByte-EraseBytes-
#255904	NEW    cov: 1317 ft: 3863 corp: 718/34Kb lim: 357 exec/s: 19684 rss: 373Mb L: 318/340 MS: 2 ChangeBit-CopyPart-
#256490	REDUCE cov: 1317 ft: 3863 corp: 718/34Kb lim: 357 exec/s: 19730 rss: 375Mb L: 132/340 MS: 1 EraseBytes-
#257026	NEW    cov: 1317 ft: 3864 corp: 719/34Kb lim: 357 exec/s: 19771 rss: 376Mb L: 50/340 MS: 1 CopyPart-
#257112	REDUCE cov: 1317 ft: 3864 corp: 719/34Kb lim: 357 exec/s: 19777 rss: 376Mb L: 93/340 MS: 1 EraseBytes-
#257942	REDUCE cov: 1317 ft: 3864 corp: 719/34Kb lim: 365 exec/s: 19841 rss: 378Mb L: 212/336 MS: 5 InsertByte-InsertRepeatedBytes-InsertByte-InsertByte-EraseBytes-
#258239	REDUCE cov: 1317 ft: 3864 corp: 719/34Kb lim: 365 exec/s: 19864 rss: 378Mb L: 17/336 MS: 2 CopyPart-EraseBytes-
#258291	REDUCE cov: 1317 ft: 3864 corp: 719/34Kb lim: 365 exec/s: 19868 rss: 379Mb L: 182/336 MS: 2 ShuffleBytes-EraseBytes-
#258844	REDUCE cov: 1317 ft: 3864 corp: 719/34Kb lim: 365 exec/s: 19911 rss: 380Mb L: 133/336 MS: 3 ChangeASCIIInt-ChangeASCIIInt-EraseBytes-
#259125	REDUCE cov: 1317 ft: 3864 corp: 719/34Kb lim: 365 exec/s: 19932 rss: 380Mb L: 22/336 MS: 1 EraseBytes-
#259171	REDUCE cov: 1317 ft: 3864 corp: 719/34Kb lim: 365 exec/s: 19936 rss: 380Mb L: 143/336 MS: 1 EraseBytes-
#259312	NEW    cov: 1317 ft: 3891 corp: 720/34Kb lim: 365 exec/s: 19947 rss: 381Mb L: 290/336 MS: 1 InsertRepeatedBytes-
#259320	REDUCE cov: 1317 ft: 3891 corp: 720/34Kb lim: 365 exec/s: 19947 rss: 381Mb L: 50/336 MS: 3 ShuffleBytes-InsertByte-EraseBytes-
#259446	NEW    cov: 1317 ft: 3899 corp: 721/34Kb lim: 365 exec/s: 19957 rss: 381Mb L: 267/336 MS: 1 CopyPart-
#259542	REDUCE cov: 1317 ft: 3899 corp: 721/34Kb lim: 365 exec/s: 19964 rss: 381Mb L: 58/336 MS: 1 EraseBytes-
#259684	NEW    cov: 1317 ft: 3907 corp: 722/35Kb lim: 365 exec/s: 19975 rss: 382Mb L: 332/336 MS: 2 ChangeByte-InsertRepeatedBytes-
#259705	NEW    cov: 1317 ft: 3908 corp: 723/35Kb lim: 365 exec/s: 19977 rss: 382Mb L: 140/336 MS: 1 CopyPart-
#259856	REDUCE cov: 1317 ft: 3908 corp: 723/35Kb lim: 365 exec/s: 19988 rss: 382Mb L: 92/336 MS: 1 EraseBytes-
#259983	REDUCE cov: 1317 ft: 3908 corp: 723/35Kb lim: 365 exec/s: 19998 rss: 382Mb L: 52/336 MS: 2 CopyPart-EraseBytes-
#260314	REDUCE cov: 1317 ft: 3908 corp: 723/35Kb lim: 365 exec/s: 20024 rss: 383Mb L: 15/336 MS: 1 EraseBytes-
#260545	REDUCE cov: 1317 ft: 3908 corp: 723/35Kb lim: 365 exec/s: 20041 rss: 383Mb L: 127/336 MS: 1 EraseBytes-
#260726	REDUCE cov: 1317 ft: 3908 corp: 723/35Kb lim: 365 exec/s: 20055 rss: 383Mb L: 20/336 MS: 1 EraseBytes-
#260837	NEW    cov: 1317 ft: 3914 corp: 724/35Kb lim: 365 exec/s: 20064 rss: 384Mb L: 207/336 MS: 1 CopyPart-
#261459	REDUCE cov: 1317 ft: 3914 corp: 724/35Kb lim: 365 exec/s: 20112 rss: 385Mb L: 27/336 MS: 2 ChangeBinInt-EraseBytes-
#261500	REDUCE cov: 1317 ft: 3914 corp: 724/35Kb lim: 365 exec/s: 20115 rss: 385Mb L: 41/336 MS: 1 EraseBytes-
#262144	pulse  cov: 1317 ft: 3914 corp: 724/35Kb lim: 365 exec/s: 20164 rss: 386Mb
#262896	REDUCE cov: 1317 ft: 3914 corp: 724/35Kb lim: 373 exec/s: 18778 rss: 387Mb L: 15/336 MS: 1 EraseBytes-
#264328	REDUCE cov: 1317 ft: 3914 corp: 724/35Kb lim: 381 exec/s: 18880 rss: 391Mb L: 11/336 MS: 2 InsertByte-EraseBytes-
#265259	NEW    cov: 1317 ft: 3915 corp: 725/35Kb lim: 389 exec/s: 18947 rss: 392Mb L: 365/365 MS: 1 CopyPart-
#265319	NEW    cov: 1318 ft: 3916 corp: 726/35Kb lim: 389 exec/s: 18951 rss: 393Mb L: 28/365 MS: 5 CopyPart-CrossOver-EraseBytes-CrossOver-CrossOver-
#265451	REDUCE cov: 1318 ft: 3916 corp: 726/35Kb lim: 389 exec/s: 18960 rss: 393Mb L: 48/365 MS: 2 CopyPart-EraseBytes-
#265452	REDUCE cov: 1318 ft: 3916 corp: 726/35Kb lim: 389 exec/s: 18960 rss: 393Mb L: 55/365 MS: 1 EraseBytes-
#266060	REDUCE cov: 1318 ft: 3916 corp: 726/35Kb lim: 389 exec/s: 19004 rss: 394Mb L: 73/365 MS: 3 ChangeBinInt-ShuffleBytes-EraseBytes-
#266216	REDUCE cov: 1318 ft: 3917 corp: 727/35Kb lim: 389 exec/s: 19015 rss: 394Mb L: 108/365 MS: 1 CopyPart-
#266517	NEW    cov: 1318 ft: 3918 corp: 728/36Kb lim: 389 exec/s: 19036 rss: 395Mb L: 164/365 MS: 1 CopyPart-
#267023	REDUCE cov: 1318 ft: 3918 corp: 728/36Kb lim: 389 exec/s: 19073 rss: 396Mb L: 36/365 MS: 1 EraseBytes-
#267574	REDUCE cov: 1318 ft: 3918 corp: 728/36Kb lim: 389 exec/s: 19112 rss: 397Mb L: 105/365 MS: 1 EraseBytes-
#267691	NEW    cov: 1318 ft: 3919 corp: 729/36Kb lim: 389 exec/s: 19120 rss: 398Mb L: 41/365 MS: 2 ChangeBit-CrossOver-
#267777	REDUCE cov: 1318 ft: 3919 corp: 729/36Kb lim: 389 exec/s: 19126 rss: 398Mb L: 9/365 MS: 1 EraseBytes-
#267918	REDUCE cov: 1318 ft: 3919 corp: 729/36Kb lim: 389 exec/s: 19137 rss: 398Mb L: 141/365 MS: 1 EraseBytes-
#268001	REDUCE cov: 1318 ft: 3920 corp: 730/36Kb lim: 389 exec/s: 19142 rss: 398Mb L: 126/365 MS: 3 EraseBytes-ChangeByte-InsertRepeatedBytes-
#268407	REDUCE cov: 1318 ft: 3920 corp: 730/36Kb lim: 389 exec/s: 19171 rss: 399Mb L: 11/365 MS: 1 EraseBytes-
#268728	NEW    cov: 1318 ft: 3921 corp: 731/36Kb lim: 389 exec/s: 19194 rss: 400Mb L: 173/365 MS: 1 CopyPart-
#268750	REDUCE cov: 1318 ft: 3921 corp: 731/36Kb lim: 389 exec/s: 19196 rss: 400Mb L: 66/365 MS: 2 ChangeByte-EraseBytes-
#270026	REDUCE cov: 1318 ft: 3921 corp: 731/36Kb lim: 397 exec/s: 19287 rss: 402Mb L: 74/365 MS: 1 EraseBytes-
#270367	REDUCE cov: 1318 ft: 3921 corp: 731/36Kb lim: 397 exec/s: 19311 rss: 403Mb L: 9/365 MS: 1 EraseBytes-
#270414	REDUCE cov: 1318 ft: 3921 corp: 731/36Kb lim: 397 exec/s: 19315 rss: 403Mb L: 34/365 MS: 2 CrossOver-EraseBytes-
#270435	REDUCE cov: 1318 ft: 3921 corp: 731/36Kb lim: 397 exec/s: 19316 rss: 403Mb L: 24/365 MS: 1 EraseBytes-
#270701	REDUCE cov: 1318 ft: 3921 corp: 731/36Kb lim: 397 exec/s: 19335 rss: 403Mb L: 113/365 MS: 1 EraseBytes-
#270897	NEW    cov: 1318 ft: 3923 corp: 732/36Kb lim: 397 exec/s: 19349 rss: 404Mb L: 80/365 MS: 1 EraseBytes-
#270949	REDUCE cov: 1318 ft: 3923 corp: 732/36Kb lim: 397 exec/s: 19353 rss: 404Mb L: 143/365 MS: 2 ChangeBit-EraseBytes-
#270976	REDUCE cov: 1318 ft: 3923 corp: 732/36Kb lim: 397 exec/s: 19355 rss: 404Mb L: 68/365 MS: 2 PersAutoDict-EraseBytes- DE: "\000\000\000\000\000\000\000\002"-
#271266	NEW    cov: 1318 ft: 3924 corp: 733/36Kb lim: 397 exec/s: 19376 rss: 405Mb L: 308/365 MS: 5 PersAutoDict-InsertRepeatedBytes-EraseBytes-ChangeByte-CopyPart- DE: ")\000\000\000\000\000\000\000"-
#271462	NEW    cov: 1318 ft: 3925 corp: 734/37Kb lim: 397 exec/s: 19390 rss: 405Mb L: 374/374 MS: 1 CopyPart-
#271714	REDUCE cov: 1318 ft: 3925 corp: 734/37Kb lim: 397 exec/s: 19408 rss: 405Mb L: 19/374 MS: 2 ChangeASCIIInt-EraseBytes-
#271827	REDUCE cov: 1318 ft: 3926 corp: 735/37Kb lim: 397 exec/s: 19416 rss: 406Mb L: 194/374 MS: 3 CrossOver-CopyPart-CopyPart-
#271859	REDUCE cov: 1318 ft: 3926 corp: 735/37Kb lim: 397 exec/s: 19418 rss: 406Mb L: 67/374 MS: 2 CopyPart-EraseBytes-
#271881	REDUCE cov: 1318 ft: 3926 corp: 735/37Kb lim: 397 exec/s: 19420 rss: 406Mb L: 48/374 MS: 2 InsertRepeatedBytes-EraseBytes-
#272699	REDUCE cov: 1318 ft: 3926 corp: 735/37Kb lim: 405 exec/s: 19478 rss: 407Mb L: 29/374 MS: 3 ChangeBit-CrossOver-EraseBytes-
#273065	REDUCE cov: 1318 ft: 3926 corp: 735/37Kb lim: 405 exec/s: 19504 rss: 408Mb L: 18/374 MS: 1 EraseBytes-
#273296	REDUCE cov: 1318 ft: 3927 corp: 736/37Kb lim: 405 exec/s: 19521 rss: 408Mb L: 13/374 MS: 1 CrossOver-
#274177	REDUCE cov: 1318 ft: 3927 corp: 736/37Kb lim: 413 exec/s: 19584 rss: 409Mb L: 118/374 MS: 1 EraseBytes-
#274193	REDUCE cov: 1318 ft: 3927 corp: 736/37Kb lim: 413 exec/s: 19585 rss: 409Mb L: 93/374 MS: 1 EraseBytes-
#274560	NEW    cov: 1318 ft: 3928 corp: 737/37Kb lim: 413 exec/s: 19611 rss: 410Mb L: 401/401 MS: 2 InsertRepeatedBytes-InsertRepeatedBytes-
#274661	REDUCE cov: 1318 ft: 3928 corp: 737/37Kb lim: 413 exec/s: 19618 rss: 410Mb L: 11/401 MS: 1 EraseBytes-
#274737	REDUCE cov: 1318 ft: 3928 corp: 737/37Kb lim: 413 exec/s: 19624 rss: 410Mb L: 44/401 MS: 1 EraseBytes-
#275087	REDUCE cov: 1318 ft: 3929 corp: 738/37Kb lim: 413 exec/s: 19649 rss: 411Mb L: 45/401 MS: 5 ChangeBit-CopyPart-CrossOver-CMP-EraseBytes- DE: "\273\000"-
#275467	REDUCE cov: 1318 ft: 3931 corp: 739/38Kb lim: 413 exec/s: 19676 rss: 412Mb L: 403/403 MS: 5 InsertRepeatedBytes-ShuffleBytes-CopyPart-InsertByte-InsertRepeatedBytes-
#275503	REDUCE cov: 1318 ft: 3931 corp: 739/38Kb lim: 413 exec/s: 19678 rss: 412Mb L: 30/403 MS: 1 EraseBytes-
#275577	REDUCE cov: 1318 ft: 3931 corp: 739/38Kb lim: 413 exec/s: 19684 rss: 412Mb L: 44/403 MS: 4 EraseBytes-InsertByte-ShuffleBytes-ChangeByte-
#275688	REDUCE cov: 1318 ft: 3931 corp: 739/38Kb lim: 413 exec/s: 19692 rss: 412Mb L: 20/403 MS: 1 EraseBytes-
#276069	REDUCE cov: 1318 ft: 3931 corp: 739/38Kb lim: 413 exec/s: 19719 rss: 413Mb L: 9/403 MS: 1 EraseBytes-
#276473	REDUCE cov: 1318 ft: 3931 corp: 739/38Kb lim: 413 exec/s: 19748 rss: 414Mb L: 12/403 MS: 4 InsertByte-ChangeByte-ShuffleBytes-EraseBytes-
#276675	REDUCE cov: 1318 ft: 3931 corp: 739/38Kb lim: 413 exec/s: 19762 rss: 415Mb L: 18/403 MS: 2 EraseBytes-CopyPart-
#276910	REDUCE cov: 1319 ft: 3932 corp: 740/38Kb lim: 413 exec/s: 19779 rss: 415Mb L: 37/403 MS: 5 ChangeByte-InsertRepeatedBytes-ChangeByte-EraseBytes-ShuffleBytes-
#276916	REDUCE cov: 1319 ft: 3932 corp: 740/38Kb lim: 413 exec/s: 19779 rss: 415Mb L: 125/403 MS: 1 EraseBytes-
#276947	REDUCE cov: 1319 ft: 3933 corp: 741/38Kb lim: 413 exec/s: 19781 rss: 415Mb L: 282/403 MS: 1 InsertByte-
#276965	REDUCE cov: 1319 ft: 3933 corp: 741/38Kb lim: 413 exec/s: 19783 rss: 416Mb L: 8/403 MS: 3 CrossOver-ChangeByte-EraseBytes-
#277347	REDUCE cov: 1319 ft: 3933 corp: 741/38Kb lim: 413 exec/s: 19810 rss: 416Mb L: 16/403 MS: 2 InsertByte-EraseBytes-
#277383	REDUCE cov: 1319 ft: 3933 corp: 741/38Kb lim: 413 exec/s: 19813 rss: 417Mb L: 150/403 MS: 1 EraseBytes-
#277415	REDUCE cov: 1319 ft: 3933 corp: 741/38Kb lim: 413 exec/s: 19815 rss: 417Mb L: 46/403 MS: 2 CrossOver-EraseBytes-
#277626	REDUCE cov: 1319 ft: 3933 corp: 741/38Kb lim: 413 exec/s: 19830 rss: 417Mb L: 90/403 MS: 1 EraseBytes-
#278812	NEW    cov: 1319 ft: 3934 corp: 742/38Kb lim: 421 exec/s: 19915 rss: 419Mb L: 365/403 MS: 1 ChangeBit-
#278905	REDUCE cov: 1319 ft: 3935 corp: 743/38Kb lim: 421 exec/s: 19921 rss: 419Mb L: 83/403 MS: 3 CopyPart-ShuffleBytes-InsertRepeatedBytes-
#278954	REDUCE cov: 1319 ft: 3935 corp: 743/38Kb lim: 421 exec/s: 19925 rss: 420Mb L: 28/403 MS: 4 ChangeBit-ShuffleBytes-PersAutoDict-EraseBytes- DE: "\001\000\000-"-
#278955	REDUCE cov: 1319 ft: 3935 corp: 743/38Kb lim: 421 exec/s: 19925 rss: 420Mb L: 36/403 MS: 1 EraseBytes-
#279004	NEW    cov: 1319 ft: 3936 corp: 744/38Kb lim: 421 exec/s: 19928 rss: 420Mb L: 145/403 MS: 4 PersAutoDict-InsertByte-ChangeByte-CopyPart- DE: "%\000\000\000\000\000\000\000"-
#279120	REDUCE cov: 1319 ft: 3936 corp: 744/38Kb lim: 421 exec/s: 19937 rss: 420Mb L: 40/403 MS: 1 EraseBytes-
#279169	REDUCE cov: 1319 ft: 3936 corp: 744/38Kb lim: 421 exec/s: 19940 rss: 420Mb L: 150/403 MS: 4 CopyPart-CrossOver-ChangeBinInt-EraseBytes-
#279435	REDUCE cov: 1319 ft: 3936 corp: 744/38Kb lim: 421 exec/s: 19959 rss: 421Mb L: 3/403 MS: 1 EraseBytes-
#279611	NEW    cov: 1319 ft: 3938 corp: 745/39Kb lim: 421 exec/s: 19972 rss: 421Mb L: 413/413 MS: 1 CopyPart-
#279936	REDUCE cov: 1319 ft: 3938 corp: 745/39Kb lim: 421 exec/s: 19995 rss: 422Mb L: 96/413 MS: 5 InsertByte-InsertByte-InsertByte-ChangeBit-EraseBytes-
#280568	REDUCE cov: 1319 ft: 3938 corp: 745/39Kb lim: 421 exec/s: 20040 rss: 423Mb L: 165/413 MS: 2 InsertByte-EraseBytes-
#280694	REDUCE cov: 1319 ft: 3938 corp: 745/39Kb lim: 421 exec/s: 20049 rss: 423Mb L: 247/413 MS: 1 EraseBytes-
#281277	REDUCE cov: 1319 ft: 3938 corp: 745/39Kb lim: 421 exec/s: 18751 rss: 425Mb L: 125/413 MS: 3 ChangeByte-PersAutoDict-EraseBytes- DE: "\001\000\000\000"-
#281629	REDUCE cov: 1319 ft: 3938 corp: 745/39Kb lim: 421 exec/s: 18775 rss: 425Mb L: 30/413 MS: 2 InsertByte-EraseBytes-
#281725	REDUCE cov: 1319 ft: 3938 corp: 745/39Kb lim: 421 exec/s: 18781 rss: 425Mb L: 363/413 MS: 1 EraseBytes-
#281837	REDUCE cov: 1319 ft: 3938 corp: 745/39Kb lim: 421 exec/s: 18789 rss: 426Mb L: 6/413 MS: 2 ShuffleBytes-EraseBytes-
#281887	REDUCE cov: 1319 ft: 3938 corp: 745/39Kb lim: 421 exec/s: 18792 rss: 426Mb L: 50/413 MS: 5 ShuffleBytes-InsertByte-InsertByte-ShuffleBytes-EraseBytes-
#282690	REDUCE cov: 1319 ft: 3939 corp: 746/39Kb lim: 421 exec/s: 18846 rss: 429Mb L: 60/413 MS: 3 CopyPart-CrossOver-CopyPart-
#282698	NEW    cov: 1319 ft: 3940 corp: 747/39Kb lim: 421 exec/s: 18846 rss: 429Mb L: 263/413 MS: 3 EraseBytes-InsertByte-CopyPart-
#282969	REDUCE cov: 1319 ft: 3940 corp: 747/39Kb lim: 421 exec/s: 18864 rss: 430Mb L: 276/413 MS: 1 EraseBytes-
#283038	REDUCE cov: 1319 ft: 3940 corp: 747/39Kb lim: 421 exec/s: 18869 rss: 430Mb L: 104/413 MS: 4 ChangeBit-InsertRepeatedBytes-ChangeASCIIInt-EraseBytes-
#283079	REDUCE cov: 1319 ft: 3940 corp: 747/39Kb lim: 421 exec/s: 18871 rss: 430Mb L: 69/413 MS: 1 EraseBytes-
#283435	REDUCE cov: 1319 ft: 3940 corp: 747/39Kb lim: 421 exec/s: 18895 rss: 431Mb L: 61/413 MS: 1 EraseBytes-
#283436	REDUCE cov: 1319 ft: 3940 corp: 747/39Kb lim: 421 exec/s: 18895 rss: 431Mb L: 36/413 MS: 1 EraseBytes-
#283842	REDUCE cov: 1319 ft: 3940 corp: 747/39Kb lim: 421 exec/s: 18922 rss: 432Mb L: 83/413 MS: 1 EraseBytes-
#284133	REDUCE cov: 1319 ft: 3940 corp: 747/39Kb lim: 421 exec/s: 18942 rss: 432Mb L: 103/413 MS: 1 EraseBytes-
#284510	REDUCE cov: 1319 ft: 3940 corp: 747/39Kb lim: 421 exec/s: 18967 rss: 433Mb L: 49/413 MS: 2 ShuffleBytes-EraseBytes-
#284591	NEW    cov: 1320 ft: 3941 corp: 748/39Kb lim: 421 exec/s: 18972 rss: 433Mb L: 6/413 MS: 1 EraseBytes-
#285058	REDUCE cov: 1320 ft: 3941 corp: 748/39Kb lim: 421 exec/s: 19003 rss: 435Mb L: 129/413 MS: 2 EraseBytes-CopyPart-
#285130	REDUCE cov: 1320 ft: 3941 corp: 748/39Kb lim: 421 exec/s: 19008 rss: 435Mb L: 47/413 MS: 2 EraseBytes-CrossOver-
#285356	REDUCE cov: 1320 ft: 3942 corp: 749/39Kb lim: 421 exec/s: 19023 rss: 435Mb L: 251/413 MS: 1 CopyPart-
#285637	REDUCE cov: 1320 ft: 3942 corp: 749/39Kb lim: 421 exec/s: 19042 rss: 436Mb L: 5/413 MS: 1 EraseBytes-
#285663	REDUCE cov: 1320 ft: 3943 corp: 750/39Kb lim: 421 exec/s: 19044 rss: 436Mb L: 54/413 MS: 1 EraseBytes-
#285854	REDUCE cov: 1320 ft: 3943 corp: 750/39Kb lim: 421 exec/s: 19056 rss: 437Mb L: 62/413 MS: 1 EraseBytes-
#286330	REDUCE cov: 1320 ft: 3943 corp: 750/39Kb lim: 421 exec/s: 19088 rss: 438Mb L: 47/413 MS: 1 EraseBytes-
#286901	REDUCE cov: 1320 ft: 3943 corp: 750/39Kb lim: 421 exec/s: 19126 rss: 439Mb L: 268/413 MS: 1 EraseBytes-
#287298	REDUCE cov: 1320 ft: 3943 corp: 750/39Kb lim: 421 exec/s: 19153 rss: 440Mb L: 18/413 MS: 2 ChangeBit-EraseBytes-
#287466	REDUCE cov: 1320 ft: 3943 corp: 750/39Kb lim: 421 exec/s: 19164 rss: 441Mb L: 67/413 MS: 3 ChangeByte-InsertRepeatedBytes-EraseBytes-
#288309	NEW    cov: 1320 ft: 3945 corp: 751/39Kb lim: 429 exec/s: 19220 rss: 441Mb L: 290/413 MS: 3 InsertByte-CrossOver-CrossOver-
#288499	NEW    cov: 1320 ft: 3946 corp: 752/40Kb lim: 429 exec/s: 19233 rss: 441Mb L: 208/413 MS: 5 InsertByte-CrossOver-ChangeByte-ShuffleBytes-CrossOver-
#289146	REDUCE cov: 1320 ft: 3946 corp: 752/40Kb lim: 429 exec/s: 19276 rss: 442Mb L: 44/413 MS: 2 ChangeBit-EraseBytes-
#289338	REDUCE cov: 1320 ft: 3946 corp: 752/40Kb lim: 429 exec/s: 19289 rss: 442Mb L: 4/413 MS: 2 InsertByte-EraseBytes-
#289700	REDUCE cov: 1320 ft: 3946 corp: 752/40Kb lim: 429 exec/s: 19313 rss: 442Mb L: 8/413 MS: 2 ChangeBinInt-EraseBytes-
#290261	NEW    cov: 1320 ft: 3947 corp: 753/40Kb lim: 429 exec/s: 19350 rss: 442Mb L: 208/413 MS: 1 ChangeByte-
#290312	REDUCE cov: 1320 ft: 3947 corp: 753/40Kb lim: 429 exec/s: 19354 rss: 442Mb L: 19/413 MS: 1 EraseBytes-
#291726	REDUCE cov: 1320 ft: 3947 corp: 753/40Kb lim: 437 exec/s: 19448 rss: 443Mb L: 261/413 MS: 4 ChangeBit-PersAutoDict-ShuffleBytes-EraseBytes- DE: "\000\000\001\000"-
#292307	REDUCE cov: 1320 ft: 3947 corp: 753/40Kb lim: 437 exec/s: 19487 rss: 444Mb L: 18/413 MS: 1 EraseBytes-
#292380	REDUCE cov: 1320 ft: 3947 corp: 753/40Kb lim: 437 exec/s: 19492 rss: 444Mb L: 22/413 MS: 3 ChangeBinInt-ChangeBit-EraseBytes-
#292946	REDUCE cov: 1320 ft: 3948 corp: 754/40Kb lim: 437 exec/s: 19529 rss: 444Mb L: 104/413 MS: 1 PersAutoDict- DE: "\011\000\000\000\000\000\000\000"-
#292993	REDUCE cov: 1320 ft: 3948 corp: 754/40Kb lim: 437 exec/s: 19532 rss: 444Mb L: 46/413 MS: 2 ChangeByte-EraseBytes-
#293679	NEW    cov: 1321 ft: 3952 corp: 755/40Kb lim: 437 exec/s: 19578 rss: 444Mb L: 44/413 MS: 1 CopyPart-
#293752	NEW    cov: 1321 ft: 3953 corp: 756/40Kb lim: 437 exec/s: 19583 rss: 444Mb L: 344/413 MS: 3 CopyPart-ChangeBit-CopyPart-
#293949	REDUCE cov: 1321 ft: 3953 corp: 756/40Kb lim: 437 exec/s: 19596 rss: 445Mb L: 55/413 MS: 2 ChangeByte-EraseBytes-
#294012	REDUCE cov: 1321 ft: 3953 corp: 756/40Kb lim: 437 exec/s: 19600 rss: 445Mb L: 20/413 MS: 3 ShuffleBytes-ChangeByte-EraseBytes-
#294890	REDUCE cov: 1321 ft: 3956 corp: 757/40Kb lim: 445 exec/s: 19659 rss: 445Mb L: 109/413 MS: 3 InsertByte-InsertByte-CopyPart-
#295241	REDUCE cov: 1321 ft: 3957 corp: 758/40Kb lim: 445 exec/s: 19682 rss: 445Mb L: 129/413 MS: 1 CrossOver-
#295337	REDUCE cov: 1321 ft: 3957 corp: 758/40Kb lim: 445 exec/s: 19689 rss: 445Mb L: 88/413 MS: 1 EraseBytes-
#295492	REDUCE cov: 1321 ft: 3957 corp: 758/40Kb lim: 445 exec/s: 19699 rss: 445Mb L: 14/413 MS: 5 ChangeByte-InsertByte-EraseBytes-EraseBytes-CopyPart-
#295553	REDUCE cov: 1321 ft: 3957 corp: 758/40Kb lim: 445 exec/s: 19703 rss: 446Mb L: 12/413 MS: 1 EraseBytes-
#295664	REDUCE cov: 1321 ft: 3957 corp: 758/40Kb lim: 445 exec/s: 19710 rss: 446Mb L: 15/413 MS: 1 EraseBytes-
#295960	NEW    cov: 1321 ft: 3958 corp: 759/41Kb lim: 445 exec/s: 19730 rss: 446Mb L: 60/413 MS: 1 CopyPart-
#296246	REDUCE cov: 1321 ft: 3959 corp: 760/41Kb lim: 445 exec/s: 19749 rss: 446Mb L: 74/413 MS: 1 CopyPart-
#296278	REDUCE cov: 1321 ft: 3959 corp: 760/41Kb lim: 445 exec/s: 19751 rss: 446Mb L: 27/413 MS: 2 CopyPart-EraseBytes-
#296660	REDUCE cov: 1321 ft: 3959 corp: 760/41Kb lim: 445 exec/s: 19777 rss: 446Mb L: 67/413 MS: 2 InsertByte-EraseBytes-
#296668	REDUCE cov: 1321 ft: 3959 corp: 760/41Kb lim: 445 exec/s: 19777 rss: 447Mb L: 6/413 MS: 3 ChangeBit-CrossOver-EraseBytes-
#297969	REDUCE cov: 1321 ft: 3959 corp: 760/41Kb lim: 453 exec/s: 19864 rss: 448Mb L: 215/413 MS: 1 EraseBytes-
#298765	REDUCE cov: 1321 ft: 3959 corp: 760/41Kb lim: 453 exec/s: 19917 rss: 448Mb L: 17/413 MS: 1 EraseBytes-
#299031	REDUCE cov: 1321 ft: 3959 corp: 760/41Kb lim: 453 exec/s: 19935 rss: 449Mb L: 16/413 MS: 1 EraseBytes-
#299202	REDUCE cov: 1321 ft: 3959 corp: 760/41Kb lim: 453 exec/s: 19946 rss: 449Mb L: 48/413 MS: 1 EraseBytes-
#299538	REDUCE cov: 1321 ft: 3959 corp: 760/41Kb lim: 453 exec/s: 19969 rss: 449Mb L: 171/413 MS: 1 EraseBytes-
#300005	REDUCE cov: 1321 ft: 3959 corp: 760/41Kb lim: 453 exec/s: 18750 rss: 450Mb L: 22/413 MS: 2 ChangeASCIIInt-EraseBytes-
#301017	REDUCE cov: 1321 ft: 3960 corp: 761/41Kb lim: 461 exec/s: 18813 rss: 451Mb L: 454/454 MS: 2 ChangeByte-CopyPart-
#301175	REDUCE cov: 1321 ft: 3960 corp: 761/41Kb lim: 461 exec/s: 18823 rss: 451Mb L: 181/454 MS: 3 ChangeBit-PersAutoDict-EraseBytes- DE: "\000\000\000\000\000\000\000\000"-
#301536	REDUCE cov: 1321 ft: 3960 corp: 761/41Kb lim: 461 exec/s: 18846 rss: 451Mb L: 25/454 MS: 1 EraseBytes-
#301997	REDUCE cov: 1321 ft: 3961 corp: 762/41Kb lim: 461 exec/s: 18874 rss: 452Mb L: 24/454 MS: 1 CopyPart-
#302129	REDUCE cov: 1321 ft: 3962 corp: 763/41Kb lim: 461 exec/s: 18883 rss: 452Mb L: 142/454 MS: 2 EraseBytes-InsertRepeatedBytes-
#302175	REDUCE cov: 1321 ft: 3962 corp: 763/41Kb lim: 461 exec/s: 18885 rss: 452Mb L: 68/454 MS: 1 EraseBytes-
#302192	REDUCE cov: 1321 ft: 3962 corp: 763/41Kb lim: 461 exec/s: 18887 rss: 452Mb L: 219/454 MS: 2 ShuffleBytes-EraseBytes-
#302418	REDUCE cov: 1321 ft: 3963 corp: 764/41Kb lim: 461 exec/s: 18901 rss: 453Mb L: 18/454 MS: 1 CopyPart-
#302439	REDUCE cov: 1321 ft: 3963 corp: 764/41Kb lim: 461 exec/s: 18902 rss: 453Mb L: 32/454 MS: 1 EraseBytes-
#302486	REDUCE cov: 1321 ft: 3963 corp: 764/41Kb lim: 461 exec/s: 18905 rss: 453Mb L: 13/454 MS: 2 ChangeBit-EraseBytes-
#302551	NEW    cov: 1321 ft: 3964 corp: 765/41Kb lim: 461 exec/s: 18909 rss: 453Mb L: 196/454 MS: 5 CopyPart-CrossOver-ChangeASCIIInt-ShuffleBytes-CopyPart-
#302582	REDUCE cov: 1321 ft: 3964 corp: 765/41Kb lim: 461 exec/s: 18911 rss: 453Mb L: 4/454 MS: 1 EraseBytes-
#303003	REDUCE cov: 1321 ft: 3964 corp: 765/41Kb lim: 461 exec/s: 18937 rss: 453Mb L: 13/454 MS: 1 EraseBytes-
#303215	REDUCE cov: 1321 ft: 3964 corp: 765/41Kb lim: 461 exec/s: 18950 rss: 453Mb L: 24/454 MS: 2 ChangeByte-EraseBytes-
#303361	REDUCE cov: 1321 ft: 3964 corp: 765/41Kb lim: 461 exec/s: 18960 rss: 454Mb L: 16/454 MS: 1 EraseBytes-
#303559	REDUCE cov: 1321 ft: 3964 corp: 765/41Kb lim: 461 exec/s: 18972 rss: 454Mb L: 11/454 MS: 3 ChangeByte-ChangeASCIIInt-EraseBytes-
#303570	REDUCE cov: 1321 ft: 3964 corp: 765/41Kb lim: 461 exec/s: 18973 rss: 454Mb L: 124/454 MS: 1 CrossOver-
#303745	REDUCE cov: 1321 ft: 3964 corp: 765/41Kb lim: 461 exec/s: 18984 rss: 454Mb L: 151/454 MS: 5 ShuffleBytes-InsertRepeatedBytes-CopyPart-ChangeBinInt-EraseBytes-
#303831	REDUCE cov: 1321 ft: 3964 corp: 765/41Kb lim: 461 exec/s: 18989 rss: 454Mb L: 15/454 MS: 1 EraseBytes-
#304158	REDUCE cov: 1321 ft: 3964 corp: 765/41Kb lim: 461 exec/s: 19009 rss: 454Mb L: 73/454 MS: 2 CopyPart-EraseBytes-
#304769	REDUCE cov: 1321 ft: 3964 corp: 765/41Kb lim: 461 exec/s: 19048 rss: 455Mb L: 82/454 MS: 1 EraseBytes-
#305751	REDUCE cov: 1321 ft: 3965 corp: 766/42Kb lim: 469 exec/s: 19109 rss: 456Mb L: 378/454 MS: 2 ShuffleBytes-CopyPart-
#305817	REDUCE cov: 1321 ft: 3965 corp: 766/42Kb lim: 469 exec/s: 19113 rss: 456Mb L: 59/454 MS: 1 EraseBytes-
#305894	REDUCE cov: 1321 ft: 3965 corp: 766/42Kb lim: 469 exec/s: 19118 rss: 456Mb L: 79/454 MS: 2 ChangeByte-EraseBytes-
#307251	REDUCE cov: 1321 ft: 3965 corp: 766/42Kb lim: 477 exec/s: 19203 rss: 457Mb L: 15/454 MS: 2 InsertByte-EraseBytes-
#308303	REDUCE cov: 1321 ft: 3965 corp: 766/42Kb lim: 485 exec/s: 19268 rss: 458Mb L: 164/454 MS: 2 ChangeBit-EraseBytes-
#309215	REDUCE cov: 1321 ft: 3965 corp: 766/42Kb lim: 493 exec/s: 19325 rss: 458Mb L: 355/454 MS: 2 ChangeByte-EraseBytes-
#310131	REDUCE cov: 1321 ft: 3965 corp: 766/42Kb lim: 501 exec/s: 19383 rss: 459Mb L: 43/454 MS: 1 EraseBytes-
#310247	NEW    cov: 1321 ft: 3996 corp: 767/42Kb lim: 501 exec/s: 19390 rss: 459Mb L: 378/454 MS: 1 CopyPart-
#310263	NEW    cov: 1321 ft: 3997 corp: 768/42Kb lim: 501 exec/s: 19391 rss: 459Mb L: 444/454 MS: 1 CopyPart-
#310714	REDUCE cov: 1321 ft: 3997 corp: 768/42Kb lim: 501 exec/s: 19419 rss: 459Mb L: 22/454 MS: 1 EraseBytes-
#310850	REDUCE cov: 1321 ft: 3997 corp: 768/42Kb lim: 501 exec/s: 19428 rss: 459Mb L: 24/454 MS: 1 EraseBytes-
#311099	REDUCE cov: 1321 ft: 3997 corp: 768/42Kb lim: 501 exec/s: 19443 rss: 459Mb L: 267/454 MS: 4 InsertByte-CopyPart-EraseBytes-EraseBytes-
#311100	REDUCE cov: 1321 ft: 3997 corp: 768/42Kb lim: 501 exec/s: 19443 rss: 459Mb L: 39/454 MS: 1 EraseBytes-
#311159	REDUCE cov: 1321 ft: 3997 corp: 768/42Kb lim: 501 exec/s: 19447 rss: 459Mb L: 341/454 MS: 4 CopyPart-CrossOver-InsertByte-EraseBytes-
#311512	REDUCE cov: 1321 ft: 3997 corp: 768/42Kb lim: 501 exec/s: 19469 rss: 460Mb L: 16/454 MS: 3 ChangeByte-ChangeBinInt-EraseBytes-
#311813	REDUCE cov: 1321 ft: 3997 corp: 768/42Kb lim: 501 exec/s: 19488 rss: 460Mb L: 245/454 MS: 1 EraseBytes-
#311824	REDUCE cov: 1321 ft: 3997 corp: 768/42Kb lim: 501 exec/s: 19489 rss: 460Mb L: 10/454 MS: 1 EraseBytes-
#312375	NEW    cov: 1321 ft: 3999 corp: 769/43Kb lim: 501 exec/s: 19523 rss: 460Mb L: 490/490 MS: 1 CrossOver-
#312868	NEW    cov: 1321 ft: 4000 corp: 770/43Kb lim: 501 exec/s: 19554 rss: 460Mb L: 199/490 MS: 3 CopyPart-EraseBytes-CopyPart-
#313204	REDUCE cov: 1321 ft: 4000 corp: 770/43Kb lim: 501 exec/s: 19575 rss: 461Mb L: 40/490 MS: 1 EraseBytes-
#313405	REDUCE cov: 1321 ft: 4000 corp: 770/43Kb lim: 501 exec/s: 19587 rss: 461Mb L: 145/490 MS: 1 EraseBytes-
#313991	REDUCE cov: 1321 ft: 4000 corp: 770/43Kb lim: 501 exec/s: 19624 rss: 461Mb L: 21/490 MS: 1 EraseBytes-
#314231	NEW    cov: 1321 ft: 4001 corp: 771/43Kb lim: 501 exec/s: 19639 rss: 461Mb L: 368/490 MS: 5 CopyPart-CopyPart-EraseBytes-ShuffleBytes-ChangeByte-
#314387	REDUCE cov: 1321 ft: 4001 corp: 771/43Kb lim: 501 exec/s: 19649 rss: 461Mb L: 57/490 MS: 1 EraseBytes-
#314825	REDUCE cov: 1321 ft: 4001 corp: 771/43Kb lim: 501 exec/s: 19676 rss: 462Mb L: 175/490 MS: 3 ChangeBit-EraseBytes-EraseBytes-
#315119	REDUCE cov: 1321 ft: 4001 corp: 771/43Kb lim: 501 exec/s: 19694 rss: 462Mb L: 189/490 MS: 4 CrossOver-CopyPart-EraseBytes-PersAutoDict- DE: "\033\000\000\000\000\000\000\000"-
#315120	REDUCE cov: 1321 ft: 4001 corp: 771/43Kb lim: 501 exec/s: 19695 rss: 462Mb L: 43/490 MS: 1 EraseBytes-
#315136	REDUCE cov: 1321 ft: 4001 corp: 771/43Kb lim: 501 exec/s: 19696 rss: 463Mb L: 32/490 MS: 1 EraseBytes-
#315944	REDUCE cov: 1321 ft: 4001 corp: 771/43Kb lim: 509 exec/s: 19746 rss: 464Mb L: 114/490 MS: 3 CopyPart-ChangeByte-EraseBytes-
#316011	REDUCE cov: 1321 ft: 4001 corp: 771/43Kb lim: 509 exec/s: 19750 rss: 464Mb L: 34/490 MS: 2 CopyPart-EraseBytes-
#316338	REDUCE cov: 1321 ft: 4001 corp: 771/43Kb lim: 509 exec/s: 19771 rss: 464Mb L: 13/490 MS: 2 ChangeBit-EraseBytes-
#316724	NEW    cov: 1321 ft: 4002 corp: 772/43Kb lim: 509 exec/s: 19795 rss: 464Mb L: 170/490 MS: 1 CopyPart-
#316740	REDUCE cov: 1321 ft: 4002 corp: 772/43Kb lim: 509 exec/s: 19796 rss: 464Mb L: 173/490 MS: 1 EraseBytes-
#317447	REDUCE cov: 1321 ft: 4002 corp: 772/43Kb lim: 509 exec/s: 19840 rss: 465Mb L: 272/490 MS: 2 ChangeBit-EraseBytes-
#317564	REDUCE cov: 1321 ft: 4002 corp: 772/43Kb lim: 509 exec/s: 19847 rss: 465Mb L: 58/490 MS: 2 ShuffleBytes-EraseBytes-
#317681	NEW    cov: 1321 ft: 4003 corp: 773/43Kb lim: 509 exec/s: 19855 rss: 465Mb L: 183/490 MS: 2 CrossOver-CopyPart-
#318212	REDUCE cov: 1321 ft: 4003 corp: 773/43Kb lim: 509 exec/s: 19888 rss: 466Mb L: 49/490 MS: 1 EraseBytes-
#318399	NEW    cov: 1321 ft: 4004 corp: 774/44Kb lim: 509 exec/s: 18729 rss: 466Mb L: 477/490 MS: 2 CMP-CopyPart- DE: "I\000\000\000\000\000\000\000"-
#318845	REDUCE cov: 1321 ft: 4005 corp: 775/44Kb lim: 509 exec/s: 18755 rss: 466Mb L: 207/490 MS: 1 CopyPart-
#319626	REDUCE cov: 1321 ft: 4005 corp: 775/44Kb lim: 509 exec/s: 18801 rss: 467Mb L: 78/490 MS: 1 EraseBytes-
#320142	REDUCE cov: 1321 ft: 4005 corp: 775/44Kb lim: 509 exec/s: 18831 rss: 468Mb L: 14/490 MS: 1 EraseBytes-
#320164	REDUCE cov: 1321 ft: 4006 corp: 776/44Kb lim: 509 exec/s: 18833 rss: 468Mb L: 197/490 MS: 2 ChangeByte-CrossOver-
#320445	REDUCE cov: 1321 ft: 4006 corp: 776/44Kb lim: 509 exec/s: 18849 rss: 468Mb L: 140/490 MS: 1 EraseBytes-
#320722	REDUCE cov: 1321 ft: 4006 corp: 776/44Kb lim: 509 exec/s: 18866 rss: 469Mb L: 28/490 MS: 2 ChangeByte-EraseBytes-
#321273	REDUCE cov: 1321 ft: 4006 corp: 776/44Kb lim: 509 exec/s: 18898 rss: 469Mb L: 31/490 MS: 1 EraseBytes-
#321569	REDUCE cov: 1321 ft: 4006 corp: 776/44Kb lim: 509 exec/s: 18915 rss: 469Mb L: 15/490 MS: 1 EraseBytes-
#322161	REDUCE cov: 1321 ft: 4006 corp: 776/44Kb lim: 509 exec/s: 18950 rss: 470Mb L: 20/490 MS: 2 ChangeByte-EraseBytes-
#322577	REDUCE cov: 1321 ft: 4006 corp: 776/44Kb lim: 509 exec/s: 18975 rss: 470Mb L: 4/490 MS: 1 EraseBytes-
#322974	REDUCE cov: 1321 ft: 4006 corp: 776/44Kb lim: 509 exec/s: 18998 rss: 471Mb L: 53/490 MS: 2 InsertByte-EraseBytes-
#322995	REDUCE cov: 1321 ft: 4006 corp: 776/44Kb lim: 509 exec/s: 18999 rss: 471Mb L: 19/490 MS: 1 EraseBytes-
#323596	REDUCE cov: 1321 ft: 4006 corp: 776/44Kb lim: 509 exec/s: 19035 rss: 471Mb L: 12/490 MS: 1 EraseBytes-
#323661	NEW    cov: 1321 ft: 4007 corp: 777/44Kb lim: 509 exec/s: 19038 rss: 471Mb L: 85/490 MS: 5 CopyPart-PersAutoDict-EraseBytes-EraseBytes-CopyPart- DE: "\000\000\000\310"-
#323957	REDUCE cov: 1321 ft: 4007 corp: 777/44Kb lim: 509 exec/s: 19056 rss: 472Mb L: 23/490 MS: 1 EraseBytes-
#324214	REDUCE cov: 1321 ft: 4007 corp: 777/44Kb lim: 509 exec/s: 19071 rss: 472Mb L: 227/490 MS: 2 InsertByte-EraseBytes-
#324220	REDUCE cov: 1321 ft: 4007 corp: 777/44Kb lim: 509 exec/s: 19071 rss: 472Mb L: 27/490 MS: 1 EraseBytes-
#324492	REDUCE cov: 1321 ft: 4007 corp: 777/44Kb lim: 509 exec/s: 19087 rss: 472Mb L: 10/490 MS: 2 ChangeByte-EraseBytes-
#324539	REDUCE cov: 1321 ft: 4007 corp: 777/44Kb lim: 509 exec/s: 19090 rss: 472Mb L: 64/490 MS: 2 InsertByte-EraseBytes-
#325365	REDUCE cov: 1321 ft: 4007 corp: 777/44Kb lim: 517 exec/s: 19139 rss: 472Mb L: 16/490 MS: 1 EraseBytes-
#325710	NEW    cov: 1321 ft: 4008 corp: 778/45Kb lim: 517 exec/s: 19159 rss: 473Mb L: 500/500 MS: 5 CopyPart-ShuffleBytes-InsertByte-InsertByte-PersAutoDict- DE: "\002\000\000\000\000\000\000\000"-
#325842	REDUCE cov: 1321 ft: 4008 corp: 778/45Kb lim: 517 exec/s: 19167 rss: 473Mb L: 123/500 MS: 2 CopyPart-EraseBytes-
#326135	REDUCE cov: 1321 ft: 4008 corp: 778/45Kb lim: 517 exec/s: 19184 rss: 473Mb L: 221/500 MS: 3 ChangeBit-PersAutoDict-EraseBytes- DE: "\000\000\000\000\000\000\000&"-
#326751	REDUCE cov: 1321 ft: 4008 corp: 778/45Kb lim: 517 exec/s: 19220 rss: 473Mb L: 23/500 MS: 1 EraseBytes-
#326753	REDUCE cov: 1321 ft: 4008 corp: 778/45Kb lim: 517 exec/s: 19220 rss: 473Mb L: 68/500 MS: 2 ChangeByte-EraseBytes-
#327339	REDUCE cov: 1321 ft: 4008 corp: 778/45Kb lim: 517 exec/s: 19255 rss: 473Mb L: 82/500 MS: 1 EraseBytes-
#327785	REDUCE cov: 1321 ft: 4008 corp: 778/45Kb lim: 517 exec/s: 19281 rss: 474Mb L: 7/500 MS: 1 EraseBytes-
#328147	REDUCE cov: 1321 ft: 4008 corp: 778/45Kb lim: 517 exec/s: 19302 rss: 474Mb L: 21/500 MS: 2 ChangeBinInt-EraseBytes-
#329138	REDUCE cov: 1321 ft: 4008 corp: 778/45Kb lim: 526 exec/s: 19361 rss: 474Mb L: 27/500 MS: 1 EraseBytes-
#329334	REDUCE cov: 1321 ft: 4008 corp: 778/45Kb lim: 526 exec/s: 19372 rss: 474Mb L: 20/500 MS: 1 EraseBytes-
#329400	REDUCE cov: 1321 ft: 4008 corp: 778/45Kb lim: 526 exec/s: 19376 rss: 474Mb L: 181/500 MS: 1 EraseBytes-
#329591	REDUCE cov: 1321 ft: 4008 corp: 778/45Kb lim: 526 exec/s: 19387 rss: 474Mb L: 6/500 MS: 1 EraseBytes-
#329752	REDUCE cov: 1321 ft: 4008 corp: 778/45Kb lim: 526 exec/s: 19397 rss: 474Mb L: 8/500 MS: 1 EraseBytes-
#330118	REDUCE cov: 1321 ft: 4008 corp: 778/45Kb lim: 526 exec/s: 19418 rss: 474Mb L: 63/500 MS: 1 EraseBytes-
#330397	REDUCE cov: 1321 ft: 4008 corp: 778/45Kb lim: 526 exec/s: 19435 rss: 475Mb L: 33/500 MS: 4 ChangeBinInt-ShuffleBytes-ChangeBinInt-EraseBytes-
#330459	REDUCE cov: 1321 ft: 4008 corp: 778/45Kb lim: 526 exec/s: 19438 rss: 475Mb L: 35/500 MS: 2 EraseBytes-CMP- DE: "\376\377\377\377\377\377\377\377"-
#330730	REDUCE cov: 1321 ft: 4008 corp: 778/45Kb lim: 526 exec/s: 19454 rss: 475Mb L: 126/500 MS: 1 EraseBytes-
#330911	REDUCE cov: 1321 ft: 4008 corp: 778/45Kb lim: 526 exec/s: 19465 rss: 475Mb L: 87/500 MS: 1 EraseBytes-
#331057	REDUCE cov: 1321 ft: 4008 corp: 778/45Kb lim: 526 exec/s: 19473 rss: 475Mb L: 50/500 MS: 1 EraseBytes-
#331248	NEW    cov: 1321 ft: 4009 corp: 779/45Kb lim: 526 exec/s: 19485 rss: 475Mb L: 490/500 MS: 1 ChangeByte-
#331259	REDUCE cov: 1321 ft: 4009 corp: 779/45Kb lim: 526 exec/s: 19485 rss: 475Mb L: 23/500 MS: 1 EraseBytes-
#331811	REDUCE cov: 1321 ft: 4009 corp: 779/45Kb lim: 526 exec/s: 19518 rss: 476Mb L: 342/500 MS: 2 PersAutoDict-EraseBytes- DE: ")\000\000\000\000\000\000\000"-
#332039	REDUCE cov: 1321 ft: 4009 corp: 779/45Kb lim: 526 exec/s: 19531 rss: 476Mb L: 8/500 MS: 3 ChangeBinInt-ShuffleBytes-EraseBytes-
#332088	REDUCE cov: 1321 ft: 4009 corp: 779/45Kb lim: 526 exec/s: 19534 rss: 476Mb L: 256/490 MS: 4 InsertByte-ChangeBinInt-ChangeBit-EraseBytes-
#332161	REDUCE cov: 1321 ft: 4009 corp: 779/45Kb lim: 526 exec/s: 19538 rss: 476Mb L: 35/490 MS: 3 ChangeBinInt-EraseBytes-CopyPart-
#332254	NEW    cov: 1321 ft: 4010 corp: 780/45Kb lim: 526 exec/s: 19544 rss: 476Mb L: 289/490 MS: 3 ShuffleBytes-InsertByte-CopyPart-
#332645	REDUCE cov: 1321 ft: 4010 corp: 780/45Kb lim: 526 exec/s: 19567 rss: 477Mb L: 63/490 MS: 1 EraseBytes-
#332951	REDUCE cov: 1321 ft: 4010 corp: 780/45Kb lim: 526 exec/s: 19585 rss: 477Mb L: 3/490 MS: 1 EraseBytes-
#333117	REDUCE cov: 1321 ft: 4010 corp: 780/45Kb lim: 526 exec/s: 19595 rss: 477Mb L: 326/490 MS: 1 EraseBytes-
#334358	NEW    cov: 1321 ft: 4011 corp: 781/45Kb lim: 535 exec/s: 19668 rss: 478Mb L: 46/490 MS: 1 CopyPart-
#334494	NEW    cov: 1321 ft: 4012 corp: 782/45Kb lim: 535 exec/s: 19676 rss: 478Mb L: 75/490 MS: 1 CopyPart-
#334785	REDUCE cov: 1321 ft: 4012 corp: 782/45Kb lim: 535 exec/s: 19693 rss: 478Mb L: 19/490 MS: 1 EraseBytes-
#334963	REDUCE cov: 1321 ft: 4012 corp: 782/45Kb lim: 535 exec/s: 19703 rss: 478Mb L: 7/490 MS: 3 InsertByte-ChangeBinInt-EraseBytes-
#335154	REDUCE cov: 1321 ft: 4012 corp: 782/45Kb lim: 535 exec/s: 19714 rss: 478Mb L: 32/490 MS: 1 EraseBytes-
#335504	REDUCE cov: 1321 ft: 4012 corp: 782/45Kb lim: 535 exec/s: 19735 rss: 479Mb L: 195/490 MS: 5 ChangeBit-EraseBytes-PersAutoDict-InsertRepeatedBytes-EraseBytes- DE: "\"\000\000\000"-
#335536	REDUCE cov: 1321 ft: 4012 corp: 782/45Kb lim: 535 exec/s: 19737 rss: 479Mb L: 42/490 MS: 2 ChangeBit-EraseBytes-
#335783	REDUCE cov: 1321 ft: 4012 corp: 782/45Kb lim: 535 exec/s: 19751 rss: 479Mb L: 15/490 MS: 2 InsertByte-EraseBytes-
#336094	REDUCE cov: 1321 ft: 4012 corp: 782/45Kb lim: 535 exec/s: 19770 rss: 479Mb L: 29/490 MS: 1 EraseBytes-
#336200	REDUCE cov: 1321 ft: 4012 corp: 782/45Kb lim: 535 exec/s: 19776 rss: 479Mb L: 31/490 MS: 1 EraseBytes-
#336511	REDUCE cov: 1321 ft: 4012 corp: 782/45Kb lim: 535 exec/s: 19794 rss: 480Mb L: 47/490 MS: 1 EraseBytes-
#336862	REDUCE cov: 1321 ft: 4012 corp: 782/45Kb lim: 535 exec/s: 19815 rss: 480Mb L: 173/490 MS: 1 EraseBytes-
#337077	REDUCE cov: 1321 ft: 4012 corp: 782/45Kb lim: 535 exec/s: 18726 rss: 480Mb L: 100/490 MS: 5 PersAutoDict-ChangeByte-EraseBytes-PersAutoDict-InsertByte- DE: "!\000\000\000"-"!\000\000\000"-
#337163	REDUCE cov: 1321 ft: 4012 corp: 782/45Kb lim: 535 exec/s: 18731 rss: 480Mb L: 24/490 MS: 1 EraseBytes-
#337164	REDUCE cov: 1321 ft: 4012 corp: 782/45Kb lim: 535 exec/s: 18731 rss: 480Mb L: 37/490 MS: 1 EraseBytes-
#337506	REDUCE cov: 1321 ft: 4012 corp: 782/45Kb lim: 535 exec/s: 18750 rss: 480Mb L: 112/490 MS: 2 InsertByte-EraseBytes-
#337772	NEW    cov: 1321 ft: 4013 corp: 783/45Kb lim: 535 exec/s: 18765 rss: 481Mb L: 12/490 MS: 1 CopyPart-
#337853	REDUCE cov: 1321 ft: 4013 corp: 783/45Kb lim: 535 exec/s: 18769 rss: 481Mb L: 9/490 MS: 1 EraseBytes-
#338224	REDUCE cov: 1321 ft: 4013 corp: 783/45Kb lim: 535 exec/s: 18790 rss: 481Mb L: 14/490 MS: 1 EraseBytes-
#338315	REDUCE cov: 1321 ft: 4013 corp: 783/45Kb lim: 535 exec/s: 18795 rss: 482Mb L: 14/490 MS: 1 EraseBytes-
#338523	REDUCE cov: 1321 ft: 4013 corp: 783/45Kb lim: 535 exec/s: 18806 rss: 482Mb L: 301/490 MS: 3 ShuffleBytes-CrossOver-InsertRepeatedBytes-
#339409	REDUCE cov: 1321 ft: 4013 corp: 783/45Kb lim: 535 exec/s: 18856 rss: 483Mb L: 54/490 MS: 1 EraseBytes-
#339946	NEW    cov: 1321 ft: 4014 corp: 784/45Kb lim: 535 exec/s: 18885 rss: 483Mb L: 359/490 MS: 2 PersAutoDict-CopyPart- DE: "\001\000\000\000"-
#340187	REDUCE cov: 1321 ft: 4014 corp: 784/45Kb lim: 535 exec/s: 18899 rss: 483Mb L: 57/490 MS: 1 EraseBytes-
#340220	NEW    cov: 1321 ft: 4033 corp: 785/46Kb lim: 535 exec/s: 18901 rss: 483Mb L: 447/490 MS: 3 InsertRepeatedBytes-ChangeASCIIInt-CopyPart-
#340554	REDUCE cov: 1321 ft: 4033 corp: 785/46Kb lim: 535 exec/s: 18919 rss: 483Mb L: 81/490 MS: 4 ShuffleBytes-ChangeBit-ChangeASCIIInt-EraseBytes-
#340722	REDUCE cov: 1321 ft: 4033 corp: 785/46Kb lim: 535 exec/s: 18929 rss: 483Mb L: 68/490 MS: 3 ChangeASCIIInt-CopyPart-EraseBytes-
#341003	NEW    cov: 1321 ft: 4034 corp: 786/46Kb lim: 535 exec/s: 18944 rss: 484Mb L: 501/501 MS: 1 InsertRepeatedBytes-
#341090	NEW    cov: 1321 ft: 4035 corp: 787/47Kb lim: 535 exec/s: 18949 rss: 484Mb L: 455/501 MS: 2 ShuffleBytes-InsertByte-
#341226	NEW    cov: 1321 ft: 4036 corp: 788/47Kb lim: 535 exec/s: 18957 rss: 484Mb L: 111/501 MS: 1 InsertRepeatedBytes-
#341278	REDUCE cov: 1321 ft: 4036 corp: 788/47Kb lim: 535 exec/s: 18959 rss: 484Mb L: 268/501 MS: 2 InsertRepeatedBytes-EraseBytes-
#341415	REDUCE cov: 1321 ft: 4036 corp: 788/47Kb lim: 535 exec/s: 18967 rss: 484Mb L: 189/501 MS: 2 ShuffleBytes-CrossOver-
#341601	REDUCE cov: 1321 ft: 4036 corp: 788/47Kb lim: 535 exec/s: 18977 rss: 484Mb L: 24/501 MS: 1 EraseBytes-
#341622	NEW    cov: 1321 ft: 4037 corp: 789/47Kb lim: 535 exec/s: 18979 rss: 484Mb L: 68/501 MS: 1 CopyPart-
#342230	NEW    cov: 1321 ft: 4054 corp: 790/47Kb lim: 535 exec/s: 19012 rss: 484Mb L: 456/501 MS: 3 InsertByte-InsertByte-CopyPart-
#342668	REDUCE cov: 1321 ft: 4054 corp: 790/47Kb lim: 535 exec/s: 19037 rss: 484Mb L: 27/501 MS: 3 PersAutoDict-ChangeByte-EraseBytes- DE: "\001\000\001\000"-
#342774	REDUCE cov: 1321 ft: 4055 corp: 791/48Kb lim: 535 exec/s: 19043 rss: 484Mb L: 345/501 MS: 1 PersAutoDict- DE: "!\000\000\000"-
#342856	REDUCE cov: 1321 ft: 4055 corp: 791/48Kb lim: 535 exec/s: 19047 rss: 484Mb L: 105/501 MS: 2 ChangeBit-EraseBytes-
#343392	REDUCE cov: 1321 ft: 4055 corp: 791/48Kb lim: 535 exec/s: 19077 rss: 485Mb L: 58/501 MS: 1 EraseBytes-
#343530	REDUCE cov: 1321 ft: 4055 corp: 791/48Kb lim: 535 exec/s: 19085 rss: 485Mb L: 70/501 MS: 3 ChangeBinInt-ShuffleBytes-EraseBytes-
#343593	REDUCE cov: 1321 ft: 4055 corp: 791/48Kb lim: 535 exec/s: 19088 rss: 485Mb L: 210/501 MS: 3 InsertByte-ChangeBit-EraseBytes-
#344404	REDUCE cov: 1321 ft: 4055 corp: 791/48Kb lim: 535 exec/s: 19133 rss: 485Mb L: 100/501 MS: 1 EraseBytes-
#344749	REDUCE cov: 1321 ft: 4055 corp: 791/48Kb lim: 535 exec/s: 19152 rss: 486Mb L: 72/501 MS: 5 ChangeByte-ChangeByte-ChangeByte-CopyPart-EraseBytes-
#345063	NEW    cov: 1321 ft: 4056 corp: 792/48Kb lim: 535 exec/s: 19170 rss: 486Mb L: 367/501 MS: 4 CMP-CopyPart-CrossOver-CopyPart- DE: "\000\000\000\000\000\000\000n"-
#345072	REDUCE cov: 1321 ft: 4056 corp: 792/48Kb lim: 535 exec/s: 19170 rss: 486Mb L: 212/501 MS: 4 CrossOver-CopyPart-ChangeByte-EraseBytes-
#345649	NEW    cov: 1321 ft: 4058 corp: 793/48Kb lim: 535 exec/s: 19202 rss: 486Mb L: 454/501 MS: 2 ShuffleBytes-CopyPart-
#345750	REDUCE cov: 1321 ft: 4058 corp: 793/48Kb lim: 535 exec/s: 19208 rss: 486Mb L: 23/501 MS: 1 EraseBytes-
#345902	REDUCE cov: 1321 ft: 4058 corp: 793/48Kb lim: 535 exec/s: 19216 rss: 486Mb L: 104/501 MS: 2 ChangeBinInt-EraseBytes-
#345993	REDUCE cov: 1321 ft: 4058 corp: 793/48Kb lim: 535 exec/s: 19221 rss: 486Mb L: 59/501 MS: 1 EraseBytes-
#346014	REDUCE cov: 1321 ft: 4058 corp: 793/48Kb lim: 535 exec/s: 19223 rss: 486Mb L: 42/501 MS: 1 EraseBytes-
#346045	REDUCE cov: 1321 ft: 4058 corp: 793/48Kb lim: 535 exec/s: 19224 rss: 487Mb L: 14/501 MS: 1 EraseBytes-
#346233	REDUCE cov: 1321 ft: 4058 corp: 793/48Kb lim: 535 exec/s: 19235 rss: 487Mb L: 20/501 MS: 3 InsertByte-CrossOver-EraseBytes-
#346259	REDUCE cov: 1321 ft: 4058 corp: 793/48Kb lim: 535 exec/s: 19236 rss: 487Mb L: 7/501 MS: 1 EraseBytes-
#347390	REDUCE cov: 1321 ft: 4058 corp: 793/48Kb lim: 544 exec/s: 19299 rss: 487Mb L: 246/501 MS: 1 EraseBytes-
#347481	NEW    cov: 1321 ft: 4059 corp: 794/49Kb lim: 544 exec/s: 19304 rss: 487Mb L: 474/501 MS: 1 CrossOver-
#347868	REDUCE cov: 1321 ft: 4059 corp: 794/49Kb lim: 544 exec/s: 19326 rss: 487Mb L: 74/501 MS: 2 ChangeBit-EraseBytes-
#349039	REDUCE cov: 1321 ft: 4059 corp: 794/49Kb lim: 553 exec/s: 19391 rss: 488Mb L: 47/501 MS: 1 EraseBytes-
#349681	REDUCE cov: 1321 ft: 4059 corp: 794/49Kb lim: 553 exec/s: 19426 rss: 488Mb L: 17/501 MS: 2 CopyPart-EraseBytes-
#350368	REDUCE cov: 1321 ft: 4073 corp: 795/49Kb lim: 553 exec/s: 19464 rss: 488Mb L: 510/510 MS: 2 ChangeBit-CrossOver-
#350530	NEW    cov: 1321 ft: 4091 corp: 796/50Kb lim: 553 exec/s: 19473 rss: 489Mb L: 480/510 MS: 2 ChangeByte-CopyPart-
#350986	REDUCE cov: 1321 ft: 4091 corp: 796/50Kb lim: 553 exec/s: 19499 rss: 489Mb L: 243/510 MS: 1 EraseBytes-
#351357	REDUCE cov: 1321 ft: 4091 corp: 796/50Kb lim: 553 exec/s: 19519 rss: 489Mb L: 19/510 MS: 1 EraseBytes-
#351613	REDUCE cov: 1321 ft: 4091 corp: 796/50Kb lim: 553 exec/s: 19534 rss: 489Mb L: 31/510 MS: 1 EraseBytes-
#352153	NEW    cov: 1321 ft: 4118 corp: 797/50Kb lim: 553 exec/s: 19564 rss: 490Mb L: 549/549 MS: 5 ChangeASCIIInt-ChangeByte-ChangeASCIIInt-ChangeBit-CopyPart-
#352274	REDUCE cov: 1321 ft: 4118 corp: 797/50Kb lim: 553 exec/s: 19570 rss: 490Mb L: 43/549 MS: 1 EraseBytes-
#352475	REDUCE cov: 1321 ft: 4118 corp: 797/50Kb lim: 553 exec/s: 19581 rss: 490Mb L: 15/549 MS: 1 EraseBytes-
#352624	REDUCE cov: 1321 ft: 4118 corp: 797/50Kb lim: 553 exec/s: 19590 rss: 490Mb L: 291/549 MS: 4 CrossOver-PersAutoDict-InsertRepeatedBytes-CrossOver- DE: "\001\000\001\000"-
#352720	REDUCE cov: 1321 ft: 4118 corp: 797/50Kb lim: 553 exec/s: 19595 rss: 490Mb L: 70/549 MS: 1 EraseBytes-
#352721	REDUCE cov: 1321 ft: 4121 corp: 798/50Kb lim: 553 exec/s: 19595 rss: 490Mb L: 17/549 MS: 1 CrossOver-
#353423	NEW    cov: 1321 ft: 4125 corp: 799/51Kb lim: 553 exec/s: 19634 rss: 490Mb L: 510/549 MS: 2 ShuffleBytes-CopyPart-
#353534	REDUCE cov: 1321 ft: 4125 corp: 799/51Kb lim: 553 exec/s: 19640 rss: 491Mb L: 5/549 MS: 1 EraseBytes-
#354651	REDUCE cov: 1321 ft: 4125 corp: 799/51Kb lim: 562 exec/s: 19702 rss: 492Mb L: 35/549 MS: 2 EraseBytes-CopyPart-
#355417	REDUCE cov: 1321 ft: 4125 corp: 799/51Kb lim: 562 exec/s: 19745 rss: 492Mb L: 14/549 MS: 1 EraseBytes-
#355460	REDUCE cov: 1322 ft: 4126 corp: 800/51Kb lim: 562 exec/s: 19747 rss: 493Mb L: 19/549 MS: 3 InsertByte-CMP-ChangeBinInt- DE: "\000\000\000\015"-
#355797	NEW    cov: 1322 ft: 4128 corp: 801/51Kb lim: 562 exec/s: 18726 rss: 493Mb L: 260/549 MS: 2 ChangeByte-CopyPart-
#355853	REDUCE cov: 1322 ft: 4128 corp: 801/51Kb lim: 562 exec/s: 18729 rss: 493Mb L: 16/549 MS: 1 EraseBytes-
#356244	REDUCE cov: 1322 ft: 4128 corp: 801/51Kb lim: 562 exec/s: 18749 rss: 494Mb L: 55/549 MS: 1 EraseBytes-
#356351	REDUCE cov: 1322 ft: 4128 corp: 801/51Kb lim: 562 exec/s: 18755 rss: 494Mb L: 149/549 MS: 2 ShuffleBytes-EraseBytes-
#356957	REDUCE cov: 1322 ft: 4128 corp: 801/51Kb lim: 562 exec/s: 18787 rss: 494Mb L: 77/549 MS: 1 EraseBytes-
#357274	REDUCE cov: 1322 ft: 4128 corp: 801/51Kb lim: 562 exec/s: 18803 rss: 495Mb L: 17/549 MS: 2 ShuffleBytes-EraseBytes-
#357960	REDUCE cov: 1322 ft: 4128 corp: 801/51Kb lim: 562 exec/s: 18840 rss: 495Mb L: 64/549 MS: 1 EraseBytes-
#358323	REDUCE cov: 1322 ft: 4128 corp: 801/51Kb lim: 562 exec/s: 18859 rss: 495Mb L: 27/549 MS: 3 CopyPart-CopyPart-EraseBytes-
#359706	REDUCE cov: 1322 ft: 4128 corp: 801/51Kb lim: 571 exec/s: 18931 rss: 495Mb L: 35/549 MS: 3 InsertByte-ChangeBinInt-EraseBytes-
#360423	NEW    cov: 1322 ft: 4129 corp: 802/51Kb lim: 571 exec/s: 18969 rss: 496Mb L: 549/549 MS: 2 CopyPart-InsertByte-
#360549	REDUCE cov: 1322 ft: 4132 corp: 803/52Kb lim: 571 exec/s: 18976 rss: 496Mb L: 125/549 MS: 1 InsertRepeatedBytes-
#360616	REDUCE cov: 1322 ft: 4132 corp: 803/52Kb lim: 571 exec/s: 18979 rss: 496Mb L: 64/549 MS: 2 EraseBytes-InsertByte-
#360742	NEW    cov: 1322 ft: 4133 corp: 804/52Kb lim: 571 exec/s: 18986 rss: 496Mb L: 563/563 MS: 1 CopyPart-
#360880	REDUCE cov: 1322 ft: 4133 corp: 804/52Kb lim: 571 exec/s: 18993 rss: 496Mb L: 45/563 MS: 3 ShuffleBytes-ChangeBinInt-EraseBytes-
#361015	NEW    cov: 1322 ft: 4134 corp: 805/52Kb lim: 571 exec/s: 19000 rss: 496Mb L: 271/563 MS: 5 InsertByte-ChangeByte-CrossOver-InsertByte-CrossOver-
#361021	REDUCE cov: 1322 ft: 4134 corp: 805/52Kb lim: 571 exec/s: 19001 rss: 496Mb L: 86/563 MS: 1 EraseBytes-
#361158	REDUCE cov: 1322 ft: 4134 corp: 805/52Kb lim: 571 exec/s: 19008 rss: 496Mb L: 21/563 MS: 2 ChangeBit-EraseBytes-
#361416	REDUCE cov: 1322 ft: 4134 corp: 805/52Kb lim: 571 exec/s: 19021 rss: 496Mb L: 126/563 MS: 3 ChangeByte-PersAutoDict-EraseBytes- DE: "%\000\000\000\000\000\000\000"-
#361643	REDUCE cov: 1322 ft: 4134 corp: 805/52Kb lim: 571 exec/s: 19033 rss: 496Mb L: 70/563 MS: 2 PersAutoDict-EraseBytes- DE: "&\000\000\000\000\000\000\000"-
#362071	NEW    cov: 1322 ft: 4135 corp: 806/53Kb lim: 571 exec/s: 19056 rss: 496Mb L: 280/563 MS: 3 ChangeBinInt-CrossOver-CopyPart-
#362392	NEW    cov: 1322 ft: 4143 corp: 807/53Kb lim: 571 exec/s: 19073 rss: 497Mb L: 546/563 MS: 1 CopyPart-
#362478	NEW    cov: 1322 ft: 4145 corp: 808/53Kb lim: 571 exec/s: 19077 rss: 497Mb L: 112/563 MS: 1 CopyPart-
#362799	REDUCE cov: 1322 ft: 4145 corp: 808/53Kb lim: 571 exec/s: 19094 rss: 497Mb L: 61/563 MS: 1 EraseBytes-
#363431	REDUCE cov: 1322 ft: 4145 corp: 808/53Kb lim: 571 exec/s: 19127 rss: 497Mb L: 34/563 MS: 2 CopyPart-EraseBytes-
#363499	NEW    cov: 1322 ft: 4146 corp: 809/54Kb lim: 571 exec/s: 19131 rss: 497Mb L: 447/563 MS: 3 ChangeBit-PersAutoDict-CrossOver- DE: "\001\000\000-"-
#363666	REDUCE cov: 1330 ft: 4154 corp: 810/54Kb lim: 571 exec/s: 19140 rss: 497Mb L: 54/563 MS: 2 ShuffleBytes-CrossOver-
#363947	REDUCE cov: 1330 ft: 4154 corp: 810/54Kb lim: 571 exec/s: 19155 rss: 498Mb L: 67/563 MS: 1 EraseBytes-
#364126	REDUCE cov: 1330 ft: 4154 corp: 810/54Kb lim: 571 exec/s: 19164 rss: 498Mb L: 264/563 MS: 4 EraseBytes-ChangeByte-ChangeBinInt-InsertRepeatedBytes-
#364187	REDUCE cov: 1330 ft: 4154 corp: 810/54Kb lim: 571 exec/s: 19167 rss: 498Mb L: 72/563 MS: 1 EraseBytes-
#364285	REDUCE cov: 1330 ft: 4154 corp: 810/54Kb lim: 571 exec/s: 19172 rss: 498Mb L: 22/563 MS: 3 ChangeBinInt-ChangeByte-EraseBytes-
#364446	REDUCE cov: 1330 ft: 4154 corp: 810/54Kb lim: 571 exec/s: 19181 rss: 498Mb L: 45/563 MS: 1 EraseBytes-
#364482	NEW    cov: 1330 ft: 4156 corp: 811/54Kb lim: 571 exec/s: 19183 rss: 498Mb L: 17/563 MS: 1 ShuffleBytes-
#364650	REDUCE cov: 1330 ft: 4156 corp: 811/54Kb lim: 571 exec/s: 19192 rss: 498Mb L: 39/563 MS: 3 CopyPart-InsertByte-EraseBytes-
#365236	REDUCE cov: 1330 ft: 4156 corp: 811/54Kb lim: 571 exec/s: 19222 rss: 499Mb L: 17/563 MS: 1 EraseBytes-
#366182	REDUCE cov: 1330 ft: 4156 corp: 811/54Kb lim: 580 exec/s: 19272 rss: 499Mb L: 20/563 MS: 1 EraseBytes-
#366389	REDUCE cov: 1330 ft: 4156 corp: 811/54Kb lim: 580 exec/s: 19283 rss: 499Mb L: 54/563 MS: 2 ChangeBinInt-EraseBytes-
#367480	REDUCE cov: 1330 ft: 4156 corp: 811/54Kb lim: 589 exec/s: 19341 rss: 500Mb L: 14/563 MS: 1 EraseBytes-
#367491	REDUCE cov: 1330 ft: 4158 corp: 812/54Kb lim: 589 exec/s: 19341 rss: 500Mb L: 267/563 MS: 1 CrossOver-
#368037	NEW    cov: 1330 ft: 4160 corp: 813/55Kb lim: 589 exec/s: 19370 rss: 501Mb L: 549/563 MS: 1 CopyPart-
#368271	NEW    cov: 1330 ft: 4161 corp: 814/55Kb lim: 589 exec/s: 19382 rss: 501Mb L: 479/563 MS: 4 PersAutoDict-ChangeASCIIInt-CopyPart-CopyPart- DE: "\377\377"-
#368332	REDUCE cov: 1330 ft: 4161 corp: 814/55Kb lim: 589 exec/s: 19385 rss: 501Mb L: 32/563 MS: 1 EraseBytes-
#368370	REDUCE cov: 1331 ft: 4162 corp: 815/55Kb lim: 589 exec/s: 19387 rss: 501Mb L: 5/563 MS: 3 EraseBytes-EraseBytes-ChangeBit-
#368431	REDUCE cov: 1331 ft: 4162 corp: 815/55Kb lim: 589 exec/s: 19391 rss: 501Mb L: 386/563 MS: 1 EraseBytes-
#368532	REDUCE cov: 1332 ft: 4163 corp: 816/55Kb lim: 589 exec/s: 19396 rss: 502Mb L: 31/563 MS: 1 ChangeBit-
#369338	REDUCE cov: 1332 ft: 4163 corp: 816/55Kb lim: 589 exec/s: 19438 rss: 503Mb L: 5/563 MS: 1 EraseBytes-
#369840	REDUCE cov: 1332 ft: 4163 corp: 816/55Kb lim: 589 exec/s: 19465 rss: 503Mb L: 17/563 MS: 2 ChangeBinInt-EraseBytes-
#369932	NEW    cov: 1332 ft: 4164 corp: 817/55Kb lim: 589 exec/s: 19470 rss: 503Mb L: 562/563 MS: 2 ChangeBinInt-CopyPart-
#369933	NEW    cov: 1332 ft: 4166 corp: 818/56Kb lim: 589 exec/s: 19470 rss: 503Mb L: 518/563 MS: 1 CopyPart-
#370036	REDUCE cov: 1332 ft: 4166 corp: 818/56Kb lim: 589 exec/s: 19475 rss: 504Mb L: 18/563 MS: 3 ShuffleBytes-ShuffleBytes-EraseBytes-
#370059	REDUCE cov: 1332 ft: 4166 corp: 818/56Kb lim: 589 exec/s: 19476 rss: 504Mb L: 33/563 MS: 3 InsertByte-EraseBytes-CopyPart-
#370313	REDUCE cov: 1332 ft: 4166 corp: 818/56Kb lim: 589 exec/s: 19490 rss: 504Mb L: 474/563 MS: 4 CopyPart-ChangeByte-ChangeASCIIInt-EraseBytes-
#370614	REDUCE cov: 1332 ft: 4166 corp: 818/56Kb lim: 589 exec/s: 19506 rss: 504Mb L: 26/563 MS: 1 EraseBytes-
#370896	REDUCE cov: 1332 ft: 4166 corp: 818/56Kb lim: 589 exec/s: 19520 rss: 504Mb L: 54/563 MS: 2 ChangeBit-EraseBytes-
#371342	REDUCE cov: 1334 ft: 4168 corp: 819/56Kb lim: 589 exec/s: 19544 rss: 504Mb L: 231/563 MS: 1 CrossOver-
#371505	REDUCE cov: 1334 ft: 4168 corp: 819/56Kb lim: 589 exec/s: 19552 rss: 504Mb L: 334/563 MS: 3 EraseBytes-ChangeBit-InsertByte-
#371841	REDUCE cov: 1334 ft: 4171 corp: 820/57Kb lim: 589 exec/s: 19570 rss: 504Mb L: 486/563 MS: 1 CopyPart-
#372982	REDUCE cov: 1334 ft: 4171 corp: 820/57Kb lim: 598 exec/s: 19630 rss: 505Mb L: 155/563 MS: 1 EraseBytes-
#373030	NEW    cov: 1334 ft: 4173 corp: 821/57Kb lim: 598 exec/s: 19633 rss: 505Mb L: 593/593 MS: 3 CopyPart-CopyPart-ChangeBit-
#373906	REDUCE cov: 1334 ft: 4173 corp: 821/57Kb lim: 598 exec/s: 18695 rss: 505Mb L: 9/593 MS: 1 EraseBytes-
#374345	REDUCE cov: 1334 ft: 4173 corp: 821/57Kb lim: 598 exec/s: 18717 rss: 506Mb L: 15/593 MS: 4 InsertByte-InsertByte-ChangeBinInt-EraseBytes-
#374427	NEW    cov: 1334 ft: 4175 corp: 822/57Kb lim: 598 exec/s: 18721 rss: 506Mb L: 231/593 MS: 2 PersAutoDict-ChangeBinInt- DE: "&\000\000\000\000\000\000\000"-
#374444	REDUCE cov: 1334 ft: 4175 corp: 822/57Kb lim: 598 exec/s: 18722 rss: 506Mb L: 311/593 MS: 2 InsertByte-EraseBytes-
#374595	REDUCE cov: 1334 ft: 4176 corp: 823/57Kb lim: 598 exec/s: 18729 rss: 506Mb L: 189/593 MS: 1 CrossOver-
#374981	REDUCE cov: 1334 ft: 4176 corp: 823/57Kb lim: 598 exec/s: 18749 rss: 506Mb L: 19/593 MS: 1 EraseBytes-
#375277	REDUCE cov: 1334 ft: 4176 corp: 823/57Kb lim: 598 exec/s: 18763 rss: 506Mb L: 236/593 MS: 1 EraseBytes-
#375723	NEW    cov: 1337 ft: 4205 corp: 824/58Kb lim: 598 exec/s: 18786 rss: 506Mb L: 565/593 MS: 1 InsertRepeatedBytes-
#375860	REDUCE cov: 1337 ft: 4205 corp: 824/58Kb lim: 598 exec/s: 18793 rss: 506Mb L: 48/593 MS: 2 InsertByte-EraseBytes-
#376723	NEW    cov: 1337 ft: 4214 corp: 825/58Kb lim: 598 exec/s: 18836 rss: 506Mb L: 128/593 MS: 3 ChangeBinInt-CopyPart-CopyPart-
#377290	REDUCE cov: 1337 ft: 4214 corp: 825/58Kb lim: 598 exec/s: 18864 rss: 507Mb L: 96/593 MS: 2 ChangeByte-EraseBytes-
#377545	REDUCE cov: 1337 ft: 4214 corp: 825/58Kb lim: 598 exec/s: 18877 rss: 507Mb L: 155/593 MS: 5 CopyPart-ChangeASCIIInt-ChangeByte-ShuffleBytes-EraseBytes-
#377839	NEW    cov: 1337 ft: 4215 corp: 826/58Kb lim: 598 exec/s: 18891 rss: 507Mb L: 346/593 MS: 4 ChangeBit-EraseBytes-CMP-ChangeBinInt- DE: "\004\000\000\000\000\000\000\000"-
#378215	REDUCE cov: 1337 ft: 4215 corp: 826/58Kb lim: 598 exec/s: 18910 rss: 507Mb L: 15/593 MS: 1 EraseBytes-
#378317	NEW    cov: 1337 ft: 4216 corp: 827/59Kb lim: 598 exec/s: 18915 rss: 507Mb L: 584/593 MS: 2 CopyPart-CrossOver-
#378518	REDUCE cov: 1337 ft: 4216 corp: 827/59Kb lim: 598 exec/s: 18925 rss: 507Mb L: 53/593 MS: 1 EraseBytes-
#378844	NEW    cov: 1337 ft: 4218 corp: 828/60Kb lim: 598 exec/s: 18942 rss: 507Mb L: 594/594 MS: 1 InsertByte-
#378952	REDUCE cov: 1337 ft: 4218 corp: 828/60Kb lim: 598 exec/s: 18947 rss: 507Mb L: 74/594 MS: 3 ChangeASCIIInt-ChangeASCIIInt-EraseBytes-
#379074	NEW    cov: 1337 ft: 4219 corp: 829/60Kb lim: 598 exec/s: 18953 rss: 508Mb L: 529/594 MS: 2 InsertRepeatedBytes-CopyPart-
#379105	REDUCE cov: 1337 ft: 4219 corp: 829/60Kb lim: 598 exec/s: 18955 rss: 508Mb L: 10/594 MS: 1 EraseBytes-
#379156	REDUCE cov: 1337 ft: 4219 corp: 829/60Kb lim: 598 exec/s: 18957 rss: 508Mb L: 172/594 MS: 1 EraseBytes-
#379167	REDUCE cov: 1337 ft: 4219 corp: 829/60Kb lim: 598 exec/s: 18958 rss: 508Mb L: 17/594 MS: 1 EraseBytes-
#379289	REDUCE cov: 1337 ft: 4219 corp: 829/60Kb lim: 598 exec/s: 18964 rss: 508Mb L: 18/594 MS: 2 CMP-EraseBytes- DE: "\377\377\377\374"-
#379295	REDUCE cov: 1337 ft: 4219 corp: 829/60Kb lim: 598 exec/s: 18964 rss: 508Mb L: 53/594 MS: 1 EraseBytes-
#380143	NEW    cov: 1337 ft: 4222 corp: 830/60Kb lim: 598 exec/s: 19007 rss: 509Mb L: 190/594 MS: 3 CrossOver-CopyPart-EraseBytes-
#380221	REDUCE cov: 1337 ft: 4223 corp: 831/60Kb lim: 598 exec/s: 19011 rss: 509Mb L: 116/594 MS: 3 ChangeBit-CopyPart-InsertRepeatedBytes-
#381078	NEW    cov: 1337 ft: 4224 corp: 832/61Kb lim: 598 exec/s: 19053 rss: 509Mb L: 564/594 MS: 2 CMP-InsertByte- DE: "\025\000"-
#381130	REDUCE cov: 1337 ft: 4225 corp: 833/61Kb lim: 598 exec/s: 19056 rss: 510Mb L: 20/594 MS: 2 InsertByte-PersAutoDict- DE: "\001\000\000-"-
#381631	NEW    cov: 1337 ft: 4226 corp: 834/61Kb lim: 598 exec/s: 19081 rss: 510Mb L: 513/594 MS: 1 CopyPart-
#381944	REDUCE cov: 1337 ft: 4228 corp: 835/62Kb lim: 598 exec/s: 19097 rss: 510Mb L: 480/594 MS: 3 InsertRepeatedBytes-ShuffleBytes-CopyPart-
#382002	REDUCE cov: 1337 ft: 4228 corp: 835/62Kb lim: 598 exec/s: 19100 rss: 510Mb L: 12/594 MS: 3 ChangeBit-EraseBytes-InsertByte-
#382464	REDUCE cov: 1337 ft: 4229 corp: 836/62Kb lim: 598 exec/s: 19123 rss: 511Mb L: 73/594 MS: 2 ChangeBit-CopyPart-
#382580	REDUCE cov: 1337 ft: 4229 corp: 836/62Kb lim: 598 exec/s: 19129 rss: 511Mb L: 18/594 MS: 1 EraseBytes-
#382650	REDUCE cov: 1337 ft: 4229 corp: 836/62Kb lim: 598 exec/s: 19132 rss: 511Mb L: 104/594 MS: 5 ChangeByte-ChangeBit-ChangeByte-CopyPart-EraseBytes-
#383070	NEW    cov: 1337 ft: 4233 corp: 837/62Kb lim: 598 exec/s: 19153 rss: 511Mb L: 575/594 MS: 5 ShuffleBytes-CopyPart-InsertRepeatedBytes-ShuffleBytes-CopyPart-
#383231	NEW    cov: 1337 ft: 4234 corp: 838/63Kb lim: 598 exec/s: 19161 rss: 512Mb L: 84/594 MS: 1 CopyPart-
#383428	REDUCE cov: 1337 ft: 4234 corp: 838/62Kb lim: 598 exec/s: 19171 rss: 512Mb L: 246/594 MS: 2 ChangeBit-EraseBytes-
#383705	REDUCE cov: 1337 ft: 4234 corp: 838/62Kb lim: 598 exec/s: 19185 rss: 512Mb L: 54/594 MS: 2 ChangeByte-EraseBytes-
#383886	NEW    cov: 1337 ft: 4239 corp: 839/63Kb lim: 598 exec/s: 19194 rss: 512Mb L: 597/597 MS: 1 InsertRepeatedBytes-
#383988	REDUCE cov: 1337 ft: 4239 corp: 839/63Kb lim: 598 exec/s: 19199 rss: 512Mb L: 64/597 MS: 2 CMP-EraseBytes- DE: "\001\000\000\000"-
#384705	NEW    cov: 1337 ft: 4240 corp: 840/64Kb lim: 598 exec/s: 19235 rss: 512Mb L: 514/597 MS: 2 ChangeByte-InsertByte-
#384990	REDUCE cov: 1337 ft: 4240 corp: 840/64Kb lim: 598 exec/s: 19249 rss: 512Mb L: 54/597 MS: 5 ChangeBit-InsertByte-ChangeBinInt-PersAutoDict-EraseBytes- DE: "\001\000\000-"-
#385172	REDUCE cov: 1337 ft: 4240 corp: 840/64Kb lim: 598 exec/s: 19258 rss: 512Mb L: 275/597 MS: 2 CrossOver-CrossOver-
#385625	REDUCE cov: 1337 ft: 4240 corp: 840/64Kb lim: 598 exec/s: 19281 rss: 512Mb L: 8/597 MS: 3 InsertByte-PersAutoDict-EraseBytes- DE: "\034\000"-
#385707	REDUCE cov: 1337 ft: 4240 corp: 840/64Kb lim: 598 exec/s: 19285 rss: 512Mb L: 37/597 MS: 2 ShuffleBytes-EraseBytes-
#385968	REDUCE cov: 1337 ft: 4240 corp: 840/64Kb lim: 598 exec/s: 19298 rss: 512Mb L: 22/597 MS: 1 EraseBytes-
#386074	REDUCE cov: 1337 ft: 4240 corp: 840/64Kb lim: 598 exec/s: 19303 rss: 513Mb L: 201/597 MS: 1 EraseBytes-
#386304	REDUCE cov: 1337 ft: 4240 corp: 840/64Kb lim: 598 exec/s: 19315 rss: 513Mb L: 193/597 MS: 5 InsertRepeatedBytes-ChangeBit-CopyPart-EraseBytes-InsertByte-
#386362	NEW    cov: 1337 ft: 4241 corp: 841/64Kb lim: 598 exec/s: 19318 rss: 513Mb L: 549/597 MS: 3 ChangeBit-InsertByte-CopyPart-
#386504	REDUCE cov: 1337 ft: 4241 corp: 841/64Kb lim: 598 exec/s: 19325 rss: 513Mb L: 189/597 MS: 2 EraseBytes-CopyPart-
#386624	REDUCE cov: 1337 ft: 4241 corp: 841/64Kb lim: 598 exec/s: 19331 rss: 513Mb L: 230/597 MS: 5 InsertByte-ChangeBit-InsertByte-ChangeASCIIInt-EraseBytes-
#386638	REDUCE cov: 1337 ft: 4241 corp: 841/64Kb lim: 598 exec/s: 19331 rss: 513Mb L: 149/597 MS: 4 ChangeByte-PersAutoDict-EraseBytes-PersAutoDict- DE: "\377\377\377\377\377\377\377\014"-"\005\000\000\000\000\000\000\000"-
#386846	REDUCE cov: 1337 ft: 4241 corp: 841/64Kb lim: 598 exec/s: 19342 rss: 513Mb L: 16/597 MS: 3 ChangeBit-EraseBytes-PersAutoDict- DE: "\000\000\000\020"-
#386862	REDUCE cov: 1337 ft: 4241 corp: 841/64Kb lim: 598 exec/s: 19343 rss: 513Mb L: 35/597 MS: 1 EraseBytes-
#387005	REDUCE cov: 1337 ft: 4241 corp: 841/64Kb lim: 598 exec/s: 19350 rss: 513Mb L: 77/597 MS: 3 CopyPart-CMP-EraseBytes- DE: "'\000"-
#387223	REDUCE cov: 1337 ft: 4241 corp: 841/64Kb lim: 598 exec/s: 19361 rss: 513Mb L: 27/597 MS: 3 PersAutoDict-InsertByte-EraseBytes- DE: "L\377\377\377"-
#387317	REDUCE cov: 1337 ft: 4241 corp: 841/64Kb lim: 598 exec/s: 19365 rss: 513Mb L: 29/597 MS: 4 ShuffleBytes-ChangeByte-PersAutoDict-EraseBytes- DE: "&\000\000\000\000\000\000\000"-
#388025	REDUCE cov: 1337 ft: 4241 corp: 841/64Kb lim: 598 exec/s: 19401 rss: 513Mb L: 4/597 MS: 3 CrossOver-ShuffleBytes-EraseBytes-
#388031	REDUCE cov: 1337 ft: 4241 corp: 841/64Kb lim: 598 exec/s: 19401 rss: 514Mb L: 348/597 MS: 1 EraseBytes-
#388118	NEW    cov: 1337 ft: 4242 corp: 842/64Kb lim: 598 exec/s: 19405 rss: 514Mb L: 564/597 MS: 2 ShuffleBytes-CopyPart-
#388169	NEW    cov: 1338 ft: 4243 corp: 843/64Kb lim: 598 exec/s: 19408 rss: 514Mb L: 17/597 MS: 1 ChangeByte-
#388210	REDUCE cov: 1338 ft: 4243 corp: 843/64Kb lim: 598 exec/s: 19410 rss: 514Mb L: 84/597 MS: 1 EraseBytes-
#388271	REDUCE cov: 1338 ft: 4243 corp: 843/64Kb lim: 598 exec/s: 19413 rss: 514Mb L: 120/597 MS: 1 EraseBytes-
#388404	REDUCE cov: 1338 ft: 4243 corp: 843/64Kb lim: 598 exec/s: 19420 rss: 514Mb L: 74/597 MS: 3 CopyPart-ChangeBinInt-EraseBytes-
#388910	REDUCE cov: 1338 ft: 4243 corp: 843/64Kb lim: 598 exec/s: 19445 rss: 514Mb L: 115/597 MS: 1 EraseBytes-
#389151	REDUCE cov: 1338 ft: 4243 corp: 843/64Kb lim: 598 exec/s: 19457 rss: 514Mb L: 21/597 MS: 1 EraseBytes-
#389705	REDUCE cov: 1338 ft: 4243 corp: 843/64Kb lim: 598 exec/s: 19485 rss: 514Mb L: 32/597 MS: 4 CMP-ChangeByte-EraseBytes-CopyPart- DE: "\000\000\000\000"-
#389861	REDUCE cov: 1338 ft: 4243 corp: 843/64Kb lim: 598 exec/s: 19493 rss: 514Mb L: 18/597 MS: 1 EraseBytes-
#390497	REDUCE cov: 1338 ft: 4243 corp: 843/64Kb lim: 598 exec/s: 19524 rss: 515Mb L: 218/597 MS: 1 EraseBytes-
#390513	REDUCE cov: 1338 ft: 4243 corp: 843/64Kb lim: 598 exec/s: 19525 rss: 515Mb L: 9/597 MS: 1 EraseBytes-
#390843	REDUCE cov: 1338 ft: 4244 corp: 844/64Kb lim: 598 exec/s: 19542 rss: 515Mb L: 68/597 MS: 5 CrossOver-ShuffleBytes-ChangeBit-ChangeBinInt-CrossOver-
#390920	REDUCE cov: 1338 ft: 4244 corp: 844/64Kb lim: 598 exec/s: 19546 rss: 515Mb L: 9/597 MS: 2 ChangeBit-EraseBytes-
#391371	NEW    cov: 1338 ft: 4245 corp: 845/65Kb lim: 598 exec/s: 18636 rss: 515Mb L: 597/597 MS: 1 ShuffleBytes-
#391728	REDUCE cov: 1338 ft: 4245 corp: 845/65Kb lim: 598 exec/s: 18653 rss: 515Mb L: 8/597 MS: 2 ChangeBit-EraseBytes-
#391831	REDUCE cov: 1338 ft: 4245 corp: 845/65Kb lim: 598 exec/s: 18658 rss: 516Mb L: 223/597 MS: 3 InsertByte-PersAutoDict-EraseBytes- DE: "\001\000\000\000"-
#392092	REDUCE cov: 1338 ft: 4245 corp: 845/65Kb lim: 598 exec/s: 18671 rss: 516Mb L: 23/597 MS: 1 EraseBytes-
#392244	NEW    cov: 1338 ft: 4246 corp: 846/65Kb lim: 598 exec/s: 18678 rss: 516Mb L: 584/597 MS: 2 CopyPart-CopyPart-
#392996	REDUCE cov: 1338 ft: 4246 corp: 846/65Kb lim: 598 exec/s: 18714 rss: 516Mb L: 156/597 MS: 2 ChangeBinInt-EraseBytes-
#393050	REDUCE cov: 1338 ft: 4246 corp: 846/65Kb lim: 598 exec/s: 18716 rss: 516Mb L: 211/597 MS: 4 InsertByte-ChangeASCIIInt-ChangeASCIIInt-EraseBytes-
#393337	REDUCE cov: 1338 ft: 4246 corp: 846/65Kb lim: 598 exec/s: 18730 rss: 516Mb L: 62/597 MS: 2 ChangeBinInt-EraseBytes-
#393573	NEW    cov: 1338 ft: 4247 corp: 847/66Kb lim: 598 exec/s: 18741 rss: 517Mb L: 593/597 MS: 1 ChangeBinInt-
#393580	REDUCE cov: 1338 ft: 4247 corp: 847/66Kb lim: 598 exec/s: 18741 rss: 517Mb L: 59/597 MS: 2 ChangeBinInt-EraseBytes-
#394314	NEW    cov: 1338 ft: 4253 corp: 848/67Kb lim: 598 exec/s: 18776 rss: 517Mb L: 596/597 MS: 4 CopyPart-ChangeASCIIInt-ChangeByte-ShuffleBytes-
#394427	NEW    cov: 1338 ft: 4254 corp: 849/67Kb lim: 598 exec/s: 18782 rss: 517Mb L: 598/598 MS: 3 InsertByte-CopyPart-CrossOver-
#394803	REDUCE cov: 1338 ft: 4254 corp: 849/67Kb lim: 598 exec/s: 18800 rss: 517Mb L: 13/598 MS: 1 EraseBytes-
#395045	REDUCE cov: 1338 ft: 4254 corp: 849/67Kb lim: 598 exec/s: 18811 rss: 518Mb L: 201/598 MS: 2 InsertByte-EraseBytes-
#395186	NEW    cov: 1338 ft: 4255 corp: 850/68Kb lim: 598 exec/s: 18818 rss: 518Mb L: 575/598 MS: 1 CopyPart-
#395312	REDUCE cov: 1338 ft: 4255 corp: 850/68Kb lim: 598 exec/s: 18824 rss: 518Mb L: 172/598 MS: 1 EraseBytes-
#395903	REDUCE cov: 1338 ft: 4255 corp: 850/68Kb lim: 598 exec/s: 18852 rss: 518Mb L: 16/598 MS: 1 EraseBytes-
#396466	NEW    cov: 1338 ft: 4257 corp: 851/68Kb lim: 598 exec/s: 18879 rss: 519Mb L: 462/598 MS: 3 CrossOver-EraseBytes-ChangeBit-
#396677	REDUCE cov: 1338 ft: 4257 corp: 851/68Kb lim: 598 exec/s: 18889 rss: 519Mb L: 460/598 MS: 1 EraseBytes-
#397058	NEW    cov: 1338 ft: 4258 corp: 852/68Kb lim: 598 exec/s: 18907 rss: 519Mb L: 147/598 MS: 1 CopyPart-
#397494	REDUCE cov: 1338 ft: 4258 corp: 852/68Kb lim: 598 exec/s: 18928 rss: 519Mb L: 38/598 MS: 1 EraseBytes-
#398540	REDUCE cov: 1338 ft: 4258 corp: 852/68Kb lim: 607 exec/s: 18978 rss: 519Mb L: 73/598 MS: 1 EraseBytes-
#398858	REDUCE cov: 1338 ft: 4258 corp: 852/68Kb lim: 607 exec/s: 18993 rss: 519Mb L: 14/598 MS: 3 CopyPart-PersAutoDict-EraseBytes- DE: "\001\302"-
#399030	REDUCE cov: 1338 ft: 4258 corp: 852/68Kb lim: 607 exec/s: 19001 rss: 519Mb L: 143/598 MS: 2 ShuffleBytes-EraseBytes-
#399313	REDUCE cov: 1338 ft: 4258 corp: 852/68Kb lim: 607 exec/s: 19014 rss: 520Mb L: 130/598 MS: 3 ShuffleBytes-InsertByte-EraseBytes-
#399355	REDUCE cov: 1338 ft: 4258 corp: 852/68Kb lim: 607 exec/s: 19016 rss: 520Mb L: 115/598 MS: 2 ChangeBit-EraseBytes-
#399407	REDUCE cov: 1338 ft: 4258 corp: 852/68Kb lim: 607 exec/s: 19019 rss: 520Mb L: 105/598 MS: 2 ChangeBinInt-EraseBytes-
#399639	NEW    cov: 1338 ft: 4259 corp: 853/68Kb lim: 607 exec/s: 19030 rss: 520Mb L: 365/598 MS: 2 PersAutoDict-CopyPart- DE: "\000\000\000\000\000\000\000\002"-
#399831	REDUCE cov: 1338 ft: 4259 corp: 853/68Kb lim: 607 exec/s: 19039 rss: 520Mb L: 180/598 MS: 2 CopyPart-EraseBytes-
#400545	REDUCE cov: 1338 ft: 4259 corp: 853/68Kb lim: 607 exec/s: 19073 rss: 520Mb L: 51/598 MS: 4 CopyPart-CrossOver-ChangeBit-EraseBytes-
#400701	REDUCE cov: 1338 ft: 4259 corp: 853/68Kb lim: 607 exec/s: 19081 rss: 520Mb L: 6/598 MS: 1 EraseBytes-
#400787	REDUCE cov: 1338 ft: 4259 corp: 853/68Kb lim: 607 exec/s: 19085 rss: 520Mb L: 7/598 MS: 1 EraseBytes-
#400969	REDUCE cov: 1338 ft: 4259 corp: 853/68Kb lim: 607 exec/s: 19093 rss: 520Mb L: 208/598 MS: 2 ChangeBit-EraseBytes-
#400985	REDUCE cov: 1338 ft: 4259 corp: 853/68Kb lim: 607 exec/s: 19094 rss: 520Mb L: 127/598 MS: 1 EraseBytes-
#401361	REDUCE cov: 1338 ft: 4259 corp: 853/68Kb lim: 607 exec/s: 19112 rss: 520Mb L: 15/598 MS: 1 EraseBytes-
#402087	NEW    cov: 1338 ft: 4260 corp: 854/68Kb lim: 607 exec/s: 19147 rss: 521Mb L: 149/598 MS: 1 PersAutoDict- DE: "\025\000"-
#402141	REDUCE cov: 1338 ft: 4260 corp: 854/68Kb lim: 607 exec/s: 19149 rss: 521Mb L: 18/598 MS: 4 ShuffleBytes-InsertRepeatedBytes-CopyPart-EraseBytes-
#402327	REDUCE cov: 1338 ft: 4260 corp: 854/68Kb lim: 607 exec/s: 19158 rss: 521Mb L: 19/598 MS: 1 EraseBytes-
#402488	REDUCE cov: 1338 ft: 4260 corp: 854/68Kb lim: 607 exec/s: 19166 rss: 521Mb L: 19/598 MS: 1 EraseBytes-
#403654	REDUCE cov: 1338 ft: 4260 corp: 854/68Kb lim: 616 exec/s: 19221 rss: 522Mb L: 14/598 MS: 1 EraseBytes-
#404535	REDUCE cov: 1338 ft: 4260 corp: 854/68Kb lim: 616 exec/s: 19263 rss: 523Mb L: 198/598 MS: 1 EraseBytes-
#405426	REDUCE cov: 1338 ft: 4260 corp: 854/68Kb lim: 616 exec/s: 19306 rss: 523Mb L: 80/598 MS: 1 EraseBytes-
#405624	NEW    cov: 1338 ft: 4262 corp: 855/69Kb lim: 616 exec/s: 19315 rss: 523Mb L: 593/598 MS: 3 ChangeASCIIInt-ChangeASCIIInt-CopyPart-
#405653	NEW    cov: 1338 ft: 4263 corp: 856/69Kb lim: 616 exec/s: 19316 rss: 523Mb L: 396/598 MS: 4 ChangeByte-ChangeBit-CopyPart-CopyPart-
#405771	REDUCE cov: 1338 ft: 4263 corp: 856/69Kb lim: 616 exec/s: 19322 rss: 524Mb L: 445/598 MS: 3 ChangeBinInt-InsertByte-EraseBytes-
#405987	REDUCE cov: 1338 ft: 4263 corp: 856/69Kb lim: 616 exec/s: 19332 rss: 524Mb L: 29/598 MS: 1 EraseBytes-
#406048	REDUCE cov: 1338 ft: 4263 corp: 856/69Kb lim: 616 exec/s: 19335 rss: 524Mb L: 66/598 MS: 1 EraseBytes-
#406139	REDUCE cov: 1338 ft: 4263 corp: 856/69Kb lim: 616 exec/s: 19339 rss: 524Mb L: 307/598 MS: 1 EraseBytes-
#406156	REDUCE cov: 1338 ft: 4263 corp: 856/69Kb lim: 616 exec/s: 19340 rss: 524Mb L: 592/598 MS: 2 ShuffleBytes-EraseBytes-
#406443	REDUCE cov: 1338 ft: 4263 corp: 856/69Kb lim: 616 exec/s: 19354 rss: 524Mb L: 276/598 MS: 2 InsertByte-EraseBytes-
#406501	REDUCE cov: 1338 ft: 4263 corp: 856/69Kb lim: 616 exec/s: 19357 rss: 524Mb L: 13/598 MS: 3 CMP-ChangeByte-EraseBytes- DE: "\377\301"-
#406862	REDUCE cov: 1338 ft: 4263 corp: 856/69Kb lim: 616 exec/s: 19374 rss: 525Mb L: 434/598 MS: 1 EraseBytes-
#407269	REDUCE cov: 1338 ft: 4263 corp: 856/69Kb lim: 616 exec/s: 19393 rss: 525Mb L: 88/598 MS: 2 ChangeBit-EraseBytes-
#407510	REDUCE cov: 1338 ft: 4263 corp: 856/69Kb lim: 616 exec/s: 19405 rss: 525Mb L: 226/598 MS: 1 EraseBytes-
#407876	NEW    cov: 1338 ft: 4264 corp: 857/69Kb lim: 616 exec/s: 19422 rss: 525Mb L: 108/598 MS: 1 CopyPart-
#408059	REDUCE cov: 1338 ft: 4264 corp: 857/69Kb lim: 616 exec/s: 19431 rss: 525Mb L: 148/598 MS: 3 ChangeBit-ShuffleBytes-EraseBytes-
#408205	REDUCE cov: 1338 ft: 4264 corp: 857/69Kb lim: 616 exec/s: 19438 rss: 525Mb L: 91/598 MS: 1 EraseBytes-
#408876	REDUCE cov: 1338 ft: 4264 corp: 857/69Kb lim: 616 exec/s: 18585 rss: 526Mb L: 195/598 MS: 1 EraseBytes-
#409907	REDUCE cov: 1338 ft: 4264 corp: 857/69Kb lim: 625 exec/s: 18632 rss: 527Mb L: 3/598 MS: 1 EraseBytes-
#410154	REDUCE cov: 1338 ft: 4264 corp: 857/69Kb lim: 625 exec/s: 18643 rss: 527Mb L: 4/598 MS: 2 CrossOver-EraseBytes-
#410390	REDUCE cov: 1338 ft: 4264 corp: 857/69Kb lim: 625 exec/s: 18654 rss: 527Mb L: 433/598 MS: 1 EraseBytes-
#410418	REDUCE cov: 1338 ft: 4264 corp: 857/69Kb lim: 625 exec/s: 18655 rss: 527Mb L: 5/598 MS: 3 ChangeByte-ChangeBit-EraseBytes-
#410821	REDUCE cov: 1338 ft: 4264 corp: 857/69Kb lim: 625 exec/s: 18673 rss: 527Mb L: 425/598 MS: 3 CopyPart-ChangeASCIIInt-EraseBytes-
#411141	REDUCE cov: 1338 ft: 4264 corp: 857/69Kb lim: 625 exec/s: 18688 rss: 527Mb L: 33/598 MS: 5 ChangeBinInt-ShuffleBytes-CMP-EraseBytes-CopyPart- DE: "\367\000"-
#411232	REDUCE cov: 1338 ft: 4264 corp: 857/69Kb lim: 625 exec/s: 18692 rss: 527Mb L: 141/598 MS: 1 EraseBytes-
#411630	REDUCE cov: 1338 ft: 4270 corp: 858/70Kb lim: 625 exec/s: 18710 rss: 528Mb L: 393/598 MS: 3 CrossOver-CopyPart-CopyPart-
#411956	REDUCE cov: 1338 ft: 4270 corp: 858/70Kb lim: 625 exec/s: 18725 rss: 528Mb L: 208/598 MS: 1 EraseBytes-
#412009	REDUCE cov: 1338 ft: 4270 corp: 858/69Kb lim: 625 exec/s: 18727 rss: 528Mb L: 197/598 MS: 3 PersAutoDict-ChangeBinInt-EraseBytes- DE: "\377\377\377\374"-
#412740	REDUCE cov: 1338 ft: 4270 corp: 858/69Kb lim: 625 exec/s: 18760 rss: 528Mb L: 67/598 MS: 1 EraseBytes-
#412946	REDUCE cov: 1338 ft: 4270 corp: 858/69Kb lim: 625 exec/s: 18770 rss: 528Mb L: 63/598 MS: 1 EraseBytes-
#413027	REDUCE cov: 1338 ft: 4270 corp: 858/69Kb lim: 625 exec/s: 18773 rss: 528Mb L: 7/598 MS: 1 EraseBytes-
#413863	NEW    cov: 1338 ft: 4272 corp: 859/70Kb lim: 625 exec/s: 18811 rss: 528Mb L: 374/598 MS: 1 CopyPart-
#413954	REDUCE cov: 1338 ft: 4272 corp: 859/70Kb lim: 625 exec/s: 18816 rss: 528Mb L: 7/598 MS: 1 EraseBytes-
#414080	NEW    cov: 1338 ft: 4274 corp: 860/70Kb lim: 625 exec/s: 18821 rss: 528Mb L: 551/598 MS: 1 PersAutoDict- DE: "\000\000"-
#414243	REDUCE cov: 1338 ft: 4275 corp: 861/71Kb lim: 625 exec/s: 18829 rss: 528Mb L: 508/598 MS: 3 InsertRepeatedBytes-InsertByte-CopyPart-
#414252	REDUCE cov: 1338 ft: 4276 corp: 862/71Kb lim: 625 exec/s: 18829 rss: 528Mb L: 56/598 MS: 4 InsertByte-CopyPart-ChangeBit-CopyPart-
#415703	REDUCE cov: 1338 ft: 4276 corp: 862/71Kb lim: 634 exec/s: 18895 rss: 529Mb L: 55/598 MS: 1 EraseBytes-
#416045	REDUCE cov: 1338 ft: 4277 corp: 863/71Kb lim: 634 exec/s: 18911 rss: 529Mb L: 592/598 MS: 2 ChangeBit-CopyPart-
#416406	REDUCE cov: 1338 ft: 4277 corp: 863/71Kb lim: 634 exec/s: 18927 rss: 529Mb L: 291/598 MS: 1 CrossOver-
#416942	REDUCE cov: 1338 ft: 4277 corp: 863/71Kb lim: 634 exec/s: 18951 rss: 530Mb L: 21/598 MS: 1 EraseBytes-
#417023	REDUCE cov: 1338 ft: 4277 corp: 863/71Kb lim: 634 exec/s: 18955 rss: 530Mb L: 408/598 MS: 1 EraseBytes-
#417081	REDUCE cov: 1338 ft: 4277 corp: 863/71Kb lim: 634 exec/s: 18958 rss: 530Mb L: 542/598 MS: 3 ShuffleBytes-ChangeBinInt-EraseBytes-
#417117	REDUCE cov: 1338 ft: 4277 corp: 863/71Kb lim: 634 exec/s: 18959 rss: 530Mb L: 25/598 MS: 1 EraseBytes-
#417253	NEW    cov: 1338 ft: 4278 corp: 864/71Kb lim: 634 exec/s: 18966 rss: 530Mb L: 31/598 MS: 1 ChangeBit-
#417357	REDUCE cov: 1338 ft: 4278 corp: 864/71Kb lim: 634 exec/s: 18970 rss: 530Mb L: 24/598 MS: 4 CrossOver-ChangeByte-PersAutoDict-EraseBytes- DE: "\000\000\000\000\000\000\000\000"-
#417428	REDUCE cov: 1338 ft: 4278 corp: 864/71Kb lim: 634 exec/s: 18974 rss: 530Mb L: 200/598 MS: 1 EraseBytes-
#417758	REDUCE cov: 1338 ft: 4279 corp: 865/71Kb lim: 634 exec/s: 18989 rss: 531Mb L: 16/598 MS: 5 ChangeBit-PersAutoDict-ChangeBit-ChangeBit-CopyPart- DE: "\000\000\000\000\001\000\000\000"-
#417784	REDUCE cov: 1338 ft: 4279 corp: 865/71Kb lim: 634 exec/s: 18990 rss: 531Mb L: 137/598 MS: 1 EraseBytes-
#417860	NEW    cov: 1338 ft: 4280 corp: 866/72Kb lim: 634 exec/s: 18993 rss: 531Mb L: 486/598 MS: 1 CopyPart-
#417915	NEW    cov: 1338 ft: 4299 corp: 867/72Kb lim: 634 exec/s: 18996 rss: 531Mb L: 571/598 MS: 5 InsertByte-ShuffleBytes-ChangeByte-CopyPart-ShuffleBytes-
#419358	REDUCE cov: 1338 ft: 4299 corp: 867/72Kb lim: 643 exec/s: 19061 rss: 532Mb L: 266/598 MS: 3 ChangeASCIIInt-ChangeByte-EraseBytes-
#419569	REDUCE cov: 1338 ft: 4299 corp: 867/72Kb lim: 643 exec/s: 19071 rss: 533Mb L: 4/598 MS: 1 EraseBytes-
#419766	REDUCE cov: 1338 ft: 4299 corp: 867/72Kb lim: 643 exec/s: 19080 rss: 533Mb L: 377/598 MS: 2 CopyPart-EraseBytes-
#420125	REDUCE cov: 1338 ft: 4299 corp: 867/72Kb lim: 643 exec/s: 19096 rss: 533Mb L: 26/598 MS: 4 ChangeBit-InsertByte-ShuffleBytes-EraseBytes-
#420424	REDUCE cov: 1338 ft: 4299 corp: 867/72Kb lim: 643 exec/s: 19110 rss: 533Mb L: 72/598 MS: 4 EraseBytes-ShuffleBytes-ShuffleBytes-CrossOver-
#420715	REDUCE cov: 1338 ft: 4299 corp: 867/72Kb lim: 643 exec/s: 19123 rss: 534Mb L: 17/598 MS: 1 EraseBytes-
#420802	REDUCE cov: 1338 ft: 4299 corp: 867/72Kb lim: 643 exec/s: 19127 rss: 534Mb L: 206/598 MS: 2 CMP-EraseBytes- DE: "\001\000\000\000\000\000\000\000"-
#422416	REDUCE cov: 1338 ft: 4299 corp: 867/72Kb lim: 652 exec/s: 19200 rss: 534Mb L: 57/598 MS: 4 InsertByte-ChangeByte-ChangeBit-EraseBytes-
#422473	REDUCE cov: 1338 ft: 4299 corp: 867/72Kb lim: 652 exec/s: 19203 rss: 534Mb L: 79/598 MS: 2 ChangeBinInt-EraseBytes-
#423371	REDUCE cov: 1338 ft: 4299 corp: 867/72Kb lim: 652 exec/s: 19244 rss: 534Mb L: 510/598 MS: 3 ShuffleBytes-InsertByte-EraseBytes-
#423493	REDUCE cov: 1338 ft: 4300 corp: 868/73Kb lim: 652 exec/s: 19249 rss: 534Mb L: 501/598 MS: 2 ChangeBinInt-CopyPart-
#423548	REDUCE cov: 1338 ft: 4300 corp: 868/73Kb lim: 652 exec/s: 19252 rss: 534Mb L: 38/598 MS: 5 CopyPart-ChangeBinInt-CopyPart-CrossOver-EraseBytes-
#423784	REDUCE cov: 1338 ft: 4300 corp: 868/72Kb lim: 652 exec/s: 19262 rss: 534Mb L: 174/598 MS: 1 CrossOver-
#424523	NEW    cov: 1338 ft: 4302 corp: 869/73Kb lim: 652 exec/s: 19296 rss: 535Mb L: 552/598 MS: 4 ChangeBinInt-ChangeBinInt-InsertByte-ChangeBit-
#424624	REDUCE cov: 1338 ft: 4302 corp: 869/73Kb lim: 652 exec/s: 19301 rss: 535Mb L: 518/598 MS: 1 EraseBytes-
#425016	REDUCE cov: 1338 ft: 4302 corp: 869/73Kb lim: 652 exec/s: 19318 rss: 535Mb L: 583/597 MS: 2 EraseBytes-PersAutoDict- DE: "\033\000\000\000\000\000\000\000"-
#425019	REDUCE cov: 1338 ft: 4302 corp: 869/73Kb lim: 652 exec/s: 19319 rss: 535Mb L: 73/597 MS: 3 InsertByte-ChangeASCIIInt-EraseBytes-
#425715	REDUCE cov: 1338 ft: 4305 corp: 870/73Kb lim: 652 exec/s: 18509 rss: 535Mb L: 35/597 MS: 1 CrossOver-
#425832	REDUCE cov: 1338 ft: 4305 corp: 870/73Kb lim: 652 exec/s: 18514 rss: 535Mb L: 421/597 MS: 2 PersAutoDict-EraseBytes- DE: "\000\000\000\000\001\000\000\000"-
#425903	REDUCE cov: 1338 ft: 4305 corp: 870/73Kb lim: 652 exec/s: 18517 rss: 535Mb L: 485/597 MS: 1 EraseBytes-
#425904	REDUCE cov: 1338 ft: 4305 corp: 870/73Kb lim: 652 exec/s: 18517 rss: 535Mb L: 10/597 MS: 1 EraseBytes-
#426325	REDUCE cov: 1338 ft: 4305 corp: 870/73Kb lim: 652 exec/s: 18535 rss: 536Mb L: 481/597 MS: 1 EraseBytes-
#427056	REDUCE cov: 1338 ft: 4305 corp: 870/73Kb lim: 652 exec/s: 18567 rss: 536Mb L: 6/597 MS: 1 EraseBytes-
#427722	REDUCE cov: 1338 ft: 4305 corp: 870/73Kb lim: 652 exec/s: 18596 rss: 536Mb L: 15/597 MS: 1 EraseBytes-
#427933	REDUCE cov: 1338 ft: 4305 corp: 870/73Kb lim: 652 exec/s: 18605 rss: 536Mb L: 26/597 MS: 1 EraseBytes-
#427940	REDUCE cov: 1338 ft: 4306 corp: 871/73Kb lim: 652 exec/s: 18606 rss: 536Mb L: 120/597 MS: 2 InsertByte-CopyPart-
#428166	REDUCE cov: 1338 ft: 4306 corp: 871/73Kb lim: 652 exec/s: 18615 rss: 536Mb L: 16/597 MS: 1 EraseBytes-
#428467	NEW    cov: 1338 ft: 4307 corp: 872/73Kb lim: 652 exec/s: 18629 rss: 536Mb L: 35/597 MS: 1 ChangeBit-
#428564	REDUCE cov: 1338 ft: 4309 corp: 873/74Kb lim: 652 exec/s: 18633 rss: 536Mb L: 569/597 MS: 2 ChangeByte-CopyPart-
#428670	REDUCE cov: 1338 ft: 4309 corp: 873/74Kb lim: 652 exec/s: 18637 rss: 536Mb L: 97/597 MS: 1 EraseBytes-
#428728	REDUCE cov: 1338 ft: 4317 corp: 874/74Kb lim: 652 exec/s: 18640 rss: 537Mb L: 648/648 MS: 3 CopyPart-CopyPart-CrossOver-
#429549	REDUCE cov: 1338 ft: 4317 corp: 874/74Kb lim: 652 exec/s: 18676 rss: 537Mb L: 12/648 MS: 1 EraseBytes-
#429860	REDUCE cov: 1338 ft: 4317 corp: 874/74Kb lim: 652 exec/s: 18689 rss: 537Mb L: 19/648 MS: 1 EraseBytes-
#430246	REDUCE cov: 1338 ft: 4317 corp: 874/74Kb lim: 652 exec/s: 18706 rss: 537Mb L: 484/648 MS: 1 EraseBytes-
#430513	NEW    cov: 1338 ft: 4321 corp: 875/75Kb lim: 652 exec/s: 18717 rss: 537Mb L: 609/648 MS: 2 InsertRepeatedBytes-CrossOver-
#430736	REDUCE cov: 1338 ft: 4321 corp: 875/75Kb lim: 652 exec/s: 18727 rss: 538Mb L: 7/648 MS: 3 ChangeByte-CopyPart-EraseBytes-
#431258	REDUCE cov: 1338 ft: 4321 corp: 875/75Kb lim: 652 exec/s: 18750 rss: 538Mb L: 17/648 MS: 2 CopyPart-EraseBytes-
#431789	REDUCE cov: 1338 ft: 4321 corp: 875/75Kb lim: 652 exec/s: 18773 rss: 539Mb L: 64/648 MS: 1 EraseBytes-
#431975	REDUCE cov: 1338 ft: 4321 corp: 875/75Kb lim: 652 exec/s: 18781 rss: 539Mb L: 478/648 MS: 1 EraseBytes-
#432030	REDUCE cov: 1338 ft: 4321 corp: 875/75Kb lim: 652 exec/s: 18783 rss: 539Mb L: 137/648 MS: 5 CMP-ChangeBit-ChangeByte-ShuffleBytes-EraseBytes- DE: "\017\000\000\000\000\000\000\000"-
#432914	REDUCE cov: 1338 ft: 4321 corp: 875/75Kb lim: 652 exec/s: 18822 rss: 539Mb L: 554/648 MS: 4 CrossOver-CrossOver-CrossOver-EraseBytes-
#433130	REDUCE cov: 1338 ft: 4321 corp: 875/75Kb lim: 652 exec/s: 18831 rss: 539Mb L: 18/648 MS: 1 EraseBytes-
#433246	REDUCE cov: 1338 ft: 4321 corp: 875/75Kb lim: 652 exec/s: 18836 rss: 539Mb L: 170/648 MS: 1 EraseBytes-
#433932	REDUCE cov: 1338 ft: 4321 corp: 875/75Kb lim: 652 exec/s: 18866 rss: 539Mb L: 15/648 MS: 1 EraseBytes-
#434864	REDUCE cov: 1338 ft: 4321 corp: 875/75Kb lim: 661 exec/s: 18907 rss: 539Mb L: 35/648 MS: 2 InsertByte-EraseBytes-
#435145	REDUCE cov: 1338 ft: 4321 corp: 875/75Kb lim: 661 exec/s: 18919 rss: 539Mb L: 3/648 MS: 1 EraseBytes-
#435699	REDUCE cov: 1338 ft: 4322 corp: 876/75Kb lim: 661 exec/s: 18943 rss: 539Mb L: 109/648 MS: 4 ShuffleBytes-PersAutoDict-CopyPart-PersAutoDict- DE: ")\000\000\000\000\000\000\000"-"\025\000"-
#435785	REDUCE cov: 1338 ft: 4323 corp: 877/75Kb lim: 661 exec/s: 18947 rss: 539Mb L: 425/648 MS: 1 CopyPart-
#435871	REDUCE cov: 1338 ft: 4323 corp: 877/75Kb lim: 661 exec/s: 18950 rss: 539Mb L: 14/648 MS: 1 EraseBytes-
#435977	REDUCE cov: 1338 ft: 4323 corp: 877/75Kb lim: 661 exec/s: 18955 rss: 539Mb L: 41/648 MS: 1 EraseBytes-
#435978	REDUCE cov: 1338 ft: 4323 corp: 877/75Kb lim: 661 exec/s: 18955 rss: 539Mb L: 14/648 MS: 1 EraseBytes-
#436187	REDUCE cov: 1338 ft: 4323 corp: 877/75Kb lim: 661 exec/s: 18964 rss: 539Mb L: 411/648 MS: 4 ChangeASCIIInt-ChangeBinInt-CopyPart-EraseBytes-
#436259	REDUCE cov: 1338 ft: 4323 corp: 877/75Kb lim: 661 exec/s: 18967 rss: 539Mb L: 17/648 MS: 2 CopyPart-EraseBytes-
#436570	REDUCE cov: 1338 ft: 4323 corp: 877/75Kb lim: 661 exec/s: 18981 rss: 540Mb L: 10/648 MS: 1 EraseBytes-
#436751	REDUCE cov: 1338 ft: 4323 corp: 877/75Kb lim: 661 exec/s: 18989 rss: 540Mb L: 6/648 MS: 1 EraseBytes-
#436979	REDUCE cov: 1338 ft: 4323 corp: 877/75Kb lim: 661 exec/s: 18999 rss: 540Mb L: 431/648 MS: 3 ChangeASCIIInt-ChangeBit-EraseBytes-
#437050	REDUCE cov: 1338 ft: 4323 corp: 877/75Kb lim: 661 exec/s: 19002 rss: 540Mb L: 194/648 MS: 1 EraseBytes-
#437562	REDUCE cov: 1338 ft: 4323 corp: 877/75Kb lim: 661 exec/s: 19024 rss: 540Mb L: 66/648 MS: 2 ChangeBit-EraseBytes-
#437623	REDUCE cov: 1338 ft: 4323 corp: 877/75Kb lim: 661 exec/s: 19027 rss: 540Mb L: 170/648 MS: 1 EraseBytes-
#437663	REDUCE cov: 1338 ft: 4323 corp: 877/75Kb lim: 661 exec/s: 19028 rss: 540Mb L: 176/648 MS: 5 ChangeByte-InsertByte-ChangeBit-ChangeBit-EraseBytes-
#438004	REDUCE cov: 1338 ft: 4323 corp: 877/75Kb lim: 661 exec/s: 19043 rss: 540Mb L: 18/648 MS: 1 EraseBytes-
#438190	NEW    cov: 1338 ft: 4324 corp: 878/75Kb lim: 661 exec/s: 19051 rss: 541Mb L: 41/648 MS: 1 CopyPart-
#438776	REDUCE cov: 1338 ft: 4324 corp: 878/75Kb lim: 661 exec/s: 19077 rss: 541Mb L: 118/648 MS: 1 EraseBytes-
#438897	REDUCE cov: 1338 ft: 4324 corp: 878/75Kb lim: 661 exec/s: 19082 rss: 541Mb L: 312/648 MS: 1 EraseBytes-
#438930	REDUCE cov: 1338 ft: 4324 corp: 878/75Kb lim: 661 exec/s: 19083 rss: 541Mb L: 41/648 MS: 3 CMP-ShuffleBytes-EraseBytes- DE: "\001\000\002="-
#439252	REDUCE cov: 1338 ft: 4324 corp: 878/75Kb lim: 661 exec/s: 19097 rss: 541Mb L: 60/648 MS: 2 PersAutoDict-EraseBytes- DE: "\001\000\001\000"-
#439268	REDUCE cov: 1338 ft: 4324 corp: 878/75Kb lim: 661 exec/s: 19098 rss: 541Mb L: 368/648 MS: 1 EraseBytes-
#440155	REDUCE cov: 1338 ft: 4324 corp: 878/75Kb lim: 661 exec/s: 19137 rss: 542Mb L: 14/648 MS: 2 PersAutoDict-EraseBytes- DE: "!\000\000\000"-
#440292	REDUCE cov: 1338 ft: 4324 corp: 878/75Kb lim: 661 exec/s: 19143 rss: 542Mb L: 15/648 MS: 2 ChangeBit-EraseBytes-
#440342	REDUCE cov: 1338 ft: 4324 corp: 878/75Kb lim: 661 exec/s: 19145 rss: 542Mb L: 137/648 MS: 5 ShuffleBytes-PersAutoDict-ChangeBit-ChangeBinInt-EraseBytes- DE: "\001\000\000\000"-
#440513	NEW    cov: 1338 ft: 4327 corp: 879/75Kb lim: 661 exec/s: 19152 rss: 542Mb L: 207/648 MS: 1 CopyPart-
#440629	REDUCE cov: 1338 ft: 4327 corp: 879/75Kb lim: 661 exec/s: 19157 rss: 542Mb L: 55/648 MS: 1 EraseBytes-
#440884	REDUCE cov: 1338 ft: 4327 corp: 879/75Kb lim: 661 exec/s: 19168 rss: 543Mb L: 92/648 MS: 5 EraseBytes-ChangeByte-ChangeBit-ChangeBit-InsertByte-
#440990	REDUCE cov: 1338 ft: 4327 corp: 879/75Kb lim: 661 exec/s: 19173 rss: 543Mb L: 163/648 MS: 1 EraseBytes-
#441201	REDUCE cov: 1338 ft: 4328 corp: 880/75Kb lim: 661 exec/s: 19182 rss: 543Mb L: 237/648 MS: 1 CrossOver-
#441212	REDUCE cov: 1338 ft: 4328 corp: 880/75Kb lim: 661 exec/s: 19183 rss: 543Mb L: 14/648 MS: 1 EraseBytes-
#441913	REDUCE cov: 1338 ft: 4329 corp: 881/76Kb lim: 661 exec/s: 19213 rss: 544Mb L: 596/648 MS: 1 CopyPart-
#442078	NEW    cov: 1338 ft: 4330 corp: 882/76Kb lim: 661 exec/s: 19220 rss: 544Mb L: 559/648 MS: 5 CMP-PersAutoDict-ChangeASCIIInt-ChangeASCIIInt-CopyPart- DE: "\0023333334"-"\010\000\000\000\000\000\000\000"-
#442300	REDUCE cov: 1338 ft: 4330 corp: 882/76Kb lim: 661 exec/s: 19230 rss: 544Mb L: 13/648 MS: 2 ChangeByte-EraseBytes-
#442406	REDUCE cov: 1338 ft: 4330 corp: 882/76Kb lim: 661 exec/s: 19235 rss: 544Mb L: 201/648 MS: 1 EraseBytes-
#442592	REDUCE cov: 1338 ft: 4330 corp: 882/76Kb lim: 661 exec/s: 19243 rss: 545Mb L: 138/648 MS: 1 EraseBytes-
#442959	REDUCE cov: 1338 ft: 4330 corp: 882/76Kb lim: 661 exec/s: 19259 rss: 545Mb L: 305/648 MS: 2 CopyPart-EraseBytes-
#443110	REDUCE cov: 1338 ft: 4330 corp: 882/76Kb lim: 661 exec/s: 19265 rss: 545Mb L: 247/648 MS: 1 EraseBytes-
#444137	REDUCE cov: 1338 ft: 4330 corp: 882/76Kb lim: 670 exec/s: 18505 rss: 546Mb L: 338/648 MS: 2 PersAutoDict-EraseBytes- DE: "'\000"-
#444313	REDUCE cov: 1338 ft: 4330 corp: 882/76Kb lim: 670 exec/s: 18513 rss: 546Mb L: 32/648 MS: 1 EraseBytes-
#444333	REDUCE cov: 1338 ft: 4330 corp: 882/76Kb lim: 670 exec/s: 18513 rss: 546Mb L: 113/648 MS: 5 CMP-CopyPart-ShuffleBytes-ChangeByte-EraseBytes- DE: "\377\377\377\377\377\377\377\003"-
#444335	REDUCE cov: 1338 ft: 4330 corp: 882/76Kb lim: 670 exec/s: 18513 rss: 546Mb L: 30/648 MS: 2 ChangeBit-EraseBytes-
#444488	REDUCE cov: 1338 ft: 4330 corp: 882/76Kb lim: 670 exec/s: 18520 rss: 547Mb L: 166/648 MS: 3 PersAutoDict-ShuffleBytes-EraseBytes- DE: "\001\000"-
#444509	REDUCE cov: 1338 ft: 4330 corp: 882/76Kb lim: 670 exec/s: 18521 rss: 547Mb L: 162/648 MS: 1 EraseBytes-
#444802	REDUCE cov: 1338 ft: 4331 corp: 883/76Kb lim: 670 exec/s: 18533 rss: 547Mb L: 128/648 MS: 3 ChangeBit-InsertByte-InsertByte-
#445067	REDUCE cov: 1338 ft: 4331 corp: 883/76Kb lim: 670 exec/s: 18544 rss: 547Mb L: 48/648 MS: 5 ChangeBit-ChangeBit-ShuffleBytes-ChangeBinInt-EraseBytes-
#445198	REDUCE cov: 1338 ft: 4331 corp: 883/76Kb lim: 670 exec/s: 18549 rss: 547Mb L: 481/648 MS: 1 EraseBytes-
#445394	REDUCE cov: 1338 ft: 4333 corp: 884/77Kb lim: 670 exec/s: 18558 rss: 547Mb L: 392/648 MS: 1 CopyPart-
#446350	REDUCE cov: 1338 ft: 4333 corp: 884/77Kb lim: 679 exec/s: 18597 rss: 547Mb L: 14/648 MS: 1 EraseBytes-
#446908	REDUCE cov: 1338 ft: 4333 corp: 884/77Kb lim: 679 exec/s: 18621 rss: 547Mb L: 53/648 MS: 3 CrossOver-InsertByte-EraseBytes-
#446926	REDUCE cov: 1338 ft: 4333 corp: 884/77Kb lim: 679 exec/s: 18621 rss: 547Mb L: 89/648 MS: 3 CopyPart-ShuffleBytes-EraseBytes-
#447169	REDUCE cov: 1338 ft: 4333 corp: 884/77Kb lim: 679 exec/s: 18632 rss: 547Mb L: 75/648 MS: 3 EraseBytes-ChangeBit-CopyPart-
#447726	REDUCE cov: 1338 ft: 4333 corp: 884/77Kb lim: 679 exec/s: 18655 rss: 547Mb L: 47/648 MS: 2 ShuffleBytes-EraseBytes-
#448029	REDUCE cov: 1338 ft: 4333 corp: 884/76Kb lim: 679 exec/s: 18667 rss: 547Mb L: 48/648 MS: 3 InsertByte-ChangeByte-EraseBytes-
#448175	REDUCE cov: 1338 ft: 4333 corp: 884/76Kb lim: 679 exec/s: 18673 rss: 547Mb L: 32/648 MS: 1 EraseBytes-
#448521	REDUCE cov: 1338 ft: 4333 corp: 884/76Kb lim: 679 exec/s: 18688 rss: 547Mb L: 412/648 MS: 1 EraseBytes-
#449313	REDUCE cov: 1338 ft: 4333 corp: 884/76Kb lim: 679 exec/s: 18721 rss: 548Mb L: 192/648 MS: 2 ChangeBinInt-EraseBytes-
#450735	REDUCE cov: 1338 ft: 4333 corp: 884/76Kb lim: 688 exec/s: 18780 rss: 549Mb L: 20/648 MS: 2 ChangeByte-EraseBytes-
#451329	REDUCE cov: 1338 ft: 4333 corp: 884/76Kb lim: 688 exec/s: 18805 rss: 550Mb L: 67/648 MS: 4 CrossOver-InsertByte-ChangeByte-EraseBytes-
#451375	NEW    cov: 1338 ft: 4334 corp: 885/76Kb lim: 688 exec/s: 18807 rss: 550Mb L: 35/648 MS: 1 ChangeBinInt-
#451521	NEW    cov: 1338 ft: 4335 corp: 886/77Kb lim: 688 exec/s: 18813 rss: 550Mb L: 617/648 MS: 1 CopyPart-
#451828	NEW    cov: 1338 ft: 4337 corp: 887/77Kb lim: 688 exec/s: 18826 rss: 550Mb L: 30/648 MS: 2 ChangeByte-EraseBytes-
#452198	REDUCE cov: 1338 ft: 4337 corp: 887/77Kb lim: 688 exec/s: 18841 rss: 551Mb L: 23/648 MS: 5 CMP-ChangeBit-ShuffleBytes-ChangeBit-EraseBytes- DE: "\011\000\000\000\000\000\000\000"-
#452224	NEW    cov: 1338 ft: 4339 corp: 888/78Kb lim: 688 exec/s: 18842 rss: 551Mb L: 549/648 MS: 1 ChangeByte-
#453257	REDUCE cov: 1338 ft: 4339 corp: 888/78Kb lim: 697 exec/s: 18885 rss: 552Mb L: 365/648 MS: 3 InsertByte-ChangeBinInt-CrossOver-
#453584	REDUCE cov: 1338 ft: 4339 corp: 888/78Kb lim: 697 exec/s: 18899 rss: 553Mb L: 141/648 MS: 2 InsertByte-EraseBytes-
#453717	NEW    cov: 1341 ft: 4342 corp: 889/78Kb lim: 697 exec/s: 18904 rss: 553Mb L: 670/670 MS: 3 CopyPart-ShuffleBytes-ChangeASCIIInt-
#454018	REDUCE cov: 1341 ft: 4342 corp: 889/78Kb lim: 697 exec/s: 18917 rss: 554Mb L: 542/670 MS: 1 EraseBytes-
#454044	REDUCE cov: 1341 ft: 4342 corp: 889/78Kb lim: 697 exec/s: 18918 rss: 554Mb L: 514/670 MS: 1 EraseBytes-
#454071	REDUCE cov: 1341 ft: 4342 corp: 889/78Kb lim: 697 exec/s: 18919 rss: 554Mb L: 96/670 MS: 2 ChangeBit-EraseBytes-
#454543	REDUCE cov: 1341 ft: 4342 corp: 889/78Kb lim: 697 exec/s: 18939 rss: 554Mb L: 64/670 MS: 2 ShuffleBytes-EraseBytes-
#454619	REDUCE cov: 1341 ft: 4342 corp: 889/78Kb lim: 697 exec/s: 18942 rss: 554Mb L: 13/670 MS: 1 EraseBytes-
#454759	NEW    cov: 1341 ft: 4350 corp: 890/79Kb lim: 697 exec/s: 18948 rss: 554Mb L: 592/670 MS: 5 CopyPart-ChangeBinInt-CrossOver-PersAutoDict-CrossOver- DE: "\001\000\000-"-
#454990	REDUCE cov: 1341 ft: 4350 corp: 890/79Kb lim: 697 exec/s: 18957 rss: 554Mb L: 21/670 MS: 1 EraseBytes-
#455001	REDUCE cov: 1341 ft: 4350 corp: 890/79Kb lim: 697 exec/s: 18958 rss: 554Mb L: 13/670 MS: 1 EraseBytes-
#455077	REDUCE cov: 1341 ft: 4350 corp: 890/79Kb lim: 697 exec/s: 18961 rss: 554Mb L: 140/670 MS: 1 EraseBytes-
#455615	NEW    cov: 1341 ft: 4351 corp: 891/79Kb lim: 697 exec/s: 18983 rss: 554Mb L: 687/687 MS: 3 InsertRepeatedBytes-InsertRepeatedBytes-CopyPart-
#457156	REDUCE cov: 1341 ft: 4351 corp: 891/79Kb lim: 706 exec/s: 19048 rss: 554Mb L: 39/687 MS: 1 EraseBytes-
#457337	REDUCE cov: 1341 ft: 4351 corp: 891/79Kb lim: 706 exec/s: 19055 rss: 554Mb L: 21/687 MS: 1 EraseBytes-
#457424	REDUCE cov: 1341 ft: 4351 corp: 891/79Kb lim: 706 exec/s: 19059 rss: 554Mb L: 107/687 MS: 2 InsertByte-EraseBytes-
#457440	REDUCE cov: 1341 ft: 4353 corp: 892/79Kb lim: 706 exec/s: 19060 rss: 554Mb L: 10/687 MS: 1 CopyPart-
#457691	REDUCE cov: 1341 ft: 4353 corp: 892/79Kb lim: 706 exec/s: 19070 rss: 554Mb L: 104/687 MS: 1 EraseBytes-
#457912	REDUCE cov: 1341 ft: 4353 corp: 892/79Kb lim: 706 exec/s: 19079 rss: 554Mb L: 95/687 MS: 1 EraseBytes-
#457948	REDUCE cov: 1341 ft: 4353 corp: 892/79Kb lim: 706 exec/s: 19081 rss: 554Mb L: 8/687 MS: 1 EraseBytes-
#458484	REDUCE cov: 1341 ft: 4353 corp: 892/79Kb lim: 706 exec/s: 19103 rss: 555Mb L: 4/687 MS: 1 EraseBytes-
#458830	REDUCE cov: 1341 ft: 4353 corp: 892/79Kb lim: 706 exec/s: 19117 rss: 555Mb L: 78/687 MS: 1 EraseBytes-
#458958	REDUCE cov: 1341 ft: 4353 corp: 892/79Kb lim: 706 exec/s: 19123 rss: 555Mb L: 28/687 MS: 3 ShuffleBytes-EraseBytes-CopyPart-
#458976	REDUCE cov: 1341 ft: 4353 corp: 892/79Kb lim: 706 exec/s: 19124 rss: 555Mb L: 355/687 MS: 3 PersAutoDict-PersAutoDict-EraseBytes- DE: "%\000\000\000\000\000\000\000"-"\000\000\000\000\000\000\000\002"-
#459049	REDUCE cov: 1341 ft: 4353 corp: 892/79Kb lim: 706 exec/s: 19127 rss: 556Mb L: 237/687 MS: 3 CMP-ChangeBinInt-EraseBytes- DE: "\001\000\000\000\000\000\001\025"-
#459115	REDUCE cov: 1341 ft: 4353 corp: 892/79Kb lim: 706 exec/s: 19129 rss: 556Mb L: 24/687 MS: 1 EraseBytes-
#459179	REDUCE cov: 1341 ft: 4353 corp: 892/79Kb lim: 706 exec/s: 19132 rss: 556Mb L: 148/687 MS: 4 CopyPart-InsertRepeatedBytes-ChangeBit-EraseBytes-
#459581	REDUCE cov: 1341 ft: 4353 corp: 892/79Kb lim: 706 exec/s: 19149 rss: 556Mb L: 22/687 MS: 2 ShuffleBytes-EraseBytes-
#459794	REDUCE cov: 1341 ft: 4353 corp: 892/79Kb lim: 706 exec/s: 19158 rss: 557Mb L: 127/687 MS: 3 PersAutoDict-ShuffleBytes-EraseBytes- DE: "\000\000\000\020"-
#459957	REDUCE cov: 1341 ft: 4353 corp: 892/79Kb lim: 706 exec/s: 19164 rss: 557Mb L: 357/687 MS: 3 ChangeBit-ChangeByte-EraseBytes-
#460093	REDUCE cov: 1341 ft: 4353 corp: 892/79Kb lim: 706 exec/s: 19170 rss: 557Mb L: 45/687 MS: 1 EraseBytes-
#460537	REDUCE cov: 1341 ft: 4353 corp: 892/79Kb lim: 706 exec/s: 19189 rss: 557Mb L: 30/687 MS: 4 CopyPart-PersAutoDict-CopyPart-EraseBytes- DE: "\000\000\000\000\000\000\000\003"-
#460841	REDUCE cov: 1341 ft: 4353 corp: 892/79Kb lim: 706 exec/s: 19201 rss: 558Mb L: 316/687 MS: 4 PersAutoDict-ShuffleBytes-InsertByte-EraseBytes- DE: "'\000"-
#460953	REDUCE cov: 1341 ft: 4353 corp: 892/79Kb lim: 706 exec/s: 19206 rss: 558Mb L: 53/687 MS: 2 ShuffleBytes-EraseBytes-
#461354	REDUCE cov: 1341 ft: 4353 corp: 892/79Kb lim: 706 exec/s: 19223 rss: 558Mb L: 147/687 MS: 1 EraseBytes-
#462210	REDUCE cov: 1341 ft: 4353 corp: 892/79Kb lim: 706 exec/s: 19258 rss: 559Mb L: 286/687 MS: 1 EraseBytes-
#462871	REDUCE cov: 1341 ft: 4353 corp: 892/79Kb lim: 706 exec/s: 18514 rss: 560Mb L: 38/687 MS: 1 EraseBytes-
#462997	REDUCE cov: 1341 ft: 4353 corp: 892/79Kb lim: 706 exec/s: 18519 rss: 561Mb L: 467/687 MS: 1 EraseBytes-
#463495	REDUCE cov: 1341 ft: 4353 corp: 892/79Kb lim: 706 exec/s: 18539 rss: 561Mb L: 28/687 MS: 3 ChangeBinInt-ShuffleBytes-EraseBytes-
#463672	REDUCE cov: 1341 ft: 4353 corp: 892/79Kb lim: 706 exec/s: 18546 rss: 562Mb L: 148/687 MS: 2 CopyPart-EraseBytes-
#463928	NEW    cov: 1341 ft: 4355 corp: 893/79Kb lim: 706 exec/s: 18557 rss: 562Mb L: 609/687 MS: 1 PersAutoDict- DE: "\034\000"-
#464145	REDUCE cov: 1341 ft: 4355 corp: 893/79Kb lim: 706 exec/s: 18565 rss: 563Mb L: 408/687 MS: 2 ChangeASCIIInt-EraseBytes-
#464431	REDUCE cov: 1341 ft: 4355 corp: 893/79Kb lim: 706 exec/s: 18577 rss: 563Mb L: 14/687 MS: 1 EraseBytes-
#464923	NEW    cov: 1341 ft: 4356 corp: 894/79Kb lim: 706 exec/s: 18596 rss: 563Mb L: 35/687 MS: 2 CopyPart-ChangeByte-
#465054	REDUCE cov: 1341 ft: 4356 corp: 894/79Kb lim: 706 exec/s: 18602 rss: 563Mb L: 384/687 MS: 1 EraseBytes-
#465832	REDUCE cov: 1341 ft: 4356 corp: 894/79Kb lim: 706 exec/s: 18633 rss: 563Mb L: 21/687 MS: 3 ChangeBinInt-CrossOver-EraseBytes-
#465868	REDUCE cov: 1341 ft: 4356 corp: 894/79Kb lim: 706 exec/s: 18634 rss: 563Mb L: 9/687 MS: 1 EraseBytes-
#466331	REDUCE cov: 1341 ft: 4359 corp: 895/80Kb lim: 706 exec/s: 18653 rss: 563Mb L: 208/687 MS: 3 ChangeBit-ChangeBinInt-EraseBytes-
#466912	REDUCE cov: 1341 ft: 4359 corp: 895/80Kb lim: 706 exec/s: 18676 rss: 563Mb L: 32/687 MS: 1 EraseBytes-
#467413	REDUCE cov: 1341 ft: 4359 corp: 895/80Kb lim: 706 exec/s: 18696 rss: 563Mb L: 13/687 MS: 1 EraseBytes-
#467492	NEW    cov: 1341 ft: 4426 corp: 896/80Kb lim: 706 exec/s: 18699 rss: 564Mb L: 705/705 MS: 4 InsertRepeatedBytes-InsertByte-InsertByte-CopyPart-
#467588	REDUCE cov: 1341 ft: 4426 corp: 896/80Kb lim: 706 exec/s: 18703 rss: 564Mb L: 4/705 MS: 1 EraseBytes-
#467665	REDUCE cov: 1341 ft: 4426 corp: 896/80Kb lim: 706 exec/s: 18706 rss: 564Mb L: 104/705 MS: 2 CrossOver-EraseBytes-
#467796	REDUCE cov: 1341 ft: 4426 corp: 896/80Kb lim: 706 exec/s: 18711 rss: 564Mb L: 60/705 MS: 1 EraseBytes-
#468198	REDUCE cov: 1341 ft: 4426 corp: 896/80Kb lim: 706 exec/s: 18727 rss: 564Mb L: 197/705 MS: 2 ShuffleBytes-CrossOver-
#468204	REDUCE cov: 1341 ft: 4426 corp: 896/80Kb lim: 706 exec/s: 18728 rss: 564Mb L: 14/705 MS: 1 EraseBytes-
#468817	NEW    cov: 1341 ft: 4427 corp: 897/81Kb lim: 706 exec/s: 18752 rss: 565Mb L: 584/705 MS: 3 ShuffleBytes-ShuffleBytes-CMP- DE: "\000\000\000\000\000\000\000\002"-
#469781	REDUCE cov: 1341 ft: 4427 corp: 897/81Kb lim: 715 exec/s: 18791 rss: 565Mb L: 71/705 MS: 4 CopyPart-ChangeByte-EraseBytes-EraseBytes-
#469802	REDUCE cov: 1341 ft: 4427 corp: 897/81Kb lim: 715 exec/s: 18792 rss: 565Mb L: 152/705 MS: 1 EraseBytes-
#470828	REDUCE cov: 1341 ft: 4427 corp: 897/81Kb lim: 724 exec/s: 18833 rss: 566Mb L: 198/705 MS: 1 EraseBytes-
#470894	REDUCE cov: 1341 ft: 4427 corp: 897/81Kb lim: 724 exec/s: 18835 rss: 566Mb L: 378/705 MS: 1 EraseBytes-
#471155	REDUCE cov: 1341 ft: 4427 corp: 897/81Kb lim: 724 exec/s: 18846 rss: 566Mb L: 366/705 MS: 1 EraseBytes-
#471511	REDUCE cov: 1341 ft: 4435 corp: 898/81Kb lim: 724 exec/s: 18860 rss: 567Mb L: 62/705 MS: 1 CopyPart-
#472137	REDUCE cov: 1341 ft: 4435 corp: 898/81Kb lim: 724 exec/s: 18885 rss: 568Mb L: 539/705 MS: 1 EraseBytes-
#472358	REDUCE cov: 1341 ft: 4436 corp: 899/81Kb lim: 724 exec/s: 18894 rss: 568Mb L: 460/705 MS: 1 CopyPart-
#472469	REDUCE cov: 1341 ft: 4436 corp: 899/81Kb lim: 724 exec/s: 18898 rss: 569Mb L: 340/705 MS: 1 EraseBytes-
#472731	REDUCE cov: 1341 ft: 4436 corp: 899/81Kb lim: 724 exec/s: 18909 rss: 569Mb L: 289/705 MS: 2 ShuffleBytes-EraseBytes-
#473403	REDUCE cov: 1341 ft: 4436 corp: 899/81Kb lim: 724 exec/s: 18936 rss: 569Mb L: 65/705 MS: 2 InsertByte-EraseBytes-
#473504	REDUCE cov: 1341 ft: 4436 corp: 899/81Kb lim: 724 exec/s: 18940 rss: 570Mb L: 64/705 MS: 1 EraseBytes-
#474002	REDUCE cov: 1341 ft: 4438 corp: 900/81Kb lim: 724 exec/s: 18960 rss: 570Mb L: 111/705 MS: 3 ChangeASCIIInt-ShuffleBytes-CopyPart-
#474109	REDUCE cov: 1341 ft: 4438 corp: 900/81Kb lim: 724 exec/s: 18964 rss: 570Mb L: 11/705 MS: 2 CopyPart-EraseBytes-
#474215	REDUCE cov: 1341 ft: 4438 corp: 900/81Kb lim: 724 exec/s: 18968 rss: 570Mb L: 12/705 MS: 1 EraseBytes-
#474428	REDUCE cov: 1341 ft: 4439 corp: 901/81Kb lim: 724 exec/s: 18977 rss: 570Mb L: 8/705 MS: 3 ChangeBit-ChangeByte-CopyPart-
#475009	REDUCE cov: 1341 ft: 4439 corp: 901/81Kb lim: 724 exec/s: 19000 rss: 571Mb L: 15/705 MS: 1 EraseBytes-
#475601	REDUCE cov: 1341 ft: 4439 corp: 901/81Kb lim: 724 exec/s: 19024 rss: 571Mb L: 56/705 MS: 2 ChangeBit-EraseBytes-
#475848	REDUCE cov: 1341 ft: 4439 corp: 901/81Kb lim: 724 exec/s: 19033 rss: 571Mb L: 204/705 MS: 2 InsertByte-EraseBytes-
#475870	REDUCE cov: 1341 ft: 4439 corp: 901/81Kb lim: 724 exec/s: 19034 rss: 571Mb L: 3/705 MS: 2 ChangeBit-EraseBytes-
#475901	REDUCE cov: 1341 ft: 4439 corp: 901/81Kb lim: 724 exec/s: 19036 rss: 571Mb L: 179/705 MS: 1 EraseBytes-
#475913	REDUCE cov: 1341 ft: 4439 corp: 901/81Kb lim: 724 exec/s: 19036 rss: 571Mb L: 207/705 MS: 2 InsertByte-EraseBytes-
#476284	REDUCE cov: 1341 ft: 4439 corp: 901/81Kb lim: 724 exec/s: 19051 rss: 571Mb L: 52/705 MS: 1 EraseBytes-
#476676	NEW    cov: 1341 ft: 4455 corp: 902/81Kb lim: 724 exec/s: 19067 rss: 571Mb L: 368/705 MS: 2 CrossOver-CrossOver-
#476832	REDUCE cov: 1341 ft: 4455 corp: 902/81Kb lim: 724 exec/s: 19073 rss: 571Mb L: 40/705 MS: 1 EraseBytes-
#476935	REDUCE cov: 1341 ft: 4455 corp: 902/81Kb lim: 724 exec/s: 19077 rss: 571Mb L: 37/705 MS: 3 ChangeBinInt-EraseBytes-EraseBytes-
#477220	NEW    cov: 1341 ft: 4456 corp: 903/82Kb lim: 724 exec/s: 19088 rss: 571Mb L: 679/705 MS: 5 ChangeBit-CopyPart-ChangeByte-ChangeASCIIInt-CrossOver-
#477711	REDUCE cov: 1341 ft: 4456 corp: 903/82Kb lim: 724 exec/s: 19108 rss: 571Mb L: 170/705 MS: 1 EraseBytes-
#478363	REDUCE cov: 1341 ft: 4456 corp: 903/82Kb lim: 724 exec/s: 19134 rss: 571Mb L: 63/705 MS: 2 ChangeBinInt-EraseBytes-
#478559	NEW    cov: 1341 ft: 4457 corp: 904/83Kb lim: 724 exec/s: 19142 rss: 571Mb L: 593/705 MS: 1 CopyPart-
#479601	REDUCE cov: 1341 ft: 4457 corp: 904/83Kb lim: 733 exec/s: 19184 rss: 572Mb L: 15/705 MS: 2 ShuffleBytes-EraseBytes-
#479752	REDUCE cov: 1341 ft: 4458 corp: 905/83Kb lim: 733 exec/s: 19190 rss: 572Mb L: 265/705 MS: 1 CopyPart-
#480750	REDUCE cov: 1341 ft: 4458 corp: 905/83Kb lim: 742 exec/s: 19230 rss: 573Mb L: 15/705 MS: 3 ChangeBit-ChangeBinInt-EraseBytes-
#480871	REDUCE cov: 1341 ft: 4458 corp: 905/83Kb lim: 742 exec/s: 19234 rss: 574Mb L: 6/705 MS: 1 EraseBytes-
#481172	REDUCE cov: 1341 ft: 4458 corp: 905/83Kb lim: 742 exec/s: 18506 rss: 574Mb L: 9/705 MS: 1 EraseBytes-
#482259	REDUCE cov: 1341 ft: 4458 corp: 905/83Kb lim: 751 exec/s: 18548 rss: 575Mb L: 116/705 MS: 2 ShuffleBytes-EraseBytes-
#482700	REDUCE cov: 1373 ft: 4490 corp: 906/83Kb lim: 751 exec/s: 18565 rss: 576Mb L: 41/705 MS: 1 ChangeByte-
#483061	REDUCE cov: 1373 ft: 4490 corp: 906/83Kb lim: 751 exec/s: 18579 rss: 576Mb L: 335/705 MS: 1 EraseBytes-
#483492	REDUCE cov: 1373 ft: 4490 corp: 906/83Kb lim: 751 exec/s: 18595 rss: 577Mb L: 543/705 MS: 1 EraseBytes-
#483710	REDUCE cov: 1373 ft: 4490 corp: 906/83Kb lim: 751 exec/s: 18604 rss: 577Mb L: 293/705 MS: 3 InsertRepeatedBytes-EraseBytes-ChangeBit-
#483841	REDUCE cov: 1373 ft: 4490 corp: 906/83Kb lim: 751 exec/s: 18609 rss: 577Mb L: 46/705 MS: 1 EraseBytes-
#483894	REDUCE cov: 1373 ft: 4490 corp: 906/83Kb lim: 751 exec/s: 18611 rss: 577Mb L: 49/705 MS: 3 InsertRepeatedBytes-ChangeBinInt-EraseBytes-
#484375	REDUCE cov: 1373 ft: 4490 corp: 906/83Kb lim: 751 exec/s: 18629 rss: 577Mb L: 163/705 MS: 1 EraseBytes-
#484716	REDUCE cov: 1373 ft: 4491 corp: 907/83Kb lim: 751 exec/s: 18642 rss: 577Mb L: 513/705 MS: 1 CrossOver-
#485082	REDUCE cov: 1373 ft: 4491 corp: 907/83Kb lim: 751 exec/s: 18657 rss: 577Mb L: 13/705 MS: 1 EraseBytes-
#485734	REDUCE cov: 1373 ft: 4491 corp: 907/83Kb lim: 751 exec/s: 18682 rss: 577Mb L: 59/705 MS: 2 ChangeBinInt-EraseBytes-
#486325	REDUCE cov: 1373 ft: 4492 corp: 908/84Kb lim: 751 exec/s: 18704 rss: 577Mb L: 715/715 MS: 1 CopyPart-
#486876	REDUCE cov: 1373 ft: 4492 corp: 908/84Kb lim: 751 exec/s: 18726 rss: 577Mb L: 119/715 MS: 1 EraseBytes-
#487051	REDUCE cov: 1373 ft: 4492 corp: 908/84Kb lim: 751 exec/s: 18732 rss: 577Mb L: 26/715 MS: 5 ChangeBinInt-ChangeByte-CrossOver-ChangeBinInt-EraseBytes-
#487743	REDUCE cov: 1373 ft: 4492 corp: 908/84Kb lim: 751 exec/s: 18759 rss: 577Mb L: 264/715 MS: 2 ChangeASCIIInt-EraseBytes-
#487965	REDUCE cov: 1373 ft: 4492 corp: 908/84Kb lim: 751 exec/s: 18767 rss: 577Mb L: 408/715 MS: 2 CrossOver-EraseBytes-
#488271	REDUCE cov: 1373 ft: 4492 corp: 908/84Kb lim: 751 exec/s: 18779 rss: 578Mb L: 127/715 MS: 1 EraseBytes-
#488624	REDUCE cov: 1373 ft: 4492 corp: 908/84Kb lim: 751 exec/s: 18793 rss: 578Mb L: 573/715 MS: 3 ChangeBit-CopyPart-EraseBytes-
#488802	REDUCE cov: 1373 ft: 4492 corp: 908/84Kb lim: 751 exec/s: 18800 rss: 578Mb L: 49/715 MS: 3 ChangeBinInt-ShuffleBytes-EraseBytes-
#489054	REDUCE cov: 1373 ft: 4492 corp: 908/84Kb lim: 751 exec/s: 18809 rss: 578Mb L: 44/715 MS: 2 ChangeByte-EraseBytes-
#489186	REDUCE cov: 1373 ft: 4492 corp: 908/84Kb lim: 751 exec/s: 18814 rss: 578Mb L: 577/715 MS: 2 EraseBytes-EraseBytes-
#490413	REDUCE cov: 1373 ft: 4492 corp: 908/84Kb lim: 760 exec/s: 18862 rss: 578Mb L: 158/715 MS: 2 ChangeByte-EraseBytes-
#490486	REDUCE cov: 1373 ft: 4493 corp: 909/84Kb lim: 760 exec/s: 18864 rss: 578Mb L: 184/715 MS: 3 ShuffleBytes-InsertRepeatedBytes-CopyPart-
#490637	REDUCE cov: 1373 ft: 4513 corp: 910/84Kb lim: 760 exec/s: 18870 rss: 579Mb L: 720/720 MS: 1 CopyPart-
#491183	NEW    cov: 1373 ft: 4515 corp: 911/85Kb lim: 760 exec/s: 18891 rss: 579Mb L: 760/760 MS: 1 CopyPart-
#491314	REDUCE cov: 1373 ft: 4515 corp: 911/85Kb lim: 760 exec/s: 18896 rss: 580Mb L: 171/760 MS: 1 EraseBytes-
#491540	REDUCE cov: 1373 ft: 4516 corp: 912/85Kb lim: 760 exec/s: 18905 rss: 580Mb L: 58/760 MS: 1 CopyPart-
#491566	REDUCE cov: 1373 ft: 4516 corp: 912/85Kb lim: 760 exec/s: 18906 rss: 580Mb L: 72/760 MS: 1 EraseBytes-
#491638	REDUCE cov: 1373 ft: 4516 corp: 912/85Kb lim: 760 exec/s: 18909 rss: 580Mb L: 165/760 MS: 2 ChangeBit-EraseBytes-
#492177	REDUCE cov: 1373 ft: 4516 corp: 912/85Kb lim: 760 exec/s: 18929 rss: 580Mb L: 392/760 MS: 4 InsertRepeatedBytes-CopyPart-ChangeASCIIInt-EraseBytes-
#492258	REDUCE cov: 1373 ft: 4517 corp: 913/86Kb lim: 760 exec/s: 18933 rss: 581Mb L: 543/760 MS: 1 ShuffleBytes-
#492796	REDUCE cov: 1373 ft: 4517 corp: 913/86Kb lim: 760 exec/s: 18953 rss: 581Mb L: 60/760 MS: 3 ChangeBit-ChangeBit-EraseBytes-
#494177	REDUCE cov: 1373 ft: 4517 corp: 913/86Kb lim: 769 exec/s: 19006 rss: 583Mb L: 28/760 MS: 1 EraseBytes-
#494279	REDUCE cov: 1373 ft: 4517 corp: 913/86Kb lim: 769 exec/s: 19010 rss: 583Mb L: 304/760 MS: 2 InsertByte-EraseBytes-
#494477	REDUCE cov: 1373 ft: 4518 corp: 914/86Kb lim: 769 exec/s: 19018 rss: 583Mb L: 485/760 MS: 3 ChangeBinInt-CopyPart-ShuffleBytes-
#494863	REDUCE cov: 1373 ft: 4518 corp: 914/86Kb lim: 769 exec/s: 19033 rss: 583Mb L: 22/760 MS: 1 EraseBytes-
#495190	REDUCE cov: 1373 ft: 4519 corp: 915/87Kb lim: 769 exec/s: 19045 rss: 583Mb L: 713/760 MS: 2 CrossOver-CopyPart-
#495524	REDUCE cov: 1373 ft: 4519 corp: 915/87Kb lim: 769 exec/s: 19058 rss: 583Mb L: 404/760 MS: 4 CopyPart-PersAutoDict-PersAutoDict-EraseBytes- DE: "\000\000\001\000"-")\000\000\000\000\000\000\000"-
#495585	REDUCE cov: 1373 ft: 4519 corp: 915/87Kb lim: 769 exec/s: 19060 rss: 583Mb L: 185/760 MS: 1 EraseBytes-
#495642	REDUCE cov: 1373 ft: 4519 corp: 915/87Kb lim: 769 exec/s: 19063 rss: 583Mb L: 201/760 MS: 2 CopyPart-EraseBytes-
#495753	REDUCE cov: 1373 ft: 4519 corp: 915/87Kb lim: 769 exec/s: 19067 rss: 583Mb L: 53/760 MS: 1 EraseBytes-
#496204	REDUCE cov: 1373 ft: 4519 corp: 915/87Kb lim: 769 exec/s: 19084 rss: 583Mb L: 20/760 MS: 1 EraseBytes-
#496420	REDUCE cov: 1373 ft: 4519 corp: 915/87Kb lim: 769 exec/s: 19093 rss: 583Mb L: 48/760 MS: 1 EraseBytes-
#496657	REDUCE cov: 1373 ft: 4519 corp: 915/87Kb lim: 769 exec/s: 19102 rss: 583Mb L: 13/760 MS: 2 ShuffleBytes-EraseBytes-
#496863	REDUCE cov: 1373 ft: 4519 corp: 915/87Kb lim: 769 exec/s: 19110 rss: 583Mb L: 42/760 MS: 1 EraseBytes-
#497656	NEW    cov: 1373 ft: 4527 corp: 916/87Kb lim: 769 exec/s: 19140 rss: 583Mb L: 754/760 MS: 3 InsertRepeatedBytes-ChangeBinInt-CopyPart-
#498814	NEW    cov: 1373 ft: 4528 corp: 917/88Kb lim: 778 exec/s: 18474 rss: 584Mb L: 544/760 MS: 3 ChangeBinInt-ChangeBinInt-InsertByte-
#499075	NEW    cov: 1373 ft: 4529 corp: 918/88Kb lim: 778 exec/s: 18484 rss: 585Mb L: 549/760 MS: 1 ChangeBinInt-
#499543	REDUCE cov: 1373 ft: 4529 corp: 918/88Kb lim: 778 exec/s: 18501 rss: 586Mb L: 49/760 MS: 3 ShuffleBytes-ShuffleBytes-EraseBytes-
#499922	REDUCE cov: 1373 ft: 4529 corp: 918/88Kb lim: 778 exec/s: 18515 rss: 586Mb L: 194/760 MS: 4 InsertByte-ShuffleBytes-ChangeByte-EraseBytes-
#500558	REDUCE cov: 1373 ft: 4529 corp: 918/88Kb lim: 778 exec/s: 18539 rss: 587Mb L: 106/760 MS: 1 EraseBytes-
#501660	REDUCE cov: 1373 ft: 4529 corp: 918/88Kb lim: 787 exec/s: 18580 rss: 589Mb L: 17/760 MS: 2 ChangeBinInt-EraseBytes-
#501722	REDUCE cov: 1373 ft: 4529 corp: 918/88Kb lim: 787 exec/s: 18582 rss: 589Mb L: 13/760 MS: 2 CMP-EraseBytes- DE: "\000\000\000\000"-
#501763	REDUCE cov: 1373 ft: 4529 corp: 918/88Kb lim: 787 exec/s: 18583 rss: 589Mb L: 11/760 MS: 1 EraseBytes-
#501809	REDUCE cov: 1373 ft: 4529 corp: 918/88Kb lim: 787 exec/s: 18585 rss: 589Mb L: 34/760 MS: 1 EraseBytes-
#501846	NEW    cov: 1373 ft: 4530 corp: 919/89Kb lim: 787 exec/s: 18586 rss: 589Mb L: 193/760 MS: 2 CopyPart-CopyPart-
#501972	REDUCE cov: 1373 ft: 4530 corp: 919/89Kb lim: 787 exec/s: 18591 rss: 589Mb L: 112/760 MS: 1 EraseBytes-
#502014	REDUCE cov: 1373 ft: 4530 corp: 919/89Kb lim: 787 exec/s: 18593 rss: 589Mb L: 25/760 MS: 2 ShuffleBytes-EraseBytes-
#502090	REDUCE cov: 1373 ft: 4530 corp: 919/89Kb lim: 787 exec/s: 18595 rss: 589Mb L: 361/760 MS: 1 EraseBytes-
#502180	REDUCE cov: 1373 ft: 4530 corp: 919/88Kb lim: 787 exec/s: 18599 rss: 590Mb L: 434/760 MS: 5 ShuffleBytes-ChangeBit-ChangeASCIIInt-CopyPart-EraseBytes-
#502372	REDUCE cov: 1373 ft: 4541 corp: 920/89Kb lim: 787 exec/s: 18606 rss: 590Mb L: 725/760 MS: 2 ChangeASCIIInt-CopyPart-
#502732	REDUCE cov: 1373 ft: 4541 corp: 920/89Kb lim: 787 exec/s: 18619 rss: 590Mb L: 617/760 MS: 5 CrossOver-InsertByte-ChangeBit-ShuffleBytes-EraseBytes-
#503698	REDUCE cov: 1373 ft: 4541 corp: 920/89Kb lim: 796 exec/s: 18655 rss: 590Mb L: 21/760 MS: 1 EraseBytes-
#504199	REDUCE cov: 1373 ft: 4541 corp: 920/89Kb lim: 796 exec/s: 18674 rss: 590Mb L: 52/760 MS: 1 EraseBytes-
#504780	REDUCE cov: 1373 ft: 4541 corp: 920/89Kb lim: 796 exec/s: 18695 rss: 590Mb L: 148/760 MS: 1 EraseBytes-
#504836	REDUCE cov: 1373 ft: 4541 corp: 920/89Kb lim: 796 exec/s: 18697 rss: 590Mb L: 16/760 MS: 1 EraseBytes-
#505887	REDUCE cov: 1373 ft: 4542 corp: 921/89Kb lim: 805 exec/s: 18736 rss: 591Mb L: 16/760 MS: 1 CopyPart-
#506440	REDUCE cov: 1373 ft: 4542 corp: 921/89Kb lim: 805 exec/s: 18757 rss: 592Mb L: 31/760 MS: 3 ChangeByte-ChangeByte-EraseBytes-
#506953	REDUCE cov: 1373 ft: 4542 corp: 921/89Kb lim: 805 exec/s: 18776 rss: 592Mb L: 6/760 MS: 3 InsertByte-CopyPart-EraseBytes-
#507111	REDUCE cov: 1373 ft: 4542 corp: 921/89Kb lim: 805 exec/s: 18781 rss: 592Mb L: 71/760 MS: 3 ShuffleBytes-ChangeBinInt-EraseBytes-
#507315	REDUCE cov: 1373 ft: 4542 corp: 921/89Kb lim: 805 exec/s: 18789 rss: 593Mb L: 290/760 MS: 4 InsertByte-ShuffleBytes-ChangeByte-EraseBytes-
#507638	REDUCE cov: 1373 ft: 4542 corp: 921/89Kb lim: 805 exec/s: 18801 rss: 593Mb L: 362/760 MS: 3 ShuffleBytes-ChangeByte-EraseBytes-
#507904	REDUCE cov: 1373 ft: 4542 corp: 921/89Kb lim: 805 exec/s: 18811 rss: 593Mb L: 63/760 MS: 1 EraseBytes-
#508080	REDUCE cov: 1373 ft: 4542 corp: 921/89Kb lim: 805 exec/s: 18817 rss: 594Mb L: 11/760 MS: 1 EraseBytes-
#508376	REDUCE cov: 1373 ft: 4542 corp: 921/89Kb lim: 805 exec/s: 18828 rss: 594Mb L: 19/760 MS: 1 EraseBytes-
#508777	REDUCE cov: 1373 ft: 4543 corp: 922/89Kb lim: 805 exec/s: 18843 rss: 594Mb L: 238/760 MS: 1 CopyPart-
#508784	REDUCE cov: 1373 ft: 4543 corp: 922/89Kb lim: 805 exec/s: 18843 rss: 594Mb L: 142/760 MS: 2 ShuffleBytes-EraseBytes-
#508921	REDUCE cov: 1373 ft: 4543 corp: 922/89Kb lim: 805 exec/s: 18848 rss: 595Mb L: 103/760 MS: 2 InsertByte-EraseBytes-
#509108	REDUCE cov: 1373 ft: 4543 corp: 922/89Kb lim: 805 exec/s: 18855 rss: 595Mb L: 4/760 MS: 2 CopyPart-EraseBytes-
#509366	NEW    cov: 1373 ft: 4544 corp: 923/90Kb lim: 805 exec/s: 18865 rss: 596Mb L: 580/760 MS: 3 CopyPart-InsertByte-CopyPart-
#509543	REDUCE cov: 1373 ft: 4544 corp: 923/90Kb lim: 805 exec/s: 18871 rss: 596Mb L: 405/760 MS: 2 ChangeByte-EraseBytes-
#509560	REDUCE cov: 1373 ft: 4544 corp: 923/90Kb lim: 805 exec/s: 18872 rss: 596Mb L: 586/760 MS: 2 EraseBytes-InsertByte-
#509776	REDUCE cov: 1373 ft: 4544 corp: 923/90Kb lim: 805 exec/s: 18880 rss: 596Mb L: 10/760 MS: 1 EraseBytes-
#510467	REDUCE cov: 1373 ft: 4544 corp: 923/90Kb lim: 805 exec/s: 18906 rss: 597Mb L: 14/760 MS: 1 EraseBytes-
#510539	REDUCE cov: 1373 ft: 4544 corp: 923/90Kb lim: 805 exec/s: 18908 rss: 597Mb L: 51/760 MS: 2 InsertByte-EraseBytes-
#510926	REDUCE cov: 1373 ft: 4544 corp: 923/90Kb lim: 805 exec/s: 18923 rss: 597Mb L: 41/760 MS: 2 ShuffleBytes-EraseBytes-
#511357	REDUCE cov: 1373 ft: 4544 corp: 923/90Kb lim: 805 exec/s: 18939 rss: 597Mb L: 144/760 MS: 1 EraseBytes-
#511859	NEW    cov: 1373 ft: 4545 corp: 924/90Kb lim: 805 exec/s: 18957 rss: 597Mb L: 763/763 MS: 2 InsertByte-CopyPart-
#512475	REDUCE cov: 1373 ft: 4545 corp: 924/90Kb lim: 805 exec/s: 18980 rss: 597Mb L: 160/763 MS: 1 EraseBytes-
#512697	NEW    cov: 1373 ft: 4546 corp: 925/91Kb lim: 805 exec/s: 18988 rss: 597Mb L: 744/763 MS: 2 ChangeByte-CopyPart-
#513029	REDUCE cov: 1373 ft: 4546 corp: 925/91Kb lim: 805 exec/s: 19001 rss: 597Mb L: 108/763 MS: 2 ShuffleBytes-EraseBytes-
#513265	REDUCE cov: 1373 ft: 4546 corp: 925/91Kb lim: 805 exec/s: 19009 rss: 597Mb L: 252/763 MS: 1 EraseBytes-
#513361	REDUCE cov: 1373 ft: 4546 corp: 925/91Kb lim: 805 exec/s: 19013 rss: 597Mb L: 17/763 MS: 1 EraseBytes-
#513532	REDUCE cov: 1373 ft: 4546 corp: 925/91Kb lim: 805 exec/s: 19019 rss: 597Mb L: 102/763 MS: 1 EraseBytes-
#514079	REDUCE cov: 1373 ft: 4546 corp: 925/91Kb lim: 805 exec/s: 19039 rss: 597Mb L: 26/763 MS: 2 ShuffleBytes-EraseBytes-
#514200	REDUCE cov: 1373 ft: 4546 corp: 925/91Kb lim: 805 exec/s: 19044 rss: 597Mb L: 160/763 MS: 1 EraseBytes-
#514611	REDUCE cov: 1373 ft: 4546 corp: 925/91Kb lim: 805 exec/s: 19059 rss: 597Mb L: 15/763 MS: 1 EraseBytes-
#515227	REDUCE cov: 1373 ft: 4546 corp: 925/91Kb lim: 805 exec/s: 18400 rss: 597Mb L: 14/763 MS: 1 EraseBytes-
#515653	REDUCE cov: 1373 ft: 4546 corp: 925/91Kb lim: 805 exec/s: 18416 rss: 597Mb L: 12/763 MS: 1 EraseBytes-
#515799	REDUCE cov: 1373 ft: 4546 corp: 925/91Kb lim: 805 exec/s: 18421 rss: 597Mb L: 25/763 MS: 1 EraseBytes-
#515810	REDUCE cov: 1373 ft: 4546 corp: 925/91Kb lim: 805 exec/s: 18421 rss: 597Mb L: 27/763 MS: 1 EraseBytes-
#515937	REDUCE cov: 1373 ft: 4546 corp: 925/91Kb lim: 805 exec/s: 18426 rss: 598Mb L: 347/763 MS: 2 EraseBytes-CopyPart-
#516423	REDUCE cov: 1373 ft: 4546 corp: 925/91Kb lim: 805 exec/s: 18443 rss: 598Mb L: 159/763 MS: 1 EraseBytes-
#516599	REDUCE cov: 1373 ft: 4546 corp: 925/91Kb lim: 805 exec/s: 18449 rss: 598Mb L: 12/763 MS: 1 EraseBytes-
#517020	REDUCE cov: 1373 ft: 4546 corp: 925/91Kb lim: 805 exec/s: 18465 rss: 598Mb L: 63/763 MS: 1 CrossOver-
#517206	REDUCE cov: 1373 ft: 4546 corp: 925/91Kb lim: 805 exec/s: 18471 rss: 598Mb L: 31/763 MS: 1 EraseBytes-
#517720	REDUCE cov: 1373 ft: 4546 corp: 925/91Kb lim: 805 exec/s: 18490 rss: 599Mb L: 97/763 MS: 4 ChangeBinInt-EraseBytes-ShuffleBytes-CopyPart-
#518757	REDUCE cov: 1373 ft: 4546 corp: 925/91Kb lim: 814 exec/s: 18527 rss: 600Mb L: 192/763 MS: 2 InsertByte-EraseBytes-
#518923	REDUCE cov: 1373 ft: 4546 corp: 925/91Kb lim: 814 exec/s: 18532 rss: 600Mb L: 11/763 MS: 1 EraseBytes-
#520149	REDUCE cov: 1373 ft: 4546 corp: 925/91Kb lim: 823 exec/s: 18576 rss: 600Mb L: 104/763 MS: 1 EraseBytes-
#520175	REDUCE cov: 1373 ft: 4546 corp: 925/91Kb lim: 823 exec/s: 18577 rss: 600Mb L: 27/763 MS: 1 EraseBytes-
#520641	REDUCE cov: 1373 ft: 4546 corp: 925/91Kb lim: 823 exec/s: 18594 rss: 600Mb L: 294/763 MS: 1 EraseBytes-
#520642	REDUCE cov: 1373 ft: 4546 corp: 925/91Kb lim: 823 exec/s: 18594 rss: 600Mb L: 7/763 MS: 1 EraseBytes-
#521078	REDUCE cov: 1373 ft: 4546 corp: 925/91Kb lim: 823 exec/s: 18609 rss: 600Mb L: 6/763 MS: 1 EraseBytes-
#521104	REDUCE cov: 1373 ft: 4546 corp: 925/91Kb lim: 823 exec/s: 18610 rss: 600Mb L: 400/763 MS: 1 EraseBytes-
#521947	REDUCE cov: 1373 ft: 4546 corp: 925/91Kb lim: 823 exec/s: 18640 rss: 600Mb L: 8/763 MS: 3 CrossOver-ShuffleBytes-EraseBytes-
#522043	REDUCE cov: 1373 ft: 4546 corp: 925/91Kb lim: 823 exec/s: 18644 rss: 600Mb L: 84/763 MS: 1 EraseBytes-
#522084	REDUCE cov: 1373 ft: 4546 corp: 925/91Kb lim: 823 exec/s: 18645 rss: 600Mb L: 31/763 MS: 1 EraseBytes-
#522718	REDUCE cov: 1373 ft: 4547 corp: 926/91Kb lim: 823 exec/s: 18668 rss: 600Mb L: 21/763 MS: 4 PersAutoDict-ChangeBinInt-CrossOver-CrossOver- DE: "\001\000\001\000"-
#522860	REDUCE cov: 1373 ft: 4547 corp: 926/91Kb lim: 823 exec/s: 18673 rss: 600Mb L: 14/763 MS: 2 InsertByte-EraseBytes-
#523066	REDUCE cov: 1373 ft: 4547 corp: 926/91Kb lim: 823 exec/s: 18680 rss: 600Mb L: 19/763 MS: 1 EraseBytes-
#523294	REDUCE cov: 1373 ft: 4547 corp: 926/91Kb lim: 823 exec/s: 18689 rss: 600Mb L: 123/763 MS: 3 ChangeByte-ChangeByte-EraseBytes-
#523345	REDUCE cov: 1373 ft: 4547 corp: 926/91Kb lim: 823 exec/s: 18690 rss: 600Mb L: 419/763 MS: 1 EraseBytes-
#524151	REDUCE cov: 1373 ft: 4547 corp: 926/91Kb lim: 823 exec/s: 18719 rss: 600Mb L: 687/763 MS: 1 EraseBytes-
#524288	pulse  cov: 1373 ft: 4547 corp: 926/91Kb lim: 823 exec/s: 18724 rss: 600Mb
#524367	REDUCE cov: 1373 ft: 4547 corp: 926/91Kb lim: 823 exec/s: 18727 rss: 600Mb L: 106/763 MS: 1 EraseBytes-
#525294	REDUCE cov: 1373 ft: 4547 corp: 926/91Kb lim: 832 exec/s: 18760 rss: 601Mb L: 32/763 MS: 2 InsertRepeatedBytes-EraseBytes-
#525386	REDUCE cov: 1373 ft: 4547 corp: 926/91Kb lim: 832 exec/s: 18763 rss: 601Mb L: 14/763 MS: 2 PersAutoDict-EraseBytes- DE: "\002\000\000\000\000\000\000\000"-
#526047	REDUCE cov: 1373 ft: 4547 corp: 926/91Kb lim: 832 exec/s: 18787 rss: 601Mb L: 22/763 MS: 1 EraseBytes-
#527163	REDUCE cov: 1373 ft: 4547 corp: 926/91Kb lim: 841 exec/s: 18827 rss: 602Mb L: 27/763 MS: 1 EraseBytes-
#527344	REDUCE cov: 1373 ft: 4547 corp: 926/91Kb lim: 841 exec/s: 18833 rss: 602Mb L: 423/763 MS: 1 EraseBytes-
#528762	REDUCE cov: 1373 ft: 4547 corp: 926/90Kb lim: 850 exec/s: 18884 rss: 603Mb L: 588/763 MS: 3 ChangeByte-ShuffleBytes-EraseBytes-
#528955	REDUCE cov: 1373 ft: 4547 corp: 926/90Kb lim: 850 exec/s: 18891 rss: 603Mb L: 559/763 MS: 3 ChangeByte-CopyPart-EraseBytes-
#528986	REDUCE cov: 1373 ft: 4547 corp: 926/90Kb lim: 850 exec/s: 18892 rss: 603Mb L: 20/763 MS: 1 EraseBytes-
#529109	REDUCE cov: 1373 ft: 4547 corp: 926/90Kb lim: 850 exec/s: 18896 rss: 603Mb L: 118/763 MS: 3 CMP-EraseBytes-CopyPart- DE: "\314\377\377\377"-
#529286	REDUCE cov: 1373 ft: 4548 corp: 927/91Kb lim: 850 exec/s: 18903 rss: 603Mb L: 219/763 MS: 2 PersAutoDict-CopyPart- DE: "&\000\000\000\000\000\000\000"-
#529451	REDUCE cov: 1373 ft: 4548 corp: 927/91Kb lim: 850 exec/s: 18908 rss: 603Mb L: 71/763 MS: 5 InsertByte-EraseBytes-EraseBytes-ShuffleBytes-CopyPart-
#529523	REDUCE cov: 1373 ft: 4550 corp: 928/91Kb lim: 850 exec/s: 18911 rss: 603Mb L: 843/843 MS: 2 CopyPart-CopyPart-
#529579	REDUCE cov: 1373 ft: 4550 corp: 928/91Kb lim: 850 exec/s: 18913 rss: 603Mb L: 40/843 MS: 1 EraseBytes-
#529675	REDUCE cov: 1373 ft: 4550 corp: 928/91Kb lim: 850 exec/s: 18916 rss: 603Mb L: 61/843 MS: 1 EraseBytes-
#529796	REDUCE cov: 1373 ft: 4550 corp: 928/91Kb lim: 850 exec/s: 18921 rss: 603Mb L: 27/843 MS: 1 EraseBytes-
#530502	REDUCE cov: 1373 ft: 4550 corp: 928/91Kb lim: 850 exec/s: 18946 rss: 603Mb L: 320/843 MS: 1 EraseBytes-
#530503	REDUCE cov: 1373 ft: 4550 corp: 928/91Kb lim: 850 exec/s: 18946 rss: 603Mb L: 15/843 MS: 1 EraseBytes-
#531266	REDUCE cov: 1373 ft: 4550 corp: 928/91Kb lim: 850 exec/s: 18973 rss: 603Mb L: 17/843 MS: 3 CopyPart-ShuffleBytes-EraseBytes-
#531487	REDUCE cov: 1373 ft: 4550 corp: 928/91Kb lim: 850 exec/s: 18981 rss: 603Mb L: 78/843 MS: 1 EraseBytes-
#532093	REDUCE cov: 1373 ft: 4550 corp: 928/91Kb lim: 850 exec/s: 19003 rss: 603Mb L: 82/843 MS: 1 EraseBytes-
#532391	REDUCE cov: 1373 ft: 4550 corp: 928/91Kb lim: 850 exec/s: 19013 rss: 603Mb L: 164/843 MS: 3 PersAutoDict-EraseBytes-CopyPart- DE: "\001\000\001\000"-
#532447	REDUCE cov: 1373 ft: 4550 corp: 928/91Kb lim: 850 exec/s: 19015 rss: 603Mb L: 135/843 MS: 1 EraseBytes-
#533048	REDUCE cov: 1373 ft: 4550 corp: 928/91Kb lim: 850 exec/s: 18380 rss: 603Mb L: 27/843 MS: 1 EraseBytes-
#533554	REDUCE cov: 1373 ft: 4550 corp: 928/91Kb lim: 850 exec/s: 18398 rss: 603Mb L: 135/843 MS: 1 EraseBytes-
#533586	REDUCE cov: 1373 ft: 4550 corp: 928/91Kb lim: 850 exec/s: 18399 rss: 603Mb L: 57/843 MS: 2 ChangeByte-EraseBytes-
#533682	REDUCE cov: 1373 ft: 4550 corp: 928/91Kb lim: 850 exec/s: 18402 rss: 603Mb L: 147/843 MS: 1 EraseBytes-
#533693	REDUCE cov: 1373 ft: 4550 corp: 928/91Kb lim: 850 exec/s: 18403 rss: 603Mb L: 13/843 MS: 1 EraseBytes-
#534069	REDUCE cov: 1373 ft: 4550 corp: 928/91Kb lim: 850 exec/s: 18416 rss: 603Mb L: 20/843 MS: 1 EraseBytes-
#534363	REDUCE cov: 1373 ft: 4551 corp: 929/92Kb lim: 850 exec/s: 18426 rss: 603Mb L: 637/843 MS: 4 CopyPart-CopyPart-ChangeBit-InsertRepeatedBytes-
#534425	REDUCE cov: 1373 ft: 4551 corp: 929/92Kb lim: 850 exec/s: 18428 rss: 603Mb L: 573/843 MS: 2 ChangeBit-EraseBytes-
#535736	REDUCE cov: 1373 ft: 4551 corp: 929/92Kb lim: 859 exec/s: 18473 rss: 604Mb L: 31/843 MS: 1 EraseBytes-
#535777	REDUCE cov: 1373 ft: 4551 corp: 929/92Kb lim: 859 exec/s: 18475 rss: 604Mb L: 79/843 MS: 1 EraseBytes-
#535903	REDUCE cov: 1373 ft: 4551 corp: 929/92Kb lim: 859 exec/s: 18479 rss: 604Mb L: 107/843 MS: 1 EraseBytes-
#536090	REDUCE cov: 1373 ft: 4551 corp: 929/92Kb lim: 859 exec/s: 18485 rss: 604Mb L: 142/843 MS: 2 InsertByte-EraseBytes-
#536361	REDUCE cov: 1373 ft: 4551 corp: 929/92Kb lim: 859 exec/s: 18495 rss: 604Mb L: 6/843 MS: 1 EraseBytes-
#536982	REDUCE cov: 1373 ft: 4551 corp: 929/92Kb lim: 859 exec/s: 18516 rss: 605Mb L: 13/843 MS: 1 EraseBytes-
#538068	REDUCE cov: 1373 ft: 4551 corp: 929/92Kb lim: 868 exec/s: 18554 rss: 605Mb L: 50/843 MS: 1 EraseBytes-
#538536	REDUCE cov: 1373 ft: 4551 corp: 929/92Kb lim: 868 exec/s: 18570 rss: 605Mb L: 568/843 MS: 3 EraseBytes-ChangeASCIIInt-InsertByte-
#538558	NEW    cov: 1373 ft: 4593 corp: 930/92Kb lim: 868 exec/s: 18570 rss: 605Mb L: 828/843 MS: 2 EraseBytes-CopyPart-
#538696	REDUCE cov: 1373 ft: 4593 corp: 930/92Kb lim: 868 exec/s: 18575 rss: 605Mb L: 132/843 MS: 3 ShuffleBytes-ChangeByte-EraseBytes-
#539189	REDUCE cov: 1373 ft: 4593 corp: 930/92Kb lim: 868 exec/s: 18592 rss: 605Mb L: 114/843 MS: 3 InsertByte-PersAutoDict-EraseBytes- DE: "\377\301"-
#539940	REDUCE cov: 1373 ft: 4593 corp: 930/92Kb lim: 868 exec/s: 18618 rss: 605Mb L: 5/843 MS: 1 EraseBytes-
#540151	REDUCE cov: 1373 ft: 4593 corp: 930/92Kb lim: 868 exec/s: 18625 rss: 605Mb L: 115/843 MS: 1 EraseBytes-
#540968	REDUCE cov: 1373 ft: 4593 corp: 930/92Kb lim: 868 exec/s: 18654 rss: 605Mb L: 58/843 MS: 2 InsertRepeatedBytes-EraseBytes-
#541463	REDUCE cov: 1373 ft: 4593 corp: 930/92Kb lim: 868 exec/s: 18671 rss: 605Mb L: 560/843 MS: 5 InsertByte-ChangeBinInt-ShuffleBytes-ChangeASCIIInt-EraseBytes-
#541714	REDUCE cov: 1373 ft: 4593 corp: 930/92Kb lim: 868 exec/s: 18679 rss: 606Mb L: 10/843 MS: 1 EraseBytes-
#542040	REDUCE cov: 1373 ft: 4593 corp: 930/92Kb lim: 868 exec/s: 18691 rss: 606Mb L: 337/843 MS: 1 EraseBytes-
#542116	REDUCE cov: 1373 ft: 4593 corp: 930/92Kb lim: 868 exec/s: 18693 rss: 606Mb L: 3/843 MS: 1 EraseBytes-
#542387	REDUCE cov: 1373 ft: 4593 corp: 930/92Kb lim: 868 exec/s: 18703 rss: 606Mb L: 25/843 MS: 1 EraseBytes-
#542738	REDUCE cov: 1373 ft: 4593 corp: 930/92Kb lim: 868 exec/s: 18715 rss: 606Mb L: 71/843 MS: 1 EraseBytes-
#542784	REDUCE cov: 1373 ft: 4593 corp: 930/92Kb lim: 868 exec/s: 18716 rss: 606Mb L: 497/843 MS: 1 EraseBytes-
#542850	REDUCE cov: 1373 ft: 4593 corp: 930/92Kb lim: 868 exec/s: 18718 rss: 606Mb L: 104/843 MS: 1 EraseBytes-
#543114	REDUCE cov: 1373 ft: 4593 corp: 930/92Kb lim: 868 exec/s: 18728 rss: 606Mb L: 111/843 MS: 4 ChangeBinInt-ChangeASCIIInt-ChangeASCIIInt-EraseBytes-
#543406	REDUCE cov: 1373 ft: 4593 corp: 930/92Kb lim: 868 exec/s: 18738 rss: 606Mb L: 348/843 MS: 2 ShuffleBytes-EraseBytes-
#543679	REDUCE cov: 1373 ft: 4593 corp: 930/92Kb lim: 868 exec/s: 18747 rss: 606Mb L: 90/843 MS: 3 EraseBytes-InsertRepeatedBytes-EraseBytes-
#544095	NEW    cov: 1373 ft: 4596 corp: 931/92Kb lim: 868 exec/s: 18761 rss: 607Mb L: 107/843 MS: 1 CopyPart-
#544171	REDUCE cov: 1373 ft: 4596 corp: 931/92Kb lim: 868 exec/s: 18764 rss: 607Mb L: 154/843 MS: 1 EraseBytes-
#544597	REDUCE cov: 1373 ft: 4596 corp: 931/92Kb lim: 868 exec/s: 18779 rss: 608Mb L: 63/843 MS: 1 EraseBytes-
#544743	REDUCE cov: 1373 ft: 4596 corp: 931/92Kb lim: 868 exec/s: 18784 rss: 609Mb L: 84/843 MS: 1 EraseBytes-
#545256	REDUCE cov: 1373 ft: 4596 corp: 931/92Kb lim: 868 exec/s: 18801 rss: 609Mb L: 60/843 MS: 3 InsertByte-InsertByte-EraseBytes-
#545612	REDUCE cov: 1373 ft: 4596 corp: 931/92Kb lim: 868 exec/s: 18814 rss: 609Mb L: 12/843 MS: 1 EraseBytes-
#546049	REDUCE cov: 1373 ft: 4596 corp: 931/92Kb lim: 868 exec/s: 18829 rss: 609Mb L: 58/843 MS: 2 ShuffleBytes-EraseBytes-
#546307	REDUCE cov: 1373 ft: 4596 corp: 931/92Kb lim: 868 exec/s: 18838 rss: 609Mb L: 517/843 MS: 3 ChangeByte-PersAutoDict-EraseBytes- DE: "\001\000"-
#546638	REDUCE cov: 1373 ft: 4596 corp: 931/92Kb lim: 868 exec/s: 18849 rss: 609Mb L: 27/843 MS: 1 EraseBytes-
#547079	REDUCE cov: 1373 ft: 4596 corp: 931/92Kb lim: 868 exec/s: 18864 rss: 609Mb L: 15/843 MS: 1 EraseBytes-
#547249	REDUCE cov: 1373 ft: 4596 corp: 931/92Kb lim: 868 exec/s: 18870 rss: 609Mb L: 142/843 MS: 5 PersAutoDict-ChangeBinInt-CMP-ShuffleBytes-EraseBytes- DE: "\000\000\000\020"-"\376\377\377\267"-
#547588	REDUCE cov: 1373 ft: 4596 corp: 931/92Kb lim: 868 exec/s: 18882 rss: 609Mb L: 25/843 MS: 4 CMP-InsertByte-CopyPart-EraseBytes- DE: "\000\000\000\000"-
#548701	REDUCE cov: 1373 ft: 4596 corp: 931/92Kb lim: 877 exec/s: 18920 rss: 609Mb L: 431/843 MS: 3 ChangeASCIIInt-CopyPart-EraseBytes-
#549628	REDUCE cov: 1373 ft: 4596 corp: 931/92Kb lim: 886 exec/s: 18952 rss: 609Mb L: 98/843 MS: 2 ShuffleBytes-EraseBytes-
#549679	REDUCE cov: 1373 ft: 4596 corp: 931/92Kb lim: 886 exec/s: 18954 rss: 609Mb L: 33/843 MS: 1 EraseBytes-
#550410	REDUCE cov: 1373 ft: 4596 corp: 931/92Kb lim: 886 exec/s: 18347 rss: 609Mb L: 55/843 MS: 1 EraseBytes-
#550958	REDUCE cov: 1373 ft: 4596 corp: 931/92Kb lim: 886 exec/s: 18365 rss: 609Mb L: 34/843 MS: 3 ChangeByte-CrossOver-EraseBytes-
#551579	REDUCE cov: 1373 ft: 4596 corp: 931/92Kb lim: 886 exec/s: 18385 rss: 609Mb L: 34/843 MS: 1 EraseBytes-
#551646	REDUCE cov: 1373 ft: 4596 corp: 931/92Kb lim: 886 exec/s: 18388 rss: 609Mb L: 67/843 MS: 2 ChangeBinInt-EraseBytes-
#551842	REDUCE cov: 1373 ft: 4596 corp: 931/92Kb lim: 886 exec/s: 18394 rss: 609Mb L: 9/843 MS: 1 EraseBytes-
#552513	REDUCE cov: 1373 ft: 4596 corp: 931/92Kb lim: 886 exec/s: 18417 rss: 609Mb L: 51/843 MS: 1 EraseBytes-
#552569	REDUCE cov: 1373 ft: 4596 corp: 931/92Kb lim: 886 exec/s: 18418 rss: 609Mb L: 8/843 MS: 1 EraseBytes-
#552925	REDUCE cov: 1373 ft: 4596 corp: 931/92Kb lim: 886 exec/s: 18430 rss: 609Mb L: 16/843 MS: 1 EraseBytes-
#553131	REDUCE cov: 1373 ft: 4596 corp: 931/92Kb lim: 886 exec/s: 18437 rss: 609Mb L: 7/843 MS: 1 EraseBytes-
#553194	REDUCE cov: 1373 ft: 4596 corp: 931/92Kb lim: 886 exec/s: 18439 rss: 609Mb L: 215/843 MS: 3 InsertByte-EraseBytes-EraseBytes-
#553565	REDUCE cov: 1373 ft: 4596 corp: 931/92Kb lim: 886 exec/s: 18452 rss: 609Mb L: 10/843 MS: 1 EraseBytes-
#553621	REDUCE cov: 1373 ft: 4596 corp: 931/92Kb lim: 886 exec/s: 18454 rss: 609Mb L: 75/843 MS: 1 EraseBytes-
#553942	REDUCE cov: 1373 ft: 4596 corp: 931/92Kb lim: 886 exec/s: 18464 rss: 609Mb L: 79/843 MS: 1 EraseBytes-
#554323	REDUCE cov: 1373 ft: 4596 corp: 931/92Kb lim: 886 exec/s: 18477 rss: 610Mb L: 682/843 MS: 1 EraseBytes-
#554350	REDUCE cov: 1373 ft: 4596 corp: 931/92Kb lim: 886 exec/s: 18478 rss: 610Mb L: 14/843 MS: 2 ChangeBinInt-EraseBytes-
#554952	REDUCE cov: 1373 ft: 4596 corp: 931/92Kb lim: 886 exec/s: 18498 rss: 610Mb L: 19/843 MS: 2 InsertByte-EraseBytes-
#555003	REDUCE cov: 1373 ft: 4596 corp: 931/92Kb lim: 886 exec/s: 18500 rss: 610Mb L: 16/843 MS: 1 EraseBytes-
#555079	REDUCE cov: 1373 ft: 4596 corp: 931/92Kb lim: 886 exec/s: 18502 rss: 610Mb L: 21/843 MS: 1 EraseBytes-
#555355	REDUCE cov: 1373 ft: 4596 corp: 931/92Kb lim: 886 exec/s: 18511 rss: 610Mb L: 439/843 MS: 1 EraseBytes-
#555896	REDUCE cov: 1373 ft: 4596 corp: 931/92Kb lim: 886 exec/s: 18529 rss: 610Mb L: 69/843 MS: 1 EraseBytes-
#556197	REDUCE cov: 1373 ft: 4596 corp: 931/92Kb lim: 886 exec/s: 18539 rss: 610Mb L: 22/843 MS: 1 EraseBytes-
#556641	REDUCE cov: 1373 ft: 4596 corp: 931/92Kb lim: 886 exec/s: 18554 rss: 610Mb L: 23/843 MS: 4 ChangeBit-ChangeBinInt-ChangeBinInt-EraseBytes-
#556718	REDUCE cov: 1373 ft: 4596 corp: 931/92Kb lim: 886 exec/s: 18557 rss: 610Mb L: 113/843 MS: 2 ShuffleBytes-EraseBytes-
#556744	REDUCE cov: 1373 ft: 4596 corp: 931/92Kb lim: 886 exec/s: 18558 rss: 610Mb L: 78/843 MS: 1 EraseBytes-
#556820	REDUCE cov: 1373 ft: 4596 corp: 931/92Kb lim: 886 exec/s: 18560 rss: 610Mb L: 559/843 MS: 1 EraseBytes-
#557776	REDUCE cov: 1373 ft: 4596 corp: 931/92Kb lim: 895 exec/s: 18592 rss: 610Mb L: 559/843 MS: 1 EraseBytes-
#558065	REDUCE cov: 1373 ft: 4596 corp: 931/92Kb lim: 895 exec/s: 18602 rss: 610Mb L: 58/843 MS: 4 ChangeBit-ShuffleBytes-ChangeBinInt-EraseBytes-
#559282	REDUCE cov: 1373 ft: 4596 corp: 931/92Kb lim: 904 exec/s: 18642 rss: 610Mb L: 101/843 MS: 2 ChangeBit-EraseBytes-
#559355	REDUCE cov: 1373 ft: 4596 corp: 931/92Kb lim: 904 exec/s: 18645 rss: 610Mb L: 467/843 MS: 3 ChangeByte-CMP-EraseBytes- DE: "\000\000\000\000\000\000\000 "-
#559817	NEW    cov: 1373 ft: 4613 corp: 932/93Kb lim: 904 exec/s: 18660 rss: 611Mb L: 837/843 MS: 2 CopyPart-CopyPart-
#560322	REDUCE cov: 1373 ft: 4614 corp: 933/93Kb lim: 904 exec/s: 18677 rss: 611Mb L: 60/843 MS: 5 ChangeBinInt-CopyPart-ShuffleBytes-InsertRepeatedBytes-CrossOver-
#561153	NEW    cov: 1373 ft: 4633 corp: 934/93Kb lim: 904 exec/s: 18705 rss: 612Mb L: 735/843 MS: 1 CopyPart-
#561172	REDUCE cov: 1373 ft: 4633 corp: 934/93Kb lim: 904 exec/s: 18705 rss: 612Mb L: 427/843 MS: 4 InsertByte-PersAutoDict-ChangeBinInt-EraseBytes- DE: "\000\000\000\000\000\000\000c"-
#561323	REDUCE cov: 1373 ft: 4633 corp: 934/93Kb lim: 904 exec/s: 18710 rss: 612Mb L: 362/843 MS: 1 EraseBytes-
#561337	NEW    cov: 1373 ft: 4634 corp: 935/94Kb lim: 904 exec/s: 18711 rss: 612Mb L: 840/843 MS: 4 CrossOver-ShuffleBytes-InsertByte-ShuffleBytes-
#561413	REDUCE cov: 1373 ft: 4634 corp: 935/94Kb lim: 904 exec/s: 18713 rss: 612Mb L: 19/843 MS: 1 EraseBytes-
#561449	REDUCE cov: 1373 ft: 4634 corp: 935/94Kb lim: 904 exec/s: 18714 rss: 612Mb L: 118/843 MS: 1 EraseBytes-
#561978	REDUCE cov: 1373 ft: 4635 corp: 936/94Kb lim: 904 exec/s: 18732 rss: 612Mb L: 101/843 MS: 4 CrossOver-EraseBytes-CopyPart-InsertRepeatedBytes-
#562254	REDUCE cov: 1373 ft: 4635 corp: 936/94Kb lim: 904 exec/s: 18741 rss: 612Mb L: 30/843 MS: 1 EraseBytes-
#563139	REDUCE cov: 1373 ft: 4635 corp: 936/94Kb lim: 904 exec/s: 18771 rss: 612Mb L: 537/843 MS: 5 ChangeByte-CrossOver-InsertRepeatedBytes-InsertByte-EraseBytes-
#563225	REDUCE cov: 1373 ft: 4635 corp: 936/94Kb lim: 904 exec/s: 18774 rss: 612Mb L: 25/843 MS: 1 EraseBytes-
#563258	REDUCE cov: 1373 ft: 4636 corp: 937/95Kb lim: 904 exec/s: 18775 rss: 612Mb L: 822/843 MS: 3 PersAutoDict-ChangeByte-CopyPart- DE: "\002\000\000\000\000\000\000\000"-
#563434	REDUCE cov: 1373 ft: 4636 corp: 937/95Kb lim: 904 exec/s: 18781 rss: 612Mb L: 40/843 MS: 1 EraseBytes-
#564701	REDUCE cov: 1373 ft: 4636 corp: 937/95Kb lim: 913 exec/s: 18823 rss: 612Mb L: 16/843 MS: 2 ChangeBit-EraseBytes-
#564968	REDUCE cov: 1373 ft: 4639 corp: 938/95Kb lim: 913 exec/s: 18832 rss: 612Mb L: 406/843 MS: 2 CrossOver-CopyPart-
#564989	REDUCE cov: 1373 ft: 4639 corp: 938/95Kb lim: 913 exec/s: 18832 rss: 612Mb L: 29/843 MS: 1 EraseBytes-
#565005	REDUCE cov: 1373 ft: 4639 corp: 938/95Kb lim: 913 exec/s: 18833 rss: 612Mb L: 11/843 MS: 1 EraseBytes-
#565524	REDUCE cov: 1373 ft: 4639 corp: 938/95Kb lim: 913 exec/s: 18850 rss: 612Mb L: 174/843 MS: 4 ChangeByte-InsertRepeatedBytes-ChangeBinInt-EraseBytes-
#565781	REDUCE cov: 1373 ft: 4639 corp: 938/95Kb lim: 913 exec/s: 18859 rss: 612Mb L: 201/843 MS: 2 ChangeBinInt-EraseBytes-
#566047	REDUCE cov: 1373 ft: 4639 corp: 938/95Kb lim: 913 exec/s: 18868 rss: 612Mb L: 97/843 MS: 1 EraseBytes-
#566200	REDUCE cov: 1373 ft: 4639 corp: 938/95Kb lim: 913 exec/s: 18873 rss: 612Mb L: 516/843 MS: 3 ChangeBit-ChangeASCIIInt-EraseBytes-
#566215	DONE   cov: 1373 ft: 4639 corp: 938/95Kb lim: 913 exec/s: 18265 rss: 612Mb
###### Recommended dictionary. ######
"\377\376" # Uses: 1866
"\000\000" # Uses: 1580
"\377\377" # Uses: 1561
"\022\000\000\000\000\000\000\000" # Uses: 1155
"\005\000\000\000\000\000\000\000" # Uses: 1178
"!\000\000\000" # Uses: 1274
"\001\000\000\000" # Uses: 1198
"\000\000\000\020" # Uses: 1248
"\001\000\000\000\000\000\000\010" # Uses: 1075
"\000\000\000\000" # Uses: 1132
"\376\377\377\231" # Uses: 1154
"\000\000\000\000\000\000\000\002" # Uses: 1015
"\002\000\000\000\000\000\000\000" # Uses: 1030
"%\000\000\000\000\000\000\000" # Uses: 1041
"\377\377\377(" # Uses: 1085
"\377\377\377\377\377\377\377\014" # Uses: 981
")\000\000\000\000\000\000\000" # Uses: 1044
"\377\377\377\345" # Uses: 1108
"\011\000\000\000\000\000\000\000" # Uses: 960
"\000\000\000\000\000\000\000\003" # Uses: 1013
"\376\377\377\244" # Uses: 1029
"\000\000\001\000" # Uses: 1003
"\377\377\377\016\377\351\017\320" # Uses: 917
"n\366\000\000" # Uses: 982
"\377\007" # Uses: 968
"\001\000\000-" # Uses: 916
"\377\377\377\377\377\377\377'" # Uses: 862
"\001\000\000\000\000\000\000\000" # Uses: 840
"\001\302" # Uses: 971
"\"\000\000\000" # Uses: 838
"\000\000\000\000\000\000\000\000" # Uses: 814
"\000\000\000\000\000\000\000\017" # Uses: 835
"\377\377\377\377" # Uses: 835
"\000\000\000\310" # Uses: 852
"\001\000`\036\373\321\360\260" # Uses: 806
"\001\000" # Uses: 803
"\177\000\000\000\000\000\000\000" # Uses: 743
"L\377\377\377" # Uses: 765
"\015\000\000\000\000\000\000\000" # Uses: 719
"\021\000\000\000\000\000\000\000" # Uses: 666
"\001\000\001\000" # Uses: 636
"\000\000\000\235" # Uses: 638
"\010\000\000\000\000\000\000\000" # Uses: 598
"\000\000\000\000\001\000\000\000" # Uses: 596
"\000\000\000\000\000\000\000c" # Uses: 509
"\001\000\000\000\000\000\000\003" # Uses: 501
"\033\000\000\000\000\000\000\000" # Uses: 559
"\000\000\000\000\000\000\000&" # Uses: 517
"\377/" # Uses: 554
"&\000\000\000\000\000\000\000" # Uses: 500
"\034\000" # Uses: 482
"\273\000" # Uses: 473
"I\000\000\000\000\000\000\000" # Uses: 382
"\376\377\377\377\377\377\377\377" # Uses: 321
"\000\000\000\000\000\000\000n" # Uses: 285
"\000\000\000\015" # Uses: 333
"\004\000\000\000\000\000\000\000" # Uses: 257
"\377\377\377\374" # Uses: 263
"\025\000" # Uses: 267
"'\000" # Uses: 266
"\377\301" # Uses: 218
"\367\000" # Uses: 212
"\017\000\000\000\000\000\000\000" # Uses: 187
"\001\000\002=" # Uses: 185
"\0023333334" # Uses: 167
"\377\377\377\377\377\377\377\003" # Uses: 155
"\001\000\000\000\000\000\001\025" # Uses: 117
"\314\377\377\377" # Uses: 51
"\376\377\377\267" # Uses: 28
"\000\000\000\000\000\000\000 " # Uses: 8
###### End of recommended dictionary. ######
Done 566215 runs in 31 second(s)
