warning: binary `fuzz_bind` should have a kebab-case name
   |
 1 | /Users/user/code/rsWordParser/fuzz/target/.../fuzz_bind
   |                                               ^^^^^^^^^
   |
   = note: `cargo::non_kebab_case_bins` is set to `warn` by default
help: to change the binary name to `fuzz-bind`, convert `bin.name`
  --> Cargo.toml:58:8
   |
58 - name = "fuzz_bind"
58 + name = "fuzz-bind"
   |
warning: binary `fuzz_edit` should have a kebab-case name
   |
 1 | /Users/user/code/rsWordParser/fuzz/target/.../fuzz_edit
   |                                               ^^^^^^^^^
   |
help: to change the binary name to `fuzz-edit`, convert `bin.name`
  --> Cargo.toml:51:8
   |
51 - name = "fuzz_edit"
51 + name = "fuzz-edit"
   |
warning: binary `fuzz_embedded` should have a kebab-case name
   |
 1 | /Users/user/code/rsWordParser/fuzz/target/.../fuzz_embedded
   |                                               ^^^^^^^^^^^^^
   |
help: to change the binary name to `fuzz-embedded`, convert `bin.name`
  --> Cargo.toml:44:8
   |
44 - name = "fuzz_embedded"
44 + name = "fuzz-embedded"
   |
warning: binary `fuzz_instr` should have a kebab-case name
   |
 1 | /Users/user/code/rsWordParser/fuzz/target/.../fuzz_instr
   |                                               ^^^^^^^^^^
   |
help: to change the binary name to `fuzz-instr`, convert `bin.name`
  --> Cargo.toml:37:8
   |
37 - name = "fuzz_instr"
37 + name = "fuzz-instr"
   |
warning: binary `fuzz_xml` should have a kebab-case name
   |
 1 | /Users/user/code/rsWordParser/fuzz/target/.../fuzz_xml
   |                                               ^^^^^^^^
   |
help: to change the binary name to `fuzz-xml`, convert `bin.name`
  --> Cargo.toml:23:8
   |
23 - name = "fuzz_xml"
23 + name = "fuzz-xml"
   |
warning: binary `fuzz_zip` should have a kebab-case name
   |
 1 | /Users/user/code/rsWordParser/fuzz/target/.../fuzz_zip
   |                                               ^^^^^^^^
   |
help: to change the binary name to `fuzz-zip`, convert `bin.name`
  --> Cargo.toml:30:8
   |
30 - name = "fuzz_zip"
30 + name = "fuzz-zip"
   |
warning: `rsword-fuzz` (manifest) generated 6 warnings
warning: binary `rsword_e2e_driver` should have a kebab-case name
  |
1 | /Users/user/code/rsWordParser/fuzz/target/.../rsword_e2e_driver
  |                                               ^^^^^^^^^^^^^^^^^
  |
  = note: `cargo::non_kebab_case_bins` is set to `warn` by default
help: to change the binary name to `rsword-e2e-driver`, convert the file stem
  |
1 - src/bin/rsword_e2e_driver.rs
1 + src/bin/rsword-e2e-driver.rs
  |
warning: `rsword` (manifest) generated 1 warning
    Blocking waiting for file lock on package cache
    Blocking waiting for file lock on package cache
    Blocking waiting for file lock on package cache
    Blocking waiting for file lock on package cache
    Blocking waiting for file lock on build directory
    Finished `release` profile [optimized + debuginfo] target(s) in 0.13s
warning: binary `fuzz_bind` should have a kebab-case name
   |
 1 | /Users/user/code/rsWordParser/fuzz/target/.../fuzz_bind
   |                                               ^^^^^^^^^
   |
   = note: `cargo::non_kebab_case_bins` is set to `warn` by default
help: to change the binary name to `fuzz-bind`, convert `bin.name`
  --> Cargo.toml:58:8
   |
58 - name = "fuzz_bind"
58 + name = "fuzz-bind"
   |
warning: binary `fuzz_edit` should have a kebab-case name
   |
 1 | /Users/user/code/rsWordParser/fuzz/target/.../fuzz_edit
   |                                               ^^^^^^^^^
   |
help: to change the binary name to `fuzz-edit`, convert `bin.name`
  --> Cargo.toml:51:8
   |
51 - name = "fuzz_edit"
51 + name = "fuzz-edit"
   |
warning: binary `fuzz_embedded` should have a kebab-case name
   |
 1 | /Users/user/code/rsWordParser/fuzz/target/.../fuzz_embedded
   |                                               ^^^^^^^^^^^^^
   |
help: to change the binary name to `fuzz-embedded`, convert `bin.name`
  --> Cargo.toml:44:8
   |
44 - name = "fuzz_embedded"
44 + name = "fuzz-embedded"
   |
warning: binary `fuzz_instr` should have a kebab-case name
   |
 1 | /Users/user/code/rsWordParser/fuzz/target/.../fuzz_instr
   |                                               ^^^^^^^^^^
   |
help: to change the binary name to `fuzz-instr`, convert `bin.name`
  --> Cargo.toml:37:8
   |
37 - name = "fuzz_instr"
37 + name = "fuzz-instr"
   |
warning: binary `fuzz_xml` should have a kebab-case name
   |
 1 | /Users/user/code/rsWordParser/fuzz/target/.../fuzz_xml
   |                                               ^^^^^^^^
   |
help: to change the binary name to `fuzz-xml`, convert `bin.name`
  --> Cargo.toml:23:8
   |
23 - name = "fuzz_xml"
23 + name = "fuzz-xml"
   |
warning: binary `fuzz_zip` should have a kebab-case name
   |
 1 | /Users/user/code/rsWordParser/fuzz/target/.../fuzz_zip
   |                                               ^^^^^^^^
   |
help: to change the binary name to `fuzz-zip`, convert `bin.name`
  --> Cargo.toml:30:8
   |
30 - name = "fuzz_zip"
30 + name = "fuzz-zip"
   |
warning: `rsword-fuzz` (manifest) generated 6 warnings
warning: binary `rsword_e2e_driver` should have a kebab-case name
  |
1 | /Users/user/code/rsWordParser/fuzz/target/.../rsword_e2e_driver
  |                                               ^^^^^^^^^^^^^^^^^
  |
  = note: `cargo::non_kebab_case_bins` is set to `warn` by default
help: to change the binary name to `rsword-e2e-driver`, convert the file stem
  |
1 - src/bin/rsword_e2e_driver.rs
1 + src/bin/rsword-e2e-driver.rs
  |
warning: `rsword` (manifest) generated 1 warning
    Blocking waiting for file lock on package cache
    Blocking waiting for file lock on package cache
    Blocking waiting for file lock on package cache
    Blocking waiting for file lock on package cache
    Finished `release` profile [optimized + debuginfo] target(s) in 0.04s
     Running `target/aarch64-apple-darwin/release/fuzz_zip -artifact_prefix=/Users/user/code/rsWordParser/fuzz/artifacts/fuzz_zip/ -max_total_time=30 -timeout=20 -rss_limit_mb=4096 -artifact_prefix=/tmp/rsword-fuzz-artifacts-fuzz_zip.RD3whS/ /tmp/rsword-fuzz-fuzz_zip.90I3D2`
INFO: Running with entropic power schedule (0xFF, 100).
INFO: Seed: 1057776244
INFO: Loaded 1 modules   (525458 inline 8-bit counters): 525458 [0x1065cb710, 0x10664bba2), 
INFO: Loaded 1 PC tables (525458 PCs): 525458 [0x10664bba8,0x106e504c8), 
INFO:        9 files found in /tmp/rsword-fuzz-fuzz_zip.90I3D2
INFO: -max_len is not provided; libFuzzer will not generate inputs larger than 4096 bytes
INFO: seed corpus: files: 9 min: 1615b max: 2613b total: 18691b rss: 48Mb
#10	INITED cov: 2531 ft: 4459 corp: 9/18Kb exec/s: 0 rss: 55Mb
	NEW_FUNC[1/5]: 0x000104685494 in _RINvNtCs7oq3hgLOR5a_4core3ptr9drop_glueNtNtCsaadRk6yvHw6_6rsword5error5ErrorECs1qLLG1JYKbQ_8fuzz_zip mod.rs:848
	NEW_FUNC[2/5]: 0x000105d8eb44 in _RNvXsZ_NtCs7a5mATVz8u3_5alloc6stringNtB5_6StringNtNtCs7oq3hgLOR5a_4core3fmt5Write9write_str+0x0 (fuzz_zip:arm64+0x101712b44)
#11	NEW    cov: 2574 ft: 4532 corp: 10/19Kb lim: 2613 exec/s: 0 rss: 56Mb L: 790/2613 MS: 1 CrossOver-
	NEW_FUNC[1/2]: 0x000104750414 in _RINvNtCs7oq3hgLOR5a_4core3ptr9drop_glueINtNtCs7a5mATVz8u3_5alloc3vec3VecNtNtNtCsaadRk6yvHw6_6rsword7package3zip11ZipEntryRefEEB1e_+0x0 (fuzz_zip:arm64+0x1000d4414)
	NEW_FUNC[2/2]: 0x00010478b34c in _RINvNtCs7oq3hgLOR5a_4core3ptr9drop_glueINtNtCsbj6Qx8ZjbjC_9hashbrown3raw8RawTableTNtNtCs7a5mATVz8u3_5alloc6string6StringmEEECsaadRk6yvHw6_6rsword+0x0 (fuzz_zip:arm64+0x10010f34c)
#12	NEW    cov: 2609 ft: 4646 corp: 11/20Kb lim: 2613 exec/s: 0 rss: 56Mb L: 1986/2613 MS: 1 CopyPart-
	NEW_FUNC[1/5]: 0x000104739a3c in _RINvNtCs7oq3hgLOR5a_4core3ptr9drop_glueINtNtCs7a5mATVz8u3_5alloc3vec3VecNtNtCsaadRk6yvHw6_6rsword7package4PartEEB1c_+0x0 (fuzz_zip:arm64+0x1000bda3c)
	NEW_FUNC[2/5]: 0x00010478e410 in _RINvNtCs7oq3hgLOR5a_4core3ptr9drop_glueINtNtCsbj6Qx8ZjbjC_9hashbrown3raw8RawTableTNtNtNtCsaadRk6yvHw6_6rsword7package3uri7PartUriNtB1m_6PartIdEEEB1o_+0x0 (fuzz_zip:arm64+0x100112410)
#13	NEW    cov: 2683 ft: 5415 corp: 12/22Kb lim: 2613 exec/s: 0 rss: 57Mb L: 1982/2613 MS: 1 ChangeBit-
	NEW_FUNC[1/1]: 0x000105ee3534 in _RNvXNtNtCsiM9RhRMGE50_3zip4read12magic_finderNtB2_7ForwardINtB2_15FinderDirectionAhj4_E4find+0x0 (fuzz_zip:arm64+0x101867534)
#14	NEW    cov: 2708 ft: 5451 corp: 13/24Kb lim: 2613 exec/s: 0 rss: 57Mb L: 2150/2613 MS: 1 InsertByte-
#16	NEW    cov: 2710 ft: 5453 corp: 14/26Kb lim: 2613 exec/s: 0 rss: 57Mb L: 1986/2613 MS: 2 ChangeBinInt-ChangeASCIIInt-
#17	NEW    cov: 2712 ft: 5455 corp: 15/28Kb lim: 2613 exec/s: 0 rss: 57Mb L: 1986/2613 MS: 1 ShuffleBytes-
#18	NEW    cov: 2715 ft: 5484 corp: 16/30Kb lim: 2613 exec/s: 0 rss: 57Mb L: 1226/2613 MS: 1 CrossOver-
#20	NEW    cov: 2717 ft: 5490 corp: 17/32Kb lim: 2613 exec/s: 0 rss: 58Mb L: 2013/2613 MS: 2 ShuffleBytes-InsertRepeatedBytes-
	NEW_FUNC[1/1]: 0x000105ee9380 in _RNvXs_NtNtCsiM9RhRMGE50_3zip4read12magic_finderNtB4_9BackwardsINtB4_15FinderDirectionAhj4_E12scope_window+0x0 (fuzz_zip:arm64+0x10186d380)
#22	NEW    cov: 2725 ft: 5518 corp: 18/33Kb lim: 2613 exec/s: 0 rss: 58Mb L: 1987/2613 MS: 2 ChangeBinInt-InsertByte-
#23	NEW    cov: 2728 ft: 5534 corp: 19/36Kb lim: 2613 exec/s: 0 rss: 58Mb L: 2145/2613 MS: 1 CrossOver-
#24	NEW    cov: 2728 ft: 5537 corp: 20/37Kb lim: 2613 exec/s: 0 rss: 58Mb L: 1949/2613 MS: 1 ChangeBit-
	NEW_FUNC[1/1]: 0x000105f03cf8 in _RNvMs0_NtCsiP0vg9rg7ax_7zlib_rs6stableNtB5_7Inflate13error_message+0x0 (fuzz_zip:arm64+0x101887cf8)
#30	NEW    cov: 2744 ft: 5564 corp: 21/39Kb lim: 2613 exec/s: 0 rss: 59Mb L: 1949/2613 MS: 1 ChangeBinInt-
#31	NEW    cov: 2744 ft: 5570 corp: 22/42Kb lim: 2613 exec/s: 0 rss: 59Mb L: 2392/2613 MS: 1 CopyPart-
#32	NEW    cov: 2747 ft: 5853 corp: 23/44Kb lim: 2613 exec/s: 0 rss: 59Mb L: 1986/2613 MS: 1 ChangeASCIIInt-
#33	NEW    cov: 2747 ft: 5859 corp: 24/46Kb lim: 2613 exec/s: 0 rss: 59Mb L: 2057/2613 MS: 1 InsertRepeatedBytes-
#34	NEW    cov: 2751 ft: 5931 corp: 25/48Kb lim: 2613 exec/s: 0 rss: 59Mb L: 2613/2613 MS: 1 ChangeByte-
#35	NEW    cov: 2751 ft: 5937 corp: 26/50Kb lim: 2613 exec/s: 0 rss: 59Mb L: 1332/2613 MS: 1 InsertRepeatedBytes-
#41	NEW    cov: 2751 ft: 5971 corp: 27/52Kb lim: 2613 exec/s: 0 rss: 59Mb L: 2613/2613 MS: 1 CrossOver-
#42	NEW    cov: 2751 ft: 5974 corp: 28/54Kb lim: 2613 exec/s: 0 rss: 59Mb L: 1982/2613 MS: 1 ShuffleBytes-
#43	NEW    cov: 2770 ft: 5995 corp: 29/56Kb lim: 2613 exec/s: 0 rss: 59Mb L: 1985/2613 MS: 1 ChangeBinInt-
	NEW_FUNC[1/1]: 0x00010473aa6c in _RINvNtCs7oq3hgLOR5a_4core3ptr9drop_glueINtNtCs7a5mATVz8u3_5alloc3vec3VecNtNtCsiM9RhRMGE50_3zip5types11ZipFileDataEECsaadRk6yvHw6_6rsword+0x0 (fuzz_zip:arm64+0x1000bea6c)
#46	NEW    cov: 2785 ft: 6118 corp: 30/58Kb lim: 2613 exec/s: 0 rss: 60Mb L: 2529/2613 MS: 3 ChangeASCIIInt-InsertByte-CopyPart-
#52	NEW    cov: 2787 ft: 6150 corp: 31/60Kb lim: 2613 exec/s: 0 rss: 60Mb L: 1994/2613 MS: 1 CMP- DE: "\177\377\377\377\377\377\377\377"-
#55	NEW    cov: 2788 ft: 6152 corp: 32/62Kb lim: 2613 exec/s: 0 rss: 60Mb L: 2166/2613 MS: 3 PersAutoDict-PersAutoDict-CMP- DE: "\177\377\377\377\377\377\377\377"-"\177\377\377\377\377\377\377\377"-"\377\377\377\377\377\377\377\377"-
#58	NEW    cov: 2788 ft: 6157 corp: 33/63Kb lim: 2613 exec/s: 0 rss: 60Mb L: 556/2613 MS: 3 ChangeBinInt-EraseBytes-EraseBytes-
#59	NEW    cov: 2790 ft: 6309 corp: 34/65Kb lim: 2613 exec/s: 0 rss: 60Mb L: 1985/2613 MS: 1 ChangeBinInt-
#60	NEW    cov: 2797 ft: 6320 corp: 35/67Kb lim: 2613 exec/s: 0 rss: 60Mb L: 1982/2613 MS: 1 ShuffleBytes-
#62	NEW    cov: 2798 ft: 6323 corp: 36/69Kb lim: 2613 exec/s: 0 rss: 60Mb L: 1983/2613 MS: 2 ShuffleBytes-InsertByte-
#64	NEW    cov: 2798 ft: 6385 corp: 37/71Kb lim: 2613 exec/s: 0 rss: 61Mb L: 2149/2613 MS: 2 ChangeBit-ChangeASCIIInt-
#66	NEW    cov: 2798 ft: 6386 corp: 38/73Kb lim: 2613 exec/s: 0 rss: 61Mb L: 2015/2613 MS: 2 ChangeBit-CrossOver-
#69	NEW    cov: 2798 ft: 6392 corp: 39/75Kb lim: 2613 exec/s: 0 rss: 61Mb L: 2109/2613 MS: 3 ChangeASCIIInt-ChangeByte-InsertRepeatedBytes-
#75	NEW    cov: 2798 ft: 6396 corp: 40/77Kb lim: 2613 exec/s: 0 rss: 61Mb L: 2101/2613 MS: 1 InsertRepeatedBytes-
#80	NEW    cov: 2798 ft: 6398 corp: 41/79Kb lim: 2613 exec/s: 0 rss: 61Mb L: 1751/2613 MS: 5 InsertRepeatedBytes-InsertByte-InsertByte-ChangeByte-InsertRepeatedBytes-
#87	NEW    cov: 2816 ft: 6418 corp: 42/81Kb lim: 2613 exec/s: 0 rss: 61Mb L: 1986/2613 MS: 2 ChangeASCIIInt-ChangeBinInt-
#91	NEW    cov: 2816 ft: 6492 corp: 43/83Kb lim: 2613 exec/s: 0 rss: 61Mb L: 2266/2613 MS: 4 ChangeASCIIInt-InsertRepeatedBytes-PersAutoDict-ChangeBit- DE: "\177\377\377\377\377\377\377\377"-
#93	NEW    cov: 2816 ft: 6501 corp: 44/83Kb lim: 2613 exec/s: 0 rss: 61Mb L: 530/2613 MS: 2 EraseBytes-CrossOver-
#94	NEW    cov: 2816 ft: 6600 corp: 45/85Kb lim: 2613 exec/s: 0 rss: 61Mb L: 1949/2613 MS: 1 PersAutoDict- DE: "\177\377\377\377\377\377\377\377"-
#105	NEW    cov: 2816 ft: 6606 corp: 46/86Kb lim: 2613 exec/s: 0 rss: 62Mb L: 538/2613 MS: 1 PersAutoDict- DE: "\377\377\377\377\377\377\377\377"-
#108	NEW    cov: 2816 ft: 6607 corp: 47/86Kb lim: 2613 exec/s: 0 rss: 62Mb L: 434/2613 MS: 3 ChangeByte-InsertRepeatedBytes-CrossOver-
#117	NEW    cov: 2819 ft: 6616 corp: 48/88Kb lim: 2613 exec/s: 0 rss: 62Mb L: 1819/2613 MS: 4 EraseBytes-ShuffleBytes-CMP-CopyPart- DE: "\377\377\377\377\377\377\003\000"-
#119	NEW    cov: 2819 ft: 6618 corp: 49/88Kb lim: 2613 exec/s: 0 rss: 62Mb L: 341/2613 MS: 2 ChangeByte-EraseBytes-
#125	NEW    cov: 2831 ft: 6652 corp: 50/90Kb lim: 2613 exec/s: 0 rss: 62Mb L: 2150/2613 MS: 1 InsertByte-
#142	NEW    cov: 2831 ft: 6653 corp: 51/93Kb lim: 2613 exec/s: 0 rss: 62Mb L: 2258/2613 MS: 2 CrossOver-EraseBytes-
#143	NEW    cov: 2831 ft: 6683 corp: 52/95Kb lim: 2613 exec/s: 0 rss: 63Mb L: 1994/2613 MS: 1 PersAutoDict- DE: "\177\377\377\377\377\377\377\377"-
#149	NEW    cov: 2831 ft: 6749 corp: 53/97Kb lim: 2613 exec/s: 0 rss: 63Mb L: 2426/2613 MS: 1 ChangeBit-
#152	NEW    cov: 2831 ft: 6751 corp: 54/99Kb lim: 2613 exec/s: 0 rss: 63Mb L: 2045/2613 MS: 3 PersAutoDict-PersAutoDict-InsertRepeatedBytes- DE: "\377\377\377\377\377\377\003\000"-"\377\377\377\377\377\377\003\000"-
	NEW_FUNC[1/1]: 0x000105f036b0 in _RNvMNtNtCsiP0vg9rg7ax_7zlib_rs7inflate6writerNtB2_6Writer35extend_from_window_runtime_dispatch+0x0 (fuzz_zip:arm64+0x1018876b0)
#158	NEW    cov: 2850 ft: 6772 corp: 55/101Kb lim: 2613 exec/s: 0 rss: 63Mb L: 1986/2613 MS: 1 ChangeASCIIInt-
#170	NEW    cov: 2851 ft: 6795 corp: 56/103Kb lim: 2613 exec/s: 0 rss: 63Mb L: 2538/2613 MS: 2 InsertByte-PersAutoDict- DE: "\377\377\377\377\377\377\377\377"-
#171	NEW    cov: 2851 ft: 6801 corp: 57/106Kb lim: 2613 exec/s: 0 rss: 64Mb L: 2613/2613 MS: 1 CrossOver-
#174	NEW    cov: 2851 ft: 6803 corp: 58/108Kb lim: 2613 exec/s: 0 rss: 64Mb L: 1685/2613 MS: 3 EraseBytes-ChangeBinInt-ChangeByte-
#177	NEW    cov: 2851 ft: 6809 corp: 59/110Kb lim: 2613 exec/s: 0 rss: 64Mb L: 2608/2613 MS: 3 ChangeByte-CopyPart-CopyPart-
#181	NEW    cov: 2857 ft: 6824 corp: 60/112Kb lim: 2613 exec/s: 0 rss: 64Mb L: 2264/2613 MS: 4 ChangeBinInt-ChangeBinInt-CrossOver-InsertByte-
#183	NEW    cov: 2857 ft: 6834 corp: 61/114Kb lim: 2613 exec/s: 0 rss: 64Mb L: 1982/2613 MS: 2 ChangeByte-PersAutoDict- DE: "\177\377\377\377\377\377\377\377"-
#184	NEW    cov: 2857 ft: 6836 corp: 62/115Kb lim: 2613 exec/s: 0 rss: 64Mb L: 528/2613 MS: 1 CrossOver-
#191	NEW    cov: 2857 ft: 6840 corp: 63/117Kb lim: 2613 exec/s: 0 rss: 64Mb L: 1949/2613 MS: 2 ChangeBinInt-PersAutoDict- DE: "\177\377\377\377\377\377\377\377"-
#194	NEW    cov: 2857 ft: 6844 corp: 64/119Kb lim: 2613 exec/s: 0 rss: 64Mb L: 2544/2613 MS: 3 ChangeBinInt-ChangeBit-EraseBytes-
#195	NEW    cov: 2857 ft: 6847 corp: 65/120Kb lim: 2613 exec/s: 0 rss: 64Mb L: 556/2613 MS: 1 CrossOver-
#202	NEW    cov: 2859 ft: 6873 corp: 66/122Kb lim: 2613 exec/s: 0 rss: 64Mb L: 2001/2613 MS: 2 InsertByte-InsertRepeatedBytes-
	NEW_FUNC[1/1]: 0x000105ee5b1c in _RNvXs1i_NtCs7oq3hgLOR5a_4core3fmtRReNtB6_7Display3fmtCsiM9RhRMGE50_3zip+0x0 (fuzz_zip:arm64+0x101869b1c)
#221	NEW    cov: 2866 ft: 6940 corp: 67/124Kb lim: 2613 exec/s: 0 rss: 65Mb L: 1988/2613 MS: 4 ChangeASCIIInt-InsertByte-CMP-CMP- DE: "\001\000\001\340"-"PK\005\006"-
#224	NEW    cov: 2866 ft: 6941 corp: 68/126Kb lim: 2613 exec/s: 0 rss: 65Mb L: 2530/2613 MS: 3 ChangeByte-InsertByte-PersAutoDict- DE: "PK\005\006"-
#228	NEW    cov: 2875 ft: 6950 corp: 69/128Kb lim: 2613 exec/s: 0 rss: 66Mb L: 1538/2613 MS: 4 InsertRepeatedBytes-PersAutoDict-InsertByte-EraseBytes- DE: "\377\377\377\377\377\377\003\000"-
#244	NEW    cov: 2875 ft: 6951 corp: 70/129Kb lim: 2613 exec/s: 0 rss: 66Mb L: 1550/2613 MS: 1 EraseBytes-
#245	NEW    cov: 2876 ft: 6953 corp: 71/131Kb lim: 2613 exec/s: 0 rss: 66Mb L: 2284/2613 MS: 1 CrossOver-
#251	NEW    cov: 2878 ft: 6982 corp: 72/134Kb lim: 2613 exec/s: 0 rss: 66Mb L: 2434/2613 MS: 1 PersAutoDict- DE: "\377\377\377\377\377\377\003\000"-
#260	REDUCE cov: 2878 ft: 6982 corp: 72/134Kb lim: 2613 exec/s: 0 rss: 66Mb L: 2532/2613 MS: 4 CrossOver-CopyPart-PersAutoDict-EraseBytes- DE: "\377\377\377\377\377\377\003\000"-
#268	REDUCE cov: 2878 ft: 6982 corp: 72/134Kb lim: 2613 exec/s: 0 rss: 66Mb L: 2140/2613 MS: 3 PersAutoDict-ChangeBit-EraseBytes- DE: "\377\377\377\377\377\377\377\377"-
#279	NEW    cov: 2882 ft: 6986 corp: 73/136Kb lim: 2613 exec/s: 0 rss: 66Mb L: 2009/2613 MS: 1 EraseBytes-
#290	NEW    cov: 2883 ft: 6987 corp: 74/138Kb lim: 2613 exec/s: 0 rss: 67Mb L: 1982/2613 MS: 1 ShuffleBytes-
#296	NEW    cov: 2883 ft: 6999 corp: 75/140Kb lim: 2613 exec/s: 0 rss: 67Mb L: 1986/2613 MS: 1 ChangeASCIIInt-
#312	NEW    cov: 2885 ft: 7003 corp: 76/141Kb lim: 2613 exec/s: 0 rss: 67Mb L: 1986/2613 MS: 1 ShuffleBytes-
#370	NEW    cov: 2885 ft: 7005 corp: 77/142Kb lim: 2613 exec/s: 0 rss: 68Mb L: 313/2613 MS: 3 ChangeByte-ChangeASCIIInt-EraseBytes-
#371	NEW    cov: 2885 ft: 7079 corp: 78/144Kb lim: 2613 exec/s: 0 rss: 68Mb L: 2613/2613 MS: 1 CrossOver-
#390	REDUCE cov: 2885 ft: 7079 corp: 78/144Kb lim: 2613 exec/s: 0 rss: 69Mb L: 1949/2613 MS: 4 EraseBytes-ChangeASCIIInt-ChangeBit-CrossOver-
#393	NEW    cov: 2885 ft: 7080 corp: 79/146Kb lim: 2613 exec/s: 0 rss: 69Mb L: 1587/2613 MS: 3 ChangeASCIIInt-CopyPart-EraseBytes-
#394	NEW    cov: 2886 ft: 7084 corp: 80/148Kb lim: 2613 exec/s: 0 rss: 69Mb L: 2426/2613 MS: 1 CopyPart-
#419	NEW    cov: 2887 ft: 7085 corp: 81/150Kb lim: 2613 exec/s: 0 rss: 70Mb L: 1914/2613 MS: 5 EraseBytes-EraseBytes-InsertRepeatedBytes-CMP-InsertRepeatedBytes- DE: "\007\005KP"-
	NEW_FUNC[1/7]: 0x000105ebc668 in _RINvMs_NtNtCsiM9RhRMGE50_3zip12extra_fields12zipinfo_utf8NtB5_17UnicodeExtraField15try_from_readerINtNtNtCs7oq3hgLOR5a_4core2io6cursor6CursorRShEEB9_+0x0 (fuzz_zip:arm64+0x101840668)
	NEW_FUNC[2/7]: 0x000105ec20ac in _RINvNtCs7oq3hgLOR5a_4core3ptr9drop_glueINtNtCs7a5mATVz8u3_5alloc5boxed3BoxShEECsiM9RhRMGE50_3zip+0x0 (fuzz_zip:arm64+0x1018460ac)
#425	NEW    cov: 2921 ft: 7120 corp: 82/152Kb lim: 2613 exec/s: 0 rss: 70Mb L: 1997/2613 MS: 1 InsertRepeatedBytes-
#438	NEW    cov: 2921 ft: 7121 corp: 83/154Kb lim: 2613 exec/s: 0 rss: 70Mb L: 2086/2613 MS: 3 CrossOver-ChangeBinInt-CrossOver-
#453	NEW    cov: 2921 ft: 7161 corp: 84/156Kb lim: 2613 exec/s: 0 rss: 70Mb L: 2300/2613 MS: 5 ChangeBinInt-InsertByte-ChangeBit-CopyPart-EraseBytes-
#461	NEW    cov: 2924 ft: 7169 corp: 85/159Kb lim: 2613 exec/s: 0 rss: 70Mb L: 2460/2613 MS: 3 PersAutoDict-ShuffleBytes-CopyPart- DE: "\377\377\377\377\377\377\377\377"-
#477	REDUCE cov: 2924 ft: 7169 corp: 85/158Kb lim: 2613 exec/s: 0 rss: 70Mb L: 1363/2613 MS: 1 EraseBytes-
#478	NEW    cov: 2924 ft: 7173 corp: 86/160Kb lim: 2613 exec/s: 0 rss: 71Mb L: 1985/2613 MS: 1 ChangeBinInt-
#488	NEW    cov: 2924 ft: 7174 corp: 87/162Kb lim: 2613 exec/s: 0 rss: 71Mb L: 2313/2613 MS: 5 InsertByte-ChangeBinInt-CopyPart-CopyPart-ChangeByte-
#521	NEW    cov: 2924 ft: 7176 corp: 88/163Kb lim: 2613 exec/s: 0 rss: 72Mb L: 388/2613 MS: 3 PersAutoDict-ShuffleBytes-CopyPart- DE: "\001\000\001\340"-
#539	NEW    cov: 2924 ft: 7177 corp: 89/165Kb lim: 2613 exec/s: 0 rss: 72Mb L: 2207/2613 MS: 3 CopyPart-InsertRepeatedBytes-PersAutoDict- DE: "PK\005\006"-
#575	NEW    cov: 2924 ft: 7182 corp: 90/167Kb lim: 2613 exec/s: 0 rss: 73Mb L: 2337/2613 MS: 1 CrossOver-
#590	NEW    cov: 2925 ft: 7183 corp: 91/170Kb lim: 2613 exec/s: 0 rss: 73Mb L: 2589/2613 MS: 5 CMP-CMP-CrossOver-CrossOver-InsertRepeatedBytes- DE: "\027\000\000\000\000\000\000\000"-"\013\004\003K"-
#598	REDUCE cov: 2925 ft: 7183 corp: 91/169Kb lim: 2613 exec/s: 0 rss: 73Mb L: 306/2613 MS: 3 CrossOver-CopyPart-EraseBytes-
#604	NEW    cov: 2926 ft: 7186 corp: 92/171Kb lim: 2613 exec/s: 0 rss: 73Mb L: 1982/2613 MS: 1 ChangeBit-
#608	NEW    cov: 2929 ft: 7198 corp: 93/174Kb lim: 2613 exec/s: 0 rss: 74Mb L: 2603/2613 MS: 4 InsertByte-CopyPart-ChangeBit-InsertRepeatedBytes-
#627	NEW    cov: 2929 ft: 7200 corp: 94/175Kb lim: 2613 exec/s: 0 rss: 74Mb L: 993/2613 MS: 4 InsertByte-ChangeASCIIInt-ChangeBinInt-EraseBytes-
#633	NEW    cov: 2929 ft: 7244 corp: 95/176Kb lim: 2613 exec/s: 0 rss: 74Mb L: 1615/2613 MS: 1 ChangeBit-
#640	NEW    cov: 2933 ft: 7257 corp: 96/179Kb lim: 2613 exec/s: 0 rss: 74Mb L: 2366/2613 MS: 2 ChangeASCIIInt-CopyPart-
#646	NEW    cov: 2933 ft: 7258 corp: 97/181Kb lim: 2613 exec/s: 0 rss: 75Mb L: 2613/2613 MS: 1 ShuffleBytes-
#666	NEW    cov: 2933 ft: 7260 corp: 98/182Kb lim: 2613 exec/s: 0 rss: 75Mb L: 313/2613 MS: 5 ShuffleBytes-ShuffleBytes-ChangeBinInt-ChangeBinInt-CopyPart-
#669	NEW    cov: 2934 ft: 7261 corp: 99/184Kb lim: 2613 exec/s: 0 rss: 75Mb L: 2460/2613 MS: 3 ChangeByte-ChangeByte-PersAutoDict- DE: "\027\000\000\000\000\000\000\000"-
#686	NEW    cov: 2935 ft: 7262 corp: 100/186Kb lim: 2613 exec/s: 0 rss: 76Mb L: 2009/2613 MS: 2 CopyPart-ChangeBinInt-
#687	NEW    cov: 2936 ft: 7307 corp: 101/188Kb lim: 2613 exec/s: 0 rss: 76Mb L: 2426/2613 MS: 1 ChangeBinInt-
#688	NEW    cov: 2936 ft: 7308 corp: 102/189Kb lim: 2613 exec/s: 0 rss: 76Mb L: 539/2613 MS: 1 InsertByte-
#689	NEW    cov: 2938 ft: 7313 corp: 103/191Kb lim: 2613 exec/s: 0 rss: 76Mb L: 1949/2613 MS: 1 ChangeASCIIInt-
#785	NEW    cov: 2940 ft: 7315 corp: 104/193Kb lim: 2613 exec/s: 0 rss: 77Mb L: 1986/2613 MS: 1 ShuffleBytes-
#789	NEW    cov: 2942 ft: 7321 corp: 105/195Kb lim: 2613 exec/s: 0 rss: 77Mb L: 2576/2613 MS: 4 InsertRepeatedBytes-CrossOver-ChangeBit-CopyPart-
#791	NEW    cov: 2942 ft: 7322 corp: 106/198Kb lim: 2613 exec/s: 0 rss: 77Mb L: 2439/2613 MS: 2 CrossOver-EraseBytes-
#792	NEW    cov: 2942 ft: 7341 corp: 107/200Kb lim: 2613 exec/s: 0 rss: 78Mb L: 1985/2613 MS: 1 ShuffleBytes-
#803	NEW    cov: 2942 ft: 7342 corp: 108/202Kb lim: 2613 exec/s: 0 rss: 78Mb L: 2366/2613 MS: 1 ChangeByte-
#809	NEW    cov: 2946 ft: 7346 corp: 109/203Kb lim: 2613 exec/s: 0 rss: 78Mb L: 1587/2613 MS: 1 PersAutoDict- DE: "\177\377\377\377\377\377\377\377"-
#817	NEW    cov: 2946 ft: 7352 corp: 110/206Kb lim: 2613 exec/s: 0 rss: 78Mb L: 2558/2613 MS: 3 ChangeBit-ChangeByte-CrossOver-
#848	NEW    cov: 2947 ft: 7359 corp: 111/208Kb lim: 2613 exec/s: 0 rss: 79Mb L: 1949/2613 MS: 1 CrossOver-
#868	NEW    cov: 2947 ft: 7362 corp: 112/210Kb lim: 2613 exec/s: 0 rss: 79Mb L: 2109/2613 MS: 5 ChangeASCIIInt-ChangeBit-ShuffleBytes-ChangeBinInt-PersAutoDict- DE: "\377\377\377\377\377\377\377\377"-
#869	NEW    cov: 2947 ft: 7363 corp: 113/212Kb lim: 2613 exec/s: 0 rss: 79Mb L: 2584/2613 MS: 1 CrossOver-
#941	REDUCE cov: 2947 ft: 7363 corp: 113/212Kb lim: 2613 exec/s: 0 rss: 80Mb L: 164/2613 MS: 2 ChangeByte-EraseBytes-
#966	NEW    cov: 2948 ft: 7368 corp: 114/214Kb lim: 2613 exec/s: 0 rss: 81Mb L: 1587/2613 MS: 5 PersAutoDict-ShuffleBytes-ShuffleBytes-ChangeBinInt-PersAutoDict- DE: "\177\377\377\377\377\377\377\377"-"PK\005\006"-
#991	NEW    cov: 2949 ft: 7373 corp: 115/216Kb lim: 2613 exec/s: 0 rss: 81Mb L: 2336/2613 MS: 5 ChangeASCIIInt-InsertByte-ChangeASCIIInt-InsertByte-CopyPart-
#993	NEW    cov: 2949 ft: 7377 corp: 116/218Kb lim: 2613 exec/s: 0 rss: 81Mb L: 2233/2613 MS: 2 InsertByte-InsertRepeatedBytes-
#1012	NEW    cov: 2949 ft: 7381 corp: 117/220Kb lim: 2613 exec/s: 0 rss: 82Mb L: 2117/2613 MS: 4 CMP-ChangeASCIIInt-ChangeBit-CrossOver- DE: "\001\000\000\000\000\000\004\000"-
#1020	NEW    cov: 2949 ft: 7383 corp: 118/223Kb lim: 2613 exec/s: 0 rss: 82Mb L: 2367/2613 MS: 3 ChangeBit-ChangeBinInt-InsertByte-
#1036	REDUCE cov: 2949 ft: 7383 corp: 118/223Kb lim: 2613 exec/s: 0 rss: 82Mb L: 2458/2613 MS: 1 EraseBytes-
#1042	NEW    cov: 2949 ft: 7386 corp: 119/225Kb lim: 2613 exec/s: 0 rss: 82Mb L: 1949/2613 MS: 1 ChangeBit-
#1074	NEW    cov: 2951 ft: 7388 corp: 120/227Kb lim: 2613 exec/s: 0 rss: 83Mb L: 1982/2613 MS: 2 PersAutoDict-ShuffleBytes- DE: "PK\005\006"-
#1078	REDUCE cov: 2951 ft: 7388 corp: 120/226Kb lim: 2613 exec/s: 0 rss: 83Mb L: 1582/2613 MS: 4 ChangeBit-CopyPart-ChangeByte-EraseBytes-
#1089	NEW    cov: 2957 ft: 7395 corp: 121/229Kb lim: 2613 exec/s: 0 rss: 84Mb L: 2149/2613 MS: 1 PersAutoDict- DE: "\377\377\377\377\377\377\003\000"-
#1135	NEW    cov: 2959 ft: 7397 corp: 122/230Kb lim: 2613 exec/s: 0 rss: 85Mb L: 1986/2613 MS: 1 ChangeByte-
#1143	REDUCE cov: 2959 ft: 7397 corp: 122/230Kb lim: 2613 exec/s: 0 rss: 85Mb L: 906/2613 MS: 3 ChangeBit-ChangeBinInt-EraseBytes-
#1182	NEW    cov: 2960 ft: 7403 corp: 123/231Kb lim: 2613 exec/s: 0 rss: 86Mb L: 1038/2613 MS: 4 ChangeByte-InsertByte-CopyPart-EraseBytes-
#1185	REDUCE cov: 2960 ft: 7403 corp: 123/230Kb lim: 2613 exec/s: 0 rss: 86Mb L: 1243/2613 MS: 3 InsertRepeatedBytes-InsertByte-EraseBytes-
#1207	REDUCE cov: 2960 ft: 7404 corp: 124/231Kb lim: 2613 exec/s: 0 rss: 87Mb L: 988/2613 MS: 2 ChangeBit-InsertRepeatedBytes-
#1271	NEW    cov: 2960 ft: 7405 corp: 125/232Kb lim: 2613 exec/s: 0 rss: 88Mb L: 1034/2613 MS: 4 ChangeByte-InsertByte-InsertRepeatedBytes-CrossOver-
#1314	NEW    cov: 2960 ft: 7406 corp: 126/234Kb lim: 2613 exec/s: 0 rss: 89Mb L: 1986/2613 MS: 3 ChangeASCIIInt-ChangeByte-ChangeBit-
#1360	NEW    cov: 2961 ft: 7421 corp: 127/236Kb lim: 2613 exec/s: 0 rss: 90Mb L: 1985/2613 MS: 1 PersAutoDict- DE: "\007\005KP"-
#1383	NEW    cov: 2961 ft: 7436 corp: 128/238Kb lim: 2613 exec/s: 0 rss: 91Mb L: 2482/2613 MS: 3 ChangeBit-ChangeASCIIInt-CopyPart-
#1429	NEW    cov: 2961 ft: 7441 corp: 129/241Kb lim: 2613 exec/s: 0 rss: 92Mb L: 2260/2613 MS: 1 InsertRepeatedBytes-
#1500	NEW    cov: 2961 ft: 7443 corp: 130/242Kb lim: 2613 exec/s: 0 rss: 93Mb L: 1949/2613 MS: 1 PersAutoDict- DE: "PK\005\006"-
#1518	NEW    cov: 2964 ft: 7446 corp: 131/245Kb lim: 2613 exec/s: 0 rss: 93Mb L: 2440/2613 MS: 3 ChangeBit-InsertRepeatedBytes-ShuffleBytes-
#1552	NEW    cov: 2964 ft: 7448 corp: 132/247Kb lim: 2613 exec/s: 0 rss: 94Mb L: 2613/2613 MS: 4 ShuffleBytes-ChangeASCIIInt-CopyPart-CrossOver-
#1623	NEW    cov: 2964 ft: 7597 corp: 133/249Kb lim: 2613 exec/s: 0 rss: 95Mb L: 1615/2613 MS: 1 ChangeBit-
#1630	NEW    cov: 2965 ft: 7600 corp: 134/251Kb lim: 2613 exec/s: 0 rss: 95Mb L: 2155/2613 MS: 2 InsertByte-CopyPart-
#1687	REDUCE cov: 2965 ft: 7600 corp: 134/251Kb lim: 2613 exec/s: 0 rss: 96Mb L: 144/2613 MS: 2 ChangeByte-EraseBytes-
#1723	NEW    cov: 2965 ft: 7624 corp: 135/253Kb lim: 2613 exec/s: 0 rss: 97Mb L: 1949/2613 MS: 1 CMP- DE: "PK\005\006"-
#1759	NEW    cov: 2966 ft: 7625 corp: 136/254Kb lim: 2613 exec/s: 0 rss: 97Mb L: 1133/2613 MS: 1 EraseBytes-
#1772	NEW    cov: 2966 ft: 7636 corp: 137/256Kb lim: 2613 exec/s: 0 rss: 98Mb L: 1938/2613 MS: 3 PersAutoDict-ChangeBinInt-EraseBytes- DE: "\027\000\000\000\000\000\000\000"-
#1813	NEW    cov: 2966 ft: 7641 corp: 138/257Kb lim: 2613 exec/s: 0 rss: 99Mb L: 988/2613 MS: 1 PersAutoDict- DE: "PK\005\006"-
#1820	NEW    cov: 2967 ft: 7642 corp: 139/259Kb lim: 2613 exec/s: 0 rss: 99Mb L: 2613/2613 MS: 2 ShuffleBytes-ChangeByte-
#1825	NEW    cov: 2968 ft: 7643 corp: 140/261Kb lim: 2613 exec/s: 0 rss: 99Mb L: 1799/2613 MS: 5 EraseBytes-ChangeByte-InsertByte-ChangeBinInt-PersAutoDict- DE: "PK\005\006"-
#1839	REDUCE cov: 2968 ft: 7643 corp: 140/261Kb lim: 2613 exec/s: 0 rss: 99Mb L: 2242/2613 MS: 4 ChangeASCIIInt-CrossOver-ChangeBinInt-EraseBytes-
#1841	NEW    cov: 2969 ft: 7687 corp: 141/263Kb lim: 2613 exec/s: 0 rss: 99Mb L: 1990/2613 MS: 2 ChangeBinInt-PersAutoDict- DE: "PK\005\006"-
#1847	NEW    cov: 2969 ft: 7701 corp: 142/265Kb lim: 2613 exec/s: 0 rss: 99Mb L: 1982/2613 MS: 1 ChangeBinInt-
#1848	NEW    cov: 2969 ft: 7704 corp: 143/267Kb lim: 2613 exec/s: 0 rss: 99Mb L: 1949/2613 MS: 1 CrossOver-
#1850	NEW    cov: 2972 ft: 7707 corp: 144/269Kb lim: 2613 exec/s: 0 rss: 100Mb L: 1990/2613 MS: 2 ChangeByte-PersAutoDict- DE: "\001\000\000\000\000\000\004\000"-
#1856	NEW    cov: 2972 ft: 7719 corp: 145/271Kb lim: 2613 exec/s: 0 rss: 100Mb L: 1986/2613 MS: 1 ChangeBinInt-
#1869	NEW    cov: 2973 ft: 7770 corp: 146/272Kb lim: 2613 exec/s: 0 rss: 100Mb L: 1399/2613 MS: 3 InsertByte-ShuffleBytes-EraseBytes-
#1916	NEW    cov: 2978 ft: 7775 corp: 147/274Kb lim: 2613 exec/s: 0 rss: 101Mb L: 2172/2613 MS: 2 InsertRepeatedBytes-ChangeBinInt-
#1955	NEW    cov: 2979 ft: 7776 corp: 148/277Kb lim: 2613 exec/s: 0 rss: 102Mb L: 2613/2613 MS: 4 ChangeBit-ChangeBit-CMP-ShuffleBytes- DE: "\005\005KP"-
#1977	REDUCE cov: 2979 ft: 7776 corp: 148/277Kb lim: 2613 exec/s: 0 rss: 102Mb L: 2179/2613 MS: 2 ChangeASCIIInt-EraseBytes-
#1981	NEW    cov: 2979 ft: 7777 corp: 149/279Kb lim: 2613 exec/s: 0 rss: 103Mb L: 2565/2613 MS: 4 InsertByte-ChangeByte-InsertByte-CopyPart-
#2010	REDUCE cov: 2979 ft: 7777 corp: 149/279Kb lim: 2613 exec/s: 0 rss: 103Mb L: 264/2613 MS: 4 ChangeByte-CrossOver-InsertByte-EraseBytes-
#2056	NEW    cov: 2983 ft: 7781 corp: 150/281Kb lim: 2613 exec/s: 0 rss: 104Mb L: 1986/2613 MS: 1 ChangeBinInt-
#2079	REDUCE cov: 2983 ft: 7781 corp: 150/281Kb lim: 2613 exec/s: 0 rss: 105Mb L: 2552/2613 MS: 3 PersAutoDict-InsertByte-EraseBytes- DE: "\377\377\377\377\377\377\377\377"-
#2086	NEW    cov: 2992 ft: 7790 corp: 151/283Kb lim: 2613 exec/s: 0 rss: 105Mb L: 1507/2613 MS: 2 CrossOver-EraseBytes-
#2102	NEW    cov: 2993 ft: 7791 corp: 152/285Kb lim: 2613 exec/s: 0 rss: 105Mb L: 2603/2613 MS: 1 ShuffleBytes-
#2103	NEW    cov: 2995 ft: 7801 corp: 153/287Kb lim: 2613 exec/s: 0 rss: 105Mb L: 2434/2613 MS: 1 CrossOver-
#2121	NEW    cov: 2995 ft: 7803 corp: 154/290Kb lim: 2613 exec/s: 0 rss: 105Mb L: 2336/2613 MS: 3 PersAutoDict-PersAutoDict-CopyPart- DE: "PK\005\006"-"\027\000\000\000\000\000\000\000"-
#2130	REDUCE cov: 2995 ft: 7803 corp: 154/289Kb lim: 2613 exec/s: 0 rss: 106Mb L: 2290/2613 MS: 4 ChangeASCIIInt-CopyPart-ChangeByte-EraseBytes-
#2179	REDUCE cov: 2995 ft: 7803 corp: 154/289Kb lim: 2613 exec/s: 0 rss: 106Mb L: 854/2613 MS: 4 ShuffleBytes-ShuffleBytes-CopyPart-EraseBytes-
#2190	NEW    cov: 2999 ft: 7809 corp: 155/291Kb lim: 2613 exec/s: 0 rss: 107Mb L: 1985/2613 MS: 1 ChangeBinInt-
#2213	NEW    cov: 2999 ft: 7814 corp: 156/293Kb lim: 2613 exec/s: 0 rss: 107Mb L: 2001/2613 MS: 3 CMP-ChangeBinInt-PersAutoDict- DE: "\001\000`.\371\343'\257"-"\177\377\377\377\377\377\377\377"-
#2224	NEW    cov: 2999 ft: 7816 corp: 157/295Kb lim: 2613 exec/s: 0 rss: 107Mb L: 2149/2613 MS: 1 ChangeByte-
#2233	NEW    cov: 3006 ft: 7835 corp: 158/297Kb lim: 2613 exec/s: 0 rss: 108Mb L: 1994/2613 MS: 4 ChangeASCIIInt-ShuffleBytes-PersAutoDict-PersAutoDict- DE: "PK\005\006"-"PK\005\006"-
#2344	NEW    cov: 3006 ft: 7836 corp: 159/299Kb lim: 2613 exec/s: 0 rss: 109Mb L: 1986/2613 MS: 1 ChangeBinInt-
#2376	NEW    cov: 3006 ft: 7839 corp: 160/301Kb lim: 2613 exec/s: 0 rss: 110Mb L: 2149/2613 MS: 2 PersAutoDict-ShuffleBytes- DE: "\001\000`.\371\343'\257"-
#2390	NEW    cov: 3006 ft: 7840 corp: 161/302Kb lim: 2613 exec/s: 0 rss: 110Mb L: 992/2613 MS: 4 EraseBytes-CMP-ShuffleBytes-EraseBytes- DE: "OK\001\002"-
#2405	NEW    cov: 3006 ft: 7841 corp: 162/304Kb lim: 2613 exec/s: 0 rss: 110Mb L: 1935/2613 MS: 5 ShuffleBytes-InsertRepeatedBytes-InsertByte-ChangeByte-EraseBytes-
#2424	NEW    cov: 3007 ft: 7842 corp: 163/306Kb lim: 2613 exec/s: 0 rss: 111Mb L: 2149/2613 MS: 4 PersAutoDict-ChangeByte-ChangeASCIIInt-ChangeBinInt- DE: "\005\005KP"-
#2453	REDUCE cov: 3007 ft: 7842 corp: 163/306Kb lim: 2613 exec/s: 0 rss: 112Mb L: 1892/2613 MS: 4 ShuffleBytes-ChangeBit-ChangeBinInt-EraseBytes-
#2554	NEW    cov: 3010 ft: 7845 corp: 164/307Kb lim: 2613 exec/s: 0 rss: 114Mb L: 1655/2613 MS: 1 EraseBytes-
#2569	REDUCE cov: 3010 ft: 7845 corp: 164/307Kb lim: 2613 exec/s: 0 rss: 114Mb L: 1399/2613 MS: 5 ChangeASCIIInt-InsertByte-ChangeBinInt-ShuffleBytes-EraseBytes-
#2625	NEW    cov: 3010 ft: 7847 corp: 165/309Kb lim: 2613 exec/s: 0 rss: 115Mb L: 1986/2613 MS: 1 CMP- DE: "l\" C"-
#2643	NEW    cov: 3010 ft: 7848 corp: 166/310Kb lim: 2613 exec/s: 0 rss: 115Mb L: 1031/2613 MS: 3 CrossOver-EraseBytes-InsertRepeatedBytes-
#2666	NEW    cov: 3011 ft: 7849 corp: 167/312Kb lim: 2613 exec/s: 0 rss: 116Mb L: 2395/2613 MS: 3 CopyPart-PersAutoDict-InsertRepeatedBytes- DE: "\027\000\000\000\000\000\000\000"-
#2678	NEW    cov: 3011 ft: 7853 corp: 168/315Kb lim: 2613 exec/s: 0 rss: 116Mb L: 2466/2613 MS: 2 ChangeByte-CopyPart-
	NEW_FUNC[1/1]: 0x000105ee5cec in _RNvXs1i_NtCs7oq3hgLOR5a_4core3fmtRtNtB6_7Display3fmtCsiM9RhRMGE50_3zip+0x0 (fuzz_zip:arm64+0x101869cec)
#2689	NEW    cov: 3017 ft: 7859 corp: 169/317Kb lim: 2613 exec/s: 0 rss: 116Mb L: 1949/2613 MS: 1 ChangeBinInt-
#2730	NEW    cov: 3017 ft: 7866 corp: 170/318Kb lim: 2613 exec/s: 0 rss: 117Mb L: 1026/2613 MS: 1 InsertRepeatedBytes-
#2732	NEW    cov: 3017 ft: 7873 corp: 171/320Kb lim: 2613 exec/s: 0 rss: 117Mb L: 1975/2613 MS: 2 EraseBytes-InsertRepeatedBytes-
#2769	NEW    cov: 3064 ft: 7924 corp: 172/321Kb lim: 2613 exec/s: 0 rss: 118Mb L: 1917/2613 MS: 2 EraseBytes-PersAutoDict- DE: "PK\005\006"-
#2776	NEW    cov: 3064 ft: 7927 corp: 173/323Kb lim: 2613 exec/s: 0 rss: 118Mb L: 1685/2613 MS: 2 InsertRepeatedBytes-EraseBytes-
#2846	NEW    cov: 3064 ft: 7929 corp: 174/326Kb lim: 2613 exec/s: 0 rss: 119Mb L: 2613/2613 MS: 5 ChangeByte-ChangeASCIIInt-ChangeASCIIInt-ShuffleBytes-ChangeASCIIInt-
#2857	REDUCE cov: 3065 ft: 7930 corp: 175/328Kb lim: 2613 exec/s: 0 rss: 119Mb L: 2523/2613 MS: 1 CopyPart-
#2883	NEW    cov: 3067 ft: 7932 corp: 176/330Kb lim: 2613 exec/s: 0 rss: 120Mb L: 1986/2613 MS: 1 ChangeBinInt-
#2909	NEW    cov: 3067 ft: 7934 corp: 177/332Kb lim: 2613 exec/s: 0 rss: 121Mb L: 1985/2613 MS: 1 ChangeBinInt-
#2916	REDUCE cov: 3067 ft: 7934 corp: 177/332Kb lim: 2613 exec/s: 0 rss: 121Mb L: 491/2613 MS: 2 ChangeBit-EraseBytes-
#2922	REDUCE cov: 3067 ft: 7934 corp: 177/332Kb lim: 2613 exec/s: 0 rss: 121Mb L: 1100/2613 MS: 1 EraseBytes-
#2978	NEW    cov: 3067 ft: 7940 corp: 178/334Kb lim: 2613 exec/s: 0 rss: 121Mb L: 2585/2613 MS: 1 InsertByte-
#3017	REDUCE cov: 3067 ft: 7940 corp: 178/334Kb lim: 2613 exec/s: 0 rss: 123Mb L: 2000/2613 MS: 4 ChangeByte-ChangeByte-InsertByte-EraseBytes-
#3054	NEW    cov: 3067 ft: 7945 corp: 179/337Kb lim: 2613 exec/s: 0 rss: 125Mb L: 2347/2613 MS: 2 CrossOver-CrossOver-
#3141	REDUCE cov: 3067 ft: 7945 corp: 179/337Kb lim: 2613 exec/s: 0 rss: 126Mb L: 2287/2613 MS: 2 ChangeBit-EraseBytes-
#3142	NEW    cov: 3067 ft: 7946 corp: 180/338Kb lim: 2613 exec/s: 0 rss: 126Mb L: 1615/2613 MS: 1 ChangeASCIIInt-
#3156	NEW    cov: 3067 ft: 7959 corp: 181/341Kb lim: 2613 exec/s: 0 rss: 127Mb L: 2613/2613 MS: 4 PersAutoDict-ChangeByte-PersAutoDict-CrossOver- DE: "\027\000\000\000\000\000\000\000"-"\005\005KP"-
#3259	NEW    cov: 3067 ft: 7960 corp: 182/343Kb lim: 2613 exec/s: 0 rss: 130Mb L: 2153/2613 MS: 3 PersAutoDict-ChangeBit-PersAutoDict- DE: "\007\005KP"-"\177\377\377\377\377\377\377\377"-
#3268	NEW    cov: 3067 ft: 7961 corp: 183/345Kb lim: 2613 exec/s: 0 rss: 130Mb L: 2500/2613 MS: 4 ChangeBit-InsertRepeatedBytes-ChangeASCIIInt-InsertByte-
#3275	REDUCE cov: 3067 ft: 7961 corp: 183/345Kb lim: 2613 exec/s: 0 rss: 130Mb L: 1080/2613 MS: 2 InsertByte-EraseBytes-
#3282	REDUCE cov: 3067 ft: 7961 corp: 183/345Kb lim: 2613 exec/s: 0 rss: 130Mb L: 899/2613 MS: 2 CopyPart-EraseBytes-
#3297	REDUCE cov: 3067 ft: 7961 corp: 183/344Kb lim: 2613 exec/s: 0 rss: 130Mb L: 1849/2613 MS: 5 ShuffleBytes-ChangeByte-ChangeASCIIInt-PersAutoDict-EraseBytes- DE: "\377\377\377\377\377\377\377\377"-
#3312	NEW    cov: 3069 ft: 7963 corp: 184/346Kb lim: 2613 exec/s: 0 rss: 131Mb L: 1508/2613 MS: 5 ChangeByte-InsertByte-InsertRepeatedBytes-InsertRepeatedBytes-EraseBytes-
#3329	NEW    cov: 3070 ft: 7964 corp: 185/348Kb lim: 2613 exec/s: 0 rss: 132Mb L: 1986/2613 MS: 2 ChangeByte-CMP- DE: "\003\000\000\000"-
#3331	REDUCE cov: 3070 ft: 7964 corp: 185/348Kb lim: 2613 exec/s: 0 rss: 132Mb L: 2032/2613 MS: 2 ChangeASCIIInt-EraseBytes-
#3332	NEW    cov: 3071 ft: 7965 corp: 186/350Kb lim: 2613 exec/s: 0 rss: 132Mb L: 1986/2613 MS: 1 ChangeBinInt-
#3369	REDUCE cov: 3071 ft: 7965 corp: 186/350Kb lim: 2613 exec/s: 0 rss: 133Mb L: 2137/2613 MS: 2 ChangeBit-EraseBytes-
#3396	NEW    cov: 3080 ft: 7974 corp: 187/351Kb lim: 2613 exec/s: 0 rss: 133Mb L: 1512/2613 MS: 2 ShuffleBytes-EraseBytes-
#3397	NEW    cov: 3080 ft: 7989 corp: 188/354Kb lim: 2613 exec/s: 0 rss: 134Mb L: 2533/2613 MS: 1 PersAutoDict- DE: "PK\005\006"-
#3405	NEW    cov: 3095 ft: 8023 corp: 189/355Kb lim: 2613 exec/s: 0 rss: 134Mb L: 1985/2613 MS: 3 ChangeBit-ChangeBit-ChangeBinInt-
#3407	REDUCE cov: 3095 ft: 8023 corp: 189/355Kb lim: 2613 exec/s: 0 rss: 134Mb L: 1586/2613 MS: 2 InsertByte-EraseBytes-
#3418	NEW    cov: 3095 ft: 8029 corp: 190/357Kb lim: 2613 exec/s: 0 rss: 134Mb L: 1985/2613 MS: 1 ChangeByte-
#3486	NEW    cov: 3095 ft: 8032 corp: 191/359Kb lim: 2613 exec/s: 0 rss: 136Mb L: 1676/2613 MS: 3 ChangeBit-CMP-CopyPart- DE: "\376\377\377\377\377\377\377\377"-
#3525	NEW    cov: 3095 ft: 8033 corp: 192/360Kb lim: 2613 exec/s: 0 rss: 137Mb L: 1483/2613 MS: 4 EraseBytes-EraseBytes-PersAutoDict-InsertByte- DE: "\001\000\001\340"-
#3563	NEW    cov: 3096 ft: 8034 corp: 193/362Kb lim: 2613 exec/s: 0 rss: 137Mb L: 1950/2613 MS: 3 ChangeBit-InsertByte-ChangeByte-
#3590	REDUCE cov: 3096 ft: 8034 corp: 193/362Kb lim: 2613 exec/s: 0 rss: 138Mb L: 1869/2613 MS: 2 ChangeASCIIInt-EraseBytes-
#3622	REDUCE cov: 3096 ft: 8034 corp: 193/361Kb lim: 2613 exec/s: 0 rss: 139Mb L: 1139/2613 MS: 2 ChangeBit-EraseBytes-
#3685	NEW    cov: 3096 ft: 8035 corp: 194/363Kb lim: 2613 exec/s: 0 rss: 140Mb L: 1986/2613 MS: 3 ChangeByte-ChangeBinInt-ChangeASCIIInt-
#3706	NEW    cov: 3098 ft: 8037 corp: 195/365Kb lim: 2613 exec/s: 0 rss: 140Mb L: 1985/2613 MS: 1 ShuffleBytes-
	NEW_FUNC[1/1]: 0x000106136a74 in _RNvMs4_NtCs7a5mATVz8u3_5alloc7raw_vecINtB5_6RawVecNtNtCsiM9RhRMGE50_3zip5types11ZipFileDataE8grow_oneCsaadRk6yvHw6_6rsword+0x0 (fuzz_zip:arm64+0x101abaa74)
#3767	NEW    cov: 3101 ft: 8046 corp: 196/368Kb lim: 2613 exec/s: 0 rss: 142Mb L: 2366/2613 MS: 1 ShuffleBytes-
#3773	NEW    cov: 3101 ft: 8050 corp: 197/369Kb lim: 2613 exec/s: 0 rss: 142Mb L: 1635/2613 MS: 1 CopyPart-
#3807	NEW    cov: 3103 ft: 8052 corp: 198/371Kb lim: 2613 exec/s: 0 rss: 143Mb L: 1986/2613 MS: 4 ChangeASCIIInt-ChangeASCIIInt-ChangeBit-ChangeBinInt-
#3809	REDUCE cov: 3103 ft: 8052 corp: 198/371Kb lim: 2613 exec/s: 0 rss: 143Mb L: 1630/2613 MS: 2 CopyPart-EraseBytes-
#3833	REDUCE cov: 3103 ft: 8052 corp: 198/371Kb lim: 2613 exec/s: 0 rss: 144Mb L: 288/2613 MS: 4 CopyPart-EraseBytes-PersAutoDict-InsertByte- DE: "\013\004\003K"-
#3874	NEW    cov: 3115 ft: 8064 corp: 199/373Kb lim: 2613 exec/s: 0 rss: 144Mb L: 1949/2613 MS: 1 CrossOver-
#3953	REDUCE cov: 3115 ft: 8064 corp: 199/373Kb lim: 2613 exec/s: 0 rss: 146Mb L: 661/2613 MS: 4 ChangeBinInt-InsertRepeatedBytes-InsertRepeatedBytes-EraseBytes-
#3956	NEW    cov: 3129 ft: 8082 corp: 200/374Kb lim: 2613 exec/s: 0 rss: 147Mb L: 1982/2613 MS: 3 ShuffleBytes-ChangeASCIIInt-CMP- DE: "\000\000\000\000\000\000\000\000"-
#3977	NEW    cov: 3129 ft: 8083 corp: 201/377Kb lim: 2613 exec/s: 0 rss: 147Mb L: 2494/2613 MS: 1 CrossOver-
#3979	REDUCE cov: 3129 ft: 8083 corp: 201/377Kb lim: 2613 exec/s: 0 rss: 147Mb L: 220/2613 MS: 2 InsertByte-EraseBytes-
#3982	NEW    cov: 3130 ft: 8084 corp: 202/379Kb lim: 2613 exec/s: 0 rss: 147Mb L: 2030/2613 MS: 3 EraseBytes-CopyPart-ChangeBit-
#4049	NEW    cov: 3131 ft: 8085 corp: 203/381Kb lim: 2613 exec/s: 0 rss: 150Mb L: 1989/2613 MS: 2 InsertRepeatedBytes-CrossOver-
#4085	NEW    cov: 3131 ft: 8103 corp: 204/383Kb lim: 2613 exec/s: 0 rss: 150Mb L: 2426/2613 MS: 1 ShuffleBytes-
#4089	NEW    cov: 3131 ft: 8105 corp: 205/385Kb lim: 2613 exec/s: 0 rss: 150Mb L: 1516/2613 MS: 4 ChangeASCIIInt-PersAutoDict-ChangeBinInt-CMP- DE: "\377\377\377\377\377\377\377\377"-"\001\000\000\000\000\000\001%"-
#4144	REDUCE cov: 3131 ft: 8105 corp: 205/384Kb lim: 2613 exec/s: 0 rss: 152Mb L: 1934/2613 MS: 5 CrossOver-ChangeByte-EraseBytes-ChangeBit-InsertByte-
#4174	REDUCE cov: 3132 ft: 8107 corp: 206/384Kb lim: 2613 exec/s: 0 rss: 152Mb L: 18/2613 MS: 5 EraseBytes-CrossOver-ChangeByte-ShuffleBytes-CrossOver-
#4323	REDUCE cov: 3132 ft: 8111 corp: 207/385Kb lim: 2613 exec/s: 0 rss: 156Mb L: 1139/2613 MS: 4 ShuffleBytes-ChangeBit-PersAutoDict-PersAutoDict- DE: "PK\005\006"-"PK\005\006"-
#4334	NEW    cov: 3133 ft: 8120 corp: 208/387Kb lim: 2613 exec/s: 0 rss: 156Mb L: 1949/2613 MS: 1 ChangeASCIIInt-
#4390	NEW    cov: 3134 ft: 8122 corp: 209/389Kb lim: 2613 exec/s: 0 rss: 157Mb L: 1986/2613 MS: 1 ShuffleBytes-
#4421	REDUCE cov: 3134 ft: 8122 corp: 209/389Kb lim: 2613 exec/s: 0 rss: 158Mb L: 404/2613 MS: 1 EraseBytes-
#4447	NEW    cov: 3134 ft: 8124 corp: 210/391Kb lim: 2613 exec/s: 0 rss: 158Mb L: 1986/2613 MS: 1 ChangeASCIIInt-
#4454	NEW    cov: 3134 ft: 8127 corp: 211/393Kb lim: 2613 exec/s: 0 rss: 158Mb L: 2366/2613 MS: 2 ShuffleBytes-CopyPart-
#4517	NEW    cov: 3134 ft: 8128 corp: 212/396Kb lim: 2613 exec/s: 0 rss: 160Mb L: 2485/2613 MS: 3 CopyPart-InsertByte-CopyPart-
#4557	REDUCE cov: 3134 ft: 8128 corp: 212/396Kb lim: 2613 exec/s: 0 rss: 161Mb L: 1765/2613 MS: 5 ChangeASCIIInt-PersAutoDict-ShuffleBytes-CopyPart-EraseBytes- DE: "\000\000\000\000\000\000\000\000"-
#4671	NEW    cov: 3134 ft: 8142 corp: 213/398Kb lim: 2613 exec/s: 0 rss: 163Mb L: 2149/2613 MS: 4 ChangeByte-ChangeBit-ShuffleBytes-CMP- DE: "\376\000\000\000"-
#4678	NEW    cov: 3134 ft: 8196 corp: 214/399Kb lim: 2613 exec/s: 0 rss: 163Mb L: 1139/2613 MS: 2 CrossOver-CopyPart-
#4683	REDUCE cov: 3134 ft: 8199 corp: 215/401Kb lim: 2613 exec/s: 0 rss: 164Mb L: 2524/2613 MS: 5 ChangeBinInt-PersAutoDict-CrossOver-CopyPart-CopyPart- DE: "\003\000\000\000"-
#4723	NEW    cov: 3136 ft: 8201 corp: 216/404Kb lim: 2613 exec/s: 0 rss: 164Mb L: 2199/2613 MS: 5 ChangeByte-ChangeBinInt-ChangeBinInt-CrossOver-PersAutoDict- DE: "\003\000\000\000"-
#4754	NEW    cov: 3136 ft: 8202 corp: 217/405Kb lim: 2613 exec/s: 0 rss: 166Mb L: 1986/2613 MS: 1 ChangeBinInt-
#4784	REDUCE cov: 3136 ft: 8202 corp: 217/405Kb lim: 2613 exec/s: 0 rss: 166Mb L: 1851/2613 MS: 5 ShuffleBytes-ChangeBit-ChangeBit-ChangeASCIIInt-EraseBytes-
#4830	NEW    cov: 3137 ft: 8207 corp: 218/408Kb lim: 2613 exec/s: 0 rss: 167Mb L: 2426/2613 MS: 1 ShuffleBytes-
#4839	NEW    cov: 3141 ft: 8211 corp: 219/410Kb lim: 2613 exec/s: 0 rss: 167Mb L: 2598/2613 MS: 4 ChangeBinInt-CopyPart-CopyPart-CMP- DE: "\377\377\377\377\377\377\377\377"-
#4915	NEW    cov: 3141 ft: 8212 corp: 220/412Kb lim: 2613 exec/s: 0 rss: 170Mb L: 1985/2613 MS: 1 ChangeBinInt-
#4961	NEW    cov: 3142 ft: 8213 corp: 221/414Kb lim: 2613 exec/s: 0 rss: 171Mb L: 2366/2613 MS: 1 ChangeByte-
#5051	NEW    cov: 3142 ft: 8218 corp: 222/416Kb lim: 2613 exec/s: 0 rss: 173Mb L: 1143/2613 MS: 5 ChangeByte-ChangeByte-ShuffleBytes-ChangeBit-PersAutoDict- DE: "PK\005\006"-
#5072	NEW    cov: 3142 ft: 8227 corp: 223/418Kb lim: 2613 exec/s: 0 rss: 173Mb L: 2426/2613 MS: 1 CMP- DE: "\000\000\000\000\000\000\000\314"-
#5098	REDUCE cov: 3142 ft: 8227 corp: 223/417Kb lim: 2613 exec/s: 0 rss: 174Mb L: 1282/2613 MS: 1 EraseBytes-
#5105	NEW    cov: 3142 ft: 8242 corp: 224/419Kb lim: 2613 exec/s: 0 rss: 174Mb L: 2474/2613 MS: 2 ChangeASCIIInt-CrossOver-
#5124	NEW    cov: 3144 ft: 8244 corp: 225/421Kb lim: 2613 exec/s: 0 rss: 175Mb L: 1986/2613 MS: 4 ChangeBinInt-ChangeASCIIInt-ChangeBit-ChangeByte-
	NEW_FUNC[1/2]: 0x000104821920 in _RINvNtCs7oq3hgLOR5a_4core3ptr9drop_glueNtNtNtCsaadRk6yvHw6_6rsword7package4rels12RelationshipEBH_+0x0 (fuzz_zip:arm64+0x1001a5920)
	NEW_FUNC[2/2]: 0x000104821e90 in _RINvNtCs7oq3hgLOR5a_4core3ptr9drop_glueNtNtNtCsaadRk6yvHw6_6rsword7package4rels9RelTargetEBH_+0x0 (fuzz_zip:arm64+0x1001a5e90)
#5175	NEW    cov: 3195 ft: 8521 corp: 226/423Kb lim: 2613 exec/s: 0 rss: 176Mb L: 1986/2613 MS: 1 PersAutoDict- DE: "\000\000\000\000\000\000\000\000"-
#5215	NEW    cov: 3195 ft: 8523 corp: 227/426Kb lim: 2613 exec/s: 0 rss: 177Mb L: 2379/2613 MS: 5 ChangeByte-CrossOver-ShuffleBytes-ChangeByte-CopyPart-
#5293	NEW    cov: 3195 ft: 8524 corp: 228/427Kb lim: 2613 exec/s: 0 rss: 179Mb L: 1615/2613 MS: 3 ShuffleBytes-ChangeBinInt-ShuffleBytes-
#5299	NEW    cov: 3195 ft: 8525 corp: 229/430Kb lim: 2613 exec/s: 0 rss: 179Mb L: 2435/2613 MS: 1 InsertByte-
#5322	NEW    cov: 3195 ft: 8593 corp: 230/432Kb lim: 2613 exec/s: 0 rss: 180Mb L: 1986/2613 MS: 3 ChangeBinInt-CopyPart-CrossOver-
#5323	REDUCE cov: 3195 ft: 8593 corp: 230/431Kb lim: 2613 exec/s: 0 rss: 180Mb L: 1894/2613 MS: 1 EraseBytes-
#5384	NEW    cov: 3196 ft: 8595 corp: 231/433Kb lim: 2613 exec/s: 0 rss: 181Mb L: 1985/2613 MS: 1 ChangeBit-
#5398	REDUCE cov: 3196 ft: 8595 corp: 231/433Kb lim: 2613 exec/s: 0 rss: 181Mb L: 880/2613 MS: 4 ChangeByte-CopyPart-CrossOver-EraseBytes-
#5424	NEW    cov: 3196 ft: 8620 corp: 232/435Kb lim: 2613 exec/s: 0 rss: 182Mb L: 1986/2613 MS: 1 ChangeBit-
#5465	NEW    cov: 3196 ft: 8622 corp: 233/438Kb lim: 2613 exec/s: 0 rss: 184Mb L: 2426/2613 MS: 1 ChangeBinInt-
#5531	NEW    cov: 3196 ft: 8623 corp: 234/439Kb lim: 2613 exec/s: 0 rss: 185Mb L: 1143/2613 MS: 1 CrossOver-
#5549	REDUCE cov: 3196 ft: 8623 corp: 234/439Kb lim: 2613 exec/s: 0 rss: 185Mb L: 333/2613 MS: 3 ChangeBit-InsertByte-EraseBytes-
#5595	REDUCE cov: 3196 ft: 8623 corp: 234/438Kb lim: 2613 exec/s: 0 rss: 186Mb L: 641/2613 MS: 1 EraseBytes-
#5601	NEW    cov: 3196 ft: 8626 corp: 235/440Kb lim: 2613 exec/s: 0 rss: 186Mb L: 2147/2613 MS: 1 CopyPart-
#5627	NEW    cov: 3196 ft: 8627 corp: 236/443Kb lim: 2613 exec/s: 0 rss: 186Mb L: 2435/2613 MS: 1 InsertByte-
#5632	REDUCE cov: 3196 ft: 8628 corp: 237/445Kb lim: 2613 exec/s: 0 rss: 186Mb L: 2296/2613 MS: 5 InsertByte-ChangeBinInt-ChangeByte-ChangeASCIIInt-PersAutoDict- DE: "\000\000\000\000\000\000\000\000"-
#5633	NEW    cov: 3196 ft: 8633 corp: 238/447Kb lim: 2613 exec/s: 0 rss: 187Mb L: 1949/2613 MS: 1 ChangeByte-
#5708	NEW    cov: 3197 ft: 8634 corp: 239/449Kb lim: 2613 exec/s: 0 rss: 189Mb L: 1759/2613 MS: 5 InsertRepeatedBytes-CrossOver-ShuffleBytes-InsertRepeatedBytes-ChangeBinInt-
#5907	NEW    cov: 3197 ft: 8635 corp: 240/451Kb lim: 2613 exec/s: 0 rss: 193Mb L: 2510/2613 MS: 4 CopyPart-InsertByte-PersAutoDict-CrossOver- DE: "\005\005KP"-
#6043	NEW    cov: 3203 ft: 8641 corp: 241/453Kb lim: 2613 exec/s: 0 rss: 196Mb L: 1986/2613 MS: 1 ChangeBit-
#6084	NEW    cov: 3204 ft: 8642 corp: 242/455Kb lim: 2613 exec/s: 0 rss: 197Mb L: 1949/2613 MS: 1 ShuffleBytes-
#6091	NEW    cov: 3204 ft: 8643 corp: 243/456Kb lim: 2613 exec/s: 0 rss: 198Mb L: 1509/2613 MS: 2 ChangeBinInt-InsertByte-
#6106	REDUCE cov: 3204 ft: 8643 corp: 243/456Kb lim: 2613 exec/s: 0 rss: 198Mb L: 1110/2613 MS: 5 ShuffleBytes-ChangeBit-EraseBytes-InsertRepeatedBytes-PersAutoDict- DE: "\005\005KP"-
#6160	NEW    cov: 3205 ft: 8644 corp: 244/456Kb lim: 2613 exec/s: 0 rss: 199Mb L: 26/2613 MS: 4 CMP-ShuffleBytes-PersAutoDict-CMP- DE: "\244\274\353\371>`\000\000"-"\027\000\000\000\000\000\000\000"-"PK\005\006"-
#6193	NEW    cov: 3206 ft: 8645 corp: 245/458Kb lim: 2613 exec/s: 6193 rss: 200Mb L: 2426/2613 MS: 3 ShuffleBytes-ChangeASCIIInt-ChangeBinInt-
#6195	REDUCE cov: 3206 ft: 8645 corp: 245/458Kb lim: 2613 exec/s: 6195 rss: 200Mb L: 2517/2613 MS: 2 ChangeBit-EraseBytes-
#6239	REDUCE cov: 3206 ft: 8645 corp: 245/457Kb lim: 2613 exec/s: 6239 rss: 200Mb L: 889/2613 MS: 4 ChangeBinInt-ChangeASCIIInt-ChangeByte-EraseBytes-
#6350	REDUCE cov: 3206 ft: 8645 corp: 245/457Kb lim: 2613 exec/s: 6350 rss: 207Mb L: 2277/2613 MS: 1 EraseBytes-
#6398	REDUCE cov: 3206 ft: 8645 corp: 245/457Kb lim: 2613 exec/s: 6398 rss: 208Mb L: 1766/2613 MS: 3 ShuffleBytes-ChangeASCIIInt-EraseBytes-
#6449	REDUCE cov: 3206 ft: 8645 corp: 245/457Kb lim: 2613 exec/s: 6449 rss: 210Mb L: 2247/2613 MS: 1 EraseBytes-
#6489	NEW    cov: 3206 ft: 8646 corp: 246/458Kb lim: 2613 exec/s: 6489 rss: 211Mb L: 1764/2613 MS: 5 CopyPart-PersAutoDict-InsertByte-ChangeByte-InsertRepeatedBytes- DE: "\013\004\003K"-
#6511	REDUCE cov: 3206 ft: 8646 corp: 246/458Kb lim: 2613 exec/s: 6511 rss: 212Mb L: 1660/2613 MS: 2 PersAutoDict-EraseBytes- DE: "\001\000\001\340"-
#6523	REDUCE cov: 3206 ft: 8646 corp: 246/458Kb lim: 2613 exec/s: 6523 rss: 212Mb L: 2400/2613 MS: 2 ChangeASCIIInt-EraseBytes-
#6534	REDUCE cov: 3206 ft: 8646 corp: 246/458Kb lim: 2613 exec/s: 6534 rss: 212Mb L: 1070/2613 MS: 1 EraseBytes-
#6541	REDUCE cov: 3206 ft: 8646 corp: 246/458Kb lim: 2613 exec/s: 6541 rss: 213Mb L: 1449/2613 MS: 2 InsertRepeatedBytes-EraseBytes-
#6542	REDUCE cov: 3206 ft: 8689 corp: 247/460Kb lim: 2613 exec/s: 6542 rss: 213Mb L: 2498/2613 MS: 1 CopyPart-
#6551	REDUCE cov: 3206 ft: 8689 corp: 247/460Kb lim: 2613 exec/s: 6551 rss: 213Mb L: 2048/2613 MS: 4 ChangeByte-CopyPart-PersAutoDict-EraseBytes- DE: "\007\005KP"-
#6585	REDUCE cov: 3206 ft: 8689 corp: 247/460Kb lim: 2613 exec/s: 6585 rss: 214Mb L: 1586/2613 MS: 4 PersAutoDict-CMP-InsertByte-EraseBytes- DE: "\376\377\377\377\377\377\377\377"-"\005\005KP"-
#6651	NEW    cov: 3206 ft: 8690 corp: 248/462Kb lim: 2613 exec/s: 6651 rss: 215Mb L: 1949/2613 MS: 1 PersAutoDict- DE: "\001\000\000\000\000\000\004\000"-
#6662	REDUCE cov: 3206 ft: 8690 corp: 248/462Kb lim: 2613 exec/s: 6662 rss: 215Mb L: 272/2613 MS: 1 EraseBytes-
#6701	NEW    cov: 3208 ft: 8692 corp: 249/464Kb lim: 2613 exec/s: 6701 rss: 216Mb L: 2526/2613 MS: 4 ChangeASCIIInt-InsertRepeatedBytes-InsertByte-InsertRepeatedBytes-
#6798	NEW    cov: 3208 ft: 8693 corp: 250/466Kb lim: 2613 exec/s: 6798 rss: 218Mb L: 1615/2613 MS: 2 ShuffleBytes-ChangeBit-
#6894	NEW    cov: 3208 ft: 8694 corp: 251/468Kb lim: 2613 exec/s: 6894 rss: 221Mb L: 1982/2613 MS: 1 ChangeBinInt-
#6905	REDUCE cov: 3208 ft: 8694 corp: 251/468Kb lim: 2613 exec/s: 6905 rss: 222Mb L: 2234/2613 MS: 1 EraseBytes-
#6921	REDUCE cov: 3208 ft: 8694 corp: 251/468Kb lim: 2613 exec/s: 6921 rss: 222Mb L: 2450/2613 MS: 1 EraseBytes-
#6936	REDUCE cov: 3208 ft: 8694 corp: 251/468Kb lim: 2613 exec/s: 6936 rss: 222Mb L: 2376/2613 MS: 5 EraseBytes-CrossOver-ShuffleBytes-CopyPart-InsertRepeatedBytes-
#6939	REDUCE cov: 3208 ft: 8694 corp: 251/468Kb lim: 2613 exec/s: 6939 rss: 222Mb L: 2484/2613 MS: 3 InsertRepeatedBytes-EraseBytes-CopyPart-
#6990	NEW    cov: 3209 ft: 8695 corp: 252/470Kb lim: 2613 exec/s: 6990 rss: 224Mb L: 1986/2613 MS: 1 ChangeBit-
#7059	REDUCE cov: 3209 ft: 8695 corp: 252/469Kb lim: 2613 exec/s: 7059 rss: 225Mb L: 2240/2613 MS: 4 InsertByte-InsertRepeatedBytes-InsertByte-EraseBytes-
#7153	NEW    cov: 3214 ft: 8718 corp: 253/472Kb lim: 2613 exec/s: 7153 rss: 226Mb L: 2385/2613 MS: 4 ChangeBit-ChangeBit-ChangeByte-InsertRepeatedBytes-
#7178	REDUCE cov: 3214 ft: 8718 corp: 253/472Kb lim: 2613 exec/s: 7178 rss: 227Mb L: 581/2613 MS: 5 ChangeASCIIInt-CopyPart-EraseBytes-ChangeASCIIInt-EraseBytes-
#7225	REDUCE cov: 3214 ft: 8718 corp: 253/471Kb lim: 2613 exec/s: 7225 rss: 228Mb L: 2017/2613 MS: 2 ShuffleBytes-EraseBytes-
#7236	NEW    cov: 3214 ft: 8719 corp: 254/473Kb lim: 2613 exec/s: 7236 rss: 229Mb L: 1985/2613 MS: 1 ChangeBinInt-
#7390	NEW    cov: 3214 ft: 8723 corp: 255/475Kb lim: 2613 exec/s: 7390 rss: 233Mb L: 1714/2613 MS: 4 EraseBytes-PersAutoDict-CopyPart-CopyPart- DE: "PK\005\006"-
#7565	REDUCE cov: 3214 ft: 8723 corp: 255/475Kb lim: 2613 exec/s: 7565 rss: 236Mb L: 430/2613 MS: 5 ChangeASCIIInt-CMP-CopyPart-InsertRepeatedBytes-EraseBytes- DE: "'\000\000\000\000\000\000\000"-
#7577	NEW    cov: 3214 ft: 8728 corp: 256/477Kb lim: 2613 exec/s: 7577 rss: 236Mb L: 2448/2613 MS: 2 ChangeBit-InsertRepeatedBytes-
#7728	NEW    cov: 3214 ft: 8733 corp: 257/479Kb lim: 2613 exec/s: 7728 rss: 241Mb L: 2426/2613 MS: 1 ShuffleBytes-
#7788	REDUCE cov: 3214 ft: 8733 corp: 257/479Kb lim: 2613 exec/s: 7788 rss: 242Mb L: 577/2613 MS: 5 CMP-ChangeBinInt-ChangeASCIIInt-ChangeBit-EraseBytes- DE: "\001\000\000\000\000\000\011\253"-
#7805	NEW    cov: 3214 ft: 8736 corp: 258/481Kb lim: 2613 exec/s: 7805 rss: 243Mb L: 2426/2613 MS: 2 ChangeBit-ChangeByte-
#7905	NEW    cov: 3215 ft: 8737 corp: 259/483Kb lim: 2613 exec/s: 7905 rss: 246Mb L: 1815/2613 MS: 5 ShuffleBytes-ChangeByte-ChangeBinInt-CMP-PersAutoDict- DE: "*\000\000\000\000\000\000\000"-"\000\000\000\000\000\000\000\000"-
#8001	NEW    cov: 3215 ft: 8740 corp: 260/485Kb lim: 2613 exec/s: 8001 rss: 248Mb L: 1985/2613 MS: 1 ChangeBinInt-
#8021	NEW    cov: 3215 ft: 8741 corp: 261/487Kb lim: 2613 exec/s: 8021 rss: 249Mb L: 2537/2613 MS: 5 EraseBytes-EraseBytes-ChangeByte-ChangeBinInt-CrossOver-
#8035	REDUCE cov: 3215 ft: 8741 corp: 261/487Kb lim: 2613 exec/s: 8035 rss: 249Mb L: 1977/2613 MS: 4 EraseBytes-ChangeByte-CMP-CopyPart- DE: "\007\005KP"-
	NEW_FUNC[1/1]: 0x000105ee7620 in _RNvXs4_NtCsiM9RhRMGE50_3zip6resultNtB5_8ZipErrorINtNtCs7oq3hgLOR5a_4core7convert4FromNtNtCs7a5mATVz8u3_5alloc6string13FromUtf8ErrorE4from+0x0 (fuzz_zip:arm64+0x10186b620)
#8093	NEW    cov: 3223 ft: 8751 corp: 262/490Kb lim: 2613 exec/s: 8093 rss: 250Mb L: 2352/2613 MS: 3 CrossOver-ChangeByte-EraseBytes-
#8152	NEW    cov: 3223 ft: 8754 corp: 263/491Kb lim: 2613 exec/s: 8152 rss: 252Mb L: 1205/2613 MS: 4 CopyPart-EraseBytes-CopyPart-InsertRepeatedBytes-
#8198	NEW    cov: 3223 ft: 8757 corp: 264/493Kb lim: 2613 exec/s: 8198 rss: 253Mb L: 2560/2613 MS: 1 InsertRepeatedBytes-
#8223	REDUCE cov: 3223 ft: 8757 corp: 264/493Kb lim: 2613 exec/s: 8223 rss: 254Mb L: 1415/2613 MS: 5 InsertRepeatedBytes-ShuffleBytes-InsertRepeatedBytes-ShuffleBytes-EraseBytes-
#8307	REDUCE cov: 3223 ft: 8757 corp: 264/493Kb lim: 2613 exec/s: 8307 rss: 255Mb L: 216/2613 MS: 4 CopyPart-ShuffleBytes-ChangeASCIIInt-CrossOver-
#8330	NEW    cov: 3223 ft: 8763 corp: 265/495Kb lim: 2613 exec/s: 8330 rss: 255Mb L: 2601/2613 MS: 3 CrossOver-ShuffleBytes-CopyPart-
#8331	REDUCE cov: 3223 ft: 8763 corp: 265/495Kb lim: 2613 exec/s: 8331 rss: 255Mb L: 1475/2613 MS: 1 EraseBytes-
#8402	NEW    cov: 3223 ft: 8767 corp: 266/497Kb lim: 2613 exec/s: 8402 rss: 257Mb L: 1986/2613 MS: 1 CMP- DE: "\006\005KP"-
#8436	NEW    cov: 3223 ft: 8773 corp: 267/499Kb lim: 2613 exec/s: 8436 rss: 258Mb L: 2124/2613 MS: 4 EraseBytes-ChangeBinInt-PersAutoDict-CopyPart- DE: "OK\001\002"-
#8475	NEW    cov: 3223 ft: 8775 corp: 268/502Kb lim: 2613 exec/s: 8475 rss: 260Mb L: 2371/2613 MS: 4 CrossOver-InsertByte-CrossOver-PersAutoDict- DE: "PK\005\006"-
#8486	NEW    cov: 3223 ft: 8780 corp: 269/504Kb lim: 2613 exec/s: 8486 rss: 260Mb L: 1986/2613 MS: 1 ChangeBinInt-
#8513	REDUCE cov: 3223 ft: 8780 corp: 269/504Kb lim: 2613 exec/s: 8513 rss: 261Mb L: 207/2613 MS: 2 ChangeBit-EraseBytes-
#8607	NEW    cov: 3226 ft: 8786 corp: 270/506Kb lim: 2613 exec/s: 8607 rss: 264Mb L: 2434/2613 MS: 4 ChangeBit-ShuffleBytes-ShuffleBytes-PersAutoDict- DE: "\003\000\000\000"-
#8723	REDUCE cov: 3226 ft: 8786 corp: 270/505Kb lim: 2613 exec/s: 8723 rss: 267Mb L: 2020/2613 MS: 1 EraseBytes-
#8790	NEW    cov: 3228 ft: 8788 corp: 271/508Kb lim: 2613 exec/s: 8790 rss: 269Mb L: 2582/2613 MS: 2 CrossOver-PersAutoDict- DE: "PK\005\006"-
#8829	NEW    cov: 3229 ft: 8789 corp: 272/511Kb lim: 2613 exec/s: 8829 rss: 270Mb L: 2613/2613 MS: 4 CopyPart-ChangeASCIIInt-ChangeASCIIInt-CMP- DE: "\377\377\377\377"-
#8851	REDUCE cov: 3229 ft: 8789 corp: 272/510Kb lim: 2613 exec/s: 8851 rss: 271Mb L: 351/2613 MS: 2 CrossOver-EraseBytes-
#8852	NEW    cov: 3229 ft: 8792 corp: 273/512Kb lim: 2613 exec/s: 8852 rss: 271Mb L: 1512/2613 MS: 1 EraseBytes-
#8869	NEW    cov: 3229 ft: 8795 corp: 274/514Kb lim: 2613 exec/s: 8869 rss: 271Mb L: 2594/2613 MS: 2 ChangeASCIIInt-CopyPart-
#8872	NEW    cov: 3234 ft: 8800 corp: 275/517Kb lim: 2613 exec/s: 8872 rss: 271Mb L: 2613/2613 MS: 3 ChangeASCIIInt-ChangeBit-ShuffleBytes-
#8876	NEW    cov: 3235 ft: 8801 corp: 276/519Kb lim: 2613 exec/s: 8876 rss: 271Mb L: 2109/2613 MS: 4 PersAutoDict-ChangeBit-ChangeByte-CrossOver- DE: "\244\274\353\371>`\000\000"-
#9003	REDUCE cov: 3235 ft: 8801 corp: 276/518Kb lim: 2613 exec/s: 9003 rss: 274Mb L: 1766/2613 MS: 2 ChangeByte-EraseBytes-
#9090	REDUCE cov: 3235 ft: 8801 corp: 276/518Kb lim: 2613 exec/s: 9090 rss: 278Mb L: 1822/2613 MS: 2 ChangeByte-EraseBytes-
#9106	NEW    cov: 3236 ft: 8804 corp: 277/520Kb lim: 2613 exec/s: 9106 rss: 278Mb L: 2613/2613 MS: 1 ShuffleBytes-
#9137	NEW    cov: 3236 ft: 8810 corp: 278/523Kb lim: 2613 exec/s: 9137 rss: 279Mb L: 2426/2613 MS: 1 PersAutoDict- DE: "\244\274\353\371>`\000\000"-
#9144	REDUCE cov: 3236 ft: 8810 corp: 278/522Kb lim: 2613 exec/s: 9144 rss: 279Mb L: 2015/2613 MS: 2 CrossOver-EraseBytes-
#9181	REDUCE cov: 3236 ft: 8826 corp: 279/524Kb lim: 2613 exec/s: 9181 rss: 280Mb L: 2096/2613 MS: 2 ShuffleBytes-CopyPart-
#9248	NEW    cov: 3236 ft: 8831 corp: 280/526Kb lim: 2613 exec/s: 9248 rss: 282Mb L: 2434/2613 MS: 2 ChangeByte-ChangeBinInt-
#9296	REDUCE cov: 3236 ft: 8836 corp: 281/529Kb lim: 2613 exec/s: 9296 rss: 283Mb L: 2203/2613 MS: 3 CrossOver-InsertRepeatedBytes-CrossOver-
#9386	NEW    cov: 3236 ft: 8839 corp: 282/530Kb lim: 2613 exec/s: 9386 rss: 286Mb L: 1625/2613 MS: 5 ShuffleBytes-PersAutoDict-ShuffleBytes-EraseBytes-EraseBytes- DE: "\007\005KP"-
#9583	NEW    cov: 3238 ft: 8841 corp: 283/532Kb lim: 2613 exec/s: 9583 rss: 291Mb L: 2149/2613 MS: 2 ShuffleBytes-CMP- DE: "\011\000\000\000\000\000\000\000"-
#9764	NEW    cov: 3238 ft: 8842 corp: 284/532Kb lim: 2613 exec/s: 9764 rss: 298Mb L: 18/2613 MS: 1 EraseBytes-
#9806	REDUCE cov: 3238 ft: 8842 corp: 284/532Kb lim: 2613 exec/s: 9806 rss: 299Mb L: 2314/2613 MS: 2 CMP-EraseBytes- DE: "U\370\343\306"-
#9975	NEW    cov: 3240 ft: 8844 corp: 285/534Kb lim: 2613 exec/s: 9975 rss: 303Mb L: 2133/2613 MS: 4 EraseBytes-InsertByte-InsertRepeatedBytes-InsertByte-
#10046	NEW    cov: 3240 ft: 8848 corp: 286/536Kb lim: 2613 exec/s: 10046 rss: 305Mb L: 1982/2613 MS: 1 ChangeByte-
#10187	NEW    cov: 3240 ft: 8864 corp: 287/538Kb lim: 2613 exec/s: 10187 rss: 311Mb L: 1985/2613 MS: 1 ShuffleBytes-
#10223	REDUCE cov: 3240 ft: 8864 corp: 287/538Kb lim: 2613 exec/s: 10223 rss: 312Mb L: 1687/2613 MS: 1 EraseBytes-
#10289	REDUCE cov: 3240 ft: 8864 corp: 287/538Kb lim: 2613 exec/s: 10289 rss: 313Mb L: 1240/2613 MS: 1 EraseBytes-
#10300	NEW    cov: 3243 ft: 8876 corp: 288/540Kb lim: 2613 exec/s: 10300 rss: 313Mb L: 1983/2613 MS: 1 InsertByte-
#10336	NEW    cov: 3243 ft: 8884 corp: 289/542Kb lim: 2613 exec/s: 10336 rss: 314Mb L: 1982/2613 MS: 1 PersAutoDict- DE: "\177\377\377\377\377\377\377\377"-
#10397	REDUCE cov: 3243 ft: 8884 corp: 289/542Kb lim: 2613 exec/s: 10397 rss: 316Mb L: 1201/2613 MS: 1 EraseBytes-
#10402	NEW    cov: 3244 ft: 8885 corp: 290/542Kb lim: 2613 exec/s: 10402 rss: 316Mb L: 22/2613 MS: 5 ChangeByte-InsertRepeatedBytes-ChangeBinInt-EraseBytes-PersAutoDict- DE: "\005\005KP"-
	NEW_FUNC[1/1]: 0x000106153294 in _RNvNtNtNtCsgKwZIBsrJpx_6memchr4arch3all9rabinkarp12is_equal_raw+0x0 (fuzz_zip:arm64+0x101ad7294)
#10418	NEW    cov: 3254 ft: 8895 corp: 291/542Kb lim: 2613 exec/s: 10418 rss: 316Mb L: 11/2613 MS: 1 EraseBytes-
#10419	NEW    cov: 3259 ft: 8922 corp: 292/544Kb lim: 2613 exec/s: 10419 rss: 316Mb L: 2426/2613 MS: 1 CopyPart-
#10445	NEW    cov: 3259 ft: 8924 corp: 293/546Kb lim: 2613 exec/s: 10445 rss: 317Mb L: 2509/2613 MS: 1 InsertRepeatedBytes-
#10553	NEW    cov: 3259 ft: 8943 corp: 294/549Kb lim: 2613 exec/s: 10553 rss: 319Mb L: 2400/2613 MS: 3 CopyPart-ShuffleBytes-CrossOver-
#10559	NEW    cov: 3260 ft: 8946 corp: 295/551Kb lim: 2613 exec/s: 10559 rss: 319Mb L: 1986/2613 MS: 1 CopyPart-
#10572	REDUCE cov: 3260 ft: 8946 corp: 295/551Kb lim: 2613 exec/s: 10572 rss: 319Mb L: 292/2613 MS: 3 ChangeByte-ChangeBinInt-EraseBytes-
#10574	NEW    cov: 3260 ft: 8948 corp: 296/553Kb lim: 2613 exec/s: 10574 rss: 319Mb L: 2400/2613 MS: 2 ChangeASCIIInt-CopyPart-
#10593	REDUCE cov: 3260 ft: 8948 corp: 296/553Kb lim: 2613 exec/s: 10593 rss: 320Mb L: 1971/2613 MS: 4 ChangeASCIIInt-CMP-CrossOver-EraseBytes- DE: "\007\000\000\000\000\000\000\000"-
#10634	NEW    cov: 3260 ft: 8950 corp: 297/554Kb lim: 2613 exec/s: 10634 rss: 321Mb L: 1982/2613 MS: 1 PersAutoDict- DE: "\001\000\000\000\000\000\001%"-
#10730	REDUCE cov: 3260 ft: 8950 corp: 297/554Kb lim: 2613 exec/s: 10730 rss: 323Mb L: 2112/2613 MS: 1 EraseBytes-
#10771	NEW    cov: 3260 ft: 8954 corp: 298/557Kb lim: 2613 exec/s: 10771 rss: 326Mb L: 2426/2613 MS: 1 PersAutoDict- DE: "*\000\000\000\000\000\000\000"-
#10997	NEW    cov: 3260 ft: 8955 corp: 299/559Kb lim: 2613 exec/s: 10997 rss: 329Mb L: 2426/2613 MS: 1 ChangeByte-
#11053	NEW    cov: 3260 ft: 8962 corp: 300/561Kb lim: 2613 exec/s: 11053 rss: 330Mb L: 1985/2613 MS: 1 ShuffleBytes-
#11102	NEW    cov: 3260 ft: 8963 corp: 301/564Kb lim: 2613 exec/s: 11102 rss: 330Mb L: 2550/2613 MS: 4 CopyPart-CopyPart-CopyPart-CrossOver-
#11155	REDUCE cov: 3260 ft: 8963 corp: 301/563Kb lim: 2613 exec/s: 11155 rss: 330Mb L: 1691/2613 MS: 3 ShuffleBytes-ChangeASCIIInt-EraseBytes-
#11206	REDUCE cov: 3260 ft: 8963 corp: 301/562Kb lim: 2613 exec/s: 11206 rss: 330Mb L: 1742/2613 MS: 1 EraseBytes-
#11233	REDUCE cov: 3260 ft: 8963 corp: 301/562Kb lim: 2613 exec/s: 11233 rss: 330Mb L: 1748/2613 MS: 2 InsertRepeatedBytes-EraseBytes-
#11239	NEW    cov: 3261 ft: 8964 corp: 302/565Kb lim: 2613 exec/s: 11239 rss: 330Mb L: 2533/2613 MS: 1 ChangeBinInt-
#11275	REDUCE cov: 3261 ft: 8964 corp: 302/565Kb lim: 2613 exec/s: 11275 rss: 331Mb L: 204/2613 MS: 1 EraseBytes-
#11296	NEW    cov: 3262 ft: 8965 corp: 303/566Kb lim: 2613 exec/s: 11296 rss: 332Mb L: 1986/2613 MS: 1 CMP- DE: "\376\377\377\377"-
#11305	REDUCE cov: 3262 ft: 8965 corp: 303/566Kb lim: 2613 exec/s: 11305 rss: 332Mb L: 2068/2613 MS: 4 ChangeByte-ChangeASCIIInt-ShuffleBytes-EraseBytes-
#11451	REDUCE cov: 3262 ft: 8965 corp: 303/566Kb lim: 2613 exec/s: 11451 rss: 334Mb L: 1213/2613 MS: 1 EraseBytes-
#11463	NEW    cov: 3262 ft: 8967 corp: 304/568Kb lim: 2613 exec/s: 11463 rss: 334Mb L: 1986/2613 MS: 2 ChangeBit-ChangeBinInt-
#11520	REDUCE cov: 3262 ft: 8967 corp: 304/568Kb lim: 2613 exec/s: 11520 rss: 334Mb L: 1779/2613 MS: 2 InsertRepeatedBytes-EraseBytes-
#11609	REDUCE cov: 3262 ft: 8967 corp: 304/568Kb lim: 2613 exec/s: 11609 rss: 334Mb L: 2033/2613 MS: 4 InsertRepeatedBytes-ChangeBinInt-InsertByte-EraseBytes-
#11668	REDUCE cov: 3262 ft: 8967 corp: 304/568Kb lim: 2613 exec/s: 11668 rss: 335Mb L: 286/2613 MS: 4 InsertByte-ChangeByte-PersAutoDict-EraseBytes- DE: "\001\000\000\000\000\000\001%"-
#11709	NEW    cov: 3264 ft: 8972 corp: 305/568Kb lim: 2613 exec/s: 11709 rss: 335Mb L: 17/2613 MS: 1 CopyPart-
#11755	NEW    cov: 3264 ft: 8979 corp: 306/570Kb lim: 2613 exec/s: 11755 rss: 335Mb L: 1986/2613 MS: 1 ChangeBit-
#11816	NEW    cov: 3282 ft: 8999 corp: 307/572Kb lim: 2613 exec/s: 11816 rss: 335Mb L: 1982/2613 MS: 1 PersAutoDict- DE: "U\370\343\306"-
#11827	NEW    cov: 3282 ft: 9000 corp: 308/574Kb lim: 2613 exec/s: 11827 rss: 335Mb L: 1982/2613 MS: 1 ChangeASCIIInt-
#11892	REDUCE cov: 3282 ft: 9000 corp: 308/574Kb lim: 2613 exec/s: 11892 rss: 335Mb L: 2414/2613 MS: 5 ChangeBit-InsertByte-CrossOver-ChangeBinInt-EraseBytes-
#12208	REDUCE cov: 3282 ft: 9000 corp: 308/574Kb lim: 2613 exec/s: 12208 rss: 337Mb L: 74/2613 MS: 1 EraseBytes-
#12260	REDUCE cov: 3282 ft: 9000 corp: 308/574Kb lim: 2613 exec/s: 12260 rss: 338Mb L: 183/2613 MS: 2 CrossOver-EraseBytes-
#12271	REDUCE cov: 3282 ft: 9000 corp: 308/573Kb lim: 2613 exec/s: 12271 rss: 339Mb L: 1766/2613 MS: 1 EraseBytes-
#12323	NEW    cov: 3282 ft: 9007 corp: 309/576Kb lim: 2613 exec/s: 12323 rss: 339Mb L: 2383/2613 MS: 2 ChangeASCIIInt-PersAutoDict- DE: "OK\001\002"-
#12393	REDUCE cov: 3282 ft: 9007 corp: 309/576Kb lim: 2613 exec/s: 12393 rss: 339Mb L: 1841/2613 MS: 5 CrossOver-ChangeByte-ChangeBit-ShuffleBytes-EraseBytes-
#12520	NEW    cov: 3282 ft: 9009 corp: 310/578Kb lim: 2613 exec/s: 12520 rss: 339Mb L: 2556/2613 MS: 2 InsertRepeatedBytes-InsertRepeatedBytes-
#12556	NEW    cov: 3282 ft: 9010 corp: 311/581Kb lim: 2613 exec/s: 12556 rss: 339Mb L: 2426/2613 MS: 1 ChangeBinInt-
#12599	NEW    cov: 3282 ft: 9012 corp: 312/583Kb lim: 2613 exec/s: 12599 rss: 339Mb L: 2434/2613 MS: 3 ChangeBit-ChangeASCIIInt-ChangeBinInt-
#12610	REDUCE cov: 3282 ft: 9012 corp: 312/583Kb lim: 2613 exec/s: 12610 rss: 339Mb L: 1756/2613 MS: 1 EraseBytes-
#12691	REDUCE cov: 3282 ft: 9012 corp: 312/583Kb lim: 2613 exec/s: 12691 rss: 339Mb L: 1271/2613 MS: 1 EraseBytes-
#12694	REDUCE cov: 3282 ft: 9012 corp: 312/583Kb lim: 2613 exec/s: 12694 rss: 339Mb L: 141/2613 MS: 3 InsertByte-ChangeBit-EraseBytes-
#12871	NEW    cov: 3282 ft: 9013 corp: 313/585Kb lim: 2613 exec/s: 12871 rss: 340Mb L: 2434/2613 MS: 2 ChangeBinInt-CrossOver-
#12953	NEW    cov: 3282 ft: 9014 corp: 314/585Kb lim: 2613 exec/s: 12953 rss: 340Mb L: 16/2613 MS: 2 InsertByte-EraseBytes-
#12960	NEW    cov: 3283 ft: 9015 corp: 315/587Kb lim: 2613 exec/s: 12960 rss: 340Mb L: 1983/2613 MS: 2 ChangeBit-ChangeBit-
#12972	REDUCE cov: 3283 ft: 9015 corp: 315/587Kb lim: 2613 exec/s: 12972 rss: 340Mb L: 1983/2613 MS: 2 EraseBytes-InsertRepeatedBytes-
#13070	REDUCE cov: 3283 ft: 9015 corp: 315/586Kb lim: 2613 exec/s: 13070 rss: 340Mb L: 1434/2613 MS: 3 PersAutoDict-ShuffleBytes-EraseBytes- DE: "\001\000\000\000\000\000\004\000"-
#13072	NEW    cov: 3283 ft: 9024 corp: 316/589Kb lim: 2613 exec/s: 13072 rss: 340Mb L: 2434/2613 MS: 2 ChangeByte-ShuffleBytes-
#13165	NEW    cov: 3283 ft: 9026 corp: 317/590Kb lim: 2613 exec/s: 13165 rss: 340Mb L: 1512/2613 MS: 3 EraseBytes-InsertRepeatedBytes-CopyPart-
#13199	REDUCE cov: 3283 ft: 9026 corp: 317/590Kb lim: 2613 exec/s: 13199 rss: 340Mb L: 1963/2613 MS: 4 EraseBytes-CrossOver-ChangeBit-CopyPart-
#13346	NEW    cov: 3284 ft: 9028 corp: 318/593Kb lim: 2613 exec/s: 13346 rss: 341Mb L: 2426/2613 MS: 2 ChangeASCIIInt-PersAutoDict- DE: "\006\005KP"-
#13492	REDUCE cov: 3284 ft: 9028 corp: 318/592Kb lim: 2613 exec/s: 13492 rss: 341Mb L: 1871/2613 MS: 1 EraseBytes-
#13558	NEW    cov: 3284 ft: 9033 corp: 319/592Kb lim: 2613 exec/s: 13558 rss: 341Mb L: 12/2613 MS: 1 InsertByte-
#13612	NEW    cov: 3284 ft: 9040 corp: 320/595Kb lim: 2613 exec/s: 13612 rss: 342Mb L: 2559/2613 MS: 4 ChangeBit-PersAutoDict-InsertByte-CopyPart- DE: "\003\000\000\000"-
#13666	REDUCE cov: 3284 ft: 9040 corp: 320/595Kb lim: 2613 exec/s: 13666 rss: 342Mb L: 140/2613 MS: 4 EraseBytes-PersAutoDict-InsertRepeatedBytes-CrossOver- DE: "\001\000`.\371\343'\257"-
#13777	NEW    cov: 3284 ft: 9043 corp: 321/598Kb lim: 2613 exec/s: 13777 rss: 342Mb L: 2582/2613 MS: 1 CopyPart-
#13969	NEW    cov: 3293 ft: 9052 corp: 322/600Kb lim: 2613 exec/s: 13969 rss: 343Mb L: 2426/2613 MS: 2 PersAutoDict-PersAutoDict- DE: "*\000\000\000\000\000\000\000"-"\001\000\000\000\000\000\011\253"-
#13976	REDUCE cov: 3293 ft: 9052 corp: 322/600Kb lim: 2613 exec/s: 13976 rss: 343Mb L: 2145/2613 MS: 2 InsertRepeatedBytes-EraseBytes-
#14089	NEW    cov: 3294 ft: 9053 corp: 323/601Kb lim: 2613 exec/s: 14089 rss: 344Mb L: 1308/2613 MS: 3 CMP-PersAutoDict-EraseBytes- DE: "`tne"-"\003\000\000\000"-
#14170	NEW    cov: 3294 ft: 9054 corp: 324/603Kb lim: 2613 exec/s: 14170 rss: 344Mb L: 1986/2613 MS: 1 ChangeByte-
#14180	REDUCE cov: 3294 ft: 9054 corp: 324/603Kb lim: 2613 exec/s: 14180 rss: 344Mb L: 367/2613 MS: 5 ShuffleBytes-CopyPart-CrossOver-ChangeByte-EraseBytes-
#14186	NEW    cov: 3294 ft: 9070 corp: 325/605Kb lim: 2613 exec/s: 14186 rss: 344Mb L: 1949/2613 MS: 1 ChangeBinInt-
#14277	REDUCE cov: 3294 ft: 9070 corp: 325/605Kb lim: 2613 exec/s: 14277 rss: 344Mb L: 555/2613 MS: 1 EraseBytes-
#14288	NEW    cov: 3294 ft: 9077 corp: 326/607Kb lim: 2613 exec/s: 14288 rss: 344Mb L: 1949/2613 MS: 1 ShuffleBytes-
#14363	REDUCE cov: 3294 ft: 9077 corp: 326/607Kb lim: 2613 exec/s: 14363 rss: 345Mb L: 818/2613 MS: 5 ChangeBinInt-CrossOver-InsertByte-ChangeBinInt-EraseBytes-
#14400	REDUCE cov: 3294 ft: 9077 corp: 326/606Kb lim: 2613 exec/s: 14400 rss: 345Mb L: 212/2613 MS: 2 ShuffleBytes-EraseBytes-
#14442	NEW    cov: 3296 ft: 9079 corp: 327/608Kb lim: 2613 exec/s: 14442 rss: 345Mb L: 1986/2613 MS: 2 ChangeASCIIInt-PersAutoDict- DE: "\376\377\377\377\377\377\377\377"-
#14536	REDUCE cov: 3296 ft: 9079 corp: 327/608Kb lim: 2613 exec/s: 14536 rss: 346Mb L: 1164/2613 MS: 4 CMP-ChangeASCIIInt-CopyPart-EraseBytes- DE: "=\001\000\000\000\000\000\000"-
#14552	REDUCE cov: 3296 ft: 9079 corp: 327/608Kb lim: 2613 exec/s: 14552 rss: 346Mb L: 2080/2613 MS: 1 EraseBytes-
#14583	REDUCE cov: 3296 ft: 9079 corp: 327/608Kb lim: 2613 exec/s: 14583 rss: 346Mb L: 1132/2613 MS: 1 EraseBytes-
#14686	REDUCE cov: 3296 ft: 9081 corp: 328/610Kb lim: 2613 exec/s: 14686 rss: 346Mb L: 2377/2613 MS: 3 CrossOver-CopyPart-CopyPart-
#14687	NEW    cov: 3296 ft: 9083 corp: 329/611Kb lim: 2613 exec/s: 14687 rss: 346Mb L: 1206/2613 MS: 1 CopyPart-
#14733	REDUCE cov: 3296 ft: 9083 corp: 329/611Kb lim: 2613 exec/s: 14733 rss: 346Mb L: 216/2613 MS: 1 EraseBytes-
#14805	NEW    cov: 3298 ft: 9085 corp: 330/613Kb lim: 2613 exec/s: 14805 rss: 347Mb L: 1986/2613 MS: 2 ChangeBinInt-ChangeBinInt-
#14848	REDUCE cov: 3298 ft: 9086 corp: 331/615Kb lim: 2613 exec/s: 14848 rss: 347Mb L: 1984/2613 MS: 3 InsertRepeatedBytes-CMP-CrossOver- DE: "\377\377\004\314"-
#14902	REDUCE cov: 3298 ft: 9086 corp: 331/615Kb lim: 2613 exec/s: 14902 rss: 348Mb L: 1974/2613 MS: 4 ChangeByte-ChangeByte-InsertByte-EraseBytes-
#15092	REDUCE cov: 3298 ft: 9086 corp: 331/615Kb lim: 2613 exec/s: 15092 rss: 349Mb L: 1985/2613 MS: 5 ShuffleBytes-PersAutoDict-ShuffleBytes-InsertByte-EraseBytes- DE: "\377\377\004\314"-
#15230	NEW    cov: 3298 ft: 9088 corp: 332/617Kb lim: 2613 exec/s: 15230 rss: 349Mb L: 2438/2613 MS: 3 ShuffleBytes-PersAutoDict-PersAutoDict- DE: "\005\005KP"-"\000\000\000\000\000\000\000\314"-
#15232	NEW    cov: 3298 ft: 9092 corp: 333/620Kb lim: 2613 exec/s: 15232 rss: 349Mb L: 2443/2613 MS: 2 ChangeBit-PersAutoDict- DE: "\244\274\353\371>`\000\000"-
#15760	NEW    cov: 3300 ft: 9109 corp: 334/622Kb lim: 2613 exec/s: 15760 rss: 350Mb L: 1982/2613 MS: 3 ChangeBit-ChangeASCIIInt-ShuffleBytes-
#15788	NEW    cov: 3302 ft: 9111 corp: 335/624Kb lim: 2613 exec/s: 15788 rss: 350Mb L: 2434/2613 MS: 3 ChangeBit-ChangeByte-ChangeBit-
#15908	REDUCE cov: 3302 ft: 9111 corp: 335/624Kb lim: 2613 exec/s: 15908 rss: 350Mb L: 1780/2613 MS: 5 InsertByte-ChangeByte-PersAutoDict-ChangeBit-EraseBytes- DE: "\000\000\000\000\000\000\000\000"-
#15944	NEW    cov: 3302 ft: 9114 corp: 336/626Kb lim: 2613 exec/s: 15944 rss: 350Mb L: 1986/2613 MS: 1 ChangeBinInt-
#16060	REDUCE cov: 3302 ft: 9114 corp: 336/626Kb lim: 2613 exec/s: 16060 rss: 351Mb L: 2255/2613 MS: 1 EraseBytes-
#16145	REDUCE cov: 3302 ft: 9114 corp: 336/625Kb lim: 2613 exec/s: 16145 rss: 351Mb L: 509/2613 MS: 5 ChangeBinInt-ChangeBit-ChangeBit-InsertRepeatedBytes-EraseBytes-
#16146	NEW    cov: 3302 ft: 9116 corp: 337/627Kb lim: 2613 exec/s: 16146 rss: 351Mb L: 2027/2613 MS: 1 EraseBytes-
#16232	NEW    cov: 3303 ft: 9123 corp: 338/629Kb lim: 2613 exec/s: 16232 rss: 352Mb L: 1986/2613 MS: 1 ChangeBit-
#16259	REDUCE cov: 3303 ft: 9123 corp: 338/629Kb lim: 2613 exec/s: 16259 rss: 352Mb L: 2565/2613 MS: 2 CrossOver-EraseBytes-
#16270	NEW    cov: 3303 ft: 9137 corp: 339/632Kb lim: 2613 exec/s: 16270 rss: 352Mb L: 2434/2613 MS: 1 CMP- DE: "\001\004\000\000\000\000\000\000"-
#16287	REDUCE cov: 3303 ft: 9137 corp: 339/631Kb lim: 2613 exec/s: 16287 rss: 352Mb L: 1851/2613 MS: 2 ChangeByte-EraseBytes-
#16361	REDUCE cov: 3303 ft: 9137 corp: 339/631Kb lim: 2613 exec/s: 16361 rss: 352Mb L: 2263/2613 MS: 4 ChangeBit-ChangeByte-InsertByte-EraseBytes-
#16514	REDUCE cov: 3303 ft: 9137 corp: 339/631Kb lim: 2613 exec/s: 16514 rss: 352Mb L: 159/2613 MS: 3 CopyPart-EraseBytes-CrossOver-
#16736	REDUCE cov: 3303 ft: 9137 corp: 339/631Kb lim: 2613 exec/s: 8368 rss: 353Mb L: 1969/2613 MS: 2 ChangeByte-EraseBytes-
#16763	NEW    cov: 3303 ft: 9141 corp: 340/633Kb lim: 2613 exec/s: 8381 rss: 354Mb L: 1986/2613 MS: 2 ChangeASCIIInt-CrossOver-
#16792	NEW    cov: 3303 ft: 9148 corp: 341/635Kb lim: 2613 exec/s: 8396 rss: 354Mb L: 2273/2613 MS: 4 InsertRepeatedBytes-EraseBytes-CMP-CopyPart- DE: "\011\004\003K"-
#16871	REDUCE cov: 3303 ft: 9148 corp: 341/635Kb lim: 2613 exec/s: 8435 rss: 354Mb L: 1576/2613 MS: 4 ChangeBit-CMP-CrossOver-EraseBytes- DE: "\005\005KP"-
#16937	REDUCE cov: 3303 ft: 9148 corp: 341/635Kb lim: 2613 exec/s: 8468 rss: 354Mb L: 263/2613 MS: 1 EraseBytes-
#17029	NEW    cov: 3310 ft: 9156 corp: 342/637Kb lim: 2613 exec/s: 8514 rss: 354Mb L: 1986/2613 MS: 2 ChangeByte-ChangeBinInt-
#17142	REDUCE cov: 3310 ft: 9156 corp: 342/637Kb lim: 2613 exec/s: 8571 rss: 356Mb L: 2373/2613 MS: 3 PersAutoDict-ChangeASCIIInt-EraseBytes- DE: "\001\004\000\000\000\000\000\000"-
#17195	NEW    cov: 3311 ft: 9157 corp: 343/639Kb lim: 2613 exec/s: 8597 rss: 356Mb L: 1994/2613 MS: 3 ChangeBinInt-CMP-ShuffleBytes- DE: "\001\000\000\000\000\000\000\000"-
#17198	NEW    cov: 3311 ft: 9160 corp: 344/641Kb lim: 2613 exec/s: 8599 rss: 356Mb L: 2402/2613 MS: 3 ChangeBinInt-ChangeASCIIInt-CopyPart-
#17215	REDUCE cov: 3311 ft: 9160 corp: 344/640Kb lim: 2613 exec/s: 8607 rss: 356Mb L: 1389/2613 MS: 2 InsertByte-EraseBytes-
#17265	NEW    cov: 3312 ft: 9161 corp: 345/642Kb lim: 2613 exec/s: 8632 rss: 356Mb L: 2369/2613 MS: 5 PersAutoDict-ShuffleBytes-ShuffleBytes-ChangeByte-EraseBytes- DE: "\001\004\000\000\000\000\000\000"-
#17326	REDUCE cov: 3312 ft: 9161 corp: 345/642Kb lim: 2613 exec/s: 8663 rss: 356Mb L: 2109/2613 MS: 1 EraseBytes-
#17569	REDUCE cov: 3312 ft: 9161 corp: 345/642Kb lim: 2613 exec/s: 8784 rss: 356Mb L: 1534/2613 MS: 3 ChangeBit-CrossOver-EraseBytes-
#17601	REDUCE cov: 3312 ft: 9161 corp: 345/642Kb lim: 2613 exec/s: 8800 rss: 356Mb L: 2132/2613 MS: 2 ChangeByte-EraseBytes-
#17622	NEW    cov: 3318 ft: 9170 corp: 346/643Kb lim: 2613 exec/s: 8811 rss: 356Mb L: 1986/2613 MS: 1 ShuffleBytes-
#17646	NEW    cov: 3318 ft: 9201 corp: 347/646Kb lim: 2613 exec/s: 8823 rss: 356Mb L: 2065/2613 MS: 4 CMP-ChangeASCIIInt-InsertRepeatedBytes-CopyPart- DE: "\363kn\252"-
#17658	REDUCE cov: 3318 ft: 9201 corp: 347/645Kb lim: 2613 exec/s: 8829 rss: 356Mb L: 1070/2613 MS: 2 ShuffleBytes-EraseBytes-
#17659	REDUCE cov: 3318 ft: 9201 corp: 347/645Kb lim: 2613 exec/s: 8829 rss: 356Mb L: 1410/2613 MS: 1 EraseBytes-
#17690	REDUCE cov: 3318 ft: 9201 corp: 347/645Kb lim: 2613 exec/s: 8845 rss: 356Mb L: 2227/2613 MS: 1 EraseBytes-
#17692	NEW    cov: 3318 ft: 9206 corp: 348/647Kb lim: 2613 exec/s: 8846 rss: 356Mb L: 2435/2613 MS: 2 PersAutoDict-CopyPart- DE: "\001\000\000\000\000\000\001%"-
#17883	REDUCE cov: 3318 ft: 9206 corp: 348/647Kb lim: 2613 exec/s: 8941 rss: 357Mb L: 1089/2613 MS: 1 EraseBytes-
#17893	NEW    cov: 3318 ft: 9207 corp: 349/650Kb lim: 2613 exec/s: 8946 rss: 357Mb L: 2439/2613 MS: 5 ChangeByte-ChangeBit-PersAutoDict-ChangeByte-CopyPart- DE: "\377\377\004\314"-
#17962	REDUCE cov: 3318 ft: 9207 corp: 349/650Kb lim: 2613 exec/s: 8981 rss: 357Mb L: 117/2613 MS: 4 EraseBytes-ChangeBit-ShuffleBytes-InsertRepeatedBytes-
#18165	REDUCE cov: 3318 ft: 9207 corp: 349/650Kb lim: 2613 exec/s: 9082 rss: 357Mb L: 2062/2613 MS: 3 InsertRepeatedBytes-ChangeBit-EraseBytes-
#18229	REDUCE cov: 3318 ft: 9207 corp: 349/649Kb lim: 2613 exec/s: 9114 rss: 357Mb L: 1625/2613 MS: 4 ChangeByte-ChangeBinInt-CMP-EraseBytes- DE: "\376\377\377\377"-
#18294	NEW    cov: 3319 ft: 9208 corp: 350/652Kb lim: 2613 exec/s: 9147 rss: 357Mb L: 2435/2613 MS: 5 InsertByte-ShuffleBytes-ShuffleBytes-ShuffleBytes-CMP- DE: "\377\377\377\377\377\377\377\034"-
#18440	NEW    cov: 3319 ft: 9211 corp: 351/654Kb lim: 2613 exec/s: 9220 rss: 357Mb L: 2549/2613 MS: 1 InsertRepeatedBytes-
#18471	REDUCE cov: 3319 ft: 9211 corp: 351/653Kb lim: 2613 exec/s: 9235 rss: 357Mb L: 1750/2613 MS: 1 EraseBytes-
#18536	NEW    cov: 3319 ft: 9212 corp: 352/656Kb lim: 2613 exec/s: 9268 rss: 358Mb L: 2608/2613 MS: 5 CopyPart-ShuffleBytes-CopyPart-PersAutoDict-CopyPart- DE: "\001\000`.\371\343'\257"-
#18579	NEW    cov: 3320 ft: 9213 corp: 353/658Kb lim: 2613 exec/s: 9289 rss: 358Mb L: 1986/2613 MS: 3 InsertByte-ShuffleBytes-CrossOver-
#18852	NEW    cov: 3320 ft: 9214 corp: 354/660Kb lim: 2613 exec/s: 9426 rss: 358Mb L: 2512/2613 MS: 3 ChangeBinInt-ChangeByte-CrossOver-
#19029	NEW    cov: 3320 ft: 9218 corp: 355/663Kb lim: 2613 exec/s: 9514 rss: 359Mb L: 2426/2613 MS: 2 ChangeASCIIInt-ChangeASCIIInt-
#19067	REDUCE cov: 3320 ft: 9218 corp: 355/663Kb lim: 2613 exec/s: 9533 rss: 359Mb L: 2212/2613 MS: 3 InsertByte-PersAutoDict-EraseBytes- DE: "\001\000`.\371\343'\257"-
#19073	REDUCE cov: 3320 ft: 9218 corp: 355/663Kb lim: 2613 exec/s: 9536 rss: 359Mb L: 166/2613 MS: 1 EraseBytes-
#19086	REDUCE cov: 3320 ft: 9218 corp: 355/662Kb lim: 2613 exec/s: 9543 rss: 359Mb L: 2296/2613 MS: 3 CrossOver-ChangeByte-EraseBytes-
#19101	REDUCE cov: 3320 ft: 9219 corp: 356/664Kb lim: 2613 exec/s: 9550 rss: 359Mb L: 1626/2613 MS: 5 ChangeBinInt-PersAutoDict-ChangeBinInt-InsertByte-CopyPart- DE: "\377\377\377\377\377\377\003\000"-
#19102	NEW    cov: 3322 ft: 9221 corp: 357/666Kb lim: 2613 exec/s: 9551 rss: 359Mb L: 1949/2613 MS: 1 ChangeByte-
#19152	NEW    cov: 3322 ft: 9222 corp: 358/667Kb lim: 2613 exec/s: 9576 rss: 359Mb L: 1371/2613 MS: 5 CMP-CMP-CrossOver-CopyPart-EraseBytes- DE: "\024\000\000\000\000\000\000\000"-"\003\232"-
#19268	NEW    cov: 3322 ft: 9226 corp: 359/669Kb lim: 2613 exec/s: 9634 rss: 359Mb L: 1982/2613 MS: 1 ChangeASCIIInt-
#19342	NEW    cov: 3323 ft: 9227 corp: 360/671Kb lim: 2613 exec/s: 9671 rss: 360Mb L: 1486/2613 MS: 4 InsertRepeatedBytes-PersAutoDict-PersAutoDict-EraseBytes- DE: "\001\000\001\340"-"\001\000\000\000\000\000\000\000"-
#19349	REDUCE cov: 3323 ft: 9227 corp: 360/671Kb lim: 2613 exec/s: 9674 rss: 360Mb L: 8/2613 MS: 2 InsertByte-EraseBytes-
#19436	NEW    cov: 3323 ft: 9446 corp: 361/673Kb lim: 2613 exec/s: 9718 rss: 360Mb L: 1982/2613 MS: 2 PersAutoDict-PersAutoDict- DE: "\001\004\000\000\000\000\000\000"-"\000\000\000\000\000\000\000\000"-
#19447	NEW    cov: 3323 ft: 9447 corp: 362/675Kb lim: 2613 exec/s: 9723 rss: 360Mb L: 2243/2613 MS: 1 CopyPart-
#19558	NEW    cov: 3324 ft: 9472 corp: 363/677Kb lim: 2613 exec/s: 9779 rss: 360Mb L: 2006/2613 MS: 1 CrossOver-
#19589	REDUCE cov: 3324 ft: 9472 corp: 363/677Kb lim: 2613 exec/s: 9794 rss: 360Mb L: 2533/2613 MS: 1 EraseBytes-
#19794	NEW    cov: 3324 ft: 9473 corp: 364/679Kb lim: 2613 exec/s: 9897 rss: 360Mb L: 2586/2613 MS: 5 ChangeBinInt-PersAutoDict-ChangeBinInt-ChangeBinInt-CopyPart- DE: "\377\377\004\314"-
#19850	REDUCE cov: 3324 ft: 9473 corp: 364/679Kb lim: 2613 exec/s: 9925 rss: 360Mb L: 1399/2613 MS: 1 EraseBytes-
#19895	REDUCE cov: 3324 ft: 9473 corp: 364/679Kb lim: 2613 exec/s: 9947 rss: 360Mb L: 2334/2613 MS: 5 ShuffleBytes-CopyPart-CopyPart-ShuffleBytes-EraseBytes-
#19921	REDUCE cov: 3324 ft: 9473 corp: 364/679Kb lim: 2613 exec/s: 9960 rss: 360Mb L: 2329/2613 MS: 1 EraseBytes-
#19955	REDUCE cov: 3324 ft: 9473 corp: 364/678Kb lim: 2613 exec/s: 9977 rss: 360Mb L: 1870/2613 MS: 4 ChangeByte-CopyPart-ChangeBinInt-EraseBytes-
#19964	REDUCE cov: 3324 ft: 9473 corp: 364/678Kb lim: 2613 exec/s: 9982 rss: 360Mb L: 115/2613 MS: 4 ChangeByte-ChangeBinInt-InsertRepeatedBytes-EraseBytes-
#19975	NEW    cov: 3324 ft: 9474 corp: 365/680Kb lim: 2613 exec/s: 9987 rss: 360Mb L: 1986/2613 MS: 1 ChangeASCIIInt-
#20056	REDUCE cov: 3324 ft: 9474 corp: 365/680Kb lim: 2613 exec/s: 10028 rss: 360Mb L: 1115/2613 MS: 1 EraseBytes-
#20117	NEW    cov: 3324 ft: 9475 corp: 366/681Kb lim: 2613 exec/s: 10058 rss: 360Mb L: 1615/2613 MS: 1 ShuffleBytes-
#20133	NEW    cov: 3324 ft: 9476 corp: 367/683Kb lim: 2613 exec/s: 10066 rss: 360Mb L: 1982/2613 MS: 1 ChangeBit-
#20139	NEW    cov: 3326 ft: 9478 corp: 368/685Kb lim: 2613 exec/s: 10069 rss: 360Mb L: 1986/2613 MS: 1 ChangeByte-
#20265	NEW    cov: 3326 ft: 9479 corp: 369/687Kb lim: 2613 exec/s: 10132 rss: 361Mb L: 1986/2613 MS: 1 ChangeBit-
#20294	REDUCE cov: 3326 ft: 9479 corp: 369/687Kb lim: 2613 exec/s: 10147 rss: 361Mb L: 16/2613 MS: 4 EraseBytes-ShuffleBytes-PersAutoDict-CopyPart- DE: "\376\377\377\377\377\377\377\377"-
#20295	REDUCE cov: 3326 ft: 9479 corp: 369/687Kb lim: 2613 exec/s: 10147 rss: 361Mb L: 2278/2613 MS: 1 EraseBytes-
#20390	REDUCE cov: 3326 ft: 9479 corp: 369/686Kb lim: 2613 exec/s: 10195 rss: 361Mb L: 1818/2613 MS: 5 ChangeBit-InsertRepeatedBytes-PersAutoDict-ChangeBinInt-EraseBytes- DE: "\377\377\377\377\377\377\377\034"-
#20459	NEW    cov: 3326 ft: 9480 corp: 370/688Kb lim: 2613 exec/s: 10229 rss: 361Mb L: 1982/2613 MS: 4 ChangeByte-ChangeByte-PersAutoDict-ChangeBinInt- DE: "*\000\000\000\000\000\000\000"-
#20472	REDUCE cov: 3326 ft: 9480 corp: 370/688Kb lim: 2613 exec/s: 10236 rss: 361Mb L: 303/2613 MS: 3 InsertRepeatedBytes-ChangeByte-EraseBytes-
#20599	NEW    cov: 3326 ft: 9481 corp: 371/690Kb lim: 2613 exec/s: 10299 rss: 361Mb L: 1982/2613 MS: 2 PersAutoDict-ShuffleBytes- DE: "\000\000\000\000\000\000\000\314"-
#20600	NEW    cov: 3326 ft: 9482 corp: 372/692Kb lim: 2613 exec/s: 10300 rss: 361Mb L: 1949/2613 MS: 1 ChangeBit-
#20644	REDUCE cov: 3326 ft: 9482 corp: 372/692Kb lim: 2613 exec/s: 10322 rss: 361Mb L: 2377/2613 MS: 4 ChangeASCIIInt-ChangeBit-ChangeBinInt-EraseBytes-
#20653	REDUCE cov: 3326 ft: 9482 corp: 372/692Kb lim: 2613 exec/s: 10326 rss: 361Mb L: 1996/2613 MS: 4 ChangeByte-ChangeBit-ChangeBit-EraseBytes-
#20685	REDUCE cov: 3326 ft: 9482 corp: 372/692Kb lim: 2613 exec/s: 10342 rss: 361Mb L: 1878/2613 MS: 2 CMP-EraseBytes- DE: "\000\000\000\000"-
#20861	NEW    cov: 3326 ft: 9485 corp: 373/694Kb lim: 2613 exec/s: 10430 rss: 361Mb L: 1987/2613 MS: 1 InsertByte-
#21079	REDUCE cov: 3326 ft: 9486 corp: 374/696Kb lim: 2613 exec/s: 10539 rss: 363Mb L: 2328/2613 MS: 3 ChangeBit-InsertByte-CopyPart-
#21278	REDUCE cov: 3326 ft: 9486 corp: 374/696Kb lim: 2613 exec/s: 10639 rss: 363Mb L: 2176/2613 MS: 4 InsertRepeatedBytes-InsertByte-ShuffleBytes-EraseBytes-
#21369	REDUCE cov: 3326 ft: 9486 corp: 374/695Kb lim: 2613 exec/s: 10684 rss: 363Mb L: 1827/2613 MS: 1 EraseBytes-
#21536	NEW    cov: 3326 ft: 9487 corp: 375/695Kb lim: 2613 exec/s: 10768 rss: 363Mb L: 18/2613 MS: 2 ChangeByte-InsertByte-
#21792	NEW    cov: 3330 ft: 9500 corp: 376/697Kb lim: 2613 exec/s: 10896 rss: 363Mb L: 1985/2613 MS: 1 PersAutoDict- DE: "'\000\000\000\000\000\000\000"-
#21834	NEW    cov: 3330 ft: 9504 corp: 377/699Kb lim: 2613 exec/s: 10917 rss: 363Mb L: 2426/2613 MS: 2 ChangeByte-PersAutoDict- DE: "'\000\000\000\000\000\000\000"-
#22032	REDUCE cov: 3330 ft: 9504 corp: 377/699Kb lim: 2613 exec/s: 11016 rss: 365Mb L: 1882/2613 MS: 3 ChangeASCIIInt-InsertRepeatedBytes-EraseBytes-
#22104	REDUCE cov: 3330 ft: 9504 corp: 377/699Kb lim: 2613 exec/s: 11052 rss: 365Mb L: 1105/2613 MS: 2 ChangeASCIIInt-EraseBytes-
#22216	NEW    cov: 3330 ft: 9511 corp: 378/701Kb lim: 2613 exec/s: 11108 rss: 365Mb L: 1982/2613 MS: 2 ChangeByte-ShuffleBytes-
#22352	NEW    cov: 3333 ft: 9515 corp: 379/703Kb lim: 2613 exec/s: 11176 rss: 365Mb L: 1985/2613 MS: 1 PersAutoDict- DE: "\377\377\004\314"-
#22518	NEW    cov: 3334 ft: 9516 corp: 380/705Kb lim: 2613 exec/s: 11259 rss: 365Mb L: 1987/2613 MS: 1 ChangeByte-
#22630	REDUCE cov: 3334 ft: 9516 corp: 380/705Kb lim: 2613 exec/s: 11315 rss: 365Mb L: 846/2613 MS: 2 ChangeBit-EraseBytes-
#22674	NEW    cov: 3334 ft: 9517 corp: 381/707Kb lim: 2613 exec/s: 11337 rss: 366Mb L: 1973/2613 MS: 4 ChangeASCIIInt-ChangeASCIIInt-CrossOver-CopyPart-
#22684	REDUCE cov: 3334 ft: 9517 corp: 381/706Kb lim: 2613 exec/s: 11342 rss: 366Mb L: 2256/2613 MS: 5 InsertByte-InsertRepeatedBytes-ChangeBit-InsertByte-EraseBytes-
#22812	NEW    cov: 3334 ft: 9599 corp: 382/709Kb lim: 2613 exec/s: 11406 rss: 368Mb L: 2610/2613 MS: 3 ChangeBinInt-ChangeBinInt-InsertRepeatedBytes-
#22824	NEW    cov: 3334 ft: 9603 corp: 383/711Kb lim: 2613 exec/s: 11412 rss: 368Mb L: 2426/2613 MS: 2 ChangeBinInt-CrossOver-
#22870	NEW    cov: 3334 ft: 9606 corp: 384/713Kb lim: 2613 exec/s: 11435 rss: 368Mb L: 1959/2613 MS: 1 EraseBytes-
#22965	NEW    cov: 3335 ft: 9607 corp: 385/715Kb lim: 2613 exec/s: 11482 rss: 369Mb L: 2039/2613 MS: 5 ChangeBinInt-ChangeASCIIInt-InsertByte-InsertRepeatedBytes-ChangeBinInt-
#23030	REDUCE cov: 3335 ft: 9607 corp: 385/715Kb lim: 2613 exec/s: 11515 rss: 370Mb L: 2141/2613 MS: 5 ChangeASCIIInt-CopyPart-CopyPart-CMP-EraseBytes- DE: "\377\377\377\377\377\377\377\255"-
#23122	REDUCE cov: 3335 ft: 9608 corp: 386/717Kb lim: 2613 exec/s: 11561 rss: 370Mb L: 1783/2613 MS: 2 CopyPart-EraseBytes-
#23135	REDUCE cov: 3335 ft: 9608 corp: 386/717Kb lim: 2613 exec/s: 11567 rss: 370Mb L: 1734/2613 MS: 3 InsertByte-ChangeByte-EraseBytes-
#23242	REDUCE cov: 3335 ft: 9609 corp: 387/718Kb lim: 2613 exec/s: 11621 rss: 370Mb L: 1036/2613 MS: 2 ShuffleBytes-EraseBytes-
#23354	NEW    cov: 3335 ft: 9611 corp: 388/719Kb lim: 2613 exec/s: 11677 rss: 370Mb L: 1494/2613 MS: 2 ChangeBinInt-EraseBytes-
#23435	REDUCE cov: 3335 ft: 9611 corp: 388/719Kb lim: 2613 exec/s: 11717 rss: 370Mb L: 1108/2613 MS: 1 EraseBytes-
#23512	NEW    cov: 3335 ft: 9647 corp: 389/721Kb lim: 2613 exec/s: 11756 rss: 370Mb L: 2336/2613 MS: 2 ChangeASCIIInt-CopyPart-
#23579	NEW    cov: 3335 ft: 9654 corp: 390/723Kb lim: 2613 exec/s: 11789 rss: 370Mb L: 1985/2613 MS: 2 PersAutoDict-ChangeByte- DE: "\001\004\000\000\000\000\000\000"-
#23640	NEW    cov: 3335 ft: 9655 corp: 391/725Kb lim: 2613 exec/s: 11820 rss: 370Mb L: 1619/2613 MS: 1 CMP- DE: "\000\000>\006"-
#23653	REDUCE cov: 3335 ft: 9655 corp: 391/725Kb lim: 2613 exec/s: 11826 rss: 370Mb L: 157/2613 MS: 3 ShuffleBytes-ChangeByte-EraseBytes-
#23671	NEW    cov: 3335 ft: 9658 corp: 392/727Kb lim: 2613 exec/s: 11835 rss: 370Mb L: 1985/2613 MS: 3 PersAutoDict-ChangeByte-ChangeBit- DE: "\001\004\000\000\000\000\000\000"-
#23704	NEW    cov: 3335 ft: 9659 corp: 393/728Kb lim: 2613 exec/s: 11852 rss: 370Mb L: 1937/2613 MS: 3 ShuffleBytes-InsertRepeatedBytes-CopyPart-
#23706	NEW    cov: 3335 ft: 9677 corp: 394/731Kb lim: 2613 exec/s: 11853 rss: 370Mb L: 2434/2613 MS: 2 ChangeBit-ChangeByte-
#23720	REDUCE cov: 3335 ft: 9677 corp: 394/731Kb lim: 2613 exec/s: 11860 rss: 370Mb L: 581/2613 MS: 4 ShuffleBytes-InsertRepeatedBytes-InsertRepeatedBytes-EraseBytes-
#23776	NEW    cov: 3336 ft: 9678 corp: 395/732Kb lim: 2613 exec/s: 11888 rss: 371Mb L: 1949/2613 MS: 1 ChangeByte-
#23784	REDUCE cov: 3336 ft: 9678 corp: 395/732Kb lim: 2613 exec/s: 11892 rss: 371Mb L: 768/2613 MS: 3 ChangeASCIIInt-InsertRepeatedBytes-EraseBytes-
#23847	NEW    cov: 3336 ft: 9683 corp: 396/734Kb lim: 2613 exec/s: 11923 rss: 371Mb L: 1986/2613 MS: 3 ChangeASCIIInt-ChangeASCIIInt-ShuffleBytes-
#23869	REDUCE cov: 3337 ft: 9684 corp: 397/736Kb lim: 2613 exec/s: 11934 rss: 371Mb L: 1987/2613 MS: 2 CrossOver-PersAutoDict- DE: "\377\377\377\377"-
#23952	NEW    cov: 3337 ft: 9686 corp: 398/738Kb lim: 2613 exec/s: 11976 rss: 371Mb L: 2149/2613 MS: 3 CMP-ChangeBinInt-ChangeBinInt- DE: "\001\004\000\000\000\000\000\000"-
#24018	NEW    cov: 3337 ft: 9691 corp: 399/741Kb lim: 2613 exec/s: 12009 rss: 371Mb L: 2426/2613 MS: 1 ChangeBinInt-
#24099	NEW    cov: 3342 ft: 9696 corp: 400/743Kb lim: 2613 exec/s: 12049 rss: 371Mb L: 1985/2613 MS: 1 ChangeByte-
#24111	REDUCE cov: 3342 ft: 9696 corp: 400/742Kb lim: 2613 exec/s: 12055 rss: 371Mb L: 568/2613 MS: 2 EraseBytes-EraseBytes-
#24162	NEW    cov: 3342 ft: 9699 corp: 401/745Kb lim: 2613 exec/s: 12081 rss: 371Mb L: 2426/2613 MS: 1 ChangeByte-
#24185	REDUCE cov: 3342 ft: 9699 corp: 401/744Kb lim: 2613 exec/s: 12092 rss: 371Mb L: 1329/2613 MS: 3 CrossOver-CopyPart-EraseBytes-
#24331	NEW    cov: 3342 ft: 9701 corp: 402/746Kb lim: 2613 exec/s: 12165 rss: 371Mb L: 1619/2613 MS: 1 ShuffleBytes-
#24442	REDUCE cov: 3342 ft: 9701 corp: 402/746Kb lim: 2613 exec/s: 12221 rss: 371Mb L: 1100/2613 MS: 1 EraseBytes-
#24443	NEW    cov: 3343 ft: 9702 corp: 403/748Kb lim: 2613 exec/s: 12221 rss: 371Mb L: 2434/2613 MS: 1 ShuffleBytes-
#24454	NEW    cov: 3344 ft: 9703 corp: 404/750Kb lim: 2613 exec/s: 12227 rss: 371Mb L: 1986/2613 MS: 1 ChangeASCIIInt-
#24461	REDUCE cov: 3344 ft: 9703 corp: 404/750Kb lim: 2613 exec/s: 12230 rss: 371Mb L: 1453/2613 MS: 2 CopyPart-EraseBytes-
#24478	REDUCE cov: 3344 ft: 9703 corp: 404/750Kb lim: 2613 exec/s: 12239 rss: 371Mb L: 2369/2613 MS: 2 ShuffleBytes-EraseBytes-
#24581	NEW    cov: 3345 ft: 9704 corp: 405/752Kb lim: 2613 exec/s: 12290 rss: 371Mb L: 1985/2613 MS: 3 ChangeBit-ChangeBinInt-PersAutoDict- DE: "PK\005\006"-
#24742	NEW    cov: 3345 ft: 9705 corp: 406/754Kb lim: 2613 exec/s: 12371 rss: 371Mb L: 1986/2613 MS: 1 ShuffleBytes-
#24907	NEW    cov: 3345 ft: 9706 corp: 407/756Kb lim: 2613 exec/s: 12453 rss: 371Mb L: 2153/2613 MS: 5 PersAutoDict-ChangeByte-ChangeByte-CopyPart-PersAutoDict- DE: "\011\000\000\000\000\000\000\000"-"\377\377\377\377"-
#24909	REDUCE cov: 3345 ft: 9706 corp: 407/755Kb lim: 2613 exec/s: 12454 rss: 371Mb L: 1351/2613 MS: 2 CopyPart-CrossOver-
#24970	NEW    cov: 3349 ft: 9710 corp: 408/757Kb lim: 2613 exec/s: 12485 rss: 371Mb L: 1986/2613 MS: 1 CMP- DE: "4\000\000\000"-
#25156	NEW    cov: 3349 ft: 9711 corp: 409/760Kb lim: 2613 exec/s: 12578 rss: 371Mb L: 2434/2613 MS: 1 ChangeBit-
#25202	REDUCE cov: 3349 ft: 9711 corp: 409/760Kb lim: 2613 exec/s: 12601 rss: 371Mb L: 2186/2613 MS: 1 EraseBytes-
#25243	NEW    cov: 3349 ft: 9712 corp: 410/762Kb lim: 2613 exec/s: 12621 rss: 371Mb L: 1985/2613 MS: 1 ChangeByte-
#25315	REDUCE cov: 3350 ft: 9713 corp: 411/762Kb lim: 2613 exec/s: 12657 rss: 371Mb L: 273/2613 MS: 2 CMP-CrossOver- DE: "\003\322"-
#25416	NEW    cov: 3350 ft: 9714 corp: 412/764Kb lim: 2613 exec/s: 12708 rss: 371Mb L: 2549/2613 MS: 1 CopyPart-
#25419	REDUCE cov: 3350 ft: 9714 corp: 412/764Kb lim: 2613 exec/s: 12709 rss: 371Mb L: 1588/2613 MS: 3 ChangeByte-InsertByte-EraseBytes-
#25557	NEW    cov: 3351 ft: 9715 corp: 413/766Kb lim: 2613 exec/s: 12778 rss: 371Mb L: 1986/2613 MS: 3 ShuffleBytes-ChangeASCIIInt-ShuffleBytes-
#25928	REDUCE cov: 3351 ft: 9715 corp: 413/766Kb lim: 2613 exec/s: 12964 rss: 371Mb L: 534/2613 MS: 1 EraseBytes-
#26165	REDUCE cov: 3351 ft: 9715 corp: 413/765Kb lim: 2613 exec/s: 13082 rss: 371Mb L: 1276/2613 MS: 2 ChangeBit-EraseBytes-
#26233	REDUCE cov: 3351 ft: 9715 corp: 413/765Kb lim: 2613 exec/s: 13116 rss: 371Mb L: 1178/2613 MS: 3 ShuffleBytes-ChangeBit-EraseBytes-
#26330	NEW    cov: 3351 ft: 9719 corp: 414/768Kb lim: 2613 exec/s: 13165 rss: 371Mb L: 2505/2613 MS: 2 ChangeBit-CopyPart-
#26416	REDUCE cov: 3351 ft: 9719 corp: 414/768Kb lim: 2613 exec/s: 13208 rss: 371Mb L: 2415/2613 MS: 1 EraseBytes-
#26452	NEW    cov: 3351 ft: 9724 corp: 415/770Kb lim: 2613 exec/s: 13226 rss: 372Mb L: 1986/2613 MS: 1 ChangeBinInt-
#26483	NEW    cov: 3351 ft: 9729 corp: 416/772Kb lim: 2613 exec/s: 13241 rss: 372Mb L: 1985/2613 MS: 1 ShuffleBytes-
#26696	REDUCE cov: 3351 ft: 9729 corp: 416/771Kb lim: 2613 exec/s: 13348 rss: 374Mb L: 1605/2613 MS: 3 ChangeBit-ChangeBinInt-EraseBytes-
#26778	REDUCE cov: 3351 ft: 9729 corp: 416/771Kb lim: 2613 exec/s: 13389 rss: 374Mb L: 153/2613 MS: 2 ChangeBinInt-EraseBytes-
#26936	NEW    cov: 3353 ft: 9731 corp: 417/774Kb lim: 2613 exec/s: 13468 rss: 374Mb L: 2402/2613 MS: 3 CrossOver-PersAutoDict-CopyPart- DE: "\000\000\000\000\000\000\000\314"-
#27164	REDUCE cov: 3353 ft: 9731 corp: 417/774Kb lim: 2613 exec/s: 13582 rss: 375Mb L: 1613/2613 MS: 3 ChangeBit-ChangeByte-EraseBytes-
#27374	NEW    cov: 3353 ft: 9733 corp: 418/776Kb lim: 2613 exec/s: 13687 rss: 375Mb L: 2117/2613 MS: 5 EraseBytes-CopyPart-ChangeASCIIInt-ChangeByte-CopyPart-
#27425	NEW    cov: 3357 ft: 9737 corp: 419/778Kb lim: 2613 exec/s: 9141 rss: 375Mb L: 1986/2613 MS: 1 ChangeByte-
#27471	NEW    cov: 3357 ft: 9738 corp: 420/780Kb lim: 2613 exec/s: 9157 rss: 375Mb L: 2549/2613 MS: 1 ChangeBit-
#27505	REDUCE cov: 3357 ft: 9738 corp: 420/780Kb lim: 2613 exec/s: 9168 rss: 375Mb L: 1135/2613 MS: 4 ChangeASCIIInt-ChangeASCIIInt-EraseBytes-CopyPart-
#27708	REDUCE cov: 3357 ft: 9738 corp: 420/780Kb lim: 2613 exec/s: 9236 rss: 375Mb L: 52/2613 MS: 3 ChangeByte-PersAutoDict-EraseBytes- DE: "\377\377\377\377\377\377\377\255"-
#27771	NEW    cov: 3357 ft: 9739 corp: 421/783Kb lim: 2613 exec/s: 9257 rss: 375Mb L: 2606/2613 MS: 3 ChangeByte-CopyPart-CopyPart-
#27897	REDUCE cov: 3357 ft: 9739 corp: 421/782Kb lim: 2613 exec/s: 9299 rss: 375Mb L: 1338/2613 MS: 1 EraseBytes-
#27954	REDUCE cov: 3357 ft: 9739 corp: 421/782Kb lim: 2613 exec/s: 9318 rss: 375Mb L: 2348/2613 MS: 2 ChangeBit-EraseBytes-
#27968	NEW    cov: 3357 ft: 9743 corp: 422/785Kb lim: 2613 exec/s: 9322 rss: 375Mb L: 2220/2613 MS: 4 InsertByte-PersAutoDict-CrossOver-EraseBytes- DE: "l\" C"-
#28052	NEW    cov: 3357 ft: 9747 corp: 423/786Kb lim: 2613 exec/s: 9350 rss: 375Mb L: 1461/2613 MS: 4 EraseBytes-InsertRepeatedBytes-PersAutoDict-CopyPart- DE: "\377\377\004\314"-
#28238	NEW    cov: 3359 ft: 9749 corp: 424/788Kb lim: 2613 exec/s: 9412 rss: 377Mb L: 2434/2613 MS: 1 ChangeBinInt-
#28303	NEW    cov: 3360 ft: 9750 corp: 425/790Kb lim: 2613 exec/s: 9434 rss: 377Mb L: 1987/2613 MS: 5 CopyPart-ChangeByte-CrossOver-InsertRepeatedBytes-CrossOver-
#28314	NEW    cov: 3360 ft: 9751 corp: 426/792Kb lim: 2613 exec/s: 9438 rss: 377Mb L: 2136/2613 MS: 1 CopyPart-
#28538	NEW    cov: 3360 ft: 9764 corp: 427/795Kb lim: 2613 exec/s: 9512 rss: 377Mb L: 2224/2613 MS: 4 CrossOver-CrossOver-CMP-CrossOver- DE: "\377\377\377\377"-
#28556	REDUCE cov: 3360 ft: 9764 corp: 427/795Kb lim: 2613 exec/s: 9518 rss: 377Mb L: 156/2613 MS: 3 PersAutoDict-PersAutoDict-EraseBytes- DE: "\377\377\377\377\377\377\377\034"-"\024\000\000\000\000\000\000\000"-
#28663	NEW    cov: 3368 ft: 9774 corp: 428/796Kb lim: 2613 exec/s: 9554 rss: 377Mb L: 2006/2613 MS: 2 CopyPart-ChangeBinInt-
#28717	REDUCE cov: 3368 ft: 9774 corp: 428/796Kb lim: 2613 exec/s: 9572 rss: 377Mb L: 1285/2613 MS: 4 ShuffleBytes-ShuffleBytes-ChangeByte-EraseBytes-
#28718	REDUCE cov: 3368 ft: 9774 corp: 428/796Kb lim: 2613 exec/s: 9572 rss: 377Mb L: 2079/2613 MS: 1 EraseBytes-
#28748	REDUCE cov: 3368 ft: 9774 corp: 428/796Kb lim: 2613 exec/s: 9582 rss: 378Mb L: 146/2613 MS: 5 PersAutoDict-EraseBytes-ShuffleBytes-CopyPart-EraseBytes- DE: "\000\000>\006"-
#28814	NEW    cov: 3368 ft: 9775 corp: 429/798Kb lim: 2613 exec/s: 9604 rss: 378Mb L: 2613/2613 MS: 1 ChangeByte-
#28877	REDUCE cov: 3368 ft: 9775 corp: 429/798Kb lim: 2613 exec/s: 9625 rss: 378Mb L: 1326/2613 MS: 3 InsertByte-EraseBytes-CrossOver-
#29053	NEW    cov: 3368 ft: 9776 corp: 430/800Kb lim: 2613 exec/s: 9684 rss: 379Mb L: 1985/2613 MS: 1 ChangeASCIIInt-
#29174	NEW    cov: 3368 ft: 9782 corp: 431/802Kb lim: 2613 exec/s: 9724 rss: 382Mb L: 1986/2613 MS: 1 PersAutoDict- DE: "\003\232"-
#29425	NEW    cov: 3370 ft: 9784 corp: 432/804Kb lim: 2613 exec/s: 9808 rss: 382Mb L: 1949/2613 MS: 1 ShuffleBytes-
#29667	NEW    cov: 3370 ft: 9785 corp: 433/806Kb lim: 2613 exec/s: 9889 rss: 383Mb L: 1986/2613 MS: 2 ChangeBinInt-ShuffleBytes-
#29697	NEW    cov: 3370 ft: 9787 corp: 434/808Kb lim: 2613 exec/s: 9899 rss: 383Mb L: 2342/2613 MS: 5 InsertRepeatedBytes-ChangeBit-InsertByte-ShuffleBytes-InsertRepeatedBytes-
#29963	REDUCE cov: 3370 ft: 9787 corp: 434/808Kb lim: 2613 exec/s: 9987 rss: 385Mb L: 51/2613 MS: 1 EraseBytes-
#30001	REDUCE cov: 3370 ft: 9787 corp: 434/808Kb lim: 2613 exec/s: 10000 rss: 386Mb L: 1651/2613 MS: 3 ChangeByte-CrossOver-EraseBytes-
#30266	REDUCE cov: 3370 ft: 9787 corp: 434/808Kb lim: 2613 exec/s: 10088 rss: 387Mb L: 1063/2613 MS: 5 EraseBytes-ChangeBinInt-CopyPart-InsertByte-InsertRepeatedBytes-
#30369	REDUCE cov: 3370 ft: 9787 corp: 434/807Kb lim: 2613 exec/s: 10123 rss: 387Mb L: 381/2613 MS: 3 ChangeBit-ChangeBit-EraseBytes-
#30513	REDUCE cov: 3370 ft: 9787 corp: 434/807Kb lim: 2613 exec/s: 10171 rss: 388Mb L: 1098/2613 MS: 4 PersAutoDict-ChangeBinInt-InsertRepeatedBytes-EraseBytes- DE: "\177\377\377\377\377\377\377\377"-
#30534	NEW    cov: 3370 ft: 9788 corp: 435/809Kb lim: 2613 exec/s: 10178 rss: 388Mb L: 1986/2613 MS: 1 PersAutoDict- DE: "\377\377\377\377\377\377\377\034"-
#30742	REDUCE cov: 3370 ft: 9788 corp: 435/809Kb lim: 2613 exec/s: 10247 rss: 388Mb L: 195/2613 MS: 3 InsertRepeatedBytes-ChangeByte-EraseBytes-
#30761	REDUCE cov: 3370 ft: 9804 corp: 436/811Kb lim: 2613 exec/s: 10253 rss: 388Mb L: 1812/2613 MS: 4 ChangeBinInt-ChangeBinInt-PersAutoDict-CopyPart- DE: "\177\377\377\377\377\377\377\377"-
#30797	NEW    cov: 3370 ft: 9805 corp: 437/813Kb lim: 2613 exec/s: 10265 rss: 388Mb L: 2426/2613 MS: 1 ShuffleBytes-
#30813	REDUCE cov: 3370 ft: 9805 corp: 437/813Kb lim: 2613 exec/s: 10271 rss: 388Mb L: 2399/2613 MS: 1 EraseBytes-
#30837	NEW    cov: 3370 ft: 9813 corp: 438/816Kb lim: 2613 exec/s: 10279 rss: 388Mb L: 2561/2613 MS: 4 InsertRepeatedBytes-InsertByte-CMP-CopyPart- DE: "\003\001KP"-
#30884	NEW    cov: 3370 ft: 9823 corp: 439/818Kb lim: 2613 exec/s: 10294 rss: 388Mb L: 2343/2613 MS: 2 CopyPart-InsertByte-
#30946	REDUCE cov: 3370 ft: 9823 corp: 439/818Kb lim: 2613 exec/s: 10315 rss: 388Mb L: 1128/2613 MS: 2 ChangeByte-EraseBytes-
#30959	REDUCE cov: 3370 ft: 9823 corp: 439/818Kb lim: 2613 exec/s: 10319 rss: 388Mb L: 2012/2613 MS: 3 ChangeASCIIInt-ChangeBinInt-EraseBytes-
#30995	NEW    cov: 3370 ft: 9824 corp: 440/820Kb lim: 2613 exec/s: 10331 rss: 388Mb L: 1986/2613 MS: 1 ShuffleBytes-
#31023	NEW    cov: 3370 ft: 9829 corp: 441/822Kb lim: 2613 exec/s: 10341 rss: 388Mb L: 2438/2613 MS: 3 ChangeASCIIInt-CrossOver-PersAutoDict- DE: "\376\377\377\377"-
#31054	NEW    cov: 3370 ft: 9830 corp: 442/824Kb lim: 2613 exec/s: 10351 rss: 389Mb L: 1619/2613 MS: 1 ChangeASCIIInt-
#31060	REDUCE cov: 3370 ft: 9830 corp: 442/824Kb lim: 2613 exec/s: 10353 rss: 389Mb L: 2042/2613 MS: 1 EraseBytes-
#31062	NEW    cov: 3370 ft: 9831 corp: 443/826Kb lim: 2613 exec/s: 10354 rss: 389Mb L: 2610/2613 MS: 2 PersAutoDict-CMP- DE: "'\000\000\000\000\000\000\000"-"xml\013"-
#31206	REDUCE cov: 3370 ft: 9831 corp: 443/826Kb lim: 2613 exec/s: 10402 rss: 389Mb L: 2253/2613 MS: 4 InsertRepeatedBytes-ShuffleBytes-InsertRepeatedBytes-EraseBytes-
#31228	REDUCE cov: 3370 ft: 9831 corp: 443/825Kb lim: 2613 exec/s: 10409 rss: 389Mb L: 1519/2613 MS: 2 PersAutoDict-EraseBytes- DE: "*\000\000\000\000\000\000\000"-
#31237	REDUCE cov: 3370 ft: 9831 corp: 443/825Kb lim: 2613 exec/s: 10412 rss: 389Mb L: 2162/2613 MS: 4 PersAutoDict-InsertByte-CopyPart-EraseBytes- DE: "\377\377\377\377"-
#31293	REDUCE cov: 3370 ft: 9831 corp: 443/825Kb lim: 2613 exec/s: 10431 rss: 389Mb L: 1189/2613 MS: 1 EraseBytes-
#31296	REDUCE cov: 3370 ft: 9831 corp: 443/825Kb lim: 2613 exec/s: 10432 rss: 389Mb L: 2355/2613 MS: 3 InsertRepeatedBytes-CMP-EraseBytes- DE: "$\210"-
#31321	REDUCE cov: 3370 ft: 9831 corp: 443/824Kb lim: 2613 exec/s: 10440 rss: 389Mb L: 2314/2613 MS: 5 ChangeByte-ShuffleBytes-InsertByte-ChangeByte-EraseBytes-
#31672	NEW    cov: 3370 ft: 9832 corp: 444/827Kb lim: 2613 exec/s: 10557 rss: 391Mb L: 2613/2613 MS: 1 ChangeByte-
#31868	NEW    cov: 3370 ft: 9835 corp: 445/830Kb lim: 2613 exec/s: 10622 rss: 392Mb L: 2613/2613 MS: 1 ChangeByte-
#31914	NEW    cov: 3370 ft: 9836 corp: 446/832Kb lim: 2613 exec/s: 10638 rss: 392Mb L: 1986/2613 MS: 1 ChangeASCIIInt-
#31993	NEW    cov: 3370 ft: 9838 corp: 447/834Kb lim: 2613 exec/s: 10664 rss: 395Mb L: 2217/2613 MS: 4 ShuffleBytes-ShuffleBytes-PersAutoDict-CrossOver- DE: "\376\000\000\000"-
#32089	REDUCE cov: 3370 ft: 9838 corp: 447/833Kb lim: 2613 exec/s: 10696 rss: 395Mb L: 2154/2613 MS: 1 EraseBytes-
#32259	REDUCE cov: 3370 ft: 9838 corp: 447/832Kb lim: 2613 exec/s: 10753 rss: 395Mb L: 57/2613 MS: 5 ShuffleBytes-ShuffleBytes-ChangeASCIIInt-CMP-CrossOver- DE: "!0.1"-
#32341	REDUCE cov: 3370 ft: 9838 corp: 447/832Kb lim: 2613 exec/s: 10780 rss: 395Mb L: 286/2613 MS: 2 ChangeBit-EraseBytes-
#32443	REDUCE cov: 3370 ft: 9838 corp: 447/832Kb lim: 2613 exec/s: 10814 rss: 396Mb L: 1099/2613 MS: 2 InsertRepeatedBytes-EraseBytes-
#32523	REDUCE cov: 3370 ft: 9838 corp: 447/832Kb lim: 2613 exec/s: 10841 rss: 396Mb L: 173/2613 MS: 5 ShuffleBytes-ChangeByte-ShuffleBytes-ChangeBit-EraseBytes-
#32539	REDUCE cov: 3370 ft: 9851 corp: 448/834Kb lim: 2613 exec/s: 10846 rss: 396Mb L: 2372/2613 MS: 1 InsertRepeatedBytes-
#32768	pulse  cov: 3370 ft: 9851 corp: 448/834Kb lim: 2613 exec/s: 10922 rss: 397Mb
#32825	NEW    cov: 3370 ft: 9852 corp: 449/836Kb lim: 2613 exec/s: 10941 rss: 397Mb L: 1987/2613 MS: 1 ChangeBit-
#32990	REDUCE cov: 3370 ft: 9853 corp: 450/837Kb lim: 2613 exec/s: 10996 rss: 397Mb L: 1443/2613 MS: 5 ChangeBit-CMP-InsertRepeatedBytes-ChangeASCIIInt-CopyPart- DE: "8\004\000\000\000\000\000\000"-
#33086	REDUCE cov: 3370 ft: 9854 corp: 451/838Kb lim: 2613 exec/s: 11028 rss: 397Mb L: 1032/2613 MS: 1 EraseBytes-
#33113	REDUCE cov: 3370 ft: 9854 corp: 451/838Kb lim: 2613 exec/s: 11037 rss: 397Mb L: 1393/2613 MS: 2 ChangeBinInt-EraseBytes-
#33259	NEW    cov: 3375 ft: 9859 corp: 452/840Kb lim: 2613 exec/s: 11086 rss: 399Mb L: 1986/2613 MS: 1 ChangeBinInt-
#33271	NEW    cov: 3376 ft: 9860 corp: 453/842Kb lim: 2613 exec/s: 11090 rss: 399Mb L: 1810/2613 MS: 2 InsertByte-EraseBytes-
#33275	REDUCE cov: 3376 ft: 9860 corp: 453/842Kb lim: 2613 exec/s: 11091 rss: 399Mb L: 9/2613 MS: 4 ChangeBit-InsertByte-PersAutoDict-EraseBytes- DE: "\000\000>\006"-
#33344	NEW    cov: 3376 ft: 9861 corp: 454/843Kb lim: 2613 exec/s: 11114 rss: 400Mb L: 1444/2613 MS: 4 ChangeBit-ChangeBinInt-InsertByte-ChangeBit-
#33370	NEW    cov: 3377 ft: 9862 corp: 455/845Kb lim: 2613 exec/s: 11123 rss: 400Mb L: 1619/2613 MS: 1 CMP- DE: "\004o\006\000"-
#33667	REDUCE cov: 3377 ft: 9862 corp: 455/845Kb lim: 2613 exec/s: 11222 rss: 401Mb L: 2323/2613 MS: 2 CopyPart-EraseBytes-
#33714	REDUCE cov: 3377 ft: 9862 corp: 455/845Kb lim: 2613 exec/s: 11238 rss: 401Mb L: 1762/2613 MS: 2 InsertByte-EraseBytes-
#33845	NEW    cov: 3378 ft: 9863 corp: 456/847Kb lim: 2613 exec/s: 11281 rss: 401Mb L: 1986/2613 MS: 1 ChangeBit-
#33999	NEW    cov: 3378 ft: 9864 corp: 457/849Kb lim: 2613 exec/s: 11333 rss: 401Mb L: 1870/2613 MS: 4 PersAutoDict-ChangeByte-CopyPart-CopyPart- DE: "4\000\000\000"-
#34180	NEW    cov: 3378 ft: 9871 corp: 458/851Kb lim: 2613 exec/s: 11393 rss: 401Mb L: 1986/2613 MS: 1 ChangeByte-
#34248	NEW    cov: 3379 ft: 9872 corp: 459/853Kb lim: 2613 exec/s: 11416 rss: 401Mb L: 1982/2613 MS: 3 ChangeBinInt-ShuffleBytes-ChangeASCIIInt-
#34271	REDUCE cov: 3379 ft: 9872 corp: 459/853Kb lim: 2613 exec/s: 11423 rss: 401Mb L: 1880/2613 MS: 3 ChangeByte-EraseBytes-InsertByte-
#34299	REDUCE cov: 3379 ft: 9872 corp: 459/852Kb lim: 2613 exec/s: 11433 rss: 402Mb L: 2095/2613 MS: 3 InsertRepeatedBytes-InsertByte-CrossOver-
#34556	REDUCE cov: 3379 ft: 9872 corp: 459/852Kb lim: 2613 exec/s: 11518 rss: 402Mb L: 566/2613 MS: 2 CopyPart-EraseBytes-
#34560	REDUCE cov: 3379 ft: 9872 corp: 459/851Kb lim: 2613 exec/s: 11520 rss: 402Mb L: 1338/2613 MS: 4 ChangeASCIIInt-InsertByte-ChangeBinInt-EraseBytes-
#34706	NEW    cov: 3379 ft: 9873 corp: 460/853Kb lim: 2613 exec/s: 11568 rss: 403Mb L: 1615/2613 MS: 1 PersAutoDict- DE: "\000\000\000\000\000\000\000\000"-
#34892	REDUCE cov: 3379 ft: 9873 corp: 460/853Kb lim: 2613 exec/s: 11630 rss: 403Mb L: 21/2613 MS: 1 EraseBytes-
#34916	REDUCE cov: 3379 ft: 9873 corp: 460/853Kb lim: 2613 exec/s: 11638 rss: 403Mb L: 142/2613 MS: 4 CopyPart-ChangeASCIIInt-ChangeByte-EraseBytes-
#34972	NEW    cov: 3379 ft: 9875 corp: 461/855Kb lim: 2613 exec/s: 11657 rss: 403Mb L: 2434/2613 MS: 1 ChangeBinInt-
#35020	NEW    cov: 3379 ft: 9877 corp: 462/857Kb lim: 2613 exec/s: 11673 rss: 404Mb L: 2344/2613 MS: 3 ChangeByte-CopyPart-CrossOver-
#35053	REDUCE cov: 3379 ft: 9877 corp: 462/857Kb lim: 2613 exec/s: 11684 rss: 404Mb L: 73/2613 MS: 3 ChangeByte-ShuffleBytes-EraseBytes-
#35104	REDUCE cov: 3379 ft: 9877 corp: 462/857Kb lim: 2613 exec/s: 11701 rss: 404Mb L: 2255/2613 MS: 1 EraseBytes-
#35126	NEW    cov: 3379 ft: 9878 corp: 463/859Kb lim: 2613 exec/s: 11708 rss: 404Mb L: 1985/2613 MS: 2 ChangeASCIIInt-PersAutoDict- DE: "\000\000\000\000"-
#35138	REDUCE cov: 3379 ft: 9878 corp: 463/859Kb lim: 2613 exec/s: 11712 rss: 404Mb L: 1882/2613 MS: 2 EraseBytes-InsertRepeatedBytes-
#35437	REDUCE cov: 3379 ft: 9878 corp: 463/859Kb lim: 2613 exec/s: 11812 rss: 404Mb L: 59/2613 MS: 4 CopyPart-ShuffleBytes-PersAutoDict-EraseBytes- DE: "\363kn\252"-
#35499	NEW    cov: 3380 ft: 9879 corp: 464/860Kb lim: 2613 exec/s: 11833 rss: 404Mb L: 1615/2613 MS: 2 ChangeByte-ChangeByte-
#35845	REDUCE cov: 3380 ft: 9879 corp: 464/860Kb lim: 2613 exec/s: 11948 rss: 405Mb L: 2106/2613 MS: 1 EraseBytes-
#36002	REDUCE cov: 3380 ft: 9879 corp: 464/859Kb lim: 2613 exec/s: 12000 rss: 405Mb L: 954/2613 MS: 2 ChangeBit-EraseBytes-
#36021	REDUCE cov: 3380 ft: 9879 corp: 464/859Kb lim: 2613 exec/s: 12007 rss: 405Mb L: 284/2613 MS: 4 EraseBytes-CopyPart-ShuffleBytes-EraseBytes-
#36618	REDUCE cov: 3380 ft: 9879 corp: 464/859Kb lim: 2613 exec/s: 12206 rss: 405Mb L: 1949/2613 MS: 2 ChangeByte-EraseBytes-
#37033	REDUCE cov: 3380 ft: 9879 corp: 464/859Kb lim: 2613 exec/s: 12344 rss: 405Mb L: 93/2613 MS: 5 ChangeByte-ChangeASCIIInt-PersAutoDict-CMP-EraseBytes- DE: "4\000\000\000"-"\265\000\000\000"-
#37657	REDUCE cov: 3380 ft: 9879 corp: 464/859Kb lim: 2613 exec/s: 12552 rss: 405Mb L: 1081/2613 MS: 4 CrossOver-ChangeASCIIInt-PersAutoDict-EraseBytes- DE: "$\210"-
#37743	NEW    cov: 3380 ft: 9890 corp: 465/861Kb lim: 2613 exec/s: 12581 rss: 405Mb L: 2426/2613 MS: 1 ChangeBinInt-
#37790	REDUCE cov: 3380 ft: 9890 corp: 465/861Kb lim: 2613 exec/s: 12596 rss: 405Mb L: 1733/2613 MS: 2 CopyPart-EraseBytes-
#37883	REDUCE cov: 3380 ft: 9890 corp: 465/861Kb lim: 2613 exec/s: 12627 rss: 405Mb L: 2242/2613 MS: 3 ChangeBinInt-ChangeASCIIInt-EraseBytes-
	NEW_FUNC[1/1]: 0x000104690420 in _RINvMNtNtCs7oq3hgLOR5a_4core5slice5asciiSh27eq_ignore_ascii_case_chunksKj10_ECsaadRk6yvHw6_6rsword+0x0 (fuzz_zip:arm64+0x100014420)
#37924	NEW    cov: 3391 ft: 9907 corp: 466/862Kb lim: 2613 exec/s: 12641 rss: 405Mb L: 1615/2613 MS: 1 ChangeBit-
#38230	REDUCE cov: 3391 ft: 9908 corp: 467/864Kb lim: 2613 exec/s: 12743 rss: 407Mb L: 2256/2613 MS: 1 InsertByte-
#38641	REDUCE cov: 3391 ft: 9908 corp: 467/864Kb lim: 2613 exec/s: 12880 rss: 407Mb L: 1044/2613 MS: 1 EraseBytes-
#38725	REDUCE cov: 3391 ft: 9908 corp: 467/864Kb lim: 2613 exec/s: 12908 rss: 408Mb L: 44/2613 MS: 4 ChangeBinInt-CopyPart-ChangeBinInt-EraseBytes-
#38771	NEW    cov: 3391 ft: 9929 corp: 468/866Kb lim: 2613 exec/s: 12923 rss: 408Mb L: 1615/2613 MS: 1 ChangeBit-
#39018	REDUCE cov: 3391 ft: 9929 corp: 468/866Kb lim: 2613 exec/s: 13006 rss: 408Mb L: 2293/2613 MS: 2 ChangeByte-EraseBytes-
#39239	REDUCE cov: 3391 ft: 9929 corp: 468/866Kb lim: 2613 exec/s: 9809 rss: 408Mb L: 373/2613 MS: 1 EraseBytes-
#39273	REDUCE cov: 3391 ft: 9929 corp: 468/866Kb lim: 2613 exec/s: 9818 rss: 408Mb L: 2012/2613 MS: 4 ChangeBit-EraseBytes-CMP-InsertRepeatedBytes- DE: "\001\000\001\340"-
	NEW_FUNC[1/1]: 0x000105ec3a10 in _RINvNtCs7oq3hgLOR5a_4core3ptr9drop_glueNtNtCsiM9RhRMGE50_3zip5types11ZipFileDataEBF_+0x0 (fuzz_zip:arm64+0x101847a10)
#39457	NEW    cov: 3405 ft: 9943 corp: 469/868Kb lim: 2613 exec/s: 9864 rss: 408Mb L: 2108/2613 MS: 4 CrossOver-InsertRepeatedBytes-PersAutoDict-CMP- DE: "\377\377\377\377\377\377\377\255"-"\005\000\000\000\000\000\000\000"-
#39473	NEW    cov: 3405 ft: 9945 corp: 470/870Kb lim: 2613 exec/s: 9868 rss: 408Mb L: 2561/2613 MS: 1 PersAutoDict- DE: "PK\005\006"-
#39618	REDUCE cov: 3405 ft: 9945 corp: 470/869Kb lim: 2613 exec/s: 9904 rss: 408Mb L: 1342/2613 MS: 5 PersAutoDict-EraseBytes-CMP-ChangeByte-CopyPart- DE: "\003\322"-"!\355\336\252"-
#39838	NEW    cov: 3405 ft: 9946 corp: 471/872Kb lim: 2613 exec/s: 9959 rss: 408Mb L: 2422/2613 MS: 5 ChangeASCIIInt-ChangeASCIIInt-ChangeBit-ChangeByte-InsertRepeatedBytes-
#39950	REDUCE cov: 3405 ft: 9946 corp: 471/872Kb lim: 2613 exec/s: 9987 rss: 408Mb L: 2006/2613 MS: 2 InsertByte-EraseBytes-
#39990	NEW    cov: 3406 ft: 9947 corp: 472/872Kb lim: 2613 exec/s: 9997 rss: 408Mb L: 1/2613 MS: 5 ChangeByte-CrossOver-ShuffleBytes-ShuffleBytes-CrossOver-
#40087	NEW    cov: 3406 ft: 9956 corp: 473/872Kb lim: 2613 exec/s: 10021 rss: 408Mb L: 13/2613 MS: 2 CrossOver-EraseBytes-
#40100	REDUCE cov: 3406 ft: 9956 corp: 473/872Kb lim: 2613 exec/s: 10025 rss: 408Mb L: 1061/2613 MS: 3 ChangeByte-ChangeBit-EraseBytes-
#40167	REDUCE cov: 3406 ft: 9956 corp: 473/871Kb lim: 2613 exec/s: 10041 rss: 408Mb L: 1600/2613 MS: 2 CrossOver-EraseBytes-
#40177	REDUCE cov: 3406 ft: 9956 corp: 473/871Kb lim: 2613 exec/s: 10044 rss: 408Mb L: 2409/2613 MS: 5 ShuffleBytes-ChangeByte-ShuffleBytes-PersAutoDict-EraseBytes- DE: "*\000\000\000\000\000\000\000"-
#40575	REDUCE cov: 3406 ft: 9956 corp: 473/871Kb lim: 2613 exec/s: 10143 rss: 408Mb L: 2119/2613 MS: 3 CMP-InsertRepeatedBytes-EraseBytes- DE: "\006\005KP"-
#40651	NEW    cov: 3407 ft: 9963 corp: 474/873Kb lim: 2613 exec/s: 10162 rss: 408Mb L: 1986/2613 MS: 1 ChangeBinInt-
#40773	REDUCE cov: 3407 ft: 9963 corp: 474/873Kb lim: 2613 exec/s: 10193 rss: 409Mb L: 1168/2613 MS: 2 ShuffleBytes-EraseBytes-
#40807	NEW    cov: 3408 ft: 9964 corp: 475/875Kb lim: 2613 exec/s: 10201 rss: 409Mb L: 2549/2613 MS: 4 CrossOver-CopyPart-ChangeASCIIInt-CrossOver-
#40905	NEW    cov: 3408 ft: 9969 corp: 476/877Kb lim: 2613 exec/s: 10226 rss: 409Mb L: 2077/2613 MS: 3 CMP-InsertRepeatedBytes-ChangeBinInt- DE: "\006\005KP"-
#40928	NEW    cov: 3408 ft: 9970 corp: 477/880Kb lim: 2613 exec/s: 10232 rss: 409Mb L: 2590/2613 MS: 3 InsertRepeatedBytes-CopyPart-InsertRepeatedBytes-
#40942	NEW    cov: 3408 ft: 9971 corp: 478/882Kb lim: 2613 exec/s: 10235 rss: 409Mb L: 2478/2613 MS: 4 PersAutoDict-ChangeBinInt-ChangeBinInt-CopyPart- DE: "\007\000\000\000\000\000\000\000"-
#41098	NEW    cov: 3408 ft: 9977 corp: 479/884Kb lim: 2613 exec/s: 10274 rss: 409Mb L: 1986/2613 MS: 1 ChangeBinInt-
#41187	REDUCE cov: 3408 ft: 9977 corp: 479/884Kb lim: 2613 exec/s: 10296 rss: 409Mb L: 2322/2613 MS: 4 PersAutoDict-EraseBytes-ShuffleBytes-CrossOver- DE: "`tne"-
#41229	REDUCE cov: 3408 ft: 9977 corp: 479/884Kb lim: 2613 exec/s: 10307 rss: 409Mb L: 379/2613 MS: 2 CMP-EraseBytes- DE: "mt.x"-
#41733	REDUCE cov: 3408 ft: 9978 corp: 480/886Kb lim: 2613 exec/s: 10433 rss: 409Mb L: 2364/2613 MS: 4 CopyPart-CrossOver-ChangeBinInt-InsertByte-
#41829	NEW    cov: 3409 ft: 9979 corp: 481/888Kb lim: 2613 exec/s: 10457 rss: 409Mb L: 1986/2613 MS: 1 ChangeBit-
#41885	NEW    cov: 3409 ft: 9980 corp: 482/889Kb lim: 2613 exec/s: 10471 rss: 409Mb L: 1357/2613 MS: 1 EraseBytes-
#42061	REDUCE cov: 3409 ft: 9980 corp: 482/889Kb lim: 2613 exec/s: 10515 rss: 409Mb L: 1707/2613 MS: 1 EraseBytes-
#42122	NEW    cov: 3409 ft: 9981 corp: 483/892Kb lim: 2613 exec/s: 10530 rss: 409Mb L: 2366/2613 MS: 1 ChangeASCIIInt-
#42151	REDUCE cov: 3409 ft: 9981 corp: 483/891Kb lim: 2613 exec/s: 10537 rss: 409Mb L: 394/2613 MS: 4 ChangeBinInt-ChangeASCIIInt-EraseBytes-InsertRepeatedBytes-
#42232	NEW    cov: 3409 ft: 9983 corp: 484/894Kb lim: 2613 exec/s: 10558 rss: 409Mb L: 2434/2613 MS: 1 ChangeBinInt-
#42318	REDUCE cov: 3409 ft: 9983 corp: 484/894Kb lim: 2613 exec/s: 10579 rss: 409Mb L: 1952/2613 MS: 1 EraseBytes-
#42324	NEW    cov: 3409 ft: 9985 corp: 485/896Kb lim: 2613 exec/s: 10581 rss: 409Mb L: 2122/2613 MS: 1 CopyPart-
#42500	NEW    cov: 3409 ft: 9986 corp: 486/898Kb lim: 2613 exec/s: 10625 rss: 409Mb L: 1987/2613 MS: 1 ChangeByte-
#42506	REDUCE cov: 3409 ft: 9986 corp: 486/898Kb lim: 2613 exec/s: 10626 rss: 409Mb L: 1664/2613 MS: 1 EraseBytes-
#42588	REDUCE cov: 3409 ft: 9986 corp: 486/898Kb lim: 2613 exec/s: 10647 rss: 409Mb L: 291/2613 MS: 2 CrossOver-EraseBytes-
#42726	REDUCE cov: 3409 ft: 9986 corp: 486/898Kb lim: 2613 exec/s: 10681 rss: 409Mb L: 2213/2613 MS: 3 ChangeByte-InsertRepeatedBytes-EraseBytes-
#42940	NEW    cov: 3409 ft: 9988 corp: 487/900Kb lim: 2613 exec/s: 10735 rss: 409Mb L: 2590/2613 MS: 4 CMP-ChangeASCIIInt-ChangeASCIIInt-CrossOver- DE: "\373\000"-
#42963	REDUCE cov: 3409 ft: 9988 corp: 487/900Kb lim: 2613 exec/s: 10740 rss: 409Mb L: 1690/2613 MS: 3 ChangeASCIIInt-InsertByte-EraseBytes-
#43013	REDUCE cov: 3409 ft: 9988 corp: 487/900Kb lim: 2613 exec/s: 10753 rss: 409Mb L: 2234/2613 MS: 5 ShuffleBytes-InsertRepeatedBytes-PersAutoDict-ChangeASCIIInt-EraseBytes- DE: "\003\001KP"-
#43074	REDUCE cov: 3409 ft: 9988 corp: 487/900Kb lim: 2613 exec/s: 10768 rss: 409Mb L: 2512/2613 MS: 1 EraseBytes-
#43106	REDUCE cov: 3409 ft: 9988 corp: 487/900Kb lim: 2613 exec/s: 10776 rss: 409Mb L: 2265/2613 MS: 2 InsertRepeatedBytes-EraseBytes-
#43279	REDUCE cov: 3409 ft: 9990 corp: 488/902Kb lim: 2613 exec/s: 10819 rss: 409Mb L: 2488/2613 MS: 3 ChangeBinInt-ChangeBinInt-CopyPart-
#43355	REDUCE cov: 3409 ft: 9990 corp: 488/902Kb lim: 2613 exec/s: 10838 rss: 409Mb L: 2202/2613 MS: 1 EraseBytes-
#43458	REDUCE cov: 3409 ft: 9990 corp: 488/902Kb lim: 2613 exec/s: 10864 rss: 409Mb L: 2329/2613 MS: 3 ChangeByte-ChangeBinInt-EraseBytes-
#43535	REDUCE cov: 3409 ft: 9990 corp: 488/901Kb lim: 2613 exec/s: 10883 rss: 409Mb L: 1889/2613 MS: 2 ChangeASCIIInt-EraseBytes-
#43562	REDUCE cov: 3409 ft: 9990 corp: 488/901Kb lim: 2613 exec/s: 10890 rss: 409Mb L: 1102/2613 MS: 2 ChangeASCIIInt-EraseBytes-
#43738	REDUCE cov: 3409 ft: 9990 corp: 488/901Kb lim: 2613 exec/s: 10934 rss: 409Mb L: 1750/2613 MS: 1 EraseBytes-
#43939	NEW    cov: 3409 ft: 9993 corp: 489/903Kb lim: 2613 exec/s: 10984 rss: 409Mb L: 1986/2613 MS: 1 ShuffleBytes-
#43942	REDUCE cov: 3409 ft: 9993 corp: 489/903Kb lim: 2613 exec/s: 10985 rss: 409Mb L: 1512/2613 MS: 3 InsertByte-ChangeBinInt-EraseBytes-
#44280	REDUCE cov: 3409 ft: 9993 corp: 489/903Kb lim: 2613 exec/s: 11070 rss: 409Mb L: 1262/2613 MS: 3 ChangeBinInt-InsertRepeatedBytes-EraseBytes-
#44411	REDUCE cov: 3409 ft: 9993 corp: 489/903Kb lim: 2613 exec/s: 11102 rss: 409Mb L: 1989/2613 MS: 1 EraseBytes-
#44520	REDUCE cov: 3409 ft: 9993 corp: 489/903Kb lim: 2613 exec/s: 11130 rss: 409Mb L: 1739/2613 MS: 4 InsertByte-CrossOver-ChangeBit-EraseBytes-
#44547	REDUCE cov: 3409 ft: 9993 corp: 489/901Kb lim: 2613 exec/s: 11136 rss: 409Mb L: 1438/2613 MS: 2 CMP-EraseBytes- DE: "\222'\031\365"-
#45078	NEW    cov: 3415 ft: 10003 corp: 490/903Kb lim: 2613 exec/s: 11269 rss: 410Mb L: 1985/2613 MS: 1 ChangeBit-
#45174	REDUCE cov: 3415 ft: 10003 corp: 490/903Kb lim: 2613 exec/s: 11293 rss: 410Mb L: 2402/2613 MS: 1 EraseBytes-
#45303	REDUCE cov: 3415 ft: 10004 corp: 491/906Kb lim: 2613 exec/s: 11325 rss: 410Mb L: 2545/2613 MS: 4 InsertRepeatedBytes-CMP-ChangeBinInt-CopyPart- DE: "\314\005\000\000"-
#45556	REDUCE cov: 3415 ft: 10004 corp: 491/906Kb lim: 2613 exec/s: 11389 rss: 410Mb L: 1654/2613 MS: 3 EraseBytes-ChangeASCIIInt-PersAutoDict- DE: "\005\005KP"-
#45636	REDUCE cov: 3415 ft: 10004 corp: 491/906Kb lim: 2613 exec/s: 11409 rss: 410Mb L: 284/2613 MS: 5 ChangeBinInt-ChangeBit-PersAutoDict-InsertByte-EraseBytes- DE: "\001\000\000\000\000\000\004\000"-
#45705	REDUCE cov: 3415 ft: 10004 corp: 491/905Kb lim: 2613 exec/s: 11426 rss: 410Mb L: 1151/2613 MS: 4 InsertRepeatedBytes-ShuffleBytes-CopyPart-EraseBytes-
#46277	NEW    cov: 3415 ft: 10008 corp: 492/907Kb lim: 2613 exec/s: 11569 rss: 411Mb L: 1986/2613 MS: 2 PersAutoDict-ShuffleBytes- DE: "'\000\000\000\000\000\000\000"-
#46527	REDUCE cov: 3415 ft: 10008 corp: 492/907Kb lim: 2613 exec/s: 11631 rss: 411Mb L: 1980/2613 MS: 5 ShuffleBytes-CMP-PersAutoDict-ChangeByte-EraseBytes- DE: "\000\000\000\000\377\377\377\377"-"=\001\000\000\000\000\000\000"-
#46591	REDUCE cov: 3415 ft: 10014 corp: 493/909Kb lim: 2613 exec/s: 11647 rss: 411Mb L: 2256/2613 MS: 4 ChangeBit-CopyPart-ShuffleBytes-ChangeBinInt-
#46593	NEW    cov: 3415 ft: 10015 corp: 494/912Kb lim: 2613 exec/s: 11648 rss: 411Mb L: 2480/2613 MS: 2 InsertByte-InsertByte-
#46721	REDUCE cov: 3415 ft: 10015 corp: 494/912Kb lim: 2613 exec/s: 11680 rss: 411Mb L: 1331/2613 MS: 3 InsertByte-CopyPart-EraseBytes-
#46762	REDUCE cov: 3415 ft: 10015 corp: 494/912Kb lim: 2613 exec/s: 11690 rss: 411Mb L: 1932/2613 MS: 1 EraseBytes-
#46828	REDUCE cov: 3415 ft: 10015 corp: 494/911Kb lim: 2613 exec/s: 11707 rss: 411Mb L: 662/2613 MS: 1 EraseBytes-
#46835	NEW    cov: 3419 ft: 10019 corp: 495/913Kb lim: 2613 exec/s: 11708 rss: 411Mb L: 1949/2613 MS: 2 ChangeByte-ChangeByte-
#46876	REDUCE cov: 3419 ft: 10019 corp: 495/913Kb lim: 2613 exec/s: 11719 rss: 411Mb L: 2199/2613 MS: 1 EraseBytes-
#46942	NEW    cov: 3419 ft: 10020 corp: 496/915Kb lim: 2613 exec/s: 11735 rss: 411Mb L: 1985/2613 MS: 1 ShuffleBytes-
#47152	REDUCE cov: 3419 ft: 10020 corp: 496/914Kb lim: 2613 exec/s: 11788 rss: 411Mb L: 1745/2613 MS: 5 ChangeByte-ChangeBinInt-ChangeBinInt-CMP-EraseBytes- DE: "\335\000\000\000\000\000\000\000"-
#47508	NEW    cov: 3419 ft: 10021 corp: 497/916Kb lim: 2613 exec/s: 11877 rss: 411Mb L: 1811/2613 MS: 1 CopyPart-
#47719	NEW    cov: 3419 ft: 10022 corp: 498/918Kb lim: 2613 exec/s: 11929 rss: 411Mb L: 2400/2613 MS: 1 CrossOver-
#47788	REDUCE cov: 3419 ft: 10022 corp: 498/918Kb lim: 2613 exec/s: 11947 rss: 411Mb L: 2540/2613 MS: 4 CopyPart-ChangeBit-ChangeByte-EraseBytes-
#48039	REDUCE cov: 3419 ft: 10022 corp: 498/918Kb lim: 2613 exec/s: 12009 rss: 411Mb L: 2118/2613 MS: 1 EraseBytes-
#48047	REDUCE cov: 3419 ft: 10022 corp: 498/918Kb lim: 2613 exec/s: 12011 rss: 411Mb L: 373/2613 MS: 3 EraseBytes-ChangeByte-InsertRepeatedBytes-
#48312	REDUCE cov: 3419 ft: 10022 corp: 498/918Kb lim: 2613 exec/s: 12078 rss: 412Mb L: 2112/2613 MS: 5 CopyPart-ChangeByte-ChangeBit-CopyPart-EraseBytes-
#48424	NEW    cov: 3419 ft: 10023 corp: 499/920Kb lim: 2613 exec/s: 12106 rss: 412Mb L: 1986/2613 MS: 2 ChangeBinInt-ChangeByte-
#48436	REDUCE cov: 3419 ft: 10023 corp: 499/920Kb lim: 2613 exec/s: 12109 rss: 412Mb L: 1877/2613 MS: 2 ChangeASCIIInt-EraseBytes-
#48497	REDUCE cov: 3419 ft: 10023 corp: 499/920Kb lim: 2613 exec/s: 12124 rss: 412Mb L: 1683/2613 MS: 1 EraseBytes-
#48504	NEW    cov: 3420 ft: 10024 corp: 500/922Kb lim: 2613 exec/s: 12126 rss: 412Mb L: 2028/2613 MS: 2 InsertRepeatedBytes-ChangeByte-
#48545	REDUCE cov: 3420 ft: 10024 corp: 500/922Kb lim: 2613 exec/s: 12136 rss: 412Mb L: 1257/2613 MS: 1 EraseBytes-
#48607	NEW    cov: 3420 ft: 10025 corp: 501/924Kb lim: 2613 exec/s: 12151 rss: 412Mb L: 2381/2613 MS: 2 ShuffleBytes-InsertRepeatedBytes-
#48619	NEW    cov: 3420 ft: 10027 corp: 502/926Kb lim: 2613 exec/s: 12154 rss: 412Mb L: 1986/2613 MS: 2 ChangeASCIIInt-ChangeByte-
#48862	REDUCE cov: 3420 ft: 10027 corp: 502/926Kb lim: 2613 exec/s: 12215 rss: 412Mb L: 2421/2613 MS: 3 CopyPart-PersAutoDict-EraseBytes- DE: "\000\000\000\000"-
#48873	REDUCE cov: 3420 ft: 10027 corp: 502/926Kb lim: 2613 exec/s: 12218 rss: 412Mb L: 2430/2613 MS: 1 EraseBytes-
#49002	REDUCE cov: 3420 ft: 10027 corp: 502/926Kb lim: 2613 exec/s: 12250 rss: 412Mb L: 2237/2613 MS: 4 ChangeByte-EraseBytes-ChangeASCIIInt-CopyPart-
#49325	REDUCE cov: 3420 ft: 10027 corp: 502/926Kb lim: 2613 exec/s: 12331 rss: 412Mb L: 2393/2613 MS: 3 ChangeByte-ChangeBinInt-EraseBytes-
#49444	REDUCE cov: 3420 ft: 10030 corp: 503/927Kb lim: 2613 exec/s: 12361 rss: 412Mb L: 1064/2613 MS: 4 CrossOver-ShuffleBytes-ChangeASCIIInt-CopyPart-
#49512	REDUCE cov: 3420 ft: 10030 corp: 503/927Kb lim: 2613 exec/s: 12378 rss: 412Mb L: 1940/2613 MS: 3 ChangeByte-InsertByte-EraseBytes-
#49597	REDUCE cov: 3420 ft: 10030 corp: 503/927Kb lim: 2613 exec/s: 12399 rss: 412Mb L: 1754/2613 MS: 5 ShuffleBytes-ChangeBit-ChangeBit-EraseBytes-InsertRepeatedBytes-
#49873	NEW    cov: 3439 ft: 10049 corp: 504/929Kb lim: 2613 exec/s: 12468 rss: 412Mb L: 2613/2613 MS: 1 ChangeByte-
#50024	REDUCE cov: 3439 ft: 10049 corp: 504/929Kb lim: 2613 exec/s: 12506 rss: 412Mb L: 2503/2613 MS: 1 EraseBytes-
#50165	NEW    cov: 3440 ft: 10050 corp: 505/931Kb lim: 2613 exec/s: 12541 rss: 412Mb L: 1615/2613 MS: 1 PersAutoDict- DE: "4\000\000\000"-
#50208	REDUCE cov: 3440 ft: 10050 corp: 505/931Kb lim: 2613 exec/s: 12552 rss: 412Mb L: 577/2613 MS: 3 InsertByte-CopyPart-EraseBytes-
#50399	NEW    cov: 3442 ft: 10055 corp: 506/933Kb lim: 2613 exec/s: 12599 rss: 412Mb L: 2426/2613 MS: 1 ChangeBit-
#50499	REDUCE cov: 3442 ft: 10055 corp: 506/933Kb lim: 2613 exec/s: 12624 rss: 412Mb L: 989/2613 MS: 5 ChangeBit-CopyPart-CMP-ChangeByte-EraseBytes- DE: "\223|,I"-
#50575	NEW    cov: 3442 ft: 10056 corp: 507/935Kb lim: 2613 exec/s: 12643 rss: 412Mb L: 1986/2613 MS: 1 ChangeBinInt-
#50625	REDUCE cov: 3442 ft: 10056 corp: 507/935Kb lim: 2613 exec/s: 12656 rss: 412Mb L: 1381/2613 MS: 5 CrossOver-InsertByte-ChangeASCIIInt-ShuffleBytes-EraseBytes-
#50996	NEW    cov: 3442 ft: 10057 corp: 508/937Kb lim: 2613 exec/s: 10199 rss: 412Mb L: 2006/2613 MS: 1 ShuffleBytes-
#51237	REDUCE cov: 3442 ft: 10057 corp: 508/936Kb lim: 2613 exec/s: 10247 rss: 412Mb L: 1172/2613 MS: 1 EraseBytes-
#51335	REDUCE cov: 3442 ft: 10058 corp: 509/938Kb lim: 2613 exec/s: 10267 rss: 412Mb L: 2573/2613 MS: 3 ChangeBit-PersAutoDict-CrossOver- DE: "\377\377\377\377\377\377\377\377"-
#51524	REDUCE cov: 3442 ft: 10058 corp: 509/938Kb lim: 2613 exec/s: 10304 rss: 412Mb L: 2401/2613 MS: 4 InsertRepeatedBytes-ChangeASCIIInt-ChangeByte-EraseBytes-
#51696	NEW    cov: 3442 ft: 10059 corp: 510/940Kb lim: 2613 exec/s: 10339 rss: 412Mb L: 1945/2613 MS: 2 InsertRepeatedBytes-EraseBytes-
#52030	REDUCE cov: 3442 ft: 10059 corp: 510/940Kb lim: 2613 exec/s: 10406 rss: 412Mb L: 1815/2613 MS: 4 ChangeBit-InsertByte-ChangeASCIIInt-EraseBytes-
#52039	REDUCE cov: 3442 ft: 10059 corp: 510/940Kb lim: 2613 exec/s: 10407 rss: 412Mb L: 1026/2613 MS: 4 ChangeBinInt-InsertByte-ChangeASCIIInt-EraseBytes-
#52210	REDUCE cov: 3442 ft: 10059 corp: 510/940Kb lim: 2613 exec/s: 10442 rss: 412Mb L: 2204/2613 MS: 1 EraseBytes-
#52432	REDUCE cov: 3442 ft: 10059 corp: 510/940Kb lim: 2613 exec/s: 10486 rss: 412Mb L: 1145/2613 MS: 2 ChangeBit-EraseBytes-
#52449	REDUCE cov: 3442 ft: 10059 corp: 510/940Kb lim: 2613 exec/s: 10489 rss: 412Mb L: 2273/2613 MS: 2 InsertRepeatedBytes-EraseBytes-
#52482	REDUCE cov: 3442 ft: 10059 corp: 510/940Kb lim: 2613 exec/s: 10496 rss: 412Mb L: 2294/2613 MS: 3 ShuffleBytes-ChangeBinInt-EraseBytes-
#52593	NEW    cov: 3442 ft: 10061 corp: 511/942Kb lim: 2613 exec/s: 10518 rss: 412Mb L: 2434/2613 MS: 1 ChangeBit-
#52609	NEW    cov: 3442 ft: 10070 corp: 512/943Kb lim: 2613 exec/s: 10521 rss: 412Mb L: 1068/2613 MS: 1 EraseBytes-
#52720	REDUCE cov: 3442 ft: 10070 corp: 512/943Kb lim: 2613 exec/s: 10544 rss: 412Mb L: 105/2613 MS: 1 EraseBytes-
#53035	REDUCE cov: 3442 ft: 10070 corp: 512/943Kb lim: 2613 exec/s: 10607 rss: 412Mb L: 1257/2613 MS: 5 ChangeByte-PersAutoDict-InsertByte-EraseBytes-CopyPart- DE: "\223|,I"-
#53158	REDUCE cov: 3442 ft: 10070 corp: 512/943Kb lim: 2613 exec/s: 10631 rss: 412Mb L: 138/2613 MS: 3 InsertByte-ChangeBinInt-EraseBytes-
#53215	NEW    cov: 3442 ft: 10071 corp: 513/945Kb lim: 2613 exec/s: 10643 rss: 412Mb L: 1982/2613 MS: 2 ChangeBit-ChangeBinInt-
#53227	REDUCE cov: 3442 ft: 10071 corp: 513/945Kb lim: 2613 exec/s: 10645 rss: 412Mb L: 1535/2613 MS: 2 ChangeBinInt-EraseBytes-
#53244	NEW    cov: 3442 ft: 10074 corp: 514/947Kb lim: 2613 exec/s: 10648 rss: 412Mb L: 1986/2613 MS: 2 ChangeBinInt-ChangeASCIIInt-
#53326	REDUCE cov: 3442 ft: 10077 corp: 515/949Kb lim: 2613 exec/s: 10665 rss: 412Mb L: 2498/2613 MS: 2 ChangeBinInt-CopyPart-
#53424	REDUCE cov: 3442 ft: 10077 corp: 515/949Kb lim: 2613 exec/s: 10684 rss: 412Mb L: 455/2613 MS: 3 CrossOver-InsertRepeatedBytes-CrossOver-
#53670	NEW    cov: 3442 ft: 10078 corp: 516/950Kb lim: 2613 exec/s: 10734 rss: 412Mb L: 1619/2613 MS: 1 ChangeBinInt-
#54066	REDUCE cov: 3442 ft: 10078 corp: 516/950Kb lim: 2613 exec/s: 10813 rss: 412Mb L: 88/2613 MS: 1 EraseBytes-
#54134	REDUCE cov: 3442 ft: 10078 corp: 516/950Kb lim: 2613 exec/s: 10826 rss: 412Mb L: 1332/2613 MS: 3 CMP-ShuffleBytes-EraseBytes- DE: "\300\257\006Q"-
#54470	REDUCE cov: 3442 ft: 10078 corp: 516/950Kb lim: 2613 exec/s: 10894 rss: 412Mb L: 349/2613 MS: 1 CrossOver-
#54656	NEW    cov: 3442 ft: 10079 corp: 517/952Kb lim: 2613 exec/s: 10931 rss: 412Mb L: 1986/2613 MS: 1 ChangeBinInt-
#54820	REDUCE cov: 3442 ft: 10079 corp: 517/952Kb lim: 2613 exec/s: 10964 rss: 413Mb L: 1052/2613 MS: 4 CrossOver-CMP-ChangeASCIIInt-EraseBytes- DE: "\377\377\377l"-
#54991	REDUCE cov: 3442 ft: 10079 corp: 517/952Kb lim: 2613 exec/s: 10998 rss: 413Mb L: 903/2613 MS: 1 EraseBytes-
#55196	REDUCE cov: 3442 ft: 10079 corp: 517/952Kb lim: 2613 exec/s: 11039 rss: 413Mb L: 2467/2613 MS: 5 ChangeASCIIInt-ShuffleBytes-InsertRepeatedBytes-ShuffleBytes-EraseBytes-
#55227	NEW    cov: 3442 ft: 10087 corp: 518/954Kb lim: 2613 exec/s: 11045 rss: 413Mb L: 1986/2613 MS: 1 ChangeBinInt-
#55250	NEW    cov: 3442 ft: 10090 corp: 519/956Kb lim: 2613 exec/s: 11050 rss: 413Mb L: 2434/2613 MS: 3 ChangeBinInt-ChangeASCIIInt-PersAutoDict- DE: "!\355\336\252"-
#55262	REDUCE cov: 3442 ft: 10090 corp: 519/956Kb lim: 2613 exec/s: 11052 rss: 413Mb L: 2597/2613 MS: 2 PersAutoDict-EraseBytes- DE: "\007\000\000\000\000\000\000\000"-
#55304	REDUCE cov: 3442 ft: 10090 corp: 519/956Kb lim: 2613 exec/s: 11060 rss: 413Mb L: 161/2613 MS: 2 ShuffleBytes-EraseBytes-
#55345	REDUCE cov: 3442 ft: 10090 corp: 519/956Kb lim: 2613 exec/s: 11069 rss: 413Mb L: 170/2613 MS: 1 EraseBytes-
#55551	REDUCE cov: 3442 ft: 10090 corp: 519/956Kb lim: 2613 exec/s: 11110 rss: 413Mb L: 1585/2613 MS: 1 EraseBytes-
#55593	REDUCE cov: 3442 ft: 10090 corp: 519/956Kb lim: 2613 exec/s: 11118 rss: 413Mb L: 2089/2613 MS: 2 ChangeByte-EraseBytes-
#55691	NEW    cov: 3442 ft: 10091 corp: 520/958Kb lim: 2613 exec/s: 11138 rss: 413Mb L: 1982/2613 MS: 3 ChangeBit-ChangeBit-ShuffleBytes-
#55761	NEW    cov: 3442 ft: 10092 corp: 521/960Kb lim: 2613 exec/s: 11152 rss: 414Mb L: 2556/2613 MS: 5 CMP-CrossOver-ChangeByte-PersAutoDict-ChangeBit- DE: "PK\005\006"-"\013\004\003K"-
#56037	REDUCE cov: 3442 ft: 10092 corp: 521/960Kb lim: 2613 exec/s: 11207 rss: 414Mb L: 2414/2613 MS: 1 EraseBytes-
#56129	REDUCE cov: 3442 ft: 10092 corp: 521/960Kb lim: 2613 exec/s: 11225 rss: 414Mb L: 203/2613 MS: 2 ChangeBinInt-EraseBytes-
#56181	REDUCE cov: 3442 ft: 10092 corp: 521/960Kb lim: 2613 exec/s: 11236 rss: 414Mb L: 1043/2613 MS: 2 CopyPart-EraseBytes-
#56518	REDUCE cov: 3442 ft: 10094 corp: 522/962Kb lim: 2613 exec/s: 11303 rss: 414Mb L: 2324/2613 MS: 2 InsertByte-CopyPart-
#56539	REDUCE cov: 3442 ft: 10094 corp: 522/962Kb lim: 2613 exec/s: 11307 rss: 414Mb L: 1192/2613 MS: 1 EraseBytes-
#56651	REDUCE cov: 3442 ft: 10094 corp: 522/962Kb lim: 2613 exec/s: 11330 rss: 414Mb L: 317/2613 MS: 2 ChangeASCIIInt-EraseBytes-
#56824	REDUCE cov: 3442 ft: 10094 corp: 522/962Kb lim: 2613 exec/s: 11364 rss: 414Mb L: 134/2613 MS: 3 ChangeBinInt-ChangeByte-EraseBytes-
#56830	NEW    cov: 3442 ft: 10095 corp: 523/964Kb lim: 2613 exec/s: 11366 rss: 414Mb L: 1986/2613 MS: 1 PersAutoDict- DE: "`tne"-
#56983	REDUCE cov: 3442 ft: 10095 corp: 523/964Kb lim: 2613 exec/s: 11396 rss: 414Mb L: 107/2613 MS: 3 InsertByte-ShuffleBytes-EraseBytes-
#57048	REDUCE cov: 3442 ft: 10095 corp: 523/964Kb lim: 2613 exec/s: 11409 rss: 414Mb L: 955/2613 MS: 5 InsertRepeatedBytes-ChangeBinInt-PersAutoDict-ChangeBit-EraseBytes- DE: "\001\000\000\000\000\000\000\000"-
#57059	NEW    cov: 3442 ft: 10121 corp: 524/966Kb lim: 2613 exec/s: 11411 rss: 414Mb L: 1982/2613 MS: 1 ChangeByte-
#57090	REDUCE cov: 3442 ft: 10121 corp: 524/966Kb lim: 2613 exec/s: 11418 rss: 414Mb L: 891/2613 MS: 1 EraseBytes-
#57251	NEW    cov: 3442 ft: 10126 corp: 525/968Kb lim: 2613 exec/s: 11450 rss: 415Mb L: 1985/2613 MS: 1 ChangeBit-
#57524	REDUCE cov: 3442 ft: 10126 corp: 525/968Kb lim: 2613 exec/s: 11504 rss: 415Mb L: 1680/2613 MS: 3 ChangeByte-ChangeBinInt-EraseBytes-
#57917	REDUCE cov: 3442 ft: 10126 corp: 525/968Kb lim: 2613 exec/s: 11583 rss: 415Mb L: 2068/2613 MS: 3 PersAutoDict-CMP-EraseBytes- DE: "!\355\336\252"-"\255lmx"-
#57993	NEW    cov: 3445 ft: 10130 corp: 526/970Kb lim: 2613 exec/s: 11598 rss: 415Mb L: 2426/2613 MS: 1 ChangeBit-
#57995	REDUCE cov: 3445 ft: 10130 corp: 526/970Kb lim: 2613 exec/s: 11599 rss: 415Mb L: 2073/2613 MS: 2 CMP-EraseBytes- DE: "0\000\000\000\000\000\000\000"-
#58158	REDUCE cov: 3445 ft: 10130 corp: 526/970Kb lim: 2613 exec/s: 11631 rss: 415Mb L: 225/2613 MS: 3 ShuffleBytes-ChangeByte-EraseBytes-
#58230	REDUCE cov: 3445 ft: 10130 corp: 526/970Kb lim: 2613 exec/s: 11646 rss: 416Mb L: 1041/2613 MS: 2 ChangeBinInt-EraseBytes-
#58521	REDUCE cov: 3445 ft: 10130 corp: 526/970Kb lim: 2613 exec/s: 11704 rss: 418Mb L: 41/2613 MS: 1 EraseBytes-
	NEW_FUNC[1/1]: 0x000105eb8ddc in _RINvMNtNtCsiM9RhRMGE50_3zip12extra_fields4ntfsNtB3_4Ntfs15try_from_readerINtNtNtCs7oq3hgLOR5a_4core2io6cursor6CursorRShEEB7_+0x0 (fuzz_zip:arm64+0x10183cddc)
#58924	NEW    cov: 3450 ft: 10135 corp: 527/972Kb lim: 2613 exec/s: 11784 rss: 419Mb L: 2352/2613 MS: 3 InsertByte-ChangeByte-CMP- DE: "\177\000\000\000\000\000\000\001"-
#59372	REDUCE cov: 3450 ft: 10135 corp: 527/972Kb lim: 2613 exec/s: 11874 rss: 419Mb L: 2010/2613 MS: 3 ChangeASCIIInt-InsertRepeatedBytes-EraseBytes-
#59398	NEW    cov: 3450 ft: 10137 corp: 528/974Kb lim: 2613 exec/s: 11879 rss: 419Mb L: 2516/2613 MS: 1 CrossOver-
#59455	REDUCE cov: 3450 ft: 10137 corp: 528/974Kb lim: 2613 exec/s: 11891 rss: 419Mb L: 2272/2613 MS: 2 ShuffleBytes-EraseBytes-
#59476	REDUCE cov: 3450 ft: 10137 corp: 528/974Kb lim: 2613 exec/s: 11895 rss: 419Mb L: 169/2613 MS: 1 EraseBytes-
#59755	REDUCE cov: 3450 ft: 10137 corp: 528/974Kb lim: 2613 exec/s: 11951 rss: 419Mb L: 1760/2613 MS: 4 PersAutoDict-EraseBytes-InsertRepeatedBytes-CopyPart- DE: "\001\000\000\000\000\000\001%"-
#60032	REDUCE cov: 3450 ft: 10138 corp: 529/976Kb lim: 2613 exec/s: 12006 rss: 421Mb L: 1997/2613 MS: 2 ChangeASCIIInt-InsertByte-
#60106	REDUCE cov: 3450 ft: 10201 corp: 530/978Kb lim: 2613 exec/s: 12021 rss: 423Mb L: 2071/2613 MS: 4 CMP-ChangeBinInt-ShuffleBytes-CopyPart- DE: "\377\377\377\305"-
#60155	REDUCE cov: 3450 ft: 10201 corp: 530/978Kb lim: 2613 exec/s: 12031 rss: 423Mb L: 2520/2613 MS: 4 ChangeASCIIInt-ChangeByte-CMP-EraseBytes- DE: "\377\377\377\377"-
#60252	REDUCE cov: 3450 ft: 10201 corp: 530/978Kb lim: 2613 exec/s: 12050 rss: 430Mb L: 2053/2613 MS: 2 PersAutoDict-EraseBytes- DE: "\011\000\000\000\000\000\000\000"-
#60813	NEW    cov: 3450 ft: 10203 corp: 531/980Kb lim: 2613 exec/s: 12162 rss: 432Mb L: 1986/2613 MS: 1 PersAutoDict- DE: "\001\004\000\000\000\000\000\000"-
#60821	REDUCE cov: 3450 ft: 10203 corp: 531/979Kb lim: 2613 exec/s: 12164 rss: 432Mb L: 1783/2613 MS: 3 CMP-CrossOver-EraseBytes- DE: "\001\004\000\000\000\000\000\000"-
#60988	REDUCE cov: 3450 ft: 10203 corp: 531/979Kb lim: 2613 exec/s: 12197 rss: 432Mb L: 83/2613 MS: 2 ShuffleBytes-EraseBytes-
#60994	REDUCE cov: 3450 ft: 10203 corp: 531/979Kb lim: 2613 exec/s: 12198 rss: 432Mb L: 1160/2613 MS: 1 EraseBytes-
#61103	REDUCE cov: 3450 ft: 10204 corp: 532/982Kb lim: 2613 exec/s: 12220 rss: 432Mb L: 2499/2613 MS: 4 ChangeByte-InsertByte-EraseBytes-CopyPart-
#61294	REDUCE cov: 3450 ft: 10204 corp: 532/981Kb lim: 2613 exec/s: 12258 rss: 432Mb L: 2330/2613 MS: 1 EraseBytes-
#61516	REDUCE cov: 3450 ft: 10204 corp: 532/981Kb lim: 2613 exec/s: 12303 rss: 432Mb L: 2064/2613 MS: 2 ChangeASCIIInt-EraseBytes-
#61762	NEW    cov: 3450 ft: 10206 corp: 533/983Kb lim: 2613 exec/s: 12352 rss: 432Mb L: 1985/2613 MS: 1 ChangeASCIIInt-
#61815	REDUCE cov: 3450 ft: 10206 corp: 533/983Kb lim: 2613 exec/s: 12363 rss: 432Mb L: 1277/2613 MS: 3 ShuffleBytes-ShuffleBytes-EraseBytes-
#62537	REDUCE cov: 3450 ft: 10206 corp: 533/983Kb lim: 2613 exec/s: 10422 rss: 432Mb L: 1036/2613 MS: 2 CMP-EraseBytes- DE: "\000\000\000\000"-
#62548	NEW    cov: 3450 ft: 10210 corp: 534/985Kb lim: 2613 exec/s: 10424 rss: 432Mb L: 1985/2613 MS: 1 ShuffleBytes-
#62641	REDUCE cov: 3450 ft: 10210 corp: 534/985Kb lim: 2613 exec/s: 10440 rss: 432Mb L: 1113/2613 MS: 3 CMP-InsertByte-EraseBytes- DE: "?\000\000\000\000\000\000\000"-
#62662	REDUCE cov: 3450 ft: 10210 corp: 534/985Kb lim: 2613 exec/s: 10443 rss: 432Mb L: 34/2613 MS: 1 EraseBytes-
#62748	REDUCE cov: 3450 ft: 10210 corp: 534/985Kb lim: 2613 exec/s: 10458 rss: 432Mb L: 2283/2613 MS: 1 EraseBytes-
#62794	NEW    cov: 3450 ft: 10211 corp: 535/987Kb lim: 2613 exec/s: 10465 rss: 432Mb L: 1985/2613 MS: 1 ShuffleBytes-
#62830	REDUCE cov: 3450 ft: 10211 corp: 535/987Kb lim: 2613 exec/s: 10471 rss: 432Mb L: 242/2613 MS: 1 EraseBytes-
#62946	NEW    cov: 3450 ft: 10220 corp: 536/989Kb lim: 2613 exec/s: 10491 rss: 432Mb L: 1985/2613 MS: 1 PersAutoDict- DE: "U\370\343\306"-
#63083	REDUCE cov: 3450 ft: 10220 corp: 536/988Kb lim: 2613 exec/s: 10513 rss: 432Mb L: 1670/2613 MS: 2 CrossOver-EraseBytes-
#63476	REDUCE cov: 3450 ft: 10220 corp: 536/988Kb lim: 2613 exec/s: 10579 rss: 432Mb L: 132/2613 MS: 3 ShuffleBytes-ChangeBit-EraseBytes-
#63529	NEW    cov: 3450 ft: 10221 corp: 537/991Kb lim: 2613 exec/s: 10588 rss: 432Mb L: 2366/2613 MS: 3 PersAutoDict-ChangeASCIIInt-CopyPart- DE: "\003\001KP"-
#63722	REDUCE cov: 3450 ft: 10221 corp: 537/991Kb lim: 2613 exec/s: 10620 rss: 432Mb L: 1324/2613 MS: 3 ShuffleBytes-ChangeByte-EraseBytes-
#63765	NEW    cov: 3450 ft: 10265 corp: 538/993Kb lim: 2613 exec/s: 10627 rss: 432Mb L: 2006/2613 MS: 3 ShuffleBytes-ChangeBit-ChangeBinInt-
#63907	NEW    cov: 3450 ft: 10266 corp: 539/995Kb lim: 2613 exec/s: 10651 rss: 432Mb L: 2516/2613 MS: 2 ChangeASCIIInt-ShuffleBytes-
#64028	REDUCE cov: 3450 ft: 10266 corp: 539/995Kb lim: 2613 exec/s: 10671 rss: 432Mb L: 2248/2613 MS: 1 EraseBytes-
#64032	NEW    cov: 3450 ft: 10271 corp: 540/997Kb lim: 2613 exec/s: 10672 rss: 434Mb L: 2493/2613 MS: 4 ShuffleBytes-CrossOver-InsertByte-CopyPart-
#64150	REDUCE cov: 3450 ft: 10271 corp: 540/997Kb lim: 2613 exec/s: 10691 rss: 435Mb L: 1311/2613 MS: 3 ShuffleBytes-ChangeBit-CrossOver-
#64257	REDUCE cov: 3450 ft: 10271 corp: 540/997Kb lim: 2613 exec/s: 10709 rss: 435Mb L: 2243/2613 MS: 2 InsertByte-EraseBytes-
#64285	REDUCE cov: 3450 ft: 10271 corp: 540/997Kb lim: 2613 exec/s: 10714 rss: 435Mb L: 52/2613 MS: 3 CopyPart-ChangeBit-EraseBytes-
#64290	REDUCE cov: 3450 ft: 10271 corp: 540/996Kb lim: 2613 exec/s: 10715 rss: 435Mb L: 1574/2613 MS: 5 CrossOver-ChangeASCIIInt-ChangeBit-InsertRepeatedBytes-EraseBytes-
#64458	REDUCE cov: 3450 ft: 10271 corp: 540/996Kb lim: 2613 exec/s: 10743 rss: 435Mb L: 117/2613 MS: 3 ChangeASCIIInt-ShuffleBytes-EraseBytes-
#64549	REDUCE cov: 3450 ft: 10271 corp: 540/996Kb lim: 2613 exec/s: 10758 rss: 435Mb L: 1882/2613 MS: 1 EraseBytes-
#65115	NEW    cov: 3450 ft: 10274 corp: 541/998Kb lim: 2613 exec/s: 10852 rss: 435Mb L: 1987/2613 MS: 1 ChangeBinInt-
#65536	pulse  cov: 3450 ft: 10274 corp: 541/998Kb lim: 2613 exec/s: 10922 rss: 435Mb
#65551	REDUCE cov: 3450 ft: 10274 corp: 541/997Kb lim: 2613 exec/s: 10925 rss: 435Mb L: 1130/2613 MS: 1 EraseBytes-
#65592	NEW    cov: 3450 ft: 10280 corp: 542/999Kb lim: 2613 exec/s: 10932 rss: 435Mb L: 1985/2613 MS: 1 ChangeBit-
#65663	REDUCE cov: 3450 ft: 10280 corp: 542/999Kb lim: 2613 exec/s: 10943 rss: 435Mb L: 1651/2613 MS: 1 EraseBytes-
#65762	REDUCE cov: 3450 ft: 10280 corp: 542/999Kb lim: 2613 exec/s: 10960 rss: 435Mb L: 2429/2613 MS: 4 CopyPart-ShuffleBytes-CrossOver-EraseBytes-
	NEW_FUNC[1/1]: 0x000105ee5a8c in _RNvXs1i_NtCs7oq3hgLOR5a_4core3fmtRNtNtNtB8_2io5error5ErrorNtB6_7Display3fmtCsiM9RhRMGE50_3zip+0x0 (fuzz_zip:arm64+0x101869a8c)
#65798	REDUCE cov: 3456 ft: 10299 corp: 543/1001Kb lim: 2613 exec/s: 10966 rss: 435Mb L: 2283/2613 MS: 1 CopyPart-
#65803	REDUCE cov: 3456 ft: 10299 corp: 543/1001Kb lim: 2613 exec/s: 10967 rss: 435Mb L: 2189/2613 MS: 5 ChangeBit-CMP-CMP-ChangeASCIIInt-CrossOver- DE: "\377\377\377\377\377\377\377j"-"\377\377"-
#65816	REDUCE cov: 3456 ft: 10299 corp: 543/1001Kb lim: 2613 exec/s: 10969 rss: 435Mb L: 2155/2613 MS: 3 ChangeASCIIInt-PersAutoDict-EraseBytes- DE: "\377\377\004\314"-
#65974	REDUCE cov: 3456 ft: 10299 corp: 543/1001Kb lim: 2613 exec/s: 10995 rss: 435Mb L: 2045/2613 MS: 3 ChangeBinInt-CrossOver-EraseBytes-
#66122	NEW    cov: 3456 ft: 10300 corp: 544/1003Kb lim: 2613 exec/s: 11020 rss: 435Mb L: 1949/2613 MS: 3 ChangeBit-ChangeASCIIInt-ShuffleBytes-
#66365	REDUCE cov: 3456 ft: 10300 corp: 544/1003Kb lim: 2613 exec/s: 11060 rss: 435Mb L: 822/2613 MS: 3 PersAutoDict-PersAutoDict-EraseBytes- DE: "mt.x"-"\000\000\000\000\000\000\000\000"-
#66411	REDUCE cov: 3456 ft: 10300 corp: 544/1003Kb lim: 2613 exec/s: 11068 rss: 435Mb L: 2085/2613 MS: 1 EraseBytes-
#66452	REDUCE cov: 3456 ft: 10300 corp: 544/1003Kb lim: 2613 exec/s: 11075 rss: 435Mb L: 2204/2613 MS: 1 EraseBytes-
#66485	REDUCE cov: 3456 ft: 10300 corp: 544/1002Kb lim: 2613 exec/s: 11080 rss: 435Mb L: 1431/2613 MS: 3 ChangeBit-InsertByte-EraseBytes-
#66521	REDUCE cov: 3456 ft: 10300 corp: 544/1002Kb lim: 2613 exec/s: 11086 rss: 435Mb L: 2102/2613 MS: 1 EraseBytes-
#66620	REDUCE cov: 3456 ft: 10300 corp: 544/1002Kb lim: 2613 exec/s: 11103 rss: 435Mb L: 1927/2613 MS: 4 ShuffleBytes-CrossOver-CMP-EraseBytes- DE: "\356\344\342\371.`\000\000"-
#66776	NEW    cov: 3456 ft: 10303 corp: 545/1004Kb lim: 2613 exec/s: 11129 rss: 436Mb L: 1420/2613 MS: 1 CopyPart-
#66922	NEW    cov: 3459 ft: 10306 corp: 546/1005Kb lim: 2613 exec/s: 11153 rss: 436Mb L: 1986/2613 MS: 1 ShuffleBytes-
#67203	NEW    cov: 3459 ft: 10307 corp: 547/1008Kb lim: 2613 exec/s: 11200 rss: 437Mb L: 2613/2613 MS: 1 ShuffleBytes-
#67329	NEW    cov: 3459 ft: 10308 corp: 548/1010Kb lim: 2613 exec/s: 11221 rss: 437Mb L: 1623/2613 MS: 1 PersAutoDict- DE: "\177\377\377\377\377\377\377\377"-
#67345	NEW    cov: 3459 ft: 10311 corp: 549/1011Kb lim: 2613 exec/s: 11224 rss: 437Mb L: 1619/2613 MS: 1 ChangeByte-
#67499	REDUCE cov: 3459 ft: 10311 corp: 549/1011Kb lim: 2613 exec/s: 11249 rss: 437Mb L: 2070/2613 MS: 4 ShuffleBytes-InsertByte-PersAutoDict-EraseBytes- DE: "\377\377\377l"-
#67811	NEW    cov: 3459 ft: 10312 corp: 550/1014Kb lim: 2613 exec/s: 11301 rss: 437Mb L: 2561/2613 MS: 2 ChangeByte-PersAutoDict- DE: "PK\005\006"-
#67935	REDUCE cov: 3459 ft: 10312 corp: 550/1014Kb lim: 2613 exec/s: 11322 rss: 437Mb L: 1768/2613 MS: 4 ChangeBinInt-ChangeBit-CopyPart-EraseBytes-
#67942	REDUCE cov: 3459 ft: 10312 corp: 550/1014Kb lim: 2613 exec/s: 11323 rss: 437Mb L: 1433/2613 MS: 2 ShuffleBytes-EraseBytes-
#68015	NEW    cov: 3459 ft: 10313 corp: 551/1016Kb lim: 2613 exec/s: 11335 rss: 437Mb L: 2587/2613 MS: 3 CrossOver-InsertRepeatedBytes-CrossOver-
#68182	REDUCE cov: 3459 ft: 10313 corp: 551/1016Kb lim: 2613 exec/s: 11363 rss: 437Mb L: 808/2613 MS: 2 CMP-EraseBytes- DE: "\000\000\000\000\000\000\000\256"-
#68384	REDUCE cov: 3459 ft: 10313 corp: 551/1016Kb lim: 2613 exec/s: 11397 rss: 437Mb L: 775/2613 MS: 2 InsertByte-EraseBytes-
#68428	REDUCE cov: 3459 ft: 10313 corp: 551/1016Kb lim: 2613 exec/s: 11404 rss: 437Mb L: 1608/2613 MS: 4 CMP-ChangeBit-InsertRepeatedBytes-EraseBytes- DE: ">N\023u"-
#68515	REDUCE cov: 3459 ft: 10313 corp: 551/1016Kb lim: 2613 exec/s: 11419 rss: 437Mb L: 1120/2613 MS: 2 ChangeByte-EraseBytes-
#68933	REDUCE cov: 3459 ft: 10313 corp: 551/1016Kb lim: 2613 exec/s: 11488 rss: 437Mb L: 1120/2613 MS: 3 InsertByte-PersAutoDict-EraseBytes- DE: "\001\000\000\000\000\000\000\000"-
#69096	NEW    cov: 3459 ft: 10318 corp: 552/1018Kb lim: 2613 exec/s: 11516 rss: 437Mb L: 2561/2613 MS: 3 ChangeBinInt-EraseBytes-CrossOver-
#69112	REDUCE cov: 3459 ft: 10318 corp: 552/1018Kb lim: 2613 exec/s: 11518 rss: 437Mb L: 2435/2613 MS: 1 EraseBytes-
#69404	REDUCE cov: 3459 ft: 10318 corp: 552/1018Kb lim: 2613 exec/s: 11567 rss: 437Mb L: 285/2613 MS: 2 ChangeBit-EraseBytes-
#69413	REDUCE cov: 3459 ft: 10318 corp: 552/1018Kb lim: 2613 exec/s: 11568 rss: 437Mb L: 493/2613 MS: 4 ChangeByte-InsertByte-InsertRepeatedBytes-EraseBytes-
	NEW_FUNC[1/4]: 0x0001051a5b6c in _RNvMNtCsaadRk6yvHw6_6rsword4diagNtB2_8DiagCode6as_str+0x0 (fuzz_zip:arm64+0x100b29b6c)
	NEW_FUNC[2/4]: 0x000105b56b70 in _RNvXNtNtCsaadRk6yvHw6_6rsword3xml5parseNtB2_8XmlErrorNtNtCs7oq3hgLOR5a_4core3fmt7Display3fmt+0x0 (fuzz_zip:arm64+0x1014dab70)
#69424	NEW    cov: 3498 ft: 10486 corp: 553/1019Kb lim: 2613 exec/s: 11570 rss: 437Mb L: 1619/2613 MS: 1 CMP- DE: "8\000\000\000\000\000\000\000"-
#69657	REDUCE cov: 3498 ft: 10486 corp: 553/1019Kb lim: 2613 exec/s: 11609 rss: 437Mb L: 68/2613 MS: 3 PersAutoDict-InsertByte-EraseBytes- DE: "\377\377\377l"-
#69728	REDUCE cov: 3498 ft: 10486 corp: 553/1019Kb lim: 2613 exec/s: 11621 rss: 437Mb L: 2231/2613 MS: 1 EraseBytes-
#69841	REDUCE cov: 3498 ft: 10486 corp: 553/1019Kb lim: 2613 exec/s: 11640 rss: 437Mb L: 1043/2613 MS: 3 ChangeByte-InsertByte-EraseBytes-
#69872	NEW    cov: 3503 ft: 10491 corp: 554/1021Kb lim: 2613 exec/s: 11645 rss: 437Mb L: 1949/2613 MS: 1 PersAutoDict- DE: "\000\000\000\000"-
#69873	REDUCE cov: 3503 ft: 10492 corp: 555/1023Kb lim: 2613 exec/s: 11645 rss: 437Mb L: 2243/2613 MS: 1 CrossOver-
#69951	REDUCE cov: 3503 ft: 10492 corp: 555/1023Kb lim: 2613 exec/s: 11658 rss: 437Mb L: 48/2613 MS: 3 ChangeASCIIInt-PersAutoDict-EraseBytes- DE: "$\210"-
#69967	REDUCE cov: 3503 ft: 10492 corp: 555/1023Kb lim: 2613 exec/s: 11661 rss: 437Mb L: 1234/2613 MS: 1 EraseBytes-
#70244	REDUCE cov: 3503 ft: 10492 corp: 555/1023Kb lim: 2613 exec/s: 11707 rss: 437Mb L: 1941/2613 MS: 2 CopyPart-EraseBytes-
#70381	REDUCE cov: 3503 ft: 10493 corp: 556/1024Kb lim: 2613 exec/s: 11730 rss: 437Mb L: 1546/2613 MS: 2 InsertByte-EraseBytes-
	NEW_FUNC[1/1]: 0x000105eb77c8 in _RINvMNtNtCsiM9RhRMGE50_3zip12extra_fields26zip64_extended_informationNtB3_24Zip64ExtendedInformation5parseINtNtNtCs7oq3hgLOR5a_4core2io6cursor6CursorRShEEB7_+0x0 (fuzz_zip:arm64+0x10183b7c8)
#70497	NEW    cov: 3531 ft: 10520 corp: 557/1026Kb lim: 2613 exec/s: 11749 rss: 437Mb L: 2150/2613 MS: 1 CrossOver-
#70550	REDUCE cov: 3531 ft: 10520 corp: 557/1026Kb lim: 2613 exec/s: 11758 rss: 437Mb L: 23/2613 MS: 3 InsertByte-EraseBytes-CMP- DE: "tent"-
#70572	NEW    cov: 3531 ft: 10522 corp: 558/1028Kb lim: 2613 exec/s: 11762 rss: 437Mb L: 1985/2613 MS: 2 PersAutoDict-ChangeBinInt- DE: "\001\000\000\000\000\000\000\000"-
#70839	NEW    cov: 3531 ft: 10524 corp: 559/1031Kb lim: 2613 exec/s: 11806 rss: 437Mb L: 2384/2613 MS: 2 ChangeByte-CrossOver-
#70887	NEW    cov: 3531 ft: 10526 corp: 560/1033Kb lim: 2613 exec/s: 11814 rss: 437Mb L: 1949/2613 MS: 3 ChangeASCIIInt-ChangeBinInt-ChangeBinInt-
#71028	REDUCE cov: 3531 ft: 10526 corp: 560/1032Kb lim: 2613 exec/s: 11838 rss: 437Mb L: 1171/2613 MS: 1 EraseBytes-
#71121	NEW    cov: 3534 ft: 10620 corp: 561/1035Kb lim: 2613 exec/s: 11853 rss: 437Mb L: 2434/2613 MS: 3 ChangeByte-CrossOver-ChangeBinInt-
#71208	REDUCE cov: 3534 ft: 10620 corp: 561/1035Kb lim: 2613 exec/s: 11868 rss: 437Mb L: 941/2613 MS: 2 ShuffleBytes-EraseBytes-
#71273	REDUCE cov: 3534 ft: 10620 corp: 561/1035Kb lim: 2613 exec/s: 11878 rss: 437Mb L: 1248/2613 MS: 5 CrossOver-InsertRepeatedBytes-InsertByte-InsertByte-EraseBytes-
#71511	REDUCE cov: 3534 ft: 10624 corp: 562/1037Kb lim: 2613 exec/s: 11918 rss: 437Mb L: 2110/2613 MS: 3 ChangeBit-ShuffleBytes-PersAutoDict- DE: "\001\000\000\000\000\000\004\000"-
#71742	REDUCE cov: 3534 ft: 10624 corp: 562/1037Kb lim: 2613 exec/s: 11957 rss: 437Mb L: 2136/2613 MS: 1 EraseBytes-
#71783	NEW    cov: 3534 ft: 10681 corp: 563/1039Kb lim: 2613 exec/s: 11963 rss: 437Mb L: 2561/2613 MS: 1 CopyPart-
#71845	REDUCE cov: 3534 ft: 10681 corp: 563/1039Kb lim: 2613 exec/s: 11974 rss: 437Mb L: 295/2613 MS: 2 ChangeByte-EraseBytes-
#72493	REDUCE cov: 3534 ft: 10681 corp: 563/1039Kb lim: 2613 exec/s: 12082 rss: 437Mb L: 2279/2613 MS: 3 ChangeBinInt-InsertRepeatedBytes-EraseBytes-
#72510	REDUCE cov: 3534 ft: 10681 corp: 563/1039Kb lim: 2613 exec/s: 12085 rss: 437Mb L: 79/2613 MS: 2 ChangeByte-EraseBytes-
#72564	REDUCE cov: 3534 ft: 10681 corp: 563/1039Kb lim: 2613 exec/s: 12094 rss: 437Mb L: 2159/2613 MS: 4 EraseBytes-CMP-ShuffleBytes-CopyPart- DE: "\377\377\377\377"-
#72769	REDUCE cov: 3534 ft: 10681 corp: 563/1039Kb lim: 2613 exec/s: 12128 rss: 438Mb L: 1025/2613 MS: 5 ShuffleBytes-EraseBytes-CrossOver-CMP-CopyPart- DE: "mx.]"-
#72791	REDUCE cov: 3534 ft: 10681 corp: 563/1038Kb lim: 2613 exec/s: 12131 rss: 438Mb L: 89/2613 MS: 2 ShuffleBytes-EraseBytes-
#73145	REDUCE cov: 3534 ft: 10681 corp: 563/1038Kb lim: 2613 exec/s: 12190 rss: 438Mb L: 2229/2613 MS: 4 EraseBytes-CopyPart-InsertByte-CopyPart-
#73217	REDUCE cov: 3534 ft: 10681 corp: 563/1038Kb lim: 2613 exec/s: 10459 rss: 438Mb L: 17/2613 MS: 2 ShuffleBytes-EraseBytes-
#73308	REDUCE cov: 3534 ft: 10681 corp: 563/1038Kb lim: 2613 exec/s: 10472 rss: 438Mb L: 135/2613 MS: 1 EraseBytes-
#73725	NEW    cov: 3534 ft: 10682 corp: 564/1041Kb lim: 2613 exec/s: 10532 rss: 438Mb L: 2497/2613 MS: 2 ShuffleBytes-CopyPart-
#73983	REDUCE cov: 3534 ft: 10682 corp: 564/1041Kb lim: 2613 exec/s: 10569 rss: 438Mb L: 1134/2613 MS: 3 CopyPart-ChangeBit-EraseBytes-
#74263	NEW    cov: 3534 ft: 10698 corp: 565/1043Kb lim: 2613 exec/s: 10609 rss: 438Mb L: 2502/2613 MS: 5 ShuffleBytes-ChangeASCIIInt-EraseBytes-ChangeBit-CopyPart-
#74507	REDUCE cov: 3534 ft: 10698 corp: 565/1043Kb lim: 2613 exec/s: 10643 rss: 438Mb L: 1007/2613 MS: 4 InsertRepeatedBytes-ChangeBit-ShuffleBytes-EraseBytes-
#74581	REDUCE cov: 3534 ft: 10701 corp: 566/1045Kb lim: 2613 exec/s: 10654 rss: 438Mb L: 2101/2613 MS: 4 InsertByte-InsertRepeatedBytes-InsertByte-CrossOver-
#74692	NEW    cov: 3534 ft: 10702 corp: 567/1048Kb lim: 2613 exec/s: 10670 rss: 438Mb L: 2613/2613 MS: 1 ChangeBit-
#74748	REDUCE cov: 3534 ft: 10702 corp: 567/1048Kb lim: 2613 exec/s: 10678 rss: 438Mb L: 2380/2613 MS: 1 EraseBytes-
#74792	REDUCE cov: 3534 ft: 10702 corp: 567/1048Kb lim: 2613 exec/s: 10684 rss: 438Mb L: 2235/2613 MS: 4 InsertRepeatedBytes-CMP-CMP-EraseBytes- DE: "\000\000"-"\377\003\000\000\000\000\000\000"-
#75132	REDUCE cov: 3534 ft: 10702 corp: 567/1047Kb lim: 2613 exec/s: 10733 rss: 438Mb L: 1575/2613 MS: 5 ChangeBinInt-CrossOver-CopyPart-InsertRepeatedBytes-EraseBytes-
#75225	NEW    cov: 3536 ft: 10704 corp: 568/1050Kb lim: 2613 exec/s: 10746 rss: 438Mb L: 2434/2613 MS: 3 CopyPart-ChangeBinInt-PersAutoDict- DE: "\005\000\000\000\000\000\000\000"-
#75253	NEW    cov: 3536 ft: 10706 corp: 569/1052Kb lim: 2613 exec/s: 10750 rss: 438Mb L: 2458/2613 MS: 3 ShuffleBytes-ShuffleBytes-InsertRepeatedBytes-
#75265	NEW    cov: 3536 ft: 10709 corp: 570/1054Kb lim: 2613 exec/s: 10752 rss: 438Mb L: 2392/2613 MS: 2 ShuffleBytes-PersAutoDict- DE: "\001\000`.\371\343'\257"-
#75423	REDUCE cov: 3536 ft: 10709 corp: 570/1054Kb lim: 2613 exec/s: 10774 rss: 438Mb L: 1897/2613 MS: 3 ShuffleBytes-InsertRepeatedBytes-EraseBytes-
#75756	REDUCE cov: 3536 ft: 10709 corp: 570/1054Kb lim: 2613 exec/s: 10822 rss: 438Mb L: 1772/2613 MS: 3 ChangeBit-InsertRepeatedBytes-EraseBytes-
#75933	REDUCE cov: 3536 ft: 10709 corp: 570/1054Kb lim: 2613 exec/s: 10847 rss: 438Mb L: 2375/2613 MS: 2 InsertRepeatedBytes-EraseBytes-
#76088	REDUCE cov: 3536 ft: 10709 corp: 570/1054Kb lim: 2613 exec/s: 10869 rss: 438Mb L: 1191/2613 MS: 5 ChangeASCIIInt-ShuffleBytes-PersAutoDict-ChangeBinInt-EraseBytes- DE: "\265\000\000\000"-
#76220	REDUCE cov: 3536 ft: 10709 corp: 570/1054Kb lim: 2613 exec/s: 10888 rss: 438Mb L: 1836/2613 MS: 2 ChangeASCIIInt-EraseBytes-
#76268	REDUCE cov: 3536 ft: 10709 corp: 570/1054Kb lim: 2613 exec/s: 10895 rss: 438Mb L: 2065/2613 MS: 3 ShuffleBytes-CMP-EraseBytes- DE: "\001\000\000\000\000\000\000\012"-
#76372	REDUCE cov: 3536 ft: 10709 corp: 570/1054Kb lim: 2613 exec/s: 10910 rss: 438Mb L: 1553/2613 MS: 4 ChangeBit-InsertRepeatedBytes-ChangeASCIIInt-EraseBytes-
#76565	NEW    cov: 3536 ft: 10736 corp: 571/1056Kb lim: 2613 exec/s: 10937 rss: 438Mb L: 1989/2613 MS: 3 ChangeBit-CopyPart-EraseBytes-
#76581	REDUCE cov: 3536 ft: 10736 corp: 571/1056Kb lim: 2613 exec/s: 10940 rss: 438Mb L: 57/2613 MS: 1 EraseBytes-
#76584	REDUCE cov: 3536 ft: 10736 corp: 571/1056Kb lim: 2613 exec/s: 10940 rss: 438Mb L: 2031/2613 MS: 3 ChangeBit-InsertRepeatedBytes-EraseBytes-
#76902	REDUCE cov: 3536 ft: 10736 corp: 571/1056Kb lim: 2613 exec/s: 10986 rss: 438Mb L: 162/2613 MS: 3 ChangeBinInt-InsertRepeatedBytes-EraseBytes-
#76941	REDUCE cov: 3536 ft: 10736 corp: 571/1055Kb lim: 2613 exec/s: 10991 rss: 438Mb L: 1263/2613 MS: 4 CrossOver-EraseBytes-PersAutoDict-EraseBytes- DE: "\001\000\001\340"-
#77053	NEW    cov: 3536 ft: 10737 corp: 572/1058Kb lim: 2613 exec/s: 11007 rss: 438Mb L: 2426/2613 MS: 2 ChangeASCIIInt-CMP- DE: "\005\000\000\000\000\000\000\000"-
#77090	REDUCE cov: 3536 ft: 10737 corp: 572/1058Kb lim: 2613 exec/s: 11012 rss: 438Mb L: 32/2613 MS: 2 CopyPart-EraseBytes-
#77120	REDUCE cov: 3536 ft: 10737 corp: 572/1058Kb lim: 2613 exec/s: 11017 rss: 438Mb L: 2182/2613 MS: 5 ChangeASCIIInt-CrossOver-InsertRepeatedBytes-EraseBytes-CopyPart-
#77131	NEW    cov: 3537 ft: 10741 corp: 573/1059Kb lim: 2613 exec/s: 11018 rss: 438Mb L: 1986/2613 MS: 1 ChangeByte-
#77440	REDUCE cov: 3537 ft: 10741 corp: 573/1059Kb lim: 2613 exec/s: 11062 rss: 438Mb L: 1738/2613 MS: 4 ShuffleBytes-ChangeBit-ChangeASCIIInt-EraseBytes-
#77455	REDUCE cov: 3537 ft: 10742 corp: 574/1062Kb lim: 2613 exec/s: 11065 rss: 438Mb L: 2383/2613 MS: 5 CopyPart-InsertByte-ChangeBit-CopyPart-ChangeByte-
#77549	REDUCE cov: 3537 ft: 10742 corp: 574/1062Kb lim: 2613 exec/s: 11078 rss: 438Mb L: 1103/2613 MS: 4 ChangeBit-PersAutoDict-InsertRepeatedBytes-EraseBytes- DE: "*\000\000\000\000\000\000\000"-
#77616	REDUCE cov: 3537 ft: 10742 corp: 574/1062Kb lim: 2613 exec/s: 11088 rss: 438Mb L: 148/2613 MS: 2 InsertByte-EraseBytes-
#77742	REDUCE cov: 3537 ft: 10742 corp: 574/1061Kb lim: 2613 exec/s: 11106 rss: 438Mb L: 754/2613 MS: 1 EraseBytes-
#78040	NEW    cov: 3537 ft: 10761 corp: 575/1064Kb lim: 2613 exec/s: 11148 rss: 438Mb L: 2290/2613 MS: 3 InsertRepeatedBytes-ChangeByte-CopyPart-
#78125	REDUCE cov: 3537 ft: 10761 corp: 575/1064Kb lim: 2613 exec/s: 11160 rss: 438Mb L: 2415/2613 MS: 5 CrossOver-ChangeBinInt-PersAutoDict-CrossOver-EraseBytes- DE: "\373\000"-
#78148	REDUCE cov: 3537 ft: 10761 corp: 575/1064Kb lim: 2613 exec/s: 11164 rss: 438Mb L: 1095/2613 MS: 3 ShuffleBytes-PersAutoDict-EraseBytes- DE: "\223|,I"-
#78478	REDUCE cov: 3537 ft: 10761 corp: 575/1063Kb lim: 2613 exec/s: 11211 rss: 438Mb L: 684/2613 MS: 5 ChangeByte-CopyPart-CopyPart-ChangeByte-EraseBytes-
#78675	REDUCE cov: 3537 ft: 10761 corp: 575/1063Kb lim: 2613 exec/s: 11239 rss: 438Mb L: 2270/2613 MS: 2 InsertRepeatedBytes-EraseBytes-
#79116	REDUCE cov: 3537 ft: 10761 corp: 575/1063Kb lim: 2613 exec/s: 11302 rss: 438Mb L: 89/2613 MS: 1 EraseBytes-
#79151	REDUCE cov: 3537 ft: 10761 corp: 575/1063Kb lim: 2613 exec/s: 11307 rss: 438Mb L: 2435/2613 MS: 5 ShuffleBytes-ChangeBit-ShuffleBytes-InsertByte-EraseBytes-
#79175	NEW    cov: 3537 ft: 10762 corp: 576/1064Kb lim: 2613 exec/s: 11310 rss: 438Mb L: 1616/2613 MS: 4 InsertByte-ChangeByte-ChangeBit-CrossOver-
#79336	NEW    cov: 3539 ft: 10764 corp: 577/1067Kb lim: 2613 exec/s: 11333 rss: 438Mb L: 2595/2613 MS: 1 CopyPart-
#79450	REDUCE cov: 3539 ft: 10764 corp: 577/1067Kb lim: 2613 exec/s: 11350 rss: 438Mb L: 311/2613 MS: 4 EraseBytes-InsertRepeatedBytes-InsertByte-CopyPart-
#79612	REDUCE cov: 3539 ft: 10764 corp: 577/1067Kb lim: 2613 exec/s: 11373 rss: 438Mb L: 1978/2613 MS: 2 ChangeBit-EraseBytes-
#79613	NEW    cov: 3539 ft: 10769 corp: 578/1069Kb lim: 2613 exec/s: 11373 rss: 438Mb L: 2434/2613 MS: 1 ShuffleBytes-
#79869	REDUCE cov: 3539 ft: 10769 corp: 578/1069Kb lim: 2613 exec/s: 11409 rss: 439Mb L: 177/2613 MS: 1 EraseBytes-
#80005	NEW    cov: 3541 ft: 10771 corp: 579/1071Kb lim: 2613 exec/s: 11429 rss: 439Mb L: 1986/2613 MS: 1 ChangeByte-
#80307	REDUCE cov: 3541 ft: 10771 corp: 579/1071Kb lim: 2613 exec/s: 11472 rss: 439Mb L: 2223/2613 MS: 2 EraseBytes-InsertRepeatedBytes-
#80524	NEW    cov: 3541 ft: 10772 corp: 580/1073Kb lim: 2613 exec/s: 11503 rss: 439Mb L: 2291/2613 MS: 2 EraseBytes-PersAutoDict- DE: "\377\377\377\377\377\377\003\000"-
#80628	NEW    cov: 3541 ft: 10773 corp: 581/1076Kb lim: 2613 exec/s: 11518 rss: 439Mb L: 2597/2613 MS: 4 PersAutoDict-PersAutoDict-InsertByte-InsertByte- DE: "\373\000"-"\377\003\000\000\000\000\000\000"-
#80641	REDUCE cov: 3541 ft: 10773 corp: 581/1076Kb lim: 2613 exec/s: 11520 rss: 439Mb L: 419/2613 MS: 3 ChangeByte-InsertByte-EraseBytes-
#80701	REDUCE cov: 3541 ft: 10773 corp: 581/1076Kb lim: 2613 exec/s: 11528 rss: 439Mb L: 1231/2613 MS: 5 CopyPart-InsertByte-InsertByte-PersAutoDict-EraseBytes- DE: "\000\000\000\000"-
#80818	REDUCE cov: 3541 ft: 10784 corp: 582/1078Kb lim: 2613 exec/s: 11545 rss: 439Mb L: 2542/2613 MS: 2 EraseBytes-CrossOver-
#80872	NEW    cov: 3541 ft: 10794 corp: 583/1080Kb lim: 2613 exec/s: 11553 rss: 439Mb L: 1986/2613 MS: 4 ChangeByte-CMP-PersAutoDict-CMP- DE: "\377\377\377\377\377\377\377\020"-"\005\005KP"-"\177\000\000\000"-
#80989	REDUCE cov: 3541 ft: 10794 corp: 583/1080Kb lim: 2613 exec/s: 11569 rss: 439Mb L: 1662/2613 MS: 2 ChangeBit-EraseBytes-
#81121	REDUCE cov: 3541 ft: 10794 corp: 583/1080Kb lim: 2613 exec/s: 11588 rss: 439Mb L: 2239/2613 MS: 2 ChangeASCIIInt-EraseBytes-
#81368	REDUCE cov: 3541 ft: 10794 corp: 583/1080Kb lim: 2613 exec/s: 11624 rss: 440Mb L: 97/2613 MS: 2 PersAutoDict-EraseBytes- DE: ">N\023u"-
#81814	REDUCE cov: 3541 ft: 10794 corp: 583/1080Kb lim: 2613 exec/s: 11687 rss: 442Mb L: 118/2613 MS: 1 EraseBytes-
#81862	REDUCE cov: 3541 ft: 10794 corp: 583/1079Kb lim: 2613 exec/s: 11694 rss: 442Mb L: 2006/2613 MS: 3 CrossOver-ChangeByte-EraseBytes-
#82239	REDUCE cov: 3541 ft: 10796 corp: 584/1082Kb lim: 2613 exec/s: 11748 rss: 442Mb L: 2487/2613 MS: 2 ChangeASCIIInt-CopyPart-
#82310	NEW    cov: 3541 ft: 10797 corp: 585/1084Kb lim: 2613 exec/s: 11758 rss: 442Mb L: 1986/2613 MS: 1 ChangeByte-
#82634	NEW    cov: 3541 ft: 10800 corp: 586/1086Kb lim: 2613 exec/s: 11804 rss: 442Mb L: 2604/2613 MS: 4 InsertByte-ShuffleBytes-PersAutoDict-CopyPart- DE: "\001\000\000\000\000\000\001%"-
#82790	REDUCE cov: 3541 ft: 10800 corp: 586/1086Kb lim: 2613 exec/s: 11827 rss: 442Mb L: 1999/2613 MS: 1 EraseBytes-
#82804	REDUCE cov: 3541 ft: 10800 corp: 586/1086Kb lim: 2613 exec/s: 11829 rss: 442Mb L: 84/2613 MS: 4 ChangeBit-ShuffleBytes-ChangeBinInt-EraseBytes-
#82887	REDUCE cov: 3541 ft: 10800 corp: 586/1086Kb lim: 2613 exec/s: 11841 rss: 442Mb L: 2080/2613 MS: 3 CopyPart-CrossOver-EraseBytes-
#83060	NEW    cov: 3541 ft: 10805 corp: 587/1088Kb lim: 2613 exec/s: 11865 rss: 442Mb L: 2510/2613 MS: 3 ChangeByte-PersAutoDict-CMP- DE: "\003\000\000\000"-"\000\000\000\000\000\000\0003"-
#83285	REDUCE cov: 3541 ft: 10805 corp: 587/1088Kb lim: 2613 exec/s: 11897 rss: 442Mb L: 1900/2613 MS: 5 InsertRepeatedBytes-InsertByte-InsertRepeatedBytes-ChangeBit-EraseBytes-
#83756	REDUCE cov: 3541 ft: 10805 corp: 587/1088Kb lim: 2613 exec/s: 11965 rss: 442Mb L: 1077/2613 MS: 1 EraseBytes-
#83837	REDUCE cov: 3541 ft: 10805 corp: 587/1088Kb lim: 2613 exec/s: 11976 rss: 442Mb L: 1393/2613 MS: 1 EraseBytes-
#83881	REDUCE cov: 3541 ft: 10805 corp: 587/1087Kb lim: 2613 exec/s: 11983 rss: 442Mb L: 1703/2613 MS: 4 EraseBytes-ChangeASCIIInt-ChangeByte-EraseBytes-
#84161	REDUCE cov: 3541 ft: 10805 corp: 587/1087Kb lim: 2613 exec/s: 12023 rss: 442Mb L: 2074/2613 MS: 5 InsertRepeatedBytes-PersAutoDict-ShuffleBytes-CrossOver-EraseBytes- DE: "\377\377\377\377\377\377\003\000"-
#84370	REDUCE cov: 3541 ft: 10805 corp: 587/1087Kb lim: 2613 exec/s: 10546 rss: 442Mb L: 1475/2613 MS: 4 ChangeByte-PersAutoDict-ChangeBinInt-EraseBytes- DE: "\222'\031\365"-
#84616	REDUCE cov: 3541 ft: 10805 corp: 587/1087Kb lim: 2613 exec/s: 10577 rss: 442Mb L: 915/2613 MS: 1 EraseBytes-
#84704	NEW    cov: 3541 ft: 10806 corp: 588/1089Kb lim: 2613 exec/s: 10588 rss: 442Mb L: 2488/2613 MS: 3 ShuffleBytes-EraseBytes-CopyPart-
#84841	NEW    cov: 3541 ft: 10808 corp: 589/1091Kb lim: 2613 exec/s: 10605 rss: 442Mb L: 2290/2613 MS: 2 ChangeASCIIInt-ChangeBinInt-
#84972	REDUCE cov: 3541 ft: 10808 corp: 589/1091Kb lim: 2613 exec/s: 10621 rss: 442Mb L: 2031/2613 MS: 1 EraseBytes-
#85180	REDUCE cov: 3541 ft: 10808 corp: 589/1091Kb lim: 2613 exec/s: 10647 rss: 442Mb L: 1034/2613 MS: 3 ShuffleBytes-EraseBytes-InsertRepeatedBytes-
#85206	NEW    cov: 3541 ft: 10819 corp: 590/1093Kb lim: 2613 exec/s: 10650 rss: 442Mb L: 2006/2613 MS: 1 ChangeByte-
#85343	REDUCE cov: 3541 ft: 10819 corp: 590/1093Kb lim: 2613 exec/s: 10667 rss: 442Mb L: 191/2613 MS: 2 ChangeASCIIInt-EraseBytes-
#85398	REDUCE cov: 3541 ft: 10819 corp: 590/1093Kb lim: 2613 exec/s: 10674 rss: 442Mb L: 1259/2613 MS: 5 ShuffleBytes-CMP-InsertByte-PersAutoDict-EraseBytes- DE: "\377\377\001\262"-"4\000\000\000"-
#85900	REDUCE cov: 3541 ft: 10819 corp: 590/1093Kb lim: 2613 exec/s: 10737 rss: 442Mb L: 556/2613 MS: 2 ChangeBinInt-EraseBytes-
#86115	REDUCE cov: 3541 ft: 10821 corp: 591/1095Kb lim: 2613 exec/s: 10764 rss: 442Mb L: 2483/2613 MS: 5 CrossOver-EraseBytes-ShuffleBytes-CrossOver-CrossOver-
#86123	REDUCE cov: 3541 ft: 10821 corp: 591/1095Kb lim: 2613 exec/s: 10765 rss: 442Mb L: 1084/2613 MS: 3 EraseBytes-InsertByte-InsertRepeatedBytes-
#86222	REDUCE cov: 3541 ft: 10821 corp: 591/1095Kb lim: 2613 exec/s: 10777 rss: 442Mb L: 996/2613 MS: 4 ChangeBinInt-ChangeBinInt-ChangeBit-EraseBytes-
	NEW_FUNC[1/1]: 0x000105dd13a8 in _RNvXsb_NtCs7a5mATVz8u3_5alloc6borrowINtB5_3CoweENtNtCs7oq3hgLOR5a_4core3fmt7Display3fmtCsaadRk6yvHw6_6rsword+0x0 (fuzz_zip:arm64+0x1017553a8)
#86363	NEW    cov: 3560 ft: 10843 corp: 592/1096Kb lim: 2613 exec/s: 10795 rss: 442Mb L: 1986/2613 MS: 1 ChangeBit-
#86569	REDUCE cov: 3560 ft: 10843 corp: 592/1096Kb lim: 2613 exec/s: 10821 rss: 442Mb L: 2307/2613 MS: 1 EraseBytes-
#86592	REDUCE cov: 3560 ft: 10843 corp: 592/1096Kb lim: 2613 exec/s: 10824 rss: 442Mb L: 19/2613 MS: 3 ChangeBit-ChangeByte-EraseBytes-
#87193	REDUCE cov: 3560 ft: 10843 corp: 592/1096Kb lim: 2613 exec/s: 10899 rss: 442Mb L: 1924/2613 MS: 1 EraseBytes-
#87235	REDUCE cov: 3560 ft: 10843 corp: 592/1096Kb lim: 2613 exec/s: 10904 rss: 442Mb L: 2086/2613 MS: 2 CopyPart-EraseBytes-
#87384	REDUCE cov: 3560 ft: 10843 corp: 592/1096Kb lim: 2613 exec/s: 10923 rss: 442Mb L: 1975/2613 MS: 4 InsertByte-ShuffleBytes-CMP-EraseBytes- DE: "\012-qv"-
#87670	REDUCE cov: 3560 ft: 10843 corp: 592/1096Kb lim: 2613 exec/s: 10958 rss: 442Mb L: 896/2613 MS: 1 EraseBytes-
#87846	REDUCE cov: 3560 ft: 10843 corp: 592/1096Kb lim: 2613 exec/s: 10980 rss: 442Mb L: 329/2613 MS: 1 EraseBytes-
#88117	NEW    cov: 3560 ft: 10844 corp: 593/1098Kb lim: 2613 exec/s: 11014 rss: 442Mb L: 2426/2613 MS: 1 CMP- DE: "\376\377\377\377"-
#88186	REDUCE cov: 3560 ft: 10844 corp: 593/1098Kb lim: 2613 exec/s: 11023 rss: 442Mb L: 1071/2613 MS: 4 PersAutoDict-InsertRepeatedBytes-InsertRepeatedBytes-EraseBytes- DE: "U\370\343\306"-
#88187	REDUCE cov: 3560 ft: 10844 corp: 593/1098Kb lim: 2613 exec/s: 11023 rss: 442Mb L: 2030/2613 MS: 1 EraseBytes-
#88358	NEW    cov: 3564 ft: 10848 corp: 594/1100Kb lim: 2613 exec/s: 11044 rss: 442Mb L: 2434/2613 MS: 1 ChangeASCIIInt-
#89134	NEW    cov: 3564 ft: 10849 corp: 595/1102Kb lim: 2613 exec/s: 11141 rss: 442Mb L: 1985/2613 MS: 1 ChangeByte-
#89157	REDUCE cov: 3564 ft: 10849 corp: 595/1102Kb lim: 2613 exec/s: 11144 rss: 442Mb L: 1936/2613 MS: 3 ChangeByte-EraseBytes-InsertRepeatedBytes-
#89313	REDUCE cov: 3564 ft: 10849 corp: 595/1102Kb lim: 2613 exec/s: 11164 rss: 442Mb L: 2066/2613 MS: 1 EraseBytes-
#89349	NEW    cov: 3564 ft: 10882 corp: 596/1104Kb lim: 2613 exec/s: 11168 rss: 442Mb L: 2098/2613 MS: 1 CrossOver-
#89403	NEW    cov: 3564 ft: 10883 corp: 597/1106Kb lim: 2613 exec/s: 11175 rss: 442Mb L: 2137/2613 MS: 4 PersAutoDict-ChangeBinInt-CopyPart-CopyPart- DE: "PK\005\006"-
#89460	REDUCE cov: 3564 ft: 10887 corp: 598/1108Kb lim: 2613 exec/s: 11182 rss: 442Mb L: 2150/2613 MS: 2 InsertRepeatedBytes-CMP- DE: "\001\000\000\000\000\000\000\000"-
#89799	REDUCE cov: 3564 ft: 10887 corp: 598/1108Kb lim: 2613 exec/s: 11224 rss: 442Mb L: 560/2613 MS: 4 ChangeBit-ChangeBit-ShuffleBytes-EraseBytes-
#89914	REDUCE cov: 3564 ft: 10887 corp: 598/1108Kb lim: 2613 exec/s: 11239 rss: 442Mb L: 1653/2613 MS: 5 CrossOver-InsertByte-InsertByte-ShuffleBytes-EraseBytes-
#89915	REDUCE cov: 3564 ft: 10887 corp: 598/1108Kb lim: 2613 exec/s: 11239 rss: 442Mb L: 102/2613 MS: 1 EraseBytes-
#89988	NEW    cov: 3564 ft: 10888 corp: 599/1110Kb lim: 2613 exec/s: 11248 rss: 442Mb L: 2562/2613 MS: 3 ChangeBit-InsertByte-ChangeBinInt-
#90115	REDUCE cov: 3564 ft: 10888 corp: 599/1110Kb lim: 2613 exec/s: 11264 rss: 442Mb L: 1574/2613 MS: 2 CopyPart-EraseBytes-
#90121	REDUCE cov: 3564 ft: 10888 corp: 599/1110Kb lim: 2613 exec/s: 11265 rss: 442Mb L: 16/2613 MS: 1 EraseBytes-
#90386	NEW    cov: 3564 ft: 10890 corp: 600/1112Kb lim: 2613 exec/s: 11298 rss: 442Mb L: 2501/2613 MS: 5 CMP-ChangeBit-CrossOver-InsertRepeatedBytes-ChangeBinInt- DE: "\377\377\377\374"-
#90437	NEW    cov: 3564 ft: 10891 corp: 601/1114Kb lim: 2613 exec/s: 11304 rss: 442Mb L: 1986/2613 MS: 1 PersAutoDict- DE: "\335\000\000\000\000\000\000\000"-
#90464	REDUCE cov: 3564 ft: 10891 corp: 601/1114Kb lim: 2613 exec/s: 11308 rss: 442Mb L: 1818/2613 MS: 2 InsertByte-EraseBytes-
#90575	NEW    cov: 3564 ft: 10902 corp: 602/1116Kb lim: 2613 exec/s: 11321 rss: 442Mb L: 1619/2613 MS: 1 ChangeBit-
#90774	REDUCE cov: 3564 ft: 10902 corp: 602/1116Kb lim: 2613 exec/s: 11346 rss: 442Mb L: 57/2613 MS: 4 ChangeBit-PersAutoDict-ChangeBinInt-EraseBytes- DE: "\373\000"-
#90796	REDUCE cov: 3564 ft: 10902 corp: 602/1116Kb lim: 2613 exec/s: 11349 rss: 442Mb L: 1536/2613 MS: 2 PersAutoDict-EraseBytes- DE: "PK\005\006"-
#90944	REDUCE cov: 3564 ft: 10902 corp: 602/1116Kb lim: 2613 exec/s: 11368 rss: 442Mb L: 2021/2613 MS: 3 CMP-ChangeByte-EraseBytes- DE: "\313\000\000\000\000\000\000\000"-
#90945	REDUCE cov: 3564 ft: 10902 corp: 602/1115Kb lim: 2613 exec/s: 11368 rss: 442Mb L: 2132/2613 MS: 1 EraseBytes-
#91102	REDUCE cov: 3564 ft: 10902 corp: 602/1115Kb lim: 2613 exec/s: 11387 rss: 442Mb L: 1184/2613 MS: 2 ChangeBinInt-EraseBytes-
#91444	REDUCE cov: 3564 ft: 10902 corp: 602/1114Kb lim: 2613 exec/s: 11430 rss: 442Mb L: 1315/2613 MS: 2 PersAutoDict-EraseBytes- DE: "\003\322"-
#91465	REDUCE cov: 3564 ft: 10902 corp: 602/1114Kb lim: 2613 exec/s: 11433 rss: 442Mb L: 763/2613 MS: 1 EraseBytes-
#91609	REDUCE cov: 3564 ft: 10902 corp: 602/1114Kb lim: 2613 exec/s: 11451 rss: 442Mb L: 1240/2613 MS: 4 ShuffleBytes-ChangeBinInt-ChangeBinInt-EraseBytes-
#91636	NEW    cov: 3564 ft: 10904 corp: 603/1116Kb lim: 2613 exec/s: 11454 rss: 442Mb L: 1985/2613 MS: 2 ChangeBit-ChangeByte-
#91714	REDUCE cov: 3564 ft: 10904 corp: 603/1116Kb lim: 2613 exec/s: 11464 rss: 442Mb L: 95/2613 MS: 3 EraseBytes-InsertByte-EraseBytes-
#91885	REDUCE cov: 3564 ft: 10904 corp: 603/1116Kb lim: 2613 exec/s: 11485 rss: 442Mb L: 1586/2613 MS: 1 EraseBytes-
#92676	NEW    cov: 3564 ft: 10907 corp: 604/1118Kb lim: 2613 exec/s: 11584 rss: 442Mb L: 1986/2613 MS: 1 ChangeByte-
#92691	REDUCE cov: 3564 ft: 10907 corp: 604/1117Kb lim: 2613 exec/s: 11586 rss: 442Mb L: 1730/2613 MS: 5 ChangeASCIIInt-ShuffleBytes-ChangeASCIIInt-ChangeBit-CrossOver-
#92883	NEW    cov: 3564 ft: 10909 corp: 605/1119Kb lim: 2613 exec/s: 11610 rss: 442Mb L: 1985/2613 MS: 2 ChangeBit-PersAutoDict- DE: "\177\377\377\377\377\377\377\377"-
#93099	REDUCE cov: 3564 ft: 10909 corp: 605/1119Kb lim: 2613 exec/s: 11637 rss: 442Mb L: 16/2613 MS: 1 EraseBytes-
#93650	REDUCE cov: 3564 ft: 10909 corp: 605/1119Kb lim: 2613 exec/s: 11706 rss: 442Mb L: 1804/2613 MS: 1 EraseBytes-
#93777	NEW    cov: 3564 ft: 10911 corp: 606/1121Kb lim: 2613 exec/s: 11722 rss: 442Mb L: 2434/2613 MS: 2 ChangeASCIIInt-CrossOver-
#93943	REDUCE cov: 3564 ft: 10911 corp: 606/1121Kb lim: 2613 exec/s: 11742 rss: 442Mb L: 2051/2613 MS: 1 EraseBytes-
#94199	REDUCE cov: 3564 ft: 10911 corp: 606/1121Kb lim: 2613 exec/s: 11774 rss: 442Mb L: 2418/2613 MS: 1 EraseBytes-
#94279	NEW    cov: 3564 ft: 10913 corp: 607/1123Kb lim: 2613 exec/s: 11784 rss: 442Mb L: 2274/2613 MS: 5 InsertRepeatedBytes-CMP-InsertRepeatedBytes-InsertByte-EraseBytes- DE: "\006\000\000\000\000\000\000\000"-
#94779	REDUCE cov: 3564 ft: 10913 corp: 607/1123Kb lim: 2613 exec/s: 11847 rss: 442Mb L: 716/2613 MS: 5 EraseBytes-InsertByte-ChangeBit-CMP-CopyPart- DE: "\000\000\000\000\000\000\0005"-
#94986	REDUCE cov: 3564 ft: 10913 corp: 607/1123Kb lim: 2613 exec/s: 11873 rss: 442Mb L: 658/2613 MS: 2 ChangeBit-EraseBytes-
#95284	REDUCE cov: 3564 ft: 10913 corp: 607/1123Kb lim: 2613 exec/s: 11910 rss: 442Mb L: 698/2613 MS: 3 ChangeASCIIInt-ChangeBinInt-EraseBytes-
#95456	NEW    cov: 3564 ft: 10914 corp: 608/1125Kb lim: 2613 exec/s: 10606 rss: 442Mb L: 2613/2613 MS: 2 ShuffleBytes-ChangeBit-
#95621	REDUCE cov: 3564 ft: 10914 corp: 608/1125Kb lim: 2613 exec/s: 10624 rss: 442Mb L: 2372/2613 MS: 5 ChangeBit-ChangeBinInt-PersAutoDict-ChangeBit-EraseBytes- DE: "\006\000\000\000\000\000\000\000"-
#95739	REDUCE cov: 3564 ft: 10917 corp: 609/1128Kb lim: 2613 exec/s: 10637 rss: 442Mb L: 2536/2613 MS: 3 PersAutoDict-PersAutoDict-CrossOver- DE: "\376\000\000\000"-"*\000\000\000\000\000\000\000"-
#95890	REDUCE cov: 3564 ft: 10917 corp: 609/1128Kb lim: 2613 exec/s: 10654 rss: 442Mb L: 2135/2613 MS: 1 EraseBytes-
#96103	REDUCE cov: 3564 ft: 10917 corp: 609/1127Kb lim: 2613 exec/s: 10678 rss: 442Mb L: 2076/2613 MS: 3 ShuffleBytes-InsertRepeatedBytes-EraseBytes-
#96179	REDUCE cov: 3564 ft: 10917 corp: 609/1127Kb lim: 2613 exec/s: 10686 rss: 442Mb L: 667/2613 MS: 1 EraseBytes-
#96228	REDUCE cov: 3564 ft: 10917 corp: 609/1127Kb lim: 2613 exec/s: 10692 rss: 442Mb L: 1362/2613 MS: 4 CopyPart-ChangeByte-ShuffleBytes-EraseBytes-
#96289	REDUCE cov: 3564 ft: 10917 corp: 609/1127Kb lim: 2613 exec/s: 10698 rss: 442Mb L: 2154/2613 MS: 1 EraseBytes-
#96552	REDUCE cov: 3564 ft: 10917 corp: 609/1127Kb lim: 2613 exec/s: 10728 rss: 442Mb L: 2003/2613 MS: 3 ChangeASCIIInt-ChangeBinInt-EraseBytes-
#96958	REDUCE cov: 3564 ft: 10917 corp: 609/1127Kb lim: 2613 exec/s: 10773 rss: 442Mb L: 647/2613 MS: 1 EraseBytes-
#96982	NEW    cov: 3564 ft: 10919 corp: 610/1129Kb lim: 2613 exec/s: 10775 rss: 442Mb L: 2517/2613 MS: 4 ChangeBinInt-InsertByte-ChangeASCIIInt-PersAutoDict- DE: "\000\000\000\000\377\377\377\377"-
#97008	NEW    cov: 3564 ft: 10921 corp: 611/1131Kb lim: 2613 exec/s: 10778 rss: 442Mb L: 1619/2613 MS: 1 ShuffleBytes-
#97470	NEW    cov: 3564 ft: 10923 corp: 612/1133Kb lim: 2613 exec/s: 10830 rss: 442Mb L: 1949/2613 MS: 2 ChangeByte-ChangeBinInt-
#97691	NEW    cov: 3564 ft: 10937 corp: 613/1134Kb lim: 2613 exec/s: 10854 rss: 442Mb L: 1619/2613 MS: 1 ChangeBinInt-
#97755	REDUCE cov: 3564 ft: 10937 corp: 613/1134Kb lim: 2613 exec/s: 10861 rss: 442Mb L: 1452/2613 MS: 4 InsertRepeatedBytes-EraseBytes-CopyPart-EraseBytes-
#97986	REDUCE cov: 3564 ft: 10937 corp: 613/1133Kb lim: 2613 exec/s: 10887 rss: 443Mb L: 813/2613 MS: 1 EraseBytes-
#98061	NEW    cov: 3564 ft: 10938 corp: 614/1136Kb lim: 2613 exec/s: 10895 rss: 443Mb L: 2573/2613 MS: 5 ChangeBit-ChangeBinInt-ShuffleBytes-InsertRepeatedBytes-PersAutoDict- DE: ">N\023u"-
#98074	NEW    cov: 3564 ft: 10939 corp: 615/1137Kb lim: 2613 exec/s: 10897 rss: 443Mb L: 1626/2613 MS: 3 InsertRepeatedBytes-ChangeBit-CMP- DE: "\000\000\000\000\000\000\000\000"-
#98075	REDUCE cov: 3564 ft: 10939 corp: 615/1137Kb lim: 2613 exec/s: 10897 rss: 443Mb L: 474/2613 MS: 1 EraseBytes-
#98110	REDUCE cov: 3564 ft: 10939 corp: 615/1137Kb lim: 2613 exec/s: 10901 rss: 443Mb L: 2031/2613 MS: 5 ChangeASCIIInt-ChangeASCIIInt-ShuffleBytes-ChangeByte-EraseBytes-
#98181	REDUCE cov: 3564 ft: 10939 corp: 615/1136Kb lim: 2613 exec/s: 10909 rss: 443Mb L: 1318/2613 MS: 1 EraseBytes-
#98248	NEW    cov: 3564 ft: 10940 corp: 616/1138Kb lim: 2613 exec/s: 10916 rss: 443Mb L: 1982/2613 MS: 2 ChangeASCIIInt-ShuffleBytes-
#98315	REDUCE cov: 3564 ft: 10940 corp: 616/1138Kb lim: 2613 exec/s: 10923 rss: 443Mb L: 1086/2613 MS: 2 ChangeByte-CrossOver-
#98467	REDUCE cov: 3564 ft: 10940 corp: 616/1138Kb lim: 2613 exec/s: 10940 rss: 443Mb L: 1568/2613 MS: 2 ShuffleBytes-EraseBytes-
#98622	REDUCE cov: 3564 ft: 10940 corp: 616/1138Kb lim: 2613 exec/s: 10958 rss: 443Mb L: 1069/2613 MS: 5 ChangeByte-InsertByte-InsertByte-InsertByte-EraseBytes-
#98822	REDUCE cov: 3564 ft: 10940 corp: 616/1138Kb lim: 2613 exec/s: 10980 rss: 443Mb L: 2547/2613 MS: 5 CopyPart-InsertRepeatedBytes-ChangeBit-ChangeASCIIInt-EraseBytes-
#99073	REDUCE cov: 3564 ft: 10940 corp: 616/1138Kb lim: 2613 exec/s: 11008 rss: 443Mb L: 919/2613 MS: 1 EraseBytes-
#99364	REDUCE cov: 3564 ft: 10940 corp: 616/1138Kb lim: 2613 exec/s: 11040 rss: 443Mb L: 2140/2613 MS: 1 EraseBytes-
#99684	REDUCE cov: 3564 ft: 10940 corp: 616/1138Kb lim: 2613 exec/s: 11076 rss: 443Mb L: 448/2613 MS: 5 ChangeBit-CMP-InsertRepeatedBytes-ChangeBinInt-EraseBytes- DE: "\005\005KP"-
#99934	REDUCE cov: 3564 ft: 10940 corp: 616/1137Kb lim: 2613 exec/s: 11103 rss: 443Mb L: 2456/2613 MS: 5 PersAutoDict-CopyPart-InsertByte-InsertRepeatedBytes-EraseBytes- DE: "\373\000"-
#99952	REDUCE cov: 3564 ft: 10940 corp: 616/1137Kb lim: 2613 exec/s: 11105 rss: 443Mb L: 1522/2613 MS: 3 InsertByte-InsertRepeatedBytes-EraseBytes-
#100654	NEW    cov: 3564 ft: 10942 corp: 617/1139Kb lim: 2613 exec/s: 11183 rss: 443Mb L: 1982/2613 MS: 2 ChangeASCIIInt-PersAutoDict- DE: "\005\005KP"-
#101016	NEW    cov: 3564 ft: 10943 corp: 618/1142Kb lim: 2613 exec/s: 11224 rss: 443Mb L: 2550/2613 MS: 2 ChangeASCIIInt-CopyPart-
#101105	REDUCE cov: 3564 ft: 10943 corp: 618/1142Kb lim: 2613 exec/s: 11233 rss: 443Mb L: 80/2613 MS: 4 ChangeBinInt-CopyPart-InsertByte-CrossOver-
#101192	REDUCE cov: 3564 ft: 10943 corp: 618/1142Kb lim: 2613 exec/s: 11243 rss: 443Mb L: 89/2613 MS: 2 ChangeByte-EraseBytes-
#101244	REDUCE cov: 3564 ft: 10943 corp: 618/1142Kb lim: 2613 exec/s: 11249 rss: 443Mb L: 175/2613 MS: 2 CopyPart-EraseBytes-
#101480	REDUCE cov: 3564 ft: 10943 corp: 618/1141Kb lim: 2613 exec/s: 11275 rss: 443Mb L: 2245/2613 MS: 1 EraseBytes-
#101496	REDUCE cov: 3564 ft: 10943 corp: 618/1141Kb lim: 2613 exec/s: 11277 rss: 443Mb L: 1029/2613 MS: 1 EraseBytes-
#101663	NEW    cov: 3564 ft: 10946 corp: 619/1143Kb lim: 2613 exec/s: 11295 rss: 443Mb L: 1986/2613 MS: 2 ShuffleBytes-ChangeBinInt-
#101790	REDUCE cov: 3564 ft: 10946 corp: 619/1143Kb lim: 2613 exec/s: 11310 rss: 443Mb L: 2041/2613 MS: 2 CMP-EraseBytes- DE: "\000\000\000\000\000\000\0018"-
#102007	REDUCE cov: 3564 ft: 10946 corp: 619/1143Kb lim: 2613 exec/s: 11334 rss: 443Mb L: 54/2613 MS: 2 PersAutoDict-EraseBytes- DE: "\377\377\377\377\377\377\377\255"-
#102135	REDUCE cov: 3564 ft: 10946 corp: 619/1143Kb lim: 2613 exec/s: 11348 rss: 443Mb L: 2438/2613 MS: 3 ChangeByte-InsertByte-EraseBytes-
#102276	REDUCE cov: 3564 ft: 10946 corp: 619/1143Kb lim: 2613 exec/s: 11364 rss: 443Mb L: 602/2613 MS: 1 EraseBytes-
#102412	REDUCE cov: 3564 ft: 10946 corp: 619/1143Kb lim: 2613 exec/s: 11379 rss: 443Mb L: 57/2613 MS: 1 EraseBytes-
#102438	REDUCE cov: 3564 ft: 10946 corp: 619/1143Kb lim: 2613 exec/s: 11382 rss: 443Mb L: 465/2613 MS: 1 EraseBytes-
#102486	REDUCE cov: 3564 ft: 10946 corp: 619/1143Kb lim: 2613 exec/s: 11387 rss: 443Mb L: 2071/2613 MS: 3 PersAutoDict-ChangeByte-EraseBytes- DE: "\265\000\000\000"-
#102559	REDUCE cov: 3564 ft: 10946 corp: 619/1143Kb lim: 2613 exec/s: 11395 rss: 443Mb L: 86/2613 MS: 3 ChangeByte-ChangeByte-EraseBytes-
#102748	REDUCE cov: 3564 ft: 10946 corp: 619/1143Kb lim: 2613 exec/s: 11416 rss: 443Mb L: 503/2613 MS: 4 ChangeASCIIInt-ChangeBinInt-ShuffleBytes-EraseBytes-
#102767	REDUCE cov: 3564 ft: 10949 corp: 620/1144Kb lim: 2613 exec/s: 11418 rss: 443Mb L: 1033/2613 MS: 4 ChangeByte-ChangeBit-InsertRepeatedBytes-CopyPart-
#102814	REDUCE cov: 3564 ft: 10949 corp: 620/1144Kb lim: 2613 exec/s: 11423 rss: 443Mb L: 68/2613 MS: 2 ShuffleBytes-EraseBytes-
#102862	REDUCE cov: 3564 ft: 10949 corp: 620/1144Kb lim: 2613 exec/s: 11429 rss: 443Mb L: 1829/2613 MS: 3 InsertRepeatedBytes-ChangeASCIIInt-EraseBytes-
#102893	REDUCE cov: 3564 ft: 10949 corp: 620/1144Kb lim: 2613 exec/s: 11432 rss: 443Mb L: 1160/2613 MS: 1 EraseBytes-
#102913	REDUCE cov: 3564 ft: 10952 corp: 621/1146Kb lim: 2613 exec/s: 11434 rss: 443Mb L: 2522/2613 MS: 5 PersAutoDict-CMP-InsertRepeatedBytes-ChangeASCIIInt-CrossOver- DE: "\377\377\377\377\377\377\377\377"-"\177\000\000\000\000\000\000\002"-
#103105	REDUCE cov: 3564 ft: 10952 corp: 621/1146Kb lim: 2613 exec/s: 11456 rss: 443Mb L: 1191/2613 MS: 2 InsertRepeatedBytes-EraseBytes-
#103150	REDUCE cov: 3564 ft: 10952 corp: 621/1146Kb lim: 2613 exec/s: 11461 rss: 443Mb L: 1339/2613 MS: 5 InsertByte-InsertRepeatedBytes-ChangeByte-ChangeByte-EraseBytes-
#103213	REDUCE cov: 3564 ft: 10952 corp: 621/1146Kb lim: 2613 exec/s: 11468 rss: 443Mb L: 2011/2613 MS: 3 InsertRepeatedBytes-ChangeASCIIInt-EraseBytes-
#103229	REDUCE cov: 3564 ft: 10952 corp: 621/1146Kb lim: 2613 exec/s: 11469 rss: 443Mb L: 2245/2613 MS: 1 EraseBytes-
#103370	REDUCE cov: 3564 ft: 10952 corp: 621/1146Kb lim: 2613 exec/s: 11485 rss: 443Mb L: 16/2613 MS: 1 EraseBytes-
#103477	NEW    cov: 3564 ft: 10955 corp: 622/1148Kb lim: 2613 exec/s: 11497 rss: 443Mb L: 2426/2613 MS: 2 ChangeBinInt-ShuffleBytes-
#103723	NEW    cov: 3564 ft: 10956 corp: 623/1150Kb lim: 2613 exec/s: 11524 rss: 443Mb L: 1986/2613 MS: 1 ChangeByte-
#104035	REDUCE cov: 3564 ft: 10956 corp: 623/1150Kb lim: 2613 exec/s: 11559 rss: 443Mb L: 1026/2613 MS: 2 ChangeBinInt-EraseBytes-
#104451	REDUCE cov: 3564 ft: 10956 corp: 623/1150Kb lim: 2613 exec/s: 11605 rss: 443Mb L: 2316/2613 MS: 1 EraseBytes-
#104792	NEW    cov: 3564 ft: 10962 corp: 624/1152Kb lim: 2613 exec/s: 11643 rss: 443Mb L: 1985/2613 MS: 1 ShuffleBytes-
#105018	REDUCE cov: 3564 ft: 10962 corp: 624/1152Kb lim: 2613 exec/s: 11668 rss: 443Mb L: 377/2613 MS: 1 EraseBytes-
#105723	NEW    cov: 3564 ft: 10964 corp: 625/1155Kb lim: 2613 exec/s: 11747 rss: 443Mb L: 2575/2613 MS: 5 PersAutoDict-ShuffleBytes-CMP-PersAutoDict-CMP- DE: "\177\000\000\000"-".\000\000\000\000\000\000\000"-"0\000\000\000\000\000\000\000"-"\030%"-
#106132	REDUCE cov: 3564 ft: 10967 corp: 626/1157Kb lim: 2613 exec/s: 11792 rss: 443Mb L: 2159/2613 MS: 4 ChangeByte-ChangeASCIIInt-ChangeBinInt-InsertRepeatedBytes-
#106415	REDUCE cov: 3564 ft: 10967 corp: 626/1157Kb lim: 2613 exec/s: 10641 rss: 443Mb L: 2228/2613 MS: 3 ChangeByte-ChangeByte-EraseBytes-
#106436	REDUCE cov: 3564 ft: 10967 corp: 626/1157Kb lim: 2613 exec/s: 10643 rss: 443Mb L: 1123/2613 MS: 1 EraseBytes-
#106513	REDUCE cov: 3564 ft: 10967 corp: 626/1157Kb lim: 2613 exec/s: 10651 rss: 443Mb L: 387/2613 MS: 2 ChangeBinInt-EraseBytes-
#106594	REDUCE cov: 3564 ft: 10967 corp: 626/1157Kb lim: 2613 exec/s: 10659 rss: 443Mb L: 1312/2613 MS: 1 EraseBytes-
#106750	NEW    cov: 3564 ft: 10991 corp: 627/1159Kb lim: 2613 exec/s: 10675 rss: 443Mb L: 2348/2613 MS: 1 InsertRepeatedBytes-
#107016	REDUCE cov: 3564 ft: 10991 corp: 627/1159Kb lim: 2613 exec/s: 10701 rss: 443Mb L: 328/2613 MS: 1 EraseBytes-
#107086	NEW    cov: 3564 ft: 10992 corp: 628/1161Kb lim: 2613 exec/s: 10708 rss: 443Mb L: 2011/2613 MS: 5 CrossOver-CrossOver-PersAutoDict-ChangeByte-CopyPart- DE: "\377\377\377l"-
#107606	REDUCE cov: 3564 ft: 10992 corp: 628/1161Kb lim: 2613 exec/s: 10760 rss: 443Mb L: 1854/2613 MS: 5 InsertRepeatedBytes-CopyPart-PersAutoDict-CrossOver-EraseBytes- DE: "\000\000\000\000\000\000\000\256"-
#107694	REDUCE cov: 3564 ft: 10992 corp: 628/1160Kb lim: 2613 exec/s: 10769 rss: 443Mb L: 812/2613 MS: 3 ChangeByte-ShuffleBytes-EraseBytes-
#107990	REDUCE cov: 3564 ft: 10992 corp: 628/1160Kb lim: 2613 exec/s: 10799 rss: 443Mb L: 1936/2613 MS: 1 EraseBytes-
#108127	REDUCE cov: 3564 ft: 10992 corp: 628/1160Kb lim: 2613 exec/s: 10812 rss: 443Mb L: 2123/2613 MS: 2 InsertRepeatedBytes-EraseBytes-
#108359	REDUCE cov: 3564 ft: 10992 corp: 628/1160Kb lim: 2613 exec/s: 10835 rss: 443Mb L: 1690/2613 MS: 2 EraseBytes-InsertRepeatedBytes-
#108421	REDUCE cov: 3564 ft: 10992 corp: 628/1160Kb lim: 2613 exec/s: 10842 rss: 443Mb L: 209/2613 MS: 2 ChangeBinInt-EraseBytes-
#108467	REDUCE cov: 3564 ft: 10992 corp: 628/1160Kb lim: 2613 exec/s: 10846 rss: 443Mb L: 1832/2613 MS: 1 EraseBytes-
#108563	NEW    cov: 3564 ft: 10995 corp: 629/1162Kb lim: 2613 exec/s: 10856 rss: 443Mb L: 1982/2613 MS: 1 ChangeByte-
#108734	NEW    cov: 3564 ft: 11005 corp: 630/1164Kb lim: 2613 exec/s: 10873 rss: 443Mb L: 1986/2613 MS: 1 ChangeBinInt-
#108746	REDUCE cov: 3564 ft: 11005 corp: 630/1164Kb lim: 2613 exec/s: 10874 rss: 443Mb L: 327/2613 MS: 2 ShuffleBytes-EraseBytes-
#108882	REDUCE cov: 3564 ft: 11005 corp: 630/1164Kb lim: 2613 exec/s: 10888 rss: 443Mb L: 2139/2613 MS: 1 EraseBytes-
#108930	REDUCE cov: 3564 ft: 11005 corp: 630/1164Kb lim: 2613 exec/s: 10893 rss: 443Mb L: 1207/2613 MS: 3 InsertRepeatedBytes-InsertRepeatedBytes-CrossOver-
#109008	REDUCE cov: 3564 ft: 11005 corp: 630/1163Kb lim: 2613 exec/s: 10900 rss: 443Mb L: 2072/2613 MS: 3 ChangeBit-ChangeByte-EraseBytes-
#109131	REDUCE cov: 3564 ft: 11005 corp: 630/1163Kb lim: 2613 exec/s: 10913 rss: 443Mb L: 2270/2613 MS: 3 CMP-CopyPart-EraseBytes- DE: "\260D\025\311"-
#109147	NEW    cov: 3564 ft: 11141 corp: 631/1165Kb lim: 2613 exec/s: 10914 rss: 443Mb L: 1620/2613 MS: 1 InsertByte-
#109369	REDUCE cov: 3564 ft: 11141 corp: 631/1165Kb lim: 2613 exec/s: 10936 rss: 443Mb L: 513/2613 MS: 2 ChangeBit-EraseBytes-
#109375	REDUCE cov: 3564 ft: 11141 corp: 631/1165Kb lim: 2613 exec/s: 10937 rss: 443Mb L: 42/2613 MS: 1 EraseBytes-
#109403	NEW    cov: 3564 ft: 11143 corp: 632/1167Kb lim: 2613 exec/s: 10940 rss: 443Mb L: 2188/2613 MS: 3 PersAutoDict-ChangeASCIIInt-EraseBytes- DE: "\177\000\000\000\000\000\000\001"-
#109489	NEW    cov: 3566 ft: 11145 corp: 633/1169Kb lim: 2613 exec/s: 10948 rss: 443Mb L: 1985/2613 MS: 1 ChangeBinInt-
#109729	NEW    cov: 3566 ft: 11146 corp: 634/1170Kb lim: 2613 exec/s: 10972 rss: 444Mb L: 1185/2613 MS: 5 EraseBytes-ChangeASCIIInt-ChangeBit-ChangeASCIIInt-EraseBytes-
#109761	REDUCE cov: 3566 ft: 11146 corp: 634/1170Kb lim: 2613 exec/s: 10976 rss: 444Mb L: 1989/2613 MS: 2 ChangeASCIIInt-EraseBytes-
#109834	REDUCE cov: 3566 ft: 11146 corp: 634/1170Kb lim: 2613 exec/s: 10983 rss: 444Mb L: 1092/2613 MS: 3 ShuffleBytes-EraseBytes-CopyPart-
#109870	REDUCE cov: 3566 ft: 11146 corp: 634/1170Kb lim: 2613 exec/s: 10987 rss: 444Mb L: 7/2613 MS: 1 EraseBytes-
#110053	NEW    cov: 3566 ft: 11148 corp: 635/1172Kb lim: 2613 exec/s: 11005 rss: 444Mb L: 1985/2613 MS: 3 ChangeBit-CMP-PersAutoDict- DE: "\016\000"-"\001\000\000\000\000\000\000\012"-
#110383	REDUCE cov: 3566 ft: 11148 corp: 635/1172Kb lim: 2613 exec/s: 11038 rss: 444Mb L: 2388/2613 MS: 5 PersAutoDict-EraseBytes-InsertRepeatedBytes-ShuffleBytes-CrossOver- DE: "\011\004\003K"-
#110619	REDUCE cov: 3566 ft: 11148 corp: 635/1172Kb lim: 2613 exec/s: 11061 rss: 446Mb L: 2416/2613 MS: 1 EraseBytes-
#110749	REDUCE cov: 3566 ft: 11148 corp: 635/1171Kb lim: 2613 exec/s: 11074 rss: 446Mb L: 721/2613 MS: 5 ChangeBinInt-ChangeASCIIInt-ChangeByte-ChangeBit-EraseBytes-
#111006	NEW    cov: 3568 ft: 11150 corp: 636/1173Kb lim: 2613 exec/s: 11100 rss: 446Mb L: 1986/2613 MS: 2 ChangeBinInt-PersAutoDict- DE: "\376\000\000\000"-
#111111	REDUCE cov: 3568 ft: 11150 corp: 636/1173Kb lim: 2613 exec/s: 11111 rss: 446Mb L: 155/2613 MS: 5 EraseBytes-CMP-EraseBytes-ChangeASCIIInt-CMP- DE: "\377\377\377\377\377\377\377\363"-"OK\005\006"-
#111174	REDUCE cov: 3568 ft: 11150 corp: 636/1173Kb lim: 2613 exec/s: 11117 rss: 446Mb L: 1931/2613 MS: 3 ChangeASCIIInt-ChangeBinInt-EraseBytes-
#111230	NEW    cov: 3568 ft: 11151 corp: 637/1176Kb lim: 2613 exec/s: 11123 rss: 446Mb L: 2589/2613 MS: 1 InsertRepeatedBytes-
#111357	NEW    cov: 3568 ft: 11154 corp: 638/1178Kb lim: 2613 exec/s: 11135 rss: 446Mb L: 2594/2613 MS: 2 ChangeBinInt-CrossOver-
#111603	NEW    cov: 3568 ft: 11155 corp: 639/1180Kb lim: 2613 exec/s: 11160 rss: 446Mb L: 2290/2613 MS: 1 ShuffleBytes-
#111609	REDUCE cov: 3568 ft: 11155 corp: 639/1180Kb lim: 2613 exec/s: 11160 rss: 446Mb L: 2086/2613 MS: 1 EraseBytes-
#111749	REDUCE cov: 3570 ft: 11157 corp: 640/1182Kb lim: 2613 exec/s: 11174 rss: 446Mb L: 1783/2613 MS: 5 CrossOver-ShuffleBytes-ChangeByte-ChangeByte-CopyPart-
#112022	REDUCE cov: 3570 ft: 11157 corp: 640/1182Kb lim: 2613 exec/s: 11202 rss: 446Mb L: 1117/2613 MS: 3 CrossOver-ShuffleBytes-EraseBytes-
#112308	NEW    cov: 3570 ft: 11158 corp: 641/1184Kb lim: 2613 exec/s: 11230 rss: 446Mb L: 1986/2613 MS: 1 ShuffleBytes-
#112493	REDUCE cov: 3570 ft: 11158 corp: 641/1184Kb lim: 2613 exec/s: 11249 rss: 446Mb L: 2305/2613 MS: 5 InsertByte-CopyPart-InsertByte-CopyPart-EraseBytes-
#112914	NEW    cov: 3570 ft: 11161 corp: 642/1186Kb lim: 2613 exec/s: 11291 rss: 446Mb L: 2426/2613 MS: 1 ChangeByte-
#112950	NEW    cov: 3570 ft: 11164 corp: 643/1188Kb lim: 2613 exec/s: 11295 rss: 446Mb L: 1615/2613 MS: 1 ChangeByte-
#113011	NEW    cov: 3570 ft: 11165 corp: 644/1190Kb lim: 2613 exec/s: 11301 rss: 446Mb L: 2290/2613 MS: 1 ChangeBinInt-
#113110	REDUCE cov: 3570 ft: 11165 corp: 644/1190Kb lim: 2613 exec/s: 11311 rss: 446Mb L: 2224/2613 MS: 4 ShuffleBytes-ChangeByte-PersAutoDict-EraseBytes- DE: "=\001\000\000\000\000\000\000"-
#113878	NEW    cov: 3572 ft: 11167 corp: 645/1192Kb lim: 2613 exec/s: 11387 rss: 446Mb L: 1990/2613 MS: 3 ChangeByte-ChangeBinInt-CMP- DE: "w\000\000\000"-
#113962	REDUCE cov: 3572 ft: 11169 corp: 646/1194Kb lim: 2613 exec/s: 11396 rss: 446Mb L: 2328/2613 MS: 4 InsertRepeatedBytes-InsertRepeatedBytes-ShuffleBytes-CopyPart-
#114088	REDUCE cov: 3572 ft: 11169 corp: 646/1194Kb lim: 2613 exec/s: 11408 rss: 446Mb L: 37/2613 MS: 1 EraseBytes-
#114180	REDUCE cov: 3572 ft: 11169 corp: 646/1194Kb lim: 2613 exec/s: 11418 rss: 446Mb L: 1322/2613 MS: 2 InsertRepeatedBytes-EraseBytes-
#114301	NEW    cov: 3572 ft: 11171 corp: 647/1196Kb lim: 2613 exec/s: 11430 rss: 446Mb L: 1986/2613 MS: 1 ChangeBit-
#114772	NEW    cov: 3573 ft: 11172 corp: 648/1198Kb lim: 2613 exec/s: 11477 rss: 447Mb L: 1986/2613 MS: 1 CopyPart-
#115063	REDUCE cov: 3573 ft: 11172 corp: 648/1198Kb lim: 2613 exec/s: 11506 rss: 447Mb L: 43/2613 MS: 1 EraseBytes-
#115174	NEW    cov: 3573 ft: 11173 corp: 649/1200Kb lim: 2613 exec/s: 11517 rss: 447Mb L: 1949/2613 MS: 1 ChangeBinInt-
#115216	REDUCE cov: 3573 ft: 11173 corp: 649/1199Kb lim: 2613 exec/s: 11521 rss: 447Mb L: 2032/2613 MS: 2 ShuffleBytes-EraseBytes-
#115599	NEW    cov: 3573 ft: 11203 corp: 650/1202Kb lim: 2613 exec/s: 11559 rss: 448Mb L: 2462/2613 MS: 3 InsertByte-ChangeBit-CrossOver-
#115855	NEW    cov: 3573 ft: 11208 corp: 651/1204Kb lim: 2613 exec/s: 11585 rss: 449Mb L: 1986/2613 MS: 1 PersAutoDict- DE: "!0.1"-
#116202	REDUCE cov: 3573 ft: 11208 corp: 651/1204Kb lim: 2613 exec/s: 11620 rss: 449Mb L: 2181/2613 MS: 2 ChangeASCIIInt-EraseBytes-
#116851	REDUCE cov: 3573 ft: 11220 corp: 652/1206Kb lim: 2613 exec/s: 11685 rss: 449Mb L: 2317/2613 MS: 4 PersAutoDict-InsertRepeatedBytes-PersAutoDict-CopyPart- DE: "\000\000"-"\377\377\377\377\377\377\377\363"-
#116924	NEW    cov: 3573 ft: 11227 corp: 653/1208Kb lim: 2613 exec/s: 11692 rss: 449Mb L: 2426/2613 MS: 3 CMP-ChangeByte-ChangeASCIIInt- DE: "\011\000\000\000\000\000\000\000"-
#117005	NEW    cov: 3573 ft: 11229 corp: 654/1210Kb lim: 2613 exec/s: 11700 rss: 449Mb L: 2006/2613 MS: 1 ChangeBit-
#117121	NEW    cov: 3573 ft: 11233 corp: 655/1212Kb lim: 2613 exec/s: 11712 rss: 449Mb L: 2006/2613 MS: 1 ChangeBit-
#117437	REDUCE cov: 3573 ft: 11233 corp: 655/1212Kb lim: 2613 exec/s: 10676 rss: 449Mb L: 627/2613 MS: 1 EraseBytes-
#117470	NEW    cov: 3576 ft: 11236 corp: 656/1214Kb lim: 2613 exec/s: 10679 rss: 449Mb L: 1986/2613 MS: 3 ChangeBit-ChangeASCIIInt-ShuffleBytes-
#117791	REDUCE cov: 3577 ft: 11237 corp: 657/1214Kb lim: 2613 exec/s: 10708 rss: 452Mb L: 35/2613 MS: 1 EraseBytes-
#117806	REDUCE cov: 3577 ft: 11237 corp: 657/1214Kb lim: 2613 exec/s: 10709 rss: 452Mb L: 786/2613 MS: 5 EraseBytes-InsertRepeatedBytes-CMP-EraseBytes-CopyPart- DE: "\226\017\370\221"-
#117824	REDUCE cov: 3577 ft: 11237 corp: 657/1214Kb lim: 2613 exec/s: 10711 rss: 452Mb L: 2101/2613 MS: 3 EraseBytes-InsertRepeatedBytes-CopyPart-
#117855	REDUCE cov: 3577 ft: 11237 corp: 657/1214Kb lim: 2613 exec/s: 10714 rss: 452Mb L: 1632/2613 MS: 1 EraseBytes-
#118372	REDUCE cov: 3577 ft: 11237 corp: 657/1214Kb lim: 2613 exec/s: 10761 rss: 452Mb L: 725/2613 MS: 2 CopyPart-CrossOver-
#118549	REDUCE cov: 3577 ft: 11237 corp: 657/1214Kb lim: 2613 exec/s: 10777 rss: 452Mb L: 1549/2613 MS: 2 ChangeBinInt-EraseBytes-
#118655	REDUCE cov: 3577 ft: 11237 corp: 657/1214Kb lim: 2613 exec/s: 10786 rss: 452Mb L: 2355/2613 MS: 1 EraseBytes-
#118758	REDUCE cov: 3577 ft: 11237 corp: 657/1214Kb lim: 2613 exec/s: 10796 rss: 452Mb L: 149/2613 MS: 3 ChangeByte-InsertRepeatedBytes-EraseBytes-
#118970	REDUCE cov: 3577 ft: 11237 corp: 657/1214Kb lim: 2613 exec/s: 10815 rss: 452Mb L: 2472/2613 MS: 2 ChangeBit-EraseBytes-
#119008	REDUCE cov: 3577 ft: 11237 corp: 657/1213Kb lim: 2613 exec/s: 10818 rss: 452Mb L: 2064/2613 MS: 3 ChangeBinInt-PersAutoDict-EraseBytes- DE: "\000\000\000\000\000\000\0003"-
#119517	REDUCE cov: 3577 ft: 11237 corp: 657/1213Kb lim: 2613 exec/s: 10865 rss: 452Mb L: 294/2613 MS: 4 PersAutoDict-CopyPart-EraseBytes-EraseBytes- DE: "\001\000\001\340"-
#119706	REDUCE cov: 3577 ft: 11237 corp: 657/1213Kb lim: 2613 exec/s: 10882 rss: 452Mb L: 456/2613 MS: 4 CrossOver-ChangeASCIIInt-PersAutoDict-EraseBytes- DE: "\223|,I"-
#119882	NEW    cov: 3577 ft: 11238 corp: 658/1215Kb lim: 2613 exec/s: 10898 rss: 452Mb L: 1987/2613 MS: 1 InsertByte-
#120173	REDUCE cov: 3577 ft: 11238 corp: 658/1215Kb lim: 2613 exec/s: 10924 rss: 452Mb L: 37/2613 MS: 1 EraseBytes-
#120219	REDUCE cov: 3577 ft: 11238 corp: 658/1215Kb lim: 2613 exec/s: 10929 rss: 452Mb L: 2372/2613 MS: 1 EraseBytes-
#120641	REDUCE cov: 3577 ft: 11244 corp: 659/1217Kb lim: 2613 exec/s: 10967 rss: 452Mb L: 2305/2613 MS: 2 ChangeBit-CMP- DE: "\377\377\377\377\377\377\377;"-
#120807	REDUCE cov: 3577 ft: 11244 corp: 659/1217Kb lim: 2613 exec/s: 10982 rss: 452Mb L: 61/2613 MS: 1 EraseBytes-
#121044	NEW    cov: 3579 ft: 11253 corp: 660/1219Kb lim: 2613 exec/s: 11004 rss: 453Mb L: 1615/2613 MS: 2 ChangeByte-ChangeByte-
#121119	REDUCE cov: 3579 ft: 11253 corp: 660/1218Kb lim: 2613 exec/s: 11010 rss: 453Mb L: 1525/2613 MS: 5 CopyPart-CopyPart-InsertRepeatedBytes-EraseBytes-EraseBytes-
#121284	REDUCE cov: 3579 ft: 11253 corp: 660/1218Kb lim: 2613 exec/s: 11025 rss: 453Mb L: 2078/2613 MS: 5 CrossOver-ShuffleBytes-InsertRepeatedBytes-ChangeByte-EraseBytes-
#121406	REDUCE cov: 3579 ft: 11253 corp: 660/1218Kb lim: 2613 exec/s: 11036 rss: 453Mb L: 1984/2613 MS: 2 EraseBytes-CrossOver-
#121417	REDUCE cov: 3579 ft: 11253 corp: 660/1218Kb lim: 2613 exec/s: 11037 rss: 453Mb L: 1859/2613 MS: 1 EraseBytes-
#121504	REDUCE cov: 3579 ft: 11253 corp: 660/1218Kb lim: 2613 exec/s: 11045 rss: 453Mb L: 1425/2613 MS: 2 InsertByte-EraseBytes-
#121842	REDUCE cov: 3579 ft: 11253 corp: 660/1218Kb lim: 2613 exec/s: 11076 rss: 454Mb L: 2223/2613 MS: 3 ChangeBinInt-PersAutoDict-EraseBytes- DE: "\377\377\377\377"-
#122396	NEW    cov: 3579 ft: 11261 corp: 661/1220Kb lim: 2613 exec/s: 11126 rss: 454Mb L: 2419/2613 MS: 4 PersAutoDict-ShuffleBytes-CrossOver-InsertRepeatedBytes- DE: "\005\000\000\000\000\000\000\000"-
#122727	REDUCE cov: 3579 ft: 11261 corp: 661/1220Kb lim: 2613 exec/s: 11157 rss: 454Mb L: 1071/2613 MS: 1 EraseBytes-
#122799	REDUCE cov: 3579 ft: 11261 corp: 661/1220Kb lim: 2613 exec/s: 11163 rss: 454Mb L: 2385/2613 MS: 2 ChangeBinInt-EraseBytes-
#123444	REDUCE cov: 3579 ft: 11261 corp: 661/1220Kb lim: 2613 exec/s: 11222 rss: 454Mb L: 2065/2613 MS: 5 InsertByte-ChangeBit-InsertByte-ChangeByte-EraseBytes-
#123725	REDUCE cov: 3579 ft: 11261 corp: 661/1220Kb lim: 2613 exec/s: 11247 rss: 454Mb L: 2100/2613 MS: 1 EraseBytes-
#123745	REDUCE cov: 3579 ft: 11261 corp: 661/1220Kb lim: 2613 exec/s: 11249 rss: 454Mb L: 36/2613 MS: 5 CopyPart-InsertByte-CopyPart-EraseBytes-EraseBytes-
#123867	REDUCE cov: 3579 ft: 11261 corp: 661/1220Kb lim: 2613 exec/s: 11260 rss: 454Mb L: 441/2613 MS: 2 InsertByte-EraseBytes-
#124087	REDUCE cov: 3579 ft: 11261 corp: 661/1220Kb lim: 2613 exec/s: 11280 rss: 454Mb L: 2016/2613 MS: 5 ChangeByte-CrossOver-ChangeByte-InsertByte-EraseBytes-
#124365	REDUCE cov: 3579 ft: 11263 corp: 662/1222Kb lim: 2613 exec/s: 11305 rss: 454Mb L: 2439/2613 MS: 3 ChangeASCIIInt-InsertByte-CrossOver-
#124426	REDUCE cov: 3579 ft: 11263 corp: 662/1222Kb lim: 2613 exec/s: 11311 rss: 454Mb L: 1060/2613 MS: 1 EraseBytes-
#124548	REDUCE cov: 3579 ft: 11263 corp: 662/1222Kb lim: 2613 exec/s: 11322 rss: 454Mb L: 783/2613 MS: 2 ShuffleBytes-EraseBytes-
#124695	NEW    cov: 3579 ft: 11267 corp: 663/1224Kb lim: 2613 exec/s: 11335 rss: 454Mb L: 1949/2613 MS: 2 ChangeASCIIInt-PersAutoDict- DE: "\177\000\000\000\000\000\000\001"-
#125063	REDUCE cov: 3579 ft: 11268 corp: 664/1226Kb lim: 2613 exec/s: 11369 rss: 454Mb L: 2388/2613 MS: 3 CopyPart-ChangeBit-CopyPart-
#125164	REDUCE cov: 3579 ft: 11271 corp: 665/1228Kb lim: 2613 exec/s: 11378 rss: 454Mb L: 2270/2613 MS: 1 CopyPart-
#125305	REDUCE cov: 3579 ft: 11271 corp: 665/1228Kb lim: 2613 exec/s: 11391 rss: 454Mb L: 52/2613 MS: 1 EraseBytes-
#125666	NEW    cov: 3579 ft: 11272 corp: 666/1231Kb lim: 2613 exec/s: 11424 rss: 454Mb L: 2149/2613 MS: 1 CrossOver-
#125766	NEW    cov: 3579 ft: 11273 corp: 667/1232Kb lim: 2613 exec/s: 11433 rss: 454Mb L: 1793/2613 MS: 5 InsertRepeatedBytes-InsertByte-CMP-CMP-EraseBytes- DE: "\001\000\000\000\000\000\004\000"-"\006\005KP"-
#126056	REDUCE cov: 3579 ft: 11273 corp: 667/1232Kb lim: 2613 exec/s: 11459 rss: 454Mb L: 2256/2613 MS: 5 ChangeBinInt-EraseBytes-InsertRepeatedBytes-ShuffleBytes-InsertByte-
#126162	REDUCE cov: 3579 ft: 11273 corp: 667/1232Kb lim: 2613 exec/s: 11469 rss: 454Mb L: 1760/2613 MS: 1 EraseBytes-
#126443	REDUCE cov: 3579 ft: 11273 corp: 667/1232Kb lim: 2613 exec/s: 11494 rss: 454Mb L: 1720/2613 MS: 1 EraseBytes-
#126601	REDUCE cov: 3579 ft: 11273 corp: 667/1232Kb lim: 2613 exec/s: 11509 rss: 454Mb L: 1654/2613 MS: 3 ChangeBinInt-InsertByte-EraseBytes-
#126602	NEW    cov: 3579 ft: 11274 corp: 668/1234Kb lim: 2613 exec/s: 11509 rss: 454Mb L: 1986/2613 MS: 1 ChangeByte-
#127048	REDUCE cov: 3579 ft: 11274 corp: 668/1234Kb lim: 2613 exec/s: 11549 rss: 454Mb L: 2100/2613 MS: 1 EraseBytes-
#127277	REDUCE cov: 3579 ft: 11274 corp: 668/1234Kb lim: 2613 exec/s: 11570 rss: 454Mb L: 61/2613 MS: 4 ChangeByte-ChangeBit-ChangeByte-EraseBytes-
#127391	REDUCE cov: 3579 ft: 11274 corp: 668/1233Kb lim: 2613 exec/s: 11581 rss: 454Mb L: 2238/2613 MS: 4 ShuffleBytes-InsertRepeatedBytes-PersAutoDict-EraseBytes- DE: "\377\377\377l"-
#127405	REDUCE cov: 3579 ft: 11274 corp: 668/1233Kb lim: 2613 exec/s: 11582 rss: 454Mb L: 1807/2613 MS: 4 InsertByte-InsertByte-ShuffleBytes-CrossOver-
#127552	REDUCE cov: 3579 ft: 11274 corp: 668/1233Kb lim: 2613 exec/s: 11595 rss: 454Mb L: 2241/2613 MS: 2 PersAutoDict-EraseBytes- DE: "?\000\000\000\000\000\000\000"-
#127803	NEW    cov: 3580 ft: 11275 corp: 669/1235Kb lim: 2613 exec/s: 11618 rss: 454Mb L: 1987/2613 MS: 1 ChangeBinInt-
#128316	REDUCE cov: 3580 ft: 11275 corp: 669/1235Kb lim: 2613 exec/s: 10693 rss: 454Mb L: 2505/2613 MS: 3 ChangeByte-InsertByte-EraseBytes-
#128350	NEW    cov: 3580 ft: 11283 corp: 670/1237Kb lim: 2613 exec/s: 10695 rss: 454Mb L: 2205/2613 MS: 4 CrossOver-ChangeBinInt-InsertByte-EraseBytes-
#128883	REDUCE cov: 3580 ft: 11283 corp: 670/1237Kb lim: 2613 exec/s: 10740 rss: 454Mb L: 1025/2613 MS: 3 ChangeByte-ShuffleBytes-EraseBytes-
#128889	REDUCE cov: 3580 ft: 11283 corp: 670/1237Kb lim: 2613 exec/s: 10740 rss: 454Mb L: 1662/2613 MS: 1 EraseBytes-
#129489	REDUCE cov: 3580 ft: 11283 corp: 670/1236Kb lim: 2613 exec/s: 10790 rss: 454Mb L: 1822/2613 MS: 5 ChangeASCIIInt-PersAutoDict-InsertRepeatedBytes-CopyPart-EraseBytes- DE: "\377\377\004\314"-
#129516	REDUCE cov: 3580 ft: 11283 corp: 670/1236Kb lim: 2613 exec/s: 10793 rss: 454Mb L: 449/2613 MS: 2 ChangeBinInt-EraseBytes-
#129570	REDUCE cov: 3580 ft: 11283 corp: 670/1236Kb lim: 2613 exec/s: 10797 rss: 454Mb L: 151/2613 MS: 4 ChangeBinInt-ChangeByte-CopyPart-EraseBytes-
#129728	NEW    cov: 3580 ft: 11284 corp: 671/1239Kb lim: 2613 exec/s: 10810 rss: 454Mb L: 2611/2613 MS: 3 InsertRepeatedBytes-ChangeByte-InsertRepeatedBytes-
#129944	REDUCE cov: 3580 ft: 11284 corp: 671/1239Kb lim: 2613 exec/s: 10828 rss: 454Mb L: 1972/2613 MS: 1 EraseBytes-
#129987	REDUCE cov: 3580 ft: 11284 corp: 671/1239Kb lim: 2613 exec/s: 10832 rss: 454Mb L: 2030/2613 MS: 3 ChangeBit-ShuffleBytes-EraseBytes-
#130098	NEW    cov: 3580 ft: 11285 corp: 672/1241Kb lim: 2613 exec/s: 10841 rss: 454Mb L: 1986/2613 MS: 1 PersAutoDict- DE: "8\004\000\000\000\000\000\000"-
#130104	REDUCE cov: 3580 ft: 11285 corp: 672/1241Kb lim: 2613 exec/s: 10842 rss: 454Mb L: 370/2613 MS: 1 EraseBytes-
#130110	REDUCE cov: 3580 ft: 11285 corp: 672/1240Kb lim: 2613 exec/s: 10842 rss: 454Mb L: 2068/2613 MS: 1 EraseBytes-
#130139	REDUCE cov: 3580 ft: 11285 corp: 672/1240Kb lim: 2613 exec/s: 10844 rss: 454Mb L: 2260/2613 MS: 4 ChangeBinInt-EraseBytes-ShuffleBytes-CopyPart-
#130407	REDUCE cov: 3580 ft: 11285 corp: 672/1240Kb lim: 2613 exec/s: 10867 rss: 454Mb L: 2506/2613 MS: 3 ChangeBit-PersAutoDict-EraseBytes- DE: "\314\005\000\000"-
#130660	REDUCE cov: 3580 ft: 11285 corp: 672/1240Kb lim: 2613 exec/s: 10888 rss: 454Mb L: 37/2613 MS: 3 CMP-ChangeBinInt-EraseBytes- DE: "\001#"-
#130928	REDUCE cov: 3580 ft: 11285 corp: 672/1240Kb lim: 2613 exec/s: 10910 rss: 454Mb L: 2124/2613 MS: 3 ShuffleBytes-ChangeBit-CrossOver-
#130934	REDUCE cov: 3580 ft: 11285 corp: 672/1240Kb lim: 2613 exec/s: 10911 rss: 454Mb L: 2228/2613 MS: 1 EraseBytes-
#130985	REDUCE cov: 3580 ft: 11285 corp: 672/1239Kb lim: 2613 exec/s: 10915 rss: 454Mb L: 1170/2613 MS: 1 EraseBytes-
#131072	pulse  cov: 3580 ft: 11285 corp: 672/1239Kb lim: 2613 exec/s: 10922 rss: 454Mb
#131191	REDUCE cov: 3580 ft: 11285 corp: 672/1239Kb lim: 2613 exec/s: 10932 rss: 454Mb L: 427/2613 MS: 1 EraseBytes-
#131418	REDUCE cov: 3580 ft: 11285 corp: 672/1239Kb lim: 2613 exec/s: 10951 rss: 454Mb L: 2268/2613 MS: 2 ChangeASCIIInt-EraseBytes-
#131546	REDUCE cov: 3580 ft: 11285 corp: 672/1239Kb lim: 2613 exec/s: 10962 rss: 454Mb L: 392/2613 MS: 3 InsertByte-ChangeBinInt-EraseBytes-
#131976	REDUCE cov: 3580 ft: 11285 corp: 672/1239Kb lim: 2613 exec/s: 10998 rss: 454Mb L: 1638/2613 MS: 5 InsertByte-CopyPart-CopyPart-InsertByte-EraseBytes-
#132415	REDUCE cov: 3580 ft: 11285 corp: 672/1239Kb lim: 2613 exec/s: 11034 rss: 454Mb L: 688/2613 MS: 4 PersAutoDict-ChangeBinInt-CopyPart-EraseBytes- DE: "\376\000\000\000"-
#132708	REDUCE cov: 3580 ft: 11285 corp: 672/1239Kb lim: 2613 exec/s: 11059 rss: 454Mb L: 1769/2613 MS: 3 ShuffleBytes-ChangeBit-EraseBytes-
#132725	REDUCE cov: 3580 ft: 11285 corp: 672/1239Kb lim: 2613 exec/s: 11060 rss: 454Mb L: 1042/2613 MS: 2 InsertByte-EraseBytes-
#132852	REDUCE cov: 3580 ft: 11285 corp: 672/1239Kb lim: 2613 exec/s: 11071 rss: 454Mb L: 1212/2613 MS: 2 EraseBytes-CopyPart-
#132943	REDUCE cov: 3580 ft: 11285 corp: 672/1239Kb lim: 2613 exec/s: 11078 rss: 454Mb L: 282/2613 MS: 1 EraseBytes-
#133376	NEW    cov: 3580 ft: 11287 corp: 673/1241Kb lim: 2613 exec/s: 11114 rss: 454Mb L: 2488/2613 MS: 3 ChangeByte-PersAutoDict-CrossOver- DE: "\007\005KP"-
#134043	REDUCE cov: 3580 ft: 11287 corp: 673/1241Kb lim: 2613 exec/s: 11170 rss: 454Mb L: 2119/2613 MS: 2 ChangeByte-EraseBytes-
#134045	REDUCE cov: 3580 ft: 11287 corp: 673/1241Kb lim: 2613 exec/s: 11170 rss: 454Mb L: 627/2613 MS: 2 PersAutoDict-EraseBytes- DE: "=\001\000\000\000\000\000\000"-
#134361	REDUCE cov: 3580 ft: 11287 corp: 673/1241Kb lim: 2613 exec/s: 11196 rss: 454Mb L: 2068/2613 MS: 1 EraseBytes-
#134474	REDUCE cov: 3580 ft: 11287 corp: 673/1241Kb lim: 2613 exec/s: 11206 rss: 454Mb L: 2245/2613 MS: 3 InsertByte-ChangeBinInt-EraseBytes-
#134511	REDUCE cov: 3580 ft: 11287 corp: 673/1241Kb lim: 2613 exec/s: 11209 rss: 454Mb L: 735/2613 MS: 2 PersAutoDict-EraseBytes- DE: "0\000\000\000\000\000\000\000"-
#134532	NEW    cov: 3580 ft: 11291 corp: 674/1241Kb lim: 2613 exec/s: 11211 rss: 454Mb L: 14/2613 MS: 1 InsertByte-
#134612	REDUCE cov: 3580 ft: 11291 corp: 674/1241Kb lim: 2613 exec/s: 11217 rss: 454Mb L: 2348/2613 MS: 5 ChangeBit-ChangeBinInt-CopyPart-ShuffleBytes-EraseBytes-
#134672	REDUCE cov: 3580 ft: 11291 corp: 674/1241Kb lim: 2613 exec/s: 11222 rss: 454Mb L: 1743/2613 MS: 5 ChangeBit-ChangeBinInt-InsertByte-ChangeBinInt-EraseBytes-
#135058	REDUCE cov: 3580 ft: 11291 corp: 674/1241Kb lim: 2613 exec/s: 11254 rss: 454Mb L: 413/2613 MS: 1 EraseBytes-
#135448	NEW    cov: 3580 ft: 11292 corp: 675/1243Kb lim: 2613 exec/s: 11287 rss: 454Mb L: 2477/2613 MS: 5 EraseBytes-ChangeByte-CrossOver-CrossOver-CMP- DE: "\002\000\000\000\000\000\000\000"-
#136200	NEW    cov: 3580 ft: 11298 corp: 676/1245Kb lim: 2613 exec/s: 11350 rss: 454Mb L: 2149/2613 MS: 2 ChangeBit-ChangeBinInt-
#136267	REDUCE cov: 3580 ft: 11298 corp: 676/1245Kb lim: 2613 exec/s: 11355 rss: 454Mb L: 1405/2613 MS: 2 ChangeBit-EraseBytes-
#136416	REDUCE cov: 3580 ft: 11298 corp: 676/1245Kb lim: 2613 exec/s: 11368 rss: 454Mb L: 1754/2613 MS: 4 ChangeByte-PersAutoDict-PersAutoDict-EraseBytes- DE: "\027\000\000\000\000\000\000\000"-"'\000\000\000\000\000\000\000"-
#136746	REDUCE cov: 3580 ft: 11298 corp: 676/1245Kb lim: 2613 exec/s: 11395 rss: 454Mb L: 1600/2613 MS: 5 ChangeBinInt-ChangeASCIIInt-InsertByte-CrossOver-EraseBytes-
#137090	REDUCE cov: 3580 ft: 11298 corp: 676/1245Kb lim: 2613 exec/s: 11424 rss: 454Mb L: 1030/2613 MS: 4 ChangeByte-ShuffleBytes-PersAutoDict-EraseBytes- DE: "\000\000\000\000\377\377\377\377"-
#137191	REDUCE cov: 3580 ft: 11298 corp: 676/1245Kb lim: 2613 exec/s: 11432 rss: 454Mb L: 29/2613 MS: 1 EraseBytes-
#137319	REDUCE cov: 3580 ft: 11298 corp: 676/1245Kb lim: 2613 exec/s: 11443 rss: 454Mb L: 450/2613 MS: 3 InsertRepeatedBytes-ChangeASCIIInt-EraseBytes-
#137575	REDUCE cov: 3580 ft: 11298 corp: 676/1245Kb lim: 2613 exec/s: 11464 rss: 454Mb L: 1634/2613 MS: 1 EraseBytes-
#137616	NEW    cov: 3581 ft: 11301 corp: 677/1247Kb lim: 2613 exec/s: 11468 rss: 454Mb L: 1985/2613 MS: 1 ChangeASCIIInt-
#137924	REDUCE cov: 3581 ft: 11301 corp: 677/1247Kb lim: 2613 exec/s: 11493 rss: 454Mb L: 2429/2613 MS: 3 InsertByte-ChangeBit-EraseBytes-
#137980	REDUCE cov: 3581 ft: 11301 corp: 677/1247Kb lim: 2613 exec/s: 11498 rss: 454Mb L: 1713/2613 MS: 1 EraseBytes-
#138087	REDUCE cov: 3581 ft: 11301 corp: 677/1247Kb lim: 2613 exec/s: 11507 rss: 454Mb L: 2031/2613 MS: 2 EraseBytes-CopyPart-
#138104	REDUCE cov: 3581 ft: 11301 corp: 677/1247Kb lim: 2613 exec/s: 11508 rss: 454Mb L: 1932/2613 MS: 2 ChangeBit-EraseBytes-
#138534	REDUCE cov: 3581 ft: 11301 corp: 677/1247Kb lim: 2613 exec/s: 11544 rss: 454Mb L: 2579/2613 MS: 5 PersAutoDict-ChangeBit-CopyPart-ChangeBinInt-EraseBytes- DE: "`tne"-
#138764	REDUCE cov: 3581 ft: 11301 corp: 677/1246Kb lim: 2613 exec/s: 10674 rss: 454Mb L: 1276/2613 MS: 5 ChangeByte-ChangeByte-PersAutoDict-ChangeByte-EraseBytes- DE: "\377\377\377\377\377\377\377j"-
#138765	NEW    cov: 3581 ft: 11305 corp: 678/1248Kb lim: 2613 exec/s: 10674 rss: 454Mb L: 1949/2613 MS: 1 ShuffleBytes-
#138974	REDUCE cov: 3581 ft: 11305 corp: 678/1248Kb lim: 2613 exec/s: 10690 rss: 454Mb L: 1670/2613 MS: 4 InsertByte-ChangeBit-PersAutoDict-EraseBytes- DE: "\223|,I"-
#138980	REDUCE cov: 3581 ft: 11305 corp: 678/1248Kb lim: 2613 exec/s: 10690 rss: 454Mb L: 183/2613 MS: 1 EraseBytes-
#139848	REDUCE cov: 3581 ft: 11305 corp: 678/1248Kb lim: 2613 exec/s: 10757 rss: 456Mb L: 1266/2613 MS: 3 ChangeBinInt-CopyPart-EraseBytes-
#140291	REDUCE cov: 3581 ft: 11305 corp: 678/1248Kb lim: 2613 exec/s: 10791 rss: 462Mb L: 1262/2613 MS: 3 CopyPart-InsertByte-EraseBytes-
#140417	NEW    cov: 3581 ft: 11306 corp: 679/1250Kb lim: 2613 exec/s: 10801 rss: 464Mb L: 2499/2613 MS: 1 CrossOver-
#140451	NEW    cov: 3581 ft: 11308 corp: 680/1252Kb lim: 2613 exec/s: 10803 rss: 464Mb L: 2353/2613 MS: 4 CMP-InsertRepeatedBytes-ChangeBinInt-ChangeBit- DE: "\377\021"-
#141012	NEW    cov: 3582 ft: 11309 corp: 681/1254Kb lim: 2613 exec/s: 10847 rss: 464Mb L: 1986/2613 MS: 1 ChangeByte-
#141483	REDUCE cov: 3582 ft: 11309 corp: 681/1254Kb lim: 2613 exec/s: 10883 rss: 464Mb L: 611/2613 MS: 1 EraseBytes-
#141531	REDUCE cov: 3582 ft: 11309 corp: 681/1254Kb lim: 2613 exec/s: 10887 rss: 466Mb L: 2351/2613 MS: 3 ChangeASCIIInt-ChangeBit-EraseBytes-
#141808	REDUCE cov: 3582 ft: 11309 corp: 681/1254Kb lim: 2613 exec/s: 10908 rss: 467Mb L: 1658/2613 MS: 2 ChangeBinInt-EraseBytes-
#141947	REDUCE cov: 3582 ft: 11309 corp: 681/1254Kb lim: 2613 exec/s: 10919 rss: 467Mb L: 2216/2613 MS: 4 CMP-ChangeBit-ShuffleBytes-EraseBytes- DE: "\005\005KP"-
#142092	REDUCE cov: 3582 ft: 11309 corp: 681/1254Kb lim: 2613 exec/s: 10930 rss: 467Mb L: 2151/2613 MS: 5 EraseBytes-PersAutoDict-ChangeByte-ChangeBinInt-InsertRepeatedBytes- DE: "\001\000\000\000\000\000\001%"-
#142232	REDUCE cov: 3582 ft: 11309 corp: 681/1254Kb lim: 2613 exec/s: 10940 rss: 467Mb L: 1613/2613 MS: 5 CopyPart-ChangeBit-CopyPart-CrossOver-EraseBytes-
#142572	REDUCE cov: 3582 ft: 11309 corp: 681/1254Kb lim: 2613 exec/s: 10967 rss: 467Mb L: 269/2613 MS: 5 CrossOver-ChangeBinInt-ChangeBinInt-ChangeASCIIInt-EraseBytes-
#142578	REDUCE cov: 3582 ft: 11309 corp: 681/1254Kb lim: 2613 exec/s: 10967 rss: 467Mb L: 2032/2613 MS: 1 EraseBytes-
#142911	REDUCE cov: 3582 ft: 11309 corp: 681/1254Kb lim: 2613 exec/s: 10993 rss: 484Mb L: 2163/2613 MS: 3 PersAutoDict-InsertRepeatedBytes-EraseBytes- DE: "\005\000\000\000\000\000\000\000"-
#144065	REDUCE cov: 3582 ft: 11309 corp: 681/1253Kb lim: 2624 exec/s: 11081 rss: 484Mb L: 2397/2613 MS: 4 CopyPart-InsertRepeatedBytes-EraseBytes-InsertByte-
#144471	NEW    cov: 3583 ft: 11310 corp: 682/1255Kb lim: 2624 exec/s: 11113 rss: 484Mb L: 1985/2613 MS: 1 CrossOver-
#144547	REDUCE cov: 3583 ft: 11310 corp: 682/1255Kb lim: 2624 exec/s: 11119 rss: 484Mb L: 2278/2613 MS: 1 EraseBytes-
#144669	REDUCE cov: 3583 ft: 11310 corp: 682/1255Kb lim: 2624 exec/s: 11128 rss: 484Mb L: 78/2613 MS: 2 ChangeBit-EraseBytes-
#144812	REDUCE cov: 3583 ft: 11310 corp: 682/1255Kb lim: 2624 exec/s: 11139 rss: 484Mb L: 2008/2613 MS: 3 InsertRepeatedBytes-CopyPart-EraseBytes-
#145204	REDUCE cov: 3583 ft: 11310 corp: 682/1255Kb lim: 2624 exec/s: 11169 rss: 484Mb L: 2453/2613 MS: 2 EraseBytes-CrossOver-
#145671	REDUCE cov: 3583 ft: 11310 corp: 682/1255Kb lim: 2624 exec/s: 11205 rss: 484Mb L: 2414/2613 MS: 2 ChangeBinInt-EraseBytes-
#145749	REDUCE cov: 3583 ft: 11310 corp: 682/1255Kb lim: 2624 exec/s: 11211 rss: 484Mb L: 2340/2613 MS: 3 PersAutoDict-CMP-EraseBytes- DE: "\313\000\000\000\000\000\000\000"-"\264\272\253d"-
#145906	NEW    cov: 3583 ft: 11316 corp: 683/1257Kb lim: 2624 exec/s: 11223 rss: 484Mb L: 2305/2613 MS: 2 ShuffleBytes-CopyPart-
#145967	NEW    cov: 3584 ft: 11335 corp: 684/1259Kb lim: 2624 exec/s: 11228 rss: 484Mb L: 2339/2613 MS: 1 CopyPart-
#146113	REDUCE cov: 3584 ft: 11335 corp: 684/1259Kb lim: 2624 exec/s: 11239 rss: 484Mb L: 795/2613 MS: 1 EraseBytes-
#146309	REDUCE cov: 3584 ft: 11335 corp: 684/1258Kb lim: 2624 exec/s: 11254 rss: 484Mb L: 1385/2613 MS: 1 EraseBytes-
#146751	REDUCE cov: 3584 ft: 11335 corp: 684/1258Kb lim: 2624 exec/s: 11288 rss: 484Mb L: 231/2613 MS: 2 InsertRepeatedBytes-EraseBytes-
#146975	REDUCE cov: 3584 ft: 11347 corp: 685/1260Kb lim: 2624 exec/s: 11305 rss: 484Mb L: 2168/2613 MS: 4 PersAutoDict-CopyPart-PersAutoDict-CopyPart- DE: "\376\000\000\000"-"\005\005KP"-
#147306	REDUCE cov: 3584 ft: 11347 corp: 685/1260Kb lim: 2624 exec/s: 11331 rss: 484Mb L: 814/2613 MS: 1 EraseBytes-
#147780	REDUCE cov: 3584 ft: 11347 corp: 685/1260Kb lim: 2624 exec/s: 11367 rss: 484Mb L: 1783/2613 MS: 4 ChangeByte-InsertByte-PersAutoDict-EraseBytes- DE: "\000\000\000\000\000\000\0018"-
#147821	NEW    cov: 3585 ft: 11348 corp: 686/1262Kb lim: 2624 exec/s: 11370 rss: 484Mb L: 2160/2613 MS: 1 CopyPart-
#147941	REDUCE cov: 3585 ft: 11348 corp: 686/1262Kb lim: 2624 exec/s: 11380 rss: 484Mb L: 1115/2613 MS: 5 CMP-CopyPart-CopyPart-PersAutoDict-EraseBytes- DE: "\377\377\377\377\377\377\003X"-"\377\377\377\377\377\377\377;"-
#148919	REDUCE cov: 3585 ft: 11348 corp: 686/1262Kb lim: 2624 exec/s: 11455 rss: 484Mb L: 1653/2613 MS: 3 InsertRepeatedBytes-InsertByte-EraseBytes-
#149102	NEW    cov: 3585 ft: 11349 corp: 687/1265Kb lim: 2624 exec/s: 10650 rss: 484Mb L: 2393/2613 MS: 3 InsertByte-ChangeBit-CrossOver-
#149103	REDUCE cov: 3585 ft: 11349 corp: 687/1265Kb lim: 2624 exec/s: 10650 rss: 484Mb L: 2006/2613 MS: 1 EraseBytes-
#149167	NEW    cov: 3585 ft: 11355 corp: 688/1267Kb lim: 2624 exec/s: 10654 rss: 484Mb L: 2530/2613 MS: 4 CopyPart-ChangeByte-ChangeBit-ChangeBit-
#149171	NEW    cov: 3585 ft: 11357 corp: 689/1270Kb lim: 2624 exec/s: 10655 rss: 484Mb L: 2535/2613 MS: 4 CopyPart-PersAutoDict-ShuffleBytes-CrossOver- DE: "\377\377\377\374"-
#149297	REDUCE cov: 3585 ft: 11357 corp: 689/1270Kb lim: 2624 exec/s: 10664 rss: 484Mb L: 1040/2613 MS: 1 EraseBytes-
#149418	REDUCE cov: 3585 ft: 11357 corp: 689/1270Kb lim: 2624 exec/s: 10672 rss: 484Mb L: 2378/2613 MS: 1 EraseBytes-
#149675	REDUCE cov: 3585 ft: 11357 corp: 689/1269Kb lim: 2624 exec/s: 10691 rss: 484Mb L: 727/2613 MS: 2 ShuffleBytes-EraseBytes-
#149734	REDUCE cov: 3585 ft: 11357 corp: 689/1269Kb lim: 2624 exec/s: 10695 rss: 484Mb L: 1385/2613 MS: 4 PersAutoDict-ChangeBit-ChangeBit-EraseBytes- DE: "w\000\000\000"-
#150058	REDUCE cov: 3585 ft: 11357 corp: 689/1269Kb lim: 2624 exec/s: 10718 rss: 484Mb L: 2173/2613 MS: 4 ShuffleBytes-ChangeASCIIInt-EraseBytes-CopyPart-
#150078	REDUCE cov: 3585 ft: 11357 corp: 689/1269Kb lim: 2624 exec/s: 10719 rss: 484Mb L: 1695/2613 MS: 5 PersAutoDict-CMP-InsertRepeatedBytes-ChangeASCIIInt-EraseBytes- DE: "\000\000\000\000\000\000\0018"-"\300\336$]"-
#150304	NEW    cov: 3585 ft: 11363 corp: 690/1271Kb lim: 2624 exec/s: 10736 rss: 484Mb L: 2488/2613 MS: 1 InsertByte-
#150344	REDUCE cov: 3585 ft: 11363 corp: 690/1271Kb lim: 2624 exec/s: 10738 rss: 484Mb L: 2310/2613 MS: 5 ChangeBinInt-ChangeBinInt-ChangeBinInt-EraseBytes-CrossOver-
#150737	REDUCE cov: 3585 ft: 11363 corp: 690/1271Kb lim: 2624 exec/s: 10766 rss: 484Mb L: 2099/2613 MS: 3 CopyPart-CopyPart-EraseBytes-
#150755	REDUCE cov: 3585 ft: 11363 corp: 690/1271Kb lim: 2624 exec/s: 10768 rss: 484Mb L: 582/2613 MS: 3 ChangeByte-ChangeBinInt-EraseBytes-
#150951	REDUCE cov: 3585 ft: 11363 corp: 690/1271Kb lim: 2624 exec/s: 10782 rss: 484Mb L: 197/2613 MS: 1 EraseBytes-
#150952	NEW    cov: 3586 ft: 11364 corp: 691/1274Kb lim: 2624 exec/s: 10782 rss: 484Mb L: 2339/2613 MS: 1 ChangeASCIIInt-
#151145	REDUCE cov: 3586 ft: 11364 corp: 691/1273Kb lim: 2624 exec/s: 10796 rss: 484Mb L: 89/2613 MS: 3 ChangeBit-InsertByte-EraseBytes-
#152991	NEW    cov: 3586 ft: 11365 corp: 692/1275Kb lim: 2635 exec/s: 10927 rss: 484Mb L: 1986/2613 MS: 1 CMP- DE: "\367\377\377\377\377\377\377\177"-
#153027	REDUCE cov: 3586 ft: 11365 corp: 692/1275Kb lim: 2635 exec/s: 10930 rss: 484Mb L: 56/2613 MS: 1 EraseBytes-
#153283	REDUCE cov: 3586 ft: 11366 corp: 693/1278Kb lim: 2635 exec/s: 10948 rss: 484Mb L: 2488/2613 MS: 1 CopyPart-
#153370	REDUCE cov: 3586 ft: 11366 corp: 693/1278Kb lim: 2635 exec/s: 10955 rss: 484Mb L: 33/2613 MS: 2 ChangeByte-EraseBytes-
#153766	NEW    cov: 3586 ft: 11367 corp: 694/1280Kb lim: 2635 exec/s: 10983 rss: 484Mb L: 2426/2613 MS: 1 ChangeBinInt-
#154362	NEW    cov: 3587 ft: 11369 corp: 695/1282Kb lim: 2635 exec/s: 11025 rss: 484Mb L: 1615/2613 MS: 1 ChangeByte-
#154494	REDUCE cov: 3587 ft: 11372 corp: 696/1284Kb lim: 2635 exec/s: 11035 rss: 484Mb L: 2634/2634 MS: 2 InsertRepeatedBytes-CrossOver-
#154532	REDUCE cov: 3587 ft: 11374 corp: 697/1286Kb lim: 2635 exec/s: 11038 rss: 484Mb L: 1860/2634 MS: 3 CopyPart-ChangeBit-CopyPart-
#154633	REDUCE cov: 3587 ft: 11374 corp: 697/1286Kb lim: 2635 exec/s: 11045 rss: 484Mb L: 27/2634 MS: 1 EraseBytes-
#155185	REDUCE cov: 3587 ft: 11374 corp: 697/1286Kb lim: 2635 exec/s: 11084 rss: 484Mb L: 1946/2634 MS: 2 ShuffleBytes-EraseBytes-
#155323	REDUCE cov: 3587 ft: 11374 corp: 697/1286Kb lim: 2635 exec/s: 11094 rss: 484Mb L: 1284/2634 MS: 3 InsertByte-EraseBytes-CopyPart-
#155836	REDUCE cov: 3587 ft: 11374 corp: 697/1286Kb lim: 2635 exec/s: 11131 rss: 484Mb L: 2526/2634 MS: 3 ChangeByte-ChangeBit-EraseBytes-
#155842	REDUCE cov: 3587 ft: 11374 corp: 697/1286Kb lim: 2635 exec/s: 11131 rss: 484Mb L: 2265/2634 MS: 1 EraseBytes-
#156043	NEW    cov: 3587 ft: 11375 corp: 698/1289Kb lim: 2635 exec/s: 11145 rss: 484Mb L: 2621/2634 MS: 1 PersAutoDict- DE: "\177\000\000\000\000\000\000\002"-
#156063	NEW    cov: 3587 ft: 11404 corp: 699/1291Kb lim: 2635 exec/s: 11147 rss: 484Mb L: 2181/2634 MS: 5 ChangeASCIIInt-CopyPart-ShuffleBytes-ShuffleBytes-ChangeBinInt-
#156660	REDUCE cov: 3587 ft: 11404 corp: 699/1290Kb lim: 2635 exec/s: 11190 rss: 484Mb L: 1134/2634 MS: 2 EraseBytes-InsertRepeatedBytes-
#156695	REDUCE cov: 3587 ft: 11404 corp: 699/1290Kb lim: 2635 exec/s: 11192 rss: 484Mb L: 1119/2634 MS: 5 ChangeASCIIInt-ChangeBit-ChangeByte-ShuffleBytes-EraseBytes-
#157344	NEW    cov: 3588 ft: 11405 corp: 700/1292Kb lim: 2635 exec/s: 11238 rss: 484Mb L: 2009/2634 MS: 4 ChangeBinInt-CMP-InsertByte-CMP- DE: "\377\344"-"OK\001\002"-
#157353	REDUCE cov: 3588 ft: 11405 corp: 700/1292Kb lim: 2635 exec/s: 11239 rss: 484Mb L: 347/2634 MS: 4 PersAutoDict-CMP-ShuffleBytes-EraseBytes- DE: "\376\377\377\377"-"\000\346"-
#157384	NEW    cov: 3588 ft: 11406 corp: 701/1295Kb lim: 2635 exec/s: 11241 rss: 484Mb L: 2625/2634 MS: 1 CMP- DE: "\001\000\000\023"-
#157437	REDUCE cov: 3588 ft: 11406 corp: 701/1295Kb lim: 2635 exec/s: 11245 rss: 484Mb L: 2300/2634 MS: 3 EraseBytes-CopyPart-InsertRepeatedBytes-
#157489	NEW    cov: 3588 ft: 11407 corp: 702/1297Kb lim: 2635 exec/s: 11249 rss: 484Mb L: 2426/2634 MS: 2 ChangeBit-ShuffleBytes-
#158308	REDUCE cov: 3588 ft: 11407 corp: 702/1297Kb lim: 2635 exec/s: 11307 rss: 484Mb L: 2210/2634 MS: 4 ChangeByte-PersAutoDict-ChangeBit-EraseBytes- DE: "\005\005KP"-
#158785	REDUCE cov: 3588 ft: 11407 corp: 702/1297Kb lim: 2635 exec/s: 11341 rss: 484Mb L: 230/2634 MS: 2 InsertRepeatedBytes-EraseBytes-
#159131	REDUCE cov: 3588 ft: 11407 corp: 702/1297Kb lim: 2635 exec/s: 11366 rss: 484Mb L: 1843/2634 MS: 1 EraseBytes-
#159724	REDUCE cov: 3588 ft: 11407 corp: 702/1297Kb lim: 2635 exec/s: 11408 rss: 484Mb L: 1905/2634 MS: 3 InsertRepeatedBytes-ChangeBit-EraseBytes-
#160073	REDUCE cov: 3588 ft: 11407 corp: 702/1296Kb lim: 2635 exec/s: 10671 rss: 484Mb L: 2250/2634 MS: 4 PersAutoDict-PersAutoDict-ChangeByte-EraseBytes- DE: "\300\336$]"-"\007\000\000\000\000\000\000\000"-
#160941	REDUCE cov: 3588 ft: 11407 corp: 702/1296Kb lim: 2635 exec/s: 10729 rss: 484Mb L: 1028/2634 MS: 3 EraseBytes-ChangeBit-InsertRepeatedBytes-
#161102	REDUCE cov: 3588 ft: 11407 corp: 702/1296Kb lim: 2635 exec/s: 10740 rss: 484Mb L: 2534/2634 MS: 1 EraseBytes-
#161166	REDUCE cov: 3588 ft: 11407 corp: 702/1296Kb lim: 2635 exec/s: 10744 rss: 484Mb L: 71/2634 MS: 4 ChangeBit-CMP-CopyPart-EraseBytes- DE: "\3710+\255"-
#161404	NEW    cov: 3588 ft: 11413 corp: 703/1299Kb lim: 2635 exec/s: 10760 rss: 484Mb L: 2530/2634 MS: 3 ChangeByte-ChangeBinInt-CopyPart-
#161719	REDUCE cov: 3588 ft: 11413 corp: 703/1298Kb lim: 2635 exec/s: 10781 rss: 484Mb L: 2264/2634 MS: 5 InsertByte-InsertRepeatedBytes-InsertByte-ChangeBinInt-EraseBytes-
#161856	REDUCE cov: 3588 ft: 11413 corp: 703/1298Kb lim: 2635 exec/s: 10790 rss: 484Mb L: 299/2634 MS: 2 ChangeASCIIInt-EraseBytes-
#161866	REDUCE cov: 3588 ft: 11413 corp: 703/1298Kb lim: 2635 exec/s: 10791 rss: 484Mb L: 1643/2634 MS: 5 ChangeBit-ChangeBit-PersAutoDict-ChangeByte-EraseBytes- DE: "8\000\000\000\000\000\000\000"-
#161928	REDUCE cov: 3588 ft: 11413 corp: 703/1298Kb lim: 2635 exec/s: 10795 rss: 484Mb L: 1286/2634 MS: 2 ShuffleBytes-EraseBytes-
#163312	REDUCE cov: 3588 ft: 11413 corp: 703/1298Kb lim: 2646 exec/s: 10887 rss: 484Mb L: 2297/2634 MS: 4 InsertRepeatedBytes-InsertRepeatedBytes-ChangeBinInt-EraseBytes-
#163494	REDUCE cov: 3588 ft: 11414 corp: 704/1299Kb lim: 2646 exec/s: 10899 rss: 484Mb L: 1961/2634 MS: 2 PersAutoDict-EraseBytes- DE: "\260D\025\311"-
#163662	REDUCE cov: 3588 ft: 11415 corp: 705/1302Kb lim: 2646 exec/s: 10910 rss: 484Mb L: 2260/2634 MS: 3 ShuffleBytes-CrossOver-CopyPart-
#163672	REDUCE cov: 3588 ft: 11415 corp: 705/1302Kb lim: 2646 exec/s: 10911 rss: 484Mb L: 2236/2634 MS: 5 ChangeBit-ChangeBinInt-InsertRepeatedBytes-EraseBytes-InsertRepeatedBytes-
#163829	REDUCE cov: 3588 ft: 11415 corp: 705/1302Kb lim: 2646 exec/s: 10921 rss: 484Mb L: 1879/2634 MS: 2 InsertByte-EraseBytes-
#163867	REDUCE cov: 3588 ft: 11415 corp: 705/1301Kb lim: 2646 exec/s: 10924 rss: 484Mb L: 1869/2634 MS: 3 ChangeByte-InsertRepeatedBytes-EraseBytes-
#163943	REDUCE cov: 3588 ft: 11415 corp: 705/1301Kb lim: 2646 exec/s: 10929 rss: 484Mb L: 1179/2634 MS: 1 EraseBytes-
#164034	NEW    cov: 3588 ft: 11418 corp: 706/1304Kb lim: 2646 exec/s: 10935 rss: 484Mb L: 2634/2634 MS: 1 CopyPart-
#164391	NEW    cov: 3588 ft: 11419 corp: 707/1306Kb lim: 2646 exec/s: 10959 rss: 484Mb L: 1949/2634 MS: 2 ChangeByte-ShuffleBytes-
#164486	NEW    cov: 3588 ft: 11420 corp: 708/1308Kb lim: 2646 exec/s: 10965 rss: 484Mb L: 2629/2634 MS: 5 ChangeBit-CMP-ChangeBinInt-ChangeBit-CopyPart- DE: "\376\377\377\377\377\377\377\177"-
#164778	REDUCE cov: 3588 ft: 11420 corp: 708/1308Kb lim: 2646 exec/s: 10985 rss: 484Mb L: 16/2634 MS: 2 InsertByte-EraseBytes-
#164944	NEW    cov: 3588 ft: 11422 corp: 709/1311Kb lim: 2646 exec/s: 10996 rss: 484Mb L: 2426/2634 MS: 1 ChangeASCIIInt-
#165007	REDUCE cov: 3588 ft: 11422 corp: 709/1311Kb lim: 2646 exec/s: 11000 rss: 484Mb L: 1587/2634 MS: 3 ChangeByte-PersAutoDict-EraseBytes- DE: "\377\377\377\374"-
#165115	NEW    cov: 3588 ft: 11448 corp: 710/1313Kb lim: 2646 exec/s: 11007 rss: 484Mb L: 2534/2634 MS: 3 InsertRepeatedBytes-CopyPart-CopyPart-
#165661	REDUCE cov: 3588 ft: 11448 corp: 710/1313Kb lim: 2646 exec/s: 11044 rss: 484Mb L: 596/2634 MS: 1 EraseBytes-
#166119	REDUCE cov: 3588 ft: 11448 corp: 710/1312Kb lim: 2646 exec/s: 11074 rss: 484Mb L: 1220/2634 MS: 3 ChangeByte-ChangeByte-EraseBytes-
#166265	REDUCE cov: 3588 ft: 11448 corp: 710/1312Kb lim: 2646 exec/s: 11084 rss: 484Mb L: 1080/2634 MS: 1 EraseBytes-
#166431	REDUCE cov: 3588 ft: 11448 corp: 710/1312Kb lim: 2646 exec/s: 11095 rss: 484Mb L: 1680/2634 MS: 1 EraseBytes-
#166452	REDUCE cov: 3588 ft: 11448 corp: 710/1312Kb lim: 2646 exec/s: 11096 rss: 484Mb L: 2600/2634 MS: 1 EraseBytes-
#166811	REDUCE cov: 3588 ft: 11448 corp: 710/1312Kb lim: 2646 exec/s: 11120 rss: 484Mb L: 2416/2634 MS: 4 ChangeBit-InsertByte-ChangeASCIIInt-EraseBytes-
#166947	REDUCE cov: 3588 ft: 11448 corp: 710/1312Kb lim: 2646 exec/s: 11129 rss: 484Mb L: 196/2634 MS: 1 EraseBytes-
#167241	NEW    cov: 3591 ft: 11464 corp: 711/1314Kb lim: 2646 exec/s: 11149 rss: 484Mb L: 1986/2634 MS: 4 ChangeBinInt-CrossOver-ChangeByte-CMP- DE: "\017\000\000\000"-
#167271	REDUCE cov: 3591 ft: 11464 corp: 711/1313Kb lim: 2646 exec/s: 11151 rss: 484Mb L: 853/2634 MS: 5 EraseBytes-PersAutoDict-InsertByte-InsertRepeatedBytes-CopyPart- DE: "w\000\000\000"-
	NEW_FUNC[1/1]: 0x000105ee5f54 in _RNvXs2_NtCsiM9RhRMGE50_3zip12extra_fieldsNtB5_14UsedExtraFieldNtNtCs7oq3hgLOR5a_4core3fmt7Display3fmt+0x0 (fuzz_zip:arm64+0x101869f54)
#167428	REDUCE cov: 3597 ft: 11470 corp: 712/1316Kb lim: 2646 exec/s: 11161 rss: 484Mb L: 2135/2634 MS: 2 CMP-ShuffleBytes- DE: "\011\000\000\000"-
#167697	REDUCE cov: 3597 ft: 11470 corp: 712/1315Kb lim: 2646 exec/s: 11179 rss: 484Mb L: 2506/2634 MS: 4 ChangeByte-ChangeBit-ChangeByte-EraseBytes-
#167723	NEW    cov: 3597 ft: 11473 corp: 713/1317Kb lim: 2646 exec/s: 11181 rss: 484Mb L: 1985/2634 MS: 1 ChangeBit-
#168127	REDUCE cov: 3597 ft: 11473 corp: 713/1317Kb lim: 2646 exec/s: 11208 rss: 484Mb L: 724/2634 MS: 4 PersAutoDict-PersAutoDict-InsertRepeatedBytes-EraseBytes- DE: "\001#"-"\006\005KP"-
#168405	REDUCE cov: 3597 ft: 11473 corp: 713/1317Kb lim: 2646 exec/s: 11227 rss: 484Mb L: 292/2634 MS: 3 ShuffleBytes-InsertByte-EraseBytes-
#168818	REDUCE cov: 3597 ft: 11473 corp: 713/1317Kb lim: 2646 exec/s: 11254 rss: 484Mb L: 2427/2634 MS: 3 ChangeByte-ChangeBit-EraseBytes-
#168929	REDUCE cov: 3597 ft: 11473 corp: 713/1317Kb lim: 2646 exec/s: 11261 rss: 484Mb L: 2090/2634 MS: 1 EraseBytes-
#170105	REDUCE cov: 3597 ft: 11473 corp: 713/1317Kb lim: 2657 exec/s: 11340 rss: 484Mb L: 2232/2634 MS: 1 EraseBytes-
#170397	REDUCE cov: 3597 ft: 11473 corp: 713/1317Kb lim: 2657 exec/s: 11359 rss: 484Mb L: 273/2634 MS: 2 ChangeASCIIInt-EraseBytes-
#170613	NEW    cov: 3597 ft: 11477 corp: 714/1319Kb lim: 2657 exec/s: 11374 rss: 484Mb L: 1985/2634 MS: 1 ShuffleBytes-
#171007	NEW    cov: 3598 ft: 11478 corp: 715/1321Kb lim: 2657 exec/s: 11400 rss: 484Mb L: 1985/2634 MS: 4 ChangeBinInt-ChangeByte-ShuffleBytes-ChangeBit-
#171225	REDUCE cov: 3598 ft: 11478 corp: 715/1320Kb lim: 2657 exec/s: 11415 rss: 484Mb L: 1684/2634 MS: 3 CMP-EraseBytes-CrossOver- DE: "\000\000\005\313"-
#171313	REDUCE cov: 3598 ft: 11478 corp: 715/1320Kb lim: 2657 exec/s: 11420 rss: 484Mb L: 2212/2634 MS: 3 CopyPart-InsertRepeatedBytes-EraseBytes-
#171319	NEW    cov: 3598 ft: 11485 corp: 716/1322Kb lim: 2657 exec/s: 11421 rss: 484Mb L: 2203/2634 MS: 1 CopyPart-
#171446	REDUCE cov: 3598 ft: 11485 corp: 716/1322Kb lim: 2657 exec/s: 11429 rss: 484Mb L: 141/2634 MS: 2 ChangeBinInt-EraseBytes-
#171595	NEW    cov: 3598 ft: 11486 corp: 717/1325Kb lim: 2657 exec/s: 10724 rss: 484Mb L: 2625/2634 MS: 4 CopyPart-PersAutoDict-ShuffleBytes-InsertRepeatedBytes- DE: "\3710+\255"-
#171749	REDUCE cov: 3598 ft: 11486 corp: 717/1325Kb lim: 2657 exec/s: 10734 rss: 484Mb L: 2346/2634 MS: 4 CMP-ChangeBit-ChangeByte-EraseBytes- DE: "\006\005KP"-
#172280	REDUCE cov: 3598 ft: 11486 corp: 717/1325Kb lim: 2657 exec/s: 10767 rss: 484Mb L: 1758/2634 MS: 1 EraseBytes-
#172458	REDUCE cov: 3598 ft: 11486 corp: 717/1324Kb lim: 2657 exec/s: 10778 rss: 484Mb L: 1360/2634 MS: 3 PersAutoDict-ChangeBinInt-EraseBytes- DE: "\377\377\377\377"-
#172774	NEW    cov: 3598 ft: 11497 corp: 718/1326Kb lim: 2657 exec/s: 10798 rss: 484Mb L: 2399/2634 MS: 1 InsertRepeatedBytes-
#172976	REDUCE cov: 3598 ft: 11497 corp: 718/1326Kb lim: 2657 exec/s: 10811 rss: 484Mb L: 1078/2634 MS: 2 ChangeByte-EraseBytes-
#173157	REDUCE cov: 3598 ft: 11497 corp: 718/1326Kb lim: 2657 exec/s: 10822 rss: 484Mb L: 1694/2634 MS: 1 EraseBytes-
#173283	REDUCE cov: 3598 ft: 11497 corp: 718/1326Kb lim: 2657 exec/s: 10830 rss: 484Mb L: 2430/2634 MS: 1 EraseBytes-
#173325	REDUCE cov: 3598 ft: 11497 corp: 718/1325Kb lim: 2657 exec/s: 10832 rss: 484Mb L: 1995/2634 MS: 2 ChangeASCIIInt-EraseBytes-
#173416	REDUCE cov: 3598 ft: 11497 corp: 718/1325Kb lim: 2657 exec/s: 10838 rss: 484Mb L: 2225/2634 MS: 1 EraseBytes-
#173681	REDUCE cov: 3598 ft: 11497 corp: 718/1325Kb lim: 2657 exec/s: 10855 rss: 484Mb L: 1947/2634 MS: 5 ChangeByte-InsertRepeatedBytes-ChangeASCIIInt-ChangeASCIIInt-EraseBytes-
#174303	REDUCE cov: 3598 ft: 11497 corp: 718/1325Kb lim: 2657 exec/s: 10893 rss: 484Mb L: 2073/2634 MS: 2 PersAutoDict-EraseBytes- DE: "w\000\000\000"-
#174344	NEW    cov: 3598 ft: 11500 corp: 719/1327Kb lim: 2657 exec/s: 10896 rss: 484Mb L: 1986/2634 MS: 1 ShuffleBytes-
#174387	REDUCE cov: 3598 ft: 11500 corp: 719/1327Kb lim: 2657 exec/s: 10899 rss: 484Mb L: 1259/2634 MS: 3 ChangeByte-PersAutoDict-EraseBytes- DE: "\001\000`.\371\343'\257"-
#174472	REDUCE cov: 3598 ft: 11502 corp: 720/1329Kb lim: 2657 exec/s: 10904 rss: 484Mb L: 2007/2634 MS: 5 PersAutoDict-PersAutoDict-ChangeBit-EraseBytes-CrossOver- DE: "$\210"-".\000\000\000\000\000\000\000"-
#174485	REDUCE cov: 3598 ft: 11502 corp: 720/1329Kb lim: 2657 exec/s: 10905 rss: 484Mb L: 152/2634 MS: 3 ChangeBit-PersAutoDict-EraseBytes- DE: "\011\000\000\000"-
#174884	REDUCE cov: 3598 ft: 11502 corp: 720/1329Kb lim: 2657 exec/s: 10930 rss: 484Mb L: 2171/2634 MS: 4 PersAutoDict-ChangeByte-ShuffleBytes-EraseBytes- DE: "mx.]"-
#175146	REDUCE cov: 3598 ft: 11502 corp: 720/1328Kb lim: 2657 exec/s: 10946 rss: 484Mb L: 1064/2634 MS: 2 ShuffleBytes-EraseBytes-
#175204	REDUCE cov: 3598 ft: 11502 corp: 720/1328Kb lim: 2657 exec/s: 10950 rss: 484Mb L: 1662/2634 MS: 3 CrossOver-CopyPart-EraseBytes-
#175472	REDUCE cov: 3598 ft: 11502 corp: 720/1328Kb lim: 2657 exec/s: 10967 rss: 484Mb L: 1651/2634 MS: 3 ChangeByte-ChangeByte-EraseBytes-
#175690	REDUCE cov: 3598 ft: 11502 corp: 720/1328Kb lim: 2657 exec/s: 10980 rss: 484Mb L: 1097/2634 MS: 3 ChangeByte-CMP-EraseBytes- DE: "\210\203\2556"-
#175872	REDUCE cov: 3598 ft: 11502 corp: 720/1328Kb lim: 2657 exec/s: 10992 rss: 484Mb L: 858/2634 MS: 2 InsertByte-EraseBytes-
#175939	REDUCE cov: 3598 ft: 11502 corp: 720/1328Kb lim: 2657 exec/s: 10996 rss: 484Mb L: 1848/2634 MS: 2 ChangeByte-EraseBytes-
#176956	REDUCE cov: 3598 ft: 11502 corp: 720/1328Kb lim: 2657 exec/s: 11059 rss: 484Mb L: 2190/2634 MS: 2 ChangeByte-EraseBytes-
#177102	REDUCE cov: 3598 ft: 11502 corp: 720/1328Kb lim: 2657 exec/s: 11068 rss: 484Mb L: 2216/2634 MS: 1 EraseBytes-
#177258	REDUCE cov: 3598 ft: 11502 corp: 720/1328Kb lim: 2657 exec/s: 11078 rss: 484Mb L: 1016/2634 MS: 1 EraseBytes-
#177544	REDUCE cov: 3598 ft: 11502 corp: 720/1327Kb lim: 2657 exec/s: 11096 rss: 484Mb L: 702/2634 MS: 1 EraseBytes-
#178018	REDUCE cov: 3598 ft: 11502 corp: 720/1327Kb lim: 2657 exec/s: 11126 rss: 484Mb L: 107/2634 MS: 4 ChangeASCIIInt-InsertByte-ShuffleBytes-EraseBytes-
#178101	REDUCE cov: 3598 ft: 11502 corp: 720/1327Kb lim: 2657 exec/s: 11131 rss: 484Mb L: 506/2634 MS: 3 ChangeBit-ChangeASCIIInt-EraseBytes-
#178929	REDUCE cov: 3598 ft: 11502 corp: 720/1327Kb lim: 2657 exec/s: 11183 rss: 484Mb L: 80/2634 MS: 3 ChangeBit-ChangeBit-EraseBytes-
#179377	REDUCE cov: 3598 ft: 11502 corp: 720/1327Kb lim: 2657 exec/s: 11211 rss: 484Mb L: 846/2634 MS: 3 ChangeByte-EraseBytes-CopyPart-
#179759	REDUCE cov: 3598 ft: 11502 corp: 720/1327Kb lim: 2657 exec/s: 11234 rss: 484Mb L: 2054/2634 MS: 2 ChangeByte-EraseBytes-
#179986	REDUCE cov: 3598 ft: 11502 corp: 720/1327Kb lim: 2657 exec/s: 11249 rss: 484Mb L: 2093/2634 MS: 2 ShuffleBytes-EraseBytes-
#180082	REDUCE cov: 3598 ft: 11502 corp: 720/1326Kb lim: 2657 exec/s: 11255 rss: 484Mb L: 1458/2634 MS: 1 EraseBytes-
#180515	REDUCE cov: 3598 ft: 11502 corp: 720/1326Kb lim: 2657 exec/s: 11282 rss: 484Mb L: 2410/2634 MS: 3 CMP-ChangeBinInt-EraseBytes- DE: "\000\000\000\000\000\000\0000"-
#180693	REDUCE cov: 3598 ft: 11505 corp: 721/1329Kb lim: 2657 exec/s: 11293 rss: 484Mb L: 2569/2634 MS: 3 ShuffleBytes-InsertRepeatedBytes-CopyPart-
#180773	NEW    cov: 3598 ft: 11508 corp: 722/1331Kb lim: 2657 exec/s: 11298 rss: 484Mb L: 2638/2638 MS: 5 ChangeASCIIInt-CMP-ChangeBinInt-ChangeBit-CopyPart- DE: "\377\377\377\374"-
#181061	REDUCE cov: 3598 ft: 11508 corp: 722/1331Kb lim: 2657 exec/s: 11316 rss: 484Mb L: 437/2638 MS: 3 ChangeBit-ShuffleBytes-EraseBytes-
#181538	REDUCE cov: 3598 ft: 11508 corp: 722/1331Kb lim: 2657 exec/s: 11346 rss: 484Mb L: 813/2638 MS: 2 ShuffleBytes-EraseBytes-
#181638	NEW    cov: 3598 ft: 11509 corp: 723/1334Kb lim: 2657 exec/s: 11352 rss: 484Mb L: 2426/2638 MS: 5 ShuffleBytes-ChangeASCIIInt-ChangeASCIIInt-ChangeBit-ShuffleBytes-
#181816	REDUCE cov: 3598 ft: 11512 corp: 724/1334Kb lim: 2657 exec/s: 11363 rss: 484Mb L: 85/2638 MS: 3 InsertRepeatedBytes-CrossOver-CopyPart-
#182239	NEW    cov: 3598 ft: 11515 corp: 725/1335Kb lim: 2657 exec/s: 11389 rss: 484Mb L: 1870/2638 MS: 3 ChangeBit-InsertByte-CrossOver-
#182281	REDUCE cov: 3598 ft: 11515 corp: 725/1335Kb lim: 2657 exec/s: 11392 rss: 484Mb L: 49/2638 MS: 2 InsertByte-EraseBytes-
#182308	REDUCE cov: 3598 ft: 11515 corp: 725/1335Kb lim: 2657 exec/s: 11394 rss: 484Mb L: 2362/2638 MS: 2 ChangeByte-EraseBytes-
#182590	REDUCE cov: 3598 ft: 11515 corp: 725/1335Kb lim: 2657 exec/s: 10740 rss: 484Mb L: 1948/2638 MS: 2 CopyPart-EraseBytes-
#182671	REDUCE cov: 3598 ft: 11515 corp: 725/1335Kb lim: 2657 exec/s: 10745 rss: 484Mb L: 2230/2638 MS: 1 EraseBytes-
#182825	REDUCE cov: 3598 ft: 11515 corp: 725/1335Kb lim: 2657 exec/s: 10754 rss: 484Mb L: 2305/2638 MS: 4 ShuffleBytes-ChangeByte-ChangeBit-EraseBytes-
#182924	REDUCE cov: 3598 ft: 11515 corp: 725/1335Kb lim: 2657 exec/s: 10760 rss: 484Mb L: 256/2638 MS: 4 ChangeBit-ChangeByte-ChangeByte-EraseBytes-
#182942	REDUCE cov: 3598 ft: 11515 corp: 725/1335Kb lim: 2657 exec/s: 10761 rss: 484Mb L: 2196/2638 MS: 3 CrossOver-PersAutoDict-EraseBytes- DE: "\003\232"-
#183135	REDUCE cov: 3598 ft: 11515 corp: 725/1335Kb lim: 2657 exec/s: 10772 rss: 484Mb L: 1490/2638 MS: 3 EraseBytes-CMP-InsertRepeatedBytes- DE: "k\002\000\000\000\000\000\000"-
#183458	REDUCE cov: 3598 ft: 11515 corp: 725/1335Kb lim: 2657 exec/s: 10791 rss: 484Mb L: 2076/2638 MS: 3 InsertRepeatedBytes-CMP-EraseBytes- DE: "\007\005KP"-
#183735	NEW    cov: 3598 ft: 11517 corp: 726/1337Kb lim: 2657 exec/s: 10807 rss: 484Mb L: 1986/2638 MS: 2 ChangeASCIIInt-ChangeByte-
#183947	NEW    cov: 3598 ft: 11518 corp: 727/1340Kb lim: 2657 exec/s: 10820 rss: 484Mb L: 2488/2638 MS: 2 ChangeByte-ChangeBinInt-
#183955	REDUCE cov: 3598 ft: 11518 corp: 727/1339Kb lim: 2657 exec/s: 10820 rss: 484Mb L: 1932/2638 MS: 3 PersAutoDict-ChangeBit-EraseBytes- DE: "U\370\343\306"-
#184306	REDUCE cov: 3599 ft: 11519 corp: 728/1341Kb lim: 2657 exec/s: 10841 rss: 484Mb L: 1845/2638 MS: 1 CrossOver-
#184442	NEW    cov: 3599 ft: 11521 corp: 729/1344Kb lim: 2657 exec/s: 10849 rss: 484Mb L: 2492/2638 MS: 1 CMP- DE: "\001\000%\214"-
#184610	REDUCE cov: 3599 ft: 11521 corp: 729/1344Kb lim: 2657 exec/s: 10859 rss: 484Mb L: 1420/2638 MS: 3 InsertByte-CrossOver-EraseBytes-
#185166	REDUCE cov: 3599 ft: 11521 corp: 729/1344Kb lim: 2657 exec/s: 10892 rss: 484Mb L: 2286/2638 MS: 1 EraseBytes-
#185222	NEW    cov: 3599 ft: 11523 corp: 730/1345Kb lim: 2657 exec/s: 10895 rss: 484Mb L: 1949/2638 MS: 1 ChangeBit-
#185434	REDUCE cov: 3599 ft: 11523 corp: 730/1345Kb lim: 2657 exec/s: 10907 rss: 484Mb L: 2215/2638 MS: 2 PersAutoDict-EraseBytes- DE: "\001\000\000\000\000\000\001%"-
#185473	REDUCE cov: 3599 ft: 11523 corp: 730/1345Kb lim: 2657 exec/s: 10910 rss: 484Mb L: 1075/2638 MS: 4 PersAutoDict-ChangeByte-InsertRepeatedBytes-EraseBytes- DE: "\001\000\000\000\000\000\000\000"-
#185579	NEW    cov: 3599 ft: 11525 corp: 731/1348Kb lim: 2657 exec/s: 10916 rss: 484Mb L: 2149/2638 MS: 1 ShuffleBytes-
#185733	REDUCE cov: 3599 ft: 11525 corp: 731/1348Kb lim: 2657 exec/s: 10925 rss: 484Mb L: 1411/2638 MS: 4 ChangeBinInt-ChangeBinInt-ChangeByte-EraseBytes-
#185774	REDUCE cov: 3599 ft: 11525 corp: 731/1347Kb lim: 2657 exec/s: 10927 rss: 484Mb L: 2515/2638 MS: 1 EraseBytes-
#185950	NEW    cov: 3599 ft: 11527 corp: 732/1349Kb lim: 2657 exec/s: 10938 rss: 484Mb L: 1986/2638 MS: 1 ShuffleBytes-
#186052	REDUCE cov: 3599 ft: 11527 corp: 732/1349Kb lim: 2657 exec/s: 10944 rss: 484Mb L: 1581/2638 MS: 2 ChangeBit-EraseBytes-
#186308	REDUCE cov: 3599 ft: 11527 corp: 732/1349Kb lim: 2657 exec/s: 10959 rss: 484Mb L: 2361/2638 MS: 1 EraseBytes-
#186445	REDUCE cov: 3599 ft: 11527 corp: 732/1349Kb lim: 2657 exec/s: 10967 rss: 484Mb L: 2343/2638 MS: 2 PersAutoDict-EraseBytes- DE: "\000\000\000\000\000\000\000\000"-
#186803	REDUCE cov: 3599 ft: 11527 corp: 732/1349Kb lim: 2657 exec/s: 10988 rss: 484Mb L: 1581/2638 MS: 3 ChangeBit-CopyPart-EraseBytes-
#187231	REDUCE cov: 3599 ft: 11527 corp: 732/1349Kb lim: 2657 exec/s: 11013 rss: 484Mb L: 1670/2638 MS: 3 PersAutoDict-InsertRepeatedBytes-EraseBytes- DE: "U\370\343\306"-
#187486	REDUCE cov: 3599 ft: 11527 corp: 732/1349Kb lim: 2657 exec/s: 11028 rss: 484Mb L: 2493/2638 MS: 5 ChangeBinInt-ChangeBinInt-CrossOver-ChangeASCIIInt-EraseBytes-
#187502	NEW    cov: 3599 ft: 11536 corp: 733/1351Kb lim: 2657 exec/s: 11029 rss: 484Mb L: 1986/2638 MS: 1 CopyPart-
#187698	REDUCE cov: 3599 ft: 11536 corp: 733/1351Kb lim: 2657 exec/s: 11041 rss: 484Mb L: 1570/2638 MS: 1 EraseBytes-
#187819	REDUCE cov: 3599 ft: 11536 corp: 733/1351Kb lim: 2657 exec/s: 11048 rss: 484Mb L: 1881/2638 MS: 1 EraseBytes-
#188078	REDUCE cov: 3599 ft: 11536 corp: 733/1351Kb lim: 2657 exec/s: 11063 rss: 484Mb L: 2348/2638 MS: 4 InsertByte-InsertByte-ChangeByte-EraseBytes-
#188138	REDUCE cov: 3599 ft: 11536 corp: 733/1350Kb lim: 2657 exec/s: 11066 rss: 484Mb L: 584/2638 MS: 5 ChangeBit-InsertByte-PersAutoDict-InsertByte-EraseBytes- DE: "\007\005KP"-
#188355	REDUCE cov: 3599 ft: 11536 corp: 733/1350Kb lim: 2657 exec/s: 11079 rss: 484Mb L: 1486/2638 MS: 2 CopyPart-EraseBytes-
#188406	REDUCE cov: 3599 ft: 11536 corp: 733/1350Kb lim: 2657 exec/s: 11082 rss: 484Mb L: 568/2638 MS: 1 EraseBytes-
#188906	REDUCE cov: 3599 ft: 11536 corp: 733/1350Kb lim: 2657 exec/s: 11112 rss: 484Mb L: 1618/2638 MS: 5 ChangeBinInt-ChangeByte-ChangeBit-ChangeASCIIInt-EraseBytes-
#188958	REDUCE cov: 3599 ft: 11536 corp: 733/1350Kb lim: 2657 exec/s: 11115 rss: 484Mb L: 2299/2638 MS: 2 ChangeASCIIInt-EraseBytes-
#189194	NEW    cov: 3599 ft: 11537 corp: 734/1352Kb lim: 2657 exec/s: 11129 rss: 484Mb L: 1986/2638 MS: 1 ChangeBinInt-
#189271	NEW    cov: 3599 ft: 11539 corp: 735/1354Kb lim: 2657 exec/s: 11133 rss: 484Mb L: 2552/2638 MS: 2 PersAutoDict-CopyPart- DE: "w\000\000\000"-
#189489	REDUCE cov: 3599 ft: 11539 corp: 735/1354Kb lim: 2657 exec/s: 11146 rss: 484Mb L: 1733/2638 MS: 3 ShuffleBytes-ChangeByte-EraseBytes-
#190673	NEW    cov: 3599 ft: 11540 corp: 736/1356Kb lim: 2668 exec/s: 11216 rss: 484Mb L: 2533/2638 MS: 4 PersAutoDict-InsertRepeatedBytes-ShuffleBytes-InsertRepeatedBytes- DE: "\377\377\377\377\377\377\377;"-
#190924	REDUCE cov: 3599 ft: 11540 corp: 736/1356Kb lim: 2668 exec/s: 11230 rss: 484Mb L: 1796/2638 MS: 1 EraseBytes-
#190957	NEW    cov: 3599 ft: 11541 corp: 737/1358Kb lim: 2668 exec/s: 11232 rss: 484Mb L: 1985/2638 MS: 3 ChangeBit-ChangeByte-ChangeByte-
#191150	REDUCE cov: 3599 ft: 11541 corp: 737/1358Kb lim: 2668 exec/s: 11244 rss: 484Mb L: 701/2638 MS: 3 ChangeBinInt-ChangeBit-EraseBytes-
#191187	REDUCE cov: 3599 ft: 11541 corp: 737/1358Kb lim: 2668 exec/s: 11246 rss: 484Mb L: 997/2638 MS: 2 InsertRepeatedBytes-EraseBytes-
#191247	REDUCE cov: 3599 ft: 11541 corp: 737/1358Kb lim: 2668 exec/s: 11249 rss: 484Mb L: 2605/2638 MS: 5 PersAutoDict-ShuffleBytes-ChangeByte-CopyPart-EraseBytes- DE: "\005\000\000\000\000\000\000\000"-
#191738	REDUCE cov: 3599 ft: 11541 corp: 737/1358Kb lim: 2668 exec/s: 11278 rss: 484Mb L: 1622/2638 MS: 1 EraseBytes-
#191754	REDUCE cov: 3599 ft: 11541 corp: 737/1358Kb lim: 2668 exec/s: 11279 rss: 484Mb L: 90/2638 MS: 1 EraseBytes-
#191983	REDUCE cov: 3599 ft: 11541 corp: 737/1357Kb lim: 2668 exec/s: 11293 rss: 484Mb L: 2320/2638 MS: 4 ChangeByte-PersAutoDict-CMP-EraseBytes- DE: "\006\000\000\000\000\000\000\000"-"J\002\000\000\000\000\000\000"-
#192158	REDUCE cov: 3599 ft: 11541 corp: 737/1357Kb lim: 2668 exec/s: 11303 rss: 484Mb L: 1966/2638 MS: 5 ChangeBit-CMP-ChangeByte-PersAutoDict-EraseBytes- DE: "\000\000\000\000\000\000\001S"-"\265\000\000\000"-
#192250	REDUCE cov: 3599 ft: 11541 corp: 737/1357Kb lim: 2668 exec/s: 11308 rss: 484Mb L: 2424/2638 MS: 2 PersAutoDict-EraseBytes- DE: "\367\377\377\377\377\377\377\177"-
#192546	REDUCE cov: 3599 ft: 11543 corp: 738/1360Kb lim: 2668 exec/s: 11326 rss: 484Mb L: 2270/2638 MS: 1 CopyPart-
#192829	REDUCE cov: 3599 ft: 11543 corp: 738/1360Kb lim: 2668 exec/s: 11342 rss: 484Mb L: 1809/2638 MS: 3 ChangeByte-PersAutoDict-EraseBytes- DE: "\377\377\377\377\377\377\003X"-
#193720	NEW    cov: 3602 ft: 11546 corp: 739/1361Kb lim: 2668 exec/s: 10762 rss: 484Mb L: 1628/2638 MS: 1 EraseBytes-
#194158	REDUCE cov: 3602 ft: 11547 corp: 740/1363Kb lim: 2668 exec/s: 10786 rss: 484Mb L: 2127/2638 MS: 3 CopyPart-InsertByte-InsertRepeatedBytes-
#194200	NEW    cov: 3603 ft: 11549 corp: 741/1365Kb lim: 2668 exec/s: 10788 rss: 484Mb L: 1982/2638 MS: 2 ChangeByte-PersAutoDict- DE: "\003\232"-
#194422	REDUCE cov: 3603 ft: 11549 corp: 741/1365Kb lim: 2668 exec/s: 10801 rss: 484Mb L: 2289/2638 MS: 2 ShuffleBytes-EraseBytes-
#194763	REDUCE cov: 3603 ft: 11549 corp: 741/1365Kb lim: 2668 exec/s: 10820 rss: 484Mb L: 1835/2638 MS: 1 EraseBytes-
#194919	REDUCE cov: 3603 ft: 11549 corp: 741/1365Kb lim: 2668 exec/s: 10828 rss: 484Mb L: 679/2638 MS: 1 EraseBytes-
#194956	REDUCE cov: 3603 ft: 11549 corp: 741/1365Kb lim: 2668 exec/s: 10830 rss: 484Mb L: 2596/2638 MS: 2 ChangeASCIIInt-EraseBytes-
#195498	REDUCE cov: 3603 ft: 11549 corp: 741/1365Kb lim: 2668 exec/s: 10861 rss: 484Mb L: 2472/2638 MS: 2 InsertByte-EraseBytes-
#195651	REDUCE cov: 3603 ft: 11549 corp: 741/1365Kb lim: 2668 exec/s: 10869 rss: 484Mb L: 1472/2638 MS: 3 ChangeByte-CopyPart-EraseBytes-
#196202	REDUCE cov: 3603 ft: 11549 corp: 741/1365Kb lim: 2668 exec/s: 10900 rss: 484Mb L: 1995/2638 MS: 1 EraseBytes-
#196322	REDUCE cov: 3603 ft: 11549 corp: 741/1365Kb lim: 2668 exec/s: 10906 rss: 484Mb L: 25/2638 MS: 5 EraseBytes-EraseBytes-ShuffleBytes-ChangeBit-InsertRepeatedBytes-
#196361	NEW    cov: 3603 ft: 11550 corp: 742/1367Kb lim: 2668 exec/s: 10908 rss: 484Mb L: 2488/2638 MS: 4 CrossOver-ChangeBinInt-ShuffleBytes-CMP- DE: "\301\336$w"-
#196683	REDUCE cov: 3603 ft: 11550 corp: 742/1367Kb lim: 2668 exec/s: 10926 rss: 484Mb L: 1754/2638 MS: 2 ChangeByte-EraseBytes-
#196897	REDUCE cov: 3603 ft: 11550 corp: 742/1367Kb lim: 2668 exec/s: 10938 rss: 484Mb L: 45/2638 MS: 4 ChangeByte-ChangeByte-ChangeByte-EraseBytes-
#197068	REDUCE cov: 3603 ft: 11550 corp: 742/1367Kb lim: 2668 exec/s: 10948 rss: 484Mb L: 499/2638 MS: 1 EraseBytes-
#197270	REDUCE cov: 3603 ft: 11550 corp: 742/1367Kb lim: 2668 exec/s: 10959 rss: 484Mb L: 140/2638 MS: 2 CMP-EraseBytes- DE: "\307\011\000\000\000\000\000\000"-
#197471	REDUCE cov: 3603 ft: 11550 corp: 742/1367Kb lim: 2668 exec/s: 10970 rss: 484Mb L: 132/2638 MS: 1 EraseBytes-
#197904	REDUCE cov: 3603 ft: 11550 corp: 742/1367Kb lim: 2668 exec/s: 10994 rss: 484Mb L: 2099/2638 MS: 3 EraseBytes-InsertByte-InsertRepeatedBytes-
#197961	REDUCE cov: 3603 ft: 11550 corp: 742/1367Kb lim: 2668 exec/s: 10997 rss: 484Mb L: 44/2638 MS: 2 PersAutoDict-EraseBytes- DE: "\000\000\000\000\000\000\000\000"-
#198249	REDUCE cov: 3603 ft: 11550 corp: 742/1367Kb lim: 2668 exec/s: 11013 rss: 484Mb L: 2088/2638 MS: 3 PersAutoDict-ChangeBinInt-EraseBytes- DE: "\377\377\377\377\377\377\377\020"-
#198350	NEW    cov: 3603 ft: 11551 corp: 743/1369Kb lim: 2668 exec/s: 11019 rss: 484Mb L: 1986/2638 MS: 1 ChangeByte-
#198856	REDUCE cov: 3603 ft: 11551 corp: 743/1369Kb lim: 2668 exec/s: 11047 rss: 484Mb L: 2549/2638 MS: 1 EraseBytes-
#199123	NEW    cov: 3603 ft: 11552 corp: 744/1371Kb lim: 2668 exec/s: 11062 rss: 484Mb L: 2426/2638 MS: 2 CMP-ChangeBit- DE: "\007\005KP"-
#199237	NEW    cov: 3603 ft: 11610 corp: 745/1374Kb lim: 2668 exec/s: 11068 rss: 484Mb L: 2569/2638 MS: 4 ShuffleBytes-CrossOver-ChangeBinInt-CopyPart-
#199408	REDUCE cov: 3603 ft: 11610 corp: 745/1373Kb lim: 2668 exec/s: 11078 rss: 484Mb L: 1652/2638 MS: 1 EraseBytes-
#199534	REDUCE cov: 3603 ft: 11610 corp: 745/1373Kb lim: 2668 exec/s: 11085 rss: 484Mb L: 1901/2638 MS: 1 EraseBytes-
#200221	REDUCE cov: 3603 ft: 11610 corp: 745/1373Kb lim: 2668 exec/s: 11123 rss: 484Mb L: 2391/2638 MS: 2 ChangeBinInt-EraseBytes-
#200423	REDUCE cov: 3603 ft: 11610 corp: 745/1373Kb lim: 2668 exec/s: 11134 rss: 484Mb L: 2306/2638 MS: 2 InsertRepeatedBytes-EraseBytes-
#200490	REDUCE cov: 3603 ft: 11610 corp: 745/1373Kb lim: 2668 exec/s: 11138 rss: 484Mb L: 1107/2638 MS: 2 CopyPart-EraseBytes-
#200610	REDUCE cov: 3603 ft: 11613 corp: 746/1375Kb lim: 2668 exec/s: 11145 rss: 484Mb L: 2503/2638 MS: 5 ChangeBit-InsertRepeatedBytes-ChangeByte-CrossOver-CopyPart-
#200631	REDUCE cov: 3603 ft: 11613 corp: 746/1375Kb lim: 2668 exec/s: 11146 rss: 484Mb L: 1143/2638 MS: 1 EraseBytes-
#201062	REDUCE cov: 3603 ft: 11613 corp: 746/1375Kb lim: 2668 exec/s: 11170 rss: 484Mb L: 785/2638 MS: 1 EraseBytes-
#201279	REDUCE cov: 3603 ft: 11613 corp: 746/1375Kb lim: 2668 exec/s: 11182 rss: 484Mb L: 8/2638 MS: 2 ChangeByte-EraseBytes-
#201764	REDUCE cov: 3603 ft: 11613 corp: 746/1375Kb lim: 2668 exec/s: 11209 rss: 484Mb L: 1916/2638 MS: 5 ChangeByte-EraseBytes-ChangeByte-ChangeBinInt-InsertRepeatedBytes-
#201801	REDUCE cov: 3603 ft: 11613 corp: 746/1375Kb lim: 2668 exec/s: 11211 rss: 484Mb L: 2349/2638 MS: 2 CrossOver-EraseBytes-
#201857	NEW    cov: 3603 ft: 11620 corp: 747/1377Kb lim: 2668 exec/s: 11214 rss: 484Mb L: 1986/2638 MS: 1 ChangeASCIIInt-
#201888	NEW    cov: 3603 ft: 11636 corp: 748/1379Kb lim: 2668 exec/s: 11216 rss: 484Mb L: 2398/2638 MS: 1 CopyPart-
#202098	REDUCE cov: 3603 ft: 11636 corp: 748/1379Kb lim: 2668 exec/s: 11227 rss: 484Mb L: 2466/2638 MS: 5 InsertRepeatedBytes-ChangeBit-InsertByte-CopyPart-EraseBytes-
#202169	REDUCE cov: 3603 ft: 11636 corp: 748/1379Kb lim: 2668 exec/s: 11231 rss: 484Mb L: 38/2638 MS: 1 EraseBytes-
#203142	REDUCE cov: 3603 ft: 11636 corp: 748/1378Kb lim: 2668 exec/s: 11285 rss: 484Mb L: 1626/2638 MS: 3 ChangeBit-ChangeBinInt-EraseBytes-
#203183	REDUCE cov: 3603 ft: 11636 corp: 748/1378Kb lim: 2668 exec/s: 11287 rss: 484Mb L: 2425/2634 MS: 1 EraseBytes-
#203544	NEW    cov: 3603 ft: 11637 corp: 749/1380Kb lim: 2668 exec/s: 11308 rss: 484Mb L: 1986/2634 MS: 1 CopyPart-
#204550	NEW    cov: 3604 ft: 11638 corp: 750/1382Kb lim: 2668 exec/s: 10765 rss: 484Mb L: 1986/2634 MS: 1 ChangeBit-
#204865	REDUCE cov: 3604 ft: 11638 corp: 750/1382Kb lim: 2668 exec/s: 10782 rss: 484Mb L: 1911/2634 MS: 5 ShuffleBytes-CrossOver-ChangeByte-ShuffleBytes-EraseBytes-
#204970	REDUCE cov: 3604 ft: 11638 corp: 750/1382Kb lim: 2668 exec/s: 10787 rss: 484Mb L: 22/2634 MS: 5 InsertByte-ChangeByte-CopyPart-ChangeBit-EraseBytes-
#204976	NEW    cov: 3604 ft: 11642 corp: 751/1384Kb lim: 2668 exec/s: 10788 rss: 484Mb L: 2388/2634 MS: 1 CrossOver-
#206448	REDUCE cov: 3604 ft: 11642 corp: 751/1384Kb lim: 2679 exec/s: 10865 rss: 484Mb L: 114/2634 MS: 2 InsertRepeatedBytes-EraseBytes-
#206492	REDUCE cov: 3604 ft: 11642 corp: 751/1384Kb lim: 2679 exec/s: 10868 rss: 484Mb L: 558/2634 MS: 4 ChangeBinInt-ShuffleBytes-ChangeByte-EraseBytes-
#206868	REDUCE cov: 3604 ft: 11645 corp: 752/1386Kb lim: 2679 exec/s: 10887 rss: 484Mb L: 2468/2634 MS: 1 CopyPart-
#207330	REDUCE cov: 3604 ft: 11645 corp: 752/1386Kb lim: 2679 exec/s: 10912 rss: 484Mb L: 1942/2634 MS: 2 CopyPart-EraseBytes-
#207779	REDUCE cov: 3604 ft: 11645 corp: 752/1386Kb lim: 2679 exec/s: 10935 rss: 484Mb L: 1036/2634 MS: 4 ChangeByte-ChangeBit-EraseBytes-InsertRepeatedBytes-
#208076	REDUCE cov: 3604 ft: 11645 corp: 752/1385Kb lim: 2679 exec/s: 10951 rss: 484Mb L: 1554/2634 MS: 2 InsertByte-EraseBytes-
#208078	REDUCE cov: 3604 ft: 11645 corp: 752/1385Kb lim: 2679 exec/s: 10951 rss: 484Mb L: 392/2634 MS: 2 ShuffleBytes-EraseBytes-
#208984	REDUCE cov: 3604 ft: 11645 corp: 752/1385Kb lim: 2679 exec/s: 10999 rss: 484Mb L: 2346/2634 MS: 1 EraseBytes-
#209033	REDUCE cov: 3604 ft: 11646 corp: 753/1388Kb lim: 2679 exec/s: 11001 rss: 484Mb L: 2494/2634 MS: 4 InsertByte-CrossOver-ChangeBinInt-CopyPart-
#209979	REDUCE cov: 3604 ft: 11646 corp: 753/1388Kb lim: 2679 exec/s: 11051 rss: 484Mb L: 71/2634 MS: 1 EraseBytes-
#210412	REDUCE cov: 3604 ft: 11646 corp: 753/1388Kb lim: 2679 exec/s: 11074 rss: 484Mb L: 2514/2634 MS: 3 ChangeByte-PersAutoDict-EraseBytes- DE: "\377\377\377\377\377\377\377\034"-
#211205	NEW    cov: 3604 ft: 11647 corp: 754/1390Kb lim: 2679 exec/s: 11116 rss: 484Mb L: 1949/2634 MS: 3 ChangeBinInt-ChangeBinInt-ShuffleBytes-
#211356	REDUCE cov: 3604 ft: 11647 corp: 754/1390Kb lim: 2679 exec/s: 11124 rss: 484Mb L: 1250/2634 MS: 1 EraseBytes-
#211397	NEW    cov: 3604 ft: 11649 corp: 755/1391Kb lim: 2679 exec/s: 11126 rss: 484Mb L: 1619/2634 MS: 1 ChangeBit-
#212159	REDUCE cov: 3604 ft: 11649 corp: 755/1391Kb lim: 2679 exec/s: 11166 rss: 484Mb L: 60/2634 MS: 2 PersAutoDict-EraseBytes- DE: "\000\000\000\000\000\000\0000"-
#212315	NEW    cov: 3604 ft: 11650 corp: 756/1393Kb lim: 2679 exec/s: 11174 rss: 484Mb L: 1985/2634 MS: 1 CMP- DE: "\377\377\377\377\377\377\377\377"-
#212542	REDUCE cov: 3604 ft: 11650 corp: 756/1393Kb lim: 2679 exec/s: 11186 rss: 484Mb L: 1926/2634 MS: 2 CopyPart-EraseBytes-
#213245	REDUCE cov: 3604 ft: 11650 corp: 756/1393Kb lim: 2679 exec/s: 11223 rss: 484Mb L: 2252/2634 MS: 3 EraseBytes-ChangeBit-InsertRepeatedBytes-
#213528	REDUCE cov: 3604 ft: 11650 corp: 756/1393Kb lim: 2679 exec/s: 11238 rss: 484Mb L: 2366/2634 MS: 3 CMP-ChangeByte-EraseBytes- DE: "\020\007\000\000"-
#213924	REDUCE cov: 3604 ft: 11650 corp: 756/1393Kb lim: 2679 exec/s: 10696 rss: 484Mb L: 32/2634 MS: 1 EraseBytes-
#214358	REDUCE cov: 3604 ft: 11650 corp: 756/1393Kb lim: 2679 exec/s: 10717 rss: 484Mb L: 1223/2634 MS: 4 InsertByte-ChangeBit-ChangeASCIIInt-EraseBytes-
#214552	REDUCE cov: 3604 ft: 11650 corp: 756/1393Kb lim: 2679 exec/s: 10727 rss: 484Mb L: 63/2634 MS: 4 InsertByte-InsertByte-ShuffleBytes-EraseBytes-
#214633	NEW    cov: 3605 ft: 11651 corp: 757/1395Kb lim: 2679 exec/s: 10731 rss: 484Mb L: 2339/2634 MS: 1 ChangeASCIIInt-
#214707	REDUCE cov: 3605 ft: 11651 corp: 757/1395Kb lim: 2679 exec/s: 10735 rss: 484Mb L: 2298/2634 MS: 4 ChangeBinInt-ShuffleBytes-CopyPart-CrossOver-
#214717	REDUCE cov: 3605 ft: 11651 corp: 757/1395Kb lim: 2679 exec/s: 10735 rss: 484Mb L: 2153/2634 MS: 5 InsertByte-CMP-InsertByte-EraseBytes-ChangeBinInt- DE: "\001\000\000\000\000\000\000T"-
	NEW_FUNC[1/1]: 0x000105ecb208 in _RNvMs0_NtCshHndeVPFfDG_9hashbrown3rawNtB5_8ProbeSeq9move_next+0x0 (fuzz_zip:arm64+0x10184f208)
#214940	NEW    cov: 3609 ft: 11655 corp: 758/1397Kb lim: 2679 exec/s: 10747 rss: 484Mb L: 2426/2634 MS: 3 CopyPart-ChangeBinInt-ChangeASCIIInt-
#215198	REDUCE cov: 3609 ft: 11655 corp: 758/1397Kb lim: 2679 exec/s: 10759 rss: 484Mb L: 1041/2634 MS: 3 PersAutoDict-ChangeASCIIInt-EraseBytes- DE: "\000\000"-
#215209	NEW    cov: 3609 ft: 11656 corp: 759/1399Kb lim: 2679 exec/s: 10760 rss: 484Mb L: 2426/2634 MS: 1 ChangeByte-
#215261	REDUCE cov: 3609 ft: 11656 corp: 759/1399Kb lim: 2679 exec/s: 10763 rss: 484Mb L: 863/2634 MS: 2 PersAutoDict-EraseBytes- DE: "\024\000\000\000\000\000\000\000"-
#215441	REDUCE cov: 3609 ft: 11656 corp: 759/1399Kb lim: 2679 exec/s: 10772 rss: 484Mb L: 2079/2634 MS: 5 EraseBytes-CopyPart-ChangeByte-ChangeBit-CrossOver-
#216052	REDUCE cov: 3609 ft: 11656 corp: 759/1399Kb lim: 2679 exec/s: 10802 rss: 484Mb L: 679/2634 MS: 1 EraseBytes-
#216389	REDUCE cov: 3609 ft: 11656 corp: 759/1399Kb lim: 2679 exec/s: 10819 rss: 484Mb L: 1587/2634 MS: 2 EraseBytes-InsertRepeatedBytes-
#216954	REDUCE cov: 3609 ft: 11657 corp: 760/1400Kb lim: 2679 exec/s: 10847 rss: 484Mb L: 1175/2634 MS: 5 EraseBytes-PersAutoDict-InsertRepeatedBytes-EraseBytes-CopyPart- DE: "\000\000\000\000\000\000\000\256"-
#217533	REDUCE cov: 3609 ft: 11657 corp: 760/1400Kb lim: 2679 exec/s: 10876 rss: 484Mb L: 1028/2634 MS: 4 ChangeByte-InsertRepeatedBytes-InsertRepeatedBytes-EraseBytes-
#217678	REDUCE cov: 3609 ft: 11657 corp: 760/1400Kb lim: 2679 exec/s: 10883 rss: 484Mb L: 948/2634 MS: 5 ChangeBinInt-EraseBytes-ChangeByte-ChangeBit-CopyPart-
#218059	REDUCE cov: 3609 ft: 11657 corp: 760/1400Kb lim: 2679 exec/s: 10902 rss: 484Mb L: 2273/2634 MS: 1 EraseBytes-
#218241	REDUCE cov: 3609 ft: 11657 corp: 760/1400Kb lim: 2679 exec/s: 10912 rss: 484Mb L: 1566/2634 MS: 2 EraseBytes-PersAutoDict- DE: "\000\000>\006"-
#218608	REDUCE cov: 3609 ft: 11658 corp: 761/1402Kb lim: 2679 exec/s: 10930 rss: 484Mb L: 2415/2634 MS: 2 ChangeBit-InsertRepeatedBytes-
#219875	REDUCE cov: 3609 ft: 11658 corp: 761/1401Kb lim: 2690 exec/s: 10993 rss: 484Mb L: 1745/2634 MS: 2 ChangeBinInt-EraseBytes-
#220327	REDUCE cov: 3609 ft: 11658 corp: 761/1401Kb lim: 2690 exec/s: 11016 rss: 484Mb L: 2021/2634 MS: 2 ShuffleBytes-EraseBytes-
#220418	NEW    cov: 3609 ft: 11659 corp: 762/1403Kb lim: 2690 exec/s: 11020 rss: 484Mb L: 2070/2634 MS: 1 InsertRepeatedBytes-
#220423	REDUCE cov: 3609 ft: 11659 corp: 762/1403Kb lim: 2690 exec/s: 11021 rss: 484Mb L: 2365/2634 MS: 5 ChangeBinInt-CMP-InsertByte-InsertRepeatedBytes-EraseBytes- DE: "\377\003\000\000\000\000\000\000"-
#220575	REDUCE cov: 3609 ft: 11659 corp: 762/1403Kb lim: 2690 exec/s: 11028 rss: 484Mb L: 2159/2634 MS: 2 EraseBytes-CopyPart-
#220953	REDUCE cov: 3609 ft: 11659 corp: 762/1403Kb lim: 2690 exec/s: 11047 rss: 484Mb L: 1800/2634 MS: 3 PersAutoDict-ChangeByte-EraseBytes- DE: "\016\000"-
#222082	NEW    cov: 3609 ft: 11661 corp: 763/1404Kb lim: 2701 exec/s: 11104 rss: 484Mb L: 1985/2634 MS: 4 ChangeASCIIInt-ShuffleBytes-ChangeBinInt-ChangeBinInt-
#222531	NEW    cov: 3610 ft: 11664 corp: 764/1407Kb lim: 2701 exec/s: 11126 rss: 484Mb L: 2527/2634 MS: 4 ChangeByte-ChangeASCIIInt-ShuffleBytes-CopyPart-
#223032	REDUCE cov: 3610 ft: 11664 corp: 764/1407Kb lim: 2701 exec/s: 11151 rss: 484Mb L: 1924/2634 MS: 1 EraseBytes-
#223959	REDUCE cov: 3610 ft: 11664 corp: 764/1407Kb lim: 2701 exec/s: 11197 rss: 484Mb L: 40/2634 MS: 2 ShuffleBytes-EraseBytes-
#224275	NEW    cov: 3610 ft: 11665 corp: 765/1409Kb lim: 2701 exec/s: 11213 rss: 484Mb L: 2426/2634 MS: 1 ShuffleBytes-
#224901	REDUCE cov: 3610 ft: 11667 corp: 766/1412Kb lim: 2701 exec/s: 11245 rss: 484Mb L: 2631/2634 MS: 1 InsertRepeatedBytes-
#224987	REDUCE cov: 3610 ft: 11667 corp: 766/1412Kb lim: 2701 exec/s: 11249 rss: 484Mb L: 2272/2634 MS: 1 EraseBytes-
#225189	REDUCE cov: 3610 ft: 11667 corp: 766/1411Kb lim: 2701 exec/s: 10723 rss: 484Mb L: 1157/2634 MS: 2 EraseBytes-CMP- DE: "\000\000\000\000\000\000\004\220"-
#225464	REDUCE cov: 3610 ft: 11667 corp: 766/1411Kb lim: 2701 exec/s: 10736 rss: 484Mb L: 81/2634 MS: 5 ShuffleBytes-EraseBytes-EraseBytes-InsertByte-InsertByte-
#225766	NEW    cov: 3610 ft: 11668 corp: 767/1413Kb lim: 2701 exec/s: 10750 rss: 484Mb L: 2644/2644 MS: 2 CMP-CrossOver- DE: "\000\000\000\000\000\000\004\000"-
#225969	REDUCE cov: 3610 ft: 11668 corp: 767/1413Kb lim: 2701 exec/s: 10760 rss: 484Mb L: 99/2644 MS: 3 ShuffleBytes-InsertByte-EraseBytes-
#227035	REDUCE cov: 3610 ft: 11668 corp: 767/1413Kb lim: 2701 exec/s: 10811 rss: 484Mb L: 2168/2644 MS: 1 EraseBytes-
#227116	NEW    cov: 3610 ft: 11669 corp: 768/1415Kb lim: 2701 exec/s: 10815 rss: 484Mb L: 1986/2644 MS: 1 ShuffleBytes-
#227198	REDUCE cov: 3610 ft: 11669 corp: 768/1415Kb lim: 2701 exec/s: 10818 rss: 484Mb L: 1328/2644 MS: 2 CopyPart-EraseBytes-
#227409	NEW    cov: 3610 ft: 11677 corp: 769/1417Kb lim: 2701 exec/s: 10829 rss: 484Mb L: 1985/2644 MS: 1 ChangeBinInt-
#227657	REDUCE cov: 3610 ft: 11677 corp: 769/1417Kb lim: 2701 exec/s: 10840 rss: 484Mb L: 1351/2644 MS: 3 PersAutoDict-PersAutoDict-EraseBytes- DE: "\260D\025\311"-"\001\000%\214"-
#228780	REDUCE cov: 3610 ft: 11677 corp: 769/1416Kb lim: 2712 exec/s: 10894 rss: 484Mb L: 2117/2644 MS: 3 ChangeBit-CopyPart-EraseBytes-
#228968	REDUCE cov: 3611 ft: 11678 corp: 770/1418Kb lim: 2712 exec/s: 10903 rss: 484Mb L: 1397/2644 MS: 3 CopyPart-InsertByte-CrossOver-
#229279	REDUCE cov: 3611 ft: 11678 corp: 770/1418Kb lim: 2712 exec/s: 10918 rss: 484Mb L: 719/2644 MS: 1 EraseBytes-
#229730	REDUCE cov: 3611 ft: 11678 corp: 770/1418Kb lim: 2712 exec/s: 10939 rss: 484Mb L: 128/2644 MS: 1 EraseBytes-
#230016	REDUCE cov: 3611 ft: 11678 corp: 770/1417Kb lim: 2712 exec/s: 10953 rss: 484Mb L: 1114/2644 MS: 1 EraseBytes-
#230159	REDUCE cov: 3611 ft: 11678 corp: 770/1417Kb lim: 2712 exec/s: 10959 rss: 484Mb L: 94/2644 MS: 3 ChangeASCIIInt-InsertRepeatedBytes-EraseBytes-
#230232	NEW    cov: 3611 ft: 11679 corp: 771/1420Kb lim: 2712 exec/s: 10963 rss: 484Mb L: 2495/2644 MS: 3 CrossOver-PersAutoDict-CopyPart- DE: "\377\377\377\377\377\377\003\000"-
#230345	REDUCE cov: 3611 ft: 11679 corp: 771/1420Kb lim: 2712 exec/s: 10968 rss: 484Mb L: 1208/2644 MS: 3 ChangeASCIIInt-InsertByte-EraseBytes-
#230576	NEW    cov: 3611 ft: 11681 corp: 772/1422Kb lim: 2712 exec/s: 10979 rss: 484Mb L: 2426/2644 MS: 1 CopyPart-
#230828	REDUCE cov: 3611 ft: 11681 corp: 772/1422Kb lim: 2712 exec/s: 10991 rss: 484Mb L: 2025/2644 MS: 2 PersAutoDict-EraseBytes- DE: "\376\377\377\377\377\377\377\377"-
#231130	REDUCE cov: 3611 ft: 11681 corp: 772/1422Kb lim: 2712 exec/s: 11006 rss: 484Mb L: 204/2644 MS: 2 PersAutoDict-EraseBytes- DE: "\377\377\377\377"-
#231569	REDUCE cov: 3611 ft: 11681 corp: 772/1422Kb lim: 2712 exec/s: 11027 rss: 484Mb L: 2118/2644 MS: 4 InsertRepeatedBytes-ChangeBit-CMP-EraseBytes- DE: "\001\000\003\260"-
#232005	REDUCE cov: 3611 ft: 11681 corp: 772/1422Kb lim: 2712 exec/s: 11047 rss: 484Mb L: 59/2644 MS: 1 EraseBytes-
#232519	REDUCE cov: 3611 ft: 11683 corp: 773/1424Kb lim: 2712 exec/s: 11072 rss: 484Mb L: 2644/2644 MS: 4 ChangeBit-InsertByte-InsertByte-CrossOver-
#232961	REDUCE cov: 3611 ft: 11683 corp: 773/1424Kb lim: 2712 exec/s: 11093 rss: 484Mb L: 2243/2644 MS: 2 ChangeByte-EraseBytes-
#232987	NEW    cov: 3611 ft: 11684 corp: 774/1426Kb lim: 2712 exec/s: 11094 rss: 484Mb L: 2070/2644 MS: 1 ChangeBit-
#233416	NEW    cov: 3611 ft: 11685 corp: 775/1429Kb lim: 2712 exec/s: 11115 rss: 484Mb L: 2427/2644 MS: 4 InsertByte-ShuffleBytes-CMP-ChangeByte- DE: "~\377\377\377\377\377\377\377"-
#233764	NEW    cov: 3611 ft: 11687 corp: 776/1431Kb lim: 2712 exec/s: 11131 rss: 484Mb L: 2632/2644 MS: 3 ChangeBinInt-InsertByte-PersAutoDict- DE: "\000\000\000\000\377\377\377\377"-
#234215	REDUCE cov: 3611 ft: 11687 corp: 776/1431Kb lim: 2712 exec/s: 11153 rss: 484Mb L: 2475/2644 MS: 1 EraseBytes-
#234516	REDUCE cov: 3611 ft: 11687 corp: 776/1431Kb lim: 2712 exec/s: 11167 rss: 484Mb L: 32/2644 MS: 1 EraseBytes-
#235082	REDUCE cov: 3611 ft: 11688 corp: 777/1434Kb lim: 2712 exec/s: 11194 rss: 484Mb L: 2343/2644 MS: 1 CopyPart-
#235290	REDUCE cov: 3611 ft: 11689 corp: 778/1436Kb lim: 2712 exec/s: 11204 rss: 484Mb L: 2242/2644 MS: 3 InsertRepeatedBytes-ChangeByte-ChangeBit-
#235461	REDUCE cov: 3611 ft: 11689 corp: 778/1436Kb lim: 2712 exec/s: 11212 rss: 484Mb L: 1111/2644 MS: 1 EraseBytes-
#235642	REDUCE cov: 3611 ft: 11689 corp: 778/1436Kb lim: 2712 exec/s: 11221 rss: 484Mb L: 2206/2644 MS: 1 EraseBytes-
#235803	NEW    cov: 3611 ft: 11690 corp: 779/1438Kb lim: 2712 exec/s: 11228 rss: 484Mb L: 2488/2644 MS: 1 CMP- DE: "J\206\037\266"-
#236304	REDUCE cov: 3611 ft: 11690 corp: 779/1438Kb lim: 2712 exec/s: 11252 rss: 484Mb L: 1773/2644 MS: 1 EraseBytes-
#236338	REDUCE cov: 3611 ft: 11690 corp: 779/1438Kb lim: 2712 exec/s: 11254 rss: 484Mb L: 185/2644 MS: 4 ChangeBit-ChangeBit-ShuffleBytes-EraseBytes-
#236864	REDUCE cov: 3611 ft: 11690 corp: 779/1438Kb lim: 2712 exec/s: 10766 rss: 484Mb L: 52/2644 MS: 1 EraseBytes-
#236886	REDUCE cov: 3611 ft: 11690 corp: 779/1438Kb lim: 2712 exec/s: 10767 rss: 484Mb L: 456/2644 MS: 2 CopyPart-EraseBytes-
#237069	REDUCE cov: 3611 ft: 11690 corp: 779/1438Kb lim: 2712 exec/s: 10775 rss: 484Mb L: 2209/2644 MS: 3 ShuffleBytes-PersAutoDict-EraseBytes- DE: "\005\000\000\000\000\000\000\000"-
#237412	REDUCE cov: 3611 ft: 11690 corp: 779/1436Kb lim: 2712 exec/s: 10791 rss: 484Mb L: 35/2644 MS: 3 CrossOver-CMP-CopyPart- DE: "\377\377\377\377"-
#238043	NEW    cov: 3611 ft: 11694 corp: 780/1438Kb lim: 2712 exec/s: 10820 rss: 484Mb L: 1985/2644 MS: 1 CrossOver-
#238229	REDUCE cov: 3611 ft: 11694 corp: 780/1438Kb lim: 2712 exec/s: 10828 rss: 484Mb L: 1545/2644 MS: 1 EraseBytes-
#238417	REDUCE cov: 3611 ft: 11694 corp: 780/1438Kb lim: 2712 exec/s: 10837 rss: 484Mb L: 2383/2644 MS: 3 ShuffleBytes-InsertByte-EraseBytes-
#238753	REDUCE cov: 3611 ft: 11694 corp: 780/1438Kb lim: 2712 exec/s: 10852 rss: 484Mb L: 6/2644 MS: 1 EraseBytes-
#239094	REDUCE cov: 3611 ft: 11694 corp: 780/1437Kb lim: 2712 exec/s: 10867 rss: 484Mb L: 2237/2644 MS: 1 EraseBytes-
#239217	NEW    cov: 3611 ft: 11697 corp: 781/1439Kb lim: 2712 exec/s: 10873 rss: 484Mb L: 1986/2644 MS: 3 ChangeByte-ChangeBinInt-ShuffleBytes-
#239858	REDUCE cov: 3611 ft: 11697 corp: 781/1439Kb lim: 2712 exec/s: 10902 rss: 484Mb L: 61/2644 MS: 1 EraseBytes-
#240014	REDUCE cov: 3611 ft: 11697 corp: 781/1439Kb lim: 2712 exec/s: 10909 rss: 484Mb L: 2066/2644 MS: 1 EraseBytes-
#240394	REDUCE cov: 3611 ft: 11697 corp: 781/1439Kb lim: 2712 exec/s: 10927 rss: 484Mb L: 519/2644 MS: 5 ShuffleBytes-ShuffleBytes-ChangeBit-ChangeASCIIInt-EraseBytes-
#240455	REDUCE cov: 3611 ft: 11697 corp: 781/1439Kb lim: 2712 exec/s: 10929 rss: 484Mb L: 195/2644 MS: 1 EraseBytes-
#240847	REDUCE cov: 3611 ft: 11697 corp: 781/1439Kb lim: 2712 exec/s: 10947 rss: 484Mb L: 2118/2644 MS: 2 EraseBytes-CopyPart-
#241198	REDUCE cov: 3611 ft: 11697 corp: 781/1439Kb lim: 2712 exec/s: 10963 rss: 484Mb L: 522/2644 MS: 1 EraseBytes-
#241360	REDUCE cov: 3611 ft: 11697 corp: 781/1439Kb lim: 2712 exec/s: 10970 rss: 484Mb L: 1234/2644 MS: 2 InsertRepeatedBytes-EraseBytes-
#241932	REDUCE cov: 3611 ft: 11699 corp: 782/1442Kb lim: 2712 exec/s: 10996 rss: 484Mb L: 2576/2644 MS: 2 ChangeBinInt-CrossOver-
#242138	REDUCE cov: 3611 ft: 11699 corp: 782/1442Kb lim: 2712 exec/s: 11006 rss: 484Mb L: 2473/2644 MS: 1 EraseBytes-
#242222	REDUCE cov: 3611 ft: 11699 corp: 782/1442Kb lim: 2712 exec/s: 11010 rss: 484Mb L: 836/2644 MS: 4 CMP-InsertByte-CrossOver-EraseBytes- DE: "\376\377\377\377"-
#242862	NEW    cov: 3614 ft: 11702 corp: 783/1443Kb lim: 2712 exec/s: 11039 rss: 484Mb L: 1892/2644 MS: 5 ChangeBit-InsertRepeatedBytes-ChangeBinInt-InsertRepeatedBytes-InsertByte-
#243367	REDUCE cov: 3614 ft: 11702 corp: 783/1443Kb lim: 2712 exec/s: 11062 rss: 484Mb L: 2323/2644 MS: 5 ChangeByte-ChangeByte-CopyPart-EraseBytes-CrossOver-
#243749	REDUCE cov: 3614 ft: 11702 corp: 783/1443Kb lim: 2712 exec/s: 11079 rss: 484Mb L: 2154/2644 MS: 2 ShuffleBytes-EraseBytes-
#244190	NEW    cov: 3614 ft: 11703 corp: 784/1446Kb lim: 2712 exec/s: 11099 rss: 484Mb L: 2434/2644 MS: 1 ChangeBit-
#244573	REDUCE cov: 3614 ft: 11703 corp: 784/1446Kb lim: 2712 exec/s: 11116 rss: 484Mb L: 1984/2644 MS: 3 InsertByte-ChangeByte-EraseBytes-
#244810	REDUCE cov: 3614 ft: 11703 corp: 784/1445Kb lim: 2712 exec/s: 11127 rss: 484Mb L: 2257/2644 MS: 2 ChangeBit-EraseBytes-
#245130	NEW    cov: 3614 ft: 11706 corp: 785/1448Kb lim: 2712 exec/s: 11142 rss: 484Mb L: 2119/2644 MS: 5 PersAutoDict-InsertRepeatedBytes-InsertByte-InsertByte-EraseBytes- DE: "\377\003\000\000\000\000\000\000"-
#245259	REDUCE cov: 3614 ft: 11707 corp: 786/1449Kb lim: 2712 exec/s: 11148 rss: 484Mb L: 1654/2644 MS: 4 ChangeASCIIInt-ChangeASCIIInt-PersAutoDict-ChangeBit- DE: "\377\377"-
#245268	REDUCE cov: 3614 ft: 11707 corp: 786/1449Kb lim: 2712 exec/s: 11148 rss: 484Mb L: 2173/2644 MS: 4 InsertByte-InsertByte-ChangeBit-EraseBytes-
#245546	REDUCE cov: 3614 ft: 11707 corp: 786/1449Kb lim: 2712 exec/s: 11161 rss: 484Mb L: 839/2644 MS: 3 InsertRepeatedBytes-EraseBytes-CopyPart-
#245793	REDUCE cov: 3614 ft: 11707 corp: 786/1449Kb lim: 2712 exec/s: 11172 rss: 484Mb L: 1294/2644 MS: 2 ChangeByte-EraseBytes-
#246267	NEW    cov: 3614 ft: 11708 corp: 787/1451Kb lim: 2712 exec/s: 11193 rss: 484Mb L: 2682/2682 MS: 4 InsertRepeatedBytes-ChangeByte-ChangeBit-CopyPart-
#246527	REDUCE cov: 3614 ft: 11709 corp: 788/1454Kb lim: 2712 exec/s: 11205 rss: 484Mb L: 2703/2703 MS: 5 CMP-CopyPart-InsertRepeatedBytes-InsertByte-PersAutoDict- DE: "\335\377\377\377"-"\001\000\000\000\000\000\001%"-
#247383	REDUCE cov: 3614 ft: 11709 corp: 788/1454Kb lim: 2712 exec/s: 10755 rss: 484Mb L: 2030/2703 MS: 1 EraseBytes-
#247473	REDUCE cov: 3614 ft: 11709 corp: 788/1454Kb lim: 2712 exec/s: 10759 rss: 484Mb L: 2495/2703 MS: 5 CopyPart-CMP-ChangeByte-ShuffleBytes-EraseBytes- DE: "\000\000\007\021"-
#247497	REDUCE cov: 3614 ft: 11709 corp: 788/1454Kb lim: 2712 exec/s: 10760 rss: 484Mb L: 2067/2703 MS: 4 ChangeASCIIInt-ShuffleBytes-ChangeBinInt-EraseBytes-
#247669	REDUCE cov: 3614 ft: 11709 corp: 788/1454Kb lim: 2712 exec/s: 10768 rss: 484Mb L: 5/2703 MS: 2 ChangeBit-EraseBytes-
#247679	REDUCE cov: 3614 ft: 11709 corp: 788/1454Kb lim: 2712 exec/s: 10768 rss: 484Mb L: 1144/2703 MS: 5 CrossOver-InsertRepeatedBytes-InsertRepeatedBytes-ChangeBinInt-EraseBytes-
#247696	REDUCE cov: 3614 ft: 11709 corp: 788/1454Kb lim: 2712 exec/s: 10769 rss: 484Mb L: 147/2703 MS: 2 CMP-EraseBytes- DE: "\310\005\000\000"-
#247732	REDUCE cov: 3614 ft: 11709 corp: 788/1453Kb lim: 2712 exec/s: 10770 rss: 484Mb L: 2320/2703 MS: 1 EraseBytes-
#248115	REDUCE cov: 3614 ft: 11709 corp: 788/1453Kb lim: 2712 exec/s: 10787 rss: 484Mb L: 2262/2703 MS: 3 CopyPart-ChangeByte-CrossOver-
#248302	NEW    cov: 3614 ft: 11711 corp: 789/1455Kb lim: 2712 exec/s: 10795 rss: 484Mb L: 2103/2703 MS: 2 ChangeBit-EraseBytes-
#248649	REDUCE cov: 3614 ft: 11712 corp: 790/1457Kb lim: 2712 exec/s: 10810 rss: 484Mb L: 2493/2703 MS: 2 CopyPart-ChangeByte-
#249060	REDUCE cov: 3614 ft: 11712 corp: 790/1457Kb lim: 2712 exec/s: 10828 rss: 484Mb L: 431/2703 MS: 1 EraseBytes-
#249147	REDUCE cov: 3614 ft: 11712 corp: 790/1457Kb lim: 2712 exec/s: 10832 rss: 484Mb L: 2167/2703 MS: 2 ShuffleBytes-EraseBytes-
#249153	REDUCE cov: 3614 ft: 11712 corp: 790/1457Kb lim: 2712 exec/s: 10832 rss: 484Mb L: 51/2703 MS: 1 EraseBytes-
#249417	REDUCE cov: 3614 ft: 11712 corp: 790/1457Kb lim: 2712 exec/s: 10844 rss: 484Mb L: 2174/2703 MS: 4 ChangeBinInt-CrossOver-CrossOver-EraseBytes-
#249453	NEW    cov: 3614 ft: 11713 corp: 791/1459Kb lim: 2712 exec/s: 10845 rss: 484Mb L: 1982/2703 MS: 1 ChangeASCIIInt-
#249507	REDUCE cov: 3614 ft: 11713 corp: 791/1459Kb lim: 2712 exec/s: 10848 rss: 484Mb L: 62/2703 MS: 4 ChangeASCIIInt-ChangeByte-ChangeBinInt-EraseBytes-
#249909	REDUCE cov: 3614 ft: 11713 corp: 791/1459Kb lim: 2712 exec/s: 10865 rss: 484Mb L: 2527/2703 MS: 2 CrossOver-EraseBytes-
#250362	REDUCE cov: 3614 ft: 11713 corp: 791/1458Kb lim: 2712 exec/s: 10885 rss: 484Mb L: 1033/2703 MS: 3 ChangeByte-CopyPart-EraseBytes-
#250604	NEW    cov: 3614 ft: 11717 corp: 792/1460Kb lim: 2712 exec/s: 10895 rss: 484Mb L: 1986/2703 MS: 2 ChangeByte-PersAutoDict- DE: "\001\000\000\000\000\000\000T"-
#250807	REDUCE cov: 3614 ft: 11717 corp: 792/1460Kb lim: 2712 exec/s: 10904 rss: 484Mb L: 1102/2703 MS: 3 InsertRepeatedBytes-ShuffleBytes-EraseBytes-
#251223	REDUCE cov: 3614 ft: 11717 corp: 792/1460Kb lim: 2712 exec/s: 10922 rss: 484Mb L: 606/2703 MS: 1 EraseBytes-
#251258	REDUCE cov: 3614 ft: 11725 corp: 793/1462Kb lim: 2712 exec/s: 10924 rss: 484Mb L: 2276/2703 MS: 5 ShuffleBytes-ChangeBinInt-ChangeByte-ChangeByte-PersAutoDict- DE: "\376\377\377\377"-
#251297	REDUCE cov: 3614 ft: 11725 corp: 793/1462Kb lim: 2712 exec/s: 10925 rss: 484Mb L: 428/2703 MS: 4 ChangeByte-InsertRepeatedBytes-ChangeBinInt-EraseBytes-
#252232	REDUCE cov: 3614 ft: 11725 corp: 793/1462Kb lim: 2712 exec/s: 10966 rss: 484Mb L: 2566/2703 MS: 5 InsertRepeatedBytes-InsertByte-ChangeBit-ChangeASCIIInt-EraseBytes-
#252523	REDUCE cov: 3614 ft: 11725 corp: 793/1461Kb lim: 2712 exec/s: 10979 rss: 484Mb L: 1484/2703 MS: 1 EraseBytes-
#252739	REDUCE cov: 3614 ft: 11725 corp: 793/1461Kb lim: 2712 exec/s: 10988 rss: 484Mb L: 2377/2703 MS: 1 EraseBytes-
#252945	NEW    cov: 3615 ft: 11726 corp: 794/1463Kb lim: 2712 exec/s: 10997 rss: 484Mb L: 1985/2703 MS: 1 ChangeBit-
#253191	NEW    cov: 3615 ft: 11728 corp: 795/1466Kb lim: 2712 exec/s: 11008 rss: 484Mb L: 2545/2703 MS: 1 InsertRepeatedBytes-
#253394	REDUCE cov: 3615 ft: 11728 corp: 795/1466Kb lim: 2712 exec/s: 11017 rss: 484Mb L: 101/2703 MS: 3 InsertByte-InsertByte-EraseBytes-
#253885	REDUCE cov: 3615 ft: 11728 corp: 795/1466Kb lim: 2712 exec/s: 11038 rss: 484Mb L: 1525/2703 MS: 1 EraseBytes-
#253950	REDUCE cov: 3615 ft: 11728 corp: 795/1466Kb lim: 2712 exec/s: 11041 rss: 484Mb L: 1029/2703 MS: 5 ChangeByte-ChangeByte-ChangeBit-EraseBytes-InsertRepeatedBytes-
#254457	NEW    cov: 3615 ft: 11730 corp: 796/1468Kb lim: 2712 exec/s: 11063 rss: 484Mb L: 1986/2703 MS: 2 ChangeBinInt-ChangeBinInt-
#254483	REDUCE cov: 3615 ft: 11730 corp: 796/1468Kb lim: 2712 exec/s: 11064 rss: 484Mb L: 2024/2703 MS: 1 EraseBytes-
#254903	REDUCE cov: 3615 ft: 11730 corp: 796/1468Kb lim: 2712 exec/s: 11082 rss: 484Mb L: 1858/2703 MS: 5 ChangeBinInt-InsertRepeatedBytes-EraseBytes-InsertByte-CopyPart-
#255033	REDUCE cov: 3615 ft: 11730 corp: 796/1468Kb lim: 2712 exec/s: 11088 rss: 484Mb L: 2167/2703 MS: 5 ShuffleBytes-CMP-ChangeByte-ChangeByte-EraseBytes- DE: "mx.]"-
#255379	REDUCE cov: 3615 ft: 11730 corp: 796/1468Kb lim: 2712 exec/s: 11103 rss: 484Mb L: 1994/2703 MS: 1 EraseBytes-
#255435	REDUCE cov: 3615 ft: 11730 corp: 796/1467Kb lim: 2712 exec/s: 11105 rss: 484Mb L: 694/2703 MS: 1 EraseBytes-
#256116	REDUCE cov: 3615 ft: 11730 corp: 796/1467Kb lim: 2712 exec/s: 11135 rss: 484Mb L: 2592/2703 MS: 1 EraseBytes-
#256747	NEW    cov: 3615 ft: 11732 corp: 797/1469Kb lim: 2712 exec/s: 11162 rss: 484Mb L: 1619/2703 MS: 1 ChangeBit-
#257000	REDUCE cov: 3615 ft: 11732 corp: 797/1469Kb lim: 2712 exec/s: 11173 rss: 484Mb L: 2236/2703 MS: 3 CopyPart-PersAutoDict-EraseBytes- DE: "\003\322"-
#257174	REDUCE cov: 3615 ft: 11732 corp: 797/1469Kb lim: 2712 exec/s: 11181 rss: 484Mb L: 2144/2703 MS: 4 ChangeBinInt-ChangeBit-InsertByte-EraseBytes-
#258243	REDUCE cov: 3615 ft: 11732 corp: 797/1469Kb lim: 2712 exec/s: 10760 rss: 484Mb L: 2187/2703 MS: 4 CrossOver-ShuffleBytes-ChangeBinInt-EraseBytes-
#258416	NEW    cov: 3615 ft: 11734 corp: 798/1471Kb lim: 2712 exec/s: 10767 rss: 484Mb L: 1985/2703 MS: 3 CrossOver-ChangeBinInt-ChangeBinInt-
#258496	REDUCE cov: 3615 ft: 11734 corp: 798/1471Kb lim: 2712 exec/s: 10770 rss: 484Mb L: 518/2703 MS: 5 ChangeASCIIInt-CopyPart-ChangeBinInt-ChangeByte-EraseBytes-
#258707	NEW    cov: 3616 ft: 11735 corp: 799/1472Kb lim: 2712 exec/s: 10779 rss: 484Mb L: 1619/2703 MS: 1 CMP- DE: "\024\000\000\000\000\000\000\000"-
#258874	REDUCE cov: 3616 ft: 11735 corp: 799/1472Kb lim: 2712 exec/s: 10786 rss: 484Mb L: 2298/2703 MS: 2 ShuffleBytes-EraseBytes-
#259475	REDUCE cov: 3616 ft: 11735 corp: 799/1472Kb lim: 2712 exec/s: 10811 rss: 484Mb L: 2373/2703 MS: 1 EraseBytes-
#260291	REDUCE cov: 3616 ft: 11735 corp: 799/1472Kb lim: 2712 exec/s: 10845 rss: 484Mb L: 382/2703 MS: 1 EraseBytes-
#260538	REDUCE cov: 3616 ft: 11735 corp: 799/1472Kb lim: 2712 exec/s: 10855 rss: 484Mb L: 2210/2703 MS: 2 EraseBytes-InsertRepeatedBytes-
#260831	REDUCE cov: 3616 ft: 11735 corp: 799/1472Kb lim: 2712 exec/s: 10867 rss: 484Mb L: 32/2703 MS: 3 ShuffleBytes-ShuffleBytes-EraseBytes-
#261113	NEW    cov: 3616 ft: 11736 corp: 800/1474Kb lim: 2712 exec/s: 10879 rss: 484Mb L: 2488/2703 MS: 2 ChangeBit-ShuffleBytes-
#261498	REDUCE cov: 3616 ft: 11736 corp: 800/1474Kb lim: 2712 exec/s: 10895 rss: 484Mb L: 2081/2703 MS: 5 ShuffleBytes-CopyPart-ChangeASCIIInt-PersAutoDict-EraseBytes- DE: "\007\005KP"-
#261806	NEW    cov: 3616 ft: 11737 corp: 801/1476Kb lim: 2712 exec/s: 10908 rss: 484Mb L: 2343/2703 MS: 3 ChangeByte-PersAutoDict-ChangeASCIIInt- DE: "J\206\037\266"-
#261942	REDUCE cov: 3616 ft: 11737 corp: 801/1476Kb lim: 2712 exec/s: 10914 rss: 484Mb L: 2478/2703 MS: 1 EraseBytes-
#262082	REDUCE cov: 3616 ft: 11737 corp: 801/1476Kb lim: 2712 exec/s: 10920 rss: 484Mb L: 2307/2703 MS: 5 ChangeByte-ShuffleBytes-CrossOver-CopyPart-EraseBytes-
#262144	pulse  cov: 3616 ft: 11737 corp: 801/1476Kb lim: 2712 exec/s: 10922 rss: 484Mb
#262933	NEW    cov: 3617 ft: 11738 corp: 802/1479Kb lim: 2712 exec/s: 10955 rss: 484Mb L: 2326/2703 MS: 1 EraseBytes-
#263386	REDUCE cov: 3617 ft: 11738 corp: 802/1478Kb lim: 2712 exec/s: 10974 rss: 484Mb L: 2423/2703 MS: 3 EraseBytes-ChangeBit-CopyPart-
#263663	REDUCE cov: 3617 ft: 11738 corp: 802/1478Kb lim: 2712 exec/s: 10985 rss: 484Mb L: 1926/2703 MS: 2 InsertByte-EraseBytes-
#263719	REDUCE cov: 3617 ft: 11738 corp: 802/1478Kb lim: 2712 exec/s: 10988 rss: 484Mb L: 2024/2703 MS: 1 EraseBytes-
#263795	REDUCE cov: 3617 ft: 11739 corp: 803/1479Kb lim: 2712 exec/s: 10991 rss: 484Mb L: 1069/2703 MS: 1 CopyPart-
#264747	REDUCE cov: 3617 ft: 11739 corp: 803/1479Kb lim: 2712 exec/s: 11031 rss: 484Mb L: 23/2703 MS: 2 EraseBytes-PersAutoDict- DE: "OK\001\002"-
#264983	REDUCE cov: 3617 ft: 11740 corp: 804/1481Kb lim: 2712 exec/s: 11040 rss: 484Mb L: 2374/2703 MS: 1 PersAutoDict- DE: "\373\000"-
#265011	NEW    cov: 3617 ft: 11742 corp: 805/1483Kb lim: 2712 exec/s: 11042 rss: 484Mb L: 1986/2703 MS: 3 ChangeBinInt-CMP-ChangeBit- DE: "l\000\000\000\000\000\000\000"-
#265326	REDUCE cov: 3617 ft: 11742 corp: 805/1483Kb lim: 2712 exec/s: 11055 rss: 484Mb L: 608/2703 MS: 5 ChangeASCIIInt-ChangeBinInt-InsertRepeatedBytes-ChangeBinInt-EraseBytes-
#265436	REDUCE cov: 3617 ft: 11742 corp: 805/1483Kb lim: 2712 exec/s: 11059 rss: 484Mb L: 37/2703 MS: 5 CMP-CopyPart-ChangeByte-ChangeBinInt-EraseBytes- DE: "#\036"-
#265677	REDUCE cov: 3617 ft: 11742 corp: 805/1483Kb lim: 2712 exec/s: 11069 rss: 484Mb L: 2333/2703 MS: 1 EraseBytes-
#265821	REDUCE cov: 3617 ft: 11742 corp: 805/1483Kb lim: 2712 exec/s: 11075 rss: 484Mb L: 1663/2703 MS: 4 EraseBytes-ChangeBit-CMP-PersAutoDict- DE: "\000\000\000\000\000\000\000\335"-"\001\000\003\260"-
#265875	REDUCE cov: 3617 ft: 11743 corp: 806/1486Kb lim: 2712 exec/s: 11078 rss: 484Mb L: 2679/2703 MS: 4 ChangeBit-InsertByte-EraseBytes-CopyPart-
#266836	NEW    cov: 3617 ft: 11745 corp: 807/1487Kb lim: 2712 exec/s: 11118 rss: 484Mb L: 1158/2703 MS: 1 InsertRepeatedBytes-
#266903	REDUCE cov: 3617 ft: 11745 corp: 807/1487Kb lim: 2712 exec/s: 11120 rss: 484Mb L: 456/2703 MS: 2 CopyPart-EraseBytes-
#267676	REDUCE cov: 3617 ft: 11745 corp: 807/1487Kb lim: 2712 exec/s: 11153 rss: 484Mb L: 371/2703 MS: 3 PersAutoDict-ChangeASCIIInt-EraseBytes- DE: "\024\000\000\000\000\000\000\000"-
#267698	NEW    cov: 3617 ft: 11747 corp: 808/1489Kb lim: 2712 exec/s: 11154 rss: 484Mb L: 2149/2703 MS: 2 ShuffleBytes-ChangeBit-
#268194	NEW    cov: 3617 ft: 11748 corp: 809/1491Kb lim: 2712 exec/s: 11174 rss: 484Mb L: 2419/2703 MS: 1 CrossOver-
#268595	REDUCE cov: 3617 ft: 11748 corp: 809/1491Kb lim: 2712 exec/s: 11191 rss: 484Mb L: 2622/2679 MS: 1 EraseBytes-
#268688	REDUCE cov: 3617 ft: 11748 corp: 809/1491Kb lim: 2712 exec/s: 11195 rss: 484Mb L: 1985/2679 MS: 3 PersAutoDict-CrossOver-EraseBytes- DE: "\377\377\377\377\377\377\377j"-
#268899	REDUCE cov: 3618 ft: 11749 corp: 810/1491Kb lim: 2712 exec/s: 10755 rss: 484Mb L: 286/2679 MS: 1 EraseBytes-
#268971	REDUCE cov: 3618 ft: 11749 corp: 810/1491Kb lim: 2712 exec/s: 10758 rss: 484Mb L: 191/2679 MS: 2 ChangeByte-EraseBytes-
#269195	REDUCE cov: 3618 ft: 11749 corp: 810/1491Kb lim: 2712 exec/s: 10767 rss: 484Mb L: 1802/2679 MS: 4 ShuffleBytes-PersAutoDict-PersAutoDict-EraseBytes- DE: "PK\005\006"-"\001\000\000\000\000\000\004\000"-
#269785	REDUCE cov: 3618 ft: 11755 corp: 811/1493Kb lim: 2712 exec/s: 10791 rss: 484Mb L: 2454/2679 MS: 5 InsertByte-CopyPart-ShuffleBytes-ChangeBinInt-CopyPart-
#269856	NEW    cov: 3618 ft: 11757 corp: 812/1496Kb lim: 2712 exec/s: 10794 rss: 484Mb L: 2663/2679 MS: 1 CrossOver-
#269882	REDUCE cov: 3618 ft: 11757 corp: 812/1496Kb lim: 2712 exec/s: 10795 rss: 484Mb L: 39/2679 MS: 1 EraseBytes-
#269950	REDUCE cov: 3618 ft: 11757 corp: 812/1496Kb lim: 2712 exec/s: 10798 rss: 484Mb L: 312/2679 MS: 3 CopyPart-ChangeBinInt-EraseBytes-
#270026	REDUCE cov: 3618 ft: 11757 corp: 812/1496Kb lim: 2712 exec/s: 10801 rss: 484Mb L: 2302/2679 MS: 1 EraseBytes-
#270045	REDUCE cov: 3618 ft: 11757 corp: 812/1495Kb lim: 2712 exec/s: 10801 rss: 484Mb L: 2084/2679 MS: 4 ShuffleBytes-CopyPart-InsertByte-EraseBytes-
#270593	REDUCE cov: 3618 ft: 11757 corp: 812/1495Kb lim: 2712 exec/s: 10823 rss: 484Mb L: 909/2679 MS: 3 ChangeASCIIInt-InsertByte-EraseBytes-
#270715	REDUCE cov: 3618 ft: 11757 corp: 812/1495Kb lim: 2712 exec/s: 10828 rss: 484Mb L: 2315/2679 MS: 2 InsertRepeatedBytes-EraseBytes-
#270871	REDUCE cov: 3618 ft: 11757 corp: 812/1495Kb lim: 2712 exec/s: 10834 rss: 484Mb L: 1899/2679 MS: 1 EraseBytes-
#271094	REDUCE cov: 3618 ft: 11757 corp: 812/1495Kb lim: 2712 exec/s: 10843 rss: 484Mb L: 2091/2679 MS: 3 PersAutoDict-ChangeASCIIInt-EraseBytes- DE: "\226\017\370\221"-
#271295	REDUCE cov: 3618 ft: 11757 corp: 812/1495Kb lim: 2712 exec/s: 10851 rss: 484Mb L: 1741/2679 MS: 1 EraseBytes-
#271609	REDUCE cov: 3618 ft: 11757 corp: 812/1495Kb lim: 2712 exec/s: 10864 rss: 484Mb L: 1641/2679 MS: 4 InsertRepeatedBytes-InsertRepeatedBytes-EraseBytes-InsertRepeatedBytes-
#271721	NEW    cov: 3618 ft: 11758 corp: 813/1497Kb lim: 2712 exec/s: 10868 rss: 484Mb L: 2044/2679 MS: 2 InsertByte-EraseBytes-
#272413	REDUCE cov: 3618 ft: 11759 corp: 814/1499Kb lim: 2712 exec/s: 10896 rss: 484Mb L: 2470/2679 MS: 2 ChangeASCIIInt-CopyPart-
#272670	REDUCE cov: 3618 ft: 11759 corp: 814/1499Kb lim: 2712 exec/s: 10906 rss: 484Mb L: 2018/2679 MS: 2 EraseBytes-PersAutoDict- DE: "\363kn\252"-
#272730	REDUCE cov: 3618 ft: 11759 corp: 814/1499Kb lim: 2712 exec/s: 10909 rss: 484Mb L: 1521/2679 MS: 5 CMP-ChangeByte-CMP-ChangeBit-EraseBytes- DE: "\000\000\000\000\000\000\004\000"-"\007\000\000\000"-
#273226	REDUCE cov: 3618 ft: 11759 corp: 814/1499Kb lim: 2712 exec/s: 10929 rss: 484Mb L: 2219/2679 MS: 1 EraseBytes-
#273347	REDUCE cov: 3618 ft: 11759 corp: 814/1499Kb lim: 2712 exec/s: 10933 rss: 484Mb L: 385/2679 MS: 1 EraseBytes-
#273816	REDUCE cov: 3618 ft: 11759 corp: 814/1498Kb lim: 2712 exec/s: 10952 rss: 484Mb L: 493/2679 MS: 4 CopyPart-CopyPart-CrossOver-CrossOver-
#274020	REDUCE cov: 3618 ft: 11761 corp: 815/1500Kb lim: 2712 exec/s: 10960 rss: 484Mb L: 2148/2679 MS: 4 ChangeBit-ChangeByte-ChangeBinInt-CopyPart-
#274442	REDUCE cov: 3618 ft: 11761 corp: 815/1500Kb lim: 2712 exec/s: 10977 rss: 484Mb L: 2231/2679 MS: 2 EraseBytes-InsertRepeatedBytes-
#274531	REDUCE cov: 3618 ft: 11765 corp: 816/1501Kb lim: 2712 exec/s: 10981 rss: 484Mb L: 1217/2679 MS: 4 ChangeByte-InsertRepeatedBytes-PersAutoDict-CopyPart- DE: "\000\000"-
#274610	REDUCE cov: 3618 ft: 11765 corp: 816/1501Kb lim: 2712 exec/s: 10984 rss: 484Mb L: 2247/2679 MS: 4 PersAutoDict-InsertRepeatedBytes-ChangeASCIIInt-EraseBytes- DE: "\000\000\005\313"-
#274621	REDUCE cov: 3618 ft: 11765 corp: 816/1501Kb lim: 2712 exec/s: 10984 rss: 484Mb L: 29/2679 MS: 1 EraseBytes-
#275013	REDUCE cov: 3618 ft: 11765 corp: 816/1501Kb lim: 2712 exec/s: 11000 rss: 484Mb L: 1850/2679 MS: 2 ChangeBit-EraseBytes-
#275780	REDUCE cov: 3618 ft: 11765 corp: 816/1501Kb lim: 2712 exec/s: 11031 rss: 484Mb L: 2137/2679 MS: 2 EraseBytes-InsertRepeatedBytes-
#276043	NEW    cov: 3618 ft: 11766 corp: 817/1503Kb lim: 2712 exec/s: 11041 rss: 484Mb L: 2494/2679 MS: 3 ChangeBit-ChangeByte-CMP- DE: "\377\341"-
#276064	REDUCE cov: 3618 ft: 11766 corp: 817/1503Kb lim: 2712 exec/s: 11042 rss: 484Mb L: 4/2679 MS: 1 EraseBytes-
#276218	REDUCE cov: 3618 ft: 11766 corp: 817/1503Kb lim: 2712 exec/s: 11048 rss: 484Mb L: 2353/2679 MS: 4 PersAutoDict-ChangeBit-ChangeBit-EraseBytes- DE: "PK\005\006"-
#276238	REDUCE cov: 3618 ft: 11766 corp: 817/1503Kb lim: 2712 exec/s: 11049 rss: 484Mb L: 31/2679 MS: 5 ShuffleBytes-InsertByte-EraseBytes-ChangeByte-InsertByte-
#276574	REDUCE cov: 3618 ft: 11766 corp: 817/1503Kb lim: 2712 exec/s: 11062 rss: 484Mb L: 1949/2679 MS: 1 EraseBytes-
#277157	REDUCE cov: 3618 ft: 11766 corp: 817/1503Kb lim: 2712 exec/s: 11086 rss: 484Mb L: 2099/2679 MS: 3 ChangeASCIIInt-ChangeByte-EraseBytes-
#277440	REDUCE cov: 3618 ft: 11766 corp: 817/1503Kb lim: 2712 exec/s: 11097 rss: 484Mb L: 2223/2679 MS: 3 ChangeByte-ChangeASCIIInt-EraseBytes-
#278021	REDUCE cov: 3618 ft: 11766 corp: 817/1503Kb lim: 2712 exec/s: 11120 rss: 484Mb L: 1250/2679 MS: 1 EraseBytes-
#278322	NEW    cov: 3619 ft: 11767 corp: 818/1505Kb lim: 2712 exec/s: 11132 rss: 484Mb L: 1985/2679 MS: 1 ChangeBinInt-
#278394	NEW    cov: 3620 ft: 11769 corp: 819/1508Kb lim: 2712 exec/s: 11135 rss: 484Mb L: 2426/2679 MS: 2 ShuffleBytes-ShuffleBytes-
#279250	REDUCE cov: 3620 ft: 11769 corp: 819/1507Kb lim: 2712 exec/s: 11170 rss: 484Mb L: 2459/2679 MS: 1 EraseBytes-
#279639	REDUCE cov: 3620 ft: 11769 corp: 819/1507Kb lim: 2712 exec/s: 11185 rss: 484Mb L: 1635/2679 MS: 4 ChangeASCIIInt-InsertByte-EraseBytes-CopyPart-
#279779	REDUCE cov: 3620 ft: 11769 corp: 819/1507Kb lim: 2712 exec/s: 10760 rss: 484Mb L: 2213/2679 MS: 5 ShuffleBytes-ChangeBinInt-InsertByte-ChangeASCIIInt-EraseBytes-
#280940	REDUCE cov: 3620 ft: 11769 corp: 819/1507Kb lim: 2723 exec/s: 10805 rss: 484Mb L: 704/2679 MS: 1 EraseBytes-
#281376	REDUCE cov: 3621 ft: 11770 corp: 820/1508Kb lim: 2723 exec/s: 10822 rss: 484Mb L: 229/2679 MS: 1 EraseBytes-
#281471	REDUCE cov: 3621 ft: 11770 corp: 820/1508Kb lim: 2723 exec/s: 10825 rss: 484Mb L: 20/2679 MS: 5 ChangeBit-ChangeBit-ChangeBit-ChangeBinInt-EraseBytes-
#281965	REDUCE cov: 3621 ft: 11770 corp: 820/1507Kb lim: 2723 exec/s: 10844 rss: 484Mb L: 2642/2679 MS: 4 ChangeBit-PersAutoDict-EraseBytes-InsertRepeatedBytes- DE: "\000\000"-
#283666	REDUCE cov: 3621 ft: 11770 corp: 820/1507Kb lim: 2734 exec/s: 10910 rss: 484Mb L: 773/2679 MS: 1 EraseBytes-
#284101	REDUCE cov: 3623 ft: 11772 corp: 821/1507Kb lim: 2734 exec/s: 10926 rss: 484Mb L: 9/2679 MS: 5 CrossOver-EraseBytes-ShuffleBytes-EraseBytes-ChangeBinInt-
#284822	NEW    cov: 3623 ft: 11775 corp: 822/1510Kb lim: 2734 exec/s: 10954 rss: 484Mb L: 2185/2679 MS: 1 InsertRepeatedBytes-
#285564	REDUCE cov: 3623 ft: 11775 corp: 822/1510Kb lim: 2734 exec/s: 10983 rss: 484Mb L: 21/2679 MS: 2 CopyPart-EraseBytes-
#285891	REDUCE cov: 3623 ft: 11778 corp: 823/1511Kb lim: 2734 exec/s: 10995 rss: 484Mb L: 1540/2679 MS: 2 ChangeByte-InsertRepeatedBytes-
#286036	REDUCE cov: 3623 ft: 11778 corp: 823/1511Kb lim: 2734 exec/s: 11001 rss: 484Mb L: 1565/2679 MS: 5 InsertRepeatedBytes-ChangeASCIIInt-EraseBytes-ChangeBinInt-InsertRepeatedBytes-
#286616	REDUCE cov: 3623 ft: 11783 corp: 824/1513Kb lim: 2734 exec/s: 11023 rss: 484Mb L: 2448/2679 MS: 5 ChangeBinInt-ChangeByte-InsertRepeatedBytes-ShuffleBytes-InsertRepeatedBytes-
#286657	REDUCE cov: 3623 ft: 11783 corp: 824/1513Kb lim: 2734 exec/s: 11025 rss: 484Mb L: 1144/2679 MS: 1 EraseBytes-
#286664	REDUCE cov: 3623 ft: 11783 corp: 824/1513Kb lim: 2734 exec/s: 11025 rss: 484Mb L: 2448/2679 MS: 2 EraseBytes-InsertRepeatedBytes-
#286974	REDUCE cov: 3623 ft: 11784 corp: 825/1516Kb lim: 2734 exec/s: 11037 rss: 484Mb L: 2728/2728 MS: 5 PersAutoDict-ChangeBit-InsertRepeatedBytes-InsertByte-CrossOver- DE: "J\002\000\000\000\000\000\000"-
#287116	REDUCE cov: 3623 ft: 11784 corp: 825/1516Kb lim: 2734 exec/s: 11042 rss: 484Mb L: 2285/2728 MS: 2 CMP-EraseBytes- DE: "\377\377\377\265"-
#287308	REDUCE cov: 3623 ft: 11784 corp: 825/1516Kb lim: 2734 exec/s: 11050 rss: 484Mb L: 2187/2728 MS: 2 ChangeByte-EraseBytes-
#288286	REDUCE cov: 3623 ft: 11784 corp: 825/1516Kb lim: 2734 exec/s: 11087 rss: 484Mb L: 433/2728 MS: 3 CopyPart-ChangeBinInt-EraseBytes-
#288981	REDUCE cov: 3623 ft: 11784 corp: 825/1516Kb lim: 2734 exec/s: 11114 rss: 484Mb L: 2644/2679 MS: 5 CopyPart-ChangeASCIIInt-ChangeASCIIInt-InsertByte-EraseBytes-
#289435	REDUCE cov: 3623 ft: 11784 corp: 825/1516Kb lim: 2734 exec/s: 11132 rss: 484Mb L: 1638/2679 MS: 4 EraseBytes-ShuffleBytes-ChangeBinInt-InsertRepeatedBytes-
#289997	REDUCE cov: 3623 ft: 11784 corp: 825/1516Kb lim: 2734 exec/s: 10740 rss: 484Mb L: 728/2679 MS: 2 CMP-EraseBytes- DE: "\374\000\000\000\000\000\000\000"-
#290051	REDUCE cov: 3623 ft: 11784 corp: 825/1515Kb lim: 2734 exec/s: 10742 rss: 484Mb L: 725/2679 MS: 4 PersAutoDict-InsertByte-InsertRepeatedBytes-EraseBytes- DE: "\000\000\000\000\000\000\004\000"-
#290122	REDUCE cov: 3623 ft: 11784 corp: 825/1515Kb lim: 2734 exec/s: 10745 rss: 484Mb L: 667/2679 MS: 1 EraseBytes-
#290248	REDUCE cov: 3623 ft: 11784 corp: 825/1515Kb lim: 2734 exec/s: 10749 rss: 484Mb L: 1526/2679 MS: 1 EraseBytes-
#290392	REDUCE cov: 3623 ft: 11784 corp: 825/1515Kb lim: 2734 exec/s: 10755 rss: 484Mb L: 2176/2679 MS: 4 CopyPart-PersAutoDict-ChangeASCIIInt-EraseBytes- DE: "!\355\336\252"-
#290598	REDUCE cov: 3623 ft: 11784 corp: 825/1515Kb lim: 2734 exec/s: 10762 rss: 484Mb L: 2205/2679 MS: 1 EraseBytes-
#290739	NEW    cov: 3623 ft: 11792 corp: 826/1517Kb lim: 2734 exec/s: 10768 rss: 484Mb L: 2426/2679 MS: 1 ChangeBinInt-
#290940	REDUCE cov: 3623 ft: 11792 corp: 826/1517Kb lim: 2734 exec/s: 10775 rss: 484Mb L: 362/2679 MS: 1 CrossOver-
#291357	NEW    cov: 3623 ft: 11793 corp: 827/1519Kb lim: 2734 exec/s: 10791 rss: 484Mb L: 1986/2679 MS: 2 ChangeASCIIInt-ChangeASCIIInt-
#292483	REDUCE cov: 3623 ft: 11793 corp: 827/1519Kb lim: 2745 exec/s: 10832 rss: 484Mb L: 1096/2679 MS: 1 EraseBytes-
#292593	REDUCE cov: 3623 ft: 11796 corp: 828/1522Kb lim: 2745 exec/s: 10836 rss: 484Mb L: 2592/2679 MS: 5 ShuffleBytes-PersAutoDict-ChangeByte-ChangeBit-CopyPart- DE: "\377\377\377\377\377\377\003\000"-
#292749	REDUCE cov: 3623 ft: 11796 corp: 828/1521Kb lim: 2745 exec/s: 10842 rss: 484Mb L: 2391/2679 MS: 1 EraseBytes-
#293033	REDUCE cov: 3623 ft: 11797 corp: 829/1524Kb lim: 2745 exec/s: 10853 rss: 484Mb L: 2730/2730 MS: 4 CopyPart-ChangeASCIIInt-ChangeByte-CrossOver-
#293480	REDUCE cov: 3623 ft: 11797 corp: 829/1524Kb lim: 2745 exec/s: 10869 rss: 484Mb L: 2284/2730 MS: 2 ShuffleBytes-EraseBytes-
#293925	REDUCE cov: 3623 ft: 11799 corp: 830/1526Kb lim: 2745 exec/s: 10886 rss: 484Mb L: 1526/2730 MS: 5 InsertByte-ShuffleBytes-ChangeASCIIInt-InsertRepeatedBytes-CopyPart-
#294053	REDUCE cov: 3623 ft: 11799 corp: 830/1526Kb lim: 2745 exec/s: 10890 rss: 484Mb L: 1717/2730 MS: 3 CMP-InsertByte-EraseBytes- DE: "\003\000\000\000\000\000\000\000"-
#294574	REDUCE cov: 3623 ft: 11799 corp: 830/1525Kb lim: 2745 exec/s: 10910 rss: 484Mb L: 179/2730 MS: 1 EraseBytes-
#294614	REDUCE cov: 3623 ft: 11799 corp: 830/1525Kb lim: 2745 exec/s: 10911 rss: 484Mb L: 1054/2730 MS: 5 InsertByte-ShuffleBytes-PersAutoDict-EraseBytes-InsertRepeatedBytes- DE: "\000\000\007\021"-
#294914	REDUCE cov: 3623 ft: 11801 corp: 831/1528Kb lim: 2745 exec/s: 10922 rss: 484Mb L: 2348/2730 MS: 5 ShuffleBytes-InsertByte-ChangeByte-ChangeASCIIInt-CMP- DE: "\377\377$R"-
#294985	REDUCE cov: 3623 ft: 11801 corp: 831/1528Kb lim: 2745 exec/s: 10925 rss: 484Mb L: 518/2730 MS: 1 EraseBytes-
#295041	REDUCE cov: 3623 ft: 11801 corp: 831/1528Kb lim: 2745 exec/s: 10927 rss: 484Mb L: 1568/2730 MS: 1 EraseBytes-
#295652	REDUCE cov: 3623 ft: 11801 corp: 831/1528Kb lim: 2745 exec/s: 10950 rss: 484Mb L: 2113/2730 MS: 1 EraseBytes-
#295873	REDUCE cov: 3623 ft: 11801 corp: 831/1527Kb lim: 2745 exec/s: 10958 rss: 484Mb L: 1820/2730 MS: 1 EraseBytes-
#296146	NEW    cov: 3623 ft: 11804 corp: 832/1529Kb lim: 2745 exec/s: 10968 rss: 484Mb L: 1526/2730 MS: 3 ChangeByte-ChangeBinInt-CopyPart-
#297142	REDUCE cov: 3623 ft: 11804 corp: 832/1529Kb lim: 2745 exec/s: 11005 rss: 484Mb L: 149/2730 MS: 1 EraseBytes-
#297342	REDUCE cov: 3623 ft: 11804 corp: 832/1529Kb lim: 2745 exec/s: 11012 rss: 484Mb L: 30/2730 MS: 5 InsertByte-CopyPart-PersAutoDict-EraseBytes-EraseBytes- DE: "\000\000\000\000\000\000\000\335"-
#297687	REDUCE cov: 3623 ft: 11804 corp: 832/1529Kb lim: 2745 exec/s: 11025 rss: 484Mb L: 1985/2730 MS: 5 PersAutoDict-ChangeASCIIInt-InsertRepeatedBytes-ShuffleBytes-EraseBytes- DE: "U\370\343\306"-
#298172	NEW    cov: 3623 ft: 11805 corp: 833/1531Kb lim: 2745 exec/s: 11043 rss: 484Mb L: 2534/2730 MS: 5 ShuffleBytes-ChangeASCIIInt-ChangeASCIIInt-ChangeByte-CopyPart-
#298283	REDUCE cov: 3623 ft: 11805 corp: 833/1531Kb lim: 2745 exec/s: 11047 rss: 484Mb L: 1876/2730 MS: 1 EraseBytes-
#298289	REDUCE cov: 3623 ft: 11805 corp: 833/1531Kb lim: 2745 exec/s: 11047 rss: 484Mb L: 575/2730 MS: 1 EraseBytes-
#298907	REDUCE cov: 3623 ft: 11806 corp: 834/1533Kb lim: 2745 exec/s: 11070 rss: 484Mb L: 2467/2730 MS: 3 InsertRepeatedBytes-ChangeASCIIInt-CopyPart-
#299197	REDUCE cov: 3623 ft: 11806 corp: 834/1533Kb lim: 2745 exec/s: 11081 rss: 484Mb L: 658/2730 MS: 5 ChangeASCIIInt-ChangeBinInt-ChangeBit-CopyPart-EraseBytes-
#299205	REDUCE cov: 3623 ft: 11806 corp: 834/1533Kb lim: 2745 exec/s: 11081 rss: 484Mb L: 1425/2730 MS: 3 InsertRepeatedBytes-InsertByte-EraseBytes-
#299333	NEW    cov: 3623 ft: 11808 corp: 835/1535Kb lim: 2745 exec/s: 11086 rss: 484Mb L: 1982/2730 MS: 3 ChangeBit-ChangeBinInt-ShuffleBytes-
#300066	REDUCE cov: 3623 ft: 11808 corp: 835/1535Kb lim: 2745 exec/s: 11113 rss: 484Mb L: 2149/2730 MS: 3 ChangeBit-CopyPart-EraseBytes-
#300359	REDUCE cov: 3623 ft: 11808 corp: 835/1535Kb lim: 2745 exec/s: 11124 rss: 484Mb L: 558/2730 MS: 3 CopyPart-InsertRepeatedBytes-EraseBytes-
#300661	REDUCE cov: 3623 ft: 11808 corp: 835/1535Kb lim: 2745 exec/s: 11135 rss: 484Mb L: 32/2730 MS: 2 CrossOver-EraseBytes-
#301007	REDUCE cov: 3623 ft: 11808 corp: 835/1535Kb lim: 2745 exec/s: 10750 rss: 484Mb L: 378/2730 MS: 1 EraseBytes-
#301091	NEW    cov: 3623 ft: 11809 corp: 836/1537Kb lim: 2745 exec/s: 10753 rss: 484Mb L: 2542/2730 MS: 4 ShuffleBytes-InsertByte-PersAutoDict-InsertRepeatedBytes- DE: "\013\004\003K"-
#301281	REDUCE cov: 3623 ft: 11809 corp: 836/1537Kb lim: 2745 exec/s: 10760 rss: 484Mb L: 2339/2730 MS: 5 ShuffleBytes-ShuffleBytes-ShuffleBytes-ChangeByte-EraseBytes-
#301385	REDUCE cov: 3623 ft: 11809 corp: 836/1537Kb lim: 2745 exec/s: 10763 rss: 484Mb L: 2492/2730 MS: 4 PersAutoDict-PersAutoDict-ChangeASCIIInt-EraseBytes- DE: "\377\377$R"-"mx.]"-
#301786	REDUCE cov: 3623 ft: 11809 corp: 836/1537Kb lim: 2745 exec/s: 10778 rss: 484Mb L: 169/2730 MS: 1 EraseBytes-
#302136	REDUCE cov: 3623 ft: 11809 corp: 836/1537Kb lim: 2745 exec/s: 10790 rss: 484Mb L: 1738/2730 MS: 5 EraseBytes-PersAutoDict-ShuffleBytes-ShuffleBytes-InsertRepeatedBytes- DE: "\011\000\000\000\000\000\000\000"-
#302609	REDUCE cov: 3623 ft: 11809 corp: 836/1537Kb lim: 2745 exec/s: 10807 rss: 484Mb L: 2441/2730 MS: 3 PersAutoDict-ChangeBinInt-EraseBytes- DE: "\265\000\000\000"-
#303820	REDUCE cov: 3623 ft: 11809 corp: 836/1537Kb lim: 2756 exec/s: 10850 rss: 484Mb L: 2215/2730 MS: 1 EraseBytes-
#303931	REDUCE cov: 3623 ft: 11809 corp: 836/1537Kb lim: 2756 exec/s: 10854 rss: 484Mb L: 2360/2730 MS: 1 EraseBytes-
#303953	REDUCE cov: 3623 ft: 11811 corp: 837/1540Kb lim: 2756 exec/s: 10855 rss: 484Mb L: 2644/2730 MS: 2 ChangeASCIIInt-CrossOver-
#304399	REDUCE cov: 3623 ft: 11811 corp: 837/1540Kb lim: 2756 exec/s: 10871 rss: 484Mb L: 2232/2730 MS: 1 EraseBytes-
#304570	REDUCE cov: 3623 ft: 11811 corp: 837/1540Kb lim: 2756 exec/s: 10877 rss: 484Mb L: 2463/2730 MS: 1 EraseBytes-
#304767	REDUCE cov: 3623 ft: 11811 corp: 837/1540Kb lim: 2756 exec/s: 10884 rss: 484Mb L: 87/2730 MS: 2 ChangeBit-EraseBytes-
#305245	REDUCE cov: 3623 ft: 11811 corp: 837/1540Kb lim: 2756 exec/s: 10901 rss: 484Mb L: 60/2730 MS: 3 ChangeByte-ChangeBit-EraseBytes-
#305443	REDUCE cov: 3623 ft: 11811 corp: 837/1540Kb lim: 2756 exec/s: 10908 rss: 484Mb L: 2572/2730 MS: 3 ChangeASCIIInt-InsertByte-EraseBytes-
#305629	REDUCE cov: 3623 ft: 11811 corp: 837/1540Kb lim: 2756 exec/s: 10915 rss: 484Mb L: 8/2730 MS: 1 EraseBytes-
#307065	NEW    cov: 3623 ft: 11812 corp: 838/1542Kb lim: 2767 exec/s: 10966 rss: 484Mb L: 2070/2730 MS: 1 ChangeBinInt-
#307386	NEW    cov: 3623 ft: 11813 corp: 839/1543Kb lim: 2767 exec/s: 10978 rss: 484Mb L: 1526/2730 MS: 1 ChangeBit-
#307482	NEW    cov: 3623 ft: 11815 corp: 840/1545Kb lim: 2767 exec/s: 10981 rss: 484Mb L: 2434/2730 MS: 1 ChangeByte-
#308519	NEW    cov: 3623 ft: 11829 corp: 841/1548Kb lim: 2767 exec/s: 11018 rss: 484Mb L: 2347/2730 MS: 2 EraseBytes-CopyPart-
#308772	REDUCE cov: 3623 ft: 11829 corp: 841/1548Kb lim: 2767 exec/s: 11027 rss: 484Mb L: 1468/2730 MS: 3 InsertRepeatedBytes-CopyPart-EraseBytes-
#309080	REDUCE cov: 3623 ft: 11829 corp: 841/1548Kb lim: 2767 exec/s: 11038 rss: 484Mb L: 982/2730 MS: 3 ChangeBit-ChangeBinInt-EraseBytes-
#309335	REDUCE cov: 3623 ft: 11829 corp: 841/1548Kb lim: 2767 exec/s: 11047 rss: 484Mb L: 1632/2730 MS: 5 InsertRepeatedBytes-InsertRepeatedBytes-InsertByte-CrossOver-EraseBytes-
#309672	REDUCE cov: 3623 ft: 11829 corp: 841/1548Kb lim: 2767 exec/s: 11059 rss: 484Mb L: 160/2730 MS: 2 ShuffleBytes-EraseBytes-
#309878	REDUCE cov: 3623 ft: 11829 corp: 841/1548Kb lim: 2767 exec/s: 11067 rss: 484Mb L: 1928/2730 MS: 1 EraseBytes-
#310397	REDUCE cov: 3623 ft: 11829 corp: 841/1548Kb lim: 2767 exec/s: 11085 rss: 484Mb L: 63/2730 MS: 4 ChangeBinInt-ChangeBinInt-CopyPart-EraseBytes-
#310868	NEW    cov: 3623 ft: 11841 corp: 842/1550Kb lim: 2767 exec/s: 11102 rss: 484Mb L: 2502/2730 MS: 1 InsertRepeatedBytes-
#312216	REDUCE cov: 3623 ft: 11841 corp: 842/1550Kb lim: 2778 exec/s: 10766 rss: 484Mb L: 2559/2730 MS: 3 EraseBytes-ShuffleBytes-CrossOver-
#312982	REDUCE cov: 3623 ft: 11841 corp: 842/1550Kb lim: 2778 exec/s: 10792 rss: 484Mb L: 110/2730 MS: 1 EraseBytes-
#313069	REDUCE cov: 3623 ft: 11841 corp: 842/1550Kb lim: 2778 exec/s: 10795 rss: 484Mb L: 1965/2730 MS: 2 CopyPart-EraseBytes-
#313652	REDUCE cov: 3623 ft: 11841 corp: 842/1550Kb lim: 2778 exec/s: 10815 rss: 484Mb L: 2468/2730 MS: 3 ChangeByte-ChangeBinInt-EraseBytes-
#313848	REDUCE cov: 3623 ft: 11841 corp: 842/1550Kb lim: 2778 exec/s: 10822 rss: 484Mb L: 239/2730 MS: 1 EraseBytes-
#314198	REDUCE cov: 3623 ft: 11841 corp: 842/1550Kb lim: 2778 exec/s: 10834 rss: 484Mb L: 827/2730 MS: 5 InsertRepeatedBytes-ChangeBit-PersAutoDict-ChangeByte-EraseBytes- DE: "\177\377\377\377\377\377\377\377"-
#314784	REDUCE cov: 3623 ft: 11841 corp: 842/1550Kb lim: 2778 exec/s: 10854 rss: 484Mb L: 1953/2730 MS: 1 EraseBytes-
#315143	REDUCE cov: 3623 ft: 11841 corp: 842/1550Kb lim: 2778 exec/s: 10867 rss: 484Mb L: 2192/2730 MS: 4 CMP-ChangeByte-ChangeASCIIInt-EraseBytes- DE: "\000\000\000\000\000\000\000*"-
#315411	REDUCE cov: 3623 ft: 11841 corp: 842/1550Kb lim: 2778 exec/s: 10876 rss: 484Mb L: 61/2730 MS: 3 CrossOver-CopyPart-EraseBytes-
#315437	REDUCE cov: 3623 ft: 11841 corp: 842/1550Kb lim: 2778 exec/s: 10877 rss: 484Mb L: 18/2730 MS: 1 EraseBytes-
#315859	REDUCE cov: 3623 ft: 11841 corp: 842/1550Kb lim: 2778 exec/s: 10891 rss: 484Mb L: 21/2730 MS: 2 ChangeBinInt-EraseBytes-
#315914	REDUCE cov: 3623 ft: 11841 corp: 842/1549Kb lim: 2778 exec/s: 10893 rss: 484Mb L: 325/2730 MS: 5 ShuffleBytes-CrossOver-PersAutoDict-ChangeASCIIInt-EraseBytes- DE: "\000\000\000\000\000\000\0003"-
#315916	NEW    cov: 3623 ft: 11842 corp: 843/1551Kb lim: 2778 exec/s: 10893 rss: 484Mb L: 2149/2730 MS: 2 ChangeByte-ChangeBinInt-
#316112	REDUCE cov: 3623 ft: 11842 corp: 843/1551Kb lim: 2778 exec/s: 10900 rss: 484Mb L: 2019/2730 MS: 1 EraseBytes-
#316118	REDUCE cov: 3623 ft: 11842 corp: 843/1551Kb lim: 2778 exec/s: 10900 rss: 484Mb L: 2460/2730 MS: 1 EraseBytes-
#317234	REDUCE cov: 3623 ft: 11847 corp: 844/1553Kb lim: 2789 exec/s: 10939 rss: 484Mb L: 1966/2730 MS: 1 CrossOver-
#317359	REDUCE cov: 3623 ft: 11847 corp: 844/1553Kb lim: 2789 exec/s: 10943 rss: 484Mb L: 2070/2730 MS: 5 InsertRepeatedBytes-CopyPart-ChangeBinInt-ChangeByte-EraseBytes-
#317509	REDUCE cov: 3623 ft: 11847 corp: 844/1553Kb lim: 2789 exec/s: 10948 rss: 484Mb L: 1801/2730 MS: 5 InsertRepeatedBytes-CrossOver-CMP-ShuffleBytes-EraseBytes- DE: "e/st"-
#318206	NEW    cov: 3623 ft: 11848 corp: 845/1554Kb lim: 2789 exec/s: 10972 rss: 484Mb L: 1177/2730 MS: 2 InsertRepeatedBytes-EraseBytes-
#318578	REDUCE cov: 3623 ft: 11848 corp: 845/1554Kb lim: 2789 exec/s: 10985 rss: 484Mb L: 1030/2730 MS: 2 InsertByte-EraseBytes-
#319877	REDUCE cov: 3623 ft: 11848 corp: 845/1554Kb lim: 2800 exec/s: 11030 rss: 484Mb L: 418/2730 MS: 4 ChangeBit-InsertByte-PersAutoDict-EraseBytes- DE: "\244\274\353\371>`\000\000"-
#319904	REDUCE cov: 3623 ft: 11848 corp: 845/1554Kb lim: 2800 exec/s: 11031 rss: 484Mb L: 2526/2730 MS: 2 ChangeByte-EraseBytes-
#319958	REDUCE cov: 3623 ft: 11848 corp: 845/1554Kb lim: 2800 exec/s: 11033 rss: 484Mb L: 2452/2730 MS: 4 CMP-InsertRepeatedBytes-ChangeBit-EraseBytes- DE: "R\002\000\000"-
#320357	REDUCE cov: 3623 ft: 11848 corp: 845/1554Kb lim: 2800 exec/s: 11046 rss: 484Mb L: 2145/2730 MS: 4 InsertRepeatedBytes-ChangeBinInt-ChangeByte-EraseBytes-
#321273	NEW    cov: 3623 ft: 11849 corp: 846/1556Kb lim: 2800 exec/s: 11078 rss: 484Mb L: 1986/2730 MS: 1 PersAutoDict- DE: "\377\377\377\377\377\377\377\377"-
#321776	REDUCE cov: 3623 ft: 11849 corp: 846/1556Kb lim: 2800 exec/s: 11095 rss: 484Mb L: 2420/2730 MS: 3 ChangeBit-ChangeByte-EraseBytes-
#321857	REDUCE cov: 3623 ft: 11849 corp: 846/1556Kb lim: 2800 exec/s: 11098 rss: 484Mb L: 2292/2730 MS: 1 EraseBytes-
#321873	REDUCE cov: 3623 ft: 11849 corp: 846/1556Kb lim: 2800 exec/s: 11099 rss: 484Mb L: 22/2730 MS: 1 EraseBytes-
#321963	NEW    cov: 3623 ft: 11854 corp: 847/1558Kb lim: 2800 exec/s: 11102 rss: 484Mb L: 1814/2730 MS: 5 ChangeBinInt-ChangeByte-PersAutoDict-ChangeBit-CopyPart- DE: "\001\000\000\000\000\000\000\000"-
#322114	REDUCE cov: 3623 ft: 11854 corp: 847/1558Kb lim: 2800 exec/s: 11107 rss: 484Mb L: 2069/2730 MS: 1 EraseBytes-
#322245	NEW    cov: 3623 ft: 11856 corp: 848/1560Kb lim: 2800 exec/s: 11111 rss: 484Mb L: 2434/2730 MS: 1 CMP- DE: "\006\005KP"-
#322327	REDUCE cov: 3623 ft: 11856 corp: 848/1560Kb lim: 2800 exec/s: 11114 rss: 484Mb L: 311/2730 MS: 2 ChangeASCIIInt-EraseBytes-
#322413	NEW    cov: 3623 ft: 11857 corp: 849/1562Kb lim: 2800 exec/s: 11117 rss: 484Mb L: 1387/2730 MS: 1 CrossOver-
#322737	REDUCE cov: 3623 ft: 11857 corp: 849/1562Kb lim: 2800 exec/s: 11128 rss: 484Mb L: 61/2730 MS: 4 ChangeBinInt-ChangeBit-ChangeBit-EraseBytes-
#322888	REDUCE cov: 3623 ft: 11857 corp: 849/1562Kb lim: 2800 exec/s: 11134 rss: 484Mb L: 11/2730 MS: 1 EraseBytes-
#322900	REDUCE cov: 3623 ft: 11857 corp: 849/1562Kb lim: 2800 exec/s: 11134 rss: 484Mb L: 104/2730 MS: 2 ChangeBit-EraseBytes-
#322986	REDUCE cov: 3623 ft: 11857 corp: 849/1562Kb lim: 2800 exec/s: 10766 rss: 484Mb L: 1496/2730 MS: 1 EraseBytes-
#323734	REDUCE cov: 3623 ft: 11857 corp: 849/1562Kb lim: 2800 exec/s: 10791 rss: 484Mb L: 2278/2730 MS: 3 ChangeBit-ChangeASCIIInt-EraseBytes-
#324046	NEW    cov: 3623 ft: 11858 corp: 850/1564Kb lim: 2800 exec/s: 10801 rss: 484Mb L: 2492/2730 MS: 2 ChangeBit-PersAutoDict- DE: "\223|,I"-
#324706	REDUCE cov: 3623 ft: 11858 corp: 850/1564Kb lim: 2800 exec/s: 10823 rss: 484Mb L: 1584/2730 MS: 5 InsertByte-CopyPart-EraseBytes-ChangeByte-CrossOver-
#324727	NEW    cov: 3623 ft: 11859 corp: 851/1567Kb lim: 2800 exec/s: 10824 rss: 484Mb L: 2796/2796 MS: 1 CopyPart-
#324821	REDUCE cov: 3623 ft: 11859 corp: 851/1567Kb lim: 2800 exec/s: 10827 rss: 484Mb L: 1223/2796 MS: 4 ChangeByte-ShuffleBytes-ChangeBit-EraseBytes-
#325153	REDUCE cov: 3623 ft: 11859 corp: 851/1567Kb lim: 2800 exec/s: 10838 rss: 484Mb L: 2268/2796 MS: 2 PersAutoDict-EraseBytes- DE: "\017\000\000\000"-
#325235	REDUCE cov: 3623 ft: 11859 corp: 851/1567Kb lim: 2800 exec/s: 10841 rss: 484Mb L: 2532/2796 MS: 2 PersAutoDict-EraseBytes- DE: "0\000\000\000\000\000\000\000"-
#325646	NEW    cov: 3626 ft: 11862 corp: 852/1569Kb lim: 2800 exec/s: 10854 rss: 484Mb L: 2426/2796 MS: 1 ChangeBinInt-
#325948	NEW    cov: 3626 ft: 11864 corp: 853/1571Kb lim: 2800 exec/s: 10864 rss: 484Mb L: 1986/2796 MS: 2 PersAutoDict-PersAutoDict- DE: "\003\000\000\000\000\000\000\000"-"\024\000\000\000\000\000\000\000"-
#326358	REDUCE cov: 3626 ft: 11864 corp: 853/1571Kb lim: 2800 exec/s: 10878 rss: 484Mb L: 2325/2796 MS: 5 ChangeBit-ShuffleBytes-InsertRepeatedBytes-CrossOver-EraseBytes-
#327602	REDUCE cov: 3626 ft: 11864 corp: 853/1571Kb lim: 2811 exec/s: 10920 rss: 484Mb L: 1959/2796 MS: 4 EraseBytes-ChangeBit-PersAutoDict-CopyPart- DE: "\377\377"-
#327774	REDUCE cov: 3626 ft: 11864 corp: 853/1570Kb lim: 2811 exec/s: 10925 rss: 484Mb L: 2268/2796 MS: 2 ChangeBit-EraseBytes-
#327825	NEW    cov: 3626 ft: 11866 corp: 854/1572Kb lim: 2811 exec/s: 10927 rss: 484Mb L: 2070/2796 MS: 1 ChangeBinInt-
#328037	REDUCE cov: 3626 ft: 11866 corp: 854/1572Kb lim: 2811 exec/s: 10934 rss: 484Mb L: 971/2796 MS: 2 ChangeBinInt-EraseBytes-
#328067	REDUCE cov: 3626 ft: 11866 corp: 854/1572Kb lim: 2811 exec/s: 10935 rss: 484Mb L: 106/2796 MS: 5 PersAutoDict-ChangeASCIIInt-InsertByte-ShuffleBytes-EraseBytes- DE: "xml\013"-
#328084	REDUCE cov: 3626 ft: 11866 corp: 854/1572Kb lim: 2811 exec/s: 10936 rss: 484Mb L: 1793/2796 MS: 2 ChangeBinInt-EraseBytes-
#328268	REDUCE cov: 3626 ft: 11866 corp: 854/1572Kb lim: 2811 exec/s: 10942 rss: 484Mb L: 2381/2796 MS: 4 InsertRepeatedBytes-InsertRepeatedBytes-InsertByte-EraseBytes-
#328346	REDUCE cov: 3626 ft: 11866 corp: 854/1572Kb lim: 2811 exec/s: 10944 rss: 484Mb L: 431/2796 MS: 3 ChangeByte-ChangeBinInt-EraseBytes-
#328518	REDUCE cov: 3626 ft: 11866 corp: 854/1572Kb lim: 2811 exec/s: 10950 rss: 484Mb L: 1955/2796 MS: 2 ChangeASCIIInt-EraseBytes-
#328850	REDUCE cov: 3626 ft: 11866 corp: 854/1572Kb lim: 2811 exec/s: 10961 rss: 484Mb L: 1761/2796 MS: 2 InsertByte-EraseBytes-
#328886	REDUCE cov: 3626 ft: 11866 corp: 854/1572Kb lim: 2811 exec/s: 10962 rss: 484Mb L: 2185/2796 MS: 1 EraseBytes-
#328987	REDUCE cov: 3626 ft: 11866 corp: 854/1571Kb lim: 2811 exec/s: 10966 rss: 484Mb L: 270/2796 MS: 1 EraseBytes-
#329156	REDUCE cov: 3626 ft: 11866 corp: 854/1571Kb lim: 2811 exec/s: 10971 rss: 484Mb L: 581/2796 MS: 4 PersAutoDict-PersAutoDict-ChangeASCIIInt-EraseBytes- DE: "l\" C"-"\000\000\000\000\000\000\0018"-
#329832	REDUCE cov: 3626 ft: 11866 corp: 854/1571Kb lim: 2811 exec/s: 10994 rss: 484Mb L: 678/2796 MS: 1 EraseBytes-
#330185	REDUCE cov: 3626 ft: 11866 corp: 854/1571Kb lim: 2811 exec/s: 11006 rss: 484Mb L: 101/2796 MS: 3 CopyPart-PersAutoDict-EraseBytes- DE: "\377\377$R"-
#330852	REDUCE cov: 3626 ft: 11866 corp: 854/1571Kb lim: 2811 exec/s: 11028 rss: 484Mb L: 2395/2796 MS: 2 ChangeByte-EraseBytes-
#330858	REDUCE cov: 3626 ft: 11866 corp: 854/1571Kb lim: 2811 exec/s: 11028 rss: 484Mb L: 2514/2796 MS: 1 EraseBytes-
#331055	REDUCE cov: 3626 ft: 11866 corp: 854/1571Kb lim: 2811 exec/s: 11035 rss: 484Mb L: 1149/2796 MS: 2 PersAutoDict-EraseBytes- DE: "\005\005KP"-
#331651	REDUCE cov: 3626 ft: 11866 corp: 854/1571Kb lim: 2811 exec/s: 11055 rss: 484Mb L: 2283/2796 MS: 1 EraseBytes-
#331787	REDUCE cov: 3626 ft: 11866 corp: 854/1571Kb lim: 2811 exec/s: 11059 rss: 484Mb L: 1955/2796 MS: 1 EraseBytes-
#332351	REDUCE cov: 3626 ft: 11866 corp: 854/1571Kb lim: 2811 exec/s: 11078 rss: 484Mb L: 1704/2796 MS: 4 ChangeBit-ShuffleBytes-CopyPart-EraseBytes-
#332377	NEW    cov: 3626 ft: 11867 corp: 855/1573Kb lim: 2811 exec/s: 11079 rss: 484Mb L: 1987/2796 MS: 1 ChangeBit-
#332383	NEW    cov: 3626 ft: 11869 corp: 856/1575Kb lim: 2811 exec/s: 11079 rss: 484Mb L: 2625/2796 MS: 1 ChangeBit-
#332423	REDUCE cov: 3626 ft: 11869 corp: 856/1575Kb lim: 2811 exec/s: 11080 rss: 484Mb L: 2193/2796 MS: 5 ChangeByte-PersAutoDict-InsertByte-InsertByte-EraseBytes- DE: ">N\023u"-
#332920	NEW    cov: 3626 ft: 11872 corp: 857/1577Kb lim: 2811 exec/s: 11097 rss: 484Mb L: 1986/2796 MS: 2 ChangeBinInt-ChangeByte-
#333305	DONE   cov: 3626 ft: 11872 corp: 857/1577Kb lim: 2811 exec/s: 10751 rss: 484Mb
###### Recommended dictionary. ######
"\177\377\377\377\377\377\377\377" # Uses: 390
"\377\377\377\377\377\377\377\377" # Uses: 366
"\377\377\377\377\377\377\003\000" # Uses: 366
"\001\000\001\340" # Uses: 350
"PK\005\006" # Uses: 378
"\007\005KP" # Uses: 349
"\027\000\000\000\000\000\000\000" # Uses: 389
"\013\004\003K" # Uses: 403
"\001\000\000\000\000\000\004\000" # Uses: 347
"\005\005KP" # Uses: 361
"\001\000`.\371\343'\257" # Uses: 343
"OK\001\002" # Uses: 360
"l\" C" # Uses: 331
"\003\000\000\000" # Uses: 325
"\376\377\377\377\377\377\377\377" # Uses: 354
"\000\000\000\000\000\000\000\000" # Uses: 352
"\001\000\000\000\000\000\001%" # Uses: 379
"\376\000\000\000" # Uses: 330
"\000\000\000\000\000\000\000\314" # Uses: 358
"\244\274\353\371>`\000\000" # Uses: 326
"'\000\000\000\000\000\000\000" # Uses: 320
"\001\000\000\000\000\000\011\253" # Uses: 303
"*\000\000\000\000\000\000\000" # Uses: 303
"\006\005KP" # Uses: 323
"\377\377\377\377" # Uses: 303
"\011\000\000\000\000\000\000\000" # Uses: 316
"U\370\343\306" # Uses: 312
"\007\000\000\000\000\000\000\000" # Uses: 310
"\376\377\377\377" # Uses: 294
"`tne" # Uses: 296
"=\001\000\000\000\000\000\000" # Uses: 300
"\377\377\004\314" # Uses: 295
"\001\004\000\000\000\000\000\000" # Uses: 291
"\011\004\003K" # Uses: 294
"\001\000\000\000\000\000\000\000" # Uses: 293
"\363kn\252" # Uses: 268
"\377\377\377\377\377\377\377\034" # Uses: 286
"\024\000\000\000\000\000\000\000" # Uses: 294
"\003\232" # Uses: 298
"\000\000\000\000" # Uses: 303
"\377\377\377\377\377\377\377\255" # Uses: 294
"\000\000>\006" # Uses: 273
"4\000\000\000" # Uses: 269
"\003\322" # Uses: 251
"\003\001KP" # Uses: 260
"xml\013" # Uses: 244
"$\210" # Uses: 285
"!0.1" # Uses: 239
"8\004\000\000\000\000\000\000" # Uses: 249
"\004o\006\000" # Uses: 251
"\265\000\000\000" # Uses: 241
"\005\000\000\000\000\000\000\000" # Uses: 248
"!\355\336\252" # Uses: 235
"mt.x" # Uses: 263
"\373\000" # Uses: 243
"\222'\031\365" # Uses: 205
"\314\005\000\000" # Uses: 234
"\000\000\000\000\377\377\377\377" # Uses: 218
"\335\000\000\000\000\000\000\000" # Uses: 246
"\223|,I" # Uses: 226
"\300\257\006Q" # Uses: 246
"\377\377\377l" # Uses: 239
"\255lmx" # Uses: 243
"0\000\000\000\000\000\000\000" # Uses: 177
"\177\000\000\000\000\000\000\001" # Uses: 238
"\377\377\377\305" # Uses: 237
"?\000\000\000\000\000\000\000" # Uses: 211
"\377\377\377\377\377\377\377j" # Uses: 216
"\377\377" # Uses: 219
"\356\344\342\371.`\000\000" # Uses: 191
"\000\000\000\000\000\000\000\256" # Uses: 195
">N\023u" # Uses: 177
"8\000\000\000\000\000\000\000" # Uses: 206
"tent" # Uses: 191
"mx.]" # Uses: 215
"\000\000" # Uses: 170
"\377\003\000\000\000\000\000\000" # Uses: 187
"\001\000\000\000\000\000\000\012" # Uses: 196
"\377\377\377\377\377\377\377\020" # Uses: 201
"\177\000\000\000" # Uses: 181
"\000\000\000\000\000\000\0003" # Uses: 196
"\377\377\001\262" # Uses: 188
"\012-qv" # Uses: 217
"\377\377\377\374" # Uses: 164
"\313\000\000\000\000\000\000\000" # Uses: 178
"\006\000\000\000\000\000\000\000" # Uses: 185
"\000\000\000\000\000\000\0005" # Uses: 161
"\000\000\000\000\000\000\0018" # Uses: 158
"\177\000\000\000\000\000\000\002" # Uses: 173
".\000\000\000\000\000\000\000" # Uses: 154
"\030%" # Uses: 155
"\260D\025\311" # Uses: 164
"\016\000" # Uses: 146
"\377\377\377\377\377\377\377\363" # Uses: 159
"OK\005\006" # Uses: 173
"w\000\000\000" # Uses: 165
"\226\017\370\221" # Uses: 159
"\377\377\377\377\377\377\377;" # Uses: 164
"\001#" # Uses: 139
"\002\000\000\000\000\000\000\000" # Uses: 135
"\377\021" # Uses: 142
"\264\272\253d" # Uses: 127
"\377\377\377\377\377\377\003X" # Uses: 125
"\300\336$]" # Uses: 126
"\367\377\377\377\377\377\377\177" # Uses: 135
"\377\344" # Uses: 105
"\000\346" # Uses: 136
"\001\000\000\023" # Uses: 111
"\3710+\255" # Uses: 116
"\376\377\377\377\377\377\377\177" # Uses: 109
"\017\000\000\000" # Uses: 128
"\011\000\000\000" # Uses: 114
"\000\000\005\313" # Uses: 95
"\210\203\2556" # Uses: 97
"\000\000\000\000\000\000\0000" # Uses: 118
"k\002\000\000\000\000\000\000" # Uses: 82
"\001\000%\214" # Uses: 118
"J\002\000\000\000\000\000\000" # Uses: 82
"\000\000\000\000\000\000\001S" # Uses: 84
"\301\336$w" # Uses: 78
"\307\011\000\000\000\000\000\000" # Uses: 73
"\020\007\000\000" # Uses: 59
"\001\000\000\000\000\000\000T" # Uses: 72
"\000\000\000\000\000\000\004\220" # Uses: 67
"\000\000\000\000\000\000\004\000" # Uses: 61
"\001\000\003\260" # Uses: 74
"~\377\377\377\377\377\377\377" # Uses: 65
"J\206\037\266" # Uses: 68
"\335\377\377\377" # Uses: 60
"\000\000\007\021" # Uses: 65
"\310\005\000\000" # Uses: 42
"l\000\000\000\000\000\000\000" # Uses: 47
"#\036" # Uses: 38
"\000\000\000\000\000\000\000\335" # Uses: 59
"\007\000\000\000" # Uses: 29
"\377\341" # Uses: 24
"\377\377\377\265" # Uses: 29
"\374\000\000\000\000\000\000\000" # Uses: 29
"\003\000\000\000\000\000\000\000" # Uses: 25
"\377\377$R" # Uses: 32
"\000\000\000\000\000\000\000*" # Uses: 9
"e/st" # Uses: 9
"R\002\000\000" # Uses: 9
###### End of recommended dictionary. ######
Done 333305 runs in 31 second(s)
