warning: binary `fuzz_bind` should have a kebab-case name
   |
 1 | /Users/user/code/rsWordParser/fuzz/target/.../fuzz_bind
   |                                               ^^^^^^^^^
   |
   = note: `cargo::non_kebab_case_bins` is set to `warn` by default
help: to change the binary name to `fuzz-bind`, convert `bin.name`
  --> Cargo.toml:58:8
   |
58 - name = "fuzz_bind"
58 + name = "fuzz-bind"
   |
warning: binary `fuzz_edit` should have a kebab-case name
   |
 1 | /Users/user/code/rsWordParser/fuzz/target/.../fuzz_edit
   |                                               ^^^^^^^^^
   |
help: to change the binary name to `fuzz-edit`, convert `bin.name`
  --> Cargo.toml:51:8
   |
51 - name = "fuzz_edit"
51 + name = "fuzz-edit"
   |
warning: binary `fuzz_embedded` should have a kebab-case name
   |
 1 | /Users/user/code/rsWordParser/fuzz/target/.../fuzz_embedded
   |                                               ^^^^^^^^^^^^^
   |
help: to change the binary name to `fuzz-embedded`, convert `bin.name`
  --> Cargo.toml:44:8
   |
44 - name = "fuzz_embedded"
44 + name = "fuzz-embedded"
   |
warning: binary `fuzz_instr` should have a kebab-case name
   |
 1 | /Users/user/code/rsWordParser/fuzz/target/.../fuzz_instr
   |                                               ^^^^^^^^^^
   |
help: to change the binary name to `fuzz-instr`, convert `bin.name`
  --> Cargo.toml:37:8
   |
37 - name = "fuzz_instr"
37 + name = "fuzz-instr"
   |
warning: binary `fuzz_xml` should have a kebab-case name
   |
 1 | /Users/user/code/rsWordParser/fuzz/target/.../fuzz_xml
   |                                               ^^^^^^^^
   |
help: to change the binary name to `fuzz-xml`, convert `bin.name`
  --> Cargo.toml:23:8
   |
23 - name = "fuzz_xml"
23 + name = "fuzz-xml"
   |
warning: binary `fuzz_zip` should have a kebab-case name
   |
 1 | /Users/user/code/rsWordParser/fuzz/target/.../fuzz_zip
   |                                               ^^^^^^^^
   |
help: to change the binary name to `fuzz-zip`, convert `bin.name`
  --> Cargo.toml:30:8
   |
30 - name = "fuzz_zip"
30 + name = "fuzz-zip"
   |
warning: `rsword-fuzz` (manifest) generated 6 warnings
warning: binary `rsword_e2e_driver` should have a kebab-case name
  |
1 | /Users/user/code/rsWordParser/fuzz/target/.../rsword_e2e_driver
  |                                               ^^^^^^^^^^^^^^^^^
  |
  = note: `cargo::non_kebab_case_bins` is set to `warn` by default
help: to change the binary name to `rsword-e2e-driver`, convert the file stem
  |
1 - src/bin/rsword_e2e_driver.rs
1 + src/bin/rsword-e2e-driver.rs
  |
warning: `rsword` (manifest) generated 1 warning
    Blocking waiting for file lock on package cache
    Blocking waiting for file lock on package cache
    Blocking waiting for file lock on package cache
    Finished `release` profile [optimized + debuginfo] target(s) in 0.10s
warning: binary `fuzz_bind` should have a kebab-case name
   |
 1 | /Users/user/code/rsWordParser/fuzz/target/.../fuzz_bind
   |                                               ^^^^^^^^^
   |
   = note: `cargo::non_kebab_case_bins` is set to `warn` by default
help: to change the binary name to `fuzz-bind`, convert `bin.name`
  --> Cargo.toml:58:8
   |
58 - name = "fuzz_bind"
58 + name = "fuzz-bind"
   |
warning: binary `fuzz_edit` should have a kebab-case name
   |
 1 | /Users/user/code/rsWordParser/fuzz/target/.../fuzz_edit
   |                                               ^^^^^^^^^
   |
help: to change the binary name to `fuzz-edit`, convert `bin.name`
  --> Cargo.toml:51:8
   |
51 - name = "fuzz_edit"
51 + name = "fuzz-edit"
   |
warning: binary `fuzz_embedded` should have a kebab-case name
   |
 1 | /Users/user/code/rsWordParser/fuzz/target/.../fuzz_embedded
   |                                               ^^^^^^^^^^^^^
   |
help: to change the binary name to `fuzz-embedded`, convert `bin.name`
  --> Cargo.toml:44:8
   |
44 - name = "fuzz_embedded"
44 + name = "fuzz-embedded"
   |
warning: binary `fuzz_instr` should have a kebab-case name
   |
 1 | /Users/user/code/rsWordParser/fuzz/target/.../fuzz_instr
   |                                               ^^^^^^^^^^
   |
help: to change the binary name to `fuzz-instr`, convert `bin.name`
  --> Cargo.toml:37:8
   |
37 - name = "fuzz_instr"
37 + name = "fuzz-instr"
   |
warning: binary `fuzz_xml` should have a kebab-case name
   |
 1 | /Users/user/code/rsWordParser/fuzz/target/.../fuzz_xml
   |                                               ^^^^^^^^
   |
help: to change the binary name to `fuzz-xml`, convert `bin.name`
  --> Cargo.toml:23:8
   |
23 - name = "fuzz_xml"
23 + name = "fuzz-xml"
   |
warning: binary `fuzz_zip` should have a kebab-case name
   |
 1 | /Users/user/code/rsWordParser/fuzz/target/.../fuzz_zip
   |                                               ^^^^^^^^
   |
help: to change the binary name to `fuzz-zip`, convert `bin.name`
  --> Cargo.toml:30:8
   |
30 - name = "fuzz_zip"
30 + name = "fuzz-zip"
   |
warning: `rsword-fuzz` (manifest) generated 6 warnings
warning: binary `rsword_e2e_driver` should have a kebab-case name
  |
1 | /Users/user/code/rsWordParser/fuzz/target/.../rsword_e2e_driver
  |                                               ^^^^^^^^^^^^^^^^^
  |
  = note: `cargo::non_kebab_case_bins` is set to `warn` by default
help: to change the binary name to `rsword-e2e-driver`, convert the file stem
  |
1 - src/bin/rsword_e2e_driver.rs
1 + src/bin/rsword-e2e-driver.rs
  |
warning: `rsword` (manifest) generated 1 warning
    Finished `release` profile [optimized + debuginfo] target(s) in 0.02s
     Running `target/aarch64-apple-darwin/release/fuzz_instr -artifact_prefix=/Users/user/code/rsWordParser/fuzz/artifacts/fuzz_instr/ -max_total_time=30 -timeout=20 -rss_limit_mb=4096 -artifact_prefix=/tmp/rsword-fuzz-artifacts-fuzz_instr.a4OTLH/ /tmp/rsword-fuzz-fuzz_instr.wI9ZJ0`
INFO: Running with entropic power schedule (0xFF, 100).
INFO: Seed: 1057778798
INFO: Loaded 1 modules   (524898 inline 8-bit counters): 524898 [0x1026e9f30, 0x10276a192), 
INFO: Loaded 1 PC tables (524898 PCs): 524898 [0x10276a198,0x102f6c7b8), 
INFO:       15 files found in /tmp/rsword-fuzz-fuzz_instr.wI9ZJ0
INFO: -max_len is not provided; libFuzzer will not generate inputs larger than 4096 bytes
INFO: seed corpus: files: 15 min: 6b max: 45b total: 371b rss: 47Mb
#16	INITED cov: 307 ft: 601 corp: 15/371b exec/s: 0 rss: 48Mb
#20	NEW    cov: 318 ft: 627 corp: 16/416b lim: 45 exec/s: 0 rss: 49Mb L: 45/45 MS: 4 ShuffleBytes-ChangeBinInt-ChangeByte-ChangeByte-
#21	NEW    cov: 319 ft: 628 corp: 17/432b lim: 45 exec/s: 0 rss: 49Mb L: 16/45 MS: 1 ChangeBinInt-
#22	NEW    cov: 329 ft: 644 corp: 18/452b lim: 45 exec/s: 0 rss: 49Mb L: 20/45 MS: 1 InsertRepeatedBytes-
#23	NEW    cov: 330 ft: 646 corp: 19/475b lim: 45 exec/s: 0 rss: 49Mb L: 23/45 MS: 1 ShuffleBytes-
#24	NEW    cov: 330 ft: 650 corp: 20/498b lim: 45 exec/s: 0 rss: 49Mb L: 23/45 MS: 1 CrossOver-
#25	NEW    cov: 337 ft: 658 corp: 21/512b lim: 45 exec/s: 0 rss: 49Mb L: 14/45 MS: 1 ChangeByte-
#26	NEW    cov: 337 ft: 662 corp: 22/535b lim: 45 exec/s: 0 rss: 49Mb L: 23/45 MS: 1 ChangeBinInt-
#27	NEW    cov: 337 ft: 672 corp: 23/563b lim: 45 exec/s: 0 rss: 49Mb L: 28/45 MS: 1 InsertByte-
#28	NEW    cov: 337 ft: 675 corp: 24/586b lim: 45 exec/s: 0 rss: 49Mb L: 23/45 MS: 1 ChangeBinInt-
#29	NEW    cov: 337 ft: 679 corp: 25/613b lim: 45 exec/s: 0 rss: 49Mb L: 27/45 MS: 1 ChangeBinInt-
#30	NEW    cov: 339 ft: 682 corp: 26/621b lim: 45 exec/s: 0 rss: 49Mb L: 8/45 MS: 1 EraseBytes-
#31	NEW    cov: 339 ft: 689 corp: 27/639b lim: 45 exec/s: 0 rss: 49Mb L: 18/45 MS: 1 EraseBytes-
#32	NEW    cov: 340 ft: 690 corp: 28/645b lim: 45 exec/s: 0 rss: 49Mb L: 6/45 MS: 1 ChangeBit-
#33	NEW    cov: 340 ft: 691 corp: 29/670b lim: 45 exec/s: 0 rss: 49Mb L: 25/45 MS: 1 InsertByte-
#35	NEW    cov: 343 ft: 710 corp: 30/705b lim: 45 exec/s: 0 rss: 49Mb L: 35/45 MS: 2 ChangeBit-CMP- DE: "\377\377\377\377\377\377\377\377"-
#37	NEW    cov: 344 ft: 712 corp: 31/732b lim: 45 exec/s: 0 rss: 50Mb L: 27/45 MS: 2 CopyPart-ShuffleBytes-
#38	NEW    cov: 344 ft: 717 corp: 32/748b lim: 45 exec/s: 0 rss: 50Mb L: 16/45 MS: 1 ChangeBinInt-
#40	NEW    cov: 344 ft: 727 corp: 33/782b lim: 45 exec/s: 0 rss: 50Mb L: 34/45 MS: 2 ChangeByte-EraseBytes-
#41	NEW    cov: 345 ft: 731 corp: 34/806b lim: 45 exec/s: 0 rss: 50Mb L: 24/45 MS: 1 InsertByte-
#43	NEW    cov: 346 ft: 734 corp: 35/830b lim: 45 exec/s: 0 rss: 50Mb L: 24/45 MS: 2 ChangeASCIIInt-ChangeBinInt-
#44	NEW    cov: 353 ft: 741 corp: 36/870b lim: 45 exec/s: 0 rss: 50Mb L: 40/45 MS: 1 ChangeBinInt-
#45	NEW    cov: 353 ft: 742 corp: 37/898b lim: 45 exec/s: 0 rss: 50Mb L: 28/45 MS: 1 InsertRepeatedBytes-
#47	NEW    cov: 356 ft: 749 corp: 38/935b lim: 45 exec/s: 0 rss: 50Mb L: 37/45 MS: 2 InsertRepeatedBytes-PersAutoDict- DE: "\377\377\377\377\377\377\377\377"-
#50	NEW    cov: 361 ft: 758 corp: 39/948b lim: 45 exec/s: 0 rss: 50Mb L: 13/45 MS: 3 ChangeBit-ChangeByte-InsertRepeatedBytes-
#53	NEW    cov: 362 ft: 759 corp: 40/976b lim: 45 exec/s: 0 rss: 50Mb L: 28/45 MS: 3 ChangeBinInt-ChangeByte-ChangeBit-
#54	NEW    cov: 362 ft: 761 corp: 41/1003b lim: 45 exec/s: 0 rss: 50Mb L: 27/45 MS: 1 ChangeBinInt-
#56	REDUCE cov: 362 ft: 761 corp: 41/1001b lim: 45 exec/s: 0 rss: 50Mb L: 14/45 MS: 2 ShuffleBytes-EraseBytes-
#59	NEW    cov: 365 ft: 770 corp: 42/1017b lim: 45 exec/s: 0 rss: 50Mb L: 16/45 MS: 3 CopyPart-CopyPart-ChangeBinInt-
#61	NEW    cov: 365 ft: 777 corp: 43/1045b lim: 45 exec/s: 0 rss: 50Mb L: 28/45 MS: 2 ChangeByte-ChangeByte-
#62	NEW    cov: 366 ft: 780 corp: 44/1073b lim: 45 exec/s: 0 rss: 50Mb L: 28/45 MS: 1 ShuffleBytes-
#67	NEW    cov: 366 ft: 782 corp: 45/1110b lim: 45 exec/s: 0 rss: 50Mb L: 37/45 MS: 5 ChangeBit-EraseBytes-CopyPart-InsertRepeatedBytes-PersAutoDict- DE: "\377\377\377\377\377\377\377\377"-
#69	NEW    cov: 366 ft: 783 corp: 46/1155b lim: 45 exec/s: 0 rss: 50Mb L: 45/45 MS: 2 ChangeBit-ChangeBit-
#71	NEW    cov: 366 ft: 787 corp: 47/1176b lim: 45 exec/s: 0 rss: 50Mb L: 21/45 MS: 2 InsertByte-PersAutoDict- DE: "\377\377\377\377\377\377\377\377"-
#79	NEW    cov: 367 ft: 792 corp: 48/1209b lim: 45 exec/s: 0 rss: 50Mb L: 33/45 MS: 3 ChangeASCIIInt-ChangeBit-InsertRepeatedBytes-
#82	NEW    cov: 368 ft: 794 corp: 49/1237b lim: 45 exec/s: 0 rss: 50Mb L: 28/45 MS: 3 ChangeByte-ChangeBit-PersAutoDict- DE: "\377\377\377\377\377\377\377\377"-
#85	NEW    cov: 368 ft: 803 corp: 50/1271b lim: 45 exec/s: 0 rss: 50Mb L: 34/45 MS: 3 CopyPart-ChangeBit-InsertRepeatedBytes-
#88	NEW    cov: 370 ft: 807 corp: 51/1280b lim: 45 exec/s: 0 rss: 50Mb L: 9/45 MS: 3 CrossOver-CrossOver-CrossOver-
#91	NEW    cov: 372 ft: 809 corp: 52/1288b lim: 45 exec/s: 0 rss: 50Mb L: 8/45 MS: 3 ChangeByte-ChangeASCIIInt-PersAutoDict- DE: "\377\377\377\377\377\377\377\377"-
#94	NEW    cov: 373 ft: 810 corp: 53/1319b lim: 45 exec/s: 0 rss: 50Mb L: 31/45 MS: 3 ShuffleBytes-CrossOver-ChangeBinInt-
#96	NEW    cov: 373 ft: 811 corp: 54/1337b lim: 45 exec/s: 0 rss: 50Mb L: 18/45 MS: 2 ChangeByte-EraseBytes-
#98	NEW    cov: 374 ft: 812 corp: 55/1366b lim: 45 exec/s: 0 rss: 50Mb L: 29/45 MS: 2 ChangeByte-InsertByte-
#99	NEW    cov: 375 ft: 813 corp: 56/1375b lim: 45 exec/s: 0 rss: 50Mb L: 9/45 MS: 1 ChangeBinInt-
#102	NEW    cov: 375 ft: 814 corp: 57/1414b lim: 45 exec/s: 0 rss: 50Mb L: 39/45 MS: 3 ShuffleBytes-ChangeByte-InsertRepeatedBytes-
#104	NEW    cov: 375 ft: 815 corp: 58/1451b lim: 45 exec/s: 0 rss: 50Mb L: 37/45 MS: 2 ChangeBit-ChangeBinInt-
#115	NEW    cov: 375 ft: 818 corp: 59/1474b lim: 45 exec/s: 0 rss: 50Mb L: 23/45 MS: 1 ChangeBinInt-
#116	REDUCE cov: 375 ft: 818 corp: 59/1471b lim: 45 exec/s: 0 rss: 50Mb L: 25/45 MS: 1 EraseBytes-
#117	NEW    cov: 375 ft: 822 corp: 60/1499b lim: 45 exec/s: 0 rss: 50Mb L: 28/45 MS: 1 InsertRepeatedBytes-
#118	REDUCE cov: 375 ft: 825 corp: 61/1538b lim: 45 exec/s: 0 rss: 50Mb L: 39/45 MS: 1 CopyPart-
#119	NEW    cov: 375 ft: 829 corp: 62/1576b lim: 45 exec/s: 0 rss: 50Mb L: 38/45 MS: 1 CrossOver-
#122	NEW    cov: 375 ft: 830 corp: 63/1608b lim: 45 exec/s: 0 rss: 50Mb L: 32/45 MS: 3 PersAutoDict-CopyPart-ChangeBinInt- DE: "\377\377\377\377\377\377\377\377"-
#125	NEW    cov: 375 ft: 836 corp: 64/1647b lim: 45 exec/s: 0 rss: 50Mb L: 39/45 MS: 3 EraseBytes-InsertRepeatedBytes-InsertByte-
#126	NEW    cov: 375 ft: 846 corp: 65/1665b lim: 45 exec/s: 0 rss: 50Mb L: 18/45 MS: 1 EraseBytes-
#129	NEW    cov: 375 ft: 851 corp: 66/1705b lim: 45 exec/s: 0 rss: 50Mb L: 40/45 MS: 3 ChangeByte-EraseBytes-InsertRepeatedBytes-
#133	NEW    cov: 375 ft: 852 corp: 67/1729b lim: 45 exec/s: 0 rss: 50Mb L: 24/45 MS: 4 ChangeBinInt-CrossOver-ShuffleBytes-CMP- DE: "S\000\000\000"-
#134	REDUCE cov: 375 ft: 853 corp: 68/1751b lim: 45 exec/s: 0 rss: 50Mb L: 22/45 MS: 1 PersAutoDict- DE: "\377\377\377\377\377\377\377\377"-
#136	NEW    cov: 375 ft: 855 corp: 69/1786b lim: 45 exec/s: 0 rss: 50Mb L: 35/45 MS: 2 ChangeByte-CopyPart-
#138	NEW    cov: 375 ft: 884 corp: 70/1831b lim: 45 exec/s: 0 rss: 50Mb L: 45/45 MS: 2 ChangeBinInt-CopyPart-
#145	NEW    cov: 375 ft: 888 corp: 71/1852b lim: 45 exec/s: 0 rss: 51Mb L: 21/45 MS: 2 ChangeASCIIInt-ChangeBinInt-
#146	NEW    cov: 376 ft: 889 corp: 72/1897b lim: 45 exec/s: 0 rss: 51Mb L: 45/45 MS: 1 CrossOver-
#152	NEW    cov: 376 ft: 890 corp: 73/1921b lim: 45 exec/s: 0 rss: 51Mb L: 24/45 MS: 1 ChangeBinInt-
#159	NEW    cov: 378 ft: 892 corp: 74/1950b lim: 45 exec/s: 0 rss: 51Mb L: 29/45 MS: 2 InsertByte-CopyPart-
#161	NEW    cov: 378 ft: 897 corp: 75/1995b lim: 45 exec/s: 0 rss: 51Mb L: 45/45 MS: 2 ChangeBit-InsertRepeatedBytes-
#173	NEW    cov: 378 ft: 898 corp: 76/2034b lim: 45 exec/s: 0 rss: 51Mb L: 39/45 MS: 2 InsertByte-CopyPart-
#180	NEW    cov: 384 ft: 913 corp: 77/2053b lim: 45 exec/s: 0 rss: 51Mb L: 19/45 MS: 2 CMP-CrossOver- DE: "\204\000"-
#183	NEW    cov: 384 ft: 915 corp: 78/2067b lim: 45 exec/s: 0 rss: 51Mb L: 14/45 MS: 3 CopyPart-CopyPart-EraseBytes-
#191	NEW    cov: 385 ft: 918 corp: 79/2102b lim: 45 exec/s: 0 rss: 51Mb L: 35/45 MS: 3 InsertRepeatedBytes-ShuffleBytes-CMP- DE: "\015\000\000\000\000\000\000\000"-
#195	NEW    cov: 385 ft: 919 corp: 80/2144b lim: 45 exec/s: 0 rss: 51Mb L: 42/45 MS: 4 CrossOver-CrossOver-ChangeBinInt-ChangeBinInt-
#197	NEW    cov: 385 ft: 920 corp: 81/2173b lim: 45 exec/s: 0 rss: 51Mb L: 29/45 MS: 2 PersAutoDict-InsertByte- DE: "S\000\000\000"-
#198	NEW    cov: 385 ft: 921 corp: 82/2210b lim: 45 exec/s: 0 rss: 51Mb L: 37/45 MS: 1 CMP- DE: "\376\377\377\377\377\377\377\377"-
#215	NEW    cov: 385 ft: 927 corp: 83/2252b lim: 45 exec/s: 0 rss: 51Mb L: 42/45 MS: 2 InsertRepeatedBytes-ChangeBit-
#216	NEW    cov: 385 ft: 928 corp: 84/2266b lim: 45 exec/s: 0 rss: 51Mb L: 14/45 MS: 1 CopyPart-
#221	NEW    cov: 386 ft: 929 corp: 85/2283b lim: 45 exec/s: 0 rss: 51Mb L: 17/45 MS: 5 ChangeByte-ChangeBinInt-InsertByte-PersAutoDict-ChangeBinInt- DE: "\377\377\377\377\377\377\377\377"-
#224	NEW    cov: 386 ft: 930 corp: 86/2328b lim: 45 exec/s: 0 rss: 51Mb L: 45/45 MS: 3 ChangeByte-CrossOver-InsertByte-
#244	NEW    cov: 386 ft: 931 corp: 87/2353b lim: 45 exec/s: 0 rss: 51Mb L: 25/45 MS: 5 PersAutoDict-EraseBytes-InsertRepeatedBytes-InsertRepeatedBytes-EraseBytes- DE: "\204\000"-
#245	NEW    cov: 420 ft: 967 corp: 88/2385b lim: 45 exec/s: 0 rss: 51Mb L: 32/45 MS: 1 InsertRepeatedBytes-
#247	NEW    cov: 420 ft: 969 corp: 89/2396b lim: 45 exec/s: 0 rss: 51Mb L: 11/45 MS: 2 ChangeBit-InsertRepeatedBytes-
#248	NEW    cov: 420 ft: 970 corp: 90/2438b lim: 45 exec/s: 0 rss: 51Mb L: 42/45 MS: 1 CopyPart-
#266	NEW    cov: 420 ft: 971 corp: 91/2482b lim: 45 exec/s: 0 rss: 51Mb L: 44/45 MS: 3 PersAutoDict-ShuffleBytes-InsertRepeatedBytes- DE: "\015\000\000\000\000\000\000\000"-
#278	NEW    cov: 421 ft: 972 corp: 92/2523b lim: 45 exec/s: 0 rss: 51Mb L: 41/45 MS: 2 InsertRepeatedBytes-InsertRepeatedBytes-
#310	REDUCE cov: 421 ft: 972 corp: 92/2519b lim: 45 exec/s: 0 rss: 51Mb L: 20/45 MS: 2 InsertByte-EraseBytes-
#316	NEW    cov: 421 ft: 973 corp: 93/2543b lim: 45 exec/s: 0 rss: 51Mb L: 24/45 MS: 1 ChangeByte-
#324	NEW    cov: 422 ft: 974 corp: 94/2561b lim: 45 exec/s: 0 rss: 51Mb L: 18/45 MS: 3 ChangeBinInt-ChangeBit-ChangeBinInt-
#326	NEW    cov: 423 ft: 975 corp: 95/2579b lim: 45 exec/s: 0 rss: 51Mb L: 18/45 MS: 2 EraseBytes-PersAutoDict- DE: "\015\000\000\000\000\000\000\000"-
#332	NEW    cov: 423 ft: 977 corp: 96/2592b lim: 45 exec/s: 0 rss: 51Mb L: 13/45 MS: 1 PersAutoDict- DE: "\376\377\377\377\377\377\377\377"-
#344	NEW    cov: 423 ft: 979 corp: 97/2601b lim: 45 exec/s: 0 rss: 51Mb L: 9/45 MS: 2 CopyPart-InsertByte-
#345	NEW    cov: 426 ft: 982 corp: 98/2617b lim: 45 exec/s: 0 rss: 51Mb L: 16/45 MS: 1 EraseBytes-
#357	NEW    cov: 427 ft: 983 corp: 99/2637b lim: 45 exec/s: 0 rss: 51Mb L: 20/45 MS: 2 EraseBytes-EraseBytes-
#358	NEW    cov: 427 ft: 984 corp: 100/2667b lim: 45 exec/s: 0 rss: 51Mb L: 30/45 MS: 1 CrossOver-
#362	NEW    cov: 427 ft: 998 corp: 101/2669b lim: 45 exec/s: 0 rss: 51Mb L: 2/45 MS: 4 ChangeByte-InsertByte-ChangeBinInt-CrossOver-
#369	NEW    cov: 427 ft: 999 corp: 102/2713b lim: 45 exec/s: 0 rss: 51Mb L: 44/45 MS: 2 ChangeByte-CopyPart-
#371	NEW    cov: 429 ft: 1001 corp: 103/2755b lim: 45 exec/s: 0 rss: 51Mb L: 42/45 MS: 2 ShuffleBytes-InsertByte-
#373	REDUCE cov: 429 ft: 1001 corp: 103/2749b lim: 45 exec/s: 0 rss: 51Mb L: 28/45 MS: 2 ChangeBinInt-EraseBytes-
#374	NEW    cov: 429 ft: 1007 corp: 104/2753b lim: 45 exec/s: 0 rss: 51Mb L: 4/45 MS: 1 CopyPart-
#377	NEW    cov: 429 ft: 1012 corp: 105/2784b lim: 45 exec/s: 0 rss: 51Mb L: 31/45 MS: 3 ChangeBinInt-ShuffleBytes-CrossOver-
#392	NEW    cov: 429 ft: 1016 corp: 106/2826b lim: 45 exec/s: 0 rss: 51Mb L: 42/45 MS: 5 InsertByte-ChangeByte-ChangeBit-ChangeByte-CrossOver-
#402	NEW    cov: 429 ft: 1017 corp: 107/2867b lim: 45 exec/s: 0 rss: 51Mb L: 41/45 MS: 5 ChangeBinInt-EraseBytes-InsertByte-CrossOver-InsertRepeatedBytes-
#408	NEW    cov: 430 ft: 1018 corp: 108/2896b lim: 45 exec/s: 0 rss: 51Mb L: 29/45 MS: 1 InsertByte-
#434	NEW    cov: 430 ft: 1019 corp: 109/2902b lim: 45 exec/s: 0 rss: 52Mb L: 6/45 MS: 1 EraseBytes-
#437	NEW    cov: 430 ft: 1020 corp: 110/2945b lim: 45 exec/s: 0 rss: 52Mb L: 43/45 MS: 3 InsertRepeatedBytes-ChangeBit-CMP- DE: "\037\000\000\000\000\000\000\000"-
#441	NEW    cov: 431 ft: 1021 corp: 111/2972b lim: 45 exec/s: 0 rss: 52Mb L: 27/45 MS: 4 ChangeByte-InsertRepeatedBytes-CrossOver-CopyPart-
#452	NEW    cov: 432 ft: 1022 corp: 112/3010b lim: 45 exec/s: 0 rss: 52Mb L: 38/45 MS: 1 ChangeBinInt-
#453	NEW    cov: 434 ft: 1024 corp: 113/3053b lim: 45 exec/s: 0 rss: 52Mb L: 43/45 MS: 1 InsertRepeatedBytes-
#457	NEW    cov: 436 ft: 1026 corp: 114/3067b lim: 45 exec/s: 0 rss: 52Mb L: 14/45 MS: 4 EraseBytes-EraseBytes-ShuffleBytes-CopyPart-
#470	NEW    cov: 436 ft: 1027 corp: 115/3108b lim: 45 exec/s: 0 rss: 52Mb L: 41/45 MS: 3 InsertByte-PersAutoDict-CrossOver- DE: "\376\377\377\377\377\377\377\377"-
#489	NEW    cov: 436 ft: 1033 corp: 116/3145b lim: 45 exec/s: 0 rss: 52Mb L: 37/45 MS: 4 PersAutoDict-EraseBytes-ChangeBinInt-CopyPart- DE: "\204\000"-
#515	REDUCE cov: 436 ft: 1033 corp: 116/3136b lim: 45 exec/s: 0 rss: 52Mb L: 14/45 MS: 1 EraseBytes-
#522	REDUCE cov: 436 ft: 1033 corp: 116/3135b lim: 45 exec/s: 0 rss: 52Mb L: 21/45 MS: 2 ChangeBinInt-EraseBytes-
#529	REDUCE cov: 436 ft: 1033 corp: 116/3134b lim: 45 exec/s: 0 rss: 52Mb L: 37/45 MS: 2 PersAutoDict-EraseBytes- DE: "S\000\000\000"-
#530	NEW    cov: 436 ft: 1038 corp: 117/3137b lim: 45 exec/s: 0 rss: 52Mb L: 3/45 MS: 1 EraseBytes-
#552	NEW    cov: 436 ft: 1051 corp: 118/3165b lim: 45 exec/s: 0 rss: 52Mb L: 28/45 MS: 2 CopyPart-CopyPart-
#559	REDUCE cov: 436 ft: 1051 corp: 118/3157b lim: 45 exec/s: 0 rss: 52Mb L: 29/45 MS: 2 InsertByte-EraseBytes-
#574	REDUCE cov: 436 ft: 1051 corp: 118/3151b lim: 45 exec/s: 0 rss: 52Mb L: 33/45 MS: 5 ShuffleBytes-ChangeBinInt-ChangeByte-EraseBytes-PersAutoDict- DE: "\377\377\377\377\377\377\377\377"-
#594	NEW    cov: 436 ft: 1053 corp: 119/3196b lim: 45 exec/s: 0 rss: 52Mb L: 45/45 MS: 5 InsertRepeatedBytes-ChangeByte-ChangeBinInt-CMP-CopyPart- DE: "n\000\000\000"-
#614	NEW    cov: 436 ft: 1057 corp: 120/3234b lim: 45 exec/s: 0 rss: 52Mb L: 38/45 MS: 5 InsertRepeatedBytes-ShuffleBytes-ChangeByte-ChangeByte-ChangeBit-
#641	NEW    cov: 436 ft: 1060 corp: 121/3275b lim: 45 exec/s: 0 rss: 52Mb L: 41/45 MS: 2 ChangeBit-InsertByte-
#647	NEW    cov: 436 ft: 1061 corp: 122/3320b lim: 45 exec/s: 0 rss: 52Mb L: 45/45 MS: 1 CrossOver-
#654	NEW    cov: 437 ft: 1062 corp: 123/3338b lim: 45 exec/s: 0 rss: 52Mb L: 18/45 MS: 2 ChangeBit-CrossOver-
#657	NEW    cov: 437 ft: 1100 corp: 124/3382b lim: 45 exec/s: 0 rss: 52Mb L: 44/45 MS: 3 CrossOver-ShuffleBytes-CopyPart-
#665	NEW    cov: 437 ft: 1102 corp: 125/3414b lim: 45 exec/s: 0 rss: 52Mb L: 32/45 MS: 3 InsertByte-InsertRepeatedBytes-EraseBytes-
#682	REDUCE cov: 437 ft: 1102 corp: 125/3411b lim: 45 exec/s: 0 rss: 52Mb L: 13/45 MS: 2 ChangeBit-EraseBytes-
#696	REDUCE cov: 437 ft: 1102 corp: 125/3406b lim: 45 exec/s: 0 rss: 52Mb L: 20/45 MS: 4 ShuffleBytes-CopyPart-ShuffleBytes-EraseBytes-
#704	NEW    cov: 437 ft: 1106 corp: 126/3411b lim: 45 exec/s: 0 rss: 52Mb L: 5/45 MS: 3 CopyPart-CrossOver-EraseBytes-
#750	NEW    cov: 440 ft: 1109 corp: 127/3421b lim: 45 exec/s: 0 rss: 52Mb L: 10/45 MS: 1 CrossOver-
#779	NEW    cov: 440 ft: 1110 corp: 128/3459b lim: 45 exec/s: 0 rss: 53Mb L: 38/45 MS: 4 PersAutoDict-ChangeBit-EraseBytes-InsertRepeatedBytes- DE: "n\000\000\000"-
#781	REDUCE cov: 440 ft: 1110 corp: 128/3458b lim: 45 exec/s: 0 rss: 53Mb L: 17/45 MS: 2 ChangeBinInt-EraseBytes-
#785	NEW    cov: 442 ft: 1114 corp: 129/3469b lim: 45 exec/s: 0 rss: 53Mb L: 11/45 MS: 4 ShuffleBytes-EraseBytes-ChangeByte-PersAutoDict- DE: "n\000\000\000"-
#786	NEW    cov: 442 ft: 1116 corp: 130/3483b lim: 45 exec/s: 0 rss: 53Mb L: 14/45 MS: 1 CopyPart-
#789	NEW    cov: 442 ft: 1118 corp: 131/3505b lim: 45 exec/s: 0 rss: 53Mb L: 22/45 MS: 3 CMP-ShuffleBytes-CopyPart- DE: "\033\000"-
#825	NEW    cov: 444 ft: 1120 corp: 132/3550b lim: 45 exec/s: 0 rss: 53Mb L: 45/45 MS: 1 ShuffleBytes-
#849	REDUCE cov: 444 ft: 1120 corp: 132/3542b lim: 45 exec/s: 0 rss: 53Mb L: 10/45 MS: 4 ShuffleBytes-ChangeBinInt-ShuffleBytes-EraseBytes-
#859	NEW    cov: 444 ft: 1124 corp: 133/3587b lim: 45 exec/s: 0 rss: 53Mb L: 45/45 MS: 5 CrossOver-EraseBytes-CopyPart-ChangeBit-CopyPart-
#917	NEW    cov: 444 ft: 1125 corp: 134/3591b lim: 45 exec/s: 0 rss: 53Mb L: 4/45 MS: 3 ChangeBinInt-EraseBytes-ChangeBinInt-
#918	NEW    cov: 444 ft: 1126 corp: 135/3632b lim: 45 exec/s: 0 rss: 53Mb L: 41/45 MS: 1 PersAutoDict- DE: "\015\000\000\000\000\000\000\000"-
#919	NEW    cov: 444 ft: 1127 corp: 136/3669b lim: 45 exec/s: 0 rss: 53Mb L: 37/45 MS: 1 ShuffleBytes-
#920	REDUCE cov: 444 ft: 1127 corp: 136/3665b lim: 45 exec/s: 0 rss: 53Mb L: 5/45 MS: 1 EraseBytes-
#924	NEW    cov: 445 ft: 1128 corp: 137/3673b lim: 45 exec/s: 0 rss: 53Mb L: 8/45 MS: 4 EraseBytes-CopyPart-CMP-ChangeBit- DE: "\004\000\000\000\000\000\000\000"-
#942	REDUCE cov: 445 ft: 1128 corp: 137/3660b lim: 45 exec/s: 0 rss: 53Mb L: 28/45 MS: 3 ChangeBinInt-CrossOver-EraseBytes-
#943	REDUCE cov: 445 ft: 1130 corp: 138/3705b lim: 45 exec/s: 0 rss: 53Mb L: 45/45 MS: 1 CopyPart-
#957	NEW    cov: 445 ft: 1135 corp: 139/3750b lim: 45 exec/s: 0 rss: 53Mb L: 45/45 MS: 4 CMP-EraseBytes-ChangeBinInt-CopyPart- DE: "\006\000\000\000\000\000\000\000"-
#968	REDUCE cov: 445 ft: 1135 corp: 139/3744b lim: 45 exec/s: 0 rss: 53Mb L: 39/45 MS: 1 EraseBytes-
#1036	REDUCE cov: 445 ft: 1137 corp: 140/3747b lim: 45 exec/s: 0 rss: 53Mb L: 3/45 MS: 3 InsertByte-ChangeByte-EraseBytes-
#1039	NEW    cov: 445 ft: 1140 corp: 141/3777b lim: 45 exec/s: 0 rss: 53Mb L: 30/45 MS: 3 PersAutoDict-EraseBytes-CopyPart- DE: "\004\000\000\000\000\000\000\000"-
#1041	NEW    cov: 445 ft: 1141 corp: 142/3793b lim: 45 exec/s: 0 rss: 53Mb L: 16/45 MS: 2 EraseBytes-ChangeBinInt-
#1058	REDUCE cov: 445 ft: 1141 corp: 142/3785b lim: 45 exec/s: 0 rss: 53Mb L: 9/45 MS: 2 PersAutoDict-EraseBytes- DE: "\037\000\000\000\000\000\000\000"-
#1068	REDUCE cov: 445 ft: 1141 corp: 142/3784b lim: 45 exec/s: 0 rss: 53Mb L: 13/45 MS: 5 PersAutoDict-EraseBytes-ChangeBit-PersAutoDict-ChangeBinInt- DE: "\376\377\377\377\377\377\377\377"-"\204\000"-
#1104	NEW    cov: 445 ft: 1142 corp: 143/3828b lim: 45 exec/s: 0 rss: 53Mb L: 44/45 MS: 1 CopyPart-
#1107	REDUCE cov: 445 ft: 1142 corp: 143/3825b lim: 45 exec/s: 0 rss: 53Mb L: 34/45 MS: 3 CopyPart-InsertRepeatedBytes-EraseBytes-
#1113	REDUCE cov: 445 ft: 1142 corp: 143/3821b lim: 45 exec/s: 0 rss: 53Mb L: 16/45 MS: 1 EraseBytes-
#1115	REDUCE cov: 445 ft: 1142 corp: 143/3818b lim: 45 exec/s: 0 rss: 53Mb L: 5/45 MS: 2 InsertByte-EraseBytes-
#1138	NEW    cov: 445 ft: 1144 corp: 144/3863b lim: 45 exec/s: 0 rss: 54Mb L: 45/45 MS: 3 ChangeByte-CopyPart-CopyPart-
#1149	NEW    cov: 445 ft: 1148 corp: 145/3901b lim: 45 exec/s: 0 rss: 54Mb L: 38/45 MS: 1 CMP- DE: "\003\000\000\000\000\000\000\000"-
#1154	REDUCE cov: 445 ft: 1148 corp: 145/3898b lim: 45 exec/s: 0 rss: 54Mb L: 38/45 MS: 5 ChangeBinInt-CopyPart-ChangeByte-ChangeBit-EraseBytes-
#1177	NEW    cov: 445 ft: 1153 corp: 146/3927b lim: 45 exec/s: 0 rss: 54Mb L: 29/45 MS: 3 EraseBytes-ShuffleBytes-ShuffleBytes-
#1233	REDUCE cov: 445 ft: 1153 corp: 146/3921b lim: 45 exec/s: 0 rss: 54Mb L: 27/45 MS: 1 EraseBytes-
#1244	NEW    cov: 445 ft: 1154 corp: 147/3950b lim: 45 exec/s: 0 rss: 54Mb L: 29/45 MS: 1 CopyPart-
#1245	NEW    cov: 445 ft: 1158 corp: 148/3980b lim: 45 exec/s: 0 rss: 54Mb L: 30/45 MS: 1 InsertRepeatedBytes-
#1258	NEW    cov: 452 ft: 1165 corp: 149/3982b lim: 45 exec/s: 0 rss: 54Mb L: 2/45 MS: 3 EraseBytes-EraseBytes-CrossOver-
#1259	REDUCE cov: 452 ft: 1165 corp: 149/3980b lim: 45 exec/s: 0 rss: 54Mb L: 15/45 MS: 1 EraseBytes-
#1260	REDUCE cov: 452 ft: 1165 corp: 149/3979b lim: 45 exec/s: 0 rss: 54Mb L: 4/45 MS: 1 EraseBytes-
#1314	REDUCE cov: 452 ft: 1165 corp: 149/3977b lim: 45 exec/s: 0 rss: 54Mb L: 35/45 MS: 4 InsertByte-CMP-ChangeByte-EraseBytes- DE: "\000\200"-
#1327	REDUCE cov: 452 ft: 1165 corp: 149/3961b lim: 45 exec/s: 0 rss: 54Mb L: 4/45 MS: 3 CrossOver-ShuffleBytes-PersAutoDict- DE: "n\000\000\000"-
#1338	REDUCE cov: 452 ft: 1165 corp: 149/3956b lim: 45 exec/s: 0 rss: 54Mb L: 30/45 MS: 1 CrossOver-
#1344	NEW    cov: 452 ft: 1168 corp: 150/3986b lim: 45 exec/s: 0 rss: 54Mb L: 30/45 MS: 1 ChangeBinInt-
#1368	NEW    cov: 452 ft: 1170 corp: 151/4030b lim: 45 exec/s: 0 rss: 54Mb L: 44/45 MS: 4 ChangeBit-ChangeByte-CopyPart-CrossOver-
#1396	NEW    cov: 452 ft: 1171 corp: 152/4069b lim: 45 exec/s: 0 rss: 54Mb L: 39/45 MS: 3 ChangeByte-ChangeBit-CopyPart-
#1402	NEW    cov: 456 ft: 1175 corp: 153/4091b lim: 45 exec/s: 0 rss: 54Mb L: 22/45 MS: 1 ChangeBinInt-
#1444	REDUCE cov: 456 ft: 1175 corp: 153/4089b lim: 45 exec/s: 0 rss: 55Mb L: 16/45 MS: 2 CrossOver-EraseBytes-
#1445	REDUCE cov: 456 ft: 1175 corp: 153/4077b lim: 45 exec/s: 0 rss: 55Mb L: 30/45 MS: 1 EraseBytes-
#1461	REDUCE cov: 456 ft: 1175 corp: 153/4075b lim: 45 exec/s: 0 rss: 55Mb L: 14/45 MS: 1 EraseBytes-
#1547	NEW    cov: 456 ft: 1176 corp: 154/4120b lim: 45 exec/s: 0 rss: 55Mb L: 45/45 MS: 1 CrossOver-
#1573	REDUCE cov: 456 ft: 1176 corp: 154/4119b lim: 45 exec/s: 0 rss: 55Mb L: 38/45 MS: 1 EraseBytes-
#1586	REDUCE cov: 458 ft: 1222 corp: 155/4163b lim: 45 exec/s: 0 rss: 55Mb L: 44/45 MS: 3 EraseBytes-CopyPart-InsertRepeatedBytes-
#1587	REDUCE cov: 458 ft: 1224 corp: 156/4190b lim: 45 exec/s: 0 rss: 55Mb L: 27/45 MS: 1 ChangeBinInt-
#1643	REDUCE cov: 458 ft: 1224 corp: 156/4185b lim: 45 exec/s: 0 rss: 55Mb L: 15/45 MS: 1 EraseBytes-
#1669	REDUCE cov: 458 ft: 1224 corp: 156/4178b lim: 45 exec/s: 0 rss: 55Mb L: 35/45 MS: 1 EraseBytes-
#1685	NEW    cov: 458 ft: 1226 corp: 157/4190b lim: 45 exec/s: 0 rss: 55Mb L: 12/45 MS: 1 CrossOver-
#1698	REDUCE cov: 458 ft: 1226 corp: 157/4183b lim: 45 exec/s: 0 rss: 55Mb L: 31/45 MS: 3 CopyPart-ChangeBinInt-EraseBytes-
#1710	NEW    cov: 458 ft: 1227 corp: 158/4223b lim: 45 exec/s: 0 rss: 55Mb L: 40/45 MS: 2 CrossOver-CrossOver-
#1712	REDUCE cov: 458 ft: 1227 corp: 158/4220b lim: 45 exec/s: 0 rss: 55Mb L: 8/45 MS: 2 ShuffleBytes-EraseBytes-
#1728	REDUCE cov: 458 ft: 1227 corp: 158/4215b lim: 45 exec/s: 0 rss: 55Mb L: 14/45 MS: 1 EraseBytes-
#1742	REDUCE cov: 458 ft: 1227 corp: 158/4214b lim: 45 exec/s: 0 rss: 55Mb L: 44/45 MS: 4 PersAutoDict-ShuffleBytes-PersAutoDict-EraseBytes- DE: "\006\000\000\000\000\000\000\000"-"\003\000\000\000\000\000\000\000"-
#1762	NEW    cov: 458 ft: 1228 corp: 159/4258b lim: 45 exec/s: 0 rss: 55Mb L: 44/45 MS: 5 ChangeBinInt-CrossOver-CrossOver-ShuffleBytes-CrossOver-
#1802	NEW    cov: 458 ft: 1229 corp: 160/4297b lim: 45 exec/s: 0 rss: 55Mb L: 39/45 MS: 5 CopyPart-CrossOver-InsertRepeatedBytes-ShuffleBytes-PersAutoDict- DE: "\003\000\000\000\000\000\000\000"-
#1919	REDUCE cov: 458 ft: 1229 corp: 160/4294b lim: 45 exec/s: 0 rss: 55Mb L: 29/45 MS: 2 InsertRepeatedBytes-EraseBytes-
#1933	REDUCE cov: 458 ft: 1229 corp: 160/4278b lim: 45 exec/s: 0 rss: 55Mb L: 21/45 MS: 4 ChangeByte-InsertByte-ChangeByte-EraseBytes-
#1944	REDUCE cov: 458 ft: 1229 corp: 160/4259b lim: 45 exec/s: 0 rss: 56Mb L: 26/45 MS: 1 EraseBytes-
#1950	REDUCE cov: 458 ft: 1229 corp: 160/4257b lim: 45 exec/s: 0 rss: 56Mb L: 14/45 MS: 1 EraseBytes-
#2006	NEW    cov: 458 ft: 1230 corp: 161/4302b lim: 45 exec/s: 0 rss: 56Mb L: 45/45 MS: 1 CrossOver-
#2032	REDUCE cov: 458 ft: 1230 corp: 161/4301b lim: 45 exec/s: 0 rss: 56Mb L: 43/45 MS: 1 EraseBytes-
#2083	REDUCE cov: 458 ft: 1230 corp: 161/4300b lim: 45 exec/s: 0 rss: 56Mb L: 29/45 MS: 1 EraseBytes-
#2155	NEW    cov: 459 ft: 1232 corp: 162/4301b lim: 45 exec/s: 0 rss: 56Mb L: 1/45 MS: 2 ChangeByte-EraseBytes-
#2163	REDUCE cov: 459 ft: 1232 corp: 162/4291b lim: 45 exec/s: 0 rss: 56Mb L: 35/45 MS: 3 ChangeByte-ChangeBit-EraseBytes-
#2167	NEW    cov: 459 ft: 1233 corp: 163/4329b lim: 45 exec/s: 0 rss: 56Mb L: 38/45 MS: 4 InsertRepeatedBytes-ShuffleBytes-ShuffleBytes-CrossOver-
#2170	REDUCE cov: 459 ft: 1233 corp: 163/4324b lim: 45 exec/s: 0 rss: 56Mb L: 40/45 MS: 3 EraseBytes-CopyPart-ChangeByte-
#2174	NEW    cov: 459 ft: 1235 corp: 164/4367b lim: 45 exec/s: 0 rss: 56Mb L: 43/45 MS: 4 ChangeByte-CrossOver-ChangeByte-InsertRepeatedBytes-
#2227	REDUCE cov: 459 ft: 1237 corp: 165/4369b lim: 45 exec/s: 0 rss: 56Mb L: 2/45 MS: 3 ShuffleBytes-EraseBytes-EraseBytes-
#2388	NEW    cov: 459 ft: 1249 corp: 166/4397b lim: 45 exec/s: 0 rss: 56Mb L: 28/45 MS: 1 CopyPart-
#2446	NEW    cov: 459 ft: 1264 corp: 167/4440b lim: 45 exec/s: 0 rss: 56Mb L: 43/45 MS: 3 CMP-ChangeBinInt-CrossOver- DE: "\001\200"-
#2447	NEW    cov: 459 ft: 1274 corp: 168/4469b lim: 45 exec/s: 0 rss: 56Mb L: 29/45 MS: 1 CopyPart-
#2468	REDUCE cov: 459 ft: 1274 corp: 168/4467b lim: 45 exec/s: 0 rss: 56Mb L: 11/45 MS: 1 EraseBytes-
#2479	NEW    cov: 459 ft: 1275 corp: 169/4504b lim: 45 exec/s: 0 rss: 57Mb L: 37/45 MS: 1 ChangeBit-
#2530	REDUCE cov: 459 ft: 1275 corp: 169/4499b lim: 45 exec/s: 0 rss: 57Mb L: 6/45 MS: 1 EraseBytes-
#2608	REDUCE cov: 459 ft: 1275 corp: 169/4494b lim: 45 exec/s: 0 rss: 57Mb L: 39/45 MS: 3 EraseBytes-ShuffleBytes-CopyPart-
#2637	NEW    cov: 461 ft: 1277 corp: 170/4539b lim: 45 exec/s: 0 rss: 57Mb L: 45/45 MS: 4 InsertByte-ChangeBinInt-CopyPart-ChangeByte-
#2689	NEW    cov: 461 ft: 1291 corp: 171/4582b lim: 45 exec/s: 0 rss: 57Mb L: 43/45 MS: 2 ChangeByte-CopyPart-
#2764	REDUCE cov: 461 ft: 1291 corp: 171/4570b lim: 45 exec/s: 0 rss: 57Mb L: 33/45 MS: 5 EraseBytes-PersAutoDict-ChangeBinInt-CopyPart-CopyPart- DE: "\033\000"-
#2787	NEW    cov: 462 ft: 1292 corp: 172/4597b lim: 45 exec/s: 0 rss: 57Mb L: 27/45 MS: 3 CopyPart-ChangeBit-CrossOver-
#2798	REDUCE cov: 462 ft: 1292 corp: 172/4589b lim: 45 exec/s: 0 rss: 57Mb L: 21/45 MS: 1 EraseBytes-
#2840	NEW    cov: 462 ft: 1294 corp: 173/4627b lim: 45 exec/s: 0 rss: 57Mb L: 38/45 MS: 2 ChangeBit-CrossOver-
#2860	REDUCE cov: 462 ft: 1294 corp: 173/4623b lim: 45 exec/s: 0 rss: 57Mb L: 17/45 MS: 5 ChangeByte-InsertByte-EraseBytes-CrossOver-EraseBytes-
#2926	REDUCE cov: 462 ft: 1294 corp: 173/4618b lim: 45 exec/s: 0 rss: 57Mb L: 30/45 MS: 1 EraseBytes-
#2941	NEW    cov: 462 ft: 1295 corp: 174/4662b lim: 45 exec/s: 0 rss: 57Mb L: 44/45 MS: 5 InsertByte-CopyPart-ChangeByte-InsertRepeatedBytes-CMP- DE: "\376\377\377\377\377\377\377\377"-
#2947	REDUCE cov: 462 ft: 1295 corp: 174/4653b lim: 45 exec/s: 0 rss: 57Mb L: 33/45 MS: 1 EraseBytes-
#2984	NEW    cov: 466 ft: 1299 corp: 175/4685b lim: 45 exec/s: 0 rss: 57Mb L: 32/45 MS: 2 InsertByte-ChangeByte-
#2986	REDUCE cov: 466 ft: 1299 corp: 175/4679b lim: 45 exec/s: 0 rss: 57Mb L: 6/45 MS: 2 ChangeByte-EraseBytes-
#2987	NEW    cov: 466 ft: 1301 corp: 176/4724b lim: 45 exec/s: 0 rss: 57Mb L: 45/45 MS: 1 ChangeBinInt-
#3001	REDUCE cov: 472 ft: 1307 corp: 177/4767b lim: 45 exec/s: 0 rss: 57Mb L: 43/45 MS: 4 InsertRepeatedBytes-InsertRepeatedBytes-InsertByte-ChangeByte-
#3002	REDUCE cov: 472 ft: 1307 corp: 177/4757b lim: 45 exec/s: 0 rss: 58Mb L: 20/45 MS: 1 EraseBytes-
#3008	REDUCE cov: 472 ft: 1307 corp: 177/4746b lim: 45 exec/s: 0 rss: 58Mb L: 32/45 MS: 1 EraseBytes-
#3036	NEW    cov: 472 ft: 1308 corp: 178/4784b lim: 45 exec/s: 0 rss: 58Mb L: 38/45 MS: 3 ShuffleBytes-ChangeByte-ChangeBit-
#3067	NEW    cov: 472 ft: 1309 corp: 179/4818b lim: 45 exec/s: 0 rss: 58Mb L: 34/45 MS: 1 CrossOver-
#3119	REDUCE cov: 472 ft: 1309 corp: 179/4815b lim: 45 exec/s: 0 rss: 58Mb L: 7/45 MS: 2 InsertByte-EraseBytes-
#3210	REDUCE cov: 472 ft: 1309 corp: 179/4810b lim: 45 exec/s: 0 rss: 58Mb L: 40/45 MS: 1 EraseBytes-
#3243	REDUCE cov: 472 ft: 1309 corp: 179/4805b lim: 45 exec/s: 0 rss: 58Mb L: 11/45 MS: 3 CopyPart-ChangeBinInt-EraseBytes-
#3249	NEW    cov: 472 ft: 1310 corp: 180/4848b lim: 45 exec/s: 0 rss: 58Mb L: 43/45 MS: 1 PersAutoDict- DE: "\204\000"-
#3292	REDUCE cov: 472 ft: 1310 corp: 180/4844b lim: 45 exec/s: 0 rss: 58Mb L: 26/45 MS: 3 CrossOver-CopyPart-PersAutoDict- DE: "\033\000"-
#3313	REDUCE cov: 472 ft: 1310 corp: 180/4836b lim: 45 exec/s: 0 rss: 58Mb L: 24/45 MS: 1 EraseBytes-
#3370	REDUCE cov: 472 ft: 1310 corp: 180/4835b lim: 45 exec/s: 0 rss: 58Mb L: 31/45 MS: 2 ChangeByte-EraseBytes-
#3396	REDUCE cov: 472 ft: 1310 corp: 180/4834b lim: 45 exec/s: 0 rss: 58Mb L: 14/45 MS: 1 EraseBytes-
#3468	REDUCE cov: 472 ft: 1310 corp: 180/4827b lim: 45 exec/s: 0 rss: 58Mb L: 21/45 MS: 2 ChangeBinInt-CrossOver-
#3550	REDUCE cov: 472 ft: 1310 corp: 180/4824b lim: 45 exec/s: 0 rss: 58Mb L: 6/45 MS: 2 CrossOver-EraseBytes-
#3551	REDUCE cov: 472 ft: 1310 corp: 180/4822b lim: 45 exec/s: 0 rss: 58Mb L: 19/45 MS: 1 EraseBytes-
#3708	REDUCE cov: 472 ft: 1310 corp: 180/4810b lim: 45 exec/s: 0 rss: 59Mb L: 22/45 MS: 2 ChangeBit-EraseBytes-
#3799	REDUCE cov: 472 ft: 1310 corp: 180/4806b lim: 45 exec/s: 0 rss: 59Mb L: 20/45 MS: 1 EraseBytes-
#3881	REDUCE cov: 472 ft: 1310 corp: 180/4805b lim: 45 exec/s: 0 rss: 59Mb L: 25/45 MS: 2 InsertRepeatedBytes-EraseBytes-
#3919	NEW    cov: 472 ft: 1311 corp: 181/4849b lim: 45 exec/s: 0 rss: 59Mb L: 44/45 MS: 3 ShuffleBytes-CMP-CopyPart- DE: "\377\377\377\377\377\377\377\377"-
#3921	REDUCE cov: 474 ft: 1313 corp: 182/4894b lim: 45 exec/s: 0 rss: 59Mb L: 45/45 MS: 2 ChangeByte-CopyPart-
#3981	REDUCE cov: 474 ft: 1313 corp: 182/4892b lim: 45 exec/s: 0 rss: 59Mb L: 2/45 MS: 5 CrossOver-ChangeBit-PersAutoDict-EraseBytes-EraseBytes- DE: "\033\000"-
#4007	REDUCE cov: 474 ft: 1313 corp: 182/4881b lim: 45 exec/s: 0 rss: 59Mb L: 28/45 MS: 1 EraseBytes-
#4078	REDUCE cov: 474 ft: 1313 corp: 182/4874b lim: 45 exec/s: 0 rss: 59Mb L: 15/45 MS: 1 EraseBytes-
#4129	REDUCE cov: 474 ft: 1313 corp: 182/4864b lim: 45 exec/s: 0 rss: 60Mb L: 27/45 MS: 1 EraseBytes-
#4230	REDUCE cov: 474 ft: 1315 corp: 183/4909b lim: 45 exec/s: 0 rss: 60Mb L: 45/45 MS: 1 InsertRepeatedBytes-
#4248	REDUCE cov: 474 ft: 1316 corp: 184/4933b lim: 45 exec/s: 0 rss: 60Mb L: 24/45 MS: 3 PersAutoDict-InsertByte-InsertRepeatedBytes- DE: "\004\000\000\000\000\000\000\000"-
#4354	NEW    cov: 485 ft: 1328 corp: 185/4969b lim: 45 exec/s: 0 rss: 60Mb L: 36/45 MS: 1 CopyPart-
#4381	REDUCE cov: 485 ft: 1328 corp: 185/4968b lim: 45 exec/s: 0 rss: 60Mb L: 26/45 MS: 2 ChangeBinInt-EraseBytes-
#4520	REDUCE cov: 485 ft: 1328 corp: 185/4966b lim: 45 exec/s: 0 rss: 60Mb L: 42/45 MS: 4 ChangeBit-InsertByte-PersAutoDict-EraseBytes- DE: "S\000\000\000"-
#4532	REDUCE cov: 485 ft: 1328 corp: 185/4961b lim: 45 exec/s: 0 rss: 60Mb L: 39/45 MS: 2 CrossOver-EraseBytes-
#4539	REDUCE cov: 485 ft: 1328 corp: 185/4960b lim: 45 exec/s: 0 rss: 60Mb L: 30/45 MS: 2 ShuffleBytes-EraseBytes-
#4575	REDUCE cov: 485 ft: 1328 corp: 185/4954b lim: 45 exec/s: 0 rss: 60Mb L: 18/45 MS: 1 EraseBytes-
#4578	REDUCE cov: 485 ft: 1328 corp: 185/4938b lim: 45 exec/s: 0 rss: 60Mb L: 25/45 MS: 3 ChangeASCIIInt-ShuffleBytes-EraseBytes-
#4593	REDUCE cov: 485 ft: 1328 corp: 185/4937b lim: 45 exec/s: 0 rss: 60Mb L: 34/45 MS: 5 ChangeBinInt-ChangeBit-InsertByte-PersAutoDict-EraseBytes- DE: "\000\200"-
#4652	REDUCE cov: 485 ft: 1328 corp: 185/4936b lim: 45 exec/s: 0 rss: 60Mb L: 38/45 MS: 4 InsertByte-CopyPart-ShuffleBytes-EraseBytes-
#4654	REDUCE cov: 485 ft: 1328 corp: 185/4932b lim: 45 exec/s: 0 rss: 61Mb L: 20/45 MS: 2 PersAutoDict-EraseBytes- DE: "\000\200"-
#4745	REDUCE cov: 485 ft: 1328 corp: 185/4924b lim: 45 exec/s: 0 rss: 61Mb L: 18/45 MS: 1 EraseBytes-
#4768	REDUCE cov: 485 ft: 1328 corp: 185/4921b lim: 45 exec/s: 0 rss: 61Mb L: 41/45 MS: 3 ChangeByte-ChangeBinInt-EraseBytes-
#4853	NEW    cov: 485 ft: 1332 corp: 186/4965b lim: 45 exec/s: 0 rss: 61Mb L: 44/45 MS: 5 InsertRepeatedBytes-ChangeBit-InsertByte-ChangeBinInt-ChangeBinInt-
#4856	REDUCE cov: 485 ft: 1332 corp: 186/4948b lim: 45 exec/s: 0 rss: 61Mb L: 28/45 MS: 3 ChangeByte-CopyPart-EraseBytes-
#4928	REDUCE cov: 485 ft: 1332 corp: 186/4947b lim: 45 exec/s: 0 rss: 61Mb L: 8/45 MS: 2 PersAutoDict-EraseBytes- DE: "n\000\000\000"-
#4940	REDUCE cov: 485 ft: 1332 corp: 186/4946b lim: 45 exec/s: 0 rss: 61Mb L: 1/45 MS: 2 ChangeBit-EraseBytes-
#5004	REDUCE cov: 485 ft: 1332 corp: 186/4945b lim: 45 exec/s: 0 rss: 61Mb L: 27/45 MS: 4 ChangeByte-ChangeBit-ChangeBinInt-EraseBytes-
#5055	REDUCE cov: 485 ft: 1332 corp: 186/4943b lim: 45 exec/s: 0 rss: 61Mb L: 4/45 MS: 1 EraseBytes-
#5096	REDUCE cov: 485 ft: 1332 corp: 186/4942b lim: 45 exec/s: 0 rss: 61Mb L: 1/45 MS: 1 EraseBytes-
#5157	NEW    cov: 485 ft: 1333 corp: 187/4968b lim: 45 exec/s: 0 rss: 61Mb L: 26/45 MS: 1 CopyPart-
#5158	REDUCE cov: 485 ft: 1333 corp: 187/4966b lim: 45 exec/s: 0 rss: 61Mb L: 32/45 MS: 1 EraseBytes-
#5205	NEW    cov: 485 ft: 1335 corp: 188/5010b lim: 45 exec/s: 0 rss: 61Mb L: 44/45 MS: 2 CrossOver-CrossOver-
#5231	REDUCE cov: 485 ft: 1335 corp: 188/4990b lim: 45 exec/s: 0 rss: 62Mb L: 25/45 MS: 1 EraseBytes-
#5277	REDUCE cov: 486 ft: 1336 corp: 189/5016b lim: 45 exec/s: 0 rss: 62Mb L: 26/45 MS: 1 CrossOver-
#5315	NEW    cov: 486 ft: 1337 corp: 190/5017b lim: 45 exec/s: 0 rss: 62Mb L: 1/45 MS: 3 ShuffleBytes-CrossOver-EraseBytes-
#5507	REDUCE cov: 489 ft: 1340 corp: 191/5048b lim: 45 exec/s: 0 rss: 62Mb L: 31/45 MS: 2 ChangeBit-CrossOver-
#5519	REDUCE cov: 489 ft: 1340 corp: 191/5046b lim: 45 exec/s: 0 rss: 62Mb L: 21/45 MS: 2 InsertByte-EraseBytes-
#5536	NEW    cov: 489 ft: 1346 corp: 192/5091b lim: 45 exec/s: 0 rss: 62Mb L: 45/45 MS: 2 ChangeBinInt-CopyPart-
#5579	REDUCE cov: 489 ft: 1347 corp: 193/5126b lim: 45 exec/s: 0 rss: 62Mb L: 35/45 MS: 3 ShuffleBytes-ShuffleBytes-ShuffleBytes-
#5685	REDUCE cov: 489 ft: 1347 corp: 193/5112b lim: 45 exec/s: 0 rss: 62Mb L: 17/45 MS: 1 EraseBytes-
#5690	NEW    cov: 489 ft: 1348 corp: 194/5157b lim: 45 exec/s: 0 rss: 62Mb L: 45/45 MS: 5 CrossOver-CrossOver-PersAutoDict-CrossOver-CopyPart- DE: "\000\200"-
#5782	REDUCE cov: 489 ft: 1348 corp: 194/5150b lim: 45 exec/s: 0 rss: 62Mb L: 20/45 MS: 2 CopyPart-EraseBytes-
#5800	REDUCE cov: 489 ft: 1348 corp: 194/5147b lim: 45 exec/s: 0 rss: 62Mb L: 20/45 MS: 3 InsertRepeatedBytes-CrossOver-EraseBytes-
#5832	NEW    cov: 489 ft: 1349 corp: 195/5190b lim: 45 exec/s: 0 rss: 63Mb L: 43/45 MS: 2 ChangeBit-CrossOver-
#5883	REDUCE cov: 489 ft: 1349 corp: 195/5189b lim: 45 exec/s: 0 rss: 63Mb L: 19/45 MS: 1 EraseBytes-
#5955	REDUCE cov: 489 ft: 1349 corp: 195/5183b lim: 45 exec/s: 0 rss: 63Mb L: 20/45 MS: 2 InsertByte-EraseBytes-
#5971	REDUCE cov: 489 ft: 1349 corp: 195/5177b lim: 45 exec/s: 0 rss: 63Mb L: 8/45 MS: 1 EraseBytes-
#6027	REDUCE cov: 489 ft: 1349 corp: 195/5159b lim: 45 exec/s: 0 rss: 63Mb L: 26/45 MS: 1 EraseBytes-
#6158	REDUCE cov: 489 ft: 1349 corp: 195/5152b lim: 45 exec/s: 0 rss: 63Mb L: 19/45 MS: 1 EraseBytes-
#6175	REDUCE cov: 489 ft: 1349 corp: 195/5151b lim: 45 exec/s: 0 rss: 63Mb L: 27/45 MS: 2 EraseBytes-InsertRepeatedBytes-
#6180	REDUCE cov: 489 ft: 1349 corp: 195/5148b lim: 45 exec/s: 0 rss: 63Mb L: 42/45 MS: 5 ShuffleBytes-CopyPart-ChangeASCIIInt-ChangeBinInt-EraseBytes-
#6203	REDUCE cov: 489 ft: 1349 corp: 195/5145b lim: 45 exec/s: 0 rss: 63Mb L: 27/45 MS: 3 ShuffleBytes-InsertByte-EraseBytes-
#6297	REDUCE cov: 489 ft: 1349 corp: 195/5141b lim: 45 exec/s: 0 rss: 63Mb L: 2/45 MS: 4 ChangeBinInt-CrossOver-EraseBytes-EraseBytes-
#6346	NEW    cov: 489 ft: 1351 corp: 196/5185b lim: 45 exec/s: 0 rss: 64Mb L: 44/45 MS: 4 ShuffleBytes-ChangeBit-InsertByte-CopyPart-
#6502	REDUCE cov: 489 ft: 1353 corp: 197/5211b lim: 45 exec/s: 0 rss: 64Mb L: 26/45 MS: 1 InsertRepeatedBytes-
#6573	REDUCE cov: 489 ft: 1353 corp: 197/5201b lim: 45 exec/s: 0 rss: 64Mb L: 27/45 MS: 1 EraseBytes-
#6639	REDUCE cov: 489 ft: 1353 corp: 197/5198b lim: 45 exec/s: 0 rss: 64Mb L: 37/45 MS: 1 EraseBytes-
#6719	REDUCE cov: 489 ft: 1354 corp: 198/5239b lim: 45 exec/s: 0 rss: 64Mb L: 41/45 MS: 5 CopyPart-ShuffleBytes-ChangeBinInt-CrossOver-ChangeBit-
#6786	REDUCE cov: 489 ft: 1355 corp: 199/5244b lim: 45 exec/s: 0 rss: 64Mb L: 5/45 MS: 2 CMP-CopyPart- DE: "\017\000\000\000"-
#6798	REDUCE cov: 489 ft: 1355 corp: 199/5243b lim: 45 exec/s: 0 rss: 64Mb L: 27/45 MS: 2 CMP-EraseBytes- DE: "\001\000\377\375"-
#6940	REDUCE cov: 489 ft: 1359 corp: 200/5283b lim: 45 exec/s: 0 rss: 65Mb L: 40/45 MS: 2 PersAutoDict-CopyPart- DE: "\015\000\000\000\000\000\000\000"-
#7007	REDUCE cov: 489 ft: 1360 corp: 201/5326b lim: 45 exec/s: 0 rss: 65Mb L: 43/45 MS: 2 ChangeBinInt-InsertRepeatedBytes-
#7013	REDUCE cov: 489 ft: 1366 corp: 202/5369b lim: 45 exec/s: 0 rss: 65Mb L: 43/45 MS: 1 CopyPart-
#7251	REDUCE cov: 489 ft: 1366 corp: 202/5357b lim: 45 exec/s: 0 rss: 65Mb L: 27/45 MS: 3 CMP-ChangeBit-EraseBytes- DE: "\001\000\000\000\000\000\000\000"-
#7297	REDUCE cov: 489 ft: 1366 corp: 202/5352b lim: 45 exec/s: 0 rss: 65Mb L: 24/45 MS: 1 EraseBytes-
#7333	REDUCE cov: 489 ft: 1366 corp: 202/5351b lim: 45 exec/s: 0 rss: 65Mb L: 20/45 MS: 1 EraseBytes-
#7409	REDUCE cov: 489 ft: 1366 corp: 202/5350b lim: 45 exec/s: 0 rss: 65Mb L: 7/45 MS: 1 EraseBytes-
#7466	REDUCE cov: 489 ft: 1366 corp: 202/5349b lim: 45 exec/s: 0 rss: 65Mb L: 33/45 MS: 2 CrossOver-EraseBytes-
#7533	REDUCE cov: 489 ft: 1366 corp: 202/5348b lim: 45 exec/s: 0 rss: 66Mb L: 5/45 MS: 2 EraseBytes-InsertByte-
#7569	REDUCE cov: 489 ft: 1366 corp: 202/5344b lim: 45 exec/s: 0 rss: 66Mb L: 25/45 MS: 1 EraseBytes-
#7592	REDUCE cov: 489 ft: 1366 corp: 202/5335b lim: 45 exec/s: 0 rss: 66Mb L: 31/45 MS: 3 ChangeASCIIInt-ChangeBinInt-CrossOver-
#7713	REDUCE cov: 489 ft: 1366 corp: 202/5329b lim: 45 exec/s: 0 rss: 66Mb L: 18/45 MS: 1 EraseBytes-
#7748	REDUCE cov: 489 ft: 1366 corp: 202/5327b lim: 45 exec/s: 0 rss: 66Mb L: 6/45 MS: 5 CopyPart-ChangeBit-ChangeBinInt-InsertByte-EraseBytes-
#7790	REDUCE cov: 489 ft: 1366 corp: 202/5320b lim: 45 exec/s: 0 rss: 66Mb L: 20/45 MS: 2 ShuffleBytes-EraseBytes-
#7904	REDUCE cov: 489 ft: 1366 corp: 202/5313b lim: 45 exec/s: 0 rss: 66Mb L: 13/45 MS: 4 ChangeByte-ChangeBinInt-CopyPart-EraseBytes-
#7934	REDUCE cov: 489 ft: 1367 corp: 203/5356b lim: 45 exec/s: 0 rss: 66Mb L: 43/45 MS: 5 CMP-ShuffleBytes-EraseBytes-CopyPart-CopyPart- DE: "\377\377\377\377\377\377\377\377"-
#7962	NEW    cov: 489 ft: 1369 corp: 204/5399b lim: 45 exec/s: 0 rss: 66Mb L: 43/45 MS: 3 ShuffleBytes-ShuffleBytes-CopyPart-
#8023	REDUCE cov: 489 ft: 1369 corp: 204/5396b lim: 45 exec/s: 0 rss: 66Mb L: 3/45 MS: 1 EraseBytes-
#8192	NEW    cov: 491 ft: 1382 corp: 205/5441b lim: 45 exec/s: 0 rss: 67Mb L: 45/45 MS: 4 CMP-PersAutoDict-InsertRepeatedBytes-CopyPart- DE: "\377\377\377\377\377\377\377\377"-"n\000\000\000"-
#8456	REDUCE cov: 491 ft: 1383 corp: 206/5474b lim: 45 exec/s: 0 rss: 67Mb L: 33/45 MS: 4 InsertRepeatedBytes-CMP-ChangeBinInt-EraseBytes- DE: "\017\000\000\000"-
#8507	REDUCE cov: 491 ft: 1383 corp: 206/5469b lim: 45 exec/s: 0 rss: 67Mb L: 40/45 MS: 1 EraseBytes-
#8510	REDUCE cov: 491 ft: 1383 corp: 206/5466b lim: 45 exec/s: 0 rss: 67Mb L: 38/45 MS: 3 ChangeBit-ChangeBit-EraseBytes-
#8521	REDUCE cov: 491 ft: 1383 corp: 206/5458b lim: 45 exec/s: 0 rss: 67Mb L: 21/45 MS: 1 EraseBytes-
#8531	REDUCE cov: 491 ft: 1383 corp: 206/5457b lim: 45 exec/s: 0 rss: 67Mb L: 42/45 MS: 5 ChangeBinInt-ChangeBinInt-CrossOver-ChangeBit-EraseBytes-
#8550	REDUCE cov: 491 ft: 1383 corp: 206/5444b lim: 45 exec/s: 0 rss: 68Mb L: 26/45 MS: 4 ChangeByte-ShuffleBytes-PersAutoDict-EraseBytes- DE: "\001\000\000\000\000\000\000\000"-
#8638	REDUCE cov: 491 ft: 1383 corp: 206/5440b lim: 45 exec/s: 0 rss: 68Mb L: 28/45 MS: 3 ChangeByte-ShuffleBytes-EraseBytes-
#8688	REDUCE cov: 491 ft: 1383 corp: 206/5435b lim: 45 exec/s: 0 rss: 68Mb L: 35/45 MS: 5 CrossOver-InsertByte-CopyPart-EraseBytes-CopyPart-
#8770	NEW    cov: 491 ft: 1385 corp: 207/5480b lim: 45 exec/s: 0 rss: 68Mb L: 45/45 MS: 2 PersAutoDict-CrossOver- DE: "n\000\000\000"-
#8788	REDUCE cov: 491 ft: 1385 corp: 207/5476b lim: 45 exec/s: 0 rss: 68Mb L: 19/45 MS: 3 ShuffleBytes-CMP-EraseBytes- DE: "\003\000\000\000\000\000\000\000"-
#8800	REDUCE cov: 491 ft: 1385 corp: 207/5472b lim: 45 exec/s: 0 rss: 68Mb L: 15/45 MS: 2 CMP-EraseBytes- DE: "\000\000\000\200"-
#8831	REDUCE cov: 491 ft: 1385 corp: 207/5466b lim: 45 exec/s: 0 rss: 68Mb L: 18/45 MS: 1 EraseBytes-
#8882	REDUCE cov: 491 ft: 1385 corp: 207/5465b lim: 45 exec/s: 0 rss: 68Mb L: 22/45 MS: 1 EraseBytes-
#8954	REDUCE cov: 491 ft: 1385 corp: 207/5454b lim: 45 exec/s: 0 rss: 68Mb L: 29/45 MS: 2 InsertByte-EraseBytes-
#9007	REDUCE cov: 491 ft: 1388 corp: 208/5497b lim: 45 exec/s: 0 rss: 68Mb L: 43/45 MS: 3 ChangeBinInt-CopyPart-CopyPart-
#9078	REDUCE cov: 491 ft: 1388 corp: 208/5495b lim: 45 exec/s: 0 rss: 68Mb L: 5/45 MS: 1 EraseBytes-
#9099	NEW    cov: 491 ft: 1389 corp: 209/5536b lim: 45 exec/s: 0 rss: 68Mb L: 41/45 MS: 1 ChangeBit-
#9295	REDUCE cov: 491 ft: 1389 corp: 209/5532b lim: 45 exec/s: 0 rss: 69Mb L: 39/45 MS: 1 EraseBytes-
#9305	REDUCE cov: 491 ft: 1389 corp: 209/5531b lim: 45 exec/s: 0 rss: 69Mb L: 41/45 MS: 5 ShuffleBytes-ShuffleBytes-ChangeBinInt-InsertByte-CrossOver-
#9325	NEW    cov: 491 ft: 1391 corp: 210/5569b lim: 45 exec/s: 0 rss: 69Mb L: 38/45 MS: 5 ChangeBit-ShuffleBytes-CrossOver-EraseBytes-CopyPart-
#9346	REDUCE cov: 491 ft: 1391 corp: 210/5558b lim: 45 exec/s: 0 rss: 69Mb L: 17/45 MS: 1 EraseBytes-
#9451	REDUCE cov: 491 ft: 1391 corp: 210/5549b lim: 45 exec/s: 0 rss: 69Mb L: 12/45 MS: 5 ChangeBinInt-ChangeByte-EraseBytes-ShuffleBytes-InsertByte-
#9530	REDUCE cov: 491 ft: 1391 corp: 210/5532b lim: 45 exec/s: 0 rss: 69Mb L: 25/45 MS: 4 PersAutoDict-CrossOver-CopyPart-EraseBytes- DE: "\001\200"-
#9703	REDUCE cov: 491 ft: 1391 corp: 210/5525b lim: 45 exec/s: 0 rss: 69Mb L: 21/45 MS: 3 CopyPart-ChangeBinInt-EraseBytes-
#9720	NEW    cov: 492 ft: 1392 corp: 211/5527b lim: 45 exec/s: 0 rss: 70Mb L: 2/45 MS: 2 ChangeBinInt-ChangeBinInt-
#9751	REDUCE cov: 492 ft: 1392 corp: 211/5521b lim: 45 exec/s: 0 rss: 70Mb L: 37/45 MS: 1 EraseBytes-
#9829	REDUCE cov: 492 ft: 1392 corp: 211/5517b lim: 45 exec/s: 0 rss: 70Mb L: 10/45 MS: 3 InsertRepeatedBytes-InsertByte-CrossOver-
#9858	REDUCE cov: 492 ft: 1392 corp: 211/5509b lim: 45 exec/s: 0 rss: 70Mb L: 17/45 MS: 4 ShuffleBytes-CrossOver-ChangeASCIIInt-EraseBytes-
#9860	REDUCE cov: 492 ft: 1395 corp: 212/5551b lim: 45 exec/s: 0 rss: 70Mb L: 42/45 MS: 2 InsertByte-InsertRepeatedBytes-
#9885	REDUCE cov: 492 ft: 1395 corp: 212/5544b lim: 45 exec/s: 0 rss: 70Mb L: 7/45 MS: 5 CrossOver-InsertRepeatedBytes-CopyPart-CopyPart-CrossOver-
#9900	REDUCE cov: 492 ft: 1395 corp: 212/5542b lim: 45 exec/s: 0 rss: 70Mb L: 18/45 MS: 5 InsertRepeatedBytes-EraseBytes-ChangeByte-EraseBytes-ChangeByte-
#9938	REDUCE cov: 492 ft: 1395 corp: 212/5529b lim: 45 exec/s: 0 rss: 70Mb L: 19/45 MS: 3 ChangeByte-EraseBytes-CopyPart-
#9986	REDUCE cov: 492 ft: 1395 corp: 212/5527b lim: 45 exec/s: 0 rss: 70Mb L: 5/45 MS: 3 ChangeByte-ChangeBit-EraseBytes-
#10059	NEW    cov: 492 ft: 1396 corp: 213/5571b lim: 45 exec/s: 0 rss: 70Mb L: 44/45 MS: 3 ShuffleBytes-ShuffleBytes-CrossOver-
#10235	REDUCE cov: 492 ft: 1396 corp: 213/5564b lim: 45 exec/s: 0 rss: 70Mb L: 10/45 MS: 1 EraseBytes-
#10372	REDUCE cov: 492 ft: 1396 corp: 213/5563b lim: 45 exec/s: 0 rss: 71Mb L: 5/45 MS: 2 CMP-EraseBytes- DE: "\001\000\000G"-
#10393	REDUCE cov: 492 ft: 1396 corp: 213/5562b lim: 45 exec/s: 0 rss: 71Mb L: 14/45 MS: 1 EraseBytes-
#10415	REDUCE cov: 492 ft: 1396 corp: 213/5560b lim: 45 exec/s: 0 rss: 71Mb L: 5/45 MS: 2 ChangeByte-EraseBytes-
#10518	NEW    cov: 492 ft: 1401 corp: 214/5599b lim: 45 exec/s: 0 rss: 71Mb L: 39/45 MS: 3 CrossOver-InsertByte-CopyPart-
#10564	REDUCE cov: 492 ft: 1401 corp: 214/5597b lim: 45 exec/s: 0 rss: 71Mb L: 18/45 MS: 1 EraseBytes-
#10616	REDUCE cov: 492 ft: 1401 corp: 214/5596b lim: 45 exec/s: 0 rss: 71Mb L: 43/45 MS: 2 ChangeBinInt-CrossOver-
#10627	REDUCE cov: 492 ft: 1401 corp: 214/5595b lim: 45 exec/s: 0 rss: 71Mb L: 4/45 MS: 1 EraseBytes-
#10668	REDUCE cov: 492 ft: 1401 corp: 214/5592b lim: 45 exec/s: 0 rss: 71Mb L: 26/45 MS: 1 EraseBytes-
#10673	REDUCE cov: 492 ft: 1401 corp: 214/5591b lim: 45 exec/s: 0 rss: 71Mb L: 26/45 MS: 5 InsertRepeatedBytes-ChangeByte-ChangeBit-ChangeBinInt-EraseBytes-
#10704	REDUCE cov: 492 ft: 1401 corp: 214/5581b lim: 45 exec/s: 0 rss: 71Mb L: 18/45 MS: 1 CrossOver-
#10761	REDUCE cov: 492 ft: 1401 corp: 214/5576b lim: 45 exec/s: 0 rss: 71Mb L: 23/45 MS: 2 ChangeBinInt-EraseBytes-
#10868	NEW    cov: 492 ft: 1402 corp: 215/5618b lim: 45 exec/s: 0 rss: 72Mb L: 42/45 MS: 2 InsertRepeatedBytes-InsertRepeatedBytes-
#10890	REDUCE cov: 492 ft: 1402 corp: 215/5617b lim: 45 exec/s: 0 rss: 72Mb L: 44/45 MS: 2 PersAutoDict-CrossOver- DE: "\006\000\000\000\000\000\000\000"-
#10917	REDUCE cov: 492 ft: 1402 corp: 215/5615b lim: 45 exec/s: 0 rss: 72Mb L: 28/45 MS: 2 ChangeByte-CrossOver-
#11038	REDUCE cov: 492 ft: 1402 corp: 215/5612b lim: 45 exec/s: 0 rss: 72Mb L: 24/45 MS: 1 EraseBytes-
#11061	NEW    cov: 496 ft: 1406 corp: 216/5654b lim: 45 exec/s: 0 rss: 72Mb L: 42/45 MS: 3 CrossOver-InsertRepeatedBytes-CopyPart-
#11138	REDUCE cov: 496 ft: 1406 corp: 216/5647b lim: 45 exec/s: 0 rss: 72Mb L: 11/45 MS: 2 ChangeByte-EraseBytes-
#11188	REDUCE cov: 496 ft: 1406 corp: 216/5645b lim: 45 exec/s: 0 rss: 72Mb L: 9/45 MS: 5 InsertByte-CopyPart-ShuffleBytes-ShuffleBytes-EraseBytes-
#11251	REDUCE cov: 496 ft: 1406 corp: 216/5638b lim: 45 exec/s: 0 rss: 72Mb L: 37/45 MS: 3 ChangeByte-ChangeByte-EraseBytes-
#11267	REDUCE cov: 496 ft: 1406 corp: 216/5637b lim: 45 exec/s: 0 rss: 72Mb L: 28/45 MS: 1 EraseBytes-
#11312	REDUCE cov: 496 ft: 1407 corp: 217/5680b lim: 45 exec/s: 0 rss: 72Mb L: 43/45 MS: 5 CopyPart-InsertByte-ChangeBinInt-ChangeBinInt-InsertRepeatedBytes-
#11346	REDUCE cov: 496 ft: 1407 corp: 217/5677b lim: 45 exec/s: 0 rss: 72Mb L: 35/45 MS: 4 InsertByte-ShuffleBytes-CrossOver-EraseBytes-
#11367	REDUCE cov: 496 ft: 1407 corp: 217/5670b lim: 45 exec/s: 0 rss: 73Mb L: 8/45 MS: 1 EraseBytes-
#11405	REDUCE cov: 496 ft: 1407 corp: 217/5668b lim: 45 exec/s: 0 rss: 73Mb L: 26/45 MS: 3 InsertByte-CopyPart-EraseBytes-
#11406	REDUCE cov: 496 ft: 1407 corp: 217/5665b lim: 45 exec/s: 0 rss: 73Mb L: 25/45 MS: 1 CrossOver-
#11554	REDUCE cov: 496 ft: 1407 corp: 217/5661b lim: 45 exec/s: 0 rss: 73Mb L: 31/45 MS: 3 ChangeASCIIInt-ChangeASCIIInt-EraseBytes-
#11602	REDUCE cov: 496 ft: 1411 corp: 218/5693b lim: 45 exec/s: 0 rss: 73Mb L: 32/45 MS: 3 InsertByte-PersAutoDict-CopyPart- DE: "\001\000\000G"-
#11624	REDUCE cov: 496 ft: 1411 corp: 218/5684b lim: 45 exec/s: 0 rss: 73Mb L: 20/45 MS: 2 ChangeBinInt-EraseBytes-
#11626	REDUCE cov: 496 ft: 1411 corp: 218/5670b lim: 45 exec/s: 0 rss: 73Mb L: 24/45 MS: 2 PersAutoDict-EraseBytes- DE: "\006\000\000\000\000\000\000\000"-
#11652	NEW    cov: 496 ft: 1424 corp: 219/5707b lim: 45 exec/s: 0 rss: 73Mb L: 37/45 MS: 1 CopyPart-
#11683	REDUCE cov: 496 ft: 1424 corp: 219/5705b lim: 45 exec/s: 0 rss: 73Mb L: 36/45 MS: 1 EraseBytes-
#11699	NEW    cov: 496 ft: 1426 corp: 220/5744b lim: 45 exec/s: 0 rss: 73Mb L: 39/45 MS: 1 ChangeByte-
#11770	REDUCE cov: 496 ft: 1426 corp: 220/5739b lim: 45 exec/s: 0 rss: 73Mb L: 14/45 MS: 1 EraseBytes-
#11792	REDUCE cov: 496 ft: 1426 corp: 220/5736b lim: 45 exec/s: 0 rss: 73Mb L: 39/45 MS: 2 InsertByte-EraseBytes-
#11919	REDUCE cov: 496 ft: 1426 corp: 220/5735b lim: 45 exec/s: 0 rss: 74Mb L: 4/45 MS: 2 ChangeByte-EraseBytes-
#11987	NEW    cov: 497 ft: 1427 corp: 221/5773b lim: 45 exec/s: 0 rss: 74Mb L: 38/45 MS: 3 ChangeBit-CrossOver-ShuffleBytes-
#12020	REDUCE cov: 497 ft: 1427 corp: 221/5771b lim: 45 exec/s: 0 rss: 74Mb L: 12/45 MS: 3 CopyPart-CrossOver-EraseBytes-
#12121	NEW    cov: 499 ft: 1431 corp: 222/5816b lim: 45 exec/s: 0 rss: 74Mb L: 45/45 MS: 1 CrossOver-
#12134	REDUCE cov: 499 ft: 1431 corp: 222/5806b lim: 45 exec/s: 0 rss: 74Mb L: 28/45 MS: 3 CrossOver-ChangeBinInt-EraseBytes-
#12175	REDUCE cov: 499 ft: 1431 corp: 222/5805b lim: 45 exec/s: 0 rss: 74Mb L: 24/45 MS: 1 EraseBytes-
#12224	REDUCE cov: 499 ft: 1431 corp: 222/5803b lim: 45 exec/s: 0 rss: 74Mb L: 42/45 MS: 4 PersAutoDict-ChangeASCIIInt-ShuffleBytes-EraseBytes- DE: "\001\000\377\375"-
#12280	NEW    cov: 500 ft: 1433 corp: 223/5848b lim: 45 exec/s: 0 rss: 74Mb L: 45/45 MS: 1 CopyPart-
#12395	NEW    cov: 500 ft: 1438 corp: 224/5892b lim: 45 exec/s: 0 rss: 74Mb L: 44/45 MS: 5 InsertRepeatedBytes-InsertByte-ChangeByte-ChangeBinInt-CopyPart-
#12422	REDUCE cov: 500 ft: 1438 corp: 224/5884b lim: 45 exec/s: 0 rss: 74Mb L: 33/45 MS: 2 PersAutoDict-EraseBytes- DE: "\006\000\000\000\000\000\000\000"-
#12518	REDUCE cov: 500 ft: 1438 corp: 224/5877b lim: 45 exec/s: 0 rss: 75Mb L: 31/45 MS: 1 EraseBytes-
#12637	REDUCE cov: 500 ft: 1438 corp: 224/5876b lim: 45 exec/s: 0 rss: 75Mb L: 39/45 MS: 4 CrossOver-ChangeBit-ShuffleBytes-EraseBytes-
#12710	REDUCE cov: 500 ft: 1438 corp: 224/5856b lim: 45 exec/s: 0 rss: 75Mb L: 19/45 MS: 3 ChangeByte-ChangeBit-CrossOver-
#12725	REDUCE cov: 500 ft: 1438 corp: 224/5847b lim: 45 exec/s: 0 rss: 75Mb L: 11/45 MS: 5 InsertByte-InsertByte-ChangeBit-EraseBytes-ChangeBit-
#12743	REDUCE cov: 500 ft: 1438 corp: 224/5837b lim: 45 exec/s: 0 rss: 75Mb L: 14/45 MS: 3 InsertByte-InsertByte-EraseBytes-
#12764	REDUCE cov: 500 ft: 1438 corp: 224/5832b lim: 45 exec/s: 0 rss: 75Mb L: 28/45 MS: 1 EraseBytes-
#12782	REDUCE cov: 500 ft: 1438 corp: 224/5827b lim: 45 exec/s: 0 rss: 75Mb L: 35/45 MS: 3 ChangeBinInt-PersAutoDict-EraseBytes- DE: "\377\377\377\377\377\377\377\377"-
#12804	REDUCE cov: 500 ft: 1438 corp: 224/5815b lim: 45 exec/s: 0 rss: 75Mb L: 28/45 MS: 2 InsertByte-EraseBytes-
#12842	REDUCE cov: 500 ft: 1438 corp: 224/5811b lim: 45 exec/s: 0 rss: 75Mb L: 29/45 MS: 3 ChangeByte-ChangeBit-EraseBytes-
#12858	REDUCE cov: 500 ft: 1438 corp: 224/5810b lim: 45 exec/s: 0 rss: 75Mb L: 24/45 MS: 1 EraseBytes-
#12879	REDUCE cov: 500 ft: 1438 corp: 224/5809b lim: 45 exec/s: 0 rss: 75Mb L: 4/45 MS: 1 EraseBytes-
#12910	NEW    cov: 500 ft: 1440 corp: 225/5850b lim: 45 exec/s: 0 rss: 75Mb L: 41/45 MS: 1 CopyPart-
#12973	NEW    cov: 500 ft: 1443 corp: 226/5895b lim: 45 exec/s: 0 rss: 75Mb L: 45/45 MS: 3 ChangeBinInt-PersAutoDict-CopyPart- DE: "\204\000"-
#13044	REDUCE cov: 500 ft: 1443 corp: 226/5893b lim: 45 exec/s: 0 rss: 76Mb L: 26/45 MS: 1 EraseBytes-
#13096	REDUCE cov: 500 ft: 1443 corp: 226/5889b lim: 45 exec/s: 0 rss: 76Mb L: 23/45 MS: 2 ChangeBinInt-EraseBytes-
#13113	REDUCE cov: 500 ft: 1443 corp: 226/5886b lim: 45 exec/s: 0 rss: 76Mb L: 25/45 MS: 2 PersAutoDict-EraseBytes- DE: "\000\000\000\200"-
#13150	REDUCE cov: 500 ft: 1443 corp: 226/5885b lim: 45 exec/s: 0 rss: 76Mb L: 28/45 MS: 2 InsertByte-EraseBytes-
#13188	REDUCE cov: 500 ft: 1443 corp: 226/5876b lim: 45 exec/s: 0 rss: 76Mb L: 16/45 MS: 3 ShuffleBytes-ChangeBit-EraseBytes-
#13269	REDUCE cov: 500 ft: 1443 corp: 226/5875b lim: 45 exec/s: 0 rss: 76Mb L: 43/45 MS: 1 EraseBytes-
#13566	REDUCE cov: 500 ft: 1443 corp: 226/5871b lim: 45 exec/s: 0 rss: 76Mb L: 16/45 MS: 2 InsertRepeatedBytes-EraseBytes-
#13624	REDUCE cov: 500 ft: 1443 corp: 226/5870b lim: 45 exec/s: 0 rss: 77Mb L: 42/45 MS: 3 PersAutoDict-ChangeBit-EraseBytes- DE: "\204\000"-
#13715	REDUCE cov: 500 ft: 1443 corp: 226/5865b lim: 45 exec/s: 0 rss: 77Mb L: 13/45 MS: 1 EraseBytes-
#13781	REDUCE cov: 500 ft: 1443 corp: 226/5864b lim: 45 exec/s: 0 rss: 77Mb L: 21/45 MS: 1 EraseBytes-
#14073	NEW    cov: 500 ft: 1445 corp: 227/5901b lim: 45 exec/s: 0 rss: 77Mb L: 37/45 MS: 2 CopyPart-InsertRepeatedBytes-
#14159	REDUCE cov: 500 ft: 1445 corp: 227/5900b lim: 45 exec/s: 0 rss: 77Mb L: 2/45 MS: 1 EraseBytes-
#14250	REDUCE cov: 500 ft: 1445 corp: 227/5899b lim: 45 exec/s: 0 rss: 78Mb L: 23/45 MS: 1 EraseBytes-
#14326	REDUCE cov: 500 ft: 1445 corp: 227/5896b lim: 45 exec/s: 0 rss: 78Mb L: 26/45 MS: 1 EraseBytes-
#14369	REDUCE cov: 500 ft: 1445 corp: 227/5884b lim: 45 exec/s: 0 rss: 78Mb L: 23/45 MS: 3 ChangeByte-EraseBytes-CrossOver-
#14392	REDUCE cov: 500 ft: 1445 corp: 227/5875b lim: 45 exec/s: 0 rss: 78Mb L: 36/45 MS: 3 PersAutoDict-CopyPart-EraseBytes- DE: "\001\200"-
#14608	REDUCE cov: 500 ft: 1445 corp: 227/5865b lim: 45 exec/s: 0 rss: 78Mb L: 11/45 MS: 1 EraseBytes-
#14719	REDUCE cov: 500 ft: 1445 corp: 227/5861b lim: 45 exec/s: 0 rss: 78Mb L: 12/45 MS: 1 EraseBytes-
#14758	REDUCE cov: 500 ft: 1447 corp: 228/5902b lim: 45 exec/s: 0 rss: 78Mb L: 41/45 MS: 4 ShuffleBytes-ChangeBit-ChangeBit-CopyPart-
#14819	REDUCE cov: 500 ft: 1447 corp: 228/5897b lim: 45 exec/s: 0 rss: 79Mb L: 20/45 MS: 1 EraseBytes-
#14820	REDUCE cov: 500 ft: 1447 corp: 228/5893b lim: 45 exec/s: 0 rss: 79Mb L: 29/45 MS: 1 EraseBytes-
#14832	NEW    cov: 500 ft: 1448 corp: 229/5938b lim: 45 exec/s: 0 rss: 79Mb L: 45/45 MS: 2 ChangeBit-ChangeBinInt-
#14898	REDUCE cov: 500 ft: 1448 corp: 229/5936b lim: 45 exec/s: 0 rss: 79Mb L: 11/45 MS: 1 EraseBytes-
#14899	REDUCE cov: 500 ft: 1448 corp: 229/5933b lim: 45 exec/s: 0 rss: 79Mb L: 24/45 MS: 1 EraseBytes-
#14952	REDUCE cov: 500 ft: 1448 corp: 229/5931b lim: 45 exec/s: 0 rss: 79Mb L: 15/45 MS: 3 CrossOver-EraseBytes-ChangeBinInt-
#14964	REDUCE cov: 500 ft: 1448 corp: 229/5926b lim: 45 exec/s: 0 rss: 79Mb L: 21/45 MS: 2 ChangeByte-EraseBytes-
#14991	REDUCE cov: 500 ft: 1448 corp: 229/5920b lim: 45 exec/s: 0 rss: 79Mb L: 37/45 MS: 2 InsertByte-EraseBytes-
#15032	REDUCE cov: 500 ft: 1448 corp: 229/5918b lim: 45 exec/s: 0 rss: 79Mb L: 29/45 MS: 1 CrossOver-
#15033	REDUCE cov: 500 ft: 1448 corp: 229/5916b lim: 45 exec/s: 0 rss: 79Mb L: 17/45 MS: 1 EraseBytes-
#15034	REDUCE cov: 500 ft: 1448 corp: 229/5915b lim: 45 exec/s: 0 rss: 79Mb L: 10/45 MS: 1 EraseBytes-
#15058	REDUCE cov: 500 ft: 1448 corp: 229/5912b lim: 45 exec/s: 0 rss: 79Mb L: 9/45 MS: 4 InsertByte-ChangeBit-InsertByte-EraseBytes-
#15089	REDUCE cov: 500 ft: 1448 corp: 229/5911b lim: 45 exec/s: 0 rss: 79Mb L: 15/45 MS: 1 EraseBytes-
#15122	REDUCE cov: 500 ft: 1448 corp: 229/5905b lim: 45 exec/s: 0 rss: 79Mb L: 35/45 MS: 3 InsertByte-InsertByte-EraseBytes-
#15132	REDUCE cov: 502 ft: 1450 corp: 230/5915b lim: 45 exec/s: 0 rss: 79Mb L: 10/45 MS: 5 CopyPart-EraseBytes-ChangeBinInt-InsertByte-EraseBytes-
#15200	REDUCE cov: 502 ft: 1450 corp: 230/5909b lim: 45 exec/s: 0 rss: 79Mb L: 25/45 MS: 3 ChangeBinInt-ChangeBit-EraseBytes-
#15207	REDUCE cov: 502 ft: 1450 corp: 230/5907b lim: 45 exec/s: 0 rss: 79Mb L: 24/45 MS: 2 ChangeASCIIInt-EraseBytes-
#15208	REDUCE cov: 502 ft: 1450 corp: 230/5899b lim: 45 exec/s: 0 rss: 79Mb L: 36/45 MS: 1 EraseBytes-
#15214	REDUCE cov: 502 ft: 1450 corp: 230/5887b lim: 45 exec/s: 0 rss: 79Mb L: 26/45 MS: 1 EraseBytes-
#15340	REDUCE cov: 502 ft: 1450 corp: 230/5886b lim: 45 exec/s: 0 rss: 79Mb L: 4/45 MS: 1 EraseBytes-
#15349	NEW    cov: 502 ft: 1451 corp: 231/5929b lim: 45 exec/s: 0 rss: 80Mb L: 43/45 MS: 4 CrossOver-CrossOver-ChangeByte-ChangeBit-
#15406	REDUCE cov: 502 ft: 1451 corp: 231/5928b lim: 45 exec/s: 0 rss: 80Mb L: 44/45 MS: 2 CrossOver-EraseBytes-
#15666	REDUCE cov: 502 ft: 1451 corp: 231/5924b lim: 45 exec/s: 0 rss: 80Mb L: 41/45 MS: 5 ChangeBit-CrossOver-ShuffleBytes-ChangeBit-EraseBytes-
#15782	REDUCE cov: 502 ft: 1451 corp: 231/5921b lim: 45 exec/s: 0 rss: 80Mb L: 22/45 MS: 1 EraseBytes-
#15788	REDUCE cov: 502 ft: 1451 corp: 231/5919b lim: 45 exec/s: 15788 rss: 80Mb L: 25/45 MS: 1 CrossOver-
#15817	REDUCE cov: 502 ft: 1451 corp: 231/5913b lim: 45 exec/s: 15817 rss: 80Mb L: 11/45 MS: 4 CopyPart-CopyPart-PersAutoDict-EraseBytes- DE: "\000\000\000\200"-
#15861	REDUCE cov: 502 ft: 1451 corp: 231/5904b lim: 45 exec/s: 15861 rss: 80Mb L: 15/45 MS: 4 ShuffleBytes-CopyPart-ChangeByte-EraseBytes-
#15977	NEW    cov: 504 ft: 1453 corp: 232/5948b lim: 45 exec/s: 15977 rss: 84Mb L: 44/45 MS: 3 InsertRepeatedBytes-ShuffleBytes-ChangeByte-
#15988	NEW    cov: 504 ft: 1454 corp: 233/5990b lim: 45 exec/s: 15988 rss: 84Mb L: 42/45 MS: 1 ChangeBit-
#16040	REDUCE cov: 504 ft: 1454 corp: 233/5987b lim: 45 exec/s: 16040 rss: 84Mb L: 37/45 MS: 2 ChangeBit-EraseBytes-
#16063	REDUCE cov: 504 ft: 1454 corp: 233/5984b lim: 45 exec/s: 16063 rss: 84Mb L: 16/45 MS: 3 CopyPart-ChangeBinInt-EraseBytes-
#16154	REDUCE cov: 504 ft: 1454 corp: 233/5983b lim: 45 exec/s: 16154 rss: 84Mb L: 44/45 MS: 1 EraseBytes-
#16165	REDUCE cov: 504 ft: 1454 corp: 233/5962b lim: 45 exec/s: 16165 rss: 84Mb L: 23/45 MS: 1 CrossOver-
#16293	REDUCE cov: 504 ft: 1454 corp: 233/5947b lim: 45 exec/s: 16293 rss: 84Mb L: 15/45 MS: 3 EraseBytes-EraseBytes-CMP- DE: "\200\000"-
#16298	REDUCE cov: 504 ft: 1454 corp: 233/5945b lim: 45 exec/s: 16298 rss: 84Mb L: 10/45 MS: 5 ChangeASCIIInt-CopyPart-ChangeBinInt-ChangeBinInt-EraseBytes-
#16398	REDUCE cov: 504 ft: 1454 corp: 233/5942b lim: 45 exec/s: 16398 rss: 84Mb L: 38/45 MS: 5 CrossOver-CopyPart-ChangeASCIIInt-InsertRepeatedBytes-EraseBytes-
#16495	REDUCE cov: 504 ft: 1454 corp: 233/5941b lim: 45 exec/s: 16495 rss: 84Mb L: 44/45 MS: 2 ChangeByte-EraseBytes-
#16539	REDUCE cov: 504 ft: 1455 corp: 234/5979b lim: 45 exec/s: 16539 rss: 85Mb L: 38/45 MS: 4 InsertRepeatedBytes-ChangeBinInt-CrossOver-CopyPart-
#16697	REDUCE cov: 504 ft: 1455 corp: 234/5977b lim: 45 exec/s: 16697 rss: 85Mb L: 40/45 MS: 3 ChangeBit-CopyPart-EraseBytes-
#16745	REDUCE cov: 504 ft: 1455 corp: 234/5968b lim: 45 exec/s: 16745 rss: 85Mb L: 19/45 MS: 3 ShuffleBytes-ChangeBit-EraseBytes-
#16797	REDUCE cov: 504 ft: 1455 corp: 234/5966b lim: 45 exec/s: 16797 rss: 85Mb L: 13/45 MS: 2 InsertByte-EraseBytes-
#16913	REDUCE cov: 504 ft: 1455 corp: 234/5961b lim: 45 exec/s: 16913 rss: 85Mb L: 37/45 MS: 1 EraseBytes-
#16939	REDUCE cov: 504 ft: 1455 corp: 234/5952b lim: 45 exec/s: 16939 rss: 85Mb L: 28/45 MS: 1 EraseBytes-
#16971	REDUCE cov: 504 ft: 1455 corp: 234/5949b lim: 45 exec/s: 16971 rss: 85Mb L: 11/45 MS: 2 ChangeByte-EraseBytes-
#17079	REDUCE cov: 504 ft: 1455 corp: 234/5944b lim: 45 exec/s: 17079 rss: 86Mb L: 16/45 MS: 3 CopyPart-EraseBytes-EraseBytes-
#17092	NEW    cov: 504 ft: 1461 corp: 235/5987b lim: 45 exec/s: 17092 rss: 86Mb L: 43/45 MS: 3 ChangeByte-InsertByte-CopyPart-
#17114	REDUCE cov: 506 ft: 1463 corp: 236/5995b lim: 45 exec/s: 17114 rss: 86Mb L: 8/45 MS: 2 ChangeBit-EraseBytes-
#17125	REDUCE cov: 506 ft: 1463 corp: 236/5989b lim: 45 exec/s: 17125 rss: 86Mb L: 34/45 MS: 1 EraseBytes-
#17164	REDUCE cov: 506 ft: 1464 corp: 237/6031b lim: 45 exec/s: 17164 rss: 86Mb L: 42/45 MS: 4 PersAutoDict-ChangeByte-ChangeBinInt-CrossOver- DE: "\200\000"-
#17290	REDUCE cov: 506 ft: 1464 corp: 237/6029b lim: 45 exec/s: 17290 rss: 86Mb L: 42/45 MS: 1 EraseBytes-
#17306	REDUCE cov: 506 ft: 1464 corp: 237/6025b lim: 45 exec/s: 17306 rss: 86Mb L: 39/45 MS: 1 EraseBytes-
#17343	REDUCE cov: 506 ft: 1464 corp: 237/6015b lim: 45 exec/s: 17343 rss: 86Mb L: 26/45 MS: 2 CopyPart-EraseBytes-
#17364	REDUCE cov: 506 ft: 1464 corp: 237/6006b lim: 45 exec/s: 17364 rss: 86Mb L: 34/45 MS: 1 EraseBytes-
#17478	REDUCE cov: 506 ft: 1464 corp: 237/5999b lim: 45 exec/s: 17478 rss: 86Mb L: 17/45 MS: 4 CMP-ChangeBinInt-ChangeBit-EraseBytes- DE: "\000\200"-
#17534	REDUCE cov: 506 ft: 1464 corp: 237/5998b lim: 45 exec/s: 17534 rss: 87Mb L: 30/45 MS: 1 EraseBytes-
#17660	REDUCE cov: 506 ft: 1464 corp: 237/5997b lim: 45 exec/s: 17660 rss: 87Mb L: 3/45 MS: 1 EraseBytes-
#17746	REDUCE cov: 506 ft: 1464 corp: 237/5989b lim: 45 exec/s: 17746 rss: 87Mb L: 19/45 MS: 1 EraseBytes-
#17821	REDUCE cov: 506 ft: 1464 corp: 237/5988b lim: 45 exec/s: 17821 rss: 87Mb L: 42/45 MS: 5 ChangeByte-EraseBytes-ShuffleBytes-ChangeByte-PersAutoDict- DE: "\001\000\377\375"-
#18028	REDUCE cov: 506 ft: 1464 corp: 237/5984b lim: 45 exec/s: 18028 rss: 87Mb L: 9/45 MS: 2 ShuffleBytes-EraseBytes-
#18082	REDUCE cov: 506 ft: 1464 corp: 237/5977b lim: 45 exec/s: 18082 rss: 87Mb L: 22/45 MS: 4 ChangeBinInt-ChangeByte-PersAutoDict-CrossOver- DE: "\033\000"-
#18183	REDUCE cov: 506 ft: 1464 corp: 237/5971b lim: 45 exec/s: 18183 rss: 88Mb L: 18/45 MS: 1 EraseBytes-
#18355	NEW    cov: 506 ft: 1465 corp: 238/6016b lim: 45 exec/s: 18355 rss: 88Mb L: 45/45 MS: 2 ChangeBit-CopyPart-
#18477	REDUCE cov: 506 ft: 1465 corp: 238/6005b lim: 45 exec/s: 18477 rss: 88Mb L: 26/45 MS: 2 ShuffleBytes-EraseBytes-
#18478	REDUCE cov: 506 ft: 1465 corp: 238/6004b lim: 45 exec/s: 18478 rss: 88Mb L: 44/45 MS: 1 EraseBytes-
#18489	NEW    cov: 506 ft: 1469 corp: 239/6049b lim: 45 exec/s: 18489 rss: 88Mb L: 45/45 MS: 1 InsertByte-
#18495	REDUCE cov: 506 ft: 1469 corp: 239/6046b lim: 45 exec/s: 18495 rss: 88Mb L: 33/45 MS: 1 EraseBytes-
#18801	REDUCE cov: 506 ft: 1469 corp: 239/6044b lim: 45 exec/s: 18801 rss: 89Mb L: 21/45 MS: 1 EraseBytes-
#18802	REDUCE cov: 506 ft: 1469 corp: 239/6042b lim: 45 exec/s: 18802 rss: 89Mb L: 36/45 MS: 1 EraseBytes-
#18803	REDUCE cov: 506 ft: 1470 corp: 240/6072b lim: 45 exec/s: 18803 rss: 89Mb L: 30/45 MS: 1 CrossOver-
#18805	REDUCE cov: 506 ft: 1470 corp: 240/6066b lim: 45 exec/s: 18805 rss: 89Mb L: 37/45 MS: 2 ChangeBit-EraseBytes-
#18907	REDUCE cov: 506 ft: 1470 corp: 240/6065b lim: 45 exec/s: 18907 rss: 89Mb L: 27/45 MS: 2 CopyPart-EraseBytes-
#18922	REDUCE cov: 506 ft: 1470 corp: 240/6056b lim: 45 exec/s: 18922 rss: 89Mb L: 25/45 MS: 5 ChangeByte-ShuffleBytes-ChangeByte-ChangeBinInt-EraseBytes-
#18948	REDUCE cov: 506 ft: 1470 corp: 240/6055b lim: 45 exec/s: 18948 rss: 89Mb L: 17/45 MS: 1 EraseBytes-
#19089	REDUCE cov: 506 ft: 1470 corp: 240/6047b lim: 45 exec/s: 19089 rss: 89Mb L: 36/45 MS: 1 EraseBytes-
#19176	REDUCE cov: 508 ft: 1472 corp: 241/6083b lim: 45 exec/s: 19176 rss: 89Mb L: 36/45 MS: 2 InsertByte-ChangeByte-
#19362	REDUCE cov: 508 ft: 1472 corp: 241/6082b lim: 45 exec/s: 19362 rss: 90Mb L: 22/45 MS: 1 EraseBytes-
#19375	REDUCE cov: 508 ft: 1473 corp: 242/6121b lim: 45 exec/s: 19375 rss: 90Mb L: 39/45 MS: 3 ChangeBinInt-CrossOver-CrossOver-
#19376	REDUCE cov: 508 ft: 1473 corp: 242/6119b lim: 45 exec/s: 19376 rss: 90Mb L: 43/45 MS: 1 EraseBytes-
#19382	NEW    cov: 508 ft: 1475 corp: 243/6156b lim: 45 exec/s: 19382 rss: 90Mb L: 37/45 MS: 1 CopyPart-
#19477	REDUCE cov: 508 ft: 1478 corp: 244/6196b lim: 45 exec/s: 19477 rss: 90Mb L: 40/45 MS: 5 CopyPart-EraseBytes-ShuffleBytes-EraseBytes-InsertRepeatedBytes-
#19574	REDUCE cov: 508 ft: 1478 corp: 244/6192b lim: 45 exec/s: 19574 rss: 90Mb L: 39/45 MS: 2 EraseBytes-PersAutoDict- DE: "S\000\000\000"-
#19616	REDUCE cov: 508 ft: 1478 corp: 244/6188b lim: 45 exec/s: 19616 rss: 90Mb L: 26/45 MS: 2 InsertByte-EraseBytes-
#19632	REDUCE cov: 508 ft: 1478 corp: 244/6183b lim: 45 exec/s: 19632 rss: 90Mb L: 37/45 MS: 1 EraseBytes-
#19769	REDUCE cov: 508 ft: 1478 corp: 244/6173b lim: 45 exec/s: 19769 rss: 90Mb L: 16/45 MS: 2 ChangeByte-EraseBytes-
#19885	NEW    cov: 508 ft: 1480 corp: 245/6212b lim: 45 exec/s: 19885 rss: 91Mb L: 39/45 MS: 1 ChangeBinInt-
#20083	REDUCE cov: 508 ft: 1480 corp: 245/6208b lim: 45 exec/s: 20083 rss: 91Mb L: 1/45 MS: 3 ChangeByte-ChangeByte-CrossOver-
#20199	REDUCE cov: 508 ft: 1480 corp: 245/6198b lim: 45 exec/s: 20199 rss: 91Mb L: 27/45 MS: 1 EraseBytes-
#20281	REDUCE cov: 508 ft: 1480 corp: 245/6196b lim: 45 exec/s: 20281 rss: 91Mb L: 14/45 MS: 2 CopyPart-EraseBytes-
#20297	REDUCE cov: 508 ft: 1480 corp: 245/6193b lim: 45 exec/s: 20297 rss: 91Mb L: 13/45 MS: 1 EraseBytes-
#20378	REDUCE cov: 508 ft: 1480 corp: 245/6192b lim: 45 exec/s: 20378 rss: 91Mb L: 2/45 MS: 1 EraseBytes-
#20577	NEW    cov: 508 ft: 1481 corp: 246/6237b lim: 45 exec/s: 20577 rss: 92Mb L: 45/45 MS: 4 CopyPart-ChangeByte-CopyPart-ChangeByte-
#20600	REDUCE cov: 508 ft: 1481 corp: 246/6233b lim: 45 exec/s: 20600 rss: 92Mb L: 12/45 MS: 3 ChangeBit-CopyPart-EraseBytes-
#20646	REDUCE cov: 508 ft: 1481 corp: 246/6225b lim: 45 exec/s: 20646 rss: 92Mb L: 33/45 MS: 1 EraseBytes-
#20670	REDUCE cov: 508 ft: 1481 corp: 246/6224b lim: 45 exec/s: 20670 rss: 92Mb L: 18/45 MS: 4 ShuffleBytes-ShuffleBytes-InsertByte-EraseBytes-
#20731	NEW    cov: 509 ft: 1482 corp: 247/6242b lim: 45 exec/s: 20731 rss: 92Mb L: 18/45 MS: 1 EraseBytes-
#20778	REDUCE cov: 509 ft: 1482 corp: 247/6236b lim: 45 exec/s: 20778 rss: 92Mb L: 20/45 MS: 2 ShuffleBytes-EraseBytes-
#20836	REDUCE cov: 509 ft: 1482 corp: 247/6235b lim: 45 exec/s: 20836 rss: 92Mb L: 38/45 MS: 3 CopyPart-PersAutoDict-EraseBytes- DE: "\017\000\000\000"-
#20909	REDUCE cov: 509 ft: 1482 corp: 247/6225b lim: 45 exec/s: 20909 rss: 92Mb L: 11/45 MS: 3 ChangeBit-ChangeByte-EraseBytes-
#21104	REDUCE cov: 509 ft: 1482 corp: 247/6220b lim: 45 exec/s: 21104 rss: 93Mb L: 9/45 MS: 5 ShuffleBytes-ShuffleBytes-PersAutoDict-ShuffleBytes-EraseBytes- DE: "\001\000\000G"-
#21341	REDUCE cov: 509 ft: 1482 corp: 247/6210b lim: 45 exec/s: 21341 rss: 93Mb L: 18/45 MS: 2 ShuffleBytes-CrossOver-
#21431	REDUCE cov: 509 ft: 1482 corp: 247/6199b lim: 45 exec/s: 21431 rss: 93Mb L: 25/45 MS: 5 InsertRepeatedBytes-EraseBytes-ChangeByte-InsertByte-ChangeBinInt-
#21502	REDUCE cov: 509 ft: 1482 corp: 247/6167b lim: 45 exec/s: 21502 rss: 93Mb L: 11/45 MS: 1 CrossOver-
#21581	REDUCE cov: 509 ft: 1482 corp: 247/6158b lim: 45 exec/s: 21581 rss: 93Mb L: 24/45 MS: 4 InsertRepeatedBytes-CopyPart-CrossOver-EraseBytes-
#21584	REDUCE cov: 509 ft: 1482 corp: 247/6156b lim: 45 exec/s: 21584 rss: 93Mb L: 32/45 MS: 3 ChangeBit-ChangeBit-EraseBytes-
#21605	REDUCE cov: 509 ft: 1482 corp: 247/6155b lim: 45 exec/s: 21605 rss: 93Mb L: 1/45 MS: 1 CrossOver-
#21611	REDUCE cov: 509 ft: 1482 corp: 247/6152b lim: 45 exec/s: 21611 rss: 93Mb L: 20/45 MS: 1 CrossOver-
#21657	REDUCE cov: 509 ft: 1482 corp: 247/6147b lim: 45 exec/s: 21657 rss: 94Mb L: 10/45 MS: 1 EraseBytes-
#21671	REDUCE cov: 509 ft: 1482 corp: 247/6144b lim: 45 exec/s: 21671 rss: 94Mb L: 36/45 MS: 4 EraseBytes-ChangeByte-CopyPart-CopyPart-
#21913	REDUCE cov: 509 ft: 1482 corp: 247/6142b lim: 45 exec/s: 21913 rss: 94Mb L: 8/45 MS: 2 ChangeByte-EraseBytes-
#22022	REDUCE cov: 509 ft: 1482 corp: 247/6133b lim: 45 exec/s: 22022 rss: 94Mb L: 16/45 MS: 4 ChangeBit-ShuffleBytes-InsertByte-EraseBytes-
#22062	REDUCE cov: 509 ft: 1482 corp: 247/6121b lim: 45 exec/s: 22062 rss: 94Mb L: 31/45 MS: 5 ShuffleBytes-PersAutoDict-CopyPart-CopyPart-EraseBytes- DE: "\000\200"-
#22113	REDUCE cov: 509 ft: 1484 corp: 248/6165b lim: 45 exec/s: 22113 rss: 94Mb L: 44/45 MS: 1 PersAutoDict- DE: "\017\000\000\000"-
#22132	REDUCE cov: 509 ft: 1484 corp: 248/6154b lim: 45 exec/s: 22132 rss: 95Mb L: 33/45 MS: 4 PersAutoDict-CrossOver-ChangeBit-EraseBytes- DE: "\033\000"-
#22149	REDUCE cov: 509 ft: 1484 corp: 248/6145b lim: 45 exec/s: 22149 rss: 95Mb L: 22/45 MS: 2 PersAutoDict-CrossOver- DE: "\376\377\377\377\377\377\377\377"-
#22170	REDUCE cov: 509 ft: 1484 corp: 248/6144b lim: 45 exec/s: 22170 rss: 95Mb L: 42/45 MS: 1 EraseBytes-
#22206	REDUCE cov: 509 ft: 1484 corp: 248/6142b lim: 45 exec/s: 22206 rss: 95Mb L: 15/45 MS: 1 EraseBytes-
#22289	REDUCE cov: 509 ft: 1484 corp: 248/6125b lim: 45 exec/s: 22289 rss: 95Mb L: 22/45 MS: 3 ShuffleBytes-InsertRepeatedBytes-EraseBytes-
#22339	REDUCE cov: 509 ft: 1484 corp: 248/6123b lim: 45 exec/s: 22339 rss: 95Mb L: 34/45 MS: 5 CopyPart-InsertByte-ChangeByte-CMP-EraseBytes- DE: "\007\000\000\000"-
#22740	REDUCE cov: 509 ft: 1484 corp: 248/6121b lim: 45 exec/s: 22740 rss: 95Mb L: 8/45 MS: 1 EraseBytes-
#22783	REDUCE cov: 509 ft: 1484 corp: 248/6120b lim: 45 exec/s: 22783 rss: 95Mb L: 15/45 MS: 3 EraseBytes-ShuffleBytes-CopyPart-
#22916	REDUCE cov: 509 ft: 1484 corp: 248/6118b lim: 45 exec/s: 22916 rss: 96Mb L: 17/45 MS: 3 ShuffleBytes-PersAutoDict-EraseBytes- DE: "\017\000\000\000"-
#23087	REDUCE cov: 509 ft: 1484 corp: 248/6114b lim: 45 exec/s: 23087 rss: 96Mb L: 14/45 MS: 1 EraseBytes-
#23383	REDUCE cov: 509 ft: 1484 corp: 248/6111b lim: 45 exec/s: 23383 rss: 96Mb L: 12/45 MS: 1 EraseBytes-
#23499	REDUCE cov: 509 ft: 1484 corp: 248/6109b lim: 45 exec/s: 23499 rss: 97Mb L: 33/45 MS: 1 EraseBytes-
#23500	REDUCE cov: 509 ft: 1484 corp: 248/6104b lim: 45 exec/s: 23500 rss: 97Mb L: 10/45 MS: 1 EraseBytes-
#23572	REDUCE cov: 509 ft: 1484 corp: 248/6096b lim: 45 exec/s: 23572 rss: 97Mb L: 17/45 MS: 2 EraseBytes-ChangeBinInt-
#23705	REDUCE cov: 509 ft: 1484 corp: 248/6095b lim: 45 exec/s: 23705 rss: 97Mb L: 9/45 MS: 3 ChangeBit-InsertByte-EraseBytes-
#23779	REDUCE cov: 509 ft: 1484 corp: 248/6084b lim: 45 exec/s: 23779 rss: 97Mb L: 22/45 MS: 4 EraseBytes-EraseBytes-ChangeByte-InsertByte-
#23919	REDUCE cov: 509 ft: 1484 corp: 248/6082b lim: 45 exec/s: 23919 rss: 97Mb L: 11/45 MS: 5 CopyPart-InsertRepeatedBytes-EraseBytes-ChangeByte-EraseBytes-
#24128	REDUCE cov: 509 ft: 1484 corp: 248/6079b lim: 45 exec/s: 24128 rss: 97Mb L: 23/45 MS: 4 ChangeByte-ChangeByte-EraseBytes-ShuffleBytes-
#24160	NEW    cov: 513 ft: 1488 corp: 249/6100b lim: 45 exec/s: 24160 rss: 98Mb L: 21/45 MS: 2 ChangeBit-CrossOver-
#24177	REDUCE cov: 513 ft: 1488 corp: 249/6098b lim: 45 exec/s: 24177 rss: 98Mb L: 12/45 MS: 2 ChangeByte-EraseBytes-
#24184	REDUCE cov: 513 ft: 1488 corp: 249/6097b lim: 45 exec/s: 24184 rss: 98Mb L: 3/45 MS: 2 InsertByte-EraseBytes-
#24249	REDUCE cov: 513 ft: 1488 corp: 249/6089b lim: 45 exec/s: 24249 rss: 98Mb L: 28/45 MS: 5 CopyPart-EraseBytes-EraseBytes-CopyPart-EraseBytes-
#24705	REDUCE cov: 513 ft: 1488 corp: 249/6079b lim: 45 exec/s: 24705 rss: 98Mb L: 11/45 MS: 1 EraseBytes-
#24851	REDUCE cov: 513 ft: 1488 corp: 249/6076b lim: 45 exec/s: 24851 rss: 99Mb L: 39/45 MS: 1 EraseBytes-
#24872	REDUCE cov: 513 ft: 1488 corp: 249/6073b lim: 45 exec/s: 24872 rss: 99Mb L: 42/45 MS: 1 EraseBytes-
#25160	REDUCE cov: 513 ft: 1488 corp: 249/6068b lim: 45 exec/s: 25160 rss: 99Mb L: 40/45 MS: 3 ChangeBinInt-ChangeByte-EraseBytes-
#25425	NEW    cov: 513 ft: 1489 corp: 250/6087b lim: 45 exec/s: 25425 rss: 100Mb L: 19/45 MS: 5 PersAutoDict-EraseBytes-PersAutoDict-ShuffleBytes-CrossOver- DE: "\000\200"-"S\000\000\000"-
#25427	NEW    cov: 513 ft: 1490 corp: 251/6131b lim: 45 exec/s: 25427 rss: 100Mb L: 44/45 MS: 2 InsertRepeatedBytes-CopyPart-
#25434	NEW    cov: 513 ft: 1492 corp: 252/6175b lim: 45 exec/s: 25434 rss: 100Mb L: 44/45 MS: 2 InsertRepeatedBytes-ShuffleBytes-
#25447	REDUCE cov: 513 ft: 1492 corp: 252/6171b lim: 45 exec/s: 25447 rss: 100Mb L: 35/45 MS: 3 PersAutoDict-ShuffleBytes-EraseBytes- DE: "\200\000"-
#25539	REDUCE cov: 513 ft: 1492 corp: 252/6158b lim: 45 exec/s: 25539 rss: 100Mb L: 29/45 MS: 2 InsertByte-EraseBytes-
#25712	REDUCE cov: 513 ft: 1492 corp: 252/6156b lim: 45 exec/s: 25712 rss: 100Mb L: 24/45 MS: 3 CrossOver-InsertRepeatedBytes-EraseBytes-
#25798	REDUCE cov: 513 ft: 1492 corp: 252/6155b lim: 45 exec/s: 25798 rss: 100Mb L: 8/45 MS: 1 EraseBytes-
#25951	REDUCE cov: 513 ft: 1492 corp: 252/6152b lim: 45 exec/s: 25951 rss: 101Mb L: 15/45 MS: 3 ChangeBinInt-InsertByte-EraseBytes-
#25998	REDUCE cov: 513 ft: 1492 corp: 252/6148b lim: 45 exec/s: 25998 rss: 101Mb L: 21/45 MS: 2 ChangeBit-EraseBytes-
#26027	NEW    cov: 513 ft: 1494 corp: 253/6178b lim: 45 exec/s: 26027 rss: 101Mb L: 30/45 MS: 4 CopyPart-InsertByte-CrossOver-CrossOver-
#26069	NEW    cov: 513 ft: 1496 corp: 254/6222b lim: 45 exec/s: 26069 rss: 101Mb L: 44/45 MS: 2 CMP-CopyPart- DE: "\000\017"-
#26088	REDUCE cov: 513 ft: 1499 corp: 255/6264b lim: 45 exec/s: 26088 rss: 101Mb L: 42/45 MS: 4 ChangeBit-InsertByte-ChangeByte-CopyPart-
#26110	REDUCE cov: 513 ft: 1499 corp: 255/6263b lim: 45 exec/s: 26110 rss: 101Mb L: 34/45 MS: 2 ChangeBinInt-EraseBytes-
#26233	REDUCE cov: 513 ft: 1499 corp: 255/6260b lim: 45 exec/s: 26233 rss: 101Mb L: 6/45 MS: 3 ChangeByte-ChangeBit-EraseBytes-
#26305	REDUCE cov: 513 ft: 1499 corp: 255/6253b lim: 45 exec/s: 26305 rss: 101Mb L: 11/45 MS: 2 PersAutoDict-EraseBytes- DE: "\001\200"-
#26347	REDUCE cov: 513 ft: 1499 corp: 255/6251b lim: 45 exec/s: 26347 rss: 101Mb L: 36/45 MS: 2 ShuffleBytes-CrossOver-
#26510	REDUCE cov: 513 ft: 1502 corp: 256/6291b lim: 45 exec/s: 26510 rss: 102Mb L: 40/45 MS: 3 ChangeBit-ShuffleBytes-CopyPart-
#26631	REDUCE cov: 513 ft: 1502 corp: 256/6289b lim: 45 exec/s: 26631 rss: 102Mb L: 10/45 MS: 1 EraseBytes-
#26707	REDUCE cov: 513 ft: 1503 corp: 257/6332b lim: 45 exec/s: 26707 rss: 102Mb L: 43/45 MS: 1 InsertByte-
#26766	NEW    cov: 513 ft: 1505 corp: 258/6375b lim: 45 exec/s: 26766 rss: 102Mb L: 43/45 MS: 4 ChangeASCIIInt-ChangeBit-ChangeBinInt-InsertRepeatedBytes-
#26812	REDUCE cov: 513 ft: 1505 corp: 258/6373b lim: 45 exec/s: 26812 rss: 102Mb L: 12/45 MS: 1 EraseBytes-
#27058	REDUCE cov: 513 ft: 1505 corp: 258/6372b lim: 45 exec/s: 27058 rss: 103Mb L: 23/45 MS: 1 EraseBytes-
#27085	REDUCE cov: 513 ft: 1505 corp: 258/6371b lim: 45 exec/s: 27085 rss: 103Mb L: 12/45 MS: 2 CrossOver-EraseBytes-
#27100	REDUCE cov: 513 ft: 1505 corp: 258/6368b lim: 45 exec/s: 27100 rss: 103Mb L: 17/45 MS: 5 ChangeByte-ChangeBit-ShuffleBytes-CopyPart-EraseBytes-
#27124	REDUCE cov: 513 ft: 1507 corp: 259/6413b lim: 45 exec/s: 27124 rss: 103Mb L: 45/45 MS: 4 PersAutoDict-CrossOver-ChangeBinInt-CopyPart- DE: "\015\000\000\000\000\000\000\000"-
#27125	REDUCE cov: 513 ft: 1507 corp: 259/6409b lim: 45 exec/s: 27125 rss: 103Mb L: 22/45 MS: 1 EraseBytes-
#27333	REDUCE cov: 513 ft: 1507 corp: 259/6408b lim: 45 exec/s: 27333 rss: 103Mb L: 3/45 MS: 3 EraseBytes-ChangeBit-ShuffleBytes-
#27381	REDUCE cov: 513 ft: 1507 corp: 259/6398b lim: 45 exec/s: 27381 rss: 103Mb L: 28/45 MS: 3 InsertRepeatedBytes-EraseBytes-EraseBytes-
#27438	REDUCE cov: 513 ft: 1507 corp: 259/6394b lim: 45 exec/s: 27438 rss: 103Mb L: 20/45 MS: 2 EraseBytes-InsertByte-
#27505	REDUCE cov: 513 ft: 1507 corp: 259/6393b lim: 45 exec/s: 27505 rss: 103Mb L: 8/45 MS: 2 ChangeByte-EraseBytes-
#27532	REDUCE cov: 513 ft: 1507 corp: 259/6390b lim: 45 exec/s: 27532 rss: 103Mb L: 32/45 MS: 2 ChangeBit-EraseBytes-
#27578	REDUCE cov: 513 ft: 1507 corp: 259/6387b lim: 45 exec/s: 27578 rss: 103Mb L: 25/45 MS: 1 EraseBytes-
#27591	NEW    cov: 513 ft: 1509 corp: 260/6429b lim: 45 exec/s: 27591 rss: 103Mb L: 42/45 MS: 3 ChangeBinInt-ChangeBinInt-InsertByte-
#27628	REDUCE cov: 513 ft: 1509 corp: 260/6426b lim: 45 exec/s: 27628 rss: 104Mb L: 34/45 MS: 2 ChangeBinInt-EraseBytes-
#27732	REDUCE cov: 513 ft: 1509 corp: 260/6424b lim: 45 exec/s: 27732 rss: 104Mb L: 9/45 MS: 4 ChangeBinInt-ChangeBinInt-EraseBytes-ChangeBinInt-
#27768	REDUCE cov: 513 ft: 1509 corp: 260/6420b lim: 45 exec/s: 27768 rss: 104Mb L: 16/45 MS: 1 EraseBytes-
#27855	REDUCE cov: 513 ft: 1509 corp: 260/6419b lim: 45 exec/s: 27855 rss: 104Mb L: 41/45 MS: 2 ChangeBinInt-EraseBytes-
#27876	REDUCE cov: 513 ft: 1509 corp: 260/6413b lim: 45 exec/s: 27876 rss: 104Mb L: 13/45 MS: 1 EraseBytes-
#27938	REDUCE cov: 513 ft: 1509 corp: 260/6408b lim: 45 exec/s: 27938 rss: 104Mb L: 17/45 MS: 2 EraseBytes-CrossOver-
#27986	REDUCE cov: 513 ft: 1509 corp: 260/6406b lim: 45 exec/s: 27986 rss: 104Mb L: 13/45 MS: 3 ChangeByte-ChangeBit-EraseBytes-
#28070	NEW    cov: 513 ft: 1510 corp: 261/6450b lim: 45 exec/s: 28070 rss: 104Mb L: 44/45 MS: 4 ChangeByte-CMP-ChangeBinInt-CrossOver- DE: "\377\377\377Z"-
#28077	REDUCE cov: 513 ft: 1510 corp: 261/6444b lim: 45 exec/s: 28077 rss: 104Mb L: 20/45 MS: 2 EraseBytes-CopyPart-
#28148	REDUCE cov: 513 ft: 1510 corp: 261/6443b lim: 45 exec/s: 28148 rss: 105Mb L: 25/45 MS: 1 EraseBytes-
#28384	REDUCE cov: 513 ft: 1510 corp: 261/6441b lim: 45 exec/s: 28384 rss: 105Mb L: 25/45 MS: 1 EraseBytes-
#28401	REDUCE cov: 513 ft: 1510 corp: 261/6440b lim: 45 exec/s: 28401 rss: 105Mb L: 42/45 MS: 2 CrossOver-CrossOver-
#28407	REDUCE cov: 513 ft: 1510 corp: 261/6439b lim: 45 exec/s: 28407 rss: 105Mb L: 23/45 MS: 1 EraseBytes-
#28548	NEW    cov: 513 ft: 1512 corp: 262/6479b lim: 45 exec/s: 28548 rss: 105Mb L: 40/45 MS: 1 CopyPart-
#28565	REDUCE cov: 513 ft: 1512 corp: 262/6478b lim: 45 exec/s: 28565 rss: 105Mb L: 41/45 MS: 2 ShuffleBytes-EraseBytes-
#28571	REDUCE cov: 513 ft: 1512 corp: 262/6473b lim: 45 exec/s: 28571 rss: 105Mb L: 9/45 MS: 1 EraseBytes-
#28767	REDUCE cov: 513 ft: 1512 corp: 262/6470b lim: 45 exec/s: 28767 rss: 106Mb L: 38/45 MS: 1 EraseBytes-
#28835	REDUCE cov: 513 ft: 1512 corp: 262/6467b lim: 45 exec/s: 28835 rss: 106Mb L: 23/45 MS: 3 InsertByte-CopyPart-EraseBytes-
#28921	REDUCE cov: 513 ft: 1512 corp: 262/6466b lim: 45 exec/s: 28921 rss: 106Mb L: 7/45 MS: 1 EraseBytes-
#28947	REDUCE cov: 513 ft: 1512 corp: 262/6465b lim: 45 exec/s: 28947 rss: 106Mb L: 18/45 MS: 1 CrossOver-
#29003	REDUCE cov: 513 ft: 1512 corp: 262/6462b lim: 45 exec/s: 29003 rss: 106Mb L: 35/45 MS: 1 EraseBytes-
#29040	REDUCE cov: 513 ft: 1512 corp: 262/6456b lim: 45 exec/s: 29040 rss: 106Mb L: 32/45 MS: 2 InsertByte-EraseBytes-
#29054	REDUCE cov: 513 ft: 1512 corp: 262/6455b lim: 45 exec/s: 29054 rss: 106Mb L: 37/45 MS: 4 ChangeBinInt-ShuffleBytes-CopyPart-EraseBytes-
#29138	REDUCE cov: 513 ft: 1512 corp: 262/6444b lim: 45 exec/s: 29138 rss: 106Mb L: 26/45 MS: 4 ChangeBinInt-InsertByte-InsertByte-EraseBytes-
#29229	REDUCE cov: 513 ft: 1512 corp: 262/6443b lim: 45 exec/s: 29229 rss: 106Mb L: 9/45 MS: 1 EraseBytes-
#29270	REDUCE cov: 513 ft: 1512 corp: 262/6441b lim: 45 exec/s: 29270 rss: 107Mb L: 11/45 MS: 1 EraseBytes-
#29362	REDUCE cov: 513 ft: 1512 corp: 262/6435b lim: 45 exec/s: 29362 rss: 107Mb L: 11/45 MS: 2 ChangeBit-EraseBytes-
#29364	REDUCE cov: 513 ft: 1512 corp: 262/6434b lim: 45 exec/s: 29364 rss: 107Mb L: 27/45 MS: 2 ChangeByte-EraseBytes-
#29570	REDUCE cov: 513 ft: 1512 corp: 262/6433b lim: 45 exec/s: 29570 rss: 107Mb L: 14/45 MS: 1 EraseBytes-
#29696	REDUCE cov: 513 ft: 1512 corp: 262/6430b lim: 45 exec/s: 29696 rss: 107Mb L: 34/45 MS: 1 EraseBytes-
#29785	REDUCE cov: 513 ft: 1512 corp: 262/6413b lim: 45 exec/s: 29785 rss: 107Mb L: 24/45 MS: 4 CopyPart-PersAutoDict-CopyPart-EraseBytes- DE: "\377\377\377\377\377\377\377\377"-
#29911	REDUCE cov: 513 ft: 1512 corp: 262/6411b lim: 45 exec/s: 29911 rss: 108Mb L: 8/45 MS: 1 EraseBytes-
#29917	REDUCE cov: 513 ft: 1512 corp: 262/6407b lim: 45 exec/s: 29917 rss: 108Mb L: 34/45 MS: 1 EraseBytes-
#30045	REDUCE cov: 513 ft: 1512 corp: 262/6403b lim: 45 exec/s: 30045 rss: 108Mb L: 27/45 MS: 3 ChangeBit-ChangeByte-EraseBytes-
#30236	REDUCE cov: 513 ft: 1516 corp: 263/6443b lim: 45 exec/s: 30236 rss: 108Mb L: 40/45 MS: 1 CopyPart-
#30431	REDUCE cov: 513 ft: 1516 corp: 263/6439b lim: 45 exec/s: 30431 rss: 108Mb L: 17/45 MS: 5 ChangeByte-InsertByte-PersAutoDict-ShuffleBytes-EraseBytes- DE: "\200\000"-
#30488	REDUCE cov: 513 ft: 1516 corp: 263/6431b lim: 45 exec/s: 30488 rss: 109Mb L: 21/45 MS: 2 CrossOver-EraseBytes-
#30757	REDUCE cov: 513 ft: 1516 corp: 263/6428b lim: 45 exec/s: 30757 rss: 109Mb L: 26/45 MS: 4 InsertByte-ChangeBinInt-EraseBytes-CrossOver-
#30775	REDUCE cov: 513 ft: 1516 corp: 263/6419b lim: 45 exec/s: 30775 rss: 109Mb L: 31/45 MS: 3 CopyPart-ChangeBinInt-EraseBytes-
#30796	REDUCE cov: 513 ft: 1516 corp: 263/6409b lim: 45 exec/s: 30796 rss: 109Mb L: 32/45 MS: 1 EraseBytes-
#30810	REDUCE cov: 513 ft: 1516 corp: 263/6407b lim: 45 exec/s: 30810 rss: 109Mb L: 11/45 MS: 4 PersAutoDict-PersAutoDict-ChangeBinInt-EraseBytes- DE: "\001\000\000\000\000\000\000\000"-"\037\000\000\000\000\000\000\000"-
#30888	REDUCE cov: 513 ft: 1516 corp: 263/6404b lim: 45 exec/s: 30888 rss: 109Mb L: 22/45 MS: 3 CopyPart-ChangeByte-EraseBytes-
#30925	REDUCE cov: 513 ft: 1517 corp: 264/6446b lim: 45 exec/s: 30925 rss: 109Mb L: 42/45 MS: 2 CopyPart-CopyPart-
#30958	REDUCE cov: 513 ft: 1517 corp: 264/6442b lim: 45 exec/s: 30958 rss: 109Mb L: 32/45 MS: 3 CopyPart-ChangeByte-EraseBytes-
#31059	REDUCE cov: 513 ft: 1517 corp: 264/6441b lim: 45 exec/s: 31059 rss: 110Mb L: 13/45 MS: 1 EraseBytes-
#31121	REDUCE cov: 513 ft: 1517 corp: 264/6439b lim: 45 exec/s: 31121 rss: 110Mb L: 21/45 MS: 2 ChangeByte-EraseBytes-
#31213	REDUCE cov: 513 ft: 1517 corp: 264/6427b lim: 45 exec/s: 31213 rss: 110Mb L: 15/45 MS: 2 CopyPart-EraseBytes-
#31255	REDUCE cov: 513 ft: 1517 corp: 264/6421b lim: 45 exec/s: 31255 rss: 110Mb L: 26/45 MS: 2 ChangeASCIIInt-EraseBytes-
#31399	REDUCE cov: 513 ft: 1520 corp: 265/6462b lim: 45 exec/s: 31399 rss: 110Mb L: 41/45 MS: 4 ShuffleBytes-PersAutoDict-ChangeBinInt-CopyPart- DE: "\377\377\377\377\377\377\377\377"-
#31632	REDUCE cov: 513 ft: 1520 corp: 265/6457b lim: 45 exec/s: 31632 rss: 110Mb L: 12/45 MS: 3 ChangeBit-ChangeBit-EraseBytes-
#31718	REDUCE cov: 513 ft: 1520 corp: 265/6451b lim: 45 exec/s: 31718 rss: 111Mb L: 34/45 MS: 1 CrossOver-
#31721	REDUCE cov: 513 ft: 1520 corp: 265/6450b lim: 45 exec/s: 31721 rss: 111Mb L: 11/45 MS: 3 InsertByte-ChangeBit-CrossOver-
#31768	REDUCE cov: 513 ft: 1520 corp: 265/6441b lim: 45 exec/s: 31768 rss: 111Mb L: 34/45 MS: 2 ShuffleBytes-EraseBytes-
#31769	REDUCE cov: 513 ft: 1520 corp: 265/6439b lim: 45 exec/s: 31769 rss: 111Mb L: 21/45 MS: 1 EraseBytes-
#31980	REDUCE cov: 513 ft: 1520 corp: 265/6436b lim: 45 exec/s: 31980 rss: 111Mb L: 8/45 MS: 1 EraseBytes-
#32087	REDUCE cov: 513 ft: 1520 corp: 265/6424b lim: 45 exec/s: 32087 rss: 111Mb L: 27/45 MS: 2 ChangeByte-EraseBytes-
#32195	REDUCE cov: 513 ft: 1520 corp: 265/6420b lim: 45 exec/s: 32195 rss: 111Mb L: 21/45 MS: 3 ShuffleBytes-ChangeBit-EraseBytes-
#32232	REDUCE cov: 513 ft: 1520 corp: 265/6417b lim: 45 exec/s: 32232 rss: 112Mb L: 8/45 MS: 2 CMP-EraseBytes- DE: "g\000"-
#32374	NEW    cov: 513 ft: 1522 corp: 266/6462b lim: 45 exec/s: 32374 rss: 112Mb L: 45/45 MS: 2 ChangeBit-CopyPart-
#32645	REDUCE cov: 513 ft: 1522 corp: 266/6457b lim: 45 exec/s: 32645 rss: 112Mb L: 13/45 MS: 1 EraseBytes-
#32661	REDUCE cov: 513 ft: 1522 corp: 266/6452b lim: 45 exec/s: 32661 rss: 112Mb L: 12/45 MS: 1 EraseBytes-
#32720	REDUCE cov: 513 ft: 1522 corp: 266/6449b lim: 45 exec/s: 32720 rss: 112Mb L: 5/45 MS: 4 CMP-CopyPart-CrossOver-EraseBytes- DE: "1\000\000\000\000\000\000\000"-
#32791	REDUCE cov: 513 ft: 1522 corp: 266/6446b lim: 45 exec/s: 32791 rss: 112Mb L: 18/45 MS: 1 EraseBytes-
#32812	REDUCE cov: 513 ft: 1522 corp: 266/6443b lim: 45 exec/s: 32812 rss: 112Mb L: 9/45 MS: 1 EraseBytes-
#32935	REDUCE cov: 513 ft: 1522 corp: 266/6437b lim: 45 exec/s: 32935 rss: 113Mb L: 37/45 MS: 3 EraseBytes-CopyPart-PersAutoDict- DE: "\200\000"-
#33106	REDUCE cov: 513 ft: 1522 corp: 266/6430b lim: 45 exec/s: 33106 rss: 113Mb L: 7/45 MS: 1 EraseBytes-
#33140	REDUCE cov: 513 ft: 1522 corp: 266/6423b lim: 45 exec/s: 33140 rss: 113Mb L: 34/45 MS: 4 ChangeBit-CopyPart-CopyPart-EraseBytes-
#33164	REDUCE cov: 513 ft: 1522 corp: 266/6422b lim: 45 exec/s: 16582 rss: 113Mb L: 32/45 MS: 4 InsertByte-ChangeByte-ChangeBinInt-EraseBytes-
#33260	REDUCE cov: 513 ft: 1522 corp: 266/6420b lim: 45 exec/s: 16630 rss: 113Mb L: 13/45 MS: 1 EraseBytes-
#33316	REDUCE cov: 513 ft: 1522 corp: 266/6417b lim: 45 exec/s: 16658 rss: 113Mb L: 7/45 MS: 1 EraseBytes-
#33378	REDUCE cov: 513 ft: 1522 corp: 266/6415b lim: 45 exec/s: 16689 rss: 116Mb L: 11/45 MS: 1 EraseBytes-
#33405	REDUCE cov: 513 ft: 1522 corp: 266/6408b lim: 45 exec/s: 16702 rss: 116Mb L: 24/45 MS: 2 CopyPart-EraseBytes-
#33461	REDUCE cov: 513 ft: 1522 corp: 266/6406b lim: 45 exec/s: 16730 rss: 116Mb L: 25/45 MS: 1 EraseBytes-
#33624	REDUCE cov: 513 ft: 1522 corp: 266/6400b lim: 45 exec/s: 16812 rss: 116Mb L: 31/45 MS: 3 ChangeByte-ShuffleBytes-EraseBytes-
#33824	REDUCE cov: 513 ft: 1522 corp: 266/6393b lim: 45 exec/s: 16912 rss: 117Mb L: 35/45 MS: 5 ChangeBit-ChangeBinInt-CrossOver-ChangeByte-EraseBytes-
#33997	REDUCE cov: 513 ft: 1522 corp: 266/6390b lim: 45 exec/s: 16998 rss: 117Mb L: 32/45 MS: 3 CopyPart-InsertRepeatedBytes-EraseBytes-
#34093	REDUCE cov: 513 ft: 1522 corp: 266/6389b lim: 45 exec/s: 17046 rss: 117Mb L: 10/45 MS: 1 EraseBytes-
#34110	REDUCE cov: 513 ft: 1522 corp: 266/6386b lim: 45 exec/s: 17055 rss: 117Mb L: 8/45 MS: 2 ChangeBinInt-EraseBytes-
#34186	REDUCE cov: 513 ft: 1522 corp: 266/6383b lim: 45 exec/s: 17093 rss: 117Mb L: 28/45 MS: 1 EraseBytes-
#34234	REDUCE cov: 513 ft: 1522 corp: 266/6378b lim: 45 exec/s: 17117 rss: 117Mb L: 14/45 MS: 3 ShuffleBytes-ShuffleBytes-EraseBytes-
#34500	REDUCE cov: 513 ft: 1528 corp: 267/6419b lim: 45 exec/s: 17250 rss: 118Mb L: 41/45 MS: 1 CopyPart-
#34578	REDUCE cov: 513 ft: 1528 corp: 267/6414b lim: 45 exec/s: 17289 rss: 118Mb L: 28/45 MS: 3 ChangeByte-ChangeByte-EraseBytes-
#34674	REDUCE cov: 513 ft: 1528 corp: 267/6411b lim: 45 exec/s: 17337 rss: 118Mb L: 6/45 MS: 1 EraseBytes-
#34808	REDUCE cov: 513 ft: 1529 corp: 268/6455b lim: 45 exec/s: 17404 rss: 118Mb L: 44/45 MS: 4 ChangeBit-CrossOver-InsertByte-CrossOver-
#34825	REDUCE cov: 513 ft: 1531 corp: 269/6486b lim: 45 exec/s: 17412 rss: 118Mb L: 31/45 MS: 2 CrossOver-CopyPart-
#34841	REDUCE cov: 513 ft: 1531 corp: 269/6479b lim: 45 exec/s: 17420 rss: 118Mb L: 9/45 MS: 1 EraseBytes-
#34897	REDUCE cov: 513 ft: 1531 corp: 269/6472b lim: 45 exec/s: 17448 rss: 118Mb L: 37/45 MS: 1 EraseBytes-
#34994	REDUCE cov: 513 ft: 1531 corp: 269/6471b lim: 45 exec/s: 17497 rss: 119Mb L: 44/45 MS: 2 ChangeBinInt-EraseBytes-
#35166	REDUCE cov: 513 ft: 1531 corp: 269/6462b lim: 45 exec/s: 17583 rss: 119Mb L: 13/45 MS: 2 ChangeBinInt-EraseBytes-
#35184	REDUCE cov: 513 ft: 1531 corp: 269/6460b lim: 45 exec/s: 17592 rss: 119Mb L: 11/45 MS: 3 InsertRepeatedBytes-InsertByte-EraseBytes-
#35202	NEW    cov: 513 ft: 1535 corp: 270/6502b lim: 45 exec/s: 17601 rss: 119Mb L: 42/45 MS: 3 InsertByte-ChangeBit-ChangeByte-
#35319	NEW    cov: 513 ft: 1537 corp: 271/6545b lim: 45 exec/s: 17659 rss: 119Mb L: 43/45 MS: 2 CopyPart-CMP- DE: "\376\377\377\377\377\377\377\377"-
#35415	REDUCE cov: 513 ft: 1537 corp: 271/6542b lim: 45 exec/s: 17707 rss: 119Mb L: 19/45 MS: 1 EraseBytes-
#35483	REDUCE cov: 513 ft: 1537 corp: 271/6534b lim: 45 exec/s: 17741 rss: 119Mb L: 31/45 MS: 3 PersAutoDict-CopyPart-EraseBytes- DE: "\006\000\000\000\000\000\000\000"-
#35529	REDUCE cov: 513 ft: 1537 corp: 271/6528b lim: 45 exec/s: 17764 rss: 120Mb L: 26/45 MS: 1 EraseBytes-
#35760	REDUCE cov: 513 ft: 1537 corp: 271/6519b lim: 45 exec/s: 17880 rss: 120Mb L: 18/45 MS: 1 CrossOver-
#36012	REDUCE cov: 513 ft: 1541 corp: 272/6560b lim: 45 exec/s: 18006 rss: 120Mb L: 41/45 MS: 2 InsertByte-CrossOver-
#36213	REDUCE cov: 513 ft: 1541 corp: 272/6559b lim: 45 exec/s: 18106 rss: 121Mb L: 33/45 MS: 1 EraseBytes-
#36300	REDUCE cov: 513 ft: 1541 corp: 272/6554b lim: 45 exec/s: 18150 rss: 121Mb L: 19/45 MS: 2 ChangeBinInt-EraseBytes-
#36508	REDUCE cov: 513 ft: 1541 corp: 272/6552b lim: 45 exec/s: 18254 rss: 121Mb L: 7/45 MS: 3 ChangeByte-CopyPart-EraseBytes-
#36550	REDUCE cov: 513 ft: 1541 corp: 272/6548b lim: 45 exec/s: 18275 rss: 121Mb L: 5/45 MS: 2 CMP-EraseBytes- DE: "\377\377\377\007"-
#36655	NEW    cov: 513 ft: 1542 corp: 273/6593b lim: 45 exec/s: 18327 rss: 121Mb L: 45/45 MS: 5 InsertRepeatedBytes-CopyPart-ChangeBinInt-ShuffleBytes-ChangeByte-
#37572	REDUCE cov: 513 ft: 1542 corp: 273/6592b lim: 50 exec/s: 18786 rss: 123Mb L: 14/45 MS: 2 InsertByte-EraseBytes-
#37744	REDUCE cov: 513 ft: 1542 corp: 273/6589b lim: 50 exec/s: 18872 rss: 123Mb L: 22/45 MS: 2 ChangeByte-EraseBytes-
#37815	REDUCE cov: 513 ft: 1542 corp: 273/6588b lim: 50 exec/s: 18907 rss: 123Mb L: 2/45 MS: 1 EraseBytes-
#37888	REDUCE cov: 513 ft: 1542 corp: 273/6586b lim: 50 exec/s: 18944 rss: 123Mb L: 29/45 MS: 3 ChangeBinInt-ChangeBit-EraseBytes-
#37939	REDUCE cov: 513 ft: 1542 corp: 273/6582b lim: 50 exec/s: 18969 rss: 123Mb L: 30/45 MS: 1 EraseBytes-
#38162	NEW    cov: 513 ft: 1543 corp: 274/6632b lim: 50 exec/s: 19081 rss: 124Mb L: 50/50 MS: 3 InsertByte-InsertByte-CopyPart-
#38260	REDUCE cov: 513 ft: 1543 corp: 274/6630b lim: 50 exec/s: 19130 rss: 124Mb L: 35/50 MS: 3 CrossOver-InsertByte-EraseBytes-
#38516	REDUCE cov: 513 ft: 1543 corp: 274/6629b lim: 50 exec/s: 19258 rss: 124Mb L: 4/50 MS: 1 EraseBytes-
#38579	REDUCE cov: 513 ft: 1543 corp: 274/6627b lim: 50 exec/s: 19289 rss: 124Mb L: 13/50 MS: 3 InsertByte-InsertByte-EraseBytes-
#38604	REDUCE cov: 513 ft: 1546 corp: 275/6664b lim: 50 exec/s: 19302 rss: 124Mb L: 37/50 MS: 5 ChangeByte-ChangeBit-ChangeByte-ShuffleBytes-InsertRepeatedBytes-
#38615	REDUCE cov: 513 ft: 1546 corp: 275/6661b lim: 50 exec/s: 19307 rss: 124Mb L: 25/50 MS: 1 EraseBytes-
#39220	REDUCE cov: 513 ft: 1548 corp: 276/6701b lim: 55 exec/s: 19610 rss: 125Mb L: 40/50 MS: 5 PersAutoDict-ChangeBinInt-ChangeBit-CopyPart-CopyPart- DE: "\001\000\000\000\000\000\000\000"-
#39387	REDUCE cov: 513 ft: 1548 corp: 276/6698b lim: 55 exec/s: 19693 rss: 126Mb L: 8/50 MS: 2 InsertByte-EraseBytes-
#39463	REDUCE cov: 513 ft: 1548 corp: 276/6697b lim: 55 exec/s: 19731 rss: 126Mb L: 35/50 MS: 1 EraseBytes-
#39545	REDUCE cov: 513 ft: 1548 corp: 276/6696b lim: 55 exec/s: 19772 rss: 126Mb L: 23/50 MS: 2 CrossOver-EraseBytes-
#39549	REDUCE cov: 513 ft: 1548 corp: 276/6695b lim: 55 exec/s: 19774 rss: 126Mb L: 10/50 MS: 4 ChangeBinInt-ChangeByte-ShuffleBytes-EraseBytes-
#39650	REDUCE cov: 513 ft: 1548 corp: 276/6692b lim: 55 exec/s: 19825 rss: 126Mb L: 38/50 MS: 1 EraseBytes-
#39855	REDUCE cov: 513 ft: 1548 corp: 276/6691b lim: 55 exec/s: 19927 rss: 126Mb L: 31/50 MS: 5 CrossOver-ChangeBit-ChangeBit-ChangeBit-EraseBytes-
#40271	REDUCE cov: 513 ft: 1548 corp: 276/6686b lim: 55 exec/s: 20135 rss: 127Mb L: 29/50 MS: 1 EraseBytes-
#40318	REDUCE cov: 513 ft: 1548 corp: 276/6685b lim: 55 exec/s: 20159 rss: 127Mb L: 20/50 MS: 2 ChangeBinInt-EraseBytes-
#40440	NEW    cov: 513 ft: 1549 corp: 277/6738b lim: 55 exec/s: 20220 rss: 127Mb L: 53/53 MS: 2 EraseBytes-InsertRepeatedBytes-
#40452	REDUCE cov: 513 ft: 1549 corp: 277/6733b lim: 55 exec/s: 20226 rss: 127Mb L: 8/53 MS: 2 CopyPart-EraseBytes-
#40645	REDUCE cov: 513 ft: 1549 corp: 277/6724b lim: 55 exec/s: 20322 rss: 128Mb L: 21/53 MS: 3 CopyPart-CopyPart-EraseBytes-
#40801	REDUCE cov: 513 ft: 1553 corp: 278/6777b lim: 55 exec/s: 20400 rss: 128Mb L: 53/53 MS: 1 CopyPart-
#41082	REDUCE cov: 513 ft: 1553 corp: 278/6769b lim: 55 exec/s: 20541 rss: 128Mb L: 19/53 MS: 1 EraseBytes-
#41088	REDUCE cov: 513 ft: 1553 corp: 278/6768b lim: 55 exec/s: 20544 rss: 128Mb L: 20/53 MS: 1 CrossOver-
#41334	REDUCE cov: 513 ft: 1553 corp: 278/6763b lim: 55 exec/s: 20667 rss: 129Mb L: 21/53 MS: 1 EraseBytes-
#41575	REDUCE cov: 513 ft: 1553 corp: 278/6762b lim: 55 exec/s: 20787 rss: 129Mb L: 27/53 MS: 1 EraseBytes-
#41912	REDUCE cov: 513 ft: 1553 corp: 278/6758b lim: 55 exec/s: 20956 rss: 130Mb L: 23/53 MS: 2 ChangeBit-EraseBytes-
#42428	REDUCE cov: 514 ft: 1554 corp: 279/6768b lim: 60 exec/s: 21214 rss: 131Mb L: 10/53 MS: 1 ChangeBit-
#42834	NEW    cov: 514 ft: 1556 corp: 280/6809b lim: 60 exec/s: 21417 rss: 131Mb L: 41/53 MS: 1 CopyPart-
#42860	REDUCE cov: 514 ft: 1556 corp: 280/6806b lim: 60 exec/s: 21430 rss: 131Mb L: 50/53 MS: 1 EraseBytes-
#42926	REDUCE cov: 514 ft: 1556 corp: 280/6801b lim: 60 exec/s: 21463 rss: 131Mb L: 24/53 MS: 1 EraseBytes-
#43003	NEW    cov: 515 ft: 1557 corp: 281/6807b lim: 60 exec/s: 21501 rss: 132Mb L: 6/53 MS: 2 EraseBytes-ShuffleBytes-
#43100	NEW    cov: 515 ft: 1558 corp: 282/6863b lim: 60 exec/s: 21550 rss: 132Mb L: 56/56 MS: 2 InsertRepeatedBytes-CrossOver-
#43236	REDUCE cov: 515 ft: 1558 corp: 282/6860b lim: 60 exec/s: 21618 rss: 132Mb L: 29/56 MS: 1 EraseBytes-
#43398	REDUCE cov: 515 ft: 1558 corp: 282/6858b lim: 60 exec/s: 21699 rss: 132Mb L: 15/56 MS: 2 InsertByte-EraseBytes-
#43471	REDUCE cov: 515 ft: 1558 corp: 282/6857b lim: 60 exec/s: 21735 rss: 132Mb L: 7/56 MS: 3 ChangeByte-ChangeByte-EraseBytes-
#43494	REDUCE cov: 515 ft: 1559 corp: 283/6909b lim: 60 exec/s: 21747 rss: 132Mb L: 52/56 MS: 3 CopyPart-ChangeBinInt-CopyPart-
#43566	REDUCE cov: 515 ft: 1559 corp: 283/6905b lim: 60 exec/s: 21783 rss: 133Mb L: 35/56 MS: 2 ChangeBit-EraseBytes-
#43582	NEW    cov: 515 ft: 1562 corp: 284/6952b lim: 60 exec/s: 21791 rss: 133Mb L: 47/56 MS: 1 CrossOver-
#43943	REDUCE cov: 515 ft: 1562 corp: 284/6945b lim: 60 exec/s: 21971 rss: 133Mb L: 27/56 MS: 1 EraseBytes-
#43960	REDUCE cov: 515 ft: 1562 corp: 284/6943b lim: 60 exec/s: 21980 rss: 133Mb L: 33/56 MS: 2 InsertByte-EraseBytes-
#44027	NEW    cov: 516 ft: 1565 corp: 285/7002b lim: 60 exec/s: 22013 rss: 133Mb L: 59/59 MS: 2 ChangeByte-CopyPart-
#44108	REDUCE cov: 516 ft: 1565 corp: 285/6981b lim: 60 exec/s: 22054 rss: 134Mb L: 24/59 MS: 1 EraseBytes-
#44346	NEW    cov: 516 ft: 1567 corp: 286/7018b lim: 60 exec/s: 22173 rss: 134Mb L: 37/59 MS: 3 ShuffleBytes-ShuffleBytes-ChangeBit-
#44527	REDUCE cov: 516 ft: 1567 corp: 286/7016b lim: 60 exec/s: 22263 rss: 134Mb L: 39/59 MS: 1 EraseBytes-
#44578	REDUCE cov: 516 ft: 1567 corp: 286/7010b lim: 60 exec/s: 22289 rss: 134Mb L: 31/59 MS: 1 EraseBytes-
#44619	REDUCE cov: 516 ft: 1567 corp: 286/7005b lim: 60 exec/s: 22309 rss: 135Mb L: 28/59 MS: 1 EraseBytes-
#44697	REDUCE cov: 516 ft: 1568 corp: 287/7044b lim: 60 exec/s: 22348 rss: 135Mb L: 39/59 MS: 3 ShuffleBytes-ChangeBit-CopyPart-
#44758	REDUCE cov: 516 ft: 1568 corp: 287/7036b lim: 60 exec/s: 22379 rss: 135Mb L: 29/59 MS: 1 EraseBytes-
#44959	NEW    cov: 516 ft: 1569 corp: 288/7086b lim: 60 exec/s: 22479 rss: 135Mb L: 50/59 MS: 1 CMP- DE: "\007\000\000\000\000\000\000\000"-
#44995	REDUCE cov: 516 ft: 1569 corp: 288/7085b lim: 60 exec/s: 22497 rss: 135Mb L: 13/59 MS: 1 EraseBytes-
#45116	REDUCE cov: 516 ft: 1569 corp: 288/7083b lim: 60 exec/s: 22558 rss: 135Mb L: 11/59 MS: 1 EraseBytes-
#45147	NEW    cov: 516 ft: 1571 corp: 289/7130b lim: 60 exec/s: 22573 rss: 135Mb L: 47/59 MS: 1 ChangeBinInt-
#45274	REDUCE cov: 516 ft: 1571 corp: 289/7129b lim: 60 exec/s: 22637 rss: 136Mb L: 17/59 MS: 2 InsertByte-EraseBytes-
#45320	REDUCE cov: 516 ft: 1573 corp: 290/7176b lim: 60 exec/s: 22660 rss: 136Mb L: 47/59 MS: 1 CopyPart-
#45414	REDUCE cov: 516 ft: 1573 corp: 290/7173b lim: 60 exec/s: 22707 rss: 136Mb L: 5/59 MS: 4 CopyPart-CrossOver-CMP-EraseBytes- DE: "\016\000"-
#45467	REDUCE cov: 516 ft: 1573 corp: 290/7171b lim: 60 exec/s: 22733 rss: 136Mb L: 26/59 MS: 3 PersAutoDict-ChangeASCIIInt-EraseBytes- DE: "\377\377\377Z"-
#45554	REDUCE cov: 516 ft: 1573 corp: 290/7163b lim: 60 exec/s: 22777 rss: 136Mb L: 26/59 MS: 2 EraseBytes-CrossOver-
#45560	REDUCE cov: 516 ft: 1573 corp: 290/7162b lim: 60 exec/s: 22780 rss: 136Mb L: 4/59 MS: 1 CrossOver-
#45711	REDUCE cov: 516 ft: 1573 corp: 290/7160b lim: 60 exec/s: 22855 rss: 136Mb L: 35/59 MS: 1 EraseBytes-
#45732	REDUCE cov: 516 ft: 1574 corp: 291/7217b lim: 60 exec/s: 22866 rss: 136Mb L: 57/59 MS: 1 CrossOver-
#45838	REDUCE cov: 516 ft: 1574 corp: 291/7216b lim: 60 exec/s: 22919 rss: 137Mb L: 5/59 MS: 1 EraseBytes-
#45884	REDUCE cov: 516 ft: 1574 corp: 291/7214b lim: 60 exec/s: 22942 rss: 137Mb L: 14/59 MS: 1 EraseBytes-
#45940	NEW    cov: 516 ft: 1575 corp: 292/7239b lim: 60 exec/s: 22970 rss: 137Mb L: 25/59 MS: 1 EraseBytes-
#46067	REDUCE cov: 516 ft: 1575 corp: 292/7232b lim: 60 exec/s: 23033 rss: 137Mb L: 18/59 MS: 2 CrossOver-EraseBytes-
#46110	REDUCE cov: 516 ft: 1575 corp: 292/7230b lim: 60 exec/s: 23055 rss: 137Mb L: 23/59 MS: 3 ChangeBinInt-ChangeASCIIInt-EraseBytes-
#46188	NEW    cov: 516 ft: 1576 corp: 293/7289b lim: 60 exec/s: 23094 rss: 137Mb L: 59/59 MS: 3 InsertByte-InsertRepeatedBytes-CrossOver-
#46229	REDUCE cov: 516 ft: 1576 corp: 293/7288b lim: 60 exec/s: 23114 rss: 137Mb L: 5/59 MS: 1 EraseBytes-
#46295	REDUCE cov: 516 ft: 1576 corp: 293/7284b lim: 60 exec/s: 23147 rss: 137Mb L: 20/59 MS: 1 EraseBytes-
#46505	REDUCE cov: 516 ft: 1576 corp: 293/7280b lim: 60 exec/s: 23252 rss: 138Mb L: 39/59 MS: 5 CopyPart-ChangeBinInt-CMP-EraseBytes-ShuffleBytes- DE: "\377\377\377\377\377\377\377\013"-
#46546	REDUCE cov: 516 ft: 1576 corp: 293/7278b lim: 60 exec/s: 23273 rss: 138Mb L: 35/59 MS: 1 EraseBytes-
#46627	REDUCE cov: 516 ft: 1576 corp: 293/7270b lim: 60 exec/s: 23313 rss: 138Mb L: 27/59 MS: 1 EraseBytes-
#46658	NEW    cov: 516 ft: 1577 corp: 294/7327b lim: 60 exec/s: 23329 rss: 138Mb L: 57/59 MS: 1 CopyPart-
#46795	REDUCE cov: 516 ft: 1577 corp: 294/7323b lim: 60 exec/s: 23397 rss: 138Mb L: 9/59 MS: 2 ChangeByte-EraseBytes-
#47438	NEW    cov: 517 ft: 1594 corp: 295/7382b lim: 65 exec/s: 23719 rss: 139Mb L: 59/59 MS: 3 ChangeBinInt-ChangeByte-CopyPart-
#47460	REDUCE cov: 517 ft: 1594 corp: 295/7380b lim: 65 exec/s: 23730 rss: 139Mb L: 6/59 MS: 2 EraseBytes-ChangeByte-
#47471	REDUCE cov: 517 ft: 1594 corp: 295/7379b lim: 65 exec/s: 23735 rss: 140Mb L: 38/59 MS: 1 EraseBytes-
#47477	REDUCE cov: 517 ft: 1594 corp: 295/7363b lim: 65 exec/s: 23738 rss: 140Mb L: 26/59 MS: 1 EraseBytes-
#47793	REDUCE cov: 517 ft: 1594 corp: 295/7356b lim: 65 exec/s: 23896 rss: 140Mb L: 19/59 MS: 1 EraseBytes-
#47894	REDUCE cov: 517 ft: 1594 corp: 295/7355b lim: 65 exec/s: 23947 rss: 140Mb L: 25/59 MS: 1 EraseBytes-
#47955	REDUCE cov: 517 ft: 1594 corp: 295/7354b lim: 65 exec/s: 23977 rss: 140Mb L: 39/59 MS: 1 EraseBytes-
#48056	REDUCE cov: 517 ft: 1594 corp: 295/7351b lim: 65 exec/s: 24028 rss: 141Mb L: 8/59 MS: 1 EraseBytes-
#48248	REDUCE cov: 517 ft: 1594 corp: 295/7347b lim: 65 exec/s: 24124 rss: 141Mb L: 17/59 MS: 2 CrossOver-EraseBytes-
#48374	REDUCE cov: 517 ft: 1594 corp: 295/7346b lim: 65 exec/s: 24187 rss: 141Mb L: 10/59 MS: 1 EraseBytes-
#48405	REDUCE cov: 517 ft: 1594 corp: 295/7343b lim: 65 exec/s: 24202 rss: 141Mb L: 20/59 MS: 1 EraseBytes-
#48466	REDUCE cov: 517 ft: 1594 corp: 295/7342b lim: 65 exec/s: 24233 rss: 141Mb L: 7/59 MS: 1 EraseBytes-
#48471	REDUCE cov: 517 ft: 1594 corp: 295/7338b lim: 65 exec/s: 24235 rss: 141Mb L: 27/59 MS: 5 ShuffleBytes-ChangeByte-InsertByte-EraseBytes-CopyPart-
#48567	REDUCE cov: 519 ft: 1596 corp: 296/7342b lim: 65 exec/s: 24283 rss: 141Mb L: 4/59 MS: 1 EraseBytes-
#48613	NEW    cov: 519 ft: 1597 corp: 297/7402b lim: 65 exec/s: 24306 rss: 142Mb L: 60/60 MS: 1 InsertByte-
#48804	REDUCE cov: 519 ft: 1597 corp: 297/7400b lim: 65 exec/s: 24402 rss: 142Mb L: 23/60 MS: 1 EraseBytes-
#48920	REDUCE cov: 519 ft: 1597 corp: 297/7393b lim: 65 exec/s: 24460 rss: 142Mb L: 18/60 MS: 1 EraseBytes-
#49057	REDUCE cov: 519 ft: 1597 corp: 297/7388b lim: 65 exec/s: 24528 rss: 143Mb L: 40/60 MS: 2 ChangeBit-EraseBytes-
#49063	REDUCE cov: 519 ft: 1597 corp: 297/7387b lim: 65 exec/s: 24531 rss: 143Mb L: 29/60 MS: 1 EraseBytes-
#49130	REDUCE cov: 519 ft: 1597 corp: 297/7385b lim: 65 exec/s: 24565 rss: 143Mb L: 35/60 MS: 2 ChangeBit-EraseBytes-
#49203	REDUCE cov: 519 ft: 1597 corp: 297/7381b lim: 65 exec/s: 24601 rss: 143Mb L: 6/60 MS: 3 ChangeByte-EraseBytes-CopyPart-
#49249	NEW    cov: 519 ft: 1598 corp: 298/7440b lim: 65 exec/s: 24624 rss: 143Mb L: 59/60 MS: 1 CopyPart-
#49676	REDUCE cov: 519 ft: 1598 corp: 298/7438b lim: 65 exec/s: 24838 rss: 143Mb L: 15/60 MS: 2 CopyPart-EraseBytes-
#49698	REDUCE cov: 519 ft: 1598 corp: 298/7436b lim: 65 exec/s: 24849 rss: 143Mb L: 45/60 MS: 2 InsertRepeatedBytes-EraseBytes-
#49924	REDUCE cov: 519 ft: 1598 corp: 298/7434b lim: 65 exec/s: 24962 rss: 144Mb L: 9/60 MS: 1 EraseBytes-
#49933	REDUCE cov: 519 ft: 1598 corp: 298/7432b lim: 65 exec/s: 24966 rss: 144Mb L: 4/60 MS: 4 InsertByte-ShuffleBytes-CopyPart-EraseBytes-
#49969	REDUCE cov: 519 ft: 1598 corp: 298/7429b lim: 65 exec/s: 24984 rss: 144Mb L: 5/60 MS: 1 EraseBytes-
#50013	NEW    cov: 519 ft: 1599 corp: 299/7487b lim: 65 exec/s: 25006 rss: 144Mb L: 58/60 MS: 4 ChangeBinInt-ChangeBit-CopyPart-CopyPart-
#50034	REDUCE cov: 519 ft: 1599 corp: 299/7482b lim: 65 exec/s: 16678 rss: 144Mb L: 23/60 MS: 1 EraseBytes-
#50106	REDUCE cov: 519 ft: 1599 corp: 299/7473b lim: 65 exec/s: 16702 rss: 144Mb L: 9/60 MS: 2 ShuffleBytes-EraseBytes-
#50423	REDUCE cov: 519 ft: 1599 corp: 299/7471b lim: 65 exec/s: 16807 rss: 147Mb L: 10/60 MS: 1 EraseBytes-
#50627	REDUCE cov: 519 ft: 1600 corp: 300/7532b lim: 65 exec/s: 16875 rss: 147Mb L: 61/61 MS: 4 ChangeBinInt-ChangeBinInt-InsertByte-CopyPart-
#50733	REDUCE cov: 519 ft: 1600 corp: 300/7529b lim: 65 exec/s: 16911 rss: 148Mb L: 7/61 MS: 1 EraseBytes-
#50809	REDUCE cov: 519 ft: 1600 corp: 300/7528b lim: 65 exec/s: 16936 rss: 148Mb L: 3/61 MS: 1 EraseBytes-
#51231	REDUCE cov: 519 ft: 1602 corp: 301/7587b lim: 65 exec/s: 17077 rss: 149Mb L: 59/61 MS: 2 CMP-CopyPart- DE: "\376\377\377\377\377\377\377\377"-
#51239	REDUCE cov: 519 ft: 1602 corp: 301/7585b lim: 65 exec/s: 17079 rss: 149Mb L: 22/61 MS: 3 ChangeBit-InsertByte-EraseBytes-
#51252	REDUCE cov: 519 ft: 1602 corp: 301/7583b lim: 65 exec/s: 17084 rss: 149Mb L: 16/61 MS: 3 ChangeBinInt-PersAutoDict-EraseBytes- DE: "\200\000"-
#51325	REDUCE cov: 519 ft: 1602 corp: 301/7578b lim: 65 exec/s: 17108 rss: 149Mb L: 24/61 MS: 3 InsertByte-InsertByte-EraseBytes-
#51372	REDUCE cov: 519 ft: 1602 corp: 301/7575b lim: 65 exec/s: 17124 rss: 149Mb L: 40/61 MS: 2 InsertRepeatedBytes-EraseBytes-
#51376	REDUCE cov: 519 ft: 1602 corp: 301/7573b lim: 65 exec/s: 17125 rss: 149Mb L: 32/61 MS: 4 InsertByte-ChangeBit-InsertRepeatedBytes-EraseBytes-
#51582	REDUCE cov: 519 ft: 1602 corp: 301/7570b lim: 65 exec/s: 17194 rss: 149Mb L: 14/61 MS: 1 EraseBytes-
#51614	REDUCE cov: 519 ft: 1603 corp: 302/7613b lim: 65 exec/s: 17204 rss: 149Mb L: 43/61 MS: 2 ChangeBinInt-CopyPart-
#51890	REDUCE cov: 519 ft: 1603 corp: 302/7610b lim: 65 exec/s: 17296 rss: 150Mb L: 3/61 MS: 1 EraseBytes-
#52001	REDUCE cov: 519 ft: 1603 corp: 302/7608b lim: 65 exec/s: 17333 rss: 150Mb L: 12/61 MS: 1 EraseBytes-
#52562	REDUCE cov: 519 ft: 1603 corp: 302/7607b lim: 65 exec/s: 17520 rss: 151Mb L: 26/61 MS: 1 EraseBytes-
#52954	REDUCE cov: 519 ft: 1603 corp: 302/7606b lim: 65 exec/s: 17651 rss: 152Mb L: 21/61 MS: 2 ChangeBinInt-EraseBytes-
#53040	REDUCE cov: 519 ft: 1603 corp: 302/7596b lim: 65 exec/s: 17680 rss: 152Mb L: 49/61 MS: 1 EraseBytes-
#53143	REDUCE cov: 519 ft: 1603 corp: 302/7595b lim: 65 exec/s: 17714 rss: 152Mb L: 7/61 MS: 3 ChangeBit-EraseBytes-InsertByte-
#53275	REDUCE cov: 519 ft: 1603 corp: 302/7593b lim: 65 exec/s: 17758 rss: 152Mb L: 37/61 MS: 2 CopyPart-EraseBytes-
#53311	REDUCE cov: 519 ft: 1603 corp: 302/7592b lim: 65 exec/s: 17770 rss: 152Mb L: 26/61 MS: 1 EraseBytes-
#53333	REDUCE cov: 519 ft: 1603 corp: 302/7591b lim: 65 exec/s: 17777 rss: 152Mb L: 7/61 MS: 2 ShuffleBytes-EraseBytes-
#53450	REDUCE cov: 519 ft: 1603 corp: 302/7588b lim: 65 exec/s: 17816 rss: 153Mb L: 30/61 MS: 2 ChangeBit-EraseBytes-
#53487	REDUCE cov: 519 ft: 1612 corp: 303/7628b lim: 65 exec/s: 17829 rss: 153Mb L: 40/61 MS: 2 ChangeBinInt-CopyPart-
#53495	REDUCE cov: 519 ft: 1612 corp: 303/7626b lim: 65 exec/s: 17831 rss: 153Mb L: 8/61 MS: 3 ChangeBit-ChangeByte-EraseBytes-
#53706	REDUCE cov: 519 ft: 1612 corp: 303/7623b lim: 65 exec/s: 17902 rss: 153Mb L: 17/61 MS: 1 EraseBytes-
#53786	NEW    cov: 519 ft: 1614 corp: 304/7687b lim: 65 exec/s: 17928 rss: 153Mb L: 64/64 MS: 5 ChangeBit-InsertByte-CopyPart-ChangeBinInt-CopyPart-
#53795	REDUCE cov: 519 ft: 1618 corp: 305/7741b lim: 65 exec/s: 17931 rss: 153Mb L: 54/64 MS: 4 ChangeBit-CopyPart-ShuffleBytes-CopyPart-
#53877	REDUCE cov: 519 ft: 1618 corp: 305/7734b lim: 65 exec/s: 17959 rss: 153Mb L: 13/64 MS: 2 CrossOver-EraseBytes-
#53913	REDUCE cov: 519 ft: 1618 corp: 305/7722b lim: 65 exec/s: 17971 rss: 154Mb L: 35/64 MS: 1 EraseBytes-
#54045	REDUCE cov: 519 ft: 1618 corp: 305/7720b lim: 65 exec/s: 18015 rss: 154Mb L: 7/64 MS: 2 CopyPart-EraseBytes-
#54276	REDUCE cov: 519 ft: 1619 corp: 306/7759b lim: 65 exec/s: 18092 rss: 154Mb L: 39/64 MS: 1 ChangeBinInt-
#54578	REDUCE cov: 519 ft: 1619 corp: 306/7758b lim: 65 exec/s: 18192 rss: 155Mb L: 10/64 MS: 2 ChangeBinInt-EraseBytes-
#54655	REDUCE cov: 519 ft: 1619 corp: 306/7757b lim: 65 exec/s: 18218 rss: 155Mb L: 17/64 MS: 2 ShuffleBytes-EraseBytes-
#55096	REDUCE cov: 519 ft: 1619 corp: 306/7750b lim: 65 exec/s: 18365 rss: 156Mb L: 43/64 MS: 1 EraseBytes-
#55144	REDUCE cov: 519 ft: 1619 corp: 306/7743b lim: 65 exec/s: 18381 rss: 156Mb L: 25/64 MS: 3 ChangeByte-ChangeBit-EraseBytes-
#55716	REDUCE cov: 519 ft: 1619 corp: 306/7739b lim: 65 exec/s: 18572 rss: 157Mb L: 27/64 MS: 2 ChangeByte-EraseBytes-
#55989	REDUCE cov: 519 ft: 1619 corp: 306/7733b lim: 65 exec/s: 18663 rss: 157Mb L: 35/64 MS: 3 InsertByte-InsertRepeatedBytes-EraseBytes-
#56211	REDUCE cov: 519 ft: 1619 corp: 306/7731b lim: 65 exec/s: 18737 rss: 158Mb L: 30/64 MS: 2 ChangeBinInt-EraseBytes-
#56323	REDUCE cov: 519 ft: 1619 corp: 306/7730b lim: 65 exec/s: 18774 rss: 158Mb L: 12/64 MS: 2 CopyPart-EraseBytes-
#56484	REDUCE cov: 519 ft: 1619 corp: 306/7725b lim: 65 exec/s: 18828 rss: 158Mb L: 22/64 MS: 1 EraseBytes-
#56816	REDUCE cov: 519 ft: 1619 corp: 306/7722b lim: 65 exec/s: 18938 rss: 159Mb L: 14/64 MS: 2 PersAutoDict-EraseBytes- DE: "\001\200"-
#57042	REDUCE cov: 519 ft: 1619 corp: 306/7709b lim: 65 exec/s: 19014 rss: 159Mb L: 22/64 MS: 1 EraseBytes-
#57084	REDUCE cov: 519 ft: 1619 corp: 306/7707b lim: 65 exec/s: 19028 rss: 159Mb L: 9/64 MS: 2 ShuffleBytes-EraseBytes-
#57106	REDUCE cov: 519 ft: 1619 corp: 306/7702b lim: 65 exec/s: 19035 rss: 159Mb L: 12/64 MS: 2 InsertByte-EraseBytes-
#57163	NEW    cov: 519 ft: 1622 corp: 307/7760b lim: 65 exec/s: 19054 rss: 159Mb L: 58/64 MS: 2 EraseBytes-InsertRepeatedBytes-
#57218	REDUCE cov: 519 ft: 1625 corp: 308/7787b lim: 65 exec/s: 19072 rss: 160Mb L: 27/64 MS: 5 ChangeByte-ChangeBinInt-ChangeBinInt-CopyPart-CrossOver-
#57324	REDUCE cov: 519 ft: 1625 corp: 308/7785b lim: 65 exec/s: 19108 rss: 160Mb L: 6/64 MS: 1 EraseBytes-
#57352	REDUCE cov: 519 ft: 1625 corp: 308/7784b lim: 65 exec/s: 19117 rss: 160Mb L: 21/64 MS: 3 ChangeBinInt-ChangeByte-EraseBytes-
#57546	NEW    cov: 519 ft: 1627 corp: 309/7841b lim: 65 exec/s: 19182 rss: 160Mb L: 57/64 MS: 4 ChangeBinInt-ChangeByte-ChangeByte-CopyPart-
#57627	REDUCE cov: 519 ft: 1627 corp: 309/7840b lim: 65 exec/s: 19209 rss: 160Mb L: 9/64 MS: 1 EraseBytes-
#57800	REDUCE cov: 519 ft: 1627 corp: 309/7836b lim: 65 exec/s: 19266 rss: 161Mb L: 19/64 MS: 3 CopyPart-ChangeBinInt-EraseBytes-
#57889	NEW    cov: 519 ft: 1631 corp: 310/7897b lim: 65 exec/s: 19296 rss: 161Mb L: 61/64 MS: 4 InsertByte-CopyPart-CMP-CopyPart- DE: "\377m"-
#57916	REDUCE cov: 519 ft: 1631 corp: 310/7893b lim: 65 exec/s: 19305 rss: 161Mb L: 26/64 MS: 2 ChangeByte-EraseBytes-
#58068	REDUCE cov: 519 ft: 1631 corp: 310/7891b lim: 65 exec/s: 19356 rss: 161Mb L: 33/64 MS: 2 InsertByte-EraseBytes-
#58071	REDUCE cov: 519 ft: 1631 corp: 310/7889b lim: 65 exec/s: 19357 rss: 161Mb L: 16/64 MS: 3 EraseBytes-ShuffleBytes-InsertByte-
#58342	REDUCE cov: 519 ft: 1631 corp: 310/7888b lim: 65 exec/s: 19447 rss: 162Mb L: 4/64 MS: 1 EraseBytes-
#58539	REDUCE cov: 519 ft: 1631 corp: 310/7886b lim: 65 exec/s: 19513 rss: 162Mb L: 26/64 MS: 2 CopyPart-EraseBytes-
#58731	REDUCE cov: 519 ft: 1631 corp: 310/7883b lim: 65 exec/s: 19577 rss: 162Mb L: 11/64 MS: 2 PersAutoDict-EraseBytes- DE: "\000\017"-
#58857	REDUCE cov: 519 ft: 1665 corp: 311/7948b lim: 65 exec/s: 19619 rss: 163Mb L: 65/65 MS: 1 InsertRepeatedBytes-
#58903	REDUCE cov: 519 ft: 1665 corp: 311/7947b lim: 65 exec/s: 19634 rss: 163Mb L: 36/65 MS: 1 EraseBytes-
#58909	REDUCE cov: 519 ft: 1665 corp: 311/7945b lim: 65 exec/s: 19636 rss: 163Mb L: 5/65 MS: 1 EraseBytes-
#59216	REDUCE cov: 519 ft: 1665 corp: 311/7943b lim: 65 exec/s: 19738 rss: 163Mb L: 18/65 MS: 2 EraseBytes-InsertByte-
#59387	REDUCE cov: 519 ft: 1665 corp: 311/7942b lim: 65 exec/s: 19795 rss: 164Mb L: 13/65 MS: 1 EraseBytes-
#59599	REDUCE cov: 519 ft: 1665 corp: 311/7935b lim: 65 exec/s: 19866 rss: 164Mb L: 47/65 MS: 2 InsertRepeatedBytes-EraseBytes-
#59811	NEW    cov: 519 ft: 1668 corp: 312/7970b lim: 65 exec/s: 19937 rss: 164Mb L: 35/65 MS: 2 ChangeBit-CopyPart-
#59948	NEW    cov: 519 ft: 1670 corp: 313/8030b lim: 65 exec/s: 19982 rss: 165Mb L: 60/65 MS: 2 CopyPart-PersAutoDict- DE: "\001\000\377\375"-
#60217	REDUCE cov: 519 ft: 1672 corp: 314/8084b lim: 65 exec/s: 20072 rss: 165Mb L: 54/65 MS: 4 ChangeByte-ChangeByte-ChangeBit-CrossOver-
#60815	REDUCE cov: 519 ft: 1672 corp: 314/8080b lim: 65 exec/s: 20271 rss: 166Mb L: 5/65 MS: 3 CrossOver-EraseBytes-EraseBytes-
#60854	REDUCE cov: 519 ft: 1672 corp: 314/8074b lim: 65 exec/s: 20284 rss: 166Mb L: 15/65 MS: 4 EraseBytes-ChangeBit-InsertByte-ChangeByte-
#60922	REDUCE cov: 519 ft: 1672 corp: 314/8071b lim: 65 exec/s: 20307 rss: 166Mb L: 22/65 MS: 3 ChangeBit-EraseBytes-CopyPart-
#61073	REDUCE cov: 519 ft: 1672 corp: 314/8070b lim: 65 exec/s: 20357 rss: 167Mb L: 8/65 MS: 1 EraseBytes-
#61528	REDUCE cov: 519 ft: 1672 corp: 314/8069b lim: 65 exec/s: 20509 rss: 168Mb L: 56/65 MS: 5 ChangeBit-CopyPart-CrossOver-PersAutoDict-EraseBytes- DE: "\001\000\377\375"-
#61640	NEW    cov: 519 ft: 1674 corp: 315/8129b lim: 65 exec/s: 20546 rss: 168Mb L: 60/65 MS: 2 ChangeByte-CopyPart-
#61908	REDUCE cov: 519 ft: 1674 corp: 315/8127b lim: 65 exec/s: 20636 rss: 168Mb L: 36/65 MS: 3 ShuffleBytes-ChangeBinInt-CrossOver-
#62294	REDUCE cov: 519 ft: 1674 corp: 315/8126b lim: 65 exec/s: 20764 rss: 169Mb L: 11/65 MS: 1 EraseBytes-
#62630	REDUCE cov: 519 ft: 1674 corp: 315/8125b lim: 65 exec/s: 20876 rss: 170Mb L: 6/65 MS: 1 EraseBytes-
#62716	REDUCE cov: 519 ft: 1674 corp: 315/8124b lim: 65 exec/s: 20905 rss: 170Mb L: 4/65 MS: 1 EraseBytes-
#62868	REDUCE cov: 519 ft: 1674 corp: 315/8116b lim: 65 exec/s: 20956 rss: 170Mb L: 39/65 MS: 2 InsertByte-EraseBytes-
#62872	REDUCE cov: 519 ft: 1674 corp: 315/8115b lim: 65 exec/s: 20957 rss: 170Mb L: 4/65 MS: 4 ChangeByte-CMP-ShuffleBytes-EraseBytes- DE: "\200\000"-
#63073	REDUCE cov: 519 ft: 1674 corp: 315/8113b lim: 65 exec/s: 21024 rss: 170Mb L: 6/65 MS: 1 EraseBytes-
#63166	REDUCE cov: 519 ft: 1674 corp: 315/8106b lim: 65 exec/s: 21055 rss: 171Mb L: 37/65 MS: 3 CopyPart-ChangeBit-EraseBytes-
#63259	REDUCE cov: 519 ft: 1674 corp: 315/8104b lim: 65 exec/s: 21086 rss: 171Mb L: 43/65 MS: 3 EraseBytes-ChangeBinInt-InsertByte-
#63276	REDUCE cov: 519 ft: 1674 corp: 315/8102b lim: 65 exec/s: 21092 rss: 171Mb L: 3/65 MS: 2 CrossOver-EraseBytes-
#63412	REDUCE cov: 519 ft: 1674 corp: 315/8100b lim: 65 exec/s: 21137 rss: 171Mb L: 38/65 MS: 1 EraseBytes-
#63737	REDUCE cov: 519 ft: 1674 corp: 315/8098b lim: 65 exec/s: 21245 rss: 172Mb L: 62/65 MS: 5 ChangeBinInt-CMP-EraseBytes-InsertByte-CrossOver- DE: "\001\000\000\000"-
#63876	REDUCE cov: 522 ft: 1677 corp: 316/8141b lim: 65 exec/s: 21292 rss: 172Mb L: 43/65 MS: 4 ChangeByte-InsertByte-ShuffleBytes-CrossOver-
#63889	REDUCE cov: 522 ft: 1677 corp: 316/8140b lim: 65 exec/s: 21296 rss: 172Mb L: 58/65 MS: 3 CrossOver-CopyPart-EraseBytes-
#64390	REDUCE cov: 522 ft: 1683 corp: 317/8182b lim: 65 exec/s: 21463 rss: 173Mb L: 42/65 MS: 1 CopyPart-
#64401	REDUCE cov: 522 ft: 1683 corp: 317/8175b lim: 65 exec/s: 21467 rss: 173Mb L: 53/65 MS: 1 EraseBytes-
#64437	NEW    cov: 522 ft: 1691 corp: 318/8239b lim: 65 exec/s: 21479 rss: 173Mb L: 64/65 MS: 1 CopyPart-
#64493	REDUCE cov: 522 ft: 1691 corp: 318/8238b lim: 65 exec/s: 21497 rss: 173Mb L: 4/65 MS: 1 EraseBytes-
#64557	REDUCE cov: 522 ft: 1691 corp: 318/8235b lim: 65 exec/s: 21519 rss: 173Mb L: 18/65 MS: 4 ChangeBit-EraseBytes-CMP-CopyPart- DE: "\377\377\377\015"-
#64584	REDUCE cov: 522 ft: 1692 corp: 319/8299b lim: 65 exec/s: 21528 rss: 173Mb L: 64/65 MS: 2 PersAutoDict-CopyPart- DE: "\001\200"-
#64681	REDUCE cov: 522 ft: 1692 corp: 319/8295b lim: 65 exec/s: 21560 rss: 174Mb L: 25/65 MS: 2 ChangeBit-EraseBytes-
#64722	NEW    cov: 522 ft: 1693 corp: 320/8355b lim: 65 exec/s: 21574 rss: 174Mb L: 60/65 MS: 1 InsertByte-
#64728	REDUCE cov: 522 ft: 1693 corp: 320/8353b lim: 65 exec/s: 21576 rss: 174Mb L: 6/65 MS: 1 EraseBytes-
#64839	REDUCE cov: 522 ft: 1693 corp: 320/8352b lim: 65 exec/s: 21613 rss: 174Mb L: 11/65 MS: 1 EraseBytes-
#64989	REDUCE cov: 522 ft: 1693 corp: 320/8350b lim: 65 exec/s: 21663 rss: 174Mb L: 39/65 MS: 5 ShuffleBytes-CMP-CMP-EraseBytes-ChangeBit- DE: "\001\000\000\000\000\000\000\012"-"\005\000\000\000\000\000\000\000"-
#65031	REDUCE cov: 522 ft: 1695 corp: 321/8414b lim: 65 exec/s: 21677 rss: 174Mb L: 64/65 MS: 2 PersAutoDict-CopyPart- DE: "\377\377\377\377\377\377\377\013"-
#65102	REDUCE cov: 522 ft: 1695 corp: 321/8412b lim: 65 exec/s: 21700 rss: 174Mb L: 12/65 MS: 1 EraseBytes-
#65170	REDUCE cov: 522 ft: 1695 corp: 321/8410b lim: 65 exec/s: 21723 rss: 174Mb L: 43/65 MS: 3 ShuffleBytes-ChangeByte-EraseBytes-
#65223	NEW    cov: 522 ft: 1697 corp: 322/8474b lim: 65 exec/s: 21741 rss: 175Mb L: 64/65 MS: 3 ChangeBit-ShuffleBytes-ShuffleBytes-
#65319	REDUCE cov: 522 ft: 1697 corp: 322/8470b lim: 65 exec/s: 21773 rss: 175Mb L: 11/65 MS: 1 EraseBytes-
#65345	REDUCE cov: 522 ft: 1697 corp: 322/8458b lim: 65 exec/s: 21781 rss: 175Mb L: 52/65 MS: 1 EraseBytes-
#65501	REDUCE cov: 522 ft: 1697 corp: 322/8457b lim: 65 exec/s: 21833 rss: 175Mb L: 6/65 MS: 1 EraseBytes-
#65536	pulse  cov: 522 ft: 1697 corp: 322/8457b lim: 65 exec/s: 21845 rss: 175Mb
#65574	REDUCE cov: 522 ft: 1697 corp: 322/8456b lim: 65 exec/s: 21858 rss: 175Mb L: 7/65 MS: 3 EraseBytes-ChangeByte-ChangeBit-
#65804	REDUCE cov: 522 ft: 1698 corp: 323/8519b lim: 65 exec/s: 21934 rss: 176Mb L: 63/65 MS: 5 ChangeBit-ChangeByte-ChangeByte-CrossOver-CopyPart-
#66051	REDUCE cov: 522 ft: 1698 corp: 323/8518b lim: 65 exec/s: 22017 rss: 176Mb L: 7/65 MS: 2 PersAutoDict-EraseBytes- DE: "1\000\000\000\000\000\000\000"-
#66255	REDUCE cov: 522 ft: 1698 corp: 323/8508b lim: 65 exec/s: 22085 rss: 176Mb L: 23/65 MS: 4 InsertByte-InsertByte-PersAutoDict-EraseBytes- DE: "\204\000"-
#66271	REDUCE cov: 522 ft: 1698 corp: 323/8506b lim: 65 exec/s: 22090 rss: 177Mb L: 9/65 MS: 1 EraseBytes-
#66420	REDUCE cov: 522 ft: 1700 corp: 324/8568b lim: 65 exec/s: 22140 rss: 177Mb L: 62/65 MS: 4 ShuffleBytes-InsertByte-ChangeASCIIInt-InsertRepeatedBytes-
#66582	REDUCE cov: 522 ft: 1700 corp: 324/8564b lim: 65 exec/s: 22194 rss: 177Mb L: 17/65 MS: 2 ShuffleBytes-EraseBytes-
#66643	REDUCE cov: 522 ft: 1700 corp: 324/8559b lim: 65 exec/s: 22214 rss: 177Mb L: 21/65 MS: 1 EraseBytes-
#66869	REDUCE cov: 522 ft: 1700 corp: 324/8552b lim: 65 exec/s: 22289 rss: 178Mb L: 40/65 MS: 1 EraseBytes-
#66906	REDUCE cov: 522 ft: 1700 corp: 324/8547b lim: 65 exec/s: 22302 rss: 178Mb L: 30/65 MS: 2 ChangeBit-EraseBytes-
#67002	REDUCE cov: 522 ft: 1702 corp: 325/8570b lim: 65 exec/s: 22334 rss: 178Mb L: 23/65 MS: 1 CopyPart-
#67021	REDUCE cov: 522 ft: 1702 corp: 325/8567b lim: 65 exec/s: 22340 rss: 178Mb L: 18/65 MS: 4 CopyPart-PersAutoDict-EraseBytes-EraseBytes- DE: "\003\000\000\000\000\000\000\000"-
#67029	REDUCE cov: 522 ft: 1702 corp: 325/8555b lim: 65 exec/s: 22343 rss: 178Mb L: 7/65 MS: 3 EraseBytes-CrossOver-EraseBytes-
#67147	REDUCE cov: 522 ft: 1702 corp: 325/8554b lim: 65 exec/s: 22382 rss: 178Mb L: 34/65 MS: 3 InsertByte-InsertRepeatedBytes-EraseBytes-
#67578	REDUCE cov: 522 ft: 1702 corp: 325/8551b lim: 65 exec/s: 16894 rss: 179Mb L: 32/65 MS: 1 EraseBytes-
#67634	REDUCE cov: 522 ft: 1702 corp: 325/8550b lim: 65 exec/s: 16908 rss: 179Mb L: 10/65 MS: 1 EraseBytes-
#67710	REDUCE cov: 522 ft: 1702 corp: 325/8548b lim: 65 exec/s: 16927 rss: 179Mb L: 9/65 MS: 1 EraseBytes-
#67746	REDUCE cov: 522 ft: 1702 corp: 325/8543b lim: 65 exec/s: 16936 rss: 179Mb L: 58/65 MS: 1 EraseBytes-
#67772	REDUCE cov: 522 ft: 1702 corp: 325/8541b lim: 65 exec/s: 16943 rss: 179Mb L: 20/65 MS: 1 EraseBytes-
#68029	REDUCE cov: 522 ft: 1702 corp: 325/8540b lim: 65 exec/s: 17007 rss: 182Mb L: 31/65 MS: 2 ChangeBit-EraseBytes-
#68395	REDUCE cov: 522 ft: 1702 corp: 325/8539b lim: 65 exec/s: 17098 rss: 182Mb L: 41/65 MS: 1 EraseBytes-
#68521	REDUCE cov: 522 ft: 1708 corp: 326/8602b lim: 65 exec/s: 17130 rss: 183Mb L: 63/65 MS: 1 CopyPart-
#68771	REDUCE cov: 522 ft: 1708 corp: 326/8594b lim: 65 exec/s: 17192 rss: 183Mb L: 28/65 MS: 5 ChangeBinInt-ChangeByte-ChangeASCIIInt-InsertByte-EraseBytes-
#68912	REDUCE cov: 522 ft: 1708 corp: 326/8593b lim: 65 exec/s: 17228 rss: 183Mb L: 30/65 MS: 1 EraseBytes-
#68954	REDUCE cov: 522 ft: 1708 corp: 326/8590b lim: 65 exec/s: 17238 rss: 183Mb L: 7/65 MS: 2 ChangeByte-EraseBytes-
#68986	REDUCE cov: 522 ft: 1708 corp: 326/8589b lim: 65 exec/s: 17246 rss: 183Mb L: 21/65 MS: 2 ChangeByte-EraseBytes-
#69351	REDUCE cov: 526 ft: 1712 corp: 327/8631b lim: 65 exec/s: 17337 rss: 184Mb L: 42/65 MS: 5 ShuffleBytes-ChangeByte-CopyPart-InsertRepeatedBytes-CrossOver-
#69467	REDUCE cov: 526 ft: 1712 corp: 327/8627b lim: 65 exec/s: 17366 rss: 184Mb L: 18/65 MS: 1 EraseBytes-
#69505	REDUCE cov: 526 ft: 1712 corp: 327/8626b lim: 65 exec/s: 17376 rss: 184Mb L: 61/65 MS: 3 ChangeByte-ChangeBit-EraseBytes-
#69616	REDUCE cov: 526 ft: 1712 corp: 327/8624b lim: 65 exec/s: 17404 rss: 185Mb L: 43/65 MS: 1 EraseBytes-
#69702	REDUCE cov: 526 ft: 1712 corp: 327/8615b lim: 65 exec/s: 17425 rss: 185Mb L: 18/65 MS: 1 EraseBytes-
#69708	REDUCE cov: 526 ft: 1712 corp: 327/8613b lim: 65 exec/s: 17427 rss: 185Mb L: 20/65 MS: 1 EraseBytes-
#69960	REDUCE cov: 526 ft: 1712 corp: 327/8600b lim: 65 exec/s: 17490 rss: 185Mb L: 30/65 MS: 2 CopyPart-EraseBytes-
#70127	REDUCE cov: 526 ft: 1713 corp: 328/8662b lim: 65 exec/s: 17531 rss: 186Mb L: 62/65 MS: 2 ChangeByte-CopyPart-
#70195	REDUCE cov: 526 ft: 1713 corp: 328/8659b lim: 65 exec/s: 17548 rss: 186Mb L: 17/65 MS: 3 EraseBytes-ChangeByte-CopyPart-
#70361	REDUCE cov: 526 ft: 1713 corp: 328/8658b lim: 65 exec/s: 17590 rss: 186Mb L: 60/65 MS: 1 EraseBytes-
#70446	REDUCE cov: 526 ft: 1713 corp: 328/8656b lim: 65 exec/s: 17611 rss: 186Mb L: 24/65 MS: 5 ChangeBinInt-ChangeBit-ChangeBinInt-ShuffleBytes-EraseBytes-
#70454	REDUCE cov: 526 ft: 1713 corp: 328/8653b lim: 65 exec/s: 17613 rss: 186Mb L: 10/65 MS: 3 ShuffleBytes-ChangeBit-EraseBytes-
#70481	REDUCE cov: 526 ft: 1713 corp: 328/8652b lim: 65 exec/s: 17620 rss: 186Mb L: 3/65 MS: 2 ShuffleBytes-EraseBytes-
#70514	REDUCE cov: 526 ft: 1713 corp: 328/8646b lim: 65 exec/s: 17628 rss: 186Mb L: 12/65 MS: 3 ChangeASCIIInt-ChangeBinInt-EraseBytes-
#70770	REDUCE cov: 526 ft: 1713 corp: 328/8645b lim: 65 exec/s: 17692 rss: 187Mb L: 34/65 MS: 1 EraseBytes-
#70987	REDUCE cov: 526 ft: 1713 corp: 328/8642b lim: 65 exec/s: 17746 rss: 187Mb L: 18/65 MS: 2 ChangeBit-EraseBytes-
#71004	REDUCE cov: 526 ft: 1713 corp: 328/8641b lim: 65 exec/s: 17751 rss: 187Mb L: 12/65 MS: 2 ChangeBit-EraseBytes-
#71050	REDUCE cov: 526 ft: 1713 corp: 328/8640b lim: 65 exec/s: 17762 rss: 188Mb L: 5/65 MS: 1 EraseBytes-
#71162	REDUCE cov: 526 ft: 1713 corp: 328/8638b lim: 65 exec/s: 17790 rss: 188Mb L: 15/65 MS: 2 PersAutoDict-EraseBytes- DE: "g\000"-
#71549	REDUCE cov: 526 ft: 1713 corp: 328/8633b lim: 65 exec/s: 17887 rss: 189Mb L: 35/65 MS: 2 PersAutoDict-CrossOver- DE: "\377\377\377\015"-
#71571	REDUCE cov: 526 ft: 1713 corp: 328/8623b lim: 65 exec/s: 17892 rss: 189Mb L: 43/65 MS: 2 ChangeBit-EraseBytes-
#71672	REDUCE cov: 526 ft: 1713 corp: 328/8618b lim: 65 exec/s: 17918 rss: 189Mb L: 28/65 MS: 1 EraseBytes-
#71784	REDUCE cov: 526 ft: 1713 corp: 328/8616b lim: 65 exec/s: 17946 rss: 189Mb L: 19/65 MS: 2 PersAutoDict-EraseBytes- DE: "g\000"-
#71865	REDUCE cov: 526 ft: 1713 corp: 328/8605b lim: 65 exec/s: 17966 rss: 189Mb L: 47/65 MS: 1 EraseBytes-
#71976	REDUCE cov: 526 ft: 1713 corp: 328/8601b lim: 65 exec/s: 17994 rss: 189Mb L: 25/65 MS: 1 EraseBytes-
#72117	REDUCE cov: 526 ft: 1713 corp: 328/8599b lim: 65 exec/s: 18029 rss: 190Mb L: 41/65 MS: 1 EraseBytes-
#72482	REDUCE cov: 526 ft: 1715 corp: 329/8663b lim: 65 exec/s: 18120 rss: 190Mb L: 64/65 MS: 5 ChangeBinInt-InsertRepeatedBytes-CopyPart-CrossOver-InsertByte-
#72692	REDUCE cov: 526 ft: 1715 corp: 329/8650b lim: 65 exec/s: 18173 rss: 191Mb L: 34/65 MS: 5 ChangeByte-ChangeBit-InsertByte-CopyPart-EraseBytes-
#72760	REDUCE cov: 526 ft: 1715 corp: 329/8648b lim: 65 exec/s: 18190 rss: 191Mb L: 4/65 MS: 3 CMP-EraseBytes-ChangeBinInt- DE: "M\000\000\000"-
#72989	REDUCE cov: 526 ft: 1715 corp: 329/8647b lim: 65 exec/s: 18247 rss: 191Mb L: 29/65 MS: 4 ChangeByte-InsertByte-ChangeBinInt-EraseBytes-
#73041	REDUCE cov: 526 ft: 1715 corp: 329/8643b lim: 65 exec/s: 18260 rss: 191Mb L: 7/65 MS: 2 CrossOver-EraseBytes-
#73073	REDUCE cov: 526 ft: 1715 corp: 329/8642b lim: 65 exec/s: 18268 rss: 191Mb L: 6/65 MS: 2 ChangeByte-EraseBytes-
#73104	REDUCE cov: 526 ft: 1715 corp: 329/8641b lim: 65 exec/s: 18276 rss: 191Mb L: 8/65 MS: 1 EraseBytes-
#73252	REDUCE cov: 526 ft: 1715 corp: 329/8635b lim: 65 exec/s: 18313 rss: 192Mb L: 36/65 MS: 3 ChangeBit-ChangeBinInt-EraseBytes-
#73378	REDUCE cov: 526 ft: 1715 corp: 329/8632b lim: 65 exec/s: 18344 rss: 192Mb L: 29/65 MS: 1 EraseBytes-
#73479	REDUCE cov: 526 ft: 1715 corp: 329/8631b lim: 65 exec/s: 18369 rss: 192Mb L: 2/65 MS: 1 EraseBytes-
#73505	REDUCE cov: 526 ft: 1715 corp: 329/8626b lim: 65 exec/s: 18376 rss: 192Mb L: 38/65 MS: 1 EraseBytes-
#73531	REDUCE cov: 526 ft: 1715 corp: 329/8619b lim: 65 exec/s: 18382 rss: 192Mb L: 11/65 MS: 1 EraseBytes-
#73547	REDUCE cov: 526 ft: 1715 corp: 329/8618b lim: 65 exec/s: 18386 rss: 192Mb L: 3/65 MS: 1 EraseBytes-
#73918	REDUCE cov: 526 ft: 1715 corp: 329/8616b lim: 65 exec/s: 18479 rss: 193Mb L: 7/65 MS: 1 EraseBytes-
#74255	REDUCE cov: 526 ft: 1715 corp: 329/8612b lim: 65 exec/s: 18563 rss: 193Mb L: 53/65 MS: 2 InsertByte-EraseBytes-
#74278	REDUCE cov: 526 ft: 1715 corp: 329/8610b lim: 65 exec/s: 18569 rss: 194Mb L: 6/65 MS: 3 CopyPart-ChangeBit-EraseBytes-
#74288	REDUCE cov: 526 ft: 1715 corp: 329/8609b lim: 65 exec/s: 18572 rss: 194Mb L: 38/65 MS: 5 CopyPart-CMP-PersAutoDict-ChangeByte-EraseBytes- DE: "\000\000\000P"-"g\000"-
#74344	REDUCE cov: 526 ft: 1715 corp: 329/8608b lim: 65 exec/s: 18586 rss: 194Mb L: 18/65 MS: 1 EraseBytes-
#74385	REDUCE cov: 526 ft: 1715 corp: 329/8605b lim: 65 exec/s: 18596 rss: 194Mb L: 27/65 MS: 1 EraseBytes-
#74446	REDUCE cov: 526 ft: 1715 corp: 329/8604b lim: 65 exec/s: 18611 rss: 194Mb L: 2/65 MS: 1 EraseBytes-
#74578	REDUCE cov: 526 ft: 1715 corp: 329/8600b lim: 65 exec/s: 18644 rss: 194Mb L: 35/65 MS: 2 ShuffleBytes-EraseBytes-
#74835	REDUCE cov: 526 ft: 1717 corp: 330/8664b lim: 65 exec/s: 18708 rss: 195Mb L: 64/65 MS: 2 PersAutoDict-CopyPart- DE: "g\000"-
#74846	REDUCE cov: 526 ft: 1717 corp: 330/8659b lim: 65 exec/s: 18711 rss: 195Mb L: 29/65 MS: 1 EraseBytes-
#74985	NEW    cov: 526 ft: 1718 corp: 331/8724b lim: 65 exec/s: 18746 rss: 195Mb L: 65/65 MS: 4 CrossOver-ChangeByte-CopyPart-CrossOver-
#75004	REDUCE cov: 526 ft: 1718 corp: 331/8709b lim: 65 exec/s: 18751 rss: 195Mb L: 20/65 MS: 4 EraseBytes-EraseBytes-ChangeByte-CopyPart-
#75010	REDUCE cov: 526 ft: 1718 corp: 331/8706b lim: 65 exec/s: 18752 rss: 195Mb L: 22/65 MS: 1 EraseBytes-
#75011	REDUCE cov: 526 ft: 1718 corp: 331/8698b lim: 65 exec/s: 18752 rss: 195Mb L: 33/65 MS: 1 EraseBytes-
#75054	REDUCE cov: 526 ft: 1718 corp: 331/8697b lim: 65 exec/s: 18763 rss: 195Mb L: 2/65 MS: 3 InsertByte-ChangeBinInt-EraseBytes-
#75110	REDUCE cov: 526 ft: 1718 corp: 331/8694b lim: 65 exec/s: 18777 rss: 195Mb L: 4/65 MS: 1 EraseBytes-
#75691	REDUCE cov: 526 ft: 1718 corp: 331/8693b lim: 65 exec/s: 18922 rss: 196Mb L: 5/65 MS: 1 EraseBytes-
#75702	REDUCE cov: 526 ft: 1718 corp: 331/8690b lim: 65 exec/s: 18925 rss: 196Mb L: 12/65 MS: 1 EraseBytes-
#75728	REDUCE cov: 526 ft: 1718 corp: 331/8688b lim: 65 exec/s: 18932 rss: 196Mb L: 32/65 MS: 1 EraseBytes-
#75934	REDUCE cov: 526 ft: 1718 corp: 331/8686b lim: 65 exec/s: 18983 rss: 197Mb L: 25/65 MS: 1 EraseBytes-
#76046	REDUCE cov: 526 ft: 1718 corp: 331/8675b lim: 65 exec/s: 19011 rss: 197Mb L: 47/65 MS: 2 CopyPart-EraseBytes-
#76242	REDUCE cov: 526 ft: 1718 corp: 331/8674b lim: 65 exec/s: 19060 rss: 197Mb L: 18/65 MS: 1 EraseBytes-
#76384	REDUCE cov: 526 ft: 1718 corp: 331/8673b lim: 65 exec/s: 19096 rss: 198Mb L: 25/65 MS: 2 EraseBytes-ChangeBit-
#76387	REDUCE cov: 526 ft: 1718 corp: 331/8671b lim: 65 exec/s: 19096 rss: 198Mb L: 21/65 MS: 3 InsertByte-ShuffleBytes-EraseBytes-
#76453	NEW    cov: 526 ft: 1720 corp: 332/8730b lim: 65 exec/s: 19113 rss: 198Mb L: 59/65 MS: 1 CopyPart-
#76670	REDUCE cov: 526 ft: 1720 corp: 332/8727b lim: 65 exec/s: 19167 rss: 198Mb L: 41/65 MS: 2 InsertByte-EraseBytes-
#76682	REDUCE cov: 526 ft: 1720 corp: 332/8714b lim: 65 exec/s: 19170 rss: 198Mb L: 22/65 MS: 2 ChangeByte-EraseBytes-
#76793	REDUCE cov: 526 ft: 1720 corp: 332/8713b lim: 65 exec/s: 19198 rss: 198Mb L: 16/65 MS: 1 CrossOver-
#76824	REDUCE cov: 526 ft: 1720 corp: 332/8710b lim: 65 exec/s: 19206 rss: 198Mb L: 23/65 MS: 1 EraseBytes-
#76895	REDUCE cov: 526 ft: 1720 corp: 332/8709b lim: 65 exec/s: 19223 rss: 199Mb L: 6/65 MS: 1 EraseBytes-
#76932	REDUCE cov: 526 ft: 1720 corp: 332/8708b lim: 65 exec/s: 19233 rss: 199Mb L: 35/65 MS: 2 CopyPart-EraseBytes-
#77023	REDUCE cov: 526 ft: 1720 corp: 332/8707b lim: 65 exec/s: 19255 rss: 199Mb L: 9/65 MS: 1 EraseBytes-
#77214	REDUCE cov: 526 ft: 1720 corp: 332/8700b lim: 65 exec/s: 19303 rss: 199Mb L: 21/65 MS: 1 EraseBytes-
#77295	REDUCE cov: 526 ft: 1720 corp: 332/8699b lim: 65 exec/s: 19323 rss: 199Mb L: 16/65 MS: 1 CrossOver-
#77391	REDUCE cov: 526 ft: 1720 corp: 332/8697b lim: 65 exec/s: 19347 rss: 200Mb L: 8/65 MS: 1 EraseBytes-
#77639	REDUCE cov: 526 ft: 1720 corp: 332/8695b lim: 65 exec/s: 19409 rss: 200Mb L: 5/65 MS: 3 ChangeBit-ShuffleBytes-EraseBytes-
#77666	REDUCE cov: 526 ft: 1720 corp: 332/8690b lim: 65 exec/s: 19416 rss: 200Mb L: 40/65 MS: 2 ShuffleBytes-EraseBytes-
#77831	NEW    cov: 526 ft: 1722 corp: 333/8755b lim: 65 exec/s: 19457 rss: 200Mb L: 65/65 MS: 5 InsertByte-ChangeBit-ChangeByte-InsertRepeatedBytes-ShuffleBytes-
#78007	REDUCE cov: 526 ft: 1722 corp: 333/8744b lim: 65 exec/s: 19501 rss: 201Mb L: 18/65 MS: 1 EraseBytes-
#78019	REDUCE cov: 526 ft: 1722 corp: 333/8741b lim: 65 exec/s: 19504 rss: 201Mb L: 40/65 MS: 2 InsertRepeatedBytes-EraseBytes-
#78095	REDUCE cov: 526 ft: 1722 corp: 333/8740b lim: 65 exec/s: 19523 rss: 201Mb L: 20/65 MS: 1 EraseBytes-
#78176	REDUCE cov: 526 ft: 1722 corp: 333/8735b lim: 65 exec/s: 19544 rss: 201Mb L: 21/65 MS: 1 EraseBytes-
#78183	REDUCE cov: 526 ft: 1722 corp: 333/8734b lim: 65 exec/s: 19545 rss: 201Mb L: 23/65 MS: 2 ChangeBit-EraseBytes-
#78479	REDUCE cov: 526 ft: 1722 corp: 333/8730b lim: 65 exec/s: 19619 rss: 202Mb L: 8/65 MS: 1 EraseBytes-
#78551	REDUCE cov: 526 ft: 1722 corp: 333/8725b lim: 65 exec/s: 19637 rss: 202Mb L: 22/65 MS: 2 ChangeBinInt-EraseBytes-
#78802	REDUCE cov: 526 ft: 1722 corp: 333/8724b lim: 65 exec/s: 19700 rss: 202Mb L: 26/65 MS: 1 EraseBytes-
#78978	REDUCE cov: 526 ft: 1722 corp: 333/8723b lim: 65 exec/s: 19744 rss: 203Mb L: 29/65 MS: 1 EraseBytes-
#79001	REDUCE cov: 526 ft: 1722 corp: 333/8719b lim: 65 exec/s: 19750 rss: 203Mb L: 17/65 MS: 3 ShuffleBytes-CopyPart-EraseBytes-
#79057	REDUCE cov: 526 ft: 1722 corp: 333/8718b lim: 65 exec/s: 19764 rss: 203Mb L: 10/65 MS: 1 EraseBytes-
#79068	REDUCE cov: 526 ft: 1722 corp: 333/8712b lim: 65 exec/s: 19767 rss: 203Mb L: 10/65 MS: 1 EraseBytes-
#79159	REDUCE cov: 526 ft: 1722 corp: 333/8711b lim: 65 exec/s: 19789 rss: 203Mb L: 25/65 MS: 1 EraseBytes-
#79275	NEW    cov: 526 ft: 1723 corp: 334/8775b lim: 65 exec/s: 19818 rss: 203Mb L: 64/65 MS: 1 CopyPart-
#79372	REDUCE cov: 526 ft: 1723 corp: 334/8773b lim: 65 exec/s: 19843 rss: 203Mb L: 4/65 MS: 2 ChangeByte-EraseBytes-
#79393	REDUCE cov: 526 ft: 1723 corp: 334/8763b lim: 65 exec/s: 19848 rss: 204Mb L: 40/65 MS: 1 EraseBytes-
#79410	NEW    cov: 526 ft: 1726 corp: 335/8828b lim: 65 exec/s: 19852 rss: 204Mb L: 65/65 MS: 2 ChangeBinInt-CopyPart-
#79422	REDUCE cov: 526 ft: 1726 corp: 335/8823b lim: 65 exec/s: 19855 rss: 204Mb L: 26/65 MS: 2 ChangeASCIIInt-EraseBytes-
#79498	REDUCE cov: 526 ft: 1726 corp: 335/8822b lim: 65 exec/s: 19874 rss: 204Mb L: 11/65 MS: 1 EraseBytes-
#79750	REDUCE cov: 526 ft: 1726 corp: 335/8816b lim: 65 exec/s: 19937 rss: 204Mb L: 34/65 MS: 2 CopyPart-EraseBytes-
#79801	REDUCE cov: 526 ft: 1726 corp: 335/8815b lim: 65 exec/s: 19950 rss: 204Mb L: 15/65 MS: 1 EraseBytes-
#79912	NEW    cov: 526 ft: 1727 corp: 336/8880b lim: 65 exec/s: 19978 rss: 205Mb L: 65/65 MS: 1 CopyPart-
#80465	REDUCE cov: 526 ft: 1727 corp: 336/8876b lim: 65 exec/s: 20116 rss: 206Mb L: 21/65 MS: 3 ShuffleBytes-CrossOver-EraseBytes-
#80646	REDUCE cov: 526 ft: 1727 corp: 336/8875b lim: 65 exec/s: 20161 rss: 206Mb L: 33/65 MS: 1 EraseBytes-
#80747	REDUCE cov: 526 ft: 1727 corp: 336/8874b lim: 65 exec/s: 20186 rss: 206Mb L: 3/65 MS: 1 EraseBytes-
#80865	REDUCE cov: 526 ft: 1727 corp: 336/8870b lim: 65 exec/s: 20216 rss: 206Mb L: 36/65 MS: 3 ChangeBit-CrossOver-EraseBytes-
#80924	REDUCE cov: 526 ft: 1727 corp: 336/8866b lim: 65 exec/s: 20231 rss: 207Mb L: 36/65 MS: 4 ChangeBinInt-ChangeByte-ChangeBit-EraseBytes-
#81092	REDUCE cov: 526 ft: 1727 corp: 336/8863b lim: 65 exec/s: 20273 rss: 207Mb L: 20/65 MS: 3 ChangeBit-EraseBytes-CopyPart-
#81333	REDUCE cov: 526 ft: 1727 corp: 336/8859b lim: 65 exec/s: 20333 rss: 207Mb L: 31/65 MS: 1 EraseBytes-
#81596	REDUCE cov: 526 ft: 1727 corp: 336/8854b lim: 65 exec/s: 20399 rss: 208Mb L: 19/65 MS: 3 ChangeASCIIInt-CopyPart-EraseBytes-
#81618	REDUCE cov: 526 ft: 1727 corp: 336/8849b lim: 65 exec/s: 20404 rss: 208Mb L: 14/65 MS: 2 CMP-EraseBytes- DE: "\015\000"-
#81733	NEW    cov: 526 ft: 1728 corp: 337/8914b lim: 65 exec/s: 20433 rss: 208Mb L: 65/65 MS: 5 InsertRepeatedBytes-InsertByte-ChangeByte-ShuffleBytes-ChangeByte-
#81834	REDUCE cov: 526 ft: 1728 corp: 337/8913b lim: 65 exec/s: 20458 rss: 208Mb L: 4/65 MS: 1 EraseBytes-
#81845	REDUCE cov: 526 ft: 1728 corp: 337/8911b lim: 65 exec/s: 20461 rss: 208Mb L: 54/65 MS: 1 EraseBytes-
#81896	REDUCE cov: 526 ft: 1728 corp: 337/8908b lim: 65 exec/s: 20474 rss: 208Mb L: 14/65 MS: 1 EraseBytes-
#81912	REDUCE cov: 526 ft: 1728 corp: 337/8907b lim: 65 exec/s: 20478 rss: 209Mb L: 10/65 MS: 1 EraseBytes-
#81998	REDUCE cov: 526 ft: 1728 corp: 337/8906b lim: 65 exec/s: 20499 rss: 209Mb L: 27/65 MS: 1 EraseBytes-
#82042	REDUCE cov: 526 ft: 1731 corp: 338/8967b lim: 65 exec/s: 20510 rss: 209Mb L: 61/65 MS: 4 InsertByte-ChangeBit-PersAutoDict-CrossOver- DE: "\001\200"-
#82138	REDUCE cov: 526 ft: 1731 corp: 338/8964b lim: 65 exec/s: 20534 rss: 209Mb L: 11/65 MS: 1 EraseBytes-
#82204	REDUCE cov: 526 ft: 1731 corp: 338/8961b lim: 65 exec/s: 20551 rss: 209Mb L: 17/65 MS: 1 EraseBytes-
#82500	REDUCE cov: 526 ft: 1731 corp: 338/8960b lim: 65 exec/s: 20625 rss: 210Mb L: 33/65 MS: 1 EraseBytes-
#82542	REDUCE cov: 526 ft: 1731 corp: 338/8946b lim: 65 exec/s: 20635 rss: 210Mb L: 30/65 MS: 2 ChangeBit-EraseBytes-
#83064	REDUCE cov: 526 ft: 1731 corp: 338/8944b lim: 65 exec/s: 20766 rss: 211Mb L: 10/65 MS: 2 ChangeBit-EraseBytes-
#83129	REDUCE cov: 526 ft: 1731 corp: 338/8943b lim: 65 exec/s: 20782 rss: 211Mb L: 9/65 MS: 5 InsertByte-ChangeBinInt-EraseBytes-ChangeBit-ChangeByte-
#83285	REDUCE cov: 526 ft: 1731 corp: 338/8942b lim: 65 exec/s: 20821 rss: 211Mb L: 4/65 MS: 1 EraseBytes-
#83347	REDUCE cov: 526 ft: 1731 corp: 338/8936b lim: 65 exec/s: 20836 rss: 211Mb L: 28/65 MS: 2 EraseBytes-CopyPart-
#83508	REDUCE cov: 526 ft: 1731 corp: 338/8934b lim: 65 exec/s: 20877 rss: 212Mb L: 21/65 MS: 1 EraseBytes-
#83954	REDUCE cov: 526 ft: 1731 corp: 338/8932b lim: 65 exec/s: 20988 rss: 212Mb L: 12/65 MS: 1 EraseBytes-
#84045	NEW    cov: 526 ft: 1733 corp: 339/8991b lim: 65 exec/s: 21011 rss: 213Mb L: 59/65 MS: 1 CopyPart-
#84101	REDUCE cov: 526 ft: 1733 corp: 339/8990b lim: 65 exec/s: 21025 rss: 213Mb L: 44/65 MS: 1 EraseBytes-
#84372	NEW    cov: 526 ft: 1735 corp: 340/9053b lim: 65 exec/s: 21093 rss: 213Mb L: 63/65 MS: 1 CopyPart-
#84424	REDUCE cov: 526 ft: 1736 corp: 341/9117b lim: 65 exec/s: 21106 rss: 213Mb L: 64/65 MS: 2 CopyPart-CopyPart-
#84605	REDUCE cov: 526 ft: 1736 corp: 341/9111b lim: 65 exec/s: 21151 rss: 214Mb L: 12/65 MS: 1 EraseBytes-
#84777	REDUCE cov: 526 ft: 1736 corp: 341/9109b lim: 65 exec/s: 21194 rss: 214Mb L: 8/65 MS: 2 CrossOver-EraseBytes-
#84922	REDUCE cov: 526 ft: 1736 corp: 341/9105b lim: 65 exec/s: 21230 rss: 215Mb L: 32/65 MS: 5 InsertByte-ChangeBinInt-CrossOver-ChangeBit-EraseBytes-
#85108	NEW    cov: 526 ft: 1739 corp: 342/9170b lim: 65 exec/s: 17021 rss: 215Mb L: 65/65 MS: 1 ChangeBit-
#85207	REDUCE cov: 526 ft: 1739 corp: 342/9168b lim: 65 exec/s: 17041 rss: 215Mb L: 19/65 MS: 4 ChangeBit-InsertByte-ChangeBit-EraseBytes-
#85208	REDUCE cov: 526 ft: 1739 corp: 342/9165b lim: 65 exec/s: 17041 rss: 215Mb L: 62/65 MS: 1 EraseBytes-
#85359	REDUCE cov: 526 ft: 1739 corp: 342/9154b lim: 65 exec/s: 17071 rss: 216Mb L: 53/65 MS: 1 EraseBytes-
#85431	REDUCE cov: 526 ft: 1739 corp: 342/9152b lim: 65 exec/s: 17086 rss: 216Mb L: 50/65 MS: 2 EraseBytes-CopyPart-
#85462	REDUCE cov: 526 ft: 1739 corp: 342/9146b lim: 65 exec/s: 17092 rss: 216Mb L: 6/65 MS: 1 EraseBytes-
#85592	REDUCE cov: 526 ft: 1739 corp: 342/9136b lim: 65 exec/s: 17118 rss: 216Mb L: 28/65 MS: 5 CopyPart-ChangeBit-PersAutoDict-ChangeByte-EraseBytes- DE: "\003\000\000\000\000\000\000\000"-
#85783	REDUCE cov: 526 ft: 1739 corp: 342/9132b lim: 65 exec/s: 17156 rss: 218Mb L: 27/65 MS: 1 EraseBytes-
#86249	REDUCE cov: 526 ft: 1739 corp: 342/9130b lim: 65 exec/s: 17249 rss: 219Mb L: 26/65 MS: 1 EraseBytes-
#86274	REDUCE cov: 526 ft: 1739 corp: 342/9125b lim: 65 exec/s: 17254 rss: 219Mb L: 32/65 MS: 5 ChangeByte-InsertByte-EraseBytes-ShuffleBytes-CopyPart-
#86465	REDUCE cov: 526 ft: 1739 corp: 342/9124b lim: 65 exec/s: 17293 rss: 220Mb L: 61/65 MS: 1 EraseBytes-
#86486	REDUCE cov: 526 ft: 1739 corp: 342/9111b lim: 65 exec/s: 17297 rss: 220Mb L: 50/65 MS: 1 EraseBytes-
#86492	REDUCE cov: 526 ft: 1739 corp: 342/9110b lim: 65 exec/s: 17298 rss: 220Mb L: 42/65 MS: 1 EraseBytes-
#86578	REDUCE cov: 526 ft: 1739 corp: 342/9107b lim: 65 exec/s: 17315 rss: 220Mb L: 26/65 MS: 1 EraseBytes-
#87335	REDUCE cov: 526 ft: 1739 corp: 342/9106b lim: 71 exec/s: 17467 rss: 221Mb L: 32/65 MS: 2 InsertByte-EraseBytes-
#87445	REDUCE cov: 526 ft: 1739 corp: 342/9102b lim: 71 exec/s: 17489 rss: 221Mb L: 14/65 MS: 5 CMP-InsertByte-ShuffleBytes-CopyPart-EraseBytes- DE: "\205\000\000\000"-
#87462	REDUCE cov: 526 ft: 1739 corp: 342/9101b lim: 71 exec/s: 17492 rss: 222Mb L: 22/65 MS: 2 ChangeBit-EraseBytes-
#87528	NEW    cov: 526 ft: 1745 corp: 343/9172b lim: 71 exec/s: 17505 rss: 222Mb L: 71/71 MS: 1 CopyPart-
#87754	REDUCE cov: 526 ft: 1745 corp: 343/9168b lim: 71 exec/s: 17550 rss: 222Mb L: 46/71 MS: 1 EraseBytes-
#87972	REDUCE cov: 526 ft: 1745 corp: 343/9160b lim: 71 exec/s: 17594 rss: 223Mb L: 42/71 MS: 3 InsertByte-InsertRepeatedBytes-EraseBytes-
#88172	REDUCE cov: 526 ft: 1745 corp: 343/9158b lim: 71 exec/s: 17634 rss: 223Mb L: 10/71 MS: 5 ChangeBinInt-InsertByte-CMP-ChangeBinInt-EraseBytes- DE: "]\000\000\000"-
#88345	REDUCE cov: 526 ft: 1745 corp: 343/9148b lim: 71 exec/s: 17669 rss: 223Mb L: 54/71 MS: 3 InsertByte-ChangeBinInt-EraseBytes-
#88401	REDUCE cov: 526 ft: 1745 corp: 343/9141b lim: 71 exec/s: 17680 rss: 223Mb L: 54/71 MS: 1 EraseBytes-
#88453	REDUCE cov: 526 ft: 1745 corp: 343/9139b lim: 71 exec/s: 17690 rss: 224Mb L: 18/71 MS: 2 CopyPart-EraseBytes-
#88519	REDUCE cov: 526 ft: 1745 corp: 343/9134b lim: 71 exec/s: 17703 rss: 224Mb L: 56/71 MS: 1 EraseBytes-
#88687	REDUCE cov: 526 ft: 1745 corp: 343/9129b lim: 71 exec/s: 17737 rss: 224Mb L: 37/71 MS: 3 ChangeASCIIInt-InsertByte-EraseBytes-
#89020	REDUCE cov: 526 ft: 1745 corp: 343/9126b lim: 71 exec/s: 17804 rss: 225Mb L: 12/71 MS: 3 ChangeBinInt-ChangeByte-EraseBytes-
#89111	REDUCE cov: 526 ft: 1745 corp: 343/9124b lim: 71 exec/s: 17822 rss: 225Mb L: 27/71 MS: 1 EraseBytes-
#89125	REDUCE cov: 526 ft: 1745 corp: 343/9117b lim: 71 exec/s: 17825 rss: 225Mb L: 27/71 MS: 4 ShuffleBytes-ChangeBit-ChangeByte-EraseBytes-
#89297	REDUCE cov: 526 ft: 1745 corp: 343/9115b lim: 71 exec/s: 17859 rss: 225Mb L: 2/71 MS: 2 EraseBytes-ChangeByte-
#89654	REDUCE cov: 526 ft: 1745 corp: 343/9113b lim: 71 exec/s: 17930 rss: 226Mb L: 15/71 MS: 2 ChangeBit-EraseBytes-
#89714	REDUCE cov: 526 ft: 1745 corp: 343/9112b lim: 71 exec/s: 17942 rss: 226Mb L: 22/71 MS: 5 ShuffleBytes-ChangeASCIIInt-ChangeByte-ShuffleBytes-EraseBytes-
#89821	REDUCE cov: 526 ft: 1745 corp: 343/9111b lim: 71 exec/s: 17964 rss: 226Mb L: 3/71 MS: 2 EraseBytes-ShuffleBytes-
#89962	REDUCE cov: 526 ft: 1745 corp: 343/9107b lim: 71 exec/s: 17992 rss: 226Mb L: 7/71 MS: 1 EraseBytes-
#90026	REDUCE cov: 526 ft: 1745 corp: 343/9101b lim: 71 exec/s: 18005 rss: 226Mb L: 13/71 MS: 4 ChangeBinInt-CMP-ChangeByte-EraseBytes- DE: "\001\000\377\375"-
#90114	REDUCE cov: 526 ft: 1745 corp: 343/9094b lim: 71 exec/s: 18022 rss: 227Mb L: 58/71 MS: 3 ChangeByte-ChangeBit-EraseBytes-
#90320	REDUCE cov: 526 ft: 1745 corp: 343/9089b lim: 71 exec/s: 18064 rss: 227Mb L: 30/71 MS: 1 EraseBytes-
#90871	REDUCE cov: 526 ft: 1745 corp: 343/9087b lim: 71 exec/s: 18174 rss: 228Mb L: 18/71 MS: 1 EraseBytes-
#90953	REDUCE cov: 526 ft: 1745 corp: 343/9085b lim: 71 exec/s: 18190 rss: 229Mb L: 16/71 MS: 2 ChangeByte-EraseBytes-
#91104	REDUCE cov: 526 ft: 1745 corp: 343/9084b lim: 71 exec/s: 18220 rss: 229Mb L: 22/71 MS: 1 EraseBytes-
#91126	REDUCE cov: 526 ft: 1745 corp: 343/9082b lim: 71 exec/s: 18225 rss: 229Mb L: 33/71 MS: 2 ShuffleBytes-EraseBytes-
#91287	REDUCE cov: 526 ft: 1745 corp: 343/9080b lim: 71 exec/s: 18257 rss: 229Mb L: 25/71 MS: 1 EraseBytes-
#91853	REDUCE cov: 526 ft: 1745 corp: 343/9077b lim: 71 exec/s: 18370 rss: 230Mb L: 16/71 MS: 1 EraseBytes-
#92005	REDUCE cov: 526 ft: 1745 corp: 343/9076b lim: 71 exec/s: 18401 rss: 230Mb L: 26/71 MS: 2 ShuffleBytes-EraseBytes-
#92022	REDUCE cov: 526 ft: 1745 corp: 343/9074b lim: 71 exec/s: 18404 rss: 231Mb L: 16/71 MS: 2 ChangeBinInt-EraseBytes-
#92065	REDUCE cov: 526 ft: 1745 corp: 343/9073b lim: 71 exec/s: 18413 rss: 231Mb L: 31/71 MS: 3 EraseBytes-ChangeBit-ShuffleBytes-
#92204	REDUCE cov: 526 ft: 1745 corp: 343/9072b lim: 71 exec/s: 18440 rss: 231Mb L: 4/71 MS: 4 InsertByte-ShuffleBytes-InsertByte-EraseBytes-
#92495	REDUCE cov: 526 ft: 1749 corp: 344/9142b lim: 71 exec/s: 18499 rss: 232Mb L: 70/71 MS: 1 CopyPart-
#92606	REDUCE cov: 526 ft: 1749 corp: 344/9139b lim: 71 exec/s: 18521 rss: 232Mb L: 11/71 MS: 1 EraseBytes-
#92887	REDUCE cov: 526 ft: 1749 corp: 344/9138b lim: 71 exec/s: 18577 rss: 232Mb L: 18/71 MS: 1 EraseBytes-
#93052	REDUCE cov: 526 ft: 1749 corp: 344/9130b lim: 71 exec/s: 18610 rss: 233Mb L: 50/71 MS: 5 ShuffleBytes-ShuffleBytes-CopyPart-CopyPart-EraseBytes-
#93123	REDUCE cov: 526 ft: 1749 corp: 344/9129b lim: 71 exec/s: 18624 rss: 233Mb L: 23/71 MS: 1 EraseBytes-
#93159	REDUCE cov: 526 ft: 1749 corp: 344/9126b lim: 71 exec/s: 18631 rss: 233Mb L: 34/71 MS: 1 EraseBytes-
#93228	REDUCE cov: 526 ft: 1749 corp: 344/9121b lim: 71 exec/s: 18645 rss: 233Mb L: 49/71 MS: 4 InsertByte-EraseBytes-CopyPart-CopyPart-
#93684	REDUCE cov: 526 ft: 1749 corp: 344/9119b lim: 71 exec/s: 18736 rss: 234Mb L: 39/71 MS: 1 EraseBytes-
#93735	REDUCE cov: 526 ft: 1749 corp: 344/9105b lim: 71 exec/s: 18747 rss: 234Mb L: 22/71 MS: 1 EraseBytes-
#93761	REDUCE cov: 526 ft: 1749 corp: 344/9104b lim: 71 exec/s: 18752 rss: 234Mb L: 21/71 MS: 1 EraseBytes-
#93793	REDUCE cov: 526 ft: 1749 corp: 344/9103b lim: 71 exec/s: 18758 rss: 234Mb L: 20/71 MS: 2 ChangeByte-EraseBytes-
#93914	REDUCE cov: 526 ft: 1749 corp: 344/9101b lim: 71 exec/s: 18782 rss: 234Mb L: 6/71 MS: 1 EraseBytes-
#94005	REDUCE cov: 526 ft: 1749 corp: 344/9098b lim: 71 exec/s: 18801 rss: 235Mb L: 17/71 MS: 1 EraseBytes-
#94297	REDUCE cov: 526 ft: 1749 corp: 344/9095b lim: 71 exec/s: 18859 rss: 235Mb L: 30/71 MS: 2 ChangeBit-EraseBytes-
#94328	REDUCE cov: 526 ft: 1749 corp: 344/9091b lim: 71 exec/s: 18865 rss: 235Mb L: 34/71 MS: 1 EraseBytes-
#94954	REDUCE cov: 526 ft: 1749 corp: 344/9089b lim: 77 exec/s: 18990 rss: 236Mb L: 25/71 MS: 1 EraseBytes-
#95065	REDUCE cov: 526 ft: 1749 corp: 344/9084b lim: 77 exec/s: 19013 rss: 236Mb L: 49/71 MS: 1 EraseBytes-
#95161	REDUCE cov: 526 ft: 1749 corp: 344/9083b lim: 77 exec/s: 19032 rss: 237Mb L: 51/71 MS: 1 EraseBytes-
#95198	REDUCE cov: 526 ft: 1749 corp: 344/9081b lim: 77 exec/s: 19039 rss: 237Mb L: 30/71 MS: 2 EraseBytes-InsertByte-
#95284	REDUCE cov: 526 ft: 1749 corp: 344/9078b lim: 77 exec/s: 19056 rss: 237Mb L: 22/71 MS: 1 EraseBytes-
#95518	REDUCE cov: 526 ft: 1749 corp: 344/9074b lim: 77 exec/s: 19103 rss: 238Mb L: 14/71 MS: 4 ChangeByte-ChangeBinInt-EraseBytes-CopyPart-
#95979	REDUCE cov: 526 ft: 1749 corp: 344/9067b lim: 77 exec/s: 19195 rss: 239Mb L: 46/71 MS: 1 EraseBytes-
#96163	REDUCE cov: 526 ft: 1752 corp: 345/9138b lim: 77 exec/s: 19232 rss: 239Mb L: 71/71 MS: 4 InsertRepeatedBytes-CrossOver-ChangeBinInt-CopyPart-
#96390	REDUCE cov: 526 ft: 1752 corp: 345/9137b lim: 77 exec/s: 19278 rss: 239Mb L: 22/71 MS: 2 InsertByte-EraseBytes-
#96461	REDUCE cov: 526 ft: 1752 corp: 345/9136b lim: 77 exec/s: 19292 rss: 240Mb L: 38/71 MS: 1 EraseBytes-
#97057	REDUCE cov: 526 ft: 1752 corp: 345/9134b lim: 77 exec/s: 19411 rss: 241Mb L: 29/71 MS: 1 EraseBytes-
#97148	REDUCE cov: 526 ft: 1752 corp: 345/9133b lim: 77 exec/s: 19429 rss: 241Mb L: 41/71 MS: 1 EraseBytes-
#97210	REDUCE cov: 526 ft: 1752 corp: 345/9132b lim: 77 exec/s: 19442 rss: 241Mb L: 7/71 MS: 2 ChangeBit-EraseBytes-
#97229	REDUCE cov: 526 ft: 1755 corp: 346/9192b lim: 77 exec/s: 19445 rss: 241Mb L: 60/71 MS: 4 ChangeBinInt-CopyPart-ChangeBit-CopyPart-
#97386	REDUCE cov: 526 ft: 1755 corp: 346/9191b lim: 77 exec/s: 19477 rss: 241Mb L: 25/71 MS: 2 CopyPart-EraseBytes-
#97688	NEW    cov: 526 ft: 1757 corp: 347/9267b lim: 77 exec/s: 19537 rss: 242Mb L: 76/76 MS: 2 ChangeBinInt-CopyPart-
#97725	REDUCE cov: 526 ft: 1757 corp: 347/9265b lim: 77 exec/s: 19545 rss: 242Mb L: 23/76 MS: 2 ShuffleBytes-EraseBytes-
#97921	REDUCE cov: 526 ft: 1761 corp: 348/9337b lim: 77 exec/s: 19584 rss: 242Mb L: 72/76 MS: 1 CopyPart-
#97962	REDUCE cov: 526 ft: 1761 corp: 348/9334b lim: 77 exec/s: 19592 rss: 243Mb L: 20/76 MS: 1 EraseBytes-
#98443	REDUCE cov: 526 ft: 1761 corp: 348/9322b lim: 77 exec/s: 19688 rss: 244Mb L: 48/76 MS: 1 EraseBytes-
#98829	REDUCE cov: 526 ft: 1761 corp: 348/9321b lim: 77 exec/s: 19765 rss: 244Mb L: 34/76 MS: 1 EraseBytes-
#98865	REDUCE cov: 526 ft: 1761 corp: 348/9318b lim: 77 exec/s: 19773 rss: 244Mb L: 39/76 MS: 1 EraseBytes-
#98999	REDUCE cov: 526 ft: 1761 corp: 348/9307b lim: 77 exec/s: 19799 rss: 245Mb L: 23/76 MS: 4 ShuffleBytes-InsertByte-ChangeByte-EraseBytes-
#99306	REDUCE cov: 526 ft: 1762 corp: 349/9365b lim: 77 exec/s: 19861 rss: 245Mb L: 58/76 MS: 2 CopyPart-CopyPart-
#99348	REDUCE cov: 526 ft: 1762 corp: 349/9364b lim: 77 exec/s: 19869 rss: 245Mb L: 44/76 MS: 2 CrossOver-EraseBytes-
#99401	REDUCE cov: 526 ft: 1762 corp: 349/9356b lim: 77 exec/s: 19880 rss: 246Mb L: 19/76 MS: 3 InsertRepeatedBytes-EraseBytes-EraseBytes-
#99452	REDUCE cov: 526 ft: 1762 corp: 349/9349b lim: 77 exec/s: 19890 rss: 246Mb L: 51/76 MS: 1 EraseBytes-
#99821	REDUCE cov: 526 ft: 1762 corp: 349/9347b lim: 77 exec/s: 19964 rss: 247Mb L: 8/76 MS: 4 EraseBytes-ChangeByte-ShuffleBytes-CopyPart-
#100147	REDUCE cov: 526 ft: 1762 corp: 349/9346b lim: 77 exec/s: 20029 rss: 247Mb L: 36/76 MS: 1 EraseBytes-
#100418	REDUCE cov: 526 ft: 1762 corp: 349/9342b lim: 77 exec/s: 20083 rss: 248Mb L: 10/76 MS: 1 EraseBytes-
#100568	NEW    cov: 526 ft: 1766 corp: 350/9419b lim: 77 exec/s: 20113 rss: 248Mb L: 77/77 MS: 5 InsertRepeatedBytes-CrossOver-ShuffleBytes-CopyPart-CopyPart-
#100582	REDUCE cov: 526 ft: 1768 corp: 351/9481b lim: 77 exec/s: 20116 rss: 248Mb L: 62/77 MS: 4 ChangeBinInt-PersAutoDict-InsertRepeatedBytes-CopyPart- DE: "\000\000\000P"-
#100638	REDUCE cov: 526 ft: 1768 corp: 351/9480b lim: 77 exec/s: 20127 rss: 248Mb L: 49/77 MS: 1 EraseBytes-
#100754	REDUCE cov: 526 ft: 1768 corp: 351/9469b lim: 77 exec/s: 20150 rss: 248Mb L: 22/77 MS: 1 EraseBytes-
#100822	REDUCE cov: 526 ft: 1768 corp: 351/9467b lim: 77 exec/s: 20164 rss: 249Mb L: 18/77 MS: 3 ChangeBinInt-CopyPart-EraseBytes-
#100988	REDUCE cov: 526 ft: 1768 corp: 351/9463b lim: 77 exec/s: 20197 rss: 249Mb L: 37/77 MS: 1 EraseBytes-
#101179	REDUCE cov: 526 ft: 1768 corp: 351/9455b lim: 77 exec/s: 20235 rss: 249Mb L: 19/77 MS: 1 EraseBytes-
#101376	REDUCE cov: 526 ft: 1793 corp: 352/9522b lim: 77 exec/s: 20275 rss: 250Mb L: 67/77 MS: 2 ChangeByte-InsertRepeatedBytes-
#101422	REDUCE cov: 526 ft: 1793 corp: 352/9521b lim: 77 exec/s: 20284 rss: 250Mb L: 5/77 MS: 1 EraseBytes-
#101963	REDUCE cov: 526 ft: 1793 corp: 352/9519b lim: 77 exec/s: 20392 rss: 251Mb L: 35/77 MS: 1 EraseBytes-
#102179	REDUCE cov: 526 ft: 1793 corp: 352/9510b lim: 77 exec/s: 20435 rss: 251Mb L: 40/77 MS: 1 EraseBytes-
#102216	REDUCE cov: 526 ft: 1793 corp: 352/9501b lim: 77 exec/s: 20443 rss: 252Mb L: 25/77 MS: 2 ChangeBit-EraseBytes-
#102330	REDUCE cov: 526 ft: 1793 corp: 352/9499b lim: 77 exec/s: 20466 rss: 252Mb L: 4/77 MS: 4 EraseBytes-InsertByte-PersAutoDict-ChangeBit- DE: "M\000\000\000"-
#102356	REDUCE cov: 526 ft: 1793 corp: 352/9498b lim: 77 exec/s: 20471 rss: 252Mb L: 21/77 MS: 1 EraseBytes-
#102788	REDUCE cov: 526 ft: 1793 corp: 352/9496b lim: 77 exec/s: 17131 rss: 253Mb L: 62/77 MS: 2 ChangeBinInt-EraseBytes-
#102889	REDUCE cov: 526 ft: 1793 corp: 352/9492b lim: 77 exec/s: 17148 rss: 253Mb L: 31/77 MS: 1 EraseBytes-
#103210	REDUCE cov: 526 ft: 1793 corp: 352/9491b lim: 77 exec/s: 17201 rss: 254Mb L: 23/77 MS: 1 EraseBytes-
#103243	REDUCE cov: 526 ft: 1793 corp: 352/9484b lim: 77 exec/s: 17207 rss: 254Mb L: 51/77 MS: 3 ChangeBit-InsertByte-EraseBytes-
#103510	REDUCE cov: 526 ft: 1793 corp: 352/9483b lim: 77 exec/s: 17251 rss: 256Mb L: 7/77 MS: 2 EraseBytes-CopyPart-
#103642	REDUCE cov: 526 ft: 1793 corp: 352/9469b lim: 77 exec/s: 17273 rss: 256Mb L: 50/77 MS: 2 CopyPart-EraseBytes-
#104628	REDUCE cov: 526 ft: 1793 corp: 352/9468b lim: 83 exec/s: 17438 rss: 258Mb L: 23/77 MS: 1 EraseBytes-
#104650	REDUCE cov: 526 ft: 1793 corp: 352/9466b lim: 83 exec/s: 17441 rss: 258Mb L: 28/77 MS: 2 CrossOver-EraseBytes-
#104656	NEW    cov: 526 ft: 1794 corp: 353/9537b lim: 83 exec/s: 17442 rss: 258Mb L: 71/77 MS: 1 ChangeByte-
#105112	REDUCE cov: 526 ft: 1794 corp: 353/9535b lim: 83 exec/s: 17518 rss: 259Mb L: 41/77 MS: 1 EraseBytes-
#105182	REDUCE cov: 526 ft: 1794 corp: 353/9532b lim: 83 exec/s: 17530 rss: 259Mb L: 61/77 MS: 5 EraseBytes-ShuffleBytes-CMP-CopyPart-EraseBytes- DE: "\206\000"-
#105238	NEW    cov: 526 ft: 1796 corp: 354/9609b lim: 83 exec/s: 17539 rss: 259Mb L: 77/77 MS: 1 CopyPart-
#105349	REDUCE cov: 526 ft: 1796 corp: 354/9607b lim: 83 exec/s: 17558 rss: 260Mb L: 43/77 MS: 1 EraseBytes-
#105430	REDUCE cov: 526 ft: 1796 corp: 354/9605b lim: 83 exec/s: 17571 rss: 260Mb L: 24/77 MS: 1 EraseBytes-
#105674	REDUCE cov: 526 ft: 1796 corp: 354/9598b lim: 83 exec/s: 17612 rss: 260Mb L: 33/77 MS: 4 ChangeBit-ChangeBinInt-ChangeByte-EraseBytes-
#105808	REDUCE cov: 526 ft: 1796 corp: 354/9596b lim: 83 exec/s: 17634 rss: 261Mb L: 5/77 MS: 4 ShuffleBytes-PersAutoDict-ChangeBinInt-EraseBytes- DE: "\016\000"-
#106237	REDUCE cov: 526 ft: 1796 corp: 354/9595b lim: 83 exec/s: 17706 rss: 262Mb L: 70/77 MS: 4 InsertByte-ChangeBinInt-EraseBytes-ShuffleBytes-
#106403	REDUCE cov: 526 ft: 1796 corp: 354/9594b lim: 83 exec/s: 17733 rss: 262Mb L: 21/77 MS: 1 EraseBytes-
#106929	REDUCE cov: 526 ft: 1796 corp: 354/9586b lim: 83 exec/s: 17821 rss: 263Mb L: 57/77 MS: 1 EraseBytes-
#106955	REDUCE cov: 526 ft: 1796 corp: 354/9584b lim: 83 exec/s: 17825 rss: 263Mb L: 41/77 MS: 1 EraseBytes-
#107537	REDUCE cov: 526 ft: 1796 corp: 354/9582b lim: 83 exec/s: 17922 rss: 264Mb L: 51/77 MS: 2 ShuffleBytes-EraseBytes-
#107659	REDUCE cov: 526 ft: 1796 corp: 354/9571b lim: 83 exec/s: 17943 rss: 265Mb L: 12/77 MS: 2 ChangeASCIIInt-EraseBytes-
#107701	REDUCE cov: 526 ft: 1796 corp: 354/9570b lim: 83 exec/s: 17950 rss: 265Mb L: 60/77 MS: 2 InsertRepeatedBytes-EraseBytes-
#107797	REDUCE cov: 526 ft: 1796 corp: 354/9566b lim: 83 exec/s: 17966 rss: 265Mb L: 22/77 MS: 1 EraseBytes-
#107908	REDUCE cov: 526 ft: 1796 corp: 354/9563b lim: 83 exec/s: 17984 rss: 265Mb L: 10/77 MS: 1 EraseBytes-
#108264	REDUCE cov: 526 ft: 1796 corp: 354/9558b lim: 83 exec/s: 18044 rss: 266Mb L: 7/77 MS: 1 EraseBytes-
#108294	REDUCE cov: 526 ft: 1796 corp: 354/9547b lim: 83 exec/s: 18049 rss: 266Mb L: 53/77 MS: 5 ChangeBit-InsertByte-ShuffleBytes-CrossOver-EraseBytes-
#108555	REDUCE cov: 526 ft: 1796 corp: 354/9545b lim: 83 exec/s: 18092 rss: 267Mb L: 6/77 MS: 1 EraseBytes-
#108807	REDUCE cov: 526 ft: 1796 corp: 354/9544b lim: 83 exec/s: 18134 rss: 267Mb L: 26/77 MS: 2 ChangeBinInt-EraseBytes-
#108953	REDUCE cov: 526 ft: 1796 corp: 354/9533b lim: 83 exec/s: 18158 rss: 267Mb L: 59/77 MS: 1 EraseBytes-
#109139	REDUCE cov: 526 ft: 1796 corp: 354/9532b lim: 83 exec/s: 18189 rss: 268Mb L: 4/77 MS: 1 EraseBytes-
#109215	REDUCE cov: 526 ft: 1796 corp: 354/9530b lim: 83 exec/s: 18202 rss: 268Mb L: 9/77 MS: 1 EraseBytes-
#109551	REDUCE cov: 526 ft: 1796 corp: 354/9529b lim: 83 exec/s: 18258 rss: 269Mb L: 40/77 MS: 1 EraseBytes-
#109827	REDUCE cov: 526 ft: 1796 corp: 354/9527b lim: 83 exec/s: 18304 rss: 269Mb L: 27/77 MS: 1 EraseBytes-
#109953	REDUCE cov: 526 ft: 1797 corp: 355/9592b lim: 83 exec/s: 18325 rss: 269Mb L: 65/77 MS: 1 PersAutoDict- DE: "\376\377\377\377\377\377\377\377"-
#110074	REDUCE cov: 526 ft: 1797 corp: 355/9591b lim: 83 exec/s: 18345 rss: 270Mb L: 25/77 MS: 1 EraseBytes-
#110381	REDUCE cov: 526 ft: 1797 corp: 355/9590b lim: 83 exec/s: 18396 rss: 270Mb L: 10/77 MS: 2 CMP-EraseBytes- DE: "\001I"-
#110612	REDUCE cov: 526 ft: 1797 corp: 355/9561b lim: 83 exec/s: 18435 rss: 271Mb L: 33/77 MS: 1 EraseBytes-
#110698	REDUCE cov: 526 ft: 1797 corp: 355/9560b lim: 83 exec/s: 18449 rss: 271Mb L: 12/77 MS: 1 EraseBytes-
#110964	REDUCE cov: 526 ft: 1797 corp: 355/9558b lim: 83 exec/s: 18494 rss: 272Mb L: 58/77 MS: 1 EraseBytes-
#111061	REDUCE cov: 526 ft: 1797 corp: 355/9557b lim: 83 exec/s: 18510 rss: 272Mb L: 6/77 MS: 2 ShuffleBytes-EraseBytes-
#111648	REDUCE cov: 526 ft: 1797 corp: 355/9548b lim: 83 exec/s: 18608 rss: 273Mb L: 29/77 MS: 2 CrossOver-EraseBytes-
#111669	NEW    cov: 526 ft: 1799 corp: 356/9630b lim: 83 exec/s: 18611 rss: 273Mb L: 82/82 MS: 1 CopyPart-
#111690	REDUCE cov: 526 ft: 1799 corp: 356/9626b lim: 83 exec/s: 18615 rss: 273Mb L: 25/82 MS: 1 EraseBytes-
#112385	NEW    cov: 526 ft: 1801 corp: 357/9715b lim: 89 exec/s: 18730 rss: 275Mb L: 89/89 MS: 5 InsertByte-CrossOver-ChangeByte-ChangeBinInt-PersAutoDict- DE: "\377\377\377\015"-
#112521	REDUCE cov: 526 ft: 1801 corp: 357/9712b lim: 89 exec/s: 18753 rss: 275Mb L: 23/89 MS: 1 EraseBytes-
#112602	REDUCE cov: 526 ft: 1801 corp: 357/9696b lim: 89 exec/s: 18767 rss: 275Mb L: 41/89 MS: 1 EraseBytes-
#112730	NEW    cov: 526 ft: 1802 corp: 358/9785b lim: 89 exec/s: 18788 rss: 275Mb L: 89/89 MS: 3 PersAutoDict-PersAutoDict-CopyPart- DE: "\205\000\000\000"-"\000\200"-
#113016	REDUCE cov: 526 ft: 1802 corp: 358/9784b lim: 89 exec/s: 18836 rss: 276Mb L: 25/89 MS: 1 EraseBytes-
#113182	REDUCE cov: 526 ft: 1802 corp: 358/9783b lim: 89 exec/s: 18863 rss: 276Mb L: 53/89 MS: 1 EraseBytes-
#113258	REDUCE cov: 526 ft: 1802 corp: 358/9782b lim: 89 exec/s: 18876 rss: 276Mb L: 6/89 MS: 1 EraseBytes-
#113503	NEW    cov: 526 ft: 1836 corp: 359/9868b lim: 89 exec/s: 18917 rss: 277Mb L: 86/89 MS: 5 CopyPart-ChangeBit-ShuffleBytes-InsertRepeatedBytes-CopyPart-
#114224	REDUCE cov: 526 ft: 1836 corp: 359/9861b lim: 95 exec/s: 19037 rss: 278Mb L: 16/89 MS: 1 EraseBytes-
#114591	REDUCE cov: 526 ft: 1836 corp: 359/9859b lim: 95 exec/s: 19098 rss: 279Mb L: 26/89 MS: 2 ChangeBinInt-EraseBytes-
#115146	REDUCE cov: 526 ft: 1836 corp: 359/9857b lim: 95 exec/s: 19191 rss: 280Mb L: 5/89 MS: 5 ChangeBit-EraseBytes-ChangeBinInt-CopyPart-InsertByte-
#115167	REDUCE cov: 526 ft: 1836 corp: 359/9854b lim: 95 exec/s: 19194 rss: 280Mb L: 31/89 MS: 1 EraseBytes-
#115438	NEW    cov: 526 ft: 1840 corp: 360/9940b lim: 95 exec/s: 19239 rss: 281Mb L: 86/89 MS: 1 CrossOver-
#115681	NEW    cov: 526 ft: 1844 corp: 361/10027b lim: 95 exec/s: 19280 rss: 282Mb L: 87/89 MS: 3 CrossOver-InsertByte-CopyPart-
#115742	REDUCE cov: 526 ft: 1844 corp: 361/10026b lim: 95 exec/s: 19290 rss: 282Mb L: 11/89 MS: 1 EraseBytes-
#115835	REDUCE cov: 526 ft: 1844 corp: 361/10025b lim: 95 exec/s: 19305 rss: 282Mb L: 17/89 MS: 3 ChangeASCIIInt-ShuffleBytes-EraseBytes-
#115921	REDUCE cov: 526 ft: 1844 corp: 361/10023b lim: 95 exec/s: 19320 rss: 282Mb L: 18/89 MS: 1 EraseBytes-
#116012	REDUCE cov: 526 ft: 1844 corp: 361/10022b lim: 95 exec/s: 19335 rss: 282Mb L: 6/89 MS: 1 EraseBytes-
#116074	REDUCE cov: 526 ft: 1844 corp: 361/10018b lim: 95 exec/s: 19345 rss: 282Mb L: 68/89 MS: 2 ChangeBit-EraseBytes-
#116477	REDUCE cov: 526 ft: 1844 corp: 361/10015b lim: 95 exec/s: 19412 rss: 283Mb L: 68/89 MS: 3 ShuffleBytes-EraseBytes-CopyPart-
#116731	REDUCE cov: 526 ft: 1844 corp: 361/10012b lim: 95 exec/s: 19455 rss: 284Mb L: 17/89 MS: 4 ShuffleBytes-EraseBytes-ShuffleBytes-CopyPart-
#116737	REDUCE cov: 526 ft: 1844 corp: 361/10011b lim: 95 exec/s: 19456 rss: 284Mb L: 11/89 MS: 1 EraseBytes-
#116829	REDUCE cov: 526 ft: 1844 corp: 361/10005b lim: 95 exec/s: 19471 rss: 284Mb L: 27/89 MS: 2 CopyPart-EraseBytes-
#116830	REDUCE cov: 526 ft: 1844 corp: 361/10000b lim: 95 exec/s: 19471 rss: 284Mb L: 84/89 MS: 1 EraseBytes-
#117418	REDUCE cov: 526 ft: 1844 corp: 361/9996b lim: 95 exec/s: 19569 rss: 286Mb L: 45/89 MS: 3 InsertRepeatedBytes-CMP-EraseBytes- DE: "\001\000\000\000\000\000\000\000"-
#117459	REDUCE cov: 526 ft: 1844 corp: 361/9994b lim: 95 exec/s: 19576 rss: 286Mb L: 20/89 MS: 1 EraseBytes-
#117731	REDUCE cov: 526 ft: 1844 corp: 361/9990b lim: 95 exec/s: 19621 rss: 286Mb L: 37/89 MS: 2 ShuffleBytes-EraseBytes-
#117736	REDUCE cov: 526 ft: 1844 corp: 361/9987b lim: 95 exec/s: 19622 rss: 286Mb L: 41/89 MS: 5 InsertRepeatedBytes-ShuffleBytes-EraseBytes-EraseBytes-CMP- DE: "\377\377\377\377\377\377\377*"-
#118003	REDUCE cov: 526 ft: 1844 corp: 361/9985b lim: 95 exec/s: 19667 rss: 287Mb L: 14/89 MS: 2 EraseBytes-ChangeByte-
#118106	REDUCE cov: 526 ft: 1844 corp: 361/9982b lim: 95 exec/s: 19684 rss: 287Mb L: 39/89 MS: 3 ShuffleBytes-InsertRepeatedBytes-EraseBytes-
#118108	REDUCE cov: 526 ft: 1844 corp: 361/9980b lim: 95 exec/s: 19684 rss: 287Mb L: 7/89 MS: 2 EraseBytes-CopyPart-
#118129	REDUCE cov: 526 ft: 1844 corp: 361/9976b lim: 95 exec/s: 19688 rss: 287Mb L: 24/89 MS: 1 EraseBytes-
#118146	REDUCE cov: 526 ft: 1844 corp: 361/9975b lim: 95 exec/s: 19691 rss: 287Mb L: 30/89 MS: 2 ShuffleBytes-EraseBytes-
#118147	REDUCE cov: 526 ft: 1844 corp: 361/9971b lim: 95 exec/s: 19691 rss: 287Mb L: 13/89 MS: 1 EraseBytes-
#118213	REDUCE cov: 526 ft: 1844 corp: 361/9970b lim: 95 exec/s: 19702 rss: 287Mb L: 75/89 MS: 1 EraseBytes-
#118349	REDUCE cov: 526 ft: 1844 corp: 361/9969b lim: 95 exec/s: 19724 rss: 288Mb L: 9/89 MS: 1 EraseBytes-
#118360	REDUCE cov: 526 ft: 1844 corp: 361/9964b lim: 95 exec/s: 19726 rss: 288Mb L: 39/89 MS: 1 EraseBytes-
#118905	REDUCE cov: 526 ft: 1844 corp: 361/9962b lim: 95 exec/s: 16986 rss: 289Mb L: 3/89 MS: 5 CrossOver-CrossOver-EraseBytes-ShuffleBytes-CrossOver-
#119211	REDUCE cov: 526 ft: 1844 corp: 361/9961b lim: 95 exec/s: 17030 rss: 289Mb L: 11/89 MS: 1 EraseBytes-
#119277	REDUCE cov: 526 ft: 1844 corp: 361/9959b lim: 95 exec/s: 17039 rss: 290Mb L: 26/89 MS: 1 EraseBytes-
#119389	REDUCE cov: 526 ft: 1844 corp: 361/9958b lim: 95 exec/s: 17055 rss: 290Mb L: 18/89 MS: 2 ShuffleBytes-EraseBytes-
#119806	REDUCE cov: 526 ft: 1844 corp: 361/9952b lim: 95 exec/s: 17115 rss: 292Mb L: 8/89 MS: 2 PersAutoDict-EraseBytes- DE: "\001I"-
#119890	REDUCE cov: 526 ft: 1844 corp: 361/9951b lim: 95 exec/s: 17127 rss: 292Mb L: 14/89 MS: 4 InsertRepeatedBytes-ChangeBit-ChangeBit-EraseBytes-
#120062	REDUCE cov: 527 ft: 1845 corp: 362/10022b lim: 95 exec/s: 17151 rss: 293Mb L: 71/89 MS: 2 ChangeBit-CrossOver-
#120953	REDUCE cov: 529 ft: 1847 corp: 363/10055b lim: 101 exec/s: 17279 rss: 295Mb L: 33/89 MS: 1 ChangeByte-
#120984	REDUCE cov: 529 ft: 1847 corp: 363/10051b lim: 101 exec/s: 17283 rss: 295Mb L: 29/89 MS: 1 EraseBytes-
#121420	REDUCE cov: 529 ft: 1847 corp: 363/10047b lim: 101 exec/s: 17345 rss: 296Mb L: 55/89 MS: 1 EraseBytes-
#121558	NEW    cov: 529 ft: 1849 corp: 364/10140b lim: 101 exec/s: 17365 rss: 296Mb L: 93/93 MS: 3 EraseBytes-CrossOver-CrossOver-
#121879	REDUCE cov: 529 ft: 1849 corp: 364/10135b lim: 101 exec/s: 17411 rss: 297Mb L: 15/93 MS: 1 EraseBytes-
#121896	REDUCE cov: 529 ft: 1849 corp: 364/10134b lim: 101 exec/s: 17413 rss: 297Mb L: 25/93 MS: 2 PersAutoDict-EraseBytes- DE: "1\000\000\000\000\000\000\000"-
#121897	REDUCE cov: 529 ft: 1849 corp: 364/10132b lim: 101 exec/s: 17413 rss: 297Mb L: 4/93 MS: 1 EraseBytes-
#122224	REDUCE cov: 529 ft: 1849 corp: 364/10131b lim: 101 exec/s: 17460 rss: 298Mb L: 8/93 MS: 2 ChangeByte-EraseBytes-
#122397	REDUCE cov: 529 ft: 1849 corp: 364/10125b lim: 101 exec/s: 17485 rss: 298Mb L: 53/93 MS: 3 ChangeASCIIInt-CMP-EraseBytes- DE: "\204\000\000\000"-
#122569	NEW    cov: 529 ft: 1851 corp: 365/10223b lim: 101 exec/s: 17509 rss: 299Mb L: 98/98 MS: 2 InsertRepeatedBytes-CopyPart-
#122735	REDUCE cov: 529 ft: 1854 corp: 366/10324b lim: 101 exec/s: 17533 rss: 299Mb L: 101/101 MS: 1 CopyPart-
#122761	REDUCE cov: 529 ft: 1854 corp: 366/10321b lim: 101 exec/s: 17537 rss: 299Mb L: 24/101 MS: 1 CrossOver-
#122998	REDUCE cov: 529 ft: 1859 corp: 367/10416b lim: 101 exec/s: 17571 rss: 300Mb L: 95/101 MS: 2 CopyPart-CopyPart-
#123174	REDUCE cov: 529 ft: 1859 corp: 367/10412b lim: 101 exec/s: 17596 rss: 300Mb L: 7/101 MS: 1 EraseBytes-
#123347	REDUCE cov: 529 ft: 1859 corp: 367/10411b lim: 101 exec/s: 17621 rss: 300Mb L: 2/101 MS: 3 ChangeBit-ChangeBit-EraseBytes-
#123528	REDUCE cov: 529 ft: 1859 corp: 367/10410b lim: 101 exec/s: 17646 rss: 301Mb L: 8/101 MS: 1 EraseBytes-
#123739	REDUCE cov: 529 ft: 1859 corp: 367/10409b lim: 101 exec/s: 17677 rss: 301Mb L: 24/101 MS: 1 EraseBytes-
#123865	NEW    cov: 529 ft: 1864 corp: 368/10510b lim: 101 exec/s: 17695 rss: 302Mb L: 101/101 MS: 1 CrossOver-
#123868	REDUCE cov: 529 ft: 1864 corp: 368/10505b lim: 101 exec/s: 17695 rss: 302Mb L: 17/101 MS: 3 ChangeByte-CMP-EraseBytes- DE: "\000\000\000\000\000\000\000\000"-
#123966	REDUCE cov: 529 ft: 1864 corp: 368/10503b lim: 101 exec/s: 17709 rss: 302Mb L: 73/101 MS: 3 EraseBytes-ChangeByte-CopyPart-
#123985	REDUCE cov: 529 ft: 1864 corp: 368/10497b lim: 101 exec/s: 17712 rss: 302Mb L: 34/101 MS: 4 InsertByte-ChangeBit-ShuffleBytes-EraseBytes-
#124422	REDUCE cov: 529 ft: 1864 corp: 368/10483b lim: 101 exec/s: 17774 rss: 303Mb L: 19/101 MS: 2 ChangeBinInt-EraseBytes-
#124479	NEW    cov: 529 ft: 1865 corp: 369/10584b lim: 101 exec/s: 17782 rss: 303Mb L: 101/101 MS: 2 CopyPart-ChangeBinInt-
#124500	REDUCE cov: 529 ft: 1865 corp: 369/10578b lim: 101 exec/s: 17785 rss: 303Mb L: 13/101 MS: 1 EraseBytes-
#124785	REDUCE cov: 529 ft: 1865 corp: 369/10573b lim: 101 exec/s: 17826 rss: 304Mb L: 25/101 MS: 5 ChangeByte-InsertByte-ChangeByte-EraseBytes-ChangeByte-
#124841	REDUCE cov: 529 ft: 1872 corp: 370/10655b lim: 101 exec/s: 17834 rss: 304Mb L: 82/101 MS: 1 CopyPart-
#125277	REDUCE cov: 529 ft: 1872 corp: 370/10654b lim: 101 exec/s: 17896 rss: 305Mb L: 50/101 MS: 1 EraseBytes-
#125339	NEW    cov: 529 ft: 1877 corp: 371/10752b lim: 101 exec/s: 17905 rss: 305Mb L: 98/101 MS: 2 ChangeBit-CopyPart-
#125666	REDUCE cov: 529 ft: 1877 corp: 371/10751b lim: 101 exec/s: 17952 rss: 306Mb L: 5/101 MS: 2 ChangeBit-EraseBytes-
#125672	NEW    cov: 529 ft: 1880 corp: 372/10842b lim: 101 exec/s: 17953 rss: 306Mb L: 91/101 MS: 1 CopyPart-
#125883	REDUCE cov: 529 ft: 1880 corp: 372/10840b lim: 101 exec/s: 17983 rss: 307Mb L: 21/101 MS: 1 EraseBytes-
#126147	REDUCE cov: 529 ft: 1880 corp: 372/10837b lim: 101 exec/s: 18021 rss: 307Mb L: 81/101 MS: 4 CopyPart-ChangeBinInt-CopyPart-EraseBytes-
#126242	REDUCE cov: 529 ft: 1880 corp: 372/10836b lim: 101 exec/s: 18034 rss: 307Mb L: 31/101 MS: 5 PersAutoDict-InsertByte-ShuffleBytes-ShuffleBytes-EraseBytes- DE: "]\000\000\000"-
#126269	REDUCE cov: 529 ft: 1880 corp: 372/10835b lim: 101 exec/s: 18038 rss: 307Mb L: 24/101 MS: 2 ChangeBinInt-EraseBytes-
#126450	REDUCE cov: 529 ft: 1880 corp: 372/10830b lim: 101 exec/s: 18064 rss: 308Mb L: 19/101 MS: 1 EraseBytes-
#126876	REDUCE cov: 529 ft: 1880 corp: 372/10829b lim: 101 exec/s: 18125 rss: 309Mb L: 21/101 MS: 1 EraseBytes-
#126887	REDUCE cov: 529 ft: 1880 corp: 372/10823b lim: 101 exec/s: 18126 rss: 309Mb L: 10/101 MS: 1 EraseBytes-
#127060	NEW    cov: 529 ft: 1881 corp: 373/10922b lim: 101 exec/s: 18151 rss: 309Mb L: 99/101 MS: 3 CopyPart-ChangeBit-CopyPart-
#127091	REDUCE cov: 529 ft: 1881 corp: 373/10915b lim: 101 exec/s: 18155 rss: 309Mb L: 18/101 MS: 1 EraseBytes-
#127242	NEW    cov: 529 ft: 1882 corp: 374/11016b lim: 101 exec/s: 18177 rss: 310Mb L: 101/101 MS: 1 CopyPart-
#127324	REDUCE cov: 529 ft: 1882 corp: 374/11015b lim: 101 exec/s: 18189 rss: 310Mb L: 13/101 MS: 2 CrossOver-InsertByte-
#127576	REDUCE cov: 530 ft: 1883 corp: 375/11051b lim: 101 exec/s: 18225 rss: 311Mb L: 36/101 MS: 2 InsertByte-CrossOver-
#127677	REDUCE cov: 530 ft: 1883 corp: 375/11050b lim: 101 exec/s: 18239 rss: 311Mb L: 5/101 MS: 1 EraseBytes-
#127858	REDUCE cov: 530 ft: 1885 corp: 376/11151b lim: 101 exec/s: 18265 rss: 311Mb L: 101/101 MS: 1 CopyPart-
#128224	REDUCE cov: 530 ft: 1885 corp: 376/11147b lim: 101 exec/s: 18317 rss: 312Mb L: 18/101 MS: 1 EraseBytes-
#128320	REDUCE cov: 530 ft: 1885 corp: 376/11143b lim: 101 exec/s: 18331 rss: 313Mb L: 47/101 MS: 1 EraseBytes-
#128535	NEW    cov: 530 ft: 1895 corp: 377/11233b lim: 101 exec/s: 18362 rss: 313Mb L: 90/101 MS: 5 CopyPart-EraseBytes-InsertByte-PersAutoDict-InsertRepeatedBytes- DE: "1\000\000\000\000\000\000\000"-
#128707	REDUCE cov: 530 ft: 1895 corp: 377/11232b lim: 101 exec/s: 18386 rss: 313Mb L: 5/101 MS: 2 ShuffleBytes-EraseBytes-
#128820	REDUCE cov: 530 ft: 1895 corp: 377/11230b lim: 101 exec/s: 18402 rss: 314Mb L: 21/101 MS: 3 ChangeASCIIInt-ShuffleBytes-EraseBytes-
#128913	REDUCE cov: 530 ft: 1895 corp: 377/11217b lim: 101 exec/s: 18416 rss: 314Mb L: 86/101 MS: 3 CopyPart-CopyPart-EraseBytes-
#129161	REDUCE cov: 530 ft: 1895 corp: 377/11216b lim: 101 exec/s: 18451 rss: 315Mb L: 1/101 MS: 3 CrossOver-ShuffleBytes-EraseBytes-
#129494	REDUCE cov: 530 ft: 1895 corp: 377/11204b lim: 101 exec/s: 18499 rss: 315Mb L: 53/101 MS: 3 EraseBytes-ChangeASCIIInt-CopyPart-
#129764	REDUCE cov: 530 ft: 1895 corp: 377/11197b lim: 101 exec/s: 18537 rss: 316Mb L: 3/101 MS: 5 EraseBytes-PersAutoDict-EraseBytes-ShuffleBytes-EraseBytes- DE: "\377\377\377\377\377\377\377\377"-
#129800	REDUCE cov: 530 ft: 1895 corp: 377/11196b lim: 101 exec/s: 18542 rss: 316Mb L: 90/101 MS: 1 EraseBytes-
#129811	REDUCE cov: 530 ft: 1895 corp: 377/11186b lim: 101 exec/s: 18544 rss: 316Mb L: 26/101 MS: 1 EraseBytes-
#129823	REDUCE cov: 530 ft: 1895 corp: 377/11158b lim: 101 exec/s: 18546 rss: 316Mb L: 49/101 MS: 2 CMP-EraseBytes- DE: "\377\377\377\377\377\377\377\005"-
#130149	REDUCE cov: 530 ft: 1895 corp: 377/11156b lim: 101 exec/s: 18592 rss: 317Mb L: 19/101 MS: 1 EraseBytes-
#130276	REDUCE cov: 530 ft: 1895 corp: 377/11155b lim: 101 exec/s: 18610 rss: 317Mb L: 11/101 MS: 2 ChangeBinInt-EraseBytes-
#130483	REDUCE cov: 530 ft: 1895 corp: 377/11154b lim: 101 exec/s: 18640 rss: 318Mb L: 12/101 MS: 2 EraseBytes-PersAutoDict- DE: "\200\000"-
#130519	REDUCE cov: 530 ft: 1895 corp: 377/11150b lim: 101 exec/s: 18645 rss: 318Mb L: 20/101 MS: 1 EraseBytes-
#130750	REDUCE cov: 530 ft: 1895 corp: 377/11149b lim: 101 exec/s: 18678 rss: 318Mb L: 13/101 MS: 1 EraseBytes-
#130801	REDUCE cov: 530 ft: 1895 corp: 377/11140b lim: 101 exec/s: 18685 rss: 319Mb L: 36/101 MS: 1 EraseBytes-
#131072	pulse  cov: 530 ft: 1895 corp: 377/11140b lim: 101 exec/s: 18724 rss: 319Mb
#131158	REDUCE cov: 530 ft: 1895 corp: 377/11137b lim: 101 exec/s: 18736 rss: 320Mb L: 43/101 MS: 2 CrossOver-EraseBytes-
#131280	REDUCE cov: 530 ft: 1896 corp: 378/11237b lim: 101 exec/s: 18754 rss: 320Mb L: 100/101 MS: 2 ChangeBinInt-CopyPart-
#131566	REDUCE cov: 530 ft: 1896 corp: 378/11235b lim: 101 exec/s: 18795 rss: 321Mb L: 20/101 MS: 1 EraseBytes-
#131997	REDUCE cov: 530 ft: 1896 corp: 378/11232b lim: 101 exec/s: 18856 rss: 321Mb L: 15/101 MS: 1 EraseBytes-
#132638	REDUCE cov: 530 ft: 1896 corp: 378/11231b lim: 107 exec/s: 18948 rss: 323Mb L: 7/101 MS: 1 EraseBytes-
#132699	REDUCE cov: 530 ft: 1896 corp: 378/11228b lim: 107 exec/s: 18957 rss: 323Mb L: 3/101 MS: 1 EraseBytes-
#133090	REDUCE cov: 530 ft: 1896 corp: 378/11227b lim: 107 exec/s: 19012 rss: 324Mb L: 64/101 MS: 1 EraseBytes-
#133139	REDUCE cov: 530 ft: 1896 corp: 378/11215b lim: 107 exec/s: 19019 rss: 325Mb L: 88/101 MS: 4 ChangeBit-InsertByte-ChangeBinInt-EraseBytes-
#133880	NEW    cov: 530 ft: 1898 corp: 379/11324b lim: 113 exec/s: 19125 rss: 326Mb L: 109/109 MS: 1 CopyPart-
#134217	REDUCE cov: 530 ft: 1898 corp: 379/11322b lim: 113 exec/s: 19173 rss: 327Mb L: 30/109 MS: 2 CMP-EraseBytes- DE: "\000\000"-
#134759	REDUCE cov: 530 ft: 1898 corp: 379/11321b lim: 113 exec/s: 19251 rss: 329Mb L: 23/109 MS: 2 InsertRepeatedBytes-EraseBytes-
#135065	REDUCE cov: 530 ft: 1898 corp: 379/11315b lim: 113 exec/s: 19295 rss: 329Mb L: 42/109 MS: 1 EraseBytes-
#135154	REDUCE cov: 530 ft: 1898 corp: 379/11314b lim: 113 exec/s: 19307 rss: 329Mb L: 89/109 MS: 4 ChangeBinInt-ChangeBinInt-EraseBytes-CMP- DE: "\001\000\000\010"-
#135557	REDUCE cov: 530 ft: 1898 corp: 379/11313b lim: 113 exec/s: 19365 rss: 330Mb L: 3/109 MS: 3 ChangeBinInt-ChangeBit-EraseBytes-
#135624	REDUCE cov: 530 ft: 1898 corp: 379/11310b lim: 113 exec/s: 19374 rss: 331Mb L: 26/109 MS: 2 PersAutoDict-EraseBytes- DE: "\204\000"-
#135690	REDUCE cov: 530 ft: 1898 corp: 379/11296b lim: 113 exec/s: 19384 rss: 331Mb L: 31/109 MS: 1 EraseBytes-
#136778	REDUCE cov: 530 ft: 1899 corp: 380/11382b lim: 119 exec/s: 17097 rss: 335Mb L: 86/109 MS: 3 InsertByte-PersAutoDict-CopyPart- DE: "\206\000"-
#136834	NEW    cov: 530 ft: 1900 corp: 381/11465b lim: 119 exec/s: 17104 rss: 335Mb L: 83/109 MS: 1 EraseBytes-
#137151	REDUCE cov: 530 ft: 1902 corp: 382/11534b lim: 119 exec/s: 17143 rss: 336Mb L: 69/109 MS: 2 CopyPart-ChangeByte-
#137667	REDUCE cov: 530 ft: 1902 corp: 382/11533b lim: 119 exec/s: 17208 rss: 337Mb L: 2/109 MS: 1 EraseBytes-
#137803	REDUCE cov: 530 ft: 1902 corp: 382/11532b lim: 119 exec/s: 17225 rss: 338Mb L: 6/109 MS: 1 EraseBytes-
#138214	REDUCE cov: 530 ft: 1902 corp: 382/11531b lim: 119 exec/s: 17276 rss: 339Mb L: 21/109 MS: 1 EraseBytes-
#138337	REDUCE cov: 530 ft: 1902 corp: 382/11530b lim: 119 exec/s: 17292 rss: 339Mb L: 30/109 MS: 3 ChangeBit-ShuffleBytes-EraseBytes-
#138627	REDUCE cov: 530 ft: 1902 corp: 382/11528b lim: 119 exec/s: 17328 rss: 340Mb L: 2/109 MS: 5 CopyPart-ShuffleBytes-ChangeBit-EraseBytes-EraseBytes-
#138696	REDUCE cov: 530 ft: 1902 corp: 382/11525b lim: 119 exec/s: 17337 rss: 340Mb L: 20/109 MS: 4 InsertByte-ChangeASCIIInt-ChangeBit-EraseBytes-
#138942	REDUCE cov: 530 ft: 1902 corp: 382/11524b lim: 119 exec/s: 17367 rss: 341Mb L: 10/109 MS: 1 EraseBytes-
#139266	NEW    cov: 530 ft: 1903 corp: 383/11632b lim: 119 exec/s: 17408 rss: 342Mb L: 108/109 MS: 4 ChangeByte-CrossOver-CrossOver-CopyPart-
#139287	REDUCE cov: 530 ft: 1903 corp: 383/11629b lim: 119 exec/s: 17410 rss: 342Mb L: 22/109 MS: 1 EraseBytes-
#139423	REDUCE cov: 530 ft: 1903 corp: 383/11627b lim: 119 exec/s: 17427 rss: 342Mb L: 13/109 MS: 1 EraseBytes-
#139537	REDUCE cov: 530 ft: 1909 corp: 384/11731b lim: 119 exec/s: 17442 rss: 342Mb L: 104/109 MS: 4 InsertByte-CrossOver-CopyPart-CrossOver-
#139759	REDUCE cov: 530 ft: 1909 corp: 384/11729b lim: 119 exec/s: 17469 rss: 343Mb L: 36/109 MS: 2 EraseBytes-InsertByte-
#139980	REDUCE cov: 530 ft: 1909 corp: 384/11718b lim: 119 exec/s: 17497 rss: 343Mb L: 15/109 MS: 1 EraseBytes-
#140342	REDUCE cov: 530 ft: 1909 corp: 384/11717b lim: 119 exec/s: 17542 rss: 344Mb L: 15/109 MS: 2 ShuffleBytes-EraseBytes-
#140503	REDUCE cov: 530 ft: 1909 corp: 384/11712b lim: 119 exec/s: 17562 rss: 345Mb L: 10/109 MS: 1 EraseBytes-
#140665	REDUCE cov: 530 ft: 1911 corp: 385/11790b lim: 119 exec/s: 17583 rss: 345Mb L: 78/109 MS: 2 CrossOver-CopyPart-
#141011	REDUCE cov: 530 ft: 1911 corp: 385/11785b lim: 119 exec/s: 17626 rss: 346Mb L: 8/109 MS: 1 EraseBytes-
#141236	REDUCE cov: 530 ft: 1911 corp: 385/11783b lim: 119 exec/s: 17654 rss: 347Mb L: 15/109 MS: 5 CrossOver-InsertByte-CMP-EraseBytes-ShuffleBytes- DE: "F\000"-
#141405	REDUCE cov: 530 ft: 1913 corp: 386/11881b lim: 119 exec/s: 17675 rss: 347Mb L: 98/109 MS: 4 PersAutoDict-CopyPart-PersAutoDict-ChangeBinInt- DE: "\376\377\377\377\377\377\377\377"-"\200\000"-
#141481	NEW    cov: 539 ft: 1939 corp: 387/11985b lim: 119 exec/s: 17685 rss: 347Mb L: 104/109 MS: 1 CopyPart-
#141668	REDUCE cov: 539 ft: 1939 corp: 387/11957b lim: 119 exec/s: 17708 rss: 348Mb L: 43/109 MS: 2 ChangeASCIIInt-EraseBytes-
#141982	REDUCE cov: 539 ft: 1939 corp: 387/11951b lim: 119 exec/s: 17747 rss: 349Mb L: 27/109 MS: 4 CrossOver-CrossOver-ShuffleBytes-EraseBytes-
#142539	REDUCE cov: 539 ft: 1939 corp: 387/11944b lim: 119 exec/s: 17817 rss: 350Mb L: 33/109 MS: 2 ChangeByte-EraseBytes-
#142610	REDUCE cov: 539 ft: 1939 corp: 387/11943b lim: 119 exec/s: 17826 rss: 351Mb L: 29/109 MS: 1 EraseBytes-
#143002	REDUCE cov: 539 ft: 1939 corp: 387/11937b lim: 119 exec/s: 17875 rss: 352Mb L: 81/109 MS: 2 ChangeBit-EraseBytes-
#143018	REDUCE cov: 539 ft: 1939 corp: 387/11936b lim: 119 exec/s: 17877 rss: 352Mb L: 28/109 MS: 1 EraseBytes-
#143082	REDUCE cov: 539 ft: 1939 corp: 387/11935b lim: 119 exec/s: 17885 rss: 352Mb L: 31/109 MS: 4 ChangeBit-CMP-EraseBytes-CMP- DE: "\027\000\000\000\000\000\000\000"-"\000\000\000\000\000\000\000\005"-
#143248	REDUCE cov: 539 ft: 1939 corp: 387/11934b lim: 119 exec/s: 17906 rss: 352Mb L: 38/109 MS: 1 EraseBytes-
#143327	REDUCE cov: 539 ft: 1939 corp: 387/11926b lim: 119 exec/s: 17915 rss: 353Mb L: 35/109 MS: 4 CopyPart-EraseBytes-ChangeBit-EraseBytes-
#143352	REDUCE cov: 539 ft: 1939 corp: 387/11917b lim: 119 exec/s: 17919 rss: 353Mb L: 45/109 MS: 5 ChangeBinInt-CopyPart-ChangeByte-ChangeBit-EraseBytes-
#143736	REDUCE cov: 539 ft: 1943 corp: 388/11958b lim: 119 exec/s: 17967 rss: 354Mb L: 41/109 MS: 4 CrossOver-CopyPart-InsertByte-CopyPart-
#143814	REDUCE cov: 539 ft: 1943 corp: 388/11957b lim: 119 exec/s: 17976 rss: 354Mb L: 7/109 MS: 3 CopyPart-CopyPart-EraseBytes-
#143892	REDUCE cov: 539 ft: 1943 corp: 388/11955b lim: 119 exec/s: 17986 rss: 354Mb L: 11/109 MS: 3 ChangeByte-EraseBytes-InsertByte-
#144389	REDUCE cov: 539 ft: 1943 corp: 388/11943b lim: 119 exec/s: 18048 rss: 356Mb L: 19/109 MS: 2 ShuffleBytes-EraseBytes-
#145122	REDUCE cov: 539 ft: 1943 corp: 388/11941b lim: 125 exec/s: 18140 rss: 358Mb L: 37/109 MS: 3 PersAutoDict-CopyPart-EraseBytes- DE: "\007\000\000\000\000\000\000\000"-
#145148	REDUCE cov: 539 ft: 1943 corp: 388/11934b lim: 125 exec/s: 18143 rss: 358Mb L: 37/109 MS: 1 EraseBytes-
#145155	NEW    cov: 539 ft: 1944 corp: 389/12056b lim: 125 exec/s: 18144 rss: 358Mb L: 122/122 MS: 2 ChangeByte-CopyPart-
#145328	REDUCE cov: 539 ft: 1944 corp: 389/12055b lim: 125 exec/s: 18166 rss: 358Mb L: 38/122 MS: 3 PersAutoDict-InsertByte-EraseBytes- DE: "S\000\000\000"-
#146023	REDUCE cov: 539 ft: 1946 corp: 390/12153b lim: 131 exec/s: 18252 rss: 360Mb L: 98/122 MS: 5 InsertByte-InsertByte-ChangeBinInt-ShuffleBytes-CopyPart-
#146066	REDUCE cov: 539 ft: 1950 corp: 391/12282b lim: 131 exec/s: 18258 rss: 360Mb L: 129/129 MS: 3 PersAutoDict-InsertRepeatedBytes-InsertRepeatedBytes- DE: "\000\000\000P"-
#146169	NEW    cov: 539 ft: 1952 corp: 392/12413b lim: 131 exec/s: 18271 rss: 360Mb L: 131/131 MS: 3 InsertRepeatedBytes-ChangeBinInt-InsertRepeatedBytes-
#146243	REDUCE cov: 539 ft: 1952 corp: 392/12409b lim: 131 exec/s: 18280 rss: 361Mb L: 60/131 MS: 4 PersAutoDict-ChangeBit-ChangeBinInt-CrossOver- DE: "\033\000"-
#146253	REDUCE cov: 539 ft: 1953 corp: 393/12539b lim: 131 exec/s: 18281 rss: 361Mb L: 130/131 MS: 5 InsertRepeatedBytes-ShuffleBytes-ChangeBinInt-CMP-InsertByte- DE: "\201\000\000\000\000\000\000\000"-
#146357	NEW    cov: 539 ft: 1955 corp: 394/12670b lim: 131 exec/s: 18294 rss: 361Mb L: 131/131 MS: 4 ChangeByte-InsertRepeatedBytes-ShuffleBytes-InsertRepeatedBytes-
#146414	REDUCE cov: 539 ft: 1955 corp: 394/12662b lim: 131 exec/s: 18301 rss: 361Mb L: 51/131 MS: 2 PersAutoDict-EraseBytes- DE: "\205\000\000\000"-
#146640	REDUCE cov: 539 ft: 1955 corp: 394/12661b lim: 131 exec/s: 18330 rss: 362Mb L: 20/131 MS: 1 EraseBytes-
#146926	REDUCE cov: 539 ft: 1955 corp: 394/12657b lim: 131 exec/s: 18365 rss: 363Mb L: 16/131 MS: 1 EraseBytes-
#146988	NEW    cov: 539 ft: 1956 corp: 395/12788b lim: 131 exec/s: 18373 rss: 363Mb L: 131/131 MS: 2 ShuffleBytes-CopyPart-
#147017	REDUCE cov: 539 ft: 1956 corp: 395/12786b lim: 131 exec/s: 18377 rss: 363Mb L: 22/131 MS: 4 ShuffleBytes-CMP-ChangeBinInt-EraseBytes- DE: "\177\000"-
#147478	REDUCE cov: 539 ft: 1956 corp: 395/12785b lim: 131 exec/s: 18434 rss: 364Mb L: 5/131 MS: 1 EraseBytes-
#147701	REDUCE cov: 539 ft: 1958 corp: 396/12880b lim: 131 exec/s: 18462 rss: 365Mb L: 95/131 MS: 3 CopyPart-CopyPart-CopyPart-
#148118	REDUCE cov: 539 ft: 1958 corp: 396/12872b lim: 131 exec/s: 18514 rss: 366Mb L: 27/131 MS: 2 ShuffleBytes-EraseBytes-
#148232	REDUCE cov: 539 ft: 1960 corp: 397/13002b lim: 131 exec/s: 18529 rss: 366Mb L: 130/131 MS: 4 InsertByte-ChangeByte-ChangeBit-InsertRepeatedBytes-
#148532	REDUCE cov: 539 ft: 1962 corp: 398/13131b lim: 131 exec/s: 18566 rss: 367Mb L: 129/131 MS: 5 PersAutoDict-ChangeByte-EraseBytes-EraseBytes-InsertRepeatedBytes- DE: "\007\000\000\000"-
#148688	REDUCE cov: 539 ft: 1962 corp: 398/13129b lim: 131 exec/s: 18586 rss: 368Mb L: 39/131 MS: 1 EraseBytes-
#148806	NEW    cov: 539 ft: 1963 corp: 399/13260b lim: 131 exec/s: 18600 rss: 368Mb L: 131/131 MS: 3 ShuffleBytes-ShuffleBytes-CopyPart-
#148822	REDUCE cov: 539 ft: 1963 corp: 399/13258b lim: 131 exec/s: 18602 rss: 368Mb L: 24/131 MS: 1 EraseBytes-
#148864	NEW    cov: 539 ft: 1972 corp: 400/13386b lim: 131 exec/s: 18608 rss: 368Mb L: 128/131 MS: 2 ShuffleBytes-CopyPart-
#149207	NEW    cov: 539 ft: 1974 corp: 401/13516b lim: 131 exec/s: 18650 rss: 369Mb L: 130/131 MS: 3 ChangeByte-ChangeByte-InsertByte-
#149308	NEW    cov: 539 ft: 1976 corp: 402/13647b lim: 131 exec/s: 18663 rss: 370Mb L: 131/131 MS: 1 InsertByte-
#149519	NEW    cov: 539 ft: 1977 corp: 403/13778b lim: 131 exec/s: 18689 rss: 370Mb L: 131/131 MS: 1 CopyPart-
#149715	REDUCE cov: 539 ft: 1977 corp: 403/13776b lim: 131 exec/s: 18714 rss: 371Mb L: 16/131 MS: 1 EraseBytes-
#149789	REDUCE cov: 539 ft: 1977 corp: 403/13766b lim: 131 exec/s: 18723 rss: 371Mb L: 91/131 MS: 4 ChangeASCIIInt-CrossOver-ChangeBinInt-EraseBytes-
#150290	REDUCE cov: 539 ft: 1977 corp: 403/13757b lim: 131 exec/s: 18786 rss: 372Mb L: 82/131 MS: 1 CrossOver-
#150376	REDUCE cov: 539 ft: 1977 corp: 403/13749b lim: 131 exec/s: 18797 rss: 373Mb L: 33/131 MS: 1 EraseBytes-
#150393	REDUCE cov: 539 ft: 1979 corp: 404/13850b lim: 131 exec/s: 18799 rss: 373Mb L: 101/131 MS: 2 CrossOver-CrossOver-
#150419	REDUCE cov: 539 ft: 1979 corp: 404/13847b lim: 131 exec/s: 18802 rss: 373Mb L: 34/131 MS: 1 EraseBytes-
#150611	REDUCE cov: 539 ft: 1982 corp: 405/13939b lim: 131 exec/s: 18826 rss: 373Mb L: 92/131 MS: 2 CrossOver-CopyPart-
#150708	REDUCE cov: 539 ft: 1982 corp: 405/13935b lim: 131 exec/s: 18838 rss: 374Mb L: 40/131 MS: 2 ChangeBit-EraseBytes-
#150906	REDUCE cov: 539 ft: 1984 corp: 406/14049b lim: 131 exec/s: 18863 rss: 374Mb L: 114/131 MS: 3 CopyPart-ChangeBit-CopyPart-
#150997	REDUCE cov: 539 ft: 1984 corp: 406/14047b lim: 131 exec/s: 18874 rss: 375Mb L: 16/131 MS: 1 EraseBytes-
#151458	REDUCE cov: 539 ft: 1984 corp: 406/14046b lim: 131 exec/s: 18932 rss: 376Mb L: 9/131 MS: 1 EraseBytes-
#151565	REDUCE cov: 539 ft: 1986 corp: 407/14111b lim: 131 exec/s: 18945 rss: 376Mb L: 65/131 MS: 2 InsertByte-CopyPart-
#151641	REDUCE cov: 539 ft: 1986 corp: 407/14107b lim: 131 exec/s: 18955 rss: 376Mb L: 35/131 MS: 1 EraseBytes-
#151647	REDUCE cov: 539 ft: 1986 corp: 407/14106b lim: 131 exec/s: 18955 rss: 377Mb L: 6/131 MS: 1 EraseBytes-
#151656	REDUCE cov: 539 ft: 1986 corp: 407/14099b lim: 131 exec/s: 18957 rss: 377Mb L: 94/131 MS: 4 ChangeByte-ChangeByte-ChangeBinInt-CrossOver-
#151836	NEW    cov: 539 ft: 1998 corp: 408/14229b lim: 131 exec/s: 18979 rss: 377Mb L: 130/131 MS: 5 ShuffleBytes-ShuffleBytes-ChangeBit-ChangeBinInt-InsertRepeatedBytes-
#152191	NEW    cov: 539 ft: 1999 corp: 409/14339b lim: 131 exec/s: 16910 rss: 378Mb L: 110/131 MS: 5 CrossOver-CrossOver-PersAutoDict-CrossOver-CrossOver- DE: "\000\000\000P"-
#152211	REDUCE cov: 539 ft: 1999 corp: 409/14333b lim: 131 exec/s: 16912 rss: 378Mb L: 10/131 MS: 5 ChangeByte-ShuffleBytes-ChangeBit-CrossOver-EraseBytes-
#152378	REDUCE cov: 539 ft: 1999 corp: 409/14331b lim: 131 exec/s: 16930 rss: 379Mb L: 28/131 MS: 2 ShuffleBytes-EraseBytes-
#153070	REDUCE cov: 539 ft: 1999 corp: 409/14326b lim: 131 exec/s: 17007 rss: 382Mb L: 20/131 MS: 2 EraseBytes-CopyPart-
#153191	REDUCE cov: 539 ft: 1999 corp: 409/14319b lim: 131 exec/s: 17021 rss: 382Mb L: 54/131 MS: 1 EraseBytes-
#153567	REDUCE cov: 539 ft: 1999 corp: 409/14314b lim: 131 exec/s: 17063 rss: 384Mb L: 46/131 MS: 1 EraseBytes-
#153644	REDUCE cov: 539 ft: 1999 corp: 409/14304b lim: 131 exec/s: 17071 rss: 384Mb L: 50/131 MS: 2 ChangeBinInt-EraseBytes-
#153681	REDUCE cov: 539 ft: 1999 corp: 409/14302b lim: 131 exec/s: 17075 rss: 384Mb L: 13/131 MS: 2 ChangeBit-EraseBytes-
#153904	NEW    cov: 540 ft: 2001 corp: 410/14400b lim: 131 exec/s: 17100 rss: 385Mb L: 98/131 MS: 3 ChangeBinInt-ChangeASCIIInt-CopyPart-
#154160	NEW    cov: 540 ft: 2002 corp: 411/14531b lim: 131 exec/s: 17128 rss: 385Mb L: 131/131 MS: 1 PersAutoDict- DE: "\000\017"-
#154445	REDUCE cov: 540 ft: 2002 corp: 411/14529b lim: 131 exec/s: 17160 rss: 386Mb L: 27/131 MS: 5 ChangeBit-ChangeBit-ChangeByte-CrossOver-EraseBytes-
#154506	REDUCE cov: 540 ft: 2002 corp: 411/14528b lim: 131 exec/s: 17167 rss: 386Mb L: 6/131 MS: 1 EraseBytes-
#154652	REDUCE cov: 540 ft: 2002 corp: 411/14527b lim: 131 exec/s: 17183 rss: 387Mb L: 10/131 MS: 1 EraseBytes-
#154679	NEW    cov: 540 ft: 2003 corp: 412/14641b lim: 131 exec/s: 17186 rss: 387Mb L: 114/131 MS: 2 ChangeBinInt-CopyPart-
#155001	REDUCE cov: 540 ft: 2003 corp: 412/14637b lim: 131 exec/s: 17222 rss: 388Mb L: 21/131 MS: 2 InsertByte-EraseBytes-
#155117	REDUCE cov: 540 ft: 2003 corp: 412/14636b lim: 131 exec/s: 17235 rss: 388Mb L: 4/131 MS: 1 EraseBytes-
#155979	REDUCE cov: 540 ft: 2004 corp: 413/14731b lim: 138 exec/s: 17331 rss: 390Mb L: 95/131 MS: 2 InsertByte-ChangeBit-
#156105	REDUCE cov: 540 ft: 2004 corp: 413/14726b lim: 138 exec/s: 17345 rss: 391Mb L: 63/131 MS: 1 EraseBytes-
#156317	NEW    cov: 540 ft: 2005 corp: 414/14862b lim: 138 exec/s: 17368 rss: 391Mb L: 136/136 MS: 2 CopyPart-CopyPart-
#156348	REDUCE cov: 540 ft: 2005 corp: 414/14861b lim: 138 exec/s: 17372 rss: 391Mb L: 61/136 MS: 1 EraseBytes-
#156574	REDUCE cov: 540 ft: 2005 corp: 414/14860b lim: 138 exec/s: 17397 rss: 392Mb L: 21/136 MS: 1 EraseBytes-
#156816	REDUCE cov: 540 ft: 2005 corp: 414/14859b lim: 138 exec/s: 17424 rss: 393Mb L: 25/136 MS: 2 InsertByte-EraseBytes-
#156985	REDUCE cov: 540 ft: 2005 corp: 414/14856b lim: 138 exec/s: 17442 rss: 393Mb L: 5/136 MS: 4 InsertByte-EraseBytes-ChangeByte-ChangeBit-
#157073	REDUCE cov: 540 ft: 2005 corp: 414/14853b lim: 138 exec/s: 17452 rss: 393Mb L: 50/136 MS: 3 ChangeBit-ShuffleBytes-EraseBytes-
#157109	REDUCE cov: 540 ft: 2005 corp: 414/14851b lim: 138 exec/s: 17456 rss: 393Mb L: 25/136 MS: 1 EraseBytes-
#157666	REDUCE cov: 540 ft: 2005 corp: 414/14850b lim: 138 exec/s: 17518 rss: 395Mb L: 28/136 MS: 2 ChangeBit-EraseBytes-
#158102	REDUCE cov: 540 ft: 2005 corp: 414/14847b lim: 138 exec/s: 17566 rss: 396Mb L: 14/136 MS: 1 EraseBytes-
#158118	REDUCE cov: 540 ft: 2005 corp: 414/14846b lim: 138 exec/s: 17568 rss: 396Mb L: 17/136 MS: 1 EraseBytes-
#158205	REDUCE cov: 540 ft: 2005 corp: 414/14845b lim: 138 exec/s: 17578 rss: 397Mb L: 8/136 MS: 2 ChangeByte-EraseBytes-
#158259	NEW    cov: 540 ft: 2007 corp: 415/14961b lim: 138 exec/s: 17584 rss: 397Mb L: 116/136 MS: 4 ChangeByte-CopyPart-ChangeBinInt-PersAutoDict- DE: "n\000\000\000"-
#158361	REDUCE cov: 540 ft: 2007 corp: 415/14959b lim: 138 exec/s: 17595 rss: 397Mb L: 129/136 MS: 2 CopyPart-EraseBytes-
#158525	REDUCE cov: 540 ft: 2007 corp: 415/14957b lim: 138 exec/s: 17613 rss: 398Mb L: 10/136 MS: 4 CopyPart-PersAutoDict-PersAutoDict-EraseBytes- DE: "M\000\000\000"-"\377\377\377\015"-
#158706	REDUCE cov: 540 ft: 2007 corp: 415/14954b lim: 138 exec/s: 17634 rss: 398Mb L: 18/136 MS: 1 EraseBytes-
#158987	REDUCE cov: 540 ft: 2007 corp: 415/14952b lim: 138 exec/s: 17665 rss: 399Mb L: 7/136 MS: 1 EraseBytes-
#159114	NEW    cov: 540 ft: 2008 corp: 416/15082b lim: 138 exec/s: 17679 rss: 399Mb L: 130/136 MS: 2 ChangeBinInt-CopyPart-
#159228	REDUCE cov: 540 ft: 2013 corp: 417/15215b lim: 138 exec/s: 17692 rss: 400Mb L: 133/136 MS: 4 EraseBytes-CMP-EraseBytes-InsertRepeatedBytes- DE: "\200\000"-
#159440	REDUCE cov: 540 ft: 2013 corp: 417/15214b lim: 138 exec/s: 17715 rss: 401Mb L: 87/136 MS: 2 ShuffleBytes-EraseBytes-
#159943	REDUCE cov: 540 ft: 2015 corp: 418/15228b lim: 138 exec/s: 17771 rss: 402Mb L: 14/136 MS: 3 ChangeByte-ChangeASCIIInt-EraseBytes-
#160049	REDUCE cov: 540 ft: 2015 corp: 418/15224b lim: 138 exec/s: 17783 rss: 402Mb L: 11/136 MS: 1 EraseBytes-
#160120	REDUCE cov: 540 ft: 2015 corp: 418/15219b lim: 138 exec/s: 17791 rss: 403Mb L: 16/136 MS: 1 EraseBytes-
#160190	REDUCE cov: 540 ft: 2015 corp: 418/15199b lim: 138 exec/s: 17798 rss: 403Mb L: 113/136 MS: 5 ChangeBinInt-ChangeByte-PersAutoDict-PersAutoDict-EraseBytes- DE: "\377m"-"\177\000"-
#160707	REDUCE cov: 540 ft: 2015 corp: 418/15195b lim: 138 exec/s: 17856 rss: 405Mb L: 112/136 MS: 2 ChangeBinInt-EraseBytes-
#160928	REDUCE cov: 540 ft: 2015 corp: 418/15184b lim: 138 exec/s: 17880 rss: 405Mb L: 24/136 MS: 1 EraseBytes-
#161068	NEW    cov: 541 ft: 2018 corp: 419/15314b lim: 138 exec/s: 17896 rss: 406Mb L: 130/136 MS: 5 ChangeBinInt-ChangeBit-ChangeBit-CopyPart-CopyPart-
#161119	REDUCE cov: 541 ft: 2018 corp: 419/15303b lim: 138 exec/s: 17902 rss: 406Mb L: 102/136 MS: 1 EraseBytes-
#161281	REDUCE cov: 541 ft: 2019 corp: 420/15438b lim: 138 exec/s: 17920 rss: 406Mb L: 135/136 MS: 2 InsertRepeatedBytes-InsertRepeatedBytes-
#161283	REDUCE cov: 541 ft: 2019 corp: 420/15427b lim: 138 exec/s: 17920 rss: 406Mb L: 87/136 MS: 2 ChangeByte-EraseBytes-
#162266	REDUCE cov: 541 ft: 2024 corp: 421/15572b lim: 145 exec/s: 18029 rss: 409Mb L: 145/145 MS: 3 ShuffleBytes-CrossOver-InsertRepeatedBytes-
#162301	REDUCE cov: 541 ft: 2028 corp: 422/15700b lim: 145 exec/s: 18033 rss: 410Mb L: 128/145 MS: 5 CopyPart-CrossOver-ChangeByte-ShuffleBytes-InsertRepeatedBytes-
#162349	REDUCE cov: 542 ft: 2029 corp: 423/15709b lim: 145 exec/s: 18038 rss: 410Mb L: 9/145 MS: 3 CopyPart-InsertByte-CopyPart-
#162593	REDUCE cov: 542 ft: 2029 corp: 423/15708b lim: 145 exec/s: 18065 rss: 410Mb L: 20/145 MS: 4 CrossOver-ShuffleBytes-InsertByte-EraseBytes-
#162904	REDUCE cov: 542 ft: 2029 corp: 423/15699b lim: 145 exec/s: 18100 rss: 411Mb L: 24/145 MS: 1 EraseBytes-
#163631	NEW    cov: 542 ft: 2030 corp: 424/15851b lim: 152 exec/s: 18181 rss: 413Mb L: 152/152 MS: 2 EraseBytes-CopyPart-
#163832	REDUCE cov: 542 ft: 2030 corp: 424/15850b lim: 152 exec/s: 18203 rss: 414Mb L: 12/152 MS: 1 EraseBytes-
#163866	REDUCE cov: 542 ft: 2030 corp: 424/15849b lim: 152 exec/s: 18207 rss: 414Mb L: 46/152 MS: 4 InsertByte-InsertByte-PersAutoDict-EraseBytes- DE: "F\000"-
#164087	REDUCE cov: 542 ft: 2030 corp: 424/15847b lim: 152 exec/s: 18231 rss: 415Mb L: 28/152 MS: 1 EraseBytes-
#164278	REDUCE cov: 542 ft: 2030 corp: 424/15844b lim: 152 exec/s: 18253 rss: 415Mb L: 30/152 MS: 1 EraseBytes-
#164344	REDUCE cov: 542 ft: 2030 corp: 424/15841b lim: 152 exec/s: 18260 rss: 416Mb L: 23/152 MS: 1 EraseBytes-
#164601	REDUCE cov: 542 ft: 2030 corp: 424/15840b lim: 152 exec/s: 18289 rss: 416Mb L: 49/152 MS: 2 ChangeByte-EraseBytes-
#164662	REDUCE cov: 542 ft: 2030 corp: 424/15839b lim: 152 exec/s: 18295 rss: 417Mb L: 24/152 MS: 1 EraseBytes-
#164868	REDUCE cov: 542 ft: 2030 corp: 424/15830b lim: 152 exec/s: 18318 rss: 417Mb L: 80/152 MS: 1 EraseBytes-
#165080	NEW    cov: 542 ft: 2035 corp: 425/15971b lim: 152 exec/s: 18342 rss: 418Mb L: 141/152 MS: 2 CopyPart-CopyPart-
#165087	REDUCE cov: 542 ft: 2035 corp: 425/15970b lim: 152 exec/s: 18343 rss: 418Mb L: 97/152 MS: 2 ShuffleBytes-EraseBytes-
#165254	REDUCE cov: 542 ft: 2037 corp: 426/15994b lim: 152 exec/s: 18361 rss: 419Mb L: 24/152 MS: 2 PersAutoDict-CopyPart- DE: "]\000\000\000"-
#165417	REDUCE cov: 542 ft: 2038 corp: 427/16145b lim: 152 exec/s: 18379 rss: 419Mb L: 151/152 MS: 3 ChangeBit-CrossOver-InsertRepeatedBytes-
#165694	REDUCE cov: 542 ft: 2038 corp: 427/16144b lim: 152 exec/s: 18410 rss: 420Mb L: 24/152 MS: 2 InsertByte-EraseBytes-
#166290	REDUCE cov: 542 ft: 2038 corp: 427/16142b lim: 152 exec/s: 18476 rss: 422Mb L: 14/152 MS: 1 EraseBytes-
#166347	REDUCE cov: 542 ft: 2038 corp: 427/16141b lim: 152 exec/s: 18483 rss: 422Mb L: 43/152 MS: 2 CopyPart-EraseBytes-
#166653	REDUCE cov: 542 ft: 2038 corp: 427/16140b lim: 152 exec/s: 18517 rss: 423Mb L: 18/152 MS: 1 EraseBytes-
#166814	REDUCE cov: 542 ft: 2038 corp: 427/16133b lim: 152 exec/s: 18534 rss: 423Mb L: 95/152 MS: 1 EraseBytes-
#167276	REDUCE cov: 542 ft: 2039 corp: 428/16284b lim: 152 exec/s: 18586 rss: 425Mb L: 151/152 MS: 2 ChangeByte-CopyPart-
#167492	REDUCE cov: 542 ft: 2039 corp: 428/16283b lim: 152 exec/s: 18610 rss: 426Mb L: 17/152 MS: 1 EraseBytes-
#167809	REDUCE cov: 542 ft: 2039 corp: 428/16282b lim: 152 exec/s: 16780 rss: 427Mb L: 24/152 MS: 2 ShuffleBytes-EraseBytes-
#167880	REDUCE cov: 542 ft: 2039 corp: 428/16281b lim: 152 exec/s: 16788 rss: 427Mb L: 22/152 MS: 1 EraseBytes-
#167987	NEW    cov: 542 ft: 2040 corp: 429/16Kb lim: 152 exec/s: 16798 rss: 427Mb L: 138/152 MS: 2 ShuffleBytes-CopyPart-
#168482	REDUCE cov: 542 ft: 2042 corp: 430/16Kb lim: 152 exec/s: 16848 rss: 429Mb L: 99/152 MS: 5 ShuffleBytes-InsertRepeatedBytes-ChangeByte-CrossOver-CrossOver-
#168513	REDUCE cov: 542 ft: 2042 corp: 430/16Kb lim: 152 exec/s: 16851 rss: 429Mb L: 69/152 MS: 1 CrossOver-
#168595	REDUCE cov: 542 ft: 2042 corp: 430/16Kb lim: 152 exec/s: 16859 rss: 431Mb L: 118/152 MS: 2 ChangeByte-EraseBytes-
#168767	REDUCE cov: 542 ft: 2042 corp: 430/16Kb lim: 152 exec/s: 16876 rss: 431Mb L: 15/152 MS: 2 EraseBytes-CopyPart-
#168899	REDUCE cov: 542 ft: 2042 corp: 430/16Kb lim: 152 exec/s: 16889 rss: 432Mb L: 22/152 MS: 2 ChangeByte-EraseBytes-
#169129	REDUCE cov: 542 ft: 2044 corp: 431/16Kb lim: 152 exec/s: 16912 rss: 432Mb L: 100/152 MS: 5 ChangeByte-CrossOver-PersAutoDict-InsertByte-CrossOver- DE: "\377m"-
#169157	NEW    cov: 542 ft: 2045 corp: 432/16Kb lim: 152 exec/s: 16915 rss: 432Mb L: 150/152 MS: 3 InsertRepeatedBytes-CopyPart-InsertRepeatedBytes-
#169219	NEW    cov: 542 ft: 2047 corp: 433/16Kb lim: 152 exec/s: 16921 rss: 433Mb L: 148/152 MS: 2 PersAutoDict-CopyPart- DE: "\005\000\000\000\000\000\000\000"-
#169425	REDUCE cov: 542 ft: 2047 corp: 433/16Kb lim: 152 exec/s: 16942 rss: 433Mb L: 39/152 MS: 1 EraseBytes-
#169636	REDUCE cov: 542 ft: 2047 corp: 433/16Kb lim: 152 exec/s: 16963 rss: 434Mb L: 13/152 MS: 1 EraseBytes-
#169762	REDUCE cov: 542 ft: 2047 corp: 433/16Kb lim: 152 exec/s: 16976 rss: 434Mb L: 24/152 MS: 1 EraseBytes-
#170031	REDUCE cov: 542 ft: 2047 corp: 433/16Kb lim: 152 exec/s: 17003 rss: 435Mb L: 54/152 MS: 4 EraseBytes-CopyPart-ChangeBit-EraseBytes-
#170438	REDUCE cov: 542 ft: 2047 corp: 433/16Kb lim: 152 exec/s: 17043 rss: 437Mb L: 19/152 MS: 2 InsertByte-EraseBytes-
#170481	REDUCE cov: 542 ft: 2047 corp: 433/16Kb lim: 152 exec/s: 17048 rss: 437Mb L: 68/152 MS: 3 ChangeByte-InsertByte-EraseBytes-
#170647	REDUCE cov: 542 ft: 2047 corp: 433/16Kb lim: 152 exec/s: 17064 rss: 437Mb L: 28/152 MS: 1 EraseBytes-
#170693	REDUCE cov: 542 ft: 2047 corp: 433/16Kb lim: 152 exec/s: 17069 rss: 437Mb L: 8/152 MS: 1 EraseBytes-
#170763	REDUCE cov: 542 ft: 2047 corp: 433/16Kb lim: 152 exec/s: 17076 rss: 437Mb L: 15/152 MS: 5 CopyPart-CopyPart-ChangeBinInt-ChangeBit-EraseBytes-
#171080	REDUCE cov: 542 ft: 2047 corp: 433/16Kb lim: 152 exec/s: 17108 rss: 439Mb L: 28/152 MS: 2 ChangeBit-EraseBytes-
#171223	REDUCE cov: 542 ft: 2047 corp: 433/16Kb lim: 152 exec/s: 17122 rss: 439Mb L: 33/152 MS: 3 ChangeByte-ChangeBinInt-EraseBytes-
#171359	REDUCE cov: 542 ft: 2047 corp: 433/16Kb lim: 152 exec/s: 17135 rss: 440Mb L: 19/152 MS: 1 EraseBytes-
#171645	REDUCE cov: 542 ft: 2051 corp: 434/16Kb lim: 152 exec/s: 17164 rss: 440Mb L: 135/152 MS: 1 InsertRepeatedBytes-
#172046	REDUCE cov: 542 ft: 2051 corp: 434/16Kb lim: 152 exec/s: 17204 rss: 442Mb L: 7/152 MS: 1 EraseBytes-
#172462	REDUCE cov: 542 ft: 2051 corp: 434/16Kb lim: 152 exec/s: 17246 rss: 443Mb L: 3/152 MS: 1 EraseBytes-
#172678	REDUCE cov: 542 ft: 2051 corp: 434/16Kb lim: 152 exec/s: 17267 rss: 444Mb L: 12/152 MS: 1 EraseBytes-
#172859	REDUCE cov: 542 ft: 2051 corp: 434/16Kb lim: 152 exec/s: 17285 rss: 445Mb L: 8/152 MS: 1 EraseBytes-
#173053	REDUCE cov: 542 ft: 2053 corp: 435/16Kb lim: 152 exec/s: 17305 rss: 445Mb L: 140/152 MS: 4 ShuffleBytes-ChangeByte-CrossOver-CrossOver-
#173134	REDUCE cov: 542 ft: 2053 corp: 435/16Kb lim: 152 exec/s: 17313 rss: 446Mb L: 4/152 MS: 1 EraseBytes-
#173211	NEW    cov: 542 ft: 2055 corp: 436/16Kb lim: 152 exec/s: 17321 rss: 446Mb L: 110/152 MS: 2 PersAutoDict-CopyPart- DE: "\001\000\000\000\000\000\000\000"-
#173367	REDUCE cov: 542 ft: 2055 corp: 436/16Kb lim: 152 exec/s: 17336 rss: 446Mb L: 145/152 MS: 1 EraseBytes-
#173549	REDUCE cov: 542 ft: 2059 corp: 437/16Kb lim: 152 exec/s: 17354 rss: 447Mb L: 118/152 MS: 2 CrossOver-CrossOver-
#173607	NEW    cov: 542 ft: 2060 corp: 438/17Kb lim: 152 exec/s: 17360 rss: 447Mb L: 148/152 MS: 3 InsertByte-ChangeByte-CopyPart-
#173833	REDUCE cov: 542 ft: 2060 corp: 438/17Kb lim: 152 exec/s: 17383 rss: 448Mb L: 18/152 MS: 1 EraseBytes-
#174070	REDUCE cov: 542 ft: 2060 corp: 438/17Kb lim: 152 exec/s: 17407 rss: 449Mb L: 42/152 MS: 2 InsertByte-EraseBytes-
#174137	REDUCE cov: 542 ft: 2060 corp: 438/17Kb lim: 152 exec/s: 17413 rss: 449Mb L: 87/152 MS: 2 ChangeBit-EraseBytes-
#174514	NEW    cov: 542 ft: 2062 corp: 439/17Kb lim: 152 exec/s: 17451 rss: 450Mb L: 103/152 MS: 2 ChangeBinInt-PersAutoDict- DE: "\001\000\000\010"-
#174709	REDUCE cov: 542 ft: 2062 corp: 439/17Kb lim: 152 exec/s: 17470 rss: 451Mb L: 58/152 MS: 5 PersAutoDict-CopyPart-ChangeByte-CopyPart-EraseBytes- DE: "\037\000\000\000\000\000\000\000"-
#174863	REDUCE cov: 542 ft: 2062 corp: 439/17Kb lim: 152 exec/s: 17486 rss: 451Mb L: 18/152 MS: 4 InsertRepeatedBytes-PersAutoDict-CopyPart-CrossOver- DE: "\200\000"-
#175429	REDUCE cov: 542 ft: 2062 corp: 439/17Kb lim: 152 exec/s: 17542 rss: 453Mb L: 71/152 MS: 1 EraseBytes-
#175652	REDUCE cov: 542 ft: 2062 corp: 439/17Kb lim: 152 exec/s: 17565 rss: 454Mb L: 6/152 MS: 3 ChangeBinInt-CrossOver-EraseBytes-
#175973	REDUCE cov: 542 ft: 2062 corp: 439/17Kb lim: 152 exec/s: 17597 rss: 455Mb L: 52/152 MS: 1 EraseBytes-
#176019	REDUCE cov: 542 ft: 2062 corp: 439/17Kb lim: 152 exec/s: 17601 rss: 455Mb L: 10/152 MS: 1 EraseBytes-
#176313	NEW    cov: 542 ft: 2063 corp: 440/17Kb lim: 152 exec/s: 17631 rss: 456Mb L: 144/152 MS: 4 ChangeBinInt-CrossOver-ChangeBit-CrossOver-
#176339	REDUCE cov: 542 ft: 2063 corp: 440/17Kb lim: 152 exec/s: 17633 rss: 456Mb L: 24/152 MS: 1 EraseBytes-
#176347	REDUCE cov: 542 ft: 2063 corp: 440/17Kb lim: 152 exec/s: 17634 rss: 456Mb L: 27/152 MS: 3 ChangeBinInt-ChangeBinInt-EraseBytes-
#176383	REDUCE cov: 542 ft: 2063 corp: 440/17Kb lim: 152 exec/s: 17638 rss: 456Mb L: 7/152 MS: 1 EraseBytes-
#177110	REDUCE cov: 542 ft: 2063 corp: 440/17Kb lim: 159 exec/s: 17711 rss: 459Mb L: 19/152 MS: 2 InsertByte-EraseBytes-
#177142	REDUCE cov: 542 ft: 2063 corp: 440/17Kb lim: 159 exec/s: 17714 rss: 459Mb L: 37/152 MS: 2 EraseBytes-PersAutoDict- DE: "F\000"-
#177235	REDUCE cov: 542 ft: 2063 corp: 440/17Kb lim: 159 exec/s: 17723 rss: 459Mb L: 6/152 MS: 3 CopyPart-CopyPart-EraseBytes-
#177498	REDUCE cov: 542 ft: 2063 corp: 440/17Kb lim: 159 exec/s: 17749 rss: 460Mb L: 18/152 MS: 3 InsertByte-CopyPart-EraseBytes-
#177675	REDUCE cov: 542 ft: 2063 corp: 440/17Kb lim: 159 exec/s: 17767 rss: 461Mb L: 16/152 MS: 2 ChangeByte-EraseBytes-
#178277	REDUCE cov: 542 ft: 2065 corp: 441/17Kb lim: 159 exec/s: 17827 rss: 463Mb L: 88/152 MS: 2 ChangeBinInt-CopyPart-
#178384	REDUCE cov: 542 ft: 2065 corp: 441/17Kb lim: 159 exec/s: 17838 rss: 463Mb L: 41/152 MS: 2 ChangeByte-EraseBytes-
#179306	REDUCE cov: 542 ft: 2065 corp: 441/17Kb lim: 166 exec/s: 17930 rss: 466Mb L: 110/152 MS: 2 CopyPart-CrossOver-
#179712	REDUCE cov: 542 ft: 2065 corp: 441/17Kb lim: 166 exec/s: 17971 rss: 467Mb L: 38/152 MS: 1 EraseBytes-
#179765	REDUCE cov: 542 ft: 2065 corp: 441/17Kb lim: 166 exec/s: 17976 rss: 468Mb L: 45/152 MS: 3 ShuffleBytes-CopyPart-EraseBytes-
#179816	NEW    cov: 542 ft: 2077 corp: 442/17Kb lim: 166 exec/s: 17981 rss: 468Mb L: 158/158 MS: 1 CopyPart-
#179973	REDUCE cov: 542 ft: 2077 corp: 442/17Kb lim: 166 exec/s: 17997 rss: 468Mb L: 22/158 MS: 2 InsertByte-EraseBytes-
#180295	REDUCE cov: 542 ft: 2077 corp: 442/17Kb lim: 166 exec/s: 18029 rss: 469Mb L: 13/158 MS: 2 EraseBytes-CopyPart-
#180301	REDUCE cov: 542 ft: 2077 corp: 442/17Kb lim: 166 exec/s: 18030 rss: 469Mb L: 3/158 MS: 1 EraseBytes-
#180347	REDUCE cov: 542 ft: 2077 corp: 442/17Kb lim: 166 exec/s: 18034 rss: 469Mb L: 95/158 MS: 1 EraseBytes-
#180378	NEW    cov: 542 ft: 2079 corp: 443/17Kb lim: 166 exec/s: 18037 rss: 470Mb L: 161/161 MS: 1 CopyPart-
#180491	REDUCE cov: 542 ft: 2079 corp: 443/17Kb lim: 166 exec/s: 18049 rss: 470Mb L: 137/161 MS: 3 CrossOver-EraseBytes-PersAutoDict- DE: "\004\000\000\000\000\000\000\000"-
#180497	REDUCE cov: 542 ft: 2079 corp: 443/17Kb lim: 166 exec/s: 18049 rss: 470Mb L: 40/161 MS: 1 EraseBytes-
#180593	REDUCE cov: 542 ft: 2079 corp: 443/17Kb lim: 166 exec/s: 18059 rss: 470Mb L: 30/161 MS: 1 EraseBytes-
#180719	REDUCE cov: 542 ft: 2079 corp: 443/17Kb lim: 166 exec/s: 18071 rss: 471Mb L: 92/161 MS: 1 EraseBytes-
#181104	REDUCE cov: 542 ft: 2079 corp: 443/17Kb lim: 166 exec/s: 18110 rss: 472Mb L: 119/161 MS: 5 ChangeBinInt-CopyPart-ShuffleBytes-CMP-EraseBytes- DE: "\376\377\377\377\377\377\377\377"-
#181380	REDUCE cov: 542 ft: 2079 corp: 443/17Kb lim: 166 exec/s: 18138 rss: 473Mb L: 47/161 MS: 1 EraseBytes-
#181644	REDUCE cov: 542 ft: 2079 corp: 443/17Kb lim: 166 exec/s: 18164 rss: 475Mb L: 5/161 MS: 4 CrossOver-CopyPart-CrossOver-EraseBytes-
#181645	REDUCE cov: 542 ft: 2079 corp: 443/17Kb lim: 166 exec/s: 18164 rss: 475Mb L: 98/161 MS: 1 EraseBytes-
#181862	REDUCE cov: 542 ft: 2081 corp: 444/17Kb lim: 166 exec/s: 18186 rss: 475Mb L: 140/161 MS: 2 ChangeBinInt-CopyPart-
#182236	NEW    cov: 542 ft: 2082 corp: 445/17Kb lim: 166 exec/s: 16566 rss: 475Mb L: 162/162 MS: 4 ChangeBinInt-CrossOver-CrossOver-CopyPart-
#182268	REDUCE cov: 542 ft: 2082 corp: 445/17Kb lim: 166 exec/s: 16569 rss: 475Mb L: 64/162 MS: 2 InsertByte-EraseBytes-
#183002	REDUCE cov: 542 ft: 2082 corp: 445/17Kb lim: 173 exec/s: 16636 rss: 476Mb L: 14/162 MS: 4 ChangeByte-ChangeBit-EraseBytes-ShuffleBytes-
#183204	REDUCE cov: 542 ft: 2082 corp: 445/17Kb lim: 173 exec/s: 16654 rss: 476Mb L: 28/162 MS: 2 InsertByte-EraseBytes-
#183370	REDUCE cov: 542 ft: 2082 corp: 445/17Kb lim: 173 exec/s: 16670 rss: 476Mb L: 21/162 MS: 1 EraseBytes-
#183372	REDUCE cov: 542 ft: 2082 corp: 445/17Kb lim: 173 exec/s: 16670 rss: 476Mb L: 99/162 MS: 2 ChangeByte-EraseBytes-
#183502	REDUCE cov: 542 ft: 2082 corp: 445/17Kb lim: 173 exec/s: 16682 rss: 476Mb L: 81/162 MS: 5 ChangeBinInt-ChangeBinInt-EraseBytes-ShuffleBytes-PersAutoDict- DE: "\000\000\000\200"-
#183664	NEW    cov: 542 ft: 2084 corp: 446/18Kb lim: 173 exec/s: 16696 rss: 476Mb L: 156/162 MS: 2 ChangeBit-CopyPart-
#184050	REDUCE cov: 542 ft: 2084 corp: 446/18Kb lim: 173 exec/s: 16731 rss: 476Mb L: 37/162 MS: 1 EraseBytes-
#184091	REDUCE cov: 542 ft: 2084 corp: 446/18Kb lim: 173 exec/s: 16735 rss: 476Mb L: 4/162 MS: 1 EraseBytes-
#184133	REDUCE cov: 542 ft: 2084 corp: 446/18Kb lim: 173 exec/s: 16739 rss: 476Mb L: 93/162 MS: 2 ChangeBinInt-EraseBytes-
#184225	REDUCE cov: 542 ft: 2084 corp: 446/17Kb lim: 173 exec/s: 16747 rss: 476Mb L: 28/162 MS: 2 ChangeBinInt-EraseBytes-
#184466	REDUCE cov: 542 ft: 2084 corp: 446/17Kb lim: 173 exec/s: 16769 rss: 477Mb L: 50/162 MS: 1 EraseBytes-
#184669	REDUCE cov: 542 ft: 2084 corp: 446/17Kb lim: 173 exec/s: 16788 rss: 477Mb L: 154/162 MS: 3 ShuffleBytes-ChangeBit-EraseBytes-
#184795	REDUCE cov: 542 ft: 2084 corp: 446/17Kb lim: 173 exec/s: 16799 rss: 477Mb L: 20/162 MS: 1 EraseBytes-
#184954	REDUCE cov: 542 ft: 2084 corp: 446/17Kb lim: 173 exec/s: 16814 rss: 477Mb L: 2/162 MS: 4 InsertByte-CopyPart-CopyPart-EraseBytes-
#185231	REDUCE cov: 542 ft: 2084 corp: 446/17Kb lim: 173 exec/s: 16839 rss: 477Mb L: 9/162 MS: 2 ShuffleBytes-EraseBytes-
#185251	NEW    cov: 542 ft: 2087 corp: 447/18Kb lim: 173 exec/s: 16841 rss: 477Mb L: 166/166 MS: 5 CopyPart-InsertRepeatedBytes-CrossOver-ChangeByte-CopyPart-
#185297	REDUCE cov: 542 ft: 2087 corp: 447/18Kb lim: 173 exec/s: 16845 rss: 477Mb L: 16/166 MS: 1 EraseBytes-
#185533	REDUCE cov: 542 ft: 2087 corp: 447/18Kb lim: 173 exec/s: 16866 rss: 477Mb L: 2/166 MS: 1 EraseBytes-
#185594	REDUCE cov: 542 ft: 2087 corp: 447/18Kb lim: 173 exec/s: 16872 rss: 477Mb L: 50/166 MS: 1 EraseBytes-
#185617	REDUCE cov: 542 ft: 2087 corp: 447/18Kb lim: 173 exec/s: 16874 rss: 477Mb L: 137/166 MS: 3 ChangeByte-ChangeBit-CrossOver-
#185693	REDUCE cov: 542 ft: 2087 corp: 447/18Kb lim: 173 exec/s: 16881 rss: 477Mb L: 21/166 MS: 1 EraseBytes-
#185759	REDUCE cov: 542 ft: 2087 corp: 447/18Kb lim: 173 exec/s: 16887 rss: 478Mb L: 138/166 MS: 1 EraseBytes-
#185950	REDUCE cov: 542 ft: 2087 corp: 447/18Kb lim: 173 exec/s: 16904 rss: 478Mb L: 46/166 MS: 1 EraseBytes-
#186298	REDUCE cov: 542 ft: 2087 corp: 447/18Kb lim: 173 exec/s: 16936 rss: 478Mb L: 35/166 MS: 3 InsertByte-EraseBytes-PersAutoDict- DE: "\000\000\000\000\000\000\000\000"-
#186598	REDUCE cov: 542 ft: 2087 corp: 447/18Kb lim: 173 exec/s: 16963 rss: 479Mb L: 131/166 MS: 5 PersAutoDict-CopyPart-CopyPart-PersAutoDict-EraseBytes- DE: "\377\377\377\015"-"\004\000\000\000\000\000\000\000"-
#186650	REDUCE cov: 542 ft: 2087 corp: 447/18Kb lim: 173 exec/s: 16968 rss: 479Mb L: 83/166 MS: 2 EraseBytes-CopyPart-
#187046	REDUCE cov: 542 ft: 2087 corp: 447/18Kb lim: 173 exec/s: 17004 rss: 480Mb L: 66/166 MS: 1 EraseBytes-
#187193	REDUCE cov: 542 ft: 2087 corp: 447/18Kb lim: 173 exec/s: 17017 rss: 480Mb L: 108/166 MS: 2 ChangeBit-EraseBytes-
#187294	REDUCE cov: 542 ft: 2087 corp: 447/18Kb lim: 173 exec/s: 17026 rss: 480Mb L: 52/166 MS: 1 EraseBytes-
#187315	REDUCE cov: 542 ft: 2087 corp: 447/18Kb lim: 173 exec/s: 17028 rss: 480Mb L: 141/166 MS: 1 EraseBytes-
#187636	REDUCE cov: 542 ft: 2087 corp: 447/18Kb lim: 173 exec/s: 17057 rss: 480Mb L: 10/166 MS: 1 EraseBytes-
#187783	REDUCE cov: 542 ft: 2087 corp: 447/18Kb lim: 173 exec/s: 17071 rss: 481Mb L: 98/166 MS: 2 InsertByte-EraseBytes-
#187895	REDUCE cov: 542 ft: 2087 corp: 447/18Kb lim: 173 exec/s: 17081 rss: 481Mb L: 105/166 MS: 2 ChangeBit-EraseBytes-
#188554	REDUCE cov: 542 ft: 2087 corp: 447/18Kb lim: 173 exec/s: 17141 rss: 482Mb L: 113/166 MS: 4 EraseBytes-ChangeByte-ChangeBit-CopyPart-
#188800	REDUCE cov: 542 ft: 2087 corp: 447/18Kb lim: 173 exec/s: 17163 rss: 482Mb L: 69/166 MS: 1 EraseBytes-
#188938	REDUCE cov: 542 ft: 2091 corp: 448/18Kb lim: 173 exec/s: 17176 rss: 482Mb L: 42/166 MS: 3 PersAutoDict-ShuffleBytes-CopyPart- DE: "\001\000\000G"-
#188940	REDUCE cov: 542 ft: 2091 corp: 448/18Kb lim: 173 exec/s: 17176 rss: 482Mb L: 33/166 MS: 2 ShuffleBytes-EraseBytes-
#189301	REDUCE cov: 542 ft: 2091 corp: 448/18Kb lim: 173 exec/s: 17209 rss: 483Mb L: 55/166 MS: 1 EraseBytes-
#189562	REDUCE cov: 542 ft: 2091 corp: 448/18Kb lim: 173 exec/s: 17232 rss: 483Mb L: 98/166 MS: 1 EraseBytes-
#189903	REDUCE cov: 542 ft: 2091 corp: 448/18Kb lim: 173 exec/s: 17263 rss: 484Mb L: 62/166 MS: 1 EraseBytes-
#190049	REDUCE cov: 542 ft: 2091 corp: 448/18Kb lim: 173 exec/s: 17277 rss: 484Mb L: 47/166 MS: 1 EraseBytes-
#190523	REDUCE cov: 542 ft: 2091 corp: 448/18Kb lim: 173 exec/s: 17320 rss: 485Mb L: 128/166 MS: 4 CopyPart-ChangeByte-ChangeBit-EraseBytes-
#190573	REDUCE cov: 542 ft: 2091 corp: 448/18Kb lim: 173 exec/s: 17324 rss: 485Mb L: 117/166 MS: 5 ChangeBit-ShuffleBytes-ChangeBinInt-ChangeBinInt-EraseBytes-
#190914	REDUCE cov: 542 ft: 2091 corp: 448/18Kb lim: 173 exec/s: 17355 rss: 486Mb L: 8/166 MS: 1 EraseBytes-
#190962	REDUCE cov: 542 ft: 2091 corp: 448/18Kb lim: 173 exec/s: 17360 rss: 486Mb L: 148/166 MS: 3 EraseBytes-InsertRepeatedBytes-PersAutoDict- DE: "\004\000\000\000\000\000\000\000"-
#191168	REDUCE cov: 542 ft: 2091 corp: 448/18Kb lim: 173 exec/s: 17378 rss: 486Mb L: 20/166 MS: 1 EraseBytes-
#191502	REDUCE cov: 542 ft: 2091 corp: 448/18Kb lim: 173 exec/s: 17409 rss: 487Mb L: 139/166 MS: 4 CrossOver-PersAutoDict-CopyPart-EraseBytes- DE: "\015\000"-
#191874	REDUCE cov: 542 ft: 2091 corp: 448/18Kb lim: 173 exec/s: 17443 rss: 487Mb L: 77/166 MS: 2 ChangeByte-EraseBytes-
#191972	REDUCE cov: 542 ft: 2091 corp: 448/18Kb lim: 173 exec/s: 17452 rss: 488Mb L: 121/166 MS: 3 InsertByte-ShuffleBytes-EraseBytes-
#191978	NEW    cov: 542 ft: 2092 corp: 449/18Kb lim: 173 exec/s: 17452 rss: 488Mb L: 139/166 MS: 1 CopyPart-
#192150	REDUCE cov: 542 ft: 2092 corp: 449/18Kb lim: 173 exec/s: 17468 rss: 488Mb L: 11/166 MS: 2 CopyPart-EraseBytes-
#192177	REDUCE cov: 542 ft: 2092 corp: 449/18Kb lim: 173 exec/s: 17470 rss: 488Mb L: 56/166 MS: 2 PersAutoDict-EraseBytes- DE: "\000\017"-
#192273	REDUCE cov: 542 ft: 2092 corp: 449/18Kb lim: 173 exec/s: 17479 rss: 488Mb L: 7/166 MS: 1 EraseBytes-
#192440	REDUCE cov: 542 ft: 2092 corp: 449/18Kb lim: 173 exec/s: 17494 rss: 489Mb L: 6/166 MS: 2 ChangeBit-EraseBytes-
#192656	REDUCE cov: 542 ft: 2092 corp: 449/18Kb lim: 173 exec/s: 17514 rss: 489Mb L: 19/166 MS: 1 EraseBytes-
#192783	REDUCE cov: 542 ft: 2092 corp: 449/18Kb lim: 173 exec/s: 17525 rss: 490Mb L: 19/166 MS: 2 ChangeBinInt-EraseBytes-
#192929	REDUCE cov: 542 ft: 2092 corp: 449/18Kb lim: 173 exec/s: 17539 rss: 490Mb L: 8/166 MS: 1 EraseBytes-
#193010	REDUCE cov: 542 ft: 2092 corp: 449/18Kb lim: 173 exec/s: 17546 rss: 490Mb L: 155/166 MS: 1 EraseBytes-
#193166	REDUCE cov: 542 ft: 2092 corp: 449/18Kb lim: 173 exec/s: 17560 rss: 490Mb L: 15/166 MS: 1 EraseBytes-
#193532	REDUCE cov: 542 ft: 2092 corp: 449/18Kb lim: 173 exec/s: 17593 rss: 491Mb L: 20/166 MS: 1 EraseBytes-
#193709	REDUCE cov: 542 ft: 2092 corp: 449/18Kb lim: 173 exec/s: 17609 rss: 491Mb L: 84/166 MS: 2 CopyPart-EraseBytes-
#194300	REDUCE cov: 542 ft: 2092 corp: 449/18Kb lim: 173 exec/s: 17663 rss: 492Mb L: 41/166 MS: 1 EraseBytes-
#194306	REDUCE cov: 542 ft: 2092 corp: 449/18Kb lim: 173 exec/s: 17664 rss: 492Mb L: 11/166 MS: 1 EraseBytes-
#194483	REDUCE cov: 542 ft: 2092 corp: 449/18Kb lim: 173 exec/s: 17680 rss: 492Mb L: 26/166 MS: 2 ChangeBinInt-EraseBytes-
#194555	REDUCE cov: 542 ft: 2092 corp: 449/18Kb lim: 173 exec/s: 17686 rss: 492Mb L: 21/166 MS: 2 ChangeByte-EraseBytes-
#195241	REDUCE cov: 542 ft: 2092 corp: 449/18Kb lim: 173 exec/s: 17749 rss: 493Mb L: 27/166 MS: 1 EraseBytes-
#195539	REDUCE cov: 542 ft: 2092 corp: 449/18Kb lim: 173 exec/s: 17776 rss: 493Mb L: 58/166 MS: 3 InsertRepeatedBytes-ChangeBit-EraseBytes-
#195695	REDUCE cov: 542 ft: 2092 corp: 449/18Kb lim: 173 exec/s: 17790 rss: 493Mb L: 10/166 MS: 1 EraseBytes-
#196151	REDUCE cov: 542 ft: 2092 corp: 449/18Kb lim: 173 exec/s: 17831 rss: 494Mb L: 30/166 MS: 1 EraseBytes-
#196492	REDUCE cov: 542 ft: 2096 corp: 450/18Kb lim: 173 exec/s: 17862 rss: 494Mb L: 79/166 MS: 1 CopyPart-
#196935	REDUCE cov: 542 ft: 2097 corp: 451/18Kb lim: 173 exec/s: 17903 rss: 494Mb L: 158/166 MS: 3 CopyPart-ChangeBit-InsertRepeatedBytes-
#197178	REDUCE cov: 542 ft: 2097 corp: 451/18Kb lim: 173 exec/s: 17925 rss: 494Mb L: 14/166 MS: 3 ChangeByte-ChangeBinInt-EraseBytes-
#198034	REDUCE cov: 542 ft: 2098 corp: 452/18Kb lim: 180 exec/s: 18003 rss: 495Mb L: 105/166 MS: 1 CopyPart-
#198346	REDUCE cov: 542 ft: 2098 corp: 452/18Kb lim: 180 exec/s: 16528 rss: 495Mb L: 6/166 MS: 2 CopyPart-EraseBytes-
#199060	REDUCE cov: 542 ft: 2099 corp: 453/18Kb lim: 187 exec/s: 16588 rss: 496Mb L: 174/174 MS: 4 ChangeBinInt-ChangeByte-InsertByte-CopyPart-
#199161	REDUCE cov: 542 ft: 2099 corp: 453/18Kb lim: 187 exec/s: 16596 rss: 497Mb L: 6/174 MS: 1 EraseBytes-
#199217	NEW    cov: 542 ft: 2131 corp: 454/18Kb lim: 187 exec/s: 16601 rss: 497Mb L: 182/182 MS: 1 InsertRepeatedBytes-
#199373	REDUCE cov: 542 ft: 2131 corp: 454/18Kb lim: 187 exec/s: 16614 rss: 497Mb L: 23/182 MS: 1 EraseBytes-
#200398	REDUCE cov: 542 ft: 2133 corp: 455/18Kb lim: 194 exec/s: 16699 rss: 498Mb L: 161/182 MS: 5 InsertByte-InsertRepeatedBytes-ChangeBit-CMP-InsertRepeatedBytes- DE: "\377\377\376\375"-
#200625	REDUCE cov: 542 ft: 2133 corp: 455/18Kb lim: 194 exec/s: 16718 rss: 499Mb L: 77/182 MS: 2 CrossOver-EraseBytes-
#200851	REDUCE cov: 542 ft: 2133 corp: 455/18Kb lim: 194 exec/s: 16737 rss: 499Mb L: 52/182 MS: 1 EraseBytes-
#200875	REDUCE cov: 542 ft: 2133 corp: 455/18Kb lim: 194 exec/s: 16739 rss: 499Mb L: 152/182 MS: 4 InsertByte-InsertByte-PersAutoDict-EraseBytes- DE: "g\000"-
#201001	REDUCE cov: 542 ft: 2133 corp: 455/18Kb lim: 194 exec/s: 16750 rss: 499Mb L: 27/182 MS: 1 EraseBytes-
#201244	NEW    cov: 542 ft: 2134 corp: 456/19Kb lim: 194 exec/s: 16770 rss: 499Mb L: 169/182 MS: 3 ShuffleBytes-ChangeByte-CopyPart-
#201401	REDUCE cov: 542 ft: 2134 corp: 456/19Kb lim: 194 exec/s: 16783 rss: 499Mb L: 37/182 MS: 2 InsertByte-EraseBytes-
#201557	REDUCE cov: 542 ft: 2134 corp: 456/19Kb lim: 194 exec/s: 16796 rss: 500Mb L: 49/182 MS: 1 EraseBytes-
#202679	REDUCE cov: 542 ft: 2134 corp: 456/19Kb lim: 201 exec/s: 16889 rss: 502Mb L: 9/182 MS: 2 ChangeBinInt-EraseBytes-
#202805	REDUCE cov: 542 ft: 2134 corp: 456/19Kb lim: 201 exec/s: 16900 rss: 502Mb L: 21/182 MS: 1 EraseBytes-
#203190	REDUCE cov: 542 ft: 2134 corp: 456/19Kb lim: 201 exec/s: 16932 rss: 502Mb L: 155/182 MS: 5 PersAutoDict-ChangeBinInt-CopyPart-PersAutoDict-EraseBytes- DE: "\000\017"-"\377\377\377\015"-
#203221	REDUCE cov: 542 ft: 2134 corp: 456/19Kb lim: 201 exec/s: 16935 rss: 503Mb L: 5/182 MS: 1 EraseBytes-
#203737	REDUCE cov: 542 ft: 2134 corp: 456/19Kb lim: 201 exec/s: 16978 rss: 503Mb L: 22/182 MS: 1 EraseBytes-
#204008	REDUCE cov: 542 ft: 2136 corp: 457/19Kb lim: 201 exec/s: 17000 rss: 504Mb L: 189/189 MS: 1 CopyPart-
#204010	REDUCE cov: 542 ft: 2136 corp: 457/19Kb lim: 201 exec/s: 17000 rss: 504Mb L: 18/189 MS: 2 ChangeByte-EraseBytes-
#204311	REDUCE cov: 542 ft: 2136 corp: 457/19Kb lim: 201 exec/s: 17025 rss: 504Mb L: 75/189 MS: 1 EraseBytes-
#204318	REDUCE cov: 542 ft: 2136 corp: 457/19Kb lim: 201 exec/s: 17026 rss: 504Mb L: 25/189 MS: 2 InsertByte-EraseBytes-
#204423	REDUCE cov: 542 ft: 2136 corp: 457/19Kb lim: 201 exec/s: 17035 rss: 504Mb L: 83/189 MS: 5 ChangeByte-PersAutoDict-ChangeByte-ShuffleBytes-EraseBytes- DE: "\016\000"-
#204589	REDUCE cov: 542 ft: 2136 corp: 457/19Kb lim: 201 exec/s: 17049 rss: 504Mb L: 5/189 MS: 1 EraseBytes-
#204982	REDUCE cov: 542 ft: 2139 corp: 458/19Kb lim: 201 exec/s: 17081 rss: 506Mb L: 181/189 MS: 3 CrossOver-CopyPart-CopyPart-
#205003	REDUCE cov: 542 ft: 2139 corp: 458/19Kb lim: 201 exec/s: 17083 rss: 506Mb L: 116/189 MS: 1 EraseBytes-
#205059	REDUCE cov: 542 ft: 2139 corp: 458/19Kb lim: 201 exec/s: 17088 rss: 506Mb L: 7/189 MS: 1 EraseBytes-
#205086	REDUCE cov: 542 ft: 2139 corp: 458/19Kb lim: 201 exec/s: 17090 rss: 506Mb L: 17/189 MS: 2 ChangeBit-EraseBytes-
#205112	REDUCE cov: 542 ft: 2139 corp: 458/19Kb lim: 201 exec/s: 17092 rss: 506Mb L: 93/189 MS: 1 EraseBytes-
#205163	REDUCE cov: 542 ft: 2139 corp: 458/19Kb lim: 201 exec/s: 17096 rss: 506Mb L: 95/189 MS: 1 EraseBytes-
#205404	REDUCE cov: 542 ft: 2139 corp: 458/19Kb lim: 201 exec/s: 17117 rss: 506Mb L: 58/189 MS: 1 EraseBytes-
#205580	REDUCE cov: 542 ft: 2139 corp: 458/19Kb lim: 201 exec/s: 17131 rss: 506Mb L: 18/189 MS: 1 EraseBytes-
#205788	REDUCE cov: 542 ft: 2139 corp: 458/19Kb lim: 201 exec/s: 17149 rss: 506Mb L: 6/189 MS: 3 ChangeBit-ChangeBinInt-EraseBytes-
#205924	REDUCE cov: 542 ft: 2139 corp: 458/19Kb lim: 201 exec/s: 17160 rss: 506Mb L: 56/189 MS: 1 EraseBytes-
#206015	NEW    cov: 542 ft: 2141 corp: 459/19Kb lim: 201 exec/s: 17167 rss: 506Mb L: 200/200 MS: 1 CopyPart-
#206119	REDUCE cov: 542 ft: 2144 corp: 460/19Kb lim: 201 exec/s: 17176 rss: 506Mb L: 31/200 MS: 4 CopyPart-CopyPart-PersAutoDict-CrossOver- DE: "\000\000\000P"-
#206236	REDUCE cov: 542 ft: 2144 corp: 460/19Kb lim: 201 exec/s: 17186 rss: 506Mb L: 107/200 MS: 2 CopyPart-EraseBytes-
#206433	REDUCE cov: 542 ft: 2144 corp: 460/19Kb lim: 201 exec/s: 17202 rss: 506Mb L: 62/200 MS: 2 CrossOver-EraseBytes-
#206624	REDUCE cov: 542 ft: 2144 corp: 460/19Kb lim: 201 exec/s: 17218 rss: 507Mb L: 56/200 MS: 1 EraseBytes-
#206645	REDUCE cov: 542 ft: 2144 corp: 460/19Kb lim: 201 exec/s: 17220 rss: 507Mb L: 37/200 MS: 1 EraseBytes-
#206887	REDUCE cov: 542 ft: 2144 corp: 460/19Kb lim: 201 exec/s: 17240 rss: 507Mb L: 6/200 MS: 2 ChangeBinInt-EraseBytes-
#206955	REDUCE cov: 542 ft: 2144 corp: 460/19Kb lim: 201 exec/s: 17246 rss: 507Mb L: 19/200 MS: 3 ShuffleBytes-PersAutoDict-EraseBytes- DE: "\001\000\000\000"-
#207141	REDUCE cov: 542 ft: 2144 corp: 460/19Kb lim: 201 exec/s: 17261 rss: 507Mb L: 133/200 MS: 1 EraseBytes-
#208033	REDUCE cov: 542 ft: 2144 corp: 460/19Kb lim: 208 exec/s: 17336 rss: 508Mb L: 10/200 MS: 2 CopyPart-EraseBytes-
#208344	REDUCE cov: 542 ft: 2144 corp: 460/19Kb lim: 208 exec/s: 17362 rss: 508Mb L: 29/200 MS: 1 EraseBytes-
#208410	REDUCE cov: 542 ft: 2144 corp: 460/19Kb lim: 208 exec/s: 17367 rss: 508Mb L: 23/200 MS: 1 EraseBytes-
#208453	REDUCE cov: 542 ft: 2144 corp: 460/19Kb lim: 208 exec/s: 17371 rss: 508Mb L: 10/200 MS: 3 ShuffleBytes-CopyPart-EraseBytes-
#208717	REDUCE cov: 542 ft: 2144 corp: 460/19Kb lim: 208 exec/s: 17393 rss: 508Mb L: 46/200 MS: 4 InsertByte-ChangeBit-ChangeBit-EraseBytes-
#208718	REDUCE cov: 542 ft: 2144 corp: 460/19Kb lim: 208 exec/s: 17393 rss: 508Mb L: 29/200 MS: 1 EraseBytes-
#209084	REDUCE cov: 542 ft: 2144 corp: 460/19Kb lim: 208 exec/s: 17423 rss: 509Mb L: 107/200 MS: 1 EraseBytes-
#210078	NEW    cov: 542 ft: 2146 corp: 461/19Kb lim: 215 exec/s: 17506 rss: 510Mb L: 214/214 MS: 4 ChangeByte-ChangeByte-ChangeByte-CopyPart-
#210202	REDUCE cov: 542 ft: 2146 corp: 461/19Kb lim: 215 exec/s: 17516 rss: 510Mb L: 69/214 MS: 4 ChangeBit-EraseBytes-CopyPart-EraseBytes-
#210552	REDUCE cov: 542 ft: 2146 corp: 461/19Kb lim: 215 exec/s: 17546 rss: 510Mb L: 150/214 MS: 5 InsertRepeatedBytes-CopyPart-CMP-PersAutoDict-EraseBytes- DE: "\206\000\000\000"-"\377\377\377\377\377\377\377*"-
#210558	REDUCE cov: 542 ft: 2146 corp: 461/19Kb lim: 215 exec/s: 17546 rss: 510Mb L: 3/214 MS: 1 EraseBytes-
#210565	REDUCE cov: 542 ft: 2146 corp: 461/19Kb lim: 215 exec/s: 17547 rss: 510Mb L: 135/214 MS: 2 ChangeByte-EraseBytes-
#210985	REDUCE cov: 542 ft: 2146 corp: 461/19Kb lim: 215 exec/s: 17582 rss: 511Mb L: 129/214 MS: 5 ChangeByte-EraseBytes-ChangeBit-InsertByte-CopyPart-
#211066	REDUCE cov: 542 ft: 2146 corp: 461/19Kb lim: 215 exec/s: 17588 rss: 511Mb L: 9/214 MS: 1 EraseBytes-
#211222	REDUCE cov: 542 ft: 2146 corp: 461/19Kb lim: 215 exec/s: 17601 rss: 511Mb L: 17/214 MS: 1 EraseBytes-
#211324	REDUCE cov: 542 ft: 2146 corp: 461/19Kb lim: 215 exec/s: 17610 rss: 511Mb L: 22/214 MS: 2 ChangeBit-EraseBytes-
#211587	REDUCE cov: 542 ft: 2146 corp: 461/19Kb lim: 215 exec/s: 17632 rss: 511Mb L: 106/214 MS: 3 ChangeBit-ChangeByte-EraseBytes-
#211978	REDUCE cov: 542 ft: 2146 corp: 461/19Kb lim: 215 exec/s: 17664 rss: 512Mb L: 29/214 MS: 1 EraseBytes-
#212059	REDUCE cov: 542 ft: 2146 corp: 461/19Kb lim: 215 exec/s: 17671 rss: 512Mb L: 43/214 MS: 1 EraseBytes-
#212160	NEW    cov: 542 ft: 2147 corp: 462/19Kb lim: 215 exec/s: 17680 rss: 512Mb L: 194/214 MS: 1 CrossOver-
#212302	REDUCE cov: 542 ft: 2147 corp: 462/19Kb lim: 215 exec/s: 17691 rss: 512Mb L: 35/214 MS: 2 ChangeBit-EraseBytes-
#212361	REDUCE cov: 542 ft: 2147 corp: 462/19Kb lim: 215 exec/s: 17696 rss: 512Mb L: 85/214 MS: 4 InsertByte-ChangeBit-ChangeBinInt-EraseBytes-
#212667	REDUCE cov: 542 ft: 2147 corp: 462/19Kb lim: 215 exec/s: 17722 rss: 513Mb L: 93/214 MS: 1 EraseBytes-
#212678	REDUCE cov: 542 ft: 2147 corp: 462/19Kb lim: 215 exec/s: 17723 rss: 513Mb L: 15/214 MS: 1 EraseBytes-
#212901	REDUCE cov: 542 ft: 2147 corp: 462/19Kb lim: 215 exec/s: 17741 rss: 513Mb L: 109/214 MS: 3 ShuffleBytes-ChangeBit-EraseBytes-
#213032	REDUCE cov: 542 ft: 2147 corp: 462/19Kb lim: 215 exec/s: 17752 rss: 513Mb L: 17/214 MS: 1 EraseBytes-
#213445	REDUCE cov: 542 ft: 2147 corp: 462/19Kb lim: 215 exec/s: 16418 rss: 514Mb L: 13/214 MS: 3 ChangeBit-CopyPart-EraseBytes-
#214301	REDUCE cov: 542 ft: 2147 corp: 462/19Kb lim: 222 exec/s: 16484 rss: 515Mb L: 11/214 MS: 1 EraseBytes-
#214498	REDUCE cov: 542 ft: 2147 corp: 462/19Kb lim: 222 exec/s: 16499 rss: 516Mb L: 11/214 MS: 2 CrossOver-EraseBytes-
#214639	REDUCE cov: 542 ft: 2147 corp: 462/19Kb lim: 222 exec/s: 16510 rss: 516Mb L: 4/214 MS: 1 EraseBytes-
#215195	REDUCE cov: 542 ft: 2147 corp: 462/19Kb lim: 222 exec/s: 16553 rss: 517Mb L: 87/214 MS: 1 EraseBytes-
#215252	REDUCE cov: 542 ft: 2147 corp: 462/19Kb lim: 222 exec/s: 16557 rss: 517Mb L: 126/214 MS: 2 ChangeByte-EraseBytes-
#215398	REDUCE cov: 542 ft: 2147 corp: 462/19Kb lim: 222 exec/s: 16569 rss: 517Mb L: 27/214 MS: 1 EraseBytes-
#215989	REDUCE cov: 542 ft: 2147 corp: 462/19Kb lim: 222 exec/s: 16614 rss: 518Mb L: 8/214 MS: 1 EraseBytes-
#216106	REDUCE cov: 542 ft: 2147 corp: 462/19Kb lim: 222 exec/s: 16623 rss: 518Mb L: 27/214 MS: 2 ChangeByte-EraseBytes-
#216202	REDUCE cov: 542 ft: 2147 corp: 462/19Kb lim: 222 exec/s: 16630 rss: 518Mb L: 7/214 MS: 1 EraseBytes-
#216358	REDUCE cov: 542 ft: 2147 corp: 462/19Kb lim: 222 exec/s: 16642 rss: 518Mb L: 4/214 MS: 1 EraseBytes-
#216940	REDUCE cov: 542 ft: 2147 corp: 462/19Kb lim: 222 exec/s: 16687 rss: 519Mb L: 137/214 MS: 2 ChangeBit-EraseBytes-
#217124	REDUCE cov: 542 ft: 2147 corp: 462/19Kb lim: 222 exec/s: 16701 rss: 519Mb L: 17/214 MS: 4 ChangeByte-ChangeBit-InsertByte-EraseBytes-
#217357	REDUCE cov: 542 ft: 2147 corp: 462/19Kb lim: 222 exec/s: 16719 rss: 519Mb L: 92/214 MS: 3 ChangeASCIIInt-EraseBytes-CopyPart-
#217623	REDUCE cov: 542 ft: 2147 corp: 462/19Kb lim: 222 exec/s: 16740 rss: 519Mb L: 16/214 MS: 1 EraseBytes-
#217784	REDUCE cov: 542 ft: 2147 corp: 462/19Kb lim: 222 exec/s: 16752 rss: 519Mb L: 138/214 MS: 1 EraseBytes-
#217825	REDUCE cov: 542 ft: 2147 corp: 462/19Kb lim: 222 exec/s: 16755 rss: 519Mb L: 12/214 MS: 1 EraseBytes-
#218211	REDUCE cov: 542 ft: 2147 corp: 462/19Kb lim: 222 exec/s: 16785 rss: 519Mb L: 16/214 MS: 1 EraseBytes-
#219334	REDUCE cov: 542 ft: 2147 corp: 462/19Kb lim: 229 exec/s: 16871 rss: 520Mb L: 17/214 MS: 3 InsertByte-InsertByte-EraseBytes-
#219985	REDUCE cov: 542 ft: 2147 corp: 462/19Kb lim: 229 exec/s: 16921 rss: 521Mb L: 16/214 MS: 1 EraseBytes-
#220187	REDUCE cov: 542 ft: 2147 corp: 462/19Kb lim: 229 exec/s: 16937 rss: 521Mb L: 14/214 MS: 2 CrossOver-EraseBytes-
#220219	NEW    cov: 542 ft: 2148 corp: 463/20Kb lim: 229 exec/s: 16939 rss: 521Mb L: 211/214 MS: 2 CopyPart-CopyPart-
#220377	REDUCE cov: 542 ft: 2148 corp: 463/19Kb lim: 229 exec/s: 16952 rss: 521Mb L: 30/214 MS: 3 ChangeBit-InsertByte-EraseBytes-
#220788	REDUCE cov: 542 ft: 2151 corp: 464/20Kb lim: 229 exec/s: 16983 rss: 522Mb L: 163/214 MS: 1 CopyPart-
#221165	REDUCE cov: 542 ft: 2151 corp: 464/20Kb lim: 229 exec/s: 17012 rss: 522Mb L: 168/214 MS: 2 PersAutoDict-CrossOver- DE: "\001\000\000\000\000\000\000\000"-
#221173	REDUCE cov: 542 ft: 2151 corp: 464/20Kb lim: 229 exec/s: 17013 rss: 522Mb L: 21/214 MS: 3 PersAutoDict-ChangeBit-EraseBytes- DE: "\001\200"-
#221239	REDUCE cov: 542 ft: 2151 corp: 464/20Kb lim: 229 exec/s: 17018 rss: 522Mb L: 21/214 MS: 1 EraseBytes-
#221558	REDUCE cov: 542 ft: 2151 corp: 464/20Kb lim: 229 exec/s: 17042 rss: 523Mb L: 85/214 MS: 4 ShuffleBytes-ChangeASCIIInt-ChangeBinInt-EraseBytes-
#221651	REDUCE cov: 542 ft: 2151 corp: 464/20Kb lim: 229 exec/s: 17050 rss: 523Mb L: 20/214 MS: 3 ChangeBinInt-EraseBytes-ChangeBinInt-
#221657	REDUCE cov: 542 ft: 2151 corp: 464/20Kb lim: 229 exec/s: 17050 rss: 523Mb L: 79/214 MS: 1 EraseBytes-
#221869	REDUCE cov: 542 ft: 2151 corp: 464/20Kb lim: 229 exec/s: 17066 rss: 523Mb L: 27/214 MS: 2 CopyPart-EraseBytes-
#222045	REDUCE cov: 542 ft: 2151 corp: 464/20Kb lim: 229 exec/s: 17080 rss: 523Mb L: 3/214 MS: 1 EraseBytes-
#222304	REDUCE cov: 542 ft: 2151 corp: 464/20Kb lim: 229 exec/s: 17100 rss: 523Mb L: 55/214 MS: 4 ChangeBinInt-ShuffleBytes-EraseBytes-InsertByte-
#222631	REDUCE cov: 542 ft: 2151 corp: 464/20Kb lim: 229 exec/s: 17125 rss: 524Mb L: 134/214 MS: 2 ChangeBinInt-EraseBytes-
#222705	REDUCE cov: 542 ft: 2151 corp: 464/20Kb lim: 229 exec/s: 17131 rss: 524Mb L: 12/214 MS: 4 PersAutoDict-ChangeBit-PersAutoDict-EraseBytes- DE: "\376\377\377\377\377\377\377\377"-"\000\000"-
#222753	REDUCE cov: 542 ft: 2151 corp: 464/20Kb lim: 229 exec/s: 17134 rss: 524Mb L: 76/214 MS: 3 PersAutoDict-EraseBytes-CrossOver- DE: "\204\000"-
#222920	REDUCE cov: 542 ft: 2151 corp: 464/20Kb lim: 229 exec/s: 17147 rss: 524Mb L: 46/214 MS: 2 CopyPart-EraseBytes-
#223422	NEW    cov: 542 ft: 2152 corp: 465/20Kb lim: 229 exec/s: 17186 rss: 525Mb L: 215/215 MS: 2 ChangeBit-CopyPart-
#223692	REDUCE cov: 542 ft: 2152 corp: 465/20Kb lim: 229 exec/s: 17207 rss: 525Mb L: 164/215 MS: 5 CrossOver-EraseBytes-ShuffleBytes-ChangeBit-CrossOver-
#223758	REDUCE cov: 542 ft: 2152 corp: 465/20Kb lim: 229 exec/s: 17212 rss: 525Mb L: 105/215 MS: 1 EraseBytes-
#224096	REDUCE cov: 542 ft: 2155 corp: 466/20Kb lim: 229 exec/s: 17238 rss: 526Mb L: 212/215 MS: 3 CopyPart-ChangeByte-CrossOver-
#225114	NEW    cov: 542 ft: 2158 corp: 467/20Kb lim: 236 exec/s: 17316 rss: 528Mb L: 95/215 MS: 3 CrossOver-ShuffleBytes-CopyPart-
#225136	NEW    cov: 542 ft: 2161 corp: 468/20Kb lim: 236 exec/s: 17318 rss: 528Mb L: 95/215 MS: 2 ChangeByte-ChangeBinInt-
#225352	REDUCE cov: 542 ft: 2161 corp: 468/20Kb lim: 236 exec/s: 17334 rss: 528Mb L: 11/215 MS: 1 EraseBytes-
#225388	REDUCE cov: 542 ft: 2161 corp: 468/20Kb lim: 236 exec/s: 17337 rss: 528Mb L: 2/215 MS: 1 EraseBytes-
#225469	REDUCE cov: 542 ft: 2163 corp: 469/20Kb lim: 236 exec/s: 17343 rss: 528Mb L: 154/215 MS: 1 CopyPart-
#225705	REDUCE cov: 542 ft: 2163 corp: 469/20Kb lim: 236 exec/s: 17361 rss: 529Mb L: 131/215 MS: 1 EraseBytes-
#225854	REDUCE cov: 542 ft: 2163 corp: 469/20Kb lim: 236 exec/s: 17373 rss: 529Mb L: 179/215 MS: 4 ShuffleBytes-ChangeBit-PersAutoDict-EraseBytes- DE: "\377\377\377\377\377\377\377*"-
#226130	NEW    cov: 542 ft: 2164 corp: 470/20Kb lim: 236 exec/s: 17394 rss: 529Mb L: 165/215 MS: 1 CopyPart-
#226141	REDUCE cov: 542 ft: 2168 corp: 471/21Kb lim: 236 exec/s: 17395 rss: 529Mb L: 221/221 MS: 1 CopyPart-
#226498	REDUCE cov: 542 ft: 2168 corp: 471/21Kb lim: 236 exec/s: 17422 rss: 530Mb L: 105/221 MS: 2 InsertByte-EraseBytes-
#226619	REDUCE cov: 542 ft: 2168 corp: 471/21Kb lim: 236 exec/s: 17432 rss: 530Mb L: 23/221 MS: 1 EraseBytes-
#226720	REDUCE cov: 542 ft: 2168 corp: 471/21Kb lim: 236 exec/s: 17440 rss: 531Mb L: 36/221 MS: 1 EraseBytes-
#227041	REDUCE cov: 542 ft: 2168 corp: 471/21Kb lim: 236 exec/s: 17464 rss: 531Mb L: 82/221 MS: 1 EraseBytes-
#227294	REDUCE cov: 542 ft: 2170 corp: 472/21Kb lim: 236 exec/s: 17484 rss: 532Mb L: 137/221 MS: 3 CopyPart-EraseBytes-CopyPart-
#227332	REDUCE cov: 542 ft: 2170 corp: 472/21Kb lim: 236 exec/s: 17487 rss: 532Mb L: 16/221 MS: 3 CopyPart-ChangeByte-EraseBytes-
#228263	REDUCE cov: 542 ft: 2170 corp: 472/21Kb lim: 243 exec/s: 17558 rss: 533Mb L: 129/221 MS: 1 EraseBytes-
#228509	NEW    cov: 542 ft: 2173 corp: 473/21Kb lim: 243 exec/s: 17577 rss: 533Mb L: 191/221 MS: 1 CopyPart-
#228528	REDUCE cov: 542 ft: 2173 corp: 473/21Kb lim: 243 exec/s: 17579 rss: 533Mb L: 82/221 MS: 4 ChangeASCIIInt-CopyPart-ChangeByte-EraseBytes-
#228664	REDUCE cov: 542 ft: 2173 corp: 473/21Kb lim: 243 exec/s: 17589 rss: 533Mb L: 57/221 MS: 1 EraseBytes-
#228686	REDUCE cov: 542 ft: 2173 corp: 473/21Kb lim: 243 exec/s: 17591 rss: 533Mb L: 15/221 MS: 2 ChangeByte-EraseBytes-
#229071	REDUCE cov: 542 ft: 2173 corp: 473/21Kb lim: 243 exec/s: 17620 rss: 533Mb L: 13/221 MS: 5 CrossOver-ChangeByte-ChangeBit-EraseBytes-ChangeBit-
#229483	REDUCE cov: 542 ft: 2173 corp: 473/21Kb lim: 243 exec/s: 16391 rss: 533Mb L: 68/221 MS: 2 ChangeBit-EraseBytes-
#229629	REDUCE cov: 542 ft: 2173 corp: 473/21Kb lim: 243 exec/s: 16402 rss: 533Mb L: 192/221 MS: 1 EraseBytes-
#229700	NEW    cov: 542 ft: 2177 corp: 474/21Kb lim: 243 exec/s: 16407 rss: 534Mb L: 83/221 MS: 1 CopyPart-
#229874	REDUCE cov: 542 ft: 2177 corp: 474/21Kb lim: 243 exec/s: 16419 rss: 534Mb L: 219/219 MS: 4 CopyPart-PersAutoDict-EraseBytes-CopyPart- DE: "\033\000"-
#229927	NEW    cov: 543 ft: 2201 corp: 475/21Kb lim: 243 exec/s: 16423 rss: 534Mb L: 235/235 MS: 3 ChangeBit-InsertByte-CopyPart-
#229940	REDUCE cov: 543 ft: 2201 corp: 475/21Kb lim: 243 exec/s: 16424 rss: 534Mb L: 26/235 MS: 3 ShuffleBytes-InsertByte-EraseBytes-
#229982	REDUCE cov: 543 ft: 2201 corp: 475/21Kb lim: 243 exec/s: 16427 rss: 534Mb L: 36/235 MS: 2 ChangeASCIIInt-EraseBytes-
#230259	NEW    cov: 543 ft: 2202 corp: 476/21Kb lim: 243 exec/s: 16447 rss: 534Mb L: 236/236 MS: 2 InsertByte-CopyPart-
#230322	REDUCE cov: 543 ft: 2202 corp: 476/21Kb lim: 243 exec/s: 16451 rss: 534Mb L: 12/236 MS: 3 ShuffleBytes-CopyPart-EraseBytes-
#230403	NEW    cov: 543 ft: 2205 corp: 477/22Kb lim: 243 exec/s: 16457 rss: 534Mb L: 233/236 MS: 1 CopyPart-
#230504	REDUCE cov: 543 ft: 2205 corp: 477/22Kb lim: 243 exec/s: 16464 rss: 534Mb L: 103/236 MS: 1 EraseBytes-
#230667	REDUCE cov: 543 ft: 2205 corp: 477/22Kb lim: 243 exec/s: 16476 rss: 534Mb L: 11/236 MS: 3 ChangeBit-InsertByte-EraseBytes-
#230763	REDUCE cov: 543 ft: 2205 corp: 477/22Kb lim: 243 exec/s: 16483 rss: 534Mb L: 23/236 MS: 1 EraseBytes-
#230799	REDUCE cov: 543 ft: 2205 corp: 477/22Kb lim: 243 exec/s: 16485 rss: 534Mb L: 4/236 MS: 1 EraseBytes-
#230935	NEW    cov: 543 ft: 2218 corp: 478/22Kb lim: 243 exec/s: 16495 rss: 535Mb L: 151/236 MS: 1 CopyPart-
#231072	REDUCE cov: 543 ft: 2218 corp: 478/22Kb lim: 243 exec/s: 16505 rss: 535Mb L: 84/236 MS: 2 InsertByte-EraseBytes-
#231088	REDUCE cov: 543 ft: 2218 corp: 478/22Kb lim: 243 exec/s: 16506 rss: 535Mb L: 33/236 MS: 1 EraseBytes-
#231179	REDUCE cov: 543 ft: 2218 corp: 478/22Kb lim: 243 exec/s: 16512 rss: 535Mb L: 18/236 MS: 1 EraseBytes-
#231535	REDUCE cov: 543 ft: 2218 corp: 478/22Kb lim: 243 exec/s: 16538 rss: 535Mb L: 161/236 MS: 1 EraseBytes-
#232679	REDUCE cov: 543 ft: 2218 corp: 478/22Kb lim: 250 exec/s: 16619 rss: 537Mb L: 12/236 MS: 4 CopyPart-ChangeBit-EraseBytes-ShuffleBytes-
#232959	REDUCE cov: 543 ft: 2218 corp: 478/22Kb lim: 250 exec/s: 16639 rss: 537Mb L: 86/236 MS: 5 CopyPart-CopyPart-EraseBytes-ChangeBinInt-ChangeByte-
#233205	REDUCE cov: 543 ft: 2218 corp: 478/22Kb lim: 250 exec/s: 16657 rss: 537Mb L: 60/236 MS: 1 EraseBytes-
#233326	REDUCE cov: 543 ft: 2218 corp: 478/22Kb lim: 250 exec/s: 16666 rss: 538Mb L: 157/236 MS: 1 EraseBytes-
#233543	REDUCE cov: 543 ft: 2218 corp: 478/22Kb lim: 250 exec/s: 16681 rss: 538Mb L: 153/236 MS: 2 PersAutoDict-EraseBytes- DE: "\001\000\000\010"-
#233702	REDUCE cov: 543 ft: 2218 corp: 478/22Kb lim: 250 exec/s: 16693 rss: 538Mb L: 13/236 MS: 4 ChangeBit-ChangeBit-PersAutoDict-EraseBytes- DE: "\177\000"-
#234224	REDUCE cov: 543 ft: 2218 corp: 478/22Kb lim: 250 exec/s: 16730 rss: 539Mb L: 171/236 MS: 2 CopyPart-EraseBytes-
#234355	REDUCE cov: 543 ft: 2218 corp: 478/22Kb lim: 250 exec/s: 16739 rss: 539Mb L: 7/236 MS: 1 EraseBytes-
#234477	REDUCE cov: 543 ft: 2218 corp: 478/22Kb lim: 250 exec/s: 16748 rss: 539Mb L: 8/236 MS: 2 InsertByte-EraseBytes-
#234768	REDUCE cov: 543 ft: 2218 corp: 478/22Kb lim: 250 exec/s: 16769 rss: 539Mb L: 82/236 MS: 1 EraseBytes-
#234839	REDUCE cov: 543 ft: 2218 corp: 478/22Kb lim: 250 exec/s: 16774 rss: 540Mb L: 73/236 MS: 1 EraseBytes-
#235051	REDUCE cov: 543 ft: 2218 corp: 478/22Kb lim: 250 exec/s: 16789 rss: 540Mb L: 154/236 MS: 2 ChangeBinInt-EraseBytes-
#235507	REDUCE cov: 543 ft: 2218 corp: 478/22Kb lim: 250 exec/s: 16821 rss: 541Mb L: 78/236 MS: 1 EraseBytes-
#236048	REDUCE cov: 543 ft: 2218 corp: 478/22Kb lim: 250 exec/s: 16860 rss: 541Mb L: 8/236 MS: 1 EraseBytes-
#236124	REDUCE cov: 543 ft: 2218 corp: 478/22Kb lim: 250 exec/s: 16866 rss: 541Mb L: 76/236 MS: 1 EraseBytes-
#236125	REDUCE cov: 543 ft: 2218 corp: 478/22Kb lim: 250 exec/s: 16866 rss: 541Mb L: 41/236 MS: 1 EraseBytes-
#236491	REDUCE cov: 543 ft: 2218 corp: 478/22Kb lim: 250 exec/s: 16892 rss: 542Mb L: 10/236 MS: 1 EraseBytes-
#236507	REDUCE cov: 543 ft: 2218 corp: 478/22Kb lim: 250 exec/s: 16893 rss: 542Mb L: 12/236 MS: 1 EraseBytes-
#236516	REDUCE cov: 543 ft: 2218 corp: 478/22Kb lim: 250 exec/s: 16894 rss: 542Mb L: 19/236 MS: 4 ChangeBit-PersAutoDict-EraseBytes-EraseBytes- DE: "\016\000"-
#236832	REDUCE cov: 543 ft: 2218 corp: 478/22Kb lim: 250 exec/s: 16916 rss: 543Mb L: 22/236 MS: 1 EraseBytes-
#239054	REDUCE cov: 543 ft: 2218 corp: 478/22Kb lim: 265 exec/s: 17075 rss: 544Mb L: 33/236 MS: 2 ShuffleBytes-EraseBytes-
#240060	REDUCE cov: 543 ft: 2218 corp: 478/22Kb lim: 273 exec/s: 17147 rss: 545Mb L: 3/236 MS: 1 EraseBytes-
#240061	REDUCE cov: 543 ft: 2218 corp: 478/22Kb lim: 273 exec/s: 17147 rss: 545Mb L: 51/236 MS: 1 EraseBytes-
#240147	NEW    cov: 543 ft: 2224 corp: 479/22Kb lim: 273 exec/s: 17153 rss: 545Mb L: 262/262 MS: 1 CopyPart-
#241049	REDUCE cov: 543 ft: 2224 corp: 479/22Kb lim: 281 exec/s: 17217 rss: 546Mb L: 21/262 MS: 2 EraseBytes-CopyPart-
#241590	REDUCE cov: 543 ft: 2224 corp: 479/22Kb lim: 281 exec/s: 17256 rss: 546Mb L: 5/262 MS: 1 EraseBytes-
#241621	REDUCE cov: 543 ft: 2224 corp: 479/22Kb lim: 281 exec/s: 17258 rss: 546Mb L: 13/262 MS: 1 EraseBytes-
#241668	REDUCE cov: 543 ft: 2224 corp: 479/22Kb lim: 281 exec/s: 17262 rss: 546Mb L: 61/262 MS: 2 InsertRepeatedBytes-EraseBytes-
#241731	REDUCE cov: 543 ft: 2224 corp: 479/22Kb lim: 281 exec/s: 17266 rss: 546Mb L: 34/262 MS: 3 ShuffleBytes-ShuffleBytes-EraseBytes-
#241943	REDUCE cov: 543 ft: 2224 corp: 479/22Kb lim: 281 exec/s: 17281 rss: 547Mb L: 147/262 MS: 2 CopyPart-EraseBytes-
#242034	REDUCE cov: 543 ft: 2224 corp: 479/22Kb lim: 281 exec/s: 17288 rss: 547Mb L: 9/262 MS: 1 EraseBytes-
#242052	REDUCE cov: 543 ft: 2224 corp: 479/22Kb lim: 281 exec/s: 17289 rss: 547Mb L: 80/262 MS: 3 ChangeBinInt-ChangeASCIIInt-EraseBytes-
#242154	REDUCE cov: 543 ft: 2226 corp: 480/22Kb lim: 281 exec/s: 17296 rss: 547Mb L: 222/262 MS: 2 ShuffleBytes-CopyPart-
#242432	REDUCE cov: 543 ft: 2226 corp: 480/22Kb lim: 281 exec/s: 17316 rss: 547Mb L: 18/262 MS: 3 InsertByte-ChangeByte-EraseBytes-
#242615	NEW    cov: 543 ft: 2228 corp: 481/22Kb lim: 281 exec/s: 17329 rss: 547Mb L: 188/262 MS: 3 ChangeByte-CrossOver-CopyPart-
#242822	REDUCE cov: 543 ft: 2228 corp: 481/22Kb lim: 281 exec/s: 17344 rss: 547Mb L: 9/262 MS: 2 ChangeBit-EraseBytes-
#243536	REDUCE cov: 543 ft: 2228 corp: 481/22Kb lim: 281 exec/s: 17395 rss: 548Mb L: 82/262 MS: 4 CopyPart-ChangeBinInt-EraseBytes-CopyPart-
#243752	REDUCE cov: 543 ft: 2228 corp: 481/22Kb lim: 281 exec/s: 17410 rss: 549Mb L: 14/262 MS: 1 EraseBytes-
#243933	REDUCE cov: 543 ft: 2228 corp: 481/22Kb lim: 281 exec/s: 17423 rss: 549Mb L: 131/262 MS: 1 EraseBytes-
#244102	REDUCE cov: 543 ft: 2228 corp: 481/22Kb lim: 281 exec/s: 17435 rss: 549Mb L: 3/262 MS: 4 ShuffleBytes-CrossOver-CopyPart-EraseBytes-
#244778	REDUCE cov: 543 ft: 2228 corp: 481/22Kb lim: 281 exec/s: 17484 rss: 550Mb L: 14/262 MS: 1 EraseBytes-
#245290	REDUCE cov: 543 ft: 2228 corp: 481/22Kb lim: 281 exec/s: 16352 rss: 551Mb L: 152/262 MS: 2 ChangeByte-EraseBytes-
#245452	REDUCE cov: 543 ft: 2228 corp: 481/22Kb lim: 281 exec/s: 16363 rss: 551Mb L: 15/262 MS: 2 ChangeByte-EraseBytes-
#245513	REDUCE cov: 543 ft: 2230 corp: 482/22Kb lim: 281 exec/s: 16367 rss: 551Mb L: 4/262 MS: 1 CopyPart-
#245574	REDUCE cov: 543 ft: 2230 corp: 482/22Kb lim: 281 exec/s: 16371 rss: 551Mb L: 66/262 MS: 1 EraseBytes-
#245737	REDUCE cov: 543 ft: 2230 corp: 482/22Kb lim: 281 exec/s: 16382 rss: 551Mb L: 16/262 MS: 3 EraseBytes-ChangeBit-InsertByte-
#245829	REDUCE cov: 544 ft: 2231 corp: 483/22Kb lim: 281 exec/s: 16388 rss: 551Mb L: 11/262 MS: 2 EraseBytes-CrossOver-
#245892	REDUCE cov: 544 ft: 2231 corp: 483/22Kb lim: 281 exec/s: 16392 rss: 551Mb L: 230/262 MS: 3 InsertByte-ChangeASCIIInt-EraseBytes-
#245949	REDUCE cov: 544 ft: 2231 corp: 483/22Kb lim: 281 exec/s: 16396 rss: 552Mb L: 93/262 MS: 2 InsertByte-EraseBytes-
#246030	REDUCE cov: 544 ft: 2231 corp: 483/22Kb lim: 281 exec/s: 16402 rss: 552Mb L: 27/262 MS: 1 EraseBytes-
#246116	REDUCE cov: 544 ft: 2231 corp: 483/22Kb lim: 281 exec/s: 16407 rss: 552Mb L: 10/262 MS: 1 EraseBytes-
#246407	REDUCE cov: 544 ft: 2231 corp: 483/22Kb lim: 281 exec/s: 16427 rss: 553Mb L: 9/262 MS: 1 EraseBytes-
#246483	REDUCE cov: 544 ft: 2231 corp: 483/22Kb lim: 281 exec/s: 16432 rss: 553Mb L: 23/262 MS: 1 EraseBytes-
#246631	REDUCE cov: 544 ft: 2231 corp: 483/22Kb lim: 281 exec/s: 16442 rss: 553Mb L: 39/262 MS: 3 EraseBytes-ChangeBit-ShuffleBytes-
#246793	REDUCE cov: 544 ft: 2231 corp: 483/22Kb lim: 281 exec/s: 16452 rss: 553Mb L: 20/262 MS: 2 ChangeBinInt-EraseBytes-
#246799	REDUCE cov: 544 ft: 2231 corp: 483/22Kb lim: 281 exec/s: 16453 rss: 553Mb L: 81/262 MS: 1 EraseBytes-
#247120	REDUCE cov: 544 ft: 2231 corp: 483/22Kb lim: 281 exec/s: 16474 rss: 554Mb L: 56/262 MS: 1 EraseBytes-
#247244	NEW    cov: 544 ft: 2233 corp: 484/23Kb lim: 281 exec/s: 16482 rss: 554Mb L: 270/270 MS: 4 CMP-CopyPart-InsertByte-CopyPart- DE: "H\000"-
#247470	REDUCE cov: 544 ft: 2233 corp: 484/23Kb lim: 281 exec/s: 16498 rss: 554Mb L: 18/270 MS: 1 EraseBytes-
#247746	REDUCE cov: 544 ft: 2233 corp: 484/23Kb lim: 281 exec/s: 16516 rss: 554Mb L: 24/270 MS: 1 EraseBytes-
#248122	REDUCE cov: 544 ft: 2233 corp: 484/23Kb lim: 281 exec/s: 16541 rss: 555Mb L: 7/270 MS: 1 EraseBytes-
#248708	REDUCE cov: 544 ft: 2233 corp: 484/22Kb lim: 281 exec/s: 16580 rss: 555Mb L: 123/270 MS: 1 EraseBytes-
#248909	REDUCE cov: 544 ft: 2233 corp: 484/22Kb lim: 281 exec/s: 16593 rss: 555Mb L: 4/270 MS: 1 EraseBytes-
#249176	REDUCE cov: 544 ft: 2233 corp: 484/22Kb lim: 281 exec/s: 16611 rss: 555Mb L: 71/270 MS: 2 CopyPart-EraseBytes-
#249345	REDUCE cov: 544 ft: 2234 corp: 485/23Kb lim: 281 exec/s: 16623 rss: 555Mb L: 270/270 MS: 4 CopyPart-ChangeBit-ChangeBit-CopyPart-
#249413	REDUCE cov: 544 ft: 2234 corp: 485/23Kb lim: 281 exec/s: 16627 rss: 555Mb L: 79/270 MS: 3 ShuffleBytes-ShuffleBytes-EraseBytes-
#250029	REDUCE cov: 544 ft: 2234 corp: 485/23Kb lim: 281 exec/s: 16668 rss: 555Mb L: 123/270 MS: 1 EraseBytes-
#250165	REDUCE cov: 544 ft: 2234 corp: 485/23Kb lim: 281 exec/s: 16677 rss: 555Mb L: 101/270 MS: 1 EraseBytes-
#250703	REDUCE cov: 544 ft: 2235 corp: 486/23Kb lim: 281 exec/s: 16713 rss: 555Mb L: 250/270 MS: 3 ShuffleBytes-ChangeBinInt-CopyPart-
#251039	REDUCE cov: 544 ft: 2235 corp: 486/23Kb lim: 281 exec/s: 16735 rss: 556Mb L: 39/270 MS: 1 EraseBytes-
#251040	REDUCE cov: 544 ft: 2235 corp: 486/23Kb lim: 281 exec/s: 16736 rss: 556Mb L: 12/270 MS: 1 EraseBytes-
#251446	REDUCE cov: 544 ft: 2235 corp: 486/23Kb lim: 281 exec/s: 16763 rss: 556Mb L: 21/270 MS: 1 EraseBytes-
#251727	REDUCE cov: 544 ft: 2235 corp: 486/23Kb lim: 281 exec/s: 16781 rss: 556Mb L: 5/270 MS: 1 EraseBytes-
#251914	REDUCE cov: 544 ft: 2235 corp: 486/23Kb lim: 281 exec/s: 16794 rss: 556Mb L: 14/270 MS: 2 CrossOver-EraseBytes-
#251920	REDUCE cov: 544 ft: 2235 corp: 486/23Kb lim: 281 exec/s: 16794 rss: 556Mb L: 29/270 MS: 1 EraseBytes-
#252044	REDUCE cov: 544 ft: 2235 corp: 486/23Kb lim: 281 exec/s: 16802 rss: 556Mb L: 85/270 MS: 4 InsertByte-CopyPart-EraseBytes-EraseBytes-
#252093	REDUCE cov: 544 ft: 2235 corp: 486/23Kb lim: 281 exec/s: 16806 rss: 556Mb L: 135/270 MS: 4 ChangeBinInt-CrossOver-CMP-EraseBytes- DE: "i\000\000\000"-
#252154	REDUCE cov: 544 ft: 2235 corp: 486/23Kb lim: 281 exec/s: 16810 rss: 556Mb L: 114/270 MS: 1 EraseBytes-
#252390	NEW    cov: 544 ft: 2238 corp: 487/23Kb lim: 281 exec/s: 16826 rss: 556Mb L: 262/270 MS: 1 CopyPart-
#252559	NEW    cov: 544 ft: 2239 corp: 488/23Kb lim: 281 exec/s: 16837 rss: 557Mb L: 280/280 MS: 4 InsertRepeatedBytes-ShuffleBytes-CrossOver-CopyPart-
#252562	REDUCE cov: 544 ft: 2239 corp: 488/23Kb lim: 281 exec/s: 16837 rss: 557Mb L: 56/280 MS: 3 ShuffleBytes-CopyPart-EraseBytes-
#252588	REDUCE cov: 544 ft: 2239 corp: 488/23Kb lim: 281 exec/s: 16839 rss: 557Mb L: 17/280 MS: 1 EraseBytes-
#252739	NEW    cov: 544 ft: 2241 corp: 489/24Kb lim: 281 exec/s: 16849 rss: 557Mb L: 272/280 MS: 1 CopyPart-
#252921	NEW    cov: 544 ft: 2242 corp: 490/24Kb lim: 281 exec/s: 16861 rss: 557Mb L: 268/280 MS: 2 ShuffleBytes-CopyPart-
#253032	REDUCE cov: 544 ft: 2242 corp: 490/24Kb lim: 281 exec/s: 16868 rss: 557Mb L: 35/280 MS: 1 EraseBytes-
#253148	REDUCE cov: 544 ft: 2242 corp: 490/24Kb lim: 281 exec/s: 16876 rss: 557Mb L: 121/280 MS: 1 EraseBytes-
#253426	REDUCE cov: 544 ft: 2242 corp: 490/24Kb lim: 281 exec/s: 16895 rss: 558Mb L: 129/280 MS: 3 ChangeBit-InsertByte-EraseBytes-
#253494	REDUCE cov: 544 ft: 2242 corp: 490/24Kb lim: 281 exec/s: 16899 rss: 558Mb L: 259/280 MS: 3 ChangeBit-PersAutoDict-EraseBytes- DE: "\005\000\000\000\000\000\000\000"-
#253504	REDUCE cov: 544 ft: 2242 corp: 490/24Kb lim: 281 exec/s: 16900 rss: 558Mb L: 234/280 MS: 5 ShuffleBytes-InsertByte-EraseBytes-ChangeBit-InsertByte-
#254145	REDUCE cov: 544 ft: 2242 corp: 490/24Kb lim: 281 exec/s: 16943 rss: 558Mb L: 26/280 MS: 1 EraseBytes-
#254476	REDUCE cov: 544 ft: 2242 corp: 490/24Kb lim: 281 exec/s: 16965 rss: 559Mb L: 10/280 MS: 1 EraseBytes-
#254625	REDUCE cov: 544 ft: 2242 corp: 490/24Kb lim: 281 exec/s: 16975 rss: 559Mb L: 150/280 MS: 4 InsertRepeatedBytes-ChangeByte-PersAutoDict-EraseBytes- DE: "S\000\000\000"-
#254677	REDUCE cov: 544 ft: 2242 corp: 490/24Kb lim: 281 exec/s: 16978 rss: 559Mb L: 25/280 MS: 2 CrossOver-EraseBytes-
#255073	REDUCE cov: 544 ft: 2242 corp: 490/24Kb lim: 281 exec/s: 17004 rss: 560Mb L: 35/280 MS: 1 EraseBytes-
#255334	REDUCE cov: 544 ft: 2242 corp: 490/24Kb lim: 281 exec/s: 17022 rss: 560Mb L: 48/280 MS: 1 EraseBytes-
#255441	REDUCE cov: 544 ft: 2242 corp: 490/24Kb lim: 281 exec/s: 17029 rss: 560Mb L: 5/280 MS: 2 EraseBytes-ChangeBit-
#255689	REDUCE cov: 544 ft: 2244 corp: 491/24Kb lim: 281 exec/s: 17045 rss: 561Mb L: 180/280 MS: 3 InsertRepeatedBytes-CrossOver-CrossOver-
#255707	REDUCE cov: 544 ft: 2244 corp: 491/24Kb lim: 281 exec/s: 17047 rss: 561Mb L: 173/280 MS: 3 EraseBytes-InsertByte-CopyPart-
#256275	REDUCE cov: 544 ft: 2244 corp: 491/24Kb lim: 281 exec/s: 17085 rss: 561Mb L: 251/272 MS: 3 CopyPart-CopyPart-EraseBytes-
#256986	REDUCE cov: 544 ft: 2244 corp: 491/24Kb lim: 281 exec/s: 17132 rss: 563Mb L: 10/272 MS: 1 EraseBytes-
#257373	REDUCE cov: 544 ft: 2244 corp: 491/24Kb lim: 281 exec/s: 17158 rss: 563Mb L: 20/272 MS: 2 ChangeBit-EraseBytes-
#258391	REDUCE cov: 544 ft: 2244 corp: 491/24Kb lim: 289 exec/s: 17226 rss: 563Mb L: 230/272 MS: 3 ChangeByte-ChangeBit-EraseBytes-
#259479	REDUCE cov: 544 ft: 2244 corp: 491/24Kb lim: 297 exec/s: 17298 rss: 563Mb L: 74/272 MS: 3 EraseBytes-ChangeBit-CopyPart-
#259971	REDUCE cov: 544 ft: 2244 corp: 491/24Kb lim: 297 exec/s: 17331 rss: 563Mb L: 22/272 MS: 2 PersAutoDict-EraseBytes- DE: "\017\000\000\000"-
#260002	REDUCE cov: 544 ft: 2244 corp: 491/24Kb lim: 297 exec/s: 17333 rss: 563Mb L: 3/272 MS: 1 EraseBytes-
#260513	REDUCE cov: 544 ft: 2244 corp: 491/24Kb lim: 297 exec/s: 17367 rss: 563Mb L: 9/272 MS: 1 EraseBytes-
#260566	NEW    cov: 544 ft: 2246 corp: 492/24Kb lim: 297 exec/s: 17371 rss: 563Mb L: 282/282 MS: 3 CopyPart-ShuffleBytes-CopyPart-
#261138	REDUCE cov: 544 ft: 2246 corp: 492/24Kb lim: 297 exec/s: 17409 rss: 564Mb L: 10/282 MS: 2 ChangeASCIIInt-EraseBytes-
#261469	REDUCE cov: 544 ft: 2246 corp: 492/24Kb lim: 297 exec/s: 17431 rss: 564Mb L: 37/282 MS: 1 EraseBytes-
#261527	REDUCE cov: 544 ft: 2246 corp: 492/24Kb lim: 297 exec/s: 17435 rss: 564Mb L: 144/282 MS: 3 ShuffleBytes-InsertByte-EraseBytes-
#261668	REDUCE cov: 544 ft: 2246 corp: 492/24Kb lim: 297 exec/s: 17444 rss: 564Mb L: 41/282 MS: 1 EraseBytes-
#261919	REDUCE cov: 544 ft: 2246 corp: 492/24Kb lim: 297 exec/s: 16369 rss: 564Mb L: 216/282 MS: 1 EraseBytes-
#262011	REDUCE cov: 544 ft: 2246 corp: 492/24Kb lim: 297 exec/s: 16375 rss: 564Mb L: 185/282 MS: 2 ChangeBit-EraseBytes-
#262144	pulse  cov: 544 ft: 2246 corp: 492/24Kb lim: 297 exec/s: 16384 rss: 564Mb
#262219	REDUCE cov: 544 ft: 2246 corp: 492/24Kb lim: 297 exec/s: 16388 rss: 564Mb L: 177/282 MS: 3 ChangeBit-ShuffleBytes-CrossOver-
#262400	REDUCE cov: 544 ft: 2246 corp: 492/24Kb lim: 297 exec/s: 16400 rss: 564Mb L: 113/282 MS: 1 EraseBytes-
#262771	REDUCE cov: 544 ft: 2246 corp: 492/24Kb lim: 297 exec/s: 16423 rss: 564Mb L: 73/282 MS: 1 EraseBytes-
#263377	REDUCE cov: 544 ft: 2246 corp: 492/24Kb lim: 297 exec/s: 16461 rss: 565Mb L: 6/282 MS: 1 EraseBytes-
#264118	REDUCE cov: 544 ft: 2246 corp: 492/24Kb lim: 297 exec/s: 16507 rss: 566Mb L: 54/282 MS: 1 EraseBytes-
#264184	REDUCE cov: 544 ft: 2246 corp: 492/24Kb lim: 297 exec/s: 16511 rss: 566Mb L: 209/282 MS: 1 EraseBytes-
#264601	REDUCE cov: 544 ft: 2246 corp: 492/24Kb lim: 297 exec/s: 16537 rss: 567Mb L: 79/282 MS: 2 ChangeBinInt-EraseBytes-
#264847	REDUCE cov: 544 ft: 2246 corp: 492/24Kb lim: 297 exec/s: 16552 rss: 567Mb L: 18/282 MS: 1 EraseBytes-
#265178	REDUCE cov: 544 ft: 2246 corp: 492/24Kb lim: 297 exec/s: 16573 rss: 567Mb L: 56/282 MS: 1 EraseBytes-
#265215	REDUCE cov: 544 ft: 2246 corp: 492/24Kb lim: 297 exec/s: 16575 rss: 567Mb L: 17/282 MS: 2 EraseBytes-EraseBytes-
#265678	REDUCE cov: 544 ft: 2247 corp: 493/24Kb lim: 297 exec/s: 16604 rss: 568Mb L: 144/282 MS: 3 ChangeBit-ChangeBinInt-CopyPart-
#266062	REDUCE cov: 544 ft: 2247 corp: 493/24Kb lim: 297 exec/s: 16628 rss: 569Mb L: 252/282 MS: 4 ChangeBinInt-PersAutoDict-ChangeBit-EraseBytes- DE: "\017\000\000\000"-
#266353	REDUCE cov: 544 ft: 2247 corp: 493/24Kb lim: 297 exec/s: 16647 rss: 569Mb L: 104/282 MS: 1 EraseBytes-
#266700	REDUCE cov: 544 ft: 2247 corp: 493/24Kb lim: 297 exec/s: 16668 rss: 569Mb L: 25/282 MS: 2 ChangeBit-EraseBytes-
#267446	REDUCE cov: 544 ft: 2247 corp: 493/24Kb lim: 297 exec/s: 16715 rss: 569Mb L: 212/282 MS: 1 EraseBytes-
#267650	NEW    cov: 544 ft: 2248 corp: 494/24Kb lim: 297 exec/s: 16728 rss: 569Mb L: 177/282 MS: 4 InsertByte-CrossOver-ChangeByte-CopyPart-
#267986	REDUCE cov: 544 ft: 2248 corp: 494/24Kb lim: 297 exec/s: 16749 rss: 569Mb L: 24/282 MS: 1 EraseBytes-
#268173	REDUCE cov: 544 ft: 2248 corp: 494/24Kb lim: 297 exec/s: 16760 rss: 570Mb L: 201/282 MS: 2 CopyPart-EraseBytes-
#268289	REDUCE cov: 544 ft: 2248 corp: 494/24Kb lim: 297 exec/s: 16768 rss: 570Mb L: 6/282 MS: 1 EraseBytes-
#268776	REDUCE cov: 544 ft: 2248 corp: 494/24Kb lim: 297 exec/s: 16798 rss: 570Mb L: 125/282 MS: 2 ChangeBinInt-EraseBytes-
#268789	REDUCE cov: 544 ft: 2248 corp: 494/24Kb lim: 297 exec/s: 16799 rss: 570Mb L: 7/282 MS: 3 InsertByte-ShuffleBytes-EraseBytes-
#268965	REDUCE cov: 544 ft: 2248 corp: 494/24Kb lim: 297 exec/s: 16810 rss: 570Mb L: 58/282 MS: 1 EraseBytes-
#269907	REDUCE cov: 544 ft: 2248 corp: 494/24Kb lim: 305 exec/s: 16869 rss: 570Mb L: 5/282 MS: 2 ShuffleBytes-EraseBytes-
#270106	REDUCE cov: 544 ft: 2250 corp: 495/25Kb lim: 305 exec/s: 16881 rss: 570Mb L: 277/282 MS: 4 ChangeBit-ChangeBinInt-ChangeBit-CopyPart-
#270704	REDUCE cov: 544 ft: 2250 corp: 495/25Kb lim: 305 exec/s: 16919 rss: 570Mb L: 123/282 MS: 3 InsertByte-ChangeBinInt-EraseBytes-
#270740	REDUCE cov: 544 ft: 2250 corp: 495/25Kb lim: 305 exec/s: 16921 rss: 570Mb L: 105/282 MS: 1 EraseBytes-
#271024	REDUCE cov: 544 ft: 2250 corp: 495/25Kb lim: 305 exec/s: 16939 rss: 570Mb L: 195/282 MS: 4 InsertByte-InsertByte-ChangeBinInt-EraseBytes-
#271273	REDUCE cov: 544 ft: 2250 corp: 495/25Kb lim: 305 exec/s: 16954 rss: 570Mb L: 264/282 MS: 4 EraseBytes-CopyPart-ShuffleBytes-EraseBytes-
#271614	REDUCE cov: 544 ft: 2250 corp: 495/25Kb lim: 305 exec/s: 16975 rss: 570Mb L: 38/282 MS: 1 EraseBytes-
#271750	REDUCE cov: 544 ft: 2250 corp: 495/25Kb lim: 305 exec/s: 16984 rss: 570Mb L: 8/282 MS: 1 EraseBytes-
#272246	REDUCE cov: 544 ft: 2250 corp: 495/25Kb lim: 305 exec/s: 17015 rss: 571Mb L: 195/282 MS: 1 EraseBytes-
#273257	REDUCE cov: 544 ft: 2250 corp: 495/25Kb lim: 313 exec/s: 17078 rss: 572Mb L: 60/282 MS: 1 EraseBytes-
#273628	REDUCE cov: 544 ft: 2250 corp: 495/25Kb lim: 313 exec/s: 17101 rss: 572Mb L: 81/282 MS: 1 EraseBytes-
#274094	REDUCE cov: 544 ft: 2250 corp: 495/25Kb lim: 313 exec/s: 17130 rss: 573Mb L: 18/282 MS: 1 EraseBytes-
#274245	REDUCE cov: 544 ft: 2250 corp: 495/25Kb lim: 313 exec/s: 17140 rss: 573Mb L: 28/282 MS: 1 EraseBytes-
#274271	REDUCE cov: 544 ft: 2250 corp: 495/25Kb lim: 313 exec/s: 17141 rss: 573Mb L: 35/282 MS: 1 EraseBytes-
#274327	REDUCE cov: 544 ft: 2250 corp: 495/25Kb lim: 313 exec/s: 17145 rss: 573Mb L: 20/282 MS: 1 EraseBytes-
#274406	NEW    cov: 546 ft: 2252 corp: 496/25Kb lim: 313 exec/s: 17150 rss: 573Mb L: 250/282 MS: 4 CopyPart-PersAutoDict-ChangeBit-InsertRepeatedBytes- DE: "F\000"-
#274417	REDUCE cov: 546 ft: 2252 corp: 496/25Kb lim: 313 exec/s: 17151 rss: 573Mb L: 43/282 MS: 1 EraseBytes-
#274418	REDUCE cov: 546 ft: 2252 corp: 496/25Kb lim: 313 exec/s: 17151 rss: 573Mb L: 249/282 MS: 1 EraseBytes-
#274630	REDUCE cov: 546 ft: 2252 corp: 496/25Kb lim: 313 exec/s: 17164 rss: 573Mb L: 188/282 MS: 2 ChangeBit-EraseBytes-
#274649	REDUCE cov: 546 ft: 2253 corp: 497/25Kb lim: 313 exec/s: 17165 rss: 574Mb L: 217/282 MS: 4 ChangeBit-ShuffleBytes-InsertRepeatedBytes-CopyPart-
#274926	REDUCE cov: 546 ft: 2253 corp: 497/25Kb lim: 313 exec/s: 17182 rss: 574Mb L: 15/282 MS: 2 EraseBytes-InsertByte-
#274972	REDUCE cov: 546 ft: 2253 corp: 497/25Kb lim: 313 exec/s: 17185 rss: 574Mb L: 184/282 MS: 1 EraseBytes-
#275201	REDUCE cov: 546 ft: 2253 corp: 497/25Kb lim: 313 exec/s: 17200 rss: 575Mb L: 125/282 MS: 4 ChangeBit-ChangeBinInt-ShuffleBytes-EraseBytes-
#275414	REDUCE cov: 546 ft: 2253 corp: 497/25Kb lim: 313 exec/s: 17213 rss: 575Mb L: 12/282 MS: 3 EraseBytes-CrossOver-CopyPart-
#275557	REDUCE cov: 546 ft: 2253 corp: 497/25Kb lim: 313 exec/s: 17222 rss: 575Mb L: 8/282 MS: 3 CopyPart-InsertByte-EraseBytes-
#276429	REDUCE cov: 546 ft: 2253 corp: 497/25Kb lim: 321 exec/s: 17276 rss: 575Mb L: 34/282 MS: 2 ChangeBinInt-EraseBytes-
#276456	REDUCE cov: 546 ft: 2253 corp: 497/25Kb lim: 321 exec/s: 17278 rss: 575Mb L: 8/282 MS: 2 ChangeBit-EraseBytes-
#276687	REDUCE cov: 546 ft: 2253 corp: 497/25Kb lim: 321 exec/s: 17292 rss: 575Mb L: 120/282 MS: 1 EraseBytes-
#276692	REDUCE cov: 548 ft: 2255 corp: 498/25Kb lim: 321 exec/s: 17293 rss: 575Mb L: 161/282 MS: 5 EraseBytes-CrossOver-EraseBytes-InsertRepeatedBytes-CrossOver-
#276883	REDUCE cov: 548 ft: 2255 corp: 498/25Kb lim: 321 exec/s: 17305 rss: 575Mb L: 12/282 MS: 1 EraseBytes-
#276995	REDUCE cov: 548 ft: 2255 corp: 498/25Kb lim: 321 exec/s: 17312 rss: 575Mb L: 8/282 MS: 2 CopyPart-EraseBytes-
#277091	REDUCE cov: 548 ft: 2255 corp: 498/25Kb lim: 321 exec/s: 17318 rss: 575Mb L: 25/282 MS: 1 EraseBytes-
#277217	REDUCE cov: 548 ft: 2255 corp: 498/25Kb lim: 321 exec/s: 16306 rss: 575Mb L: 128/282 MS: 1 EraseBytes-
#277513	REDUCE cov: 548 ft: 2255 corp: 498/25Kb lim: 321 exec/s: 16324 rss: 575Mb L: 74/282 MS: 1 EraseBytes-
#277594	REDUCE cov: 548 ft: 2255 corp: 498/25Kb lim: 321 exec/s: 16329 rss: 575Mb L: 82/282 MS: 1 EraseBytes-
#277887	REDUCE cov: 548 ft: 2255 corp: 498/25Kb lim: 321 exec/s: 16346 rss: 575Mb L: 180/282 MS: 3 PersAutoDict-ChangeByte-EraseBytes- DE: "\001\000\000\000\000\000\000\000"-
#277954	REDUCE cov: 548 ft: 2255 corp: 498/25Kb lim: 321 exec/s: 16350 rss: 575Mb L: 30/282 MS: 2 ChangeByte-EraseBytes-
#278090	REDUCE cov: 548 ft: 2255 corp: 498/25Kb lim: 321 exec/s: 16358 rss: 575Mb L: 19/282 MS: 1 EraseBytes-
#278422	REDUCE cov: 548 ft: 2255 corp: 498/25Kb lim: 321 exec/s: 16377 rss: 575Mb L: 81/282 MS: 2 ChangeByte-EraseBytes-
#278489	REDUCE cov: 548 ft: 2255 corp: 498/25Kb lim: 321 exec/s: 16381 rss: 575Mb L: 39/282 MS: 2 ChangeBit-EraseBytes-
#278650	REDUCE cov: 548 ft: 2255 corp: 498/25Kb lim: 321 exec/s: 16391 rss: 575Mb L: 25/282 MS: 1 EraseBytes-
#279366	NEW    cov: 548 ft: 2257 corp: 499/25Kb lim: 321 exec/s: 16433 rss: 576Mb L: 250/282 MS: 1 CopyPart-
#279910	REDUCE cov: 548 ft: 2258 corp: 500/26Kb lim: 321 exec/s: 16465 rss: 576Mb L: 307/307 MS: 4 InsertByte-ChangeByte-ShuffleBytes-CopyPart-
#280397	REDUCE cov: 548 ft: 2258 corp: 500/26Kb lim: 321 exec/s: 16493 rss: 576Mb L: 137/307 MS: 2 PersAutoDict-EraseBytes- DE: "\001I"-
#280543	REDUCE cov: 548 ft: 2258 corp: 500/26Kb lim: 321 exec/s: 16502 rss: 576Mb L: 7/307 MS: 1 EraseBytes-
#280983	REDUCE cov: 548 ft: 2258 corp: 500/26Kb lim: 321 exec/s: 16528 rss: 576Mb L: 239/307 MS: 5 InsertByte-InsertRepeatedBytes-ChangeBit-InsertByte-EraseBytes-
#281122	REDUCE cov: 548 ft: 2258 corp: 500/26Kb lim: 321 exec/s: 16536 rss: 576Mb L: 258/307 MS: 4 ChangeBinInt-InsertRepeatedBytes-ChangeASCIIInt-EraseBytes-
#281137	REDUCE cov: 548 ft: 2258 corp: 500/26Kb lim: 321 exec/s: 16537 rss: 576Mb L: 269/307 MS: 5 CopyPart-CopyPart-CopyPart-InsertRepeatedBytes-EraseBytes-
#281205	REDUCE cov: 548 ft: 2258 corp: 500/26Kb lim: 321 exec/s: 16541 rss: 576Mb L: 148/307 MS: 3 ShuffleBytes-ChangeByte-EraseBytes-
#281385	REDUCE cov: 548 ft: 2260 corp: 501/26Kb lim: 321 exec/s: 16552 rss: 576Mb L: 231/307 MS: 5 CrossOver-CMP-ShuffleBytes-ChangeBit-CrossOver- DE: "=\001\000\000\000\000\000\000"-
#281402	REDUCE cov: 548 ft: 2260 corp: 501/26Kb lim: 321 exec/s: 16553 rss: 576Mb L: 21/307 MS: 2 ChangeBit-EraseBytes-
#281608	REDUCE cov: 548 ft: 2260 corp: 501/26Kb lim: 321 exec/s: 16565 rss: 576Mb L: 63/307 MS: 1 EraseBytes-
#282124	REDUCE cov: 548 ft: 2260 corp: 501/26Kb lim: 321 exec/s: 16595 rss: 576Mb L: 220/307 MS: 1 EraseBytes-
#282331	REDUCE cov: 548 ft: 2262 corp: 502/26Kb lim: 321 exec/s: 16607 rss: 577Mb L: 128/307 MS: 2 CrossOver-CopyPart-
#282377	REDUCE cov: 548 ft: 2262 corp: 502/26Kb lim: 321 exec/s: 16610 rss: 577Mb L: 26/307 MS: 1 EraseBytes-
#282545	REDUCE cov: 548 ft: 2262 corp: 502/26Kb lim: 321 exec/s: 16620 rss: 577Mb L: 154/307 MS: 3 PersAutoDict-ChangeByte-EraseBytes- DE: "\001\000\000\010"-
#282678	REDUCE cov: 548 ft: 2262 corp: 502/26Kb lim: 321 exec/s: 16628 rss: 577Mb L: 100/307 MS: 3 ShuffleBytes-CopyPart-EraseBytes-
#282741	REDUCE cov: 548 ft: 2262 corp: 502/26Kb lim: 321 exec/s: 16631 rss: 577Mb L: 17/307 MS: 3 InsertByte-ChangeBit-EraseBytes-
#282818	REDUCE cov: 548 ft: 2262 corp: 502/26Kb lim: 321 exec/s: 16636 rss: 577Mb L: 26/307 MS: 2 ChangeBit-EraseBytes-
#283164	REDUCE cov: 548 ft: 2262 corp: 502/26Kb lim: 321 exec/s: 16656 rss: 577Mb L: 19/307 MS: 1 EraseBytes-
#283370	REDUCE cov: 548 ft: 2262 corp: 502/26Kb lim: 321 exec/s: 16668 rss: 578Mb L: 30/307 MS: 1 EraseBytes-
#283418	REDUCE cov: 548 ft: 2262 corp: 502/26Kb lim: 321 exec/s: 16671 rss: 578Mb L: 4/307 MS: 3 CopyPart-EraseBytes-ShuffleBytes-
#283852	NEW    cov: 548 ft: 2264 corp: 503/26Kb lim: 321 exec/s: 16697 rss: 578Mb L: 137/307 MS: 4 ChangeBinInt-PersAutoDict-InsertByte-ShuffleBytes- DE: "\377\377\377\377\377\377\377\005"-
#283912	REDUCE cov: 548 ft: 2264 corp: 503/26Kb lim: 321 exec/s: 16700 rss: 578Mb L: 94/307 MS: 5 ChangeByte-EraseBytes-ChangeBinInt-EraseBytes-CopyPart-
#283935	REDUCE cov: 548 ft: 2264 corp: 503/26Kb lim: 321 exec/s: 16702 rss: 578Mb L: 39/307 MS: 3 ChangeBit-ShuffleBytes-EraseBytes-
#284326	REDUCE cov: 548 ft: 2264 corp: 503/26Kb lim: 321 exec/s: 16725 rss: 578Mb L: 77/307 MS: 1 EraseBytes-
#284434	REDUCE cov: 548 ft: 2264 corp: 503/26Kb lim: 321 exec/s: 16731 rss: 578Mb L: 3/307 MS: 3 ChangeBit-EraseBytes-CrossOver-
#284631	REDUCE cov: 548 ft: 2264 corp: 503/26Kb lim: 321 exec/s: 16743 rss: 578Mb L: 175/307 MS: 2 ChangeBinInt-EraseBytes-
#285206	NEW    cov: 548 ft: 2266 corp: 504/26Kb lim: 321 exec/s: 16776 rss: 579Mb L: 305/307 MS: 5 CopyPart-ChangeByte-ChangeByte-ChangeByte-CopyPart-
#285212	REDUCE cov: 548 ft: 2266 corp: 504/26Kb lim: 321 exec/s: 16777 rss: 579Mb L: 71/307 MS: 1 CrossOver-
#285653	REDUCE cov: 548 ft: 2266 corp: 504/26Kb lim: 321 exec/s: 16803 rss: 579Mb L: 232/307 MS: 1 EraseBytes-
#285894	NEW    cov: 548 ft: 2268 corp: 505/26Kb lim: 321 exec/s: 16817 rss: 579Mb L: 137/307 MS: 1 CopyPart-
#286015	REDUCE cov: 548 ft: 2268 corp: 505/26Kb lim: 321 exec/s: 16824 rss: 579Mb L: 97/307 MS: 1 EraseBytes-
#286041	REDUCE cov: 548 ft: 2268 corp: 505/26Kb lim: 321 exec/s: 16825 rss: 579Mb L: 33/307 MS: 1 EraseBytes-
#286163	REDUCE cov: 548 ft: 2270 corp: 506/26Kb lim: 321 exec/s: 16833 rss: 579Mb L: 198/307 MS: 2 EraseBytes-CrossOver-
#286274	REDUCE cov: 548 ft: 2270 corp: 506/26Kb lim: 321 exec/s: 16839 rss: 579Mb L: 12/307 MS: 1 EraseBytes-
#286605	REDUCE cov: 548 ft: 2270 corp: 506/26Kb lim: 321 exec/s: 16859 rss: 579Mb L: 9/307 MS: 1 EraseBytes-
#286666	REDUCE cov: 548 ft: 2270 corp: 506/26Kb lim: 321 exec/s: 16862 rss: 579Mb L: 126/307 MS: 1 EraseBytes-
#286852	REDUCE cov: 548 ft: 2270 corp: 506/26Kb lim: 321 exec/s: 16873 rss: 579Mb L: 58/307 MS: 1 EraseBytes-
#286969	REDUCE cov: 548 ft: 2270 corp: 506/26Kb lim: 321 exec/s: 16880 rss: 579Mb L: 303/305 MS: 2 ChangeASCIIInt-EraseBytes-
#287110	REDUCE cov: 548 ft: 2270 corp: 506/26Kb lim: 321 exec/s: 16888 rss: 579Mb L: 19/305 MS: 1 EraseBytes-
#287119	REDUCE cov: 548 ft: 2270 corp: 506/26Kb lim: 321 exec/s: 16889 rss: 579Mb L: 251/305 MS: 4 ChangeBinInt-CopyPart-PersAutoDict-EraseBytes- DE: "\005\000\000\000\000\000\000\000"-
#287131	REDUCE cov: 548 ft: 2270 corp: 506/26Kb lim: 321 exec/s: 16890 rss: 579Mb L: 174/305 MS: 2 ShuffleBytes-EraseBytes-
#287182	REDUCE cov: 548 ft: 2270 corp: 506/26Kb lim: 321 exec/s: 16893 rss: 579Mb L: 101/305 MS: 1 EraseBytes-
#287199	NEW    cov: 548 ft: 2271 corp: 507/27Kb lim: 321 exec/s: 16894 rss: 579Mb L: 298/305 MS: 2 ShuffleBytes-CopyPart-
#287225	REDUCE cov: 548 ft: 2271 corp: 507/27Kb lim: 321 exec/s: 16895 rss: 579Mb L: 116/305 MS: 1 EraseBytes-
#287364	REDUCE cov: 548 ft: 2271 corp: 507/27Kb lim: 321 exec/s: 16903 rss: 579Mb L: 226/305 MS: 4 CrossOver-CopyPart-PersAutoDict-EraseBytes- DE: "\000\200"-
#287550	REDUCE cov: 548 ft: 2271 corp: 507/27Kb lim: 321 exec/s: 16914 rss: 579Mb L: 16/305 MS: 1 EraseBytes-
#287594	REDUCE cov: 550 ft: 2273 corp: 508/27Kb lim: 321 exec/s: 16917 rss: 579Mb L: 262/305 MS: 4 ChangeBit-CrossOver-CrossOver-CrossOver-
#287637	REDUCE cov: 550 ft: 2273 corp: 508/27Kb lim: 321 exec/s: 16919 rss: 579Mb L: 17/305 MS: 3 ChangeBinInt-ChangeBit-EraseBytes-
#287988	REDUCE cov: 550 ft: 2273 corp: 508/27Kb lim: 321 exec/s: 16940 rss: 579Mb L: 79/305 MS: 1 EraseBytes-
#288120	REDUCE cov: 550 ft: 2273 corp: 508/27Kb lim: 321 exec/s: 16948 rss: 579Mb L: 129/305 MS: 2 ChangeBit-EraseBytes-
#288413	REDUCE cov: 550 ft: 2273 corp: 508/27Kb lim: 321 exec/s: 16965 rss: 579Mb L: 254/305 MS: 3 CrossOver-PersAutoDict-CrossOver- DE: "H\000"-
#289034	REDUCE cov: 550 ft: 2273 corp: 508/27Kb lim: 321 exec/s: 17002 rss: 579Mb L: 117/305 MS: 1 EraseBytes-
#289161	REDUCE cov: 550 ft: 2273 corp: 508/27Kb lim: 321 exec/s: 17009 rss: 579Mb L: 49/305 MS: 2 ShuffleBytes-EraseBytes-
#289272	REDUCE cov: 550 ft: 2273 corp: 508/27Kb lim: 321 exec/s: 17016 rss: 579Mb L: 15/305 MS: 1 EraseBytes-
#289481	REDUCE cov: 550 ft: 2273 corp: 508/27Kb lim: 321 exec/s: 17028 rss: 579Mb L: 79/305 MS: 4 ChangeByte-PersAutoDict-ChangeBit-EraseBytes- DE: "\000\000\000\200"-
#289882	REDUCE cov: 550 ft: 2273 corp: 508/27Kb lim: 321 exec/s: 17051 rss: 579Mb L: 18/305 MS: 1 EraseBytes-
#289966	REDUCE cov: 550 ft: 2277 corp: 509/27Kb lim: 321 exec/s: 17056 rss: 579Mb L: 295/305 MS: 4 EraseBytes-EraseBytes-InsertRepeatedBytes-CrossOver-
#289982	REDUCE cov: 550 ft: 2277 corp: 509/27Kb lim: 321 exec/s: 17057 rss: 579Mb L: 66/305 MS: 1 EraseBytes-
#290053	REDUCE cov: 550 ft: 2277 corp: 509/27Kb lim: 321 exec/s: 17061 rss: 579Mb L: 13/305 MS: 1 EraseBytes-
#290174	REDUCE cov: 550 ft: 2277 corp: 509/27Kb lim: 321 exec/s: 17069 rss: 579Mb L: 17/305 MS: 1 EraseBytes-
#290486	REDUCE cov: 550 ft: 2277 corp: 509/27Kb lim: 321 exec/s: 17087 rss: 579Mb L: 17/305 MS: 2 ChangeASCIIInt-CrossOver-
#290600	REDUCE cov: 550 ft: 2277 corp: 509/27Kb lim: 321 exec/s: 17094 rss: 579Mb L: 148/305 MS: 4 ShuffleBytes-CMP-ShuffleBytes-EraseBytes- DE: "\001\000\000\000\000\000\000\001"-
#290928	REDUCE cov: 550 ft: 2277 corp: 509/27Kb lim: 321 exec/s: 17113 rss: 579Mb L: 22/305 MS: 3 ChangeBit-ShuffleBytes-EraseBytes-
#290939	REDUCE cov: 550 ft: 2277 corp: 509/27Kb lim: 321 exec/s: 17114 rss: 579Mb L: 71/305 MS: 1 EraseBytes-
#290947	REDUCE cov: 550 ft: 2277 corp: 509/27Kb lim: 321 exec/s: 17114 rss: 579Mb L: 36/305 MS: 3 ChangeBinInt-PersAutoDict-EraseBytes- DE: "\000\000\000P"-
#291087	REDUCE cov: 550 ft: 2277 corp: 509/27Kb lim: 321 exec/s: 17122 rss: 579Mb L: 80/305 MS: 5 ChangeBit-ChangeBit-InsertByte-ShuffleBytes-EraseBytes-
#291368	REDUCE cov: 550 ft: 2277 corp: 509/27Kb lim: 321 exec/s: 17139 rss: 580Mb L: 288/298 MS: 1 EraseBytes-
#291419	REDUCE cov: 550 ft: 2277 corp: 509/27Kb lim: 321 exec/s: 17142 rss: 580Mb L: 13/298 MS: 1 EraseBytes-
#291463	REDUCE cov: 550 ft: 2277 corp: 509/27Kb lim: 321 exec/s: 17144 rss: 580Mb L: 153/298 MS: 4 ShuffleBytes-InsertByte-ChangeASCIIInt-EraseBytes-
#291910	REDUCE cov: 550 ft: 2277 corp: 509/27Kb lim: 321 exec/s: 17171 rss: 581Mb L: 78/298 MS: 2 ChangeBit-EraseBytes-
#292271	REDUCE cov: 550 ft: 2277 corp: 509/27Kb lim: 321 exec/s: 17192 rss: 581Mb L: 119/298 MS: 1 EraseBytes-
#292277	REDUCE cov: 550 ft: 2277 corp: 509/27Kb lim: 321 exec/s: 17192 rss: 581Mb L: 21/298 MS: 1 EraseBytes-
#292339	REDUCE cov: 550 ft: 2277 corp: 509/27Kb lim: 321 exec/s: 17196 rss: 581Mb L: 50/298 MS: 2 ShuffleBytes-EraseBytes-
#292595	REDUCE cov: 550 ft: 2277 corp: 509/27Kb lim: 321 exec/s: 17211 rss: 582Mb L: 28/298 MS: 1 EraseBytes-
#292756	REDUCE cov: 550 ft: 2277 corp: 509/27Kb lim: 321 exec/s: 17220 rss: 582Mb L: 24/298 MS: 1 EraseBytes-
#292803	REDUCE cov: 550 ft: 2279 corp: 510/27Kb lim: 321 exec/s: 16266 rss: 582Mb L: 157/298 MS: 2 PersAutoDict-CopyPart- DE: "\205\000\000\000"-
#292965	REDUCE cov: 550 ft: 2279 corp: 510/27Kb lim: 321 exec/s: 16275 rss: 582Mb L: 109/298 MS: 2 ChangeBit-EraseBytes-
#293252	REDUCE cov: 550 ft: 2279 corp: 510/27Kb lim: 321 exec/s: 16291 rss: 582Mb L: 72/298 MS: 2 EraseBytes-CopyPart-
#293330	REDUCE cov: 550 ft: 2279 corp: 510/27Kb lim: 321 exec/s: 16296 rss: 582Mb L: 87/298 MS: 3 ChangeBit-ShuffleBytes-EraseBytes-
#293611	REDUCE cov: 550 ft: 2279 corp: 510/27Kb lim: 321 exec/s: 16311 rss: 582Mb L: 37/298 MS: 1 EraseBytes-
#293722	REDUCE cov: 550 ft: 2279 corp: 510/27Kb lim: 321 exec/s: 16317 rss: 582Mb L: 13/298 MS: 1 EraseBytes-
#293918	REDUCE cov: 550 ft: 2279 corp: 510/27Kb lim: 321 exec/s: 16328 rss: 582Mb L: 132/298 MS: 1 EraseBytes-
#294133	REDUCE cov: 550 ft: 2279 corp: 510/27Kb lim: 321 exec/s: 16340 rss: 582Mb L: 56/298 MS: 5 ChangeBinInt-ChangeBit-ChangeByte-ChangeBinInt-EraseBytes-
#294171	REDUCE cov: 550 ft: 2279 corp: 510/27Kb lim: 321 exec/s: 16342 rss: 582Mb L: 213/298 MS: 3 ChangeBit-ChangeBinInt-EraseBytes-
#294253	REDUCE cov: 550 ft: 2279 corp: 510/27Kb lim: 321 exec/s: 16347 rss: 582Mb L: 210/298 MS: 2 InsertByte-EraseBytes-
#294451	REDUCE cov: 550 ft: 2279 corp: 510/27Kb lim: 321 exec/s: 16358 rss: 582Mb L: 16/298 MS: 3 ChangeByte-ChangeBit-EraseBytes-
#294582	REDUCE cov: 550 ft: 2279 corp: 510/27Kb lim: 321 exec/s: 16365 rss: 582Mb L: 173/298 MS: 1 EraseBytes-
#295039	REDUCE cov: 550 ft: 2279 corp: 510/27Kb lim: 321 exec/s: 16391 rss: 582Mb L: 24/298 MS: 2 ShuffleBytes-EraseBytes-
#295510	REDUCE cov: 550 ft: 2279 corp: 510/27Kb lim: 321 exec/s: 16417 rss: 583Mb L: 56/298 MS: 1 EraseBytes-
#296101	REDUCE cov: 550 ft: 2279 corp: 510/27Kb lim: 321 exec/s: 16450 rss: 583Mb L: 272/298 MS: 1 EraseBytes-
#296125	REDUCE cov: 550 ft: 2280 corp: 511/27Kb lim: 321 exec/s: 16451 rss: 583Mb L: 254/298 MS: 4 ChangeByte-CopyPart-ChangeBit-CopyPart-
#296237	REDUCE cov: 550 ft: 2280 corp: 511/27Kb lim: 321 exec/s: 16457 rss: 583Mb L: 224/298 MS: 2 CopyPart-EraseBytes-
#296438	REDUCE cov: 550 ft: 2280 corp: 511/27Kb lim: 321 exec/s: 16468 rss: 583Mb L: 63/298 MS: 1 EraseBytes-
#296440	REDUCE cov: 550 ft: 2280 corp: 511/27Kb lim: 321 exec/s: 16468 rss: 583Mb L: 24/298 MS: 2 PersAutoDict-EraseBytes- DE: "\001\000\000G"-
#296554	REDUCE cov: 550 ft: 2280 corp: 511/27Kb lim: 321 exec/s: 16475 rss: 583Mb L: 20/298 MS: 4 CrossOver-PersAutoDict-CopyPart-EraseBytes- DE: "=\001\000\000\000\000\000\000"-
#296618	REDUCE cov: 550 ft: 2280 corp: 511/27Kb lim: 321 exec/s: 16478 rss: 583Mb L: 130/298 MS: 4 PersAutoDict-CMP-ShuffleBytes-EraseBytes- DE: "\377\377\377\377\377\377\377*"-"~\377\377\377\377\377\377\370"-
#297071	NEW    cov: 552 ft: 2282 corp: 512/27Kb lim: 321 exec/s: 16503 rss: 583Mb L: 94/298 MS: 3 ChangeBit-InsertByte-CrossOver-
#297073	REDUCE cov: 552 ft: 2282 corp: 512/27Kb lim: 321 exec/s: 16504 rss: 583Mb L: 19/298 MS: 2 ShuffleBytes-EraseBytes-
#297106	REDUCE cov: 552 ft: 2282 corp: 512/27Kb lim: 321 exec/s: 16505 rss: 583Mb L: 32/298 MS: 3 InsertByte-CopyPart-EraseBytes-
#297188	NEW    cov: 552 ft: 2284 corp: 513/27Kb lim: 321 exec/s: 16510 rss: 583Mb L: 114/298 MS: 2 ShuffleBytes-CopyPart-
#297276	REDUCE cov: 552 ft: 2284 corp: 513/27Kb lim: 321 exec/s: 16515 rss: 583Mb L: 95/298 MS: 3 ChangeASCIIInt-ChangeBit-EraseBytes-
#297462	REDUCE cov: 552 ft: 2284 corp: 513/27Kb lim: 321 exec/s: 16525 rss: 583Mb L: 18/298 MS: 1 EraseBytes-
#297553	REDUCE cov: 552 ft: 2284 corp: 513/27Kb lim: 321 exec/s: 16530 rss: 583Mb L: 269/298 MS: 1 EraseBytes-
#297735	REDUCE cov: 552 ft: 2284 corp: 513/27Kb lim: 321 exec/s: 16540 rss: 583Mb L: 61/298 MS: 2 ChangeBinInt-EraseBytes-
#297842	REDUCE cov: 552 ft: 2284 corp: 513/27Kb lim: 321 exec/s: 16546 rss: 583Mb L: 48/298 MS: 2 ChangeBinInt-EraseBytes-
#297849	REDUCE cov: 552 ft: 2284 corp: 513/27Kb lim: 321 exec/s: 16547 rss: 583Mb L: 109/298 MS: 2 ShuffleBytes-EraseBytes-
#297885	REDUCE cov: 552 ft: 2284 corp: 513/27Kb lim: 321 exec/s: 16549 rss: 583Mb L: 29/298 MS: 1 EraseBytes-
#298034	REDUCE cov: 552 ft: 2286 corp: 514/27Kb lim: 321 exec/s: 16557 rss: 583Mb L: 95/298 MS: 4 ChangeBit-ChangeBit-ChangeByte-CopyPart-
#298096	REDUCE cov: 552 ft: 2286 corp: 514/27Kb lim: 321 exec/s: 16560 rss: 583Mb L: 19/298 MS: 2 ChangeBit-EraseBytes-
#298103	REDUCE cov: 552 ft: 2286 corp: 514/27Kb lim: 321 exec/s: 16561 rss: 583Mb L: 67/298 MS: 2 ChangeByte-EraseBytes-
#298295	REDUCE cov: 552 ft: 2286 corp: 514/27Kb lim: 321 exec/s: 16571 rss: 583Mb L: 19/298 MS: 2 CopyPart-EraseBytes-
#298847	REDUCE cov: 552 ft: 2286 corp: 514/27Kb lim: 321 exec/s: 16602 rss: 583Mb L: 235/298 MS: 2 InsertByte-EraseBytes-
#298854	NEW    cov: 552 ft: 2288 corp: 515/27Kb lim: 321 exec/s: 16603 rss: 583Mb L: 96/298 MS: 2 InsertByte-CopyPart-
#298910	REDUCE cov: 552 ft: 2288 corp: 515/27Kb lim: 321 exec/s: 16606 rss: 583Mb L: 128/298 MS: 1 EraseBytes-
#299167	REDUCE cov: 552 ft: 2288 corp: 515/27Kb lim: 321 exec/s: 16620 rss: 583Mb L: 87/298 MS: 2 ChangeBinInt-EraseBytes-
#299187	REDUCE cov: 552 ft: 2288 corp: 515/27Kb lim: 321 exec/s: 16621 rss: 583Mb L: 88/298 MS: 5 ChangeBit-CrossOver-CopyPart-ChangeBit-EraseBytes-
#299393	REDUCE cov: 552 ft: 2288 corp: 515/27Kb lim: 321 exec/s: 16632 rss: 583Mb L: 136/298 MS: 1 EraseBytes-
#299543	REDUCE cov: 552 ft: 2288 corp: 515/27Kb lim: 321 exec/s: 16641 rss: 583Mb L: 9/298 MS: 5 ChangeByte-CrossOver-ChangeByte-ShuffleBytes-EraseBytes-
#299779	REDUCE cov: 552 ft: 2288 corp: 515/27Kb lim: 321 exec/s: 16654 rss: 583Mb L: 57/298 MS: 1 EraseBytes-
#300033	REDUCE cov: 552 ft: 2288 corp: 515/27Kb lim: 321 exec/s: 16668 rss: 584Mb L: 73/298 MS: 4 ChangeByte-InsertByte-InsertByte-EraseBytes-
#300152	REDUCE cov: 552 ft: 2288 corp: 515/27Kb lim: 321 exec/s: 16675 rss: 584Mb L: 238/298 MS: 4 EraseBytes-CopyPart-InsertByte-ChangeBinInt-
#300312	REDUCE cov: 552 ft: 2288 corp: 515/27Kb lim: 321 exec/s: 16684 rss: 584Mb L: 93/298 MS: 5 PersAutoDict-ShuffleBytes-ChangeBinInt-InsertByte-EraseBytes- DE: "\204\000\000\000"-
#300531	REDUCE cov: 552 ft: 2288 corp: 515/27Kb lim: 321 exec/s: 16696 rss: 584Mb L: 138/298 MS: 4 CopyPart-ChangeBinInt-PersAutoDict-EraseBytes- DE: "g\000"-
#300802	REDUCE cov: 552 ft: 2288 corp: 515/27Kb lim: 321 exec/s: 16711 rss: 585Mb L: 145/298 MS: 1 EraseBytes-
#300978	REDUCE cov: 552 ft: 2288 corp: 515/27Kb lim: 321 exec/s: 16721 rss: 585Mb L: 20/298 MS: 1 EraseBytes-
#301244	REDUCE cov: 552 ft: 2288 corp: 515/27Kb lim: 321 exec/s: 16735 rss: 585Mb L: 25/298 MS: 1 EraseBytes-
#301458	REDUCE cov: 552 ft: 2288 corp: 515/27Kb lim: 321 exec/s: 16747 rss: 585Mb L: 73/298 MS: 4 PersAutoDict-EraseBytes-ChangeBit-CopyPart- DE: "\006\000\000\000\000\000\000\000"-
#301749	REDUCE cov: 552 ft: 2288 corp: 515/27Kb lim: 321 exec/s: 16763 rss: 585Mb L: 8/298 MS: 1 EraseBytes-
#301821	REDUCE cov: 552 ft: 2288 corp: 515/27Kb lim: 321 exec/s: 16767 rss: 585Mb L: 207/298 MS: 2 ChangeBit-EraseBytes-
#302152	REDUCE cov: 552 ft: 2288 corp: 515/27Kb lim: 321 exec/s: 16786 rss: 585Mb L: 166/298 MS: 1 EraseBytes-
#302995	REDUCE cov: 552 ft: 2288 corp: 515/27Kb lim: 329 exec/s: 16833 rss: 585Mb L: 124/298 MS: 3 CrossOver-ChangeByte-EraseBytes-
#303409	REDUCE cov: 552 ft: 2288 corp: 515/27Kb lim: 329 exec/s: 16856 rss: 585Mb L: 62/298 MS: 4 ShuffleBytes-CopyPart-EraseBytes-CopyPart-
#303425	REDUCE cov: 552 ft: 2288 corp: 515/27Kb lim: 329 exec/s: 16856 rss: 585Mb L: 255/298 MS: 1 EraseBytes-
#303558	REDUCE cov: 552 ft: 2290 corp: 516/27Kb lim: 329 exec/s: 16864 rss: 585Mb L: 260/298 MS: 3 InsertRepeatedBytes-ChangeBinInt-CopyPart-
#303580	REDUCE cov: 552 ft: 2290 corp: 516/27Kb lim: 329 exec/s: 16865 rss: 585Mb L: 104/298 MS: 2 ShuffleBytes-EraseBytes-
#303602	REDUCE cov: 552 ft: 2290 corp: 516/27Kb lim: 329 exec/s: 16866 rss: 585Mb L: 5/298 MS: 2 EraseBytes-ChangeByte-
#303743	REDUCE cov: 552 ft: 2290 corp: 516/27Kb lim: 329 exec/s: 16874 rss: 585Mb L: 17/298 MS: 1 EraseBytes-
#303749	REDUCE cov: 552 ft: 2290 corp: 516/27Kb lim: 329 exec/s: 16874 rss: 585Mb L: 17/298 MS: 1 EraseBytes-
#304421	REDUCE cov: 552 ft: 2290 corp: 516/27Kb lim: 329 exec/s: 16912 rss: 585Mb L: 73/298 MS: 2 ChangeBit-EraseBytes-
#304444	REDUCE cov: 552 ft: 2290 corp: 516/27Kb lim: 329 exec/s: 16913 rss: 585Mb L: 78/298 MS: 3 CopyPart-ChangeBinInt-EraseBytes-
#304478	REDUCE cov: 552 ft: 2290 corp: 516/27Kb lim: 329 exec/s: 16915 rss: 585Mb L: 68/298 MS: 4 InsertByte-ChangeBit-ChangeByte-EraseBytes-
#304614	REDUCE cov: 552 ft: 2290 corp: 516/27Kb lim: 329 exec/s: 16923 rss: 585Mb L: 40/298 MS: 1 EraseBytes-
#304655	REDUCE cov: 553 ft: 2291 corp: 517/27Kb lim: 329 exec/s: 16925 rss: 585Mb L: 73/298 MS: 1 ChangeBit-
#304921	REDUCE cov: 553 ft: 2291 corp: 517/27Kb lim: 329 exec/s: 16940 rss: 585Mb L: 37/298 MS: 1 EraseBytes-
#304922	REDUCE cov: 553 ft: 2291 corp: 517/27Kb lim: 329 exec/s: 16940 rss: 585Mb L: 16/298 MS: 1 EraseBytes-
#305178	REDUCE cov: 553 ft: 2291 corp: 517/27Kb lim: 329 exec/s: 16954 rss: 585Mb L: 6/298 MS: 1 EraseBytes-
#305283	REDUCE cov: 553 ft: 2293 corp: 518/27Kb lim: 329 exec/s: 16960 rss: 585Mb L: 180/298 MS: 5 ShuffleBytes-CrossOver-PersAutoDict-CrossOver-CrossOver- DE: "H\000"-
#305291	REDUCE cov: 553 ft: 2293 corp: 518/27Kb lim: 329 exec/s: 16960 rss: 585Mb L: 62/298 MS: 3 PersAutoDict-CopyPart-EraseBytes- DE: "\005\000\000\000\000\000\000\000"-
#305362	REDUCE cov: 553 ft: 2293 corp: 518/27Kb lim: 329 exec/s: 16964 rss: 585Mb L: 56/298 MS: 1 EraseBytes-
#305399	REDUCE cov: 553 ft: 2293 corp: 518/27Kb lim: 329 exec/s: 16966 rss: 585Mb L: 79/298 MS: 2 ChangeByte-EraseBytes-
#305432	REDUCE cov: 553 ft: 2293 corp: 518/27Kb lim: 329 exec/s: 16968 rss: 585Mb L: 37/298 MS: 3 EraseBytes-ChangeBit-CrossOver-
#305805	REDUCE cov: 553 ft: 2293 corp: 518/27Kb lim: 329 exec/s: 16989 rss: 585Mb L: 48/298 MS: 3 EraseBytes-ShuffleBytes-ChangeBit-
#305817	REDUCE cov: 553 ft: 2293 corp: 518/27Kb lim: 329 exec/s: 16989 rss: 585Mb L: 47/298 MS: 2 ChangeBinInt-EraseBytes-
#306353	REDUCE cov: 553 ft: 2293 corp: 518/27Kb lim: 329 exec/s: 17019 rss: 585Mb L: 172/298 MS: 1 CrossOver-
#306714	REDUCE cov: 553 ft: 2293 corp: 518/27Kb lim: 329 exec/s: 17039 rss: 585Mb L: 14/298 MS: 1 EraseBytes-
#306731	REDUCE cov: 553 ft: 2293 corp: 518/27Kb lim: 329 exec/s: 17040 rss: 585Mb L: 113/298 MS: 2 ChangeByte-EraseBytes-
#307240	NEW    cov: 553 ft: 2294 corp: 519/28Kb lim: 329 exec/s: 17068 rss: 585Mb L: 298/298 MS: 4 ChangeBinInt-EraseBytes-CopyPart-CopyPart-
#307243	REDUCE cov: 553 ft: 2294 corp: 519/28Kb lim: 329 exec/s: 17069 rss: 585Mb L: 19/298 MS: 3 ChangeBit-CrossOver-EraseBytes-
#307285	REDUCE cov: 553 ft: 2294 corp: 519/28Kb lim: 329 exec/s: 17071 rss: 585Mb L: 22/298 MS: 2 ChangeBit-EraseBytes-
#307409	REDUCE cov: 553 ft: 2294 corp: 519/28Kb lim: 329 exec/s: 17078 rss: 585Mb L: 222/298 MS: 4 ShuffleBytes-ChangeBinInt-ShuffleBytes-EraseBytes-
#307480	REDUCE cov: 553 ft: 2294 corp: 519/28Kb lim: 329 exec/s: 17082 rss: 585Mb L: 15/298 MS: 1 EraseBytes-
#307707	NEW    cov: 553 ft: 2303 corp: 520/28Kb lim: 329 exec/s: 17094 rss: 586Mb L: 323/323 MS: 2 PersAutoDict-CopyPart- DE: "]\000\000\000"-
#307838	REDUCE cov: 553 ft: 2303 corp: 520/28Kb lim: 329 exec/s: 17102 rss: 586Mb L: 11/323 MS: 1 EraseBytes-
#307969	REDUCE cov: 553 ft: 2303 corp: 520/28Kb lim: 329 exec/s: 17109 rss: 586Mb L: 50/323 MS: 1 EraseBytes-
#308005	REDUCE cov: 553 ft: 2303 corp: 520/28Kb lim: 329 exec/s: 17111 rss: 586Mb L: 18/323 MS: 1 EraseBytes-
#308103	REDUCE cov: 553 ft: 2303 corp: 520/28Kb lim: 329 exec/s: 16215 rss: 586Mb L: 16/323 MS: 3 ShuffleBytes-PersAutoDict-EraseBytes- DE: "\377m"-
#308356	REDUCE cov: 553 ft: 2303 corp: 520/28Kb lim: 329 exec/s: 16229 rss: 586Mb L: 225/323 MS: 3 ChangeBit-InsertByte-EraseBytes-
#308892	REDUCE cov: 553 ft: 2303 corp: 520/28Kb lim: 329 exec/s: 16257 rss: 587Mb L: 181/323 MS: 1 EraseBytes-
#309495	REDUCE cov: 553 ft: 2303 corp: 520/28Kb lim: 329 exec/s: 16289 rss: 587Mb L: 69/323 MS: 3 InsertByte-ChangeBit-EraseBytes-
#309726	REDUCE cov: 553 ft: 2303 corp: 520/28Kb lim: 329 exec/s: 16301 rss: 588Mb L: 188/323 MS: 1 EraseBytes-
#310246	REDUCE cov: 553 ft: 2306 corp: 521/28Kb lim: 329 exec/s: 16328 rss: 588Mb L: 273/323 MS: 5 CrossOver-CrossOver-PersAutoDict-EraseBytes-CopyPart- DE: "\000\000\000\000\000\000\000\000"-
#311150	REDUCE cov: 553 ft: 2306 corp: 521/28Kb lim: 337 exec/s: 16376 rss: 588Mb L: 46/323 MS: 4 ChangeByte-CrossOver-ChangeByte-EraseBytes-
#311315	REDUCE cov: 554 ft: 2307 corp: 522/28Kb lim: 337 exec/s: 16385 rss: 588Mb L: 228/323 MS: 5 CrossOver-CMP-ChangeBinInt-InsertRepeatedBytes-ChangeBit- DE: "\005\000\000\000\000\000\000\000"-
#311456	REDUCE cov: 554 ft: 2307 corp: 522/28Kb lim: 337 exec/s: 16392 rss: 588Mb L: 111/323 MS: 1 EraseBytes-
#311528	REDUCE cov: 554 ft: 2307 corp: 522/28Kb lim: 337 exec/s: 16396 rss: 588Mb L: 223/323 MS: 2 ChangeASCIIInt-EraseBytes-
#311851	REDUCE cov: 555 ft: 2308 corp: 523/28Kb lim: 337 exec/s: 16413 rss: 588Mb L: 23/323 MS: 3 ChangeASCIIInt-ShuffleBytes-EraseBytes-
#311952	REDUCE cov: 555 ft: 2308 corp: 523/28Kb lim: 337 exec/s: 16418 rss: 588Mb L: 250/323 MS: 1 EraseBytes-
#312013	REDUCE cov: 555 ft: 2308 corp: 523/28Kb lim: 337 exec/s: 16421 rss: 588Mb L: 64/323 MS: 1 EraseBytes-
#312368	REDUCE cov: 555 ft: 2310 corp: 524/29Kb lim: 337 exec/s: 16440 rss: 588Mb L: 315/323 MS: 5 PersAutoDict-CrossOver-CMP-InsertByte-CopyPart- DE: "\377\377\377Z"-"\001\000\004\233"-
#312519	REDUCE cov: 555 ft: 2310 corp: 524/29Kb lim: 337 exec/s: 16448 rss: 588Mb L: 64/323 MS: 1 EraseBytes-
#312554	REDUCE cov: 555 ft: 2310 corp: 524/28Kb lim: 337 exec/s: 16450 rss: 588Mb L: 136/323 MS: 5 PersAutoDict-ShuffleBytes-CMP-EraseBytes-CopyPart- DE: "i\000\000\000"-"%\000"-
#312910	REDUCE cov: 555 ft: 2310 corp: 524/28Kb lim: 337 exec/s: 16468 rss: 588Mb L: 36/323 MS: 1 EraseBytes-
#313028	REDUCE cov: 555 ft: 2310 corp: 524/28Kb lim: 337 exec/s: 16475 rss: 588Mb L: 93/323 MS: 3 ChangeBit-EraseBytes-CopyPart-
#313063	NEW    cov: 555 ft: 2312 corp: 525/29Kb lim: 337 exec/s: 16477 rss: 588Mb L: 275/323 MS: 5 ChangeBinInt-PersAutoDict-InsertRepeatedBytes-PersAutoDict-CopyPart- DE: "\000\000\000\000\000\000\000\000"-"\000\200"-
#313340	REDUCE cov: 555 ft: 2314 corp: 526/29Kb lim: 337 exec/s: 16491 rss: 588Mb L: 237/323 MS: 2 InsertRepeatedBytes-CrossOver-
#313406	REDUCE cov: 555 ft: 2314 corp: 526/29Kb lim: 337 exec/s: 16495 rss: 588Mb L: 102/323 MS: 1 EraseBytes-
#313442	NEW    cov: 555 ft: 2316 corp: 527/29Kb lim: 337 exec/s: 16496 rss: 588Mb L: 294/323 MS: 1 CopyPart-
#313688	REDUCE cov: 555 ft: 2316 corp: 527/29Kb lim: 337 exec/s: 16509 rss: 588Mb L: 19/323 MS: 1 EraseBytes-
#313796	REDUCE cov: 555 ft: 2316 corp: 527/29Kb lim: 337 exec/s: 16515 rss: 588Mb L: 16/323 MS: 3 ChangeBit-ChangeBit-EraseBytes-
#313852	REDUCE cov: 555 ft: 2316 corp: 527/29Kb lim: 337 exec/s: 16518 rss: 588Mb L: 46/323 MS: 1 EraseBytes-
#313984	NEW    cov: 555 ft: 2326 corp: 528/30Kb lim: 337 exec/s: 16525 rss: 588Mb L: 336/336 MS: 2 ChangeBit-CopyPart-
#314177	REDUCE cov: 555 ft: 2326 corp: 528/30Kb lim: 337 exec/s: 16535 rss: 588Mb L: 28/336 MS: 3 ChangeBit-ChangeBit-EraseBytes-
#314393	REDUCE cov: 555 ft: 2326 corp: 528/30Kb lim: 337 exec/s: 16547 rss: 588Mb L: 271/336 MS: 1 EraseBytes-
#314533	REDUCE cov: 555 ft: 2326 corp: 528/30Kb lim: 337 exec/s: 16554 rss: 588Mb L: 218/336 MS: 5 ChangeByte-ChangeBinInt-ChangeASCIIInt-ChangeASCIIInt-EraseBytes-
#314726	REDUCE cov: 555 ft: 2326 corp: 528/30Kb lim: 337 exec/s: 16564 rss: 588Mb L: 20/336 MS: 3 CMP-EraseBytes-CopyPart- DE: "\377%"-
#314752	NEW    cov: 555 ft: 2327 corp: 529/30Kb lim: 337 exec/s: 16565 rss: 588Mb L: 43/336 MS: 1 CopyPart-
#314995	REDUCE cov: 555 ft: 2327 corp: 529/30Kb lim: 337 exec/s: 16578 rss: 588Mb L: 13/336 MS: 3 ShuffleBytes-ShuffleBytes-EraseBytes-
#315376	REDUCE cov: 555 ft: 2327 corp: 529/30Kb lim: 337 exec/s: 16598 rss: 588Mb L: 92/336 MS: 1 EraseBytes-
#316117	REDUCE cov: 555 ft: 2327 corp: 529/30Kb lim: 337 exec/s: 16637 rss: 588Mb L: 205/336 MS: 1 EraseBytes-
#316143	REDUCE cov: 555 ft: 2327 corp: 529/30Kb lim: 337 exec/s: 16639 rss: 588Mb L: 226/336 MS: 1 EraseBytes-
#316359	REDUCE cov: 555 ft: 2327 corp: 529/30Kb lim: 337 exec/s: 16650 rss: 589Mb L: 24/336 MS: 1 EraseBytes-
#316381	REDUCE cov: 555 ft: 2327 corp: 529/30Kb lim: 337 exec/s: 16651 rss: 589Mb L: 7/336 MS: 2 ChangeBinInt-EraseBytes-
#316480	REDUCE cov: 555 ft: 2327 corp: 529/29Kb lim: 337 exec/s: 16656 rss: 589Mb L: 42/336 MS: 4 CrossOver-EraseBytes-InsertByte-ShuffleBytes-
#316556	REDUCE cov: 557 ft: 2329 corp: 530/30Kb lim: 337 exec/s: 16660 rss: 589Mb L: 181/336 MS: 1 ChangeBit-
#316603	NEW    cov: 557 ft: 2330 corp: 531/30Kb lim: 337 exec/s: 16663 rss: 589Mb L: 310/336 MS: 2 ChangeASCIIInt-CopyPart-
#317169	REDUCE cov: 557 ft: 2330 corp: 531/30Kb lim: 337 exec/s: 16693 rss: 589Mb L: 49/336 MS: 1 EraseBytes-
#317205	NEW    cov: 557 ft: 2331 corp: 532/30Kb lim: 337 exec/s: 16695 rss: 589Mb L: 334/336 MS: 1 CopyPart-
#317477	REDUCE cov: 557 ft: 2331 corp: 532/30Kb lim: 337 exec/s: 16709 rss: 590Mb L: 102/336 MS: 2 ChangeBinInt-EraseBytes-
#317548	REDUCE cov: 557 ft: 2331 corp: 532/30Kb lim: 337 exec/s: 16713 rss: 590Mb L: 167/336 MS: 1 EraseBytes-
#317574	REDUCE cov: 557 ft: 2331 corp: 532/30Kb lim: 337 exec/s: 16714 rss: 590Mb L: 58/336 MS: 1 EraseBytes-
#317610	REDUCE cov: 557 ft: 2331 corp: 532/30Kb lim: 337 exec/s: 16716 rss: 590Mb L: 70/336 MS: 1 EraseBytes-
#317713	REDUCE cov: 557 ft: 2331 corp: 532/30Kb lim: 337 exec/s: 16721 rss: 590Mb L: 100/336 MS: 3 EraseBytes-ChangeBit-CopyPart-
#317747	REDUCE cov: 557 ft: 2331 corp: 532/30Kb lim: 337 exec/s: 16723 rss: 590Mb L: 317/336 MS: 4 ChangeBit-ChangeByte-ChangeBit-EraseBytes-
#318145	REDUCE cov: 557 ft: 2331 corp: 532/30Kb lim: 337 exec/s: 16744 rss: 590Mb L: 16/336 MS: 3 CopyPart-ChangeASCIIInt-EraseBytes-
#318252	REDUCE cov: 557 ft: 2331 corp: 532/30Kb lim: 337 exec/s: 16750 rss: 590Mb L: 322/336 MS: 2 EraseBytes-CopyPart-
#318738	REDUCE cov: 557 ft: 2331 corp: 532/30Kb lim: 337 exec/s: 16775 rss: 590Mb L: 74/336 MS: 1 EraseBytes-
#318826	REDUCE cov: 557 ft: 2331 corp: 532/30Kb lim: 337 exec/s: 16780 rss: 590Mb L: 193/336 MS: 3 ChangeByte-ChangeByte-EraseBytes-
#318933	REDUCE cov: 557 ft: 2331 corp: 532/30Kb lim: 337 exec/s: 16785 rss: 590Mb L: 75/336 MS: 2 ChangeByte-EraseBytes-
#318936	REDUCE cov: 557 ft: 2331 corp: 532/30Kb lim: 337 exec/s: 16786 rss: 590Mb L: 136/336 MS: 3 ChangeByte-ChangeByte-EraseBytes-
#319086	REDUCE cov: 558 ft: 2332 corp: 533/30Kb lim: 337 exec/s: 16794 rss: 590Mb L: 142/336 MS: 5 CopyPart-CMP-ChangeByte-ShuffleBytes-CrossOver- DE: "\021\000\000\000\000\000\000\000"-
#319222	REDUCE cov: 558 ft: 2332 corp: 533/30Kb lim: 337 exec/s: 16801 rss: 590Mb L: 23/336 MS: 1 EraseBytes-
#319400	REDUCE cov: 558 ft: 2332 corp: 533/30Kb lim: 337 exec/s: 16810 rss: 590Mb L: 34/336 MS: 3 InsertByte-CopyPart-EraseBytes-
#319532	NEW    cov: 558 ft: 2334 corp: 534/31Kb lim: 337 exec/s: 16817 rss: 590Mb L: 191/336 MS: 2 ChangeASCIIInt-CopyPart-
#319643	REDUCE cov: 558 ft: 2334 corp: 534/31Kb lim: 337 exec/s: 16823 rss: 590Mb L: 184/336 MS: 1 EraseBytes-
#319939	REDUCE cov: 558 ft: 2334 corp: 534/31Kb lim: 337 exec/s: 16838 rss: 590Mb L: 9/336 MS: 1 EraseBytes-
#320086	REDUCE cov: 558 ft: 2334 corp: 534/31Kb lim: 337 exec/s: 16846 rss: 590Mb L: 78/336 MS: 2 CMP-EraseBytes- DE: "\377E"-
#320410	REDUCE cov: 558 ft: 2334 corp: 534/30Kb lim: 337 exec/s: 16863 rss: 590Mb L: 50/336 MS: 4 ChangeByte-InsertByte-ChangeByte-EraseBytes-
#320546	REDUCE cov: 558 ft: 2334 corp: 534/30Kb lim: 337 exec/s: 16870 rss: 590Mb L: 28/336 MS: 1 EraseBytes-
#320973	REDUCE cov: 558 ft: 2334 corp: 534/30Kb lim: 337 exec/s: 16893 rss: 590Mb L: 29/336 MS: 2 ShuffleBytes-EraseBytes-
#321050	REDUCE cov: 558 ft: 2334 corp: 534/30Kb lim: 337 exec/s: 16897 rss: 590Mb L: 44/336 MS: 2 CMP-EraseBytes- DE: "\377\377\377\377\377\377\377D"-
#321099	REDUCE cov: 558 ft: 2334 corp: 534/30Kb lim: 337 exec/s: 16899 rss: 590Mb L: 223/336 MS: 4 ShuffleBytes-InsertRepeatedBytes-ChangeBit-EraseBytes-
#321510	REDUCE cov: 558 ft: 2335 corp: 535/31Kb lim: 337 exec/s: 16921 rss: 590Mb L: 277/336 MS: 1 CopyPart-
#321559	REDUCE cov: 558 ft: 2335 corp: 535/31Kb lim: 337 exec/s: 16924 rss: 590Mb L: 231/336 MS: 4 ChangeByte-InsertRepeatedBytes-ChangeByte-EraseBytes-
#321660	REDUCE cov: 558 ft: 2335 corp: 535/31Kb lim: 337 exec/s: 16929 rss: 590Mb L: 208/336 MS: 1 EraseBytes-
#321921	REDUCE cov: 558 ft: 2335 corp: 535/31Kb lim: 337 exec/s: 16943 rss: 590Mb L: 57/336 MS: 1 EraseBytes-
#321962	REDUCE cov: 558 ft: 2335 corp: 535/30Kb lim: 337 exec/s: 16945 rss: 590Mb L: 130/336 MS: 1 EraseBytes-
#322223	REDUCE cov: 558 ft: 2335 corp: 535/30Kb lim: 337 exec/s: 16959 rss: 590Mb L: 24/336 MS: 1 EraseBytes-
#322231	REDUCE cov: 558 ft: 2335 corp: 535/30Kb lim: 337 exec/s: 16959 rss: 590Mb L: 86/336 MS: 3 CopyPart-CopyPart-EraseBytes-
#322297	REDUCE cov: 558 ft: 2335 corp: 535/30Kb lim: 337 exec/s: 16963 rss: 590Mb L: 179/336 MS: 1 EraseBytes-
#322533	REDUCE cov: 558 ft: 2335 corp: 535/30Kb lim: 337 exec/s: 16126 rss: 590Mb L: 55/336 MS: 1 EraseBytes-
#322611	REDUCE cov: 558 ft: 2335 corp: 535/30Kb lim: 337 exec/s: 16130 rss: 590Mb L: 84/336 MS: 3 EraseBytes-PersAutoDict-CopyPart- DE: "\016\000"-
#322640	REDUCE cov: 558 ft: 2335 corp: 535/30Kb lim: 337 exec/s: 16132 rss: 590Mb L: 37/336 MS: 4 PersAutoDict-CMP-ChangeBinInt-EraseBytes- DE: "\377\377\377\377\377\377\377\377"-"\000\000\000\000\000\000\000\001"-
#322978	REDUCE cov: 558 ft: 2337 corp: 536/31Kb lim: 337 exec/s: 16148 rss: 590Mb L: 318/336 MS: 3 ShuffleBytes-CrossOver-CrossOver-
#323304	REDUCE cov: 558 ft: 2337 corp: 536/31Kb lim: 337 exec/s: 16165 rss: 591Mb L: 11/336 MS: 1 EraseBytes-
#323386	REDUCE cov: 558 ft: 2337 corp: 536/31Kb lim: 337 exec/s: 16169 rss: 591Mb L: 162/336 MS: 2 InsertRepeatedBytes-EraseBytes-
#323387	REDUCE cov: 558 ft: 2337 corp: 536/31Kb lim: 337 exec/s: 16169 rss: 591Mb L: 129/336 MS: 1 EraseBytes-
#323443	REDUCE cov: 558 ft: 2337 corp: 536/31Kb lim: 337 exec/s: 16172 rss: 591Mb L: 74/336 MS: 1 EraseBytes-
#323536	REDUCE cov: 558 ft: 2337 corp: 536/31Kb lim: 337 exec/s: 16176 rss: 591Mb L: 96/336 MS: 3 ChangeASCIIInt-CopyPart-CrossOver-
#323592	REDUCE cov: 558 ft: 2337 corp: 536/31Kb lim: 337 exec/s: 16179 rss: 591Mb L: 14/336 MS: 1 EraseBytes-
#323598	REDUCE cov: 558 ft: 2337 corp: 536/31Kb lim: 337 exec/s: 16179 rss: 591Mb L: 57/336 MS: 1 EraseBytes-
#324340	REDUCE cov: 558 ft: 2337 corp: 536/31Kb lim: 337 exec/s: 16217 rss: 593Mb L: 111/336 MS: 2 CrossOver-EraseBytes-
#324377	REDUCE cov: 558 ft: 2337 corp: 536/31Kb lim: 337 exec/s: 16218 rss: 593Mb L: 52/336 MS: 2 ShuffleBytes-EraseBytes-
#324423	REDUCE cov: 558 ft: 2339 corp: 537/31Kb lim: 337 exec/s: 16221 rss: 593Mb L: 15/336 MS: 1 PersAutoDict- DE: "F\000"-
#324965	REDUCE cov: 558 ft: 2339 corp: 537/31Kb lim: 337 exec/s: 16248 rss: 593Mb L: 87/336 MS: 2 ChangeBinInt-EraseBytes-
#325192	REDUCE cov: 558 ft: 2341 corp: 538/31Kb lim: 337 exec/s: 16259 rss: 594Mb L: 291/336 MS: 2 CopyPart-CopyPart-
#325338	REDUCE cov: 558 ft: 2341 corp: 538/31Kb lim: 337 exec/s: 16266 rss: 594Mb L: 48/336 MS: 1 EraseBytes-
#325382	REDUCE cov: 558 ft: 2342 corp: 539/31Kb lim: 337 exec/s: 16269 rss: 594Mb L: 261/336 MS: 4 CopyPart-ChangeBinInt-InsertByte-CopyPart-
#325458	REDUCE cov: 558 ft: 2342 corp: 539/31Kb lim: 337 exec/s: 16272 rss: 594Mb L: 301/336 MS: 1 EraseBytes-
#325506	REDUCE cov: 558 ft: 2342 corp: 539/31Kb lim: 337 exec/s: 16275 rss: 594Mb L: 127/336 MS: 3 PersAutoDict-InsertRepeatedBytes-EraseBytes- DE: "\001\000\004\233"-
#325683	REDUCE cov: 558 ft: 2342 corp: 539/31Kb lim: 337 exec/s: 16284 rss: 594Mb L: 182/336 MS: 2 EraseBytes-CopyPart-
#325739	REDUCE cov: 558 ft: 2342 corp: 539/31Kb lim: 337 exec/s: 16286 rss: 594Mb L: 5/336 MS: 1 EraseBytes-
#325746	REDUCE cov: 558 ft: 2342 corp: 539/31Kb lim: 337 exec/s: 16287 rss: 594Mb L: 72/336 MS: 2 CopyPart-EraseBytes-
#325813	REDUCE cov: 558 ft: 2342 corp: 539/31Kb lim: 337 exec/s: 16290 rss: 594Mb L: 80/336 MS: 2 ChangeBit-EraseBytes-
#325861	REDUCE cov: 558 ft: 2342 corp: 539/31Kb lim: 337 exec/s: 16293 rss: 594Mb L: 142/336 MS: 3 ChangeByte-PersAutoDict-EraseBytes- DE: "%\000"-
#326298	REDUCE cov: 558 ft: 2342 corp: 539/31Kb lim: 337 exec/s: 16314 rss: 594Mb L: 78/336 MS: 2 PersAutoDict-EraseBytes- DE: "\033\000"-
#326387	REDUCE cov: 558 ft: 2344 corp: 540/31Kb lim: 337 exec/s: 16319 rss: 594Mb L: 320/336 MS: 4 ChangeByte-PersAutoDict-ChangeByte-CopyPart- DE: "\206\000\000\000"-
#326673	REDUCE cov: 558 ft: 2344 corp: 540/31Kb lim: 337 exec/s: 16333 rss: 594Mb L: 238/336 MS: 1 CrossOver-
#327359	NEW    cov: 558 ft: 2345 corp: 541/31Kb lim: 337 exec/s: 16367 rss: 594Mb L: 234/336 MS: 1 InsertRepeatedBytes-
#327506	REDUCE cov: 558 ft: 2345 corp: 541/31Kb lim: 337 exec/s: 16375 rss: 594Mb L: 37/336 MS: 2 ShuffleBytes-EraseBytes-
#327644	REDUCE cov: 558 ft: 2346 corp: 542/32Kb lim: 337 exec/s: 16382 rss: 594Mb L: 301/336 MS: 3 CopyPart-ChangeBinInt-CopyPart-
#328241	REDUCE cov: 558 ft: 2346 corp: 542/32Kb lim: 337 exec/s: 16412 rss: 594Mb L: 98/336 MS: 2 ShuffleBytes-EraseBytes-
#328592	REDUCE cov: 558 ft: 2346 corp: 542/32Kb lim: 337 exec/s: 16429 rss: 594Mb L: 5/336 MS: 1 EraseBytes-
#329123	REDUCE cov: 558 ft: 2346 corp: 542/32Kb lim: 337 exec/s: 16456 rss: 594Mb L: 17/336 MS: 1 EraseBytes-
#329628	REDUCE cov: 558 ft: 2346 corp: 542/32Kb lim: 337 exec/s: 16481 rss: 594Mb L: 123/336 MS: 5 ChangeASCIIInt-ChangeByte-InsertByte-InsertByte-EraseBytes-
#329645	REDUCE cov: 558 ft: 2346 corp: 542/32Kb lim: 337 exec/s: 16482 rss: 594Mb L: 77/336 MS: 2 ShuffleBytes-EraseBytes-
#329654	REDUCE cov: 558 ft: 2346 corp: 542/32Kb lim: 337 exec/s: 16482 rss: 594Mb L: 282/336 MS: 4 CrossOver-InsertRepeatedBytes-ChangeBit-EraseBytes-
#329696	REDUCE cov: 558 ft: 2346 corp: 542/32Kb lim: 337 exec/s: 16484 rss: 594Mb L: 67/336 MS: 2 CMP-EraseBytes- DE: "x\000\000\000\000\000\000\000"-
#329977	REDUCE cov: 558 ft: 2346 corp: 542/32Kb lim: 337 exec/s: 16498 rss: 594Mb L: 301/322 MS: 1 CrossOver-
#329985	REDUCE cov: 558 ft: 2346 corp: 542/32Kb lim: 337 exec/s: 16499 rss: 594Mb L: 98/322 MS: 3 ChangeBit-ChangeBit-EraseBytes-
#330537	REDUCE cov: 558 ft: 2346 corp: 542/32Kb lim: 337 exec/s: 16526 rss: 594Mb L: 41/322 MS: 2 EraseBytes-PersAutoDict- DE: "\005\000\000\000\000\000\000\000"-
#330665	REDUCE cov: 558 ft: 2346 corp: 542/32Kb lim: 337 exec/s: 16533 rss: 594Mb L: 109/322 MS: 3 PersAutoDict-ChangeBit-EraseBytes- DE: "\021\000\000\000\000\000\000\000"-
#330754	REDUCE cov: 558 ft: 2346 corp: 542/31Kb lim: 337 exec/s: 16537 rss: 594Mb L: 98/322 MS: 4 ChangeBit-InsertByte-ChangeByte-EraseBytes-
#330785	REDUCE cov: 558 ft: 2346 corp: 542/31Kb lim: 337 exec/s: 16539 rss: 594Mb L: 144/322 MS: 1 EraseBytes-
#330864	REDUCE cov: 558 ft: 2347 corp: 543/32Kb lim: 337 exec/s: 16543 rss: 594Mb L: 315/322 MS: 4 ChangeByte-CopyPart-ShuffleBytes-CopyPart-
#331020	REDUCE cov: 558 ft: 2347 corp: 543/32Kb lim: 337 exec/s: 16551 rss: 594Mb L: 80/322 MS: 1 EraseBytes-
#331144	REDUCE cov: 558 ft: 2347 corp: 543/32Kb lim: 337 exec/s: 16557 rss: 594Mb L: 174/322 MS: 4 CMP-ChangeBit-CMP-EraseBytes- DE: "\325\001\000\000\000\000\000\000"-"\001\000\000\000\000\000\000\005"-
#331151	REDUCE cov: 558 ft: 2347 corp: 543/32Kb lim: 337 exec/s: 16557 rss: 594Mb L: 88/322 MS: 2 InsertByte-EraseBytes-
#331188	REDUCE cov: 558 ft: 2347 corp: 543/32Kb lim: 337 exec/s: 16559 rss: 594Mb L: 89/322 MS: 2 ChangeBinInt-EraseBytes-
#331344	REDUCE cov: 558 ft: 2347 corp: 543/32Kb lim: 337 exec/s: 16567 rss: 594Mb L: 13/322 MS: 1 EraseBytes-
#331470	REDUCE cov: 558 ft: 2347 corp: 543/32Kb lim: 337 exec/s: 16573 rss: 594Mb L: 26/322 MS: 1 EraseBytes-
#331576	REDUCE cov: 558 ft: 2347 corp: 543/32Kb lim: 337 exec/s: 16578 rss: 595Mb L: 9/322 MS: 1 EraseBytes-
#332147	REDUCE cov: 558 ft: 2347 corp: 543/32Kb lim: 337 exec/s: 16607 rss: 595Mb L: 174/322 MS: 1 EraseBytes-
#332408	NEW    cov: 558 ft: 2348 corp: 544/32Kb lim: 337 exec/s: 16620 rss: 595Mb L: 301/322 MS: 1 CopyPart-
#332484	REDUCE cov: 558 ft: 2348 corp: 544/32Kb lim: 337 exec/s: 16624 rss: 596Mb L: 30/322 MS: 1 EraseBytes-
#332541	REDUCE cov: 558 ft: 2348 corp: 544/32Kb lim: 337 exec/s: 16627 rss: 596Mb L: 12/322 MS: 2 InsertByte-EraseBytes-
#332751	REDUCE cov: 558 ft: 2348 corp: 544/32Kb lim: 337 exec/s: 16637 rss: 596Mb L: 290/322 MS: 5 InsertRepeatedBytes-EraseBytes-ChangeByte-CrossOver-CopyPart-
#332853	REDUCE cov: 558 ft: 2348 corp: 544/32Kb lim: 337 exec/s: 16642 rss: 596Mb L: 42/322 MS: 2 InsertByte-EraseBytes-
#332955	REDUCE cov: 558 ft: 2348 corp: 544/32Kb lim: 337 exec/s: 16647 rss: 596Mb L: 30/322 MS: 2 PersAutoDict-EraseBytes- DE: "=\001\000\000\000\000\000\000"-
#332986	REDUCE cov: 558 ft: 2348 corp: 544/32Kb lim: 337 exec/s: 16649 rss: 596Mb L: 25/322 MS: 1 EraseBytes-
#333027	REDUCE cov: 558 ft: 2348 corp: 544/32Kb lim: 337 exec/s: 16651 rss: 596Mb L: 18/322 MS: 1 EraseBytes-
#333099	REDUCE cov: 558 ft: 2348 corp: 544/32Kb lim: 337 exec/s: 16654 rss: 597Mb L: 45/322 MS: 2 ChangeByte-EraseBytes-
#333133	REDUCE cov: 558 ft: 2348 corp: 544/32Kb lim: 337 exec/s: 16656 rss: 597Mb L: 13/322 MS: 4 ChangeByte-ShuffleBytes-ChangeBinInt-EraseBytes-
#333294	REDUCE cov: 558 ft: 2348 corp: 544/32Kb lim: 337 exec/s: 16664 rss: 597Mb L: 282/322 MS: 1 EraseBytes-
#333396	REDUCE cov: 558 ft: 2348 corp: 544/32Kb lim: 337 exec/s: 16669 rss: 597Mb L: 203/322 MS: 2 ShuffleBytes-EraseBytes-
#333824	REDUCE cov: 558 ft: 2348 corp: 544/32Kb lim: 337 exec/s: 16691 rss: 597Mb L: 239/322 MS: 3 ShuffleBytes-ChangeBit-EraseBytes-
#333862	REDUCE cov: 558 ft: 2348 corp: 544/32Kb lim: 337 exec/s: 16693 rss: 597Mb L: 41/322 MS: 3 CrossOver-ChangeBit-EraseBytes-
#334300	REDUCE cov: 558 ft: 2348 corp: 544/32Kb lim: 337 exec/s: 16715 rss: 597Mb L: 50/322 MS: 3 ShuffleBytes-PersAutoDict-EraseBytes- DE: "n\000\000\000"-
#334525	REDUCE cov: 558 ft: 2348 corp: 544/32Kb lim: 337 exec/s: 16726 rss: 597Mb L: 77/322 MS: 5 CMP-InsertByte-PersAutoDict-ChangeBinInt-EraseBytes- DE: "\000\000\000o"-"\000\000\000\000\000\000\000\005"-
#334777	REDUCE cov: 558 ft: 2348 corp: 544/32Kb lim: 337 exec/s: 16738 rss: 597Mb L: 179/322 MS: 2 InsertByte-EraseBytes-
#335093	REDUCE cov: 558 ft: 2348 corp: 544/32Kb lim: 337 exec/s: 16754 rss: 597Mb L: 6/322 MS: 1 EraseBytes-
#335677	REDUCE cov: 558 ft: 2351 corp: 545/32Kb lim: 337 exec/s: 16783 rss: 597Mb L: 323/323 MS: 4 ChangeBinInt-CrossOver-ChangeBit-CopyPart-
#335790	REDUCE cov: 558 ft: 2351 corp: 545/32Kb lim: 337 exec/s: 16789 rss: 597Mb L: 31/323 MS: 3 CopyPart-ChangeBit-EraseBytes-
#335806	REDUCE cov: 558 ft: 2351 corp: 545/32Kb lim: 337 exec/s: 16790 rss: 597Mb L: 154/323 MS: 1 EraseBytes-
#335885	REDUCE cov: 558 ft: 2351 corp: 545/32Kb lim: 337 exec/s: 16794 rss: 597Mb L: 12/323 MS: 4 ShuffleBytes-ChangeBinInt-ShuffleBytes-EraseBytes-
#336144	REDUCE cov: 558 ft: 2351 corp: 545/32Kb lim: 337 exec/s: 16807 rss: 597Mb L: 26/323 MS: 4 EraseBytes-CopyPart-ChangeBit-CopyPart-
#336230	REDUCE cov: 558 ft: 2351 corp: 545/32Kb lim: 337 exec/s: 16811 rss: 597Mb L: 143/323 MS: 1 EraseBytes-
#336251	REDUCE cov: 558 ft: 2351 corp: 545/32Kb lim: 337 exec/s: 16812 rss: 597Mb L: 10/323 MS: 1 EraseBytes-
#336515	REDUCE cov: 558 ft: 2351 corp: 545/32Kb lim: 337 exec/s: 16825 rss: 597Mb L: 90/323 MS: 4 PersAutoDict-InsertByte-ChangeByte-EraseBytes- DE: "\003\000\000\000\000\000\000\000"-
#336926	REDUCE cov: 558 ft: 2351 corp: 545/32Kb lim: 337 exec/s: 16846 rss: 597Mb L: 119/323 MS: 1 EraseBytes-
#337063	REDUCE cov: 558 ft: 2353 corp: 546/32Kb lim: 337 exec/s: 16853 rss: 598Mb L: 294/323 MS: 2 CopyPart-CopyPart-
#337475	REDUCE cov: 558 ft: 2353 corp: 546/32Kb lim: 337 exec/s: 16070 rss: 598Mb L: 25/323 MS: 2 PersAutoDict-EraseBytes- DE: "\021\000\000\000\000\000\000\000"-
#337601	REDUCE cov: 558 ft: 2353 corp: 546/32Kb lim: 337 exec/s: 16076 rss: 598Mb L: 5/323 MS: 1 EraseBytes-
#337772	REDUCE cov: 558 ft: 2353 corp: 546/32Kb lim: 337 exec/s: 16084 rss: 598Mb L: 16/323 MS: 1 EraseBytes-
#338513	REDUCE cov: 558 ft: 2353 corp: 546/32Kb lim: 337 exec/s: 16119 rss: 598Mb L: 69/323 MS: 1 EraseBytes-
#338759	REDUCE cov: 558 ft: 2353 corp: 546/32Kb lim: 337 exec/s: 16131 rss: 598Mb L: 223/323 MS: 1 EraseBytes-
#339395	REDUCE cov: 558 ft: 2353 corp: 546/32Kb lim: 337 exec/s: 16161 rss: 600Mb L: 17/323 MS: 1 EraseBytes-
#339576	REDUCE cov: 558 ft: 2353 corp: 546/32Kb lim: 337 exec/s: 16170 rss: 600Mb L: 29/323 MS: 1 EraseBytes-
#339751	REDUCE cov: 558 ft: 2353 corp: 546/32Kb lim: 337 exec/s: 16178 rss: 600Mb L: 83/323 MS: 5 ChangeBit-ChangeBinInt-EraseBytes-PersAutoDict-CopyPart- DE: "\377\377\377\377\377\377\377*"-
#340243	REDUCE cov: 558 ft: 2353 corp: 546/32Kb lim: 337 exec/s: 16202 rss: 601Mb L: 12/323 MS: 2 ChangeBinInt-EraseBytes-
#341380	REDUCE cov: 558 ft: 2353 corp: 546/32Kb lim: 345 exec/s: 16256 rss: 601Mb L: 289/323 MS: 2 CopyPart-EraseBytes-
#341466	REDUCE cov: 558 ft: 2353 corp: 546/32Kb lim: 345 exec/s: 16260 rss: 602Mb L: 42/323 MS: 1 EraseBytes-
#341508	REDUCE cov: 558 ft: 2353 corp: 546/32Kb lim: 345 exec/s: 16262 rss: 602Mb L: 14/323 MS: 2 ShuffleBytes-EraseBytes-
#341530	REDUCE cov: 558 ft: 2353 corp: 546/32Kb lim: 345 exec/s: 16263 rss: 602Mb L: 17/323 MS: 2 ChangeBinInt-EraseBytes-
#342016	REDUCE cov: 558 ft: 2353 corp: 546/32Kb lim: 345 exec/s: 16286 rss: 602Mb L: 69/323 MS: 1 EraseBytes-
#342828	REDUCE cov: 558 ft: 2353 corp: 546/32Kb lim: 353 exec/s: 16325 rss: 602Mb L: 6/323 MS: 2 EraseBytes-InsertByte-
#342854	REDUCE cov: 558 ft: 2353 corp: 546/32Kb lim: 353 exec/s: 16326 rss: 602Mb L: 267/323 MS: 1 EraseBytes-
#342870	REDUCE cov: 558 ft: 2353 corp: 546/32Kb lim: 353 exec/s: 16327 rss: 602Mb L: 5/323 MS: 1 EraseBytes-
#342997	REDUCE cov: 558 ft: 2353 corp: 546/32Kb lim: 353 exec/s: 16333 rss: 602Mb L: 24/323 MS: 2 ChangeBit-EraseBytes-
#343013	REDUCE cov: 558 ft: 2353 corp: 546/32Kb lim: 353 exec/s: 16333 rss: 602Mb L: 70/323 MS: 1 EraseBytes-
#343039	REDUCE cov: 558 ft: 2353 corp: 546/32Kb lim: 353 exec/s: 16335 rss: 602Mb L: 70/323 MS: 1 EraseBytes-
#343086	REDUCE cov: 558 ft: 2354 corp: 547/32Kb lim: 353 exec/s: 16337 rss: 602Mb L: 303/323 MS: 2 CMP-CopyPart- DE: "\201\000"-
#344173	REDUCE cov: 558 ft: 2354 corp: 547/32Kb lim: 361 exec/s: 16389 rss: 602Mb L: 170/323 MS: 2 CMP-EraseBytes- DE: "`\000\000\000"-
#344565	REDUCE cov: 558 ft: 2354 corp: 547/32Kb lim: 361 exec/s: 16407 rss: 602Mb L: 18/323 MS: 2 ChangeASCIIInt-EraseBytes-
#344996	REDUCE cov: 558 ft: 2354 corp: 547/32Kb lim: 361 exec/s: 16428 rss: 602Mb L: 82/323 MS: 1 EraseBytes-
#345959	REDUCE cov: 558 ft: 2354 corp: 547/32Kb lim: 369 exec/s: 16474 rss: 602Mb L: 40/323 MS: 3 ShuffleBytes-ChangeByte-EraseBytes-
#345970	REDUCE cov: 558 ft: 2354 corp: 547/32Kb lim: 369 exec/s: 16474 rss: 602Mb L: 19/323 MS: 1 EraseBytes-
#346042	REDUCE cov: 558 ft: 2354 corp: 547/32Kb lim: 369 exec/s: 16478 rss: 602Mb L: 52/323 MS: 2 ChangeBit-EraseBytes-
#346240	REDUCE cov: 558 ft: 2354 corp: 547/32Kb lim: 369 exec/s: 16487 rss: 602Mb L: 169/323 MS: 3 ChangeBit-CrossOver-EraseBytes-
#346661	REDUCE cov: 558 ft: 2354 corp: 547/32Kb lim: 369 exec/s: 16507 rss: 602Mb L: 90/323 MS: 1 EraseBytes-
#346862	REDUCE cov: 558 ft: 2354 corp: 547/32Kb lim: 369 exec/s: 16517 rss: 602Mb L: 37/323 MS: 1 EraseBytes-
#347039	REDUCE cov: 558 ft: 2354 corp: 547/32Kb lim: 369 exec/s: 16525 rss: 602Mb L: 60/323 MS: 2 ChangeBinInt-EraseBytes-
#347130	REDUCE cov: 558 ft: 2354 corp: 547/32Kb lim: 369 exec/s: 16530 rss: 602Mb L: 4/323 MS: 1 EraseBytes-
#347227	REDUCE cov: 558 ft: 2354 corp: 547/32Kb lim: 369 exec/s: 16534 rss: 602Mb L: 39/323 MS: 2 ShuffleBytes-EraseBytes-
#347243	REDUCE cov: 558 ft: 2354 corp: 547/32Kb lim: 369 exec/s: 16535 rss: 602Mb L: 10/323 MS: 1 EraseBytes-
#347539	REDUCE cov: 558 ft: 2354 corp: 547/32Kb lim: 369 exec/s: 16549 rss: 603Mb L: 308/323 MS: 1 EraseBytes-
#347781	REDUCE cov: 558 ft: 2354 corp: 547/32Kb lim: 369 exec/s: 16561 rss: 603Mb L: 159/323 MS: 2 EraseBytes-CopyPart-
#347807	REDUCE cov: 558 ft: 2354 corp: 547/32Kb lim: 369 exec/s: 16562 rss: 603Mb L: 59/323 MS: 1 EraseBytes-
#347898	NEW    cov: 558 ft: 2355 corp: 548/33Kb lim: 369 exec/s: 16566 rss: 603Mb L: 234/323 MS: 1 CopyPart-
#348089	REDUCE cov: 558 ft: 2355 corp: 548/32Kb lim: 369 exec/s: 16575 rss: 603Mb L: 217/323 MS: 1 EraseBytes-
#348536	REDUCE cov: 558 ft: 2355 corp: 548/32Kb lim: 369 exec/s: 16596 rss: 603Mb L: 39/323 MS: 2 InsertRepeatedBytes-EraseBytes-
#348577	REDUCE cov: 558 ft: 2355 corp: 548/32Kb lim: 369 exec/s: 16598 rss: 604Mb L: 7/323 MS: 1 EraseBytes-
#348608	REDUCE cov: 558 ft: 2355 corp: 548/32Kb lim: 369 exec/s: 16600 rss: 604Mb L: 44/323 MS: 1 EraseBytes-
#348801	REDUCE cov: 558 ft: 2355 corp: 548/32Kb lim: 369 exec/s: 16609 rss: 604Mb L: 204/323 MS: 3 CrossOver-EraseBytes-EraseBytes-
#349227	REDUCE cov: 558 ft: 2355 corp: 548/32Kb lim: 369 exec/s: 16629 rss: 604Mb L: 217/323 MS: 1 EraseBytes-
#349324	REDUCE cov: 558 ft: 2357 corp: 549/33Kb lim: 369 exec/s: 16634 rss: 604Mb L: 186/323 MS: 2 ChangeBit-CopyPart-
#349575	REDUCE cov: 558 ft: 2357 corp: 549/33Kb lim: 369 exec/s: 16646 rss: 604Mb L: 21/323 MS: 1 EraseBytes-
#350297	REDUCE cov: 558 ft: 2357 corp: 549/32Kb lim: 369 exec/s: 16680 rss: 604Mb L: 168/323 MS: 2 InsertByte-EraseBytes-
#350358	REDUCE cov: 558 ft: 2357 corp: 549/32Kb lim: 369 exec/s: 16683 rss: 604Mb L: 21/323 MS: 1 EraseBytes-
#350765	REDUCE cov: 558 ft: 2357 corp: 549/32Kb lim: 369 exec/s: 16703 rss: 604Mb L: 158/323 MS: 2 InsertByte-EraseBytes-
#350816	REDUCE cov: 558 ft: 2357 corp: 549/32Kb lim: 369 exec/s: 16705 rss: 604Mb L: 10/323 MS: 1 EraseBytes-
#350862	REDUCE cov: 558 ft: 2357 corp: 549/32Kb lim: 369 exec/s: 16707 rss: 604Mb L: 251/323 MS: 1 EraseBytes-
#350888	REDUCE cov: 558 ft: 2357 corp: 549/32Kb lim: 369 exec/s: 16708 rss: 604Mb L: 24/323 MS: 1 EraseBytes-
#351007	REDUCE cov: 558 ft: 2357 corp: 549/32Kb lim: 369 exec/s: 16714 rss: 604Mb L: 284/322 MS: 4 CopyPart-ChangeByte-CrossOver-EraseBytes-
#351095	REDUCE cov: 558 ft: 2357 corp: 549/32Kb lim: 369 exec/s: 16718 rss: 604Mb L: 55/322 MS: 3 CMP-CMP-EraseBytes- DE: "\011\000\000\000\000\000\000\000"-"\007\000\000\000"-
#351122	REDUCE cov: 558 ft: 2357 corp: 549/32Kb lim: 369 exec/s: 16720 rss: 604Mb L: 266/322 MS: 2 ShuffleBytes-EraseBytes-
#351332	REDUCE cov: 558 ft: 2357 corp: 549/32Kb lim: 369 exec/s: 16730 rss: 604Mb L: 9/322 MS: 5 ChangeBit-ShuffleBytes-ChangeBit-ChangeByte-EraseBytes-
#351423	REDUCE cov: 558 ft: 2357 corp: 549/32Kb lim: 369 exec/s: 16734 rss: 604Mb L: 120/322 MS: 1 EraseBytes-
#351439	REDUCE cov: 558 ft: 2357 corp: 549/32Kb lim: 369 exec/s: 16735 rss: 604Mb L: 221/322 MS: 1 CrossOver-
#351633	REDUCE cov: 558 ft: 2357 corp: 549/32Kb lim: 369 exec/s: 16744 rss: 604Mb L: 13/322 MS: 4 CopyPart-InsertByte-ChangeByte-EraseBytes-
#351705	REDUCE cov: 558 ft: 2357 corp: 549/32Kb lim: 369 exec/s: 16747 rss: 604Mb L: 24/322 MS: 2 InsertByte-EraseBytes-
#352016	REDUCE cov: 558 ft: 2357 corp: 549/32Kb lim: 369 exec/s: 16762 rss: 604Mb L: 132/322 MS: 1 EraseBytes-
#352217	REDUCE cov: 558 ft: 2357 corp: 549/32Kb lim: 369 exec/s: 16772 rss: 604Mb L: 55/322 MS: 1 EraseBytes-
#352237	REDUCE cov: 558 ft: 2357 corp: 549/32Kb lim: 369 exec/s: 16773 rss: 604Mb L: 277/322 MS: 5 InsertByte-ShuffleBytes-ChangeBit-CopyPart-EraseBytes-
#352763	REDUCE cov: 558 ft: 2357 corp: 549/32Kb lim: 369 exec/s: 16034 rss: 604Mb L: 45/322 MS: 1 EraseBytes-
#352814	REDUCE cov: 558 ft: 2357 corp: 549/32Kb lim: 369 exec/s: 16037 rss: 604Mb L: 10/322 MS: 1 EraseBytes-
#352816	REDUCE cov: 558 ft: 2357 corp: 549/32Kb lim: 369 exec/s: 16037 rss: 604Mb L: 75/322 MS: 2 PersAutoDict-EraseBytes- DE: "\001\000\000G"-
#352846	NEW    cov: 558 ft: 2360 corp: 550/33Kb lim: 369 exec/s: 16038 rss: 604Mb L: 357/357 MS: 5 CMP-EraseBytes-CopyPart-PersAutoDict-CopyPart- DE: "\001\000\000\016"-"\001\000\377\375"-
#352897	REDUCE cov: 558 ft: 2360 corp: 550/33Kb lim: 369 exec/s: 16040 rss: 604Mb L: 79/357 MS: 1 EraseBytes-
#352940	REDUCE cov: 558 ft: 2360 corp: 550/33Kb lim: 369 exec/s: 16042 rss: 604Mb L: 35/357 MS: 3 ChangeByte-ChangeBit-EraseBytes-
#353056	REDUCE cov: 558 ft: 2360 corp: 550/33Kb lim: 369 exec/s: 16048 rss: 604Mb L: 115/357 MS: 1 EraseBytes-
#353072	REDUCE cov: 558 ft: 2360 corp: 550/33Kb lim: 369 exec/s: 16048 rss: 604Mb L: 27/357 MS: 1 EraseBytes-
#353091	REDUCE cov: 558 ft: 2360 corp: 550/33Kb lim: 369 exec/s: 16049 rss: 604Mb L: 26/357 MS: 4 CopyPart-PersAutoDict-EraseBytes-EraseBytes- DE: "\011\000\000\000\000\000\000\000"-
#354124	REDUCE cov: 558 ft: 2360 corp: 550/33Kb lim: 377 exec/s: 16096 rss: 605Mb L: 74/357 MS: 3 CMP-PersAutoDict-EraseBytes- DE: "$\000\000\000"-"\001\000\000\010"-
#354297	REDUCE cov: 558 ft: 2360 corp: 550/33Kb lim: 377 exec/s: 16104 rss: 605Mb L: 16/357 MS: 3 ChangeBit-ChangeBinInt-EraseBytes-
#354441	REDUCE cov: 558 ft: 2360 corp: 550/33Kb lim: 377 exec/s: 16110 rss: 605Mb L: 266/357 MS: 4 EraseBytes-PersAutoDict-CopyPart-EraseBytes- DE: "F\000"-
#354647	REDUCE cov: 558 ft: 2360 corp: 550/33Kb lim: 377 exec/s: 16120 rss: 606Mb L: 277/357 MS: 1 EraseBytes-
#354863	REDUCE cov: 558 ft: 2360 corp: 550/33Kb lim: 377 exec/s: 16130 rss: 606Mb L: 26/357 MS: 1 EraseBytes-
#354960	REDUCE cov: 558 ft: 2360 corp: 550/33Kb lim: 377 exec/s: 16134 rss: 606Mb L: 74/357 MS: 2 CopyPart-EraseBytes-
#355702	REDUCE cov: 558 ft: 2360 corp: 550/33Kb lim: 377 exec/s: 16168 rss: 607Mb L: 7/357 MS: 2 ChangeBit-EraseBytes-
#355786	REDUCE cov: 558 ft: 2362 corp: 551/33Kb lim: 377 exec/s: 16172 rss: 607Mb L: 316/357 MS: 4 ChangeBinInt-InsertRepeatedBytes-CrossOver-CopyPart-
#355902	REDUCE cov: 558 ft: 2362 corp: 551/33Kb lim: 377 exec/s: 16177 rss: 607Mb L: 16/357 MS: 1 EraseBytes-
#356126	REDUCE cov: 558 ft: 2364 corp: 552/33Kb lim: 377 exec/s: 16187 rss: 607Mb L: 367/367 MS: 4 ChangeBinInt-ChangeBit-CrossOver-CopyPart-
#356301	REDUCE cov: 558 ft: 2364 corp: 552/33Kb lim: 377 exec/s: 16195 rss: 607Mb L: 28/367 MS: 5 ShuffleBytes-CopyPart-ChangeByte-EraseBytes-ChangeBinInt-
#356358	REDUCE cov: 558 ft: 2364 corp: 552/33Kb lim: 377 exec/s: 16198 rss: 607Mb L: 35/367 MS: 2 ChangeBit-EraseBytes-
#356364	REDUCE cov: 558 ft: 2364 corp: 552/33Kb lim: 377 exec/s: 16198 rss: 607Mb L: 20/367 MS: 1 EraseBytes-
#356425	REDUCE cov: 558 ft: 2364 corp: 552/33Kb lim: 377 exec/s: 16201 rss: 607Mb L: 8/367 MS: 1 EraseBytes-
#356658	REDUCE cov: 558 ft: 2364 corp: 552/33Kb lim: 377 exec/s: 16211 rss: 607Mb L: 71/367 MS: 3 ChangeBinInt-ChangeBinInt-EraseBytes-
#356895	REDUCE cov: 558 ft: 2365 corp: 553/33Kb lim: 377 exec/s: 16222 rss: 607Mb L: 17/367 MS: 2 ChangeByte-CopyPart-
#356922	REDUCE cov: 558 ft: 2365 corp: 553/33Kb lim: 377 exec/s: 16223 rss: 607Mb L: 8/367 MS: 2 CopyPart-EraseBytes-
#357204	REDUCE cov: 558 ft: 2366 corp: 554/34Kb lim: 377 exec/s: 16236 rss: 608Mb L: 367/367 MS: 2 CrossOver-CopyPart-
#357422	REDUCE cov: 558 ft: 2366 corp: 554/34Kb lim: 377 exec/s: 16246 rss: 608Mb L: 20/367 MS: 3 CMP-PersAutoDict-EraseBytes- DE: "\377\377\377\377\377\377\377\003"-"\015\000\000\000\000\000\000\000"-
#357853	REDUCE cov: 558 ft: 2366 corp: 554/34Kb lim: 377 exec/s: 16266 rss: 608Mb L: 145/367 MS: 1 EraseBytes-
#358259	REDUCE cov: 558 ft: 2366 corp: 554/34Kb lim: 377 exec/s: 16284 rss: 608Mb L: 91/367 MS: 1 EraseBytes-
#358710	NEW    cov: 558 ft: 2367 corp: 555/34Kb lim: 377 exec/s: 16305 rss: 608Mb L: 324/367 MS: 1 CopyPart-
#358791	REDUCE cov: 558 ft: 2367 corp: 555/34Kb lim: 377 exec/s: 16308 rss: 608Mb L: 172/367 MS: 1 EraseBytes-
#358858	REDUCE cov: 558 ft: 2367 corp: 555/34Kb lim: 377 exec/s: 16311 rss: 608Mb L: 45/367 MS: 2 ShuffleBytes-EraseBytes-
#358939	REDUCE cov: 558 ft: 2367 corp: 555/34Kb lim: 377 exec/s: 16315 rss: 608Mb L: 192/367 MS: 1 EraseBytes-
#359116	REDUCE cov: 558 ft: 2367 corp: 555/34Kb lim: 377 exec/s: 16323 rss: 608Mb L: 37/367 MS: 2 PersAutoDict-EraseBytes- DE: "\377\377\377\015"-
#359245	REDUCE cov: 558 ft: 2367 corp: 555/34Kb lim: 377 exec/s: 16329 rss: 608Mb L: 18/367 MS: 4 PersAutoDict-PersAutoDict-CopyPart-EraseBytes- DE: "\001\000\377\375"-"\377\377\376\375"-
#359476	REDUCE cov: 558 ft: 2367 corp: 555/34Kb lim: 377 exec/s: 16339 rss: 608Mb L: 33/367 MS: 1 EraseBytes-
#359743	REDUCE cov: 558 ft: 2367 corp: 555/34Kb lim: 377 exec/s: 16351 rss: 608Mb L: 182/367 MS: 2 PersAutoDict-EraseBytes- DE: "\000\000\000\200"-
#360007	REDUCE cov: 558 ft: 2367 corp: 555/34Kb lim: 377 exec/s: 16363 rss: 608Mb L: 353/367 MS: 4 ChangeBinInt-ShuffleBytes-ShuffleBytes-EraseBytes-
#360020	REDUCE cov: 558 ft: 2367 corp: 555/34Kb lim: 377 exec/s: 16364 rss: 608Mb L: 9/367 MS: 3 ChangeBit-CrossOver-EraseBytes-
#360244	REDUCE cov: 558 ft: 2367 corp: 555/34Kb lim: 377 exec/s: 16374 rss: 608Mb L: 224/367 MS: 4 ChangeByte-ShuffleBytes-CrossOver-EraseBytes-
#360430	REDUCE cov: 558 ft: 2367 corp: 555/34Kb lim: 377 exec/s: 16383 rss: 608Mb L: 38/367 MS: 1 EraseBytes-
#361067	REDUCE cov: 558 ft: 2367 corp: 555/34Kb lim: 377 exec/s: 16412 rss: 608Mb L: 49/367 MS: 2 InsertByte-EraseBytes-
#361286	REDUCE cov: 558 ft: 2367 corp: 555/34Kb lim: 377 exec/s: 16422 rss: 608Mb L: 68/367 MS: 4 CopyPart-ChangeBinInt-CopyPart-EraseBytes-
#361363	REDUCE cov: 558 ft: 2367 corp: 555/34Kb lim: 377 exec/s: 16425 rss: 608Mb L: 231/367 MS: 2 ShuffleBytes-EraseBytes-
#361401	REDUCE cov: 558 ft: 2367 corp: 555/34Kb lim: 377 exec/s: 16427 rss: 608Mb L: 16/367 MS: 3 ChangeBinInt-CopyPart-EraseBytes-
#361624	REDUCE cov: 558 ft: 2391 corp: 556/34Kb lim: 377 exec/s: 16437 rss: 608Mb L: 306/367 MS: 3 CMP-ChangeBit-CopyPart- DE: "'\000\000\000\000\000\000\000"-
#361704	REDUCE cov: 558 ft: 2391 corp: 556/34Kb lim: 377 exec/s: 16441 rss: 608Mb L: 32/367 MS: 5 ChangeBit-InsertByte-PersAutoDict-PersAutoDict-EraseBytes- DE: "\001\000\000\010"-"\001\000\000G"-
#361860	REDUCE cov: 558 ft: 2391 corp: 556/34Kb lim: 377 exec/s: 16448 rss: 608Mb L: 74/367 MS: 1 EraseBytes-
#361901	REDUCE cov: 558 ft: 2391 corp: 556/34Kb lim: 377 exec/s: 16450 rss: 608Mb L: 229/367 MS: 1 EraseBytes-
#361910	REDUCE cov: 558 ft: 2391 corp: 556/34Kb lim: 377 exec/s: 16450 rss: 608Mb L: 171/367 MS: 4 InsertByte-ChangeBinInt-CMP-EraseBytes- DE: "\011\000"-
#362071	REDUCE cov: 558 ft: 2391 corp: 556/34Kb lim: 377 exec/s: 16457 rss: 608Mb L: 8/367 MS: 1 EraseBytes-
#362097	REDUCE cov: 558 ft: 2391 corp: 556/34Kb lim: 377 exec/s: 16458 rss: 608Mb L: 29/367 MS: 1 EraseBytes-
#362192	REDUCE cov: 558 ft: 2391 corp: 556/34Kb lim: 377 exec/s: 16463 rss: 608Mb L: 175/367 MS: 5 EraseBytes-ShuffleBytes-PersAutoDict-InsertByte-CopyPart- DE: "\001I"-
#362209	REDUCE cov: 558 ft: 2391 corp: 556/34Kb lim: 377 exec/s: 16464 rss: 608Mb L: 120/367 MS: 2 ChangeBit-EraseBytes-
#362340	REDUCE cov: 558 ft: 2391 corp: 556/34Kb lim: 377 exec/s: 16470 rss: 608Mb L: 64/367 MS: 1 EraseBytes-
#362774	REDUCE cov: 558 ft: 2392 corp: 557/34Kb lim: 377 exec/s: 16489 rss: 608Mb L: 375/375 MS: 4 CopyPart-InsertByte-CrossOver-CopyPart-
#362830	NEW    cov: 558 ft: 2393 corp: 558/34Kb lim: 377 exec/s: 16492 rss: 608Mb L: 26/375 MS: 1 CopyPart-
#362881	REDUCE cov: 558 ft: 2393 corp: 558/34Kb lim: 377 exec/s: 16494 rss: 608Mb L: 18/375 MS: 1 EraseBytes-
#363337	REDUCE cov: 558 ft: 2393 corp: 558/34Kb lim: 377 exec/s: 16515 rss: 608Mb L: 199/375 MS: 1 EraseBytes-
#363606	REDUCE cov: 558 ft: 2393 corp: 558/34Kb lim: 377 exec/s: 16527 rss: 609Mb L: 119/375 MS: 4 CopyPart-ChangeBit-ChangeByte-CrossOver-
#363928	REDUCE cov: 558 ft: 2393 corp: 558/34Kb lim: 377 exec/s: 16542 rss: 609Mb L: 209/375 MS: 2 ChangeBit-EraseBytes-
#364212	REDUCE cov: 558 ft: 2393 corp: 558/34Kb lim: 377 exec/s: 16555 rss: 609Mb L: 26/375 MS: 4 ChangeBit-CrossOver-InsertByte-EraseBytes-
#364323	REDUCE cov: 558 ft: 2393 corp: 558/34Kb lim: 377 exec/s: 16560 rss: 609Mb L: 140/375 MS: 1 EraseBytes-
#364469	REDUCE cov: 558 ft: 2393 corp: 558/34Kb lim: 377 exec/s: 16566 rss: 609Mb L: 31/375 MS: 1 EraseBytes-
#364561	REDUCE cov: 558 ft: 2393 corp: 558/34Kb lim: 377 exec/s: 16570 rss: 609Mb L: 152/375 MS: 2 CopyPart-EraseBytes-
#364762	REDUCE cov: 558 ft: 2393 corp: 558/34Kb lim: 377 exec/s: 16580 rss: 609Mb L: 43/375 MS: 1 EraseBytes-
#366316	REDUCE cov: 558 ft: 2393 corp: 558/34Kb lim: 385 exec/s: 16650 rss: 610Mb L: 44/375 MS: 4 ChangeByte-CopyPart-CopyPart-EraseBytes-
#366709	REDUCE cov: 558 ft: 2393 corp: 558/34Kb lim: 385 exec/s: 16668 rss: 610Mb L: 19/375 MS: 3 ChangeByte-CrossOver-EraseBytes-
#366790	REDUCE cov: 558 ft: 2393 corp: 558/34Kb lim: 385 exec/s: 16672 rss: 610Mb L: 26/375 MS: 1 EraseBytes-
#367017	NEW    cov: 558 ft: 2395 corp: 559/34Kb lim: 385 exec/s: 16682 rss: 610Mb L: 365/375 MS: 2 ChangeBinInt-CopyPart-
#367018	REDUCE cov: 558 ft: 2395 corp: 559/34Kb lim: 385 exec/s: 16682 rss: 610Mb L: 8/375 MS: 1 EraseBytes-
#367164	REDUCE cov: 558 ft: 2395 corp: 559/34Kb lim: 385 exec/s: 16689 rss: 610Mb L: 7/375 MS: 1 EraseBytes-
#367262	REDUCE cov: 558 ft: 2395 corp: 559/34Kb lim: 385 exec/s: 16693 rss: 610Mb L: 156/375 MS: 3 ChangeBinInt-ShuffleBytes-EraseBytes-
#367978	REDUCE cov: 558 ft: 2395 corp: 559/34Kb lim: 385 exec/s: 15999 rss: 610Mb L: 340/375 MS: 1 EraseBytes-
#368374	REDUCE cov: 558 ft: 2397 corp: 560/35Kb lim: 385 exec/s: 16016 rss: 610Mb L: 317/375 MS: 1 CopyPart-
#368702	REDUCE cov: 558 ft: 2397 corp: 560/35Kb lim: 385 exec/s: 16030 rss: 610Mb L: 58/375 MS: 3 ChangeByte-InsertByte-EraseBytes-
#368923	REDUCE cov: 558 ft: 2397 corp: 560/35Kb lim: 385 exec/s: 16040 rss: 610Mb L: 276/375 MS: 1 EraseBytes-
#369104	REDUCE cov: 558 ft: 2397 corp: 560/35Kb lim: 385 exec/s: 16048 rss: 610Mb L: 13/375 MS: 1 EraseBytes-
#369216	REDUCE cov: 558 ft: 2397 corp: 560/35Kb lim: 385 exec/s: 16052 rss: 610Mb L: 97/375 MS: 2 ChangeASCIIInt-EraseBytes-
#369339	NEW    cov: 558 ft: 2398 corp: 561/35Kb lim: 385 exec/s: 16058 rss: 610Mb L: 361/375 MS: 3 ShuffleBytes-ShuffleBytes-CopyPart-
#369630	REDUCE cov: 558 ft: 2398 corp: 561/35Kb lim: 385 exec/s: 16070 rss: 610Mb L: 7/375 MS: 1 EraseBytes-
#369701	REDUCE cov: 558 ft: 2398 corp: 561/35Kb lim: 385 exec/s: 16073 rss: 610Mb L: 23/375 MS: 1 EraseBytes-
#370007	REDUCE cov: 558 ft: 2398 corp: 561/35Kb lim: 385 exec/s: 16087 rss: 611Mb L: 9/375 MS: 1 CrossOver-
#370376	REDUCE cov: 558 ft: 2398 corp: 561/35Kb lim: 385 exec/s: 16103 rss: 611Mb L: 134/375 MS: 4 ChangeByte-InsertByte-ChangeBinInt-EraseBytes-
#370407	REDUCE cov: 558 ft: 2398 corp: 561/35Kb lim: 385 exec/s: 16104 rss: 611Mb L: 35/375 MS: 1 EraseBytes-
#371137	REDUCE cov: 558 ft: 2400 corp: 562/35Kb lim: 385 exec/s: 16136 rss: 612Mb L: 277/375 MS: 5 ShuffleBytes-ChangeBinInt-InsertByte-CopyPart-CopyPart-
#371539	REDUCE cov: 558 ft: 2400 corp: 562/35Kb lim: 385 exec/s: 16153 rss: 612Mb L: 166/375 MS: 2 ChangeBit-EraseBytes-
#371701	REDUCE cov: 558 ft: 2400 corp: 562/35Kb lim: 385 exec/s: 16160 rss: 612Mb L: 374/374 MS: 2 ChangeBit-EraseBytes-
#371748	REDUCE cov: 558 ft: 2402 corp: 563/35Kb lim: 385 exec/s: 16162 rss: 612Mb L: 13/374 MS: 2 CrossOver-CopyPart-
#371850	REDUCE cov: 558 ft: 2402 corp: 563/35Kb lim: 385 exec/s: 16167 rss: 612Mb L: 118/374 MS: 2 ChangeBinInt-EraseBytes-
#372159	REDUCE cov: 558 ft: 2402 corp: 563/35Kb lim: 385 exec/s: 16180 rss: 612Mb L: 85/374 MS: 4 ChangeASCIIInt-ChangeASCIIInt-ChangeByte-EraseBytes-
#372297	REDUCE cov: 558 ft: 2403 corp: 564/36Kb lim: 385 exec/s: 16186 rss: 612Mb L: 365/374 MS: 3 CrossOver-CrossOver-CopyPart-
#372347	REDUCE cov: 558 ft: 2403 corp: 564/36Kb lim: 385 exec/s: 16189 rss: 612Mb L: 64/374 MS: 5 ChangeByte-ChangeASCIIInt-ChangeASCIIInt-InsertByte-EraseBytes-
#372514	REDUCE cov: 558 ft: 2403 corp: 564/36Kb lim: 385 exec/s: 16196 rss: 612Mb L: 97/374 MS: 2 ChangeBit-EraseBytes-
#372560	REDUCE cov: 558 ft: 2403 corp: 564/36Kb lim: 385 exec/s: 16198 rss: 612Mb L: 66/374 MS: 1 EraseBytes-
#372632	REDUCE cov: 558 ft: 2437 corp: 565/36Kb lim: 385 exec/s: 16201 rss: 612Mb L: 385/385 MS: 2 InsertByte-CopyPart-
#372893	REDUCE cov: 558 ft: 2437 corp: 565/36Kb lim: 385 exec/s: 16212 rss: 612Mb L: 52/385 MS: 1 EraseBytes-
#373034	REDUCE cov: 558 ft: 2437 corp: 565/36Kb lim: 385 exec/s: 16218 rss: 612Mb L: 142/385 MS: 1 EraseBytes-
#373376	REDUCE cov: 558 ft: 2437 corp: 565/36Kb lim: 385 exec/s: 16233 rss: 612Mb L: 52/385 MS: 2 ChangeBit-EraseBytes-
#373886	REDUCE cov: 558 ft: 2437 corp: 565/36Kb lim: 385 exec/s: 16255 rss: 612Mb L: 366/385 MS: 5 CopyPart-ChangeBit-ChangeByte-CrossOver-CopyPart-
#374022	REDUCE cov: 558 ft: 2437 corp: 565/36Kb lim: 385 exec/s: 16261 rss: 612Mb L: 16/385 MS: 1 EraseBytes-
#375279	REDUCE cov: 558 ft: 2437 corp: 565/36Kb lim: 393 exec/s: 16316 rss: 612Mb L: 16/385 MS: 2 ChangeByte-EraseBytes-
#375370	REDUCE cov: 558 ft: 2437 corp: 565/36Kb lim: 393 exec/s: 16320 rss: 612Mb L: 230/385 MS: 1 EraseBytes-
#376197	REDUCE cov: 558 ft: 2437 corp: 565/36Kb lim: 401 exec/s: 16356 rss: 612Mb L: 134/385 MS: 2 ChangeBit-EraseBytes-
#377069	REDUCE cov: 558 ft: 2437 corp: 565/36Kb lim: 409 exec/s: 16394 rss: 613Mb L: 157/385 MS: 2 ChangeBit-EraseBytes-
#377647	REDUCE cov: 558 ft: 2437 corp: 565/36Kb lim: 409 exec/s: 16419 rss: 613Mb L: 271/385 MS: 3 ShuffleBytes-ChangeBinInt-EraseBytes-
#377714	REDUCE cov: 558 ft: 2437 corp: 565/36Kb lim: 409 exec/s: 16422 rss: 613Mb L: 16/385 MS: 2 ChangeByte-EraseBytes-
#377805	REDUCE cov: 558 ft: 2437 corp: 565/36Kb lim: 409 exec/s: 16426 rss: 613Mb L: 13/385 MS: 1 EraseBytes-
#378216	REDUCE cov: 558 ft: 2437 corp: 565/36Kb lim: 409 exec/s: 16444 rss: 614Mb L: 39/385 MS: 1 EraseBytes-
#378323	REDUCE cov: 558 ft: 2437 corp: 565/36Kb lim: 409 exec/s: 16448 rss: 614Mb L: 48/385 MS: 2 InsertByte-EraseBytes-
#378470	REDUCE cov: 558 ft: 2437 corp: 565/36Kb lim: 409 exec/s: 16455 rss: 614Mb L: 251/385 MS: 2 CMP-EraseBytes- DE: "\201\000\000\000"-
#378483	REDUCE cov: 558 ft: 2437 corp: 565/36Kb lim: 409 exec/s: 16455 rss: 614Mb L: 106/385 MS: 3 ChangeByte-InsertByte-EraseBytes-
#378581	REDUCE cov: 558 ft: 2441 corp: 566/36Kb lim: 409 exec/s: 16460 rss: 614Mb L: 26/385 MS: 3 CrossOver-ShuffleBytes-CopyPart-
#378733	REDUCE cov: 558 ft: 2441 corp: 566/36Kb lim: 409 exec/s: 16466 rss: 614Mb L: 77/385 MS: 2 CMP-EraseBytes- DE: "\377\204"-
#378809	REDUCE cov: 558 ft: 2441 corp: 566/36Kb lim: 409 exec/s: 16469 rss: 614Mb L: 15/385 MS: 1 EraseBytes-
#378925	REDUCE cov: 558 ft: 2441 corp: 566/36Kb lim: 409 exec/s: 16475 rss: 614Mb L: 284/385 MS: 1 EraseBytes-
#379674	REDUCE cov: 558 ft: 2441 corp: 566/36Kb lim: 409 exec/s: 16507 rss: 614Mb L: 15/385 MS: 4 InsertByte-EraseBytes-ChangeBit-ChangeByte-
#380076	REDUCE cov: 558 ft: 2441 corp: 566/36Kb lim: 409 exec/s: 16525 rss: 614Mb L: 36/385 MS: 2 CopyPart-EraseBytes-
#380237	REDUCE cov: 558 ft: 2441 corp: 566/36Kb lim: 409 exec/s: 16532 rss: 614Mb L: 113/385 MS: 1 EraseBytes-
#380984	REDUCE cov: 558 ft: 2441 corp: 566/36Kb lim: 409 exec/s: 16564 rss: 614Mb L: 4/385 MS: 2 ChangeBit-EraseBytes-
#381046	REDUCE cov: 558 ft: 2441 corp: 566/36Kb lim: 409 exec/s: 16567 rss: 614Mb L: 255/385 MS: 2 ChangeBinInt-EraseBytes-
#381742	REDUCE cov: 558 ft: 2441 corp: 566/36Kb lim: 409 exec/s: 16597 rss: 614Mb L: 164/385 MS: 1 EraseBytes-
#382057	REDUCE cov: 558 ft: 2441 corp: 566/36Kb lim: 409 exec/s: 16611 rss: 614Mb L: 384/384 MS: 5 CopyPart-EraseBytes-InsertRepeatedBytes-ChangeBinInt-CopyPart-
#382325	REDUCE cov: 558 ft: 2441 corp: 566/36Kb lim: 409 exec/s: 16622 rss: 614Mb L: 59/384 MS: 3 CopyPart-ShuffleBytes-EraseBytes-
#382381	NEW    cov: 558 ft: 2445 corp: 567/36Kb lim: 409 exec/s: 16625 rss: 614Mb L: 44/384 MS: 1 CopyPart-
#382777	REDUCE cov: 558 ft: 2445 corp: 567/36Kb lim: 409 exec/s: 16642 rss: 614Mb L: 10/384 MS: 1 EraseBytes-
#383098	REDUCE cov: 558 ft: 2445 corp: 567/36Kb lim: 409 exec/s: 16656 rss: 614Mb L: 9/384 MS: 1 EraseBytes-
#383122	REDUCE cov: 558 ft: 2445 corp: 567/36Kb lim: 409 exec/s: 16657 rss: 614Mb L: 24/384 MS: 4 ChangeBit-ChangeByte-ShuffleBytes-EraseBytes-
#383185	REDUCE cov: 558 ft: 2445 corp: 567/36Kb lim: 409 exec/s: 16660 rss: 614Mb L: 22/384 MS: 3 ShuffleBytes-ChangeASCIIInt-EraseBytes-
#383492	REDUCE cov: 558 ft: 2445 corp: 567/36Kb lim: 409 exec/s: 15978 rss: 615Mb L: 12/384 MS: 2 InsertByte-EraseBytes-
#383558	REDUCE cov: 558 ft: 2445 corp: 567/36Kb lim: 409 exec/s: 15981 rss: 615Mb L: 141/384 MS: 1 EraseBytes-
#383660	REDUCE cov: 558 ft: 2445 corp: 567/36Kb lim: 409 exec/s: 15985 rss: 615Mb L: 12/384 MS: 2 ChangeBit-EraseBytes-
#384169	REDUCE cov: 558 ft: 2445 corp: 567/36Kb lim: 409 exec/s: 16007 rss: 615Mb L: 117/384 MS: 4 ChangeByte-InsertRepeatedBytes-CrossOver-EraseBytes-
#384555	REDUCE cov: 558 ft: 2445 corp: 567/36Kb lim: 409 exec/s: 16023 rss: 615Mb L: 71/384 MS: 1 EraseBytes-
#384564	REDUCE cov: 558 ft: 2445 corp: 567/36Kb lim: 409 exec/s: 16023 rss: 615Mb L: 285/384 MS: 4 InsertByte-PersAutoDict-CMP-EraseBytes- DE: "n\000\000\000"-"\000\000\000\000\000\000\000\000"-
#384590	REDUCE cov: 558 ft: 2445 corp: 567/36Kb lim: 409 exec/s: 16024 rss: 615Mb L: 364/384 MS: 1 EraseBytes-
#384637	REDUCE cov: 558 ft: 2445 corp: 567/36Kb lim: 409 exec/s: 16026 rss: 615Mb L: 143/384 MS: 2 ChangeBit-EraseBytes-
#384911	REDUCE cov: 558 ft: 2445 corp: 567/36Kb lim: 409 exec/s: 16037 rss: 616Mb L: 48/384 MS: 4 ShuffleBytes-EraseBytes-CMP-CopyPart- DE: "\001\010"-
#384983	NEW    cov: 558 ft: 2447 corp: 568/36Kb lim: 409 exec/s: 16040 rss: 616Mb L: 223/384 MS: 2 InsertByte-CopyPart-
#385120	REDUCE cov: 558 ft: 2447 corp: 568/36Kb lim: 409 exec/s: 16046 rss: 616Mb L: 29/384 MS: 2 ShuffleBytes-EraseBytes-
#385636	REDUCE cov: 558 ft: 2447 corp: 568/36Kb lim: 409 exec/s: 16068 rss: 616Mb L: 128/384 MS: 1 EraseBytes-
#385892	REDUCE cov: 558 ft: 2447 corp: 568/36Kb lim: 409 exec/s: 16078 rss: 617Mb L: 152/384 MS: 1 EraseBytes-
#386213	REDUCE cov: 558 ft: 2447 corp: 568/36Kb lim: 409 exec/s: 16092 rss: 617Mb L: 22/384 MS: 1 EraseBytes-
#386399	REDUCE cov: 558 ft: 2447 corp: 568/36Kb lim: 409 exec/s: 16099 rss: 617Mb L: 84/384 MS: 1 EraseBytes-
#387022	REDUCE cov: 558 ft: 2447 corp: 568/36Kb lim: 409 exec/s: 16125 rss: 617Mb L: 366/374 MS: 3 ChangeByte-EraseBytes-CopyPart-
#387199	REDUCE cov: 558 ft: 2447 corp: 568/36Kb lim: 409 exec/s: 16133 rss: 617Mb L: 194/374 MS: 2 CMP-EraseBytes- DE: "\001\000\000\000\000\000\000\010"-
#387706	REDUCE cov: 558 ft: 2447 corp: 568/36Kb lim: 409 exec/s: 16154 rss: 617Mb L: 94/374 MS: 2 PersAutoDict-EraseBytes- DE: "\001I"-
#387923	REDUCE cov: 558 ft: 2447 corp: 568/36Kb lim: 409 exec/s: 16163 rss: 617Mb L: 239/374 MS: 2 ChangeByte-EraseBytes-
#388065	REDUCE cov: 558 ft: 2447 corp: 568/36Kb lim: 409 exec/s: 16169 rss: 617Mb L: 11/374 MS: 2 ChangeBinInt-EraseBytes-
#388271	REDUCE cov: 558 ft: 2447 corp: 568/36Kb lim: 409 exec/s: 16177 rss: 617Mb L: 23/374 MS: 1 EraseBytes-
#389168	REDUCE cov: 558 ft: 2447 corp: 568/36Kb lim: 417 exec/s: 16215 rss: 617Mb L: 16/374 MS: 2 EraseBytes-PersAutoDict- DE: "\000\200"-
#389312	REDUCE cov: 560 ft: 2449 corp: 569/36Kb lim: 417 exec/s: 16221 rss: 617Mb L: 30/374 MS: 4 CMP-CrossOver-CMP-CopyPart- DE: "\000\000\000\000\000\000\000\000"-"\376\377\000\000"-
#389365	REDUCE cov: 560 ft: 2450 corp: 570/36Kb lim: 417 exec/s: 16223 rss: 617Mb L: 53/374 MS: 3 InsertByte-CopyPart-CopyPart-
#389791	REDUCE cov: 560 ft: 2450 corp: 570/36Kb lim: 417 exec/s: 16241 rss: 617Mb L: 27/374 MS: 1 EraseBytes-
#390742	REDUCE cov: 560 ft: 2450 corp: 570/36Kb lim: 425 exec/s: 16280 rss: 617Mb L: 91/374 MS: 1 EraseBytes-
#391054	REDUCE cov: 560 ft: 2450 corp: 570/36Kb lim: 425 exec/s: 16293 rss: 617Mb L: 15/374 MS: 2 ChangeBit-EraseBytes-
#391071	REDUCE cov: 560 ft: 2454 corp: 571/36Kb lim: 425 exec/s: 16294 rss: 617Mb L: 420/420 MS: 2 CopyPart-CopyPart-
#391099	REDUCE cov: 560 ft: 2454 corp: 571/36Kb lim: 425 exec/s: 16295 rss: 617Mb L: 51/420 MS: 3 ChangeByte-CMP-EraseBytes- DE: "\000\000\000\000\000\000\000\022"-
#391210	REDUCE cov: 560 ft: 2454 corp: 571/36Kb lim: 425 exec/s: 16300 rss: 617Mb L: 22/420 MS: 1 EraseBytes-
#391227	REDUCE cov: 560 ft: 2454 corp: 571/36Kb lim: 425 exec/s: 16301 rss: 617Mb L: 291/420 MS: 2 ChangeByte-EraseBytes-
#392308	REDUCE cov: 560 ft: 2454 corp: 571/36Kb lim: 433 exec/s: 16346 rss: 617Mb L: 15/420 MS: 1 EraseBytes-
#392442	REDUCE cov: 560 ft: 2455 corp: 572/36Kb lim: 433 exec/s: 16351 rss: 617Mb L: 106/420 MS: 4 ChangeBit-ShuffleBytes-CrossOver-CrossOver-
#393067	REDUCE cov: 561 ft: 2456 corp: 573/36Kb lim: 433 exec/s: 16377 rss: 618Mb L: 49/420 MS: 5 EraseBytes-ChangeBinInt-CrossOver-CMP-EraseBytes- DE: "\376\377\377\377\377\377\377\377"-
#393398	REDUCE cov: 561 ft: 2456 corp: 573/36Kb lim: 433 exec/s: 16391 rss: 618Mb L: 16/420 MS: 1 EraseBytes-
#393570	REDUCE cov: 561 ft: 2456 corp: 573/36Kb lim: 433 exec/s: 16398 rss: 618Mb L: 55/420 MS: 2 CopyPart-EraseBytes-
#393941	REDUCE cov: 561 ft: 2456 corp: 573/36Kb lim: 433 exec/s: 16414 rss: 618Mb L: 146/420 MS: 1 EraseBytes-
#394368	REDUCE cov: 561 ft: 2456 corp: 573/36Kb lim: 433 exec/s: 16432 rss: 618Mb L: 254/420 MS: 2 ChangeBit-EraseBytes-
#394724	REDUCE cov: 561 ft: 2456 corp: 573/36Kb lim: 433 exec/s: 16446 rss: 618Mb L: 46/420 MS: 1 EraseBytes-
#394914	REDUCE cov: 561 ft: 2456 corp: 573/36Kb lim: 433 exec/s: 16454 rss: 618Mb L: 139/420 MS: 5 ChangeBit-EraseBytes-ShuffleBytes-EraseBytes-CopyPart-
#395150	REDUCE cov: 561 ft: 2456 corp: 573/36Kb lim: 433 exec/s: 16464 rss: 618Mb L: 9/420 MS: 1 EraseBytes-
#395157	REDUCE cov: 561 ft: 2456 corp: 573/36Kb lim: 433 exec/s: 16464 rss: 618Mb L: 26/420 MS: 2 CopyPart-EraseBytes-
#395170	REDUCE cov: 561 ft: 2456 corp: 573/36Kb lim: 433 exec/s: 16465 rss: 618Mb L: 44/420 MS: 3 InsertByte-CopyPart-EraseBytes-
#395296	REDUCE cov: 561 ft: 2456 corp: 573/36Kb lim: 433 exec/s: 16470 rss: 618Mb L: 29/420 MS: 1 EraseBytes-
#395363	REDUCE cov: 561 ft: 2456 corp: 573/36Kb lim: 433 exec/s: 16473 rss: 618Mb L: 11/420 MS: 2 ChangeByte-EraseBytes-
#395369	REDUCE cov: 561 ft: 2456 corp: 573/36Kb lim: 433 exec/s: 16473 rss: 618Mb L: 87/420 MS: 1 EraseBytes-
#395430	REDUCE cov: 561 ft: 2456 corp: 573/36Kb lim: 433 exec/s: 16476 rss: 618Mb L: 15/420 MS: 1 EraseBytes-
#395557	REDUCE cov: 561 ft: 2456 corp: 573/36Kb lim: 433 exec/s: 16481 rss: 618Mb L: 21/420 MS: 2 ShuffleBytes-EraseBytes-
#396048	REDUCE cov: 561 ft: 2456 corp: 573/36Kb lim: 433 exec/s: 16502 rss: 618Mb L: 10/420 MS: 1 EraseBytes-
#396264	REDUCE cov: 561 ft: 2462 corp: 574/37Kb lim: 433 exec/s: 16511 rss: 618Mb L: 425/425 MS: 1 CopyPart-
#396276	REDUCE cov: 561 ft: 2462 corp: 574/37Kb lim: 433 exec/s: 16511 rss: 618Mb L: 251/425 MS: 2 ChangeBinInt-CrossOver-
#396569	REDUCE cov: 561 ft: 2462 corp: 574/37Kb lim: 433 exec/s: 16523 rss: 619Mb L: 200/425 MS: 3 ChangeBit-CopyPart-EraseBytes-
#396686	REDUCE cov: 561 ft: 2462 corp: 574/37Kb lim: 433 exec/s: 16528 rss: 619Mb L: 162/425 MS: 2 ChangeByte-EraseBytes-
#396702	REDUCE cov: 561 ft: 2462 corp: 574/37Kb lim: 433 exec/s: 16529 rss: 619Mb L: 42/425 MS: 1 EraseBytes-
#396969	REDUCE cov: 561 ft: 2462 corp: 574/37Kb lim: 433 exec/s: 16540 rss: 619Mb L: 5/425 MS: 2 InsertByte-EraseBytes-
#397060	REDUCE cov: 561 ft: 2463 corp: 575/37Kb lim: 433 exec/s: 16544 rss: 619Mb L: 419/425 MS: 1 CopyPart-
#397145	REDUCE cov: 561 ft: 2463 corp: 575/37Kb lim: 433 exec/s: 16547 rss: 619Mb L: 17/425 MS: 5 CopyPart-CopyPart-ShuffleBytes-CopyPart-EraseBytes-
#397747	REDUCE cov: 561 ft: 2463 corp: 575/37Kb lim: 433 exec/s: 16572 rss: 619Mb L: 39/425 MS: 2 CopyPart-EraseBytes-
#397819	REDUCE cov: 561 ft: 2463 corp: 575/37Kb lim: 433 exec/s: 16575 rss: 619Mb L: 11/425 MS: 2 InsertByte-EraseBytes-
#398406	REDUCE cov: 561 ft: 2463 corp: 575/37Kb lim: 433 exec/s: 16600 rss: 619Mb L: 245/425 MS: 2 ChangeByte-EraseBytes-
#399048	REDUCE cov: 561 ft: 2463 corp: 575/37Kb lim: 433 exec/s: 15961 rss: 619Mb L: 59/425 MS: 2 InsertByte-EraseBytes-
#399214	REDUCE cov: 561 ft: 2463 corp: 575/37Kb lim: 433 exec/s: 15968 rss: 619Mb L: 42/425 MS: 1 EraseBytes-
#399459	REDUCE cov: 561 ft: 2463 corp: 575/37Kb lim: 433 exec/s: 15978 rss: 619Mb L: 126/425 MS: 5 ChangeBit-CMP-CopyPart-ChangeBit-EraseBytes- DE: "\004\377\377\377\377\377\377\377"-
#399468	REDUCE cov: 561 ft: 2463 corp: 575/37Kb lim: 433 exec/s: 15978 rss: 619Mb L: 56/425 MS: 4 ChangeBinInt-ShuffleBytes-CopyPart-EraseBytes-
#399526	REDUCE cov: 561 ft: 2463 corp: 575/37Kb lim: 433 exec/s: 15981 rss: 619Mb L: 61/425 MS: 3 ChangeBit-InsertByte-EraseBytes-
#399550	REDUCE cov: 561 ft: 2463 corp: 575/37Kb lim: 433 exec/s: 15982 rss: 619Mb L: 133/425 MS: 4 InsertByte-InsertRepeatedBytes-ChangeByte-EraseBytes-
#399861	REDUCE cov: 561 ft: 2463 corp: 575/37Kb lim: 433 exec/s: 15994 rss: 619Mb L: 12/425 MS: 1 EraseBytes-
#399938	REDUCE cov: 561 ft: 2463 corp: 575/37Kb lim: 433 exec/s: 15997 rss: 619Mb L: 128/425 MS: 2 ShuffleBytes-EraseBytes-
#399969	REDUCE cov: 561 ft: 2463 corp: 575/37Kb lim: 433 exec/s: 15998 rss: 620Mb L: 162/425 MS: 1 EraseBytes-
#400290	REDUCE cov: 561 ft: 2463 corp: 575/37Kb lim: 433 exec/s: 16011 rss: 620Mb L: 5/425 MS: 1 EraseBytes-
#400422	REDUCE cov: 561 ft: 2463 corp: 575/37Kb lim: 433 exec/s: 16016 rss: 620Mb L: 160/425 MS: 2 ShuffleBytes-EraseBytes-
#400678	REDUCE cov: 561 ft: 2463 corp: 575/37Kb lim: 433 exec/s: 16027 rss: 620Mb L: 15/425 MS: 1 EraseBytes-
#400683	REDUCE cov: 561 ft: 2463 corp: 575/37Kb lim: 433 exec/s: 16027 rss: 620Mb L: 181/425 MS: 5 ChangeBit-InsertByte-InsertByte-ChangeBit-EraseBytes-
#400754	REDUCE cov: 561 ft: 2463 corp: 575/37Kb lim: 433 exec/s: 16030 rss: 620Mb L: 33/425 MS: 1 EraseBytes-
#400856	REDUCE cov: 561 ft: 2463 corp: 575/37Kb lim: 433 exec/s: 16034 rss: 620Mb L: 68/425 MS: 2 ChangeBinInt-EraseBytes-
#401109	REDUCE cov: 561 ft: 2463 corp: 575/37Kb lim: 433 exec/s: 16044 rss: 620Mb L: 43/425 MS: 3 PersAutoDict-PersAutoDict-EraseBytes- DE: "\201\000\000\000"-"`\000\000\000"-
#401118	REDUCE cov: 561 ft: 2463 corp: 575/37Kb lim: 433 exec/s: 16044 rss: 620Mb L: 43/425 MS: 4 PersAutoDict-ChangeByte-InsertByte-EraseBytes- DE: "\377m"-
#401276	REDUCE cov: 561 ft: 2463 corp: 575/37Kb lim: 433 exec/s: 16051 rss: 620Mb L: 30/425 MS: 3 ChangeByte-PersAutoDict-EraseBytes- DE: "\003\000\000\000\000\000\000\000"-
#401547	REDUCE cov: 561 ft: 2463 corp: 575/37Kb lim: 433 exec/s: 16061 rss: 620Mb L: 24/425 MS: 1 EraseBytes-
#401699	REDUCE cov: 561 ft: 2463 corp: 575/37Kb lim: 433 exec/s: 16067 rss: 620Mb L: 20/425 MS: 2 ChangeByte-EraseBytes-
#401862	REDUCE cov: 561 ft: 2463 corp: 575/37Kb lim: 433 exec/s: 16074 rss: 620Mb L: 67/425 MS: 3 ShuffleBytes-ChangeByte-EraseBytes-
#401935	REDUCE cov: 561 ft: 2463 corp: 575/37Kb lim: 433 exec/s: 16077 rss: 620Mb L: 180/425 MS: 3 ShuffleBytes-ChangeByte-EraseBytes-
#401996	REDUCE cov: 561 ft: 2463 corp: 575/37Kb lim: 433 exec/s: 16079 rss: 620Mb L: 7/425 MS: 1 EraseBytes-
#402258	REDUCE cov: 561 ft: 2463 corp: 575/37Kb lim: 433 exec/s: 16090 rss: 620Mb L: 17/425 MS: 2 PersAutoDict-EraseBytes- DE: "\000\017"-
#402389	REDUCE cov: 561 ft: 2463 corp: 575/37Kb lim: 433 exec/s: 16095 rss: 620Mb L: 53/425 MS: 1 EraseBytes-
#402710	REDUCE cov: 561 ft: 2463 corp: 575/37Kb lim: 433 exec/s: 16108 rss: 620Mb L: 91/425 MS: 1 EraseBytes-
#402732	REDUCE cov: 561 ft: 2463 corp: 575/37Kb lim: 433 exec/s: 16109 rss: 620Mb L: 56/425 MS: 2 InsertByte-EraseBytes-
#402856	REDUCE cov: 561 ft: 2463 corp: 575/37Kb lim: 433 exec/s: 16114 rss: 620Mb L: 18/425 MS: 4 EraseBytes-EraseBytes-CopyPart-CopyPart-
#403022	REDUCE cov: 561 ft: 2463 corp: 575/37Kb lim: 433 exec/s: 16120 rss: 620Mb L: 155/425 MS: 1 EraseBytes-
#403077	REDUCE cov: 561 ft: 2463 corp: 575/37Kb lim: 433 exec/s: 16123 rss: 620Mb L: 182/425 MS: 5 InsertByte-EraseBytes-ChangeBinInt-CopyPart-CopyPart-
#403145	REDUCE cov: 561 ft: 2463 corp: 575/37Kb lim: 433 exec/s: 16125 rss: 620Mb L: 90/425 MS: 3 CopyPart-CrossOver-EraseBytes-
#403532	REDUCE cov: 561 ft: 2463 corp: 575/37Kb lim: 433 exec/s: 16141 rss: 620Mb L: 52/425 MS: 2 ChangeBinInt-EraseBytes-
#403987	REDUCE cov: 561 ft: 2465 corp: 576/37Kb lim: 433 exec/s: 16159 rss: 620Mb L: 394/425 MS: 5 ChangeBit-InsertRepeatedBytes-ChangeBit-ShuffleBytes-CopyPart-
#404009	REDUCE cov: 561 ft: 2465 corp: 576/37Kb lim: 433 exec/s: 16160 rss: 620Mb L: 41/425 MS: 2 CopyPart-EraseBytes-
#404130	REDUCE cov: 561 ft: 2465 corp: 576/37Kb lim: 433 exec/s: 16165 rss: 620Mb L: 26/425 MS: 1 EraseBytes-
#404176	REDUCE cov: 561 ft: 2465 corp: 576/37Kb lim: 433 exec/s: 16167 rss: 620Mb L: 9/425 MS: 1 EraseBytes-
#404197	REDUCE cov: 561 ft: 2465 corp: 576/37Kb lim: 433 exec/s: 16167 rss: 620Mb L: 36/425 MS: 1 EraseBytes-
#404420	REDUCE cov: 561 ft: 2465 corp: 576/37Kb lim: 433 exec/s: 16176 rss: 620Mb L: 27/425 MS: 3 CrossOver-CMP-EraseBytes- DE: "\022\000"-
#404501	REDUCE cov: 561 ft: 2465 corp: 576/37Kb lim: 433 exec/s: 16180 rss: 620Mb L: 55/425 MS: 1 EraseBytes-
#404519	REDUCE cov: 561 ft: 2469 corp: 577/37Kb lim: 433 exec/s: 16180 rss: 620Mb L: 140/425 MS: 3 CrossOver-CrossOver-CopyPart-
#404627	REDUCE cov: 561 ft: 2469 corp: 577/37Kb lim: 433 exec/s: 16185 rss: 620Mb L: 417/420 MS: 3 CopyPart-PersAutoDict-EraseBytes- DE: "\001\200"-
#404854	REDUCE cov: 561 ft: 2469 corp: 577/37Kb lim: 433 exec/s: 16194 rss: 620Mb L: 25/420 MS: 2 ChangeBinInt-EraseBytes-
#405595	REDUCE cov: 561 ft: 2469 corp: 577/37Kb lim: 433 exec/s: 16223 rss: 621Mb L: 18/420 MS: 1 EraseBytes-
#406144	REDUCE cov: 561 ft: 2469 corp: 577/37Kb lim: 433 exec/s: 16245 rss: 621Mb L: 81/420 MS: 4 InsertByte-CrossOver-EraseBytes-CopyPart-
#406204	REDUCE cov: 561 ft: 2469 corp: 577/37Kb lim: 433 exec/s: 16248 rss: 621Mb L: 232/420 MS: 5 InsertByte-CrossOver-ChangeByte-EraseBytes-CopyPart-
#406336	REDUCE cov: 561 ft: 2469 corp: 577/37Kb lim: 433 exec/s: 16253 rss: 621Mb L: 113/420 MS: 2 InsertByte-EraseBytes-
#406492	REDUCE cov: 561 ft: 2469 corp: 577/37Kb lim: 433 exec/s: 16259 rss: 621Mb L: 29/420 MS: 1 EraseBytes-
#406663	REDUCE cov: 561 ft: 2469 corp: 577/37Kb lim: 433 exec/s: 16266 rss: 621Mb L: 83/420 MS: 1 EraseBytes-
#406830	REDUCE cov: 561 ft: 2469 corp: 577/37Kb lim: 433 exec/s: 16273 rss: 621Mb L: 210/420 MS: 2 PersAutoDict-EraseBytes- DE: "\377\377\376\375"-
#407282	REDUCE cov: 561 ft: 2469 corp: 577/37Kb lim: 433 exec/s: 16291 rss: 621Mb L: 25/420 MS: 2 ChangeByte-EraseBytes-
#407323	REDUCE cov: 561 ft: 2469 corp: 577/37Kb lim: 433 exec/s: 16292 rss: 621Mb L: 26/420 MS: 1 EraseBytes-
#407474	REDUCE cov: 561 ft: 2469 corp: 577/37Kb lim: 433 exec/s: 16298 rss: 621Mb L: 109/420 MS: 1 EraseBytes-
#407796	REDUCE cov: 561 ft: 2469 corp: 577/37Kb lim: 433 exec/s: 16311 rss: 621Mb L: 16/420 MS: 2 InsertByte-EraseBytes-
#407953	REDUCE cov: 561 ft: 2469 corp: 577/37Kb lim: 433 exec/s: 16318 rss: 621Mb L: 172/420 MS: 2 InsertByte-EraseBytes-
#408078	REDUCE cov: 561 ft: 2469 corp: 577/37Kb lim: 433 exec/s: 16323 rss: 621Mb L: 14/420 MS: 5 ChangeBinInt-ChangeBit-ShuffleBytes-ChangeBit-EraseBytes-
#408094	REDUCE cov: 561 ft: 2469 corp: 577/37Kb lim: 433 exec/s: 16323 rss: 621Mb L: 19/420 MS: 1 EraseBytes-
#408371	REDUCE cov: 561 ft: 2469 corp: 577/37Kb lim: 433 exec/s: 16334 rss: 621Mb L: 34/420 MS: 2 ChangeBit-EraseBytes-
#408673	REDUCE cov: 561 ft: 2469 corp: 577/37Kb lim: 433 exec/s: 16346 rss: 621Mb L: 42/420 MS: 2 CMP-EraseBytes- DE: "\000\000\000\000\000\000\000\002"-
#409360	REDUCE cov: 561 ft: 2471 corp: 578/37Kb lim: 433 exec/s: 16374 rss: 621Mb L: 422/422 MS: 2 PersAutoDict-CopyPart- DE: "\000\000\000\000\000\000\000\022"-
#409375	REDUCE cov: 561 ft: 2471 corp: 578/37Kb lim: 433 exec/s: 16375 rss: 621Mb L: 113/422 MS: 5 ShuffleBytes-ChangeByte-ShuffleBytes-CMP-EraseBytes- DE: "\373\377"-
#409657	REDUCE cov: 561 ft: 2471 corp: 578/37Kb lim: 433 exec/s: 16386 rss: 621Mb L: 324/422 MS: 2 CMP-EraseBytes- DE: "\034\000\000\000"-
#409778	REDUCE cov: 561 ft: 2471 corp: 578/37Kb lim: 433 exec/s: 16391 rss: 621Mb L: 14/422 MS: 1 EraseBytes-
#409919	REDUCE cov: 561 ft: 2471 corp: 578/37Kb lim: 433 exec/s: 16396 rss: 621Mb L: 17/422 MS: 1 EraseBytes-
#410025	REDUCE cov: 561 ft: 2471 corp: 578/37Kb lim: 433 exec/s: 16401 rss: 621Mb L: 224/422 MS: 1 EraseBytes-
#410351	REDUCE cov: 561 ft: 2471 corp: 578/37Kb lim: 433 exec/s: 16414 rss: 621Mb L: 49/422 MS: 1 EraseBytes-
#410713	REDUCE cov: 561 ft: 2471 corp: 578/37Kb lim: 433 exec/s: 16428 rss: 622Mb L: 15/422 MS: 2 InsertByte-EraseBytes-
#410769	REDUCE cov: 561 ft: 2471 corp: 578/37Kb lim: 433 exec/s: 16430 rss: 622Mb L: 43/422 MS: 1 EraseBytes-
#411055	REDUCE cov: 561 ft: 2471 corp: 578/37Kb lim: 433 exec/s: 16442 rss: 622Mb L: 7/422 MS: 1 EraseBytes-
#411209	REDUCE cov: 561 ft: 2471 corp: 578/37Kb lim: 433 exec/s: 16448 rss: 622Mb L: 278/422 MS: 4 CrossOver-CMP-CopyPart-EraseBytes- DE: "\001\010"-
#411845	REDUCE cov: 561 ft: 2471 corp: 578/37Kb lim: 433 exec/s: 16473 rss: 622Mb L: 178/422 MS: 1 EraseBytes-
#412163	REDUCE cov: 561 ft: 2471 corp: 578/37Kb lim: 433 exec/s: 16486 rss: 622Mb L: 33/422 MS: 3 InsertByte-InsertByte-EraseBytes-
#412439	REDUCE cov: 561 ft: 2471 corp: 578/37Kb lim: 433 exec/s: 16497 rss: 622Mb L: 9/422 MS: 1 EraseBytes-
#412863	REDUCE cov: 561 ft: 2471 corp: 578/37Kb lim: 433 exec/s: 15879 rss: 623Mb L: 404/422 MS: 4 ChangeByte-InsertRepeatedBytes-CrossOver-CrossOver-
#412875	REDUCE cov: 561 ft: 2471 corp: 578/37Kb lim: 433 exec/s: 15879 rss: 623Mb L: 214/422 MS: 2 ChangeByte-EraseBytes-
#413398	REDUCE cov: 561 ft: 2471 corp: 578/37Kb lim: 433 exec/s: 15899 rss: 623Mb L: 23/422 MS: 3 ChangeByte-CrossOver-EraseBytes-
#413459	REDUCE cov: 561 ft: 2471 corp: 578/37Kb lim: 433 exec/s: 15902 rss: 623Mb L: 23/422 MS: 1 EraseBytes-
#413510	REDUCE cov: 561 ft: 2471 corp: 578/37Kb lim: 433 exec/s: 15904 rss: 623Mb L: 128/422 MS: 1 EraseBytes-
#413656	NEW    cov: 561 ft: 2473 corp: 579/37Kb lim: 433 exec/s: 15909 rss: 623Mb L: 8/422 MS: 1 CopyPart-
#413762	REDUCE cov: 561 ft: 2473 corp: 579/37Kb lim: 433 exec/s: 15913 rss: 623Mb L: 25/422 MS: 1 EraseBytes-
#413849	REDUCE cov: 561 ft: 2473 corp: 579/37Kb lim: 433 exec/s: 15917 rss: 623Mb L: 186/422 MS: 2 ChangeBit-EraseBytes-
#414267	REDUCE cov: 561 ft: 2473 corp: 579/37Kb lim: 433 exec/s: 15933 rss: 624Mb L: 213/422 MS: 3 ChangeByte-CopyPart-EraseBytes-
#414489	REDUCE cov: 561 ft: 2473 corp: 579/37Kb lim: 433 exec/s: 15941 rss: 624Mb L: 262/422 MS: 2 ChangeBit-EraseBytes-
#414586	REDUCE cov: 561 ft: 2473 corp: 579/37Kb lim: 433 exec/s: 15945 rss: 624Mb L: 159/422 MS: 2 CrossOver-EraseBytes-
#414626	REDUCE cov: 561 ft: 2473 corp: 579/37Kb lim: 433 exec/s: 15947 rss: 624Mb L: 89/422 MS: 5 EraseBytes-InsertByte-ChangeByte-ChangeBinInt-CopyPart-
#414707	REDUCE cov: 561 ft: 2473 corp: 579/37Kb lim: 433 exec/s: 15950 rss: 624Mb L: 73/422 MS: 1 EraseBytes-
#414729	REDUCE cov: 561 ft: 2473 corp: 579/37Kb lim: 433 exec/s: 15951 rss: 624Mb L: 103/422 MS: 2 ChangeBit-EraseBytes-
#414800	REDUCE cov: 562 ft: 2474 corp: 580/37Kb lim: 433 exec/s: 15953 rss: 624Mb L: 17/422 MS: 1 CopyPart-
#414871	REDUCE cov: 562 ft: 2474 corp: 580/37Kb lim: 433 exec/s: 15956 rss: 624Mb L: 304/422 MS: 1 EraseBytes-
#414916	REDUCE cov: 562 ft: 2474 corp: 580/37Kb lim: 433 exec/s: 15958 rss: 624Mb L: 103/422 MS: 5 ChangeBit-ShuffleBytes-CrossOver-CopyPart-EraseBytes-
#415082	REDUCE cov: 562 ft: 2474 corp: 580/37Kb lim: 433 exec/s: 15964 rss: 624Mb L: 11/422 MS: 1 EraseBytes-
#415194	REDUCE cov: 562 ft: 2474 corp: 580/37Kb lim: 433 exec/s: 15969 rss: 624Mb L: 17/422 MS: 2 CopyPart-EraseBytes-
#415293	REDUCE cov: 562 ft: 2474 corp: 580/37Kb lim: 433 exec/s: 15972 rss: 624Mb L: 48/422 MS: 4 ShuffleBytes-ChangeByte-InsertRepeatedBytes-EraseBytes-
#415486	REDUCE cov: 562 ft: 2474 corp: 580/37Kb lim: 433 exec/s: 15980 rss: 624Mb L: 47/422 MS: 3 ChangeByte-EraseBytes-CopyPart-
#415598	REDUCE cov: 562 ft: 2476 corp: 581/38Kb lim: 433 exec/s: 15984 rss: 624Mb L: 412/422 MS: 2 InsertRepeatedBytes-CopyPart-
#415719	REDUCE cov: 562 ft: 2476 corp: 581/38Kb lim: 433 exec/s: 15989 rss: 624Mb L: 56/422 MS: 1 EraseBytes-
#415855	NEW    cov: 562 ft: 2478 corp: 582/38Kb lim: 433 exec/s: 15994 rss: 624Mb L: 8/422 MS: 1 ChangeByte-
#416046	REDUCE cov: 562 ft: 2478 corp: 582/38Kb lim: 433 exec/s: 16001 rss: 624Mb L: 75/422 MS: 1 EraseBytes-
#416352	REDUCE cov: 562 ft: 2478 corp: 582/38Kb lim: 433 exec/s: 16013 rss: 624Mb L: 25/422 MS: 1 EraseBytes-
#416605	REDUCE cov: 562 ft: 2478 corp: 582/38Kb lim: 433 exec/s: 16023 rss: 624Mb L: 135/422 MS: 3 EraseBytes-CopyPart-EraseBytes-
#416795	REDUCE cov: 562 ft: 2478 corp: 582/38Kb lim: 433 exec/s: 16030 rss: 624Mb L: 267/422 MS: 5 EraseBytes-ShuffleBytes-InsertByte-CMP-CopyPart- DE: "\000\000\000\000"-
#417131	REDUCE cov: 562 ft: 2478 corp: 582/38Kb lim: 433 exec/s: 16043 rss: 624Mb L: 7/422 MS: 1 EraseBytes-
#417641	REDUCE cov: 563 ft: 2479 corp: 583/38Kb lim: 433 exec/s: 16063 rss: 624Mb L: 47/422 MS: 5 CrossOver-ChangeBinInt-CMP-PersAutoDict-CrossOver- DE: "b\000\000\000"-"\001\000\000\000"-
#417939	REDUCE cov: 563 ft: 2479 corp: 583/38Kb lim: 433 exec/s: 16074 rss: 624Mb L: 47/422 MS: 3 ChangeBinInt-PersAutoDict-EraseBytes- DE: "\007\000\000\000"-
#418100	REDUCE cov: 563 ft: 2479 corp: 583/38Kb lim: 433 exec/s: 16080 rss: 624Mb L: 38/422 MS: 1 EraseBytes-
#418301	REDUCE cov: 563 ft: 2479 corp: 583/38Kb lim: 433 exec/s: 16088 rss: 624Mb L: 90/422 MS: 1 EraseBytes-
#418762	REDUCE cov: 563 ft: 2479 corp: 583/38Kb lim: 433 exec/s: 16106 rss: 624Mb L: 127/422 MS: 1 EraseBytes-
#419519	REDUCE cov: 563 ft: 2479 corp: 583/38Kb lim: 433 exec/s: 16135 rss: 624Mb L: 20/422 MS: 2 InsertByte-EraseBytes-
#419626	REDUCE cov: 563 ft: 2479 corp: 583/38Kb lim: 433 exec/s: 16139 rss: 624Mb L: 27/422 MS: 2 PersAutoDict-EraseBytes- DE: "\001\000\000\000\000\000\000\005"-
#419682	REDUCE cov: 563 ft: 2479 corp: 583/38Kb lim: 433 exec/s: 16141 rss: 624Mb L: 14/422 MS: 1 EraseBytes-
#419728	REDUCE cov: 563 ft: 2479 corp: 583/38Kb lim: 433 exec/s: 16143 rss: 624Mb L: 362/422 MS: 1 EraseBytes-
#419792	REDUCE cov: 563 ft: 2479 corp: 583/38Kb lim: 433 exec/s: 16145 rss: 624Mb L: 166/422 MS: 4 ChangeBinInt-ShuffleBytes-PersAutoDict-EraseBytes- DE: "\206\000\000\000"-
#419933	REDUCE cov: 563 ft: 2479 corp: 583/38Kb lim: 433 exec/s: 16151 rss: 624Mb L: 8/422 MS: 1 EraseBytes-
#419960	REDUCE cov: 563 ft: 2479 corp: 583/38Kb lim: 433 exec/s: 16152 rss: 624Mb L: 87/422 MS: 2 ChangeByte-EraseBytes-
#420052	REDUCE cov: 563 ft: 2479 corp: 583/38Kb lim: 433 exec/s: 16155 rss: 624Mb L: 38/422 MS: 2 InsertByte-EraseBytes-
#420163	REDUCE cov: 563 ft: 2479 corp: 583/38Kb lim: 433 exec/s: 16160 rss: 624Mb L: 10/422 MS: 1 EraseBytes-
#420294	REDUCE cov: 563 ft: 2479 corp: 583/38Kb lim: 433 exec/s: 16165 rss: 624Mb L: 107/422 MS: 1 EraseBytes-
#420410	REDUCE cov: 563 ft: 2479 corp: 583/38Kb lim: 433 exec/s: 16169 rss: 624Mb L: 13/422 MS: 1 EraseBytes-
#421066	REDUCE cov: 563 ft: 2479 corp: 583/38Kb lim: 433 exec/s: 16194 rss: 625Mb L: 15/422 MS: 1 EraseBytes-
#421409	REDUCE cov: 563 ft: 2479 corp: 583/38Kb lim: 433 exec/s: 16208 rss: 625Mb L: 57/422 MS: 3 ChangeASCIIInt-ChangeASCIIInt-EraseBytes-
#421449	REDUCE cov: 563 ft: 2479 corp: 583/38Kb lim: 433 exec/s: 16209 rss: 625Mb L: 18/422 MS: 5 CopyPart-ChangeBit-ShuffleBytes-ChangeByte-EraseBytes-
#421495	REDUCE cov: 563 ft: 2479 corp: 583/38Kb lim: 433 exec/s: 16211 rss: 625Mb L: 233/422 MS: 1 EraseBytes-
#421969	REDUCE cov: 563 ft: 2479 corp: 583/38Kb lim: 433 exec/s: 16229 rss: 625Mb L: 125/422 MS: 4 CopyPart-ChangeByte-PersAutoDict-EraseBytes- DE: "\325\001\000\000\000\000\000\000"-
#422094	REDUCE cov: 563 ft: 2479 corp: 583/38Kb lim: 433 exec/s: 16234 rss: 625Mb L: 354/422 MS: 5 ChangeBinInt-CrossOver-InsertRepeatedBytes-CrossOver-CopyPart-
#422645	REDUCE cov: 563 ft: 2479 corp: 583/38Kb lim: 433 exec/s: 16255 rss: 625Mb L: 4/422 MS: 1 EraseBytes-
#422799	REDUCE cov: 563 ft: 2479 corp: 583/38Kb lim: 433 exec/s: 16261 rss: 625Mb L: 42/422 MS: 4 ChangeBit-InsertRepeatedBytes-ShuffleBytes-EraseBytes-
#422973	REDUCE cov: 563 ft: 2480 corp: 584/38Kb lim: 433 exec/s: 16268 rss: 625Mb L: 168/422 MS: 4 CopyPart-ChangeByte-CMP-CrossOver- DE: "\015\000\000\000\000\000\000\000"-
#423266	REDUCE cov: 563 ft: 2480 corp: 584/38Kb lim: 433 exec/s: 16279 rss: 625Mb L: 52/422 MS: 3 InsertByte-ShuffleBytes-EraseBytes-
#423557	REDUCE cov: 563 ft: 2480 corp: 584/38Kb lim: 433 exec/s: 16290 rss: 625Mb L: 6/422 MS: 1 EraseBytes-
#423560	REDUCE cov: 563 ft: 2480 corp: 584/38Kb lim: 433 exec/s: 16290 rss: 625Mb L: 120/422 MS: 3 ChangeBinInt-EraseBytes-CopyPart-
#423575	REDUCE cov: 563 ft: 2480 corp: 584/38Kb lim: 433 exec/s: 16291 rss: 625Mb L: 67/422 MS: 5 PersAutoDict-ChangeByte-PersAutoDict-PersAutoDict-EraseBytes- DE: "`\000\000\000"-"\001\000\000\000\000\000\000\005"-"\006\000\000\000\000\000\000\000"-
#424841	REDUCE cov: 563 ft: 2480 corp: 584/38Kb lim: 441 exec/s: 16340 rss: 625Mb L: 30/422 MS: 1 EraseBytes-
#425213	REDUCE cov: 563 ft: 2480 corp: 584/38Kb lim: 441 exec/s: 16354 rss: 625Mb L: 112/422 MS: 2 ChangeBinInt-EraseBytes-
#425264	REDUCE cov: 563 ft: 2480 corp: 584/38Kb lim: 441 exec/s: 16356 rss: 625Mb L: 57/422 MS: 1 EraseBytes-
#425333	REDUCE cov: 563 ft: 2486 corp: 585/38Kb lim: 441 exec/s: 16358 rss: 625Mb L: 411/422 MS: 4 ShuffleBytes-CopyPart-InsertByte-CopyPart-
#425364	REDUCE cov: 563 ft: 2486 corp: 585/38Kb lim: 441 exec/s: 16360 rss: 625Mb L: 17/422 MS: 1 EraseBytes-
#425441	REDUCE cov: 563 ft: 2486 corp: 585/38Kb lim: 441 exec/s: 16363 rss: 625Mb L: 109/422 MS: 2 InsertByte-EraseBytes-
#425513	REDUCE cov: 563 ft: 2486 corp: 585/38Kb lim: 441 exec/s: 16365 rss: 625Mb L: 8/422 MS: 2 EraseBytes-CrossOver-
#425651	REDUCE cov: 563 ft: 2486 corp: 585/38Kb lim: 441 exec/s: 16371 rss: 625Mb L: 364/422 MS: 3 ChangeBit-ChangeBinInt-EraseBytes-
#426072	REDUCE cov: 563 ft: 2486 corp: 585/38Kb lim: 441 exec/s: 16387 rss: 625Mb L: 69/422 MS: 1 EraseBytes-
#426650	REDUCE cov: 563 ft: 2486 corp: 585/38Kb lim: 441 exec/s: 16409 rss: 625Mb L: 249/422 MS: 3 ChangeByte-CopyPart-EraseBytes-
#426755	REDUCE cov: 563 ft: 2486 corp: 585/38Kb lim: 441 exec/s: 16413 rss: 625Mb L: 26/422 MS: 5 InsertByte-InsertRepeatedBytes-EraseBytes-EraseBytes-EraseBytes-
#427232	REDUCE cov: 563 ft: 2486 corp: 585/38Kb lim: 441 exec/s: 15823 rss: 626Mb L: 36/422 MS: 2 CMP-EraseBytes- DE: "\000h"-
#427614	REDUCE cov: 563 ft: 2486 corp: 585/38Kb lim: 441 exec/s: 15837 rss: 626Mb L: 24/422 MS: 2 ChangeASCIIInt-EraseBytes-
#427720	REDUCE cov: 563 ft: 2486 corp: 585/38Kb lim: 441 exec/s: 15841 rss: 626Mb L: 20/422 MS: 1 EraseBytes-
#427853	REDUCE cov: 563 ft: 2486 corp: 585/38Kb lim: 441 exec/s: 15846 rss: 626Mb L: 39/422 MS: 3 CopyPart-PersAutoDict-EraseBytes- DE: "~\377\377\377\377\377\377\370"-
#427936	REDUCE cov: 563 ft: 2486 corp: 585/38Kb lim: 441 exec/s: 15849 rss: 626Mb L: 12/422 MS: 3 ChangeByte-PersAutoDict-EraseBytes- DE: "n\000\000\000"-
#428123	REDUCE cov: 563 ft: 2486 corp: 585/38Kb lim: 441 exec/s: 15856 rss: 626Mb L: 95/422 MS: 2 ShuffleBytes-EraseBytes-
#428271	REDUCE cov: 563 ft: 2486 corp: 585/38Kb lim: 441 exec/s: 15861 rss: 626Mb L: 347/422 MS: 3 ChangeBit-ChangeBit-EraseBytes-
#428462	REDUCE cov: 563 ft: 2486 corp: 585/38Kb lim: 441 exec/s: 15868 rss: 626Mb L: 108/422 MS: 1 EraseBytes-
#428773	REDUCE cov: 563 ft: 2486 corp: 585/38Kb lim: 441 exec/s: 15880 rss: 626Mb L: 22/422 MS: 1 EraseBytes-
#429379	REDUCE cov: 563 ft: 2486 corp: 585/38Kb lim: 441 exec/s: 15902 rss: 627Mb L: 45/422 MS: 1 EraseBytes-
#429595	REDUCE cov: 563 ft: 2486 corp: 585/38Kb lim: 441 exec/s: 15910 rss: 627Mb L: 54/422 MS: 1 EraseBytes-
#429790	REDUCE cov: 563 ft: 2486 corp: 585/38Kb lim: 441 exec/s: 15918 rss: 627Mb L: 155/422 MS: 5 InsertByte-ChangeByte-InsertByte-ChangeBinInt-EraseBytes-
#429866	REDUCE cov: 563 ft: 2486 corp: 585/38Kb lim: 441 exec/s: 15920 rss: 627Mb L: 55/422 MS: 1 EraseBytes-
#429904	REDUCE cov: 563 ft: 2486 corp: 585/38Kb lim: 441 exec/s: 15922 rss: 627Mb L: 222/422 MS: 3 CopyPart-ShuffleBytes-EraseBytes-
#430771	REDUCE cov: 563 ft: 2486 corp: 585/38Kb lim: 449 exec/s: 15954 rss: 627Mb L: 105/422 MS: 2 ShuffleBytes-EraseBytes-
#430773	REDUCE cov: 563 ft: 2486 corp: 585/38Kb lim: 449 exec/s: 15954 rss: 627Mb L: 50/422 MS: 2 CrossOver-EraseBytes-
#430809	REDUCE cov: 563 ft: 2486 corp: 585/38Kb lim: 449 exec/s: 15955 rss: 627Mb L: 143/422 MS: 1 EraseBytes-
#431184	REDUCE cov: 563 ft: 2486 corp: 585/38Kb lim: 449 exec/s: 15969 rss: 627Mb L: 241/422 MS: 5 CopyPart-EraseBytes-PersAutoDict-EraseBytes-EraseBytes- DE: "\007\000\000\000\000\000\000\000"-
#431382	REDUCE cov: 563 ft: 2486 corp: 585/38Kb lim: 449 exec/s: 15977 rss: 627Mb L: 254/422 MS: 3 CrossOver-ShuffleBytes-EraseBytes-
#431423	REDUCE cov: 563 ft: 2486 corp: 585/38Kb lim: 449 exec/s: 15978 rss: 627Mb L: 4/422 MS: 1 EraseBytes-
#431739	REDUCE cov: 563 ft: 2486 corp: 585/38Kb lim: 449 exec/s: 15990 rss: 627Mb L: 47/422 MS: 1 EraseBytes-
#431790	REDUCE cov: 563 ft: 2486 corp: 585/38Kb lim: 449 exec/s: 15992 rss: 627Mb L: 239/422 MS: 1 EraseBytes-
#432026	REDUCE cov: 563 ft: 2486 corp: 585/38Kb lim: 449 exec/s: 16000 rss: 627Mb L: 18/422 MS: 1 EraseBytes-
#432223	REDUCE cov: 563 ft: 2486 corp: 585/38Kb lim: 449 exec/s: 16008 rss: 627Mb L: 3/422 MS: 2 EraseBytes-CopyPart-
#432579	REDUCE cov: 563 ft: 2486 corp: 585/38Kb lim: 449 exec/s: 16021 rss: 627Mb L: 43/422 MS: 1 EraseBytes-
#432758	REDUCE cov: 563 ft: 2486 corp: 585/38Kb lim: 449 exec/s: 16028 rss: 627Mb L: 25/422 MS: 4 CrossOver-CMP-ChangeByte-EraseBytes- DE: "\016\000"-
#432904	REDUCE cov: 563 ft: 2486 corp: 585/38Kb lim: 449 exec/s: 16033 rss: 627Mb L: 34/422 MS: 1 EraseBytes-
#433290	REDUCE cov: 563 ft: 2486 corp: 585/38Kb lim: 449 exec/s: 16047 rss: 627Mb L: 32/422 MS: 1 EraseBytes-
#434029	REDUCE cov: 563 ft: 2486 corp: 585/38Kb lim: 449 exec/s: 16075 rss: 627Mb L: 13/422 MS: 4 CopyPart-ChangeBit-ChangeBinInt-EraseBytes-
#434812	REDUCE cov: 563 ft: 2486 corp: 585/38Kb lim: 449 exec/s: 16104 rss: 627Mb L: 26/422 MS: 3 InsertByte-ChangeBinInt-EraseBytes-
#434994	REDUCE cov: 563 ft: 2486 corp: 585/38Kb lim: 449 exec/s: 16110 rss: 627Mb L: 40/422 MS: 2 ChangeByte-EraseBytes-
#435730	REDUCE cov: 563 ft: 2486 corp: 585/38Kb lim: 449 exec/s: 16138 rss: 628Mb L: 11/422 MS: 1 EraseBytes-
#435781	REDUCE cov: 563 ft: 2486 corp: 585/38Kb lim: 449 exec/s: 16140 rss: 628Mb L: 131/422 MS: 1 EraseBytes-
#436032	REDUCE cov: 563 ft: 2486 corp: 585/38Kb lim: 449 exec/s: 16149 rss: 628Mb L: 358/422 MS: 1 EraseBytes-
#436210	REDUCE cov: 563 ft: 2487 corp: 586/38Kb lim: 449 exec/s: 16155 rss: 628Mb L: 172/422 MS: 3 InsertRepeatedBytes-ChangeBit-CopyPart-
#437141	REDUCE cov: 563 ft: 2487 corp: 586/38Kb lim: 457 exec/s: 16190 rss: 628Mb L: 34/422 MS: 1 EraseBytes-
#437172	REDUCE cov: 563 ft: 2487 corp: 586/38Kb lim: 457 exec/s: 16191 rss: 628Mb L: 123/422 MS: 1 EraseBytes-
#437693	REDUCE cov: 563 ft: 2487 corp: 586/38Kb lim: 457 exec/s: 16210 rss: 628Mb L: 32/422 MS: 1 EraseBytes-
#438060	REDUCE cov: 563 ft: 2487 corp: 586/38Kb lim: 457 exec/s: 16224 rss: 628Mb L: 56/422 MS: 2 ChangeBit-EraseBytes-
#438101	REDUCE cov: 563 ft: 2487 corp: 586/38Kb lim: 457 exec/s: 16225 rss: 628Mb L: 5/422 MS: 1 EraseBytes-
#438970	REDUCE cov: 563 ft: 2491 corp: 587/38Kb lim: 465 exec/s: 16258 rss: 628Mb L: 445/445 MS: 4 ChangeBinInt-PersAutoDict-InsertByte-CopyPart- DE: "\377\377\377\377\377\377\377D"-
#439057	REDUCE cov: 563 ft: 2491 corp: 587/38Kb lim: 465 exec/s: 16261 rss: 628Mb L: 11/445 MS: 2 ChangeByte-EraseBytes-
#439405	REDUCE cov: 563 ft: 2491 corp: 587/38Kb lim: 465 exec/s: 16274 rss: 628Mb L: 229/445 MS: 3 ChangeByte-ChangeByte-EraseBytes-
#439640	REDUCE cov: 563 ft: 2491 corp: 587/38Kb lim: 465 exec/s: 16282 rss: 628Mb L: 134/445 MS: 5 InsertByte-ChangeBinInt-CopyPart-ChangeBinInt-EraseBytes-
#439641	REDUCE cov: 563 ft: 2491 corp: 587/38Kb lim: 465 exec/s: 16283 rss: 628Mb L: 55/445 MS: 1 EraseBytes-
#439698	REDUCE cov: 563 ft: 2491 corp: 587/38Kb lim: 465 exec/s: 16285 rss: 628Mb L: 11/445 MS: 2 ChangeByte-EraseBytes-
#440252	REDUCE cov: 563 ft: 2491 corp: 587/38Kb lim: 465 exec/s: 16305 rss: 628Mb L: 397/445 MS: 4 ChangeBit-ChangeByte-ChangeBit-EraseBytes-
#440324	REDUCE cov: 563 ft: 2491 corp: 587/38Kb lim: 465 exec/s: 16308 rss: 628Mb L: 68/445 MS: 2 ChangeBinInt-EraseBytes-
#440342	REDUCE cov: 563 ft: 2491 corp: 587/38Kb lim: 465 exec/s: 16308 rss: 628Mb L: 137/445 MS: 3 ChangeBit-InsertByte-EraseBytes-
#440494	REDUCE cov: 563 ft: 2491 corp: 587/38Kb lim: 465 exec/s: 16314 rss: 628Mb L: 66/445 MS: 2 PersAutoDict-EraseBytes- DE: "\377\377\377\377\377\377\377\377"-
#440786	REDUCE cov: 563 ft: 2491 corp: 587/38Kb lim: 465 exec/s: 16325 rss: 628Mb L: 34/445 MS: 2 PersAutoDict-EraseBytes- DE: "\034\000\000\000"-
#440977	REDUCE cov: 563 ft: 2491 corp: 587/38Kb lim: 465 exec/s: 16332 rss: 628Mb L: 10/445 MS: 1 EraseBytes-
#441128	REDUCE cov: 563 ft: 2491 corp: 587/38Kb lim: 465 exec/s: 16338 rss: 628Mb L: 35/445 MS: 1 EraseBytes-
#441309	REDUCE cov: 563 ft: 2491 corp: 587/38Kb lim: 465 exec/s: 16344 rss: 628Mb L: 91/445 MS: 1 EraseBytes-
#441381	REDUCE cov: 563 ft: 2491 corp: 587/38Kb lim: 465 exec/s: 16347 rss: 628Mb L: 148/445 MS: 2 InsertByte-EraseBytes-
#441424	REDUCE cov: 563 ft: 2492 corp: 588/39Kb lim: 465 exec/s: 16349 rss: 628Mb L: 370/445 MS: 3 CrossOver-CopyPart-CopyPart-
#442125	NEW    cov: 563 ft: 2495 corp: 589/39Kb lim: 465 exec/s: 16375 rss: 628Mb L: 459/459 MS: 1 CopyPart-
#442201	REDUCE cov: 563 ft: 2495 corp: 589/39Kb lim: 465 exec/s: 16377 rss: 628Mb L: 173/459 MS: 1 EraseBytes-
#443427	REDUCE cov: 563 ft: 2495 corp: 589/39Kb lim: 473 exec/s: 15836 rss: 628Mb L: 309/459 MS: 1 EraseBytes-
#443459	REDUCE cov: 563 ft: 2495 corp: 589/39Kb lim: 473 exec/s: 15837 rss: 628Mb L: 128/459 MS: 2 ChangeBit-EraseBytes-
#443645	REDUCE cov: 563 ft: 2495 corp: 589/39Kb lim: 473 exec/s: 15844 rss: 628Mb L: 3/459 MS: 1 EraseBytes-
#443796	REDUCE cov: 563 ft: 2495 corp: 589/39Kb lim: 473 exec/s: 15849 rss: 628Mb L: 100/459 MS: 1 EraseBytes-
#444109	REDUCE cov: 563 ft: 2495 corp: 589/39Kb lim: 473 exec/s: 15861 rss: 628Mb L: 241/459 MS: 3 PersAutoDict-InsertRepeatedBytes-EraseBytes- DE: "\000\000\000\000"-
#444197	REDUCE cov: 563 ft: 2495 corp: 589/39Kb lim: 473 exec/s: 15864 rss: 628Mb L: 9/459 MS: 3 PersAutoDict-ChangeByte-EraseBytes- DE: "\377%"-
#444383	REDUCE cov: 563 ft: 2495 corp: 589/39Kb lim: 473 exec/s: 15870 rss: 628Mb L: 34/459 MS: 1 EraseBytes-
#444495	REDUCE cov: 563 ft: 2495 corp: 589/39Kb lim: 473 exec/s: 15874 rss: 628Mb L: 11/459 MS: 2 InsertByte-EraseBytes-
#444991	REDUCE cov: 563 ft: 2495 corp: 589/39Kb lim: 473 exec/s: 15892 rss: 628Mb L: 32/459 MS: 1 EraseBytes-
#445543	REDUCE cov: 563 ft: 2495 corp: 589/39Kb lim: 473 exec/s: 15912 rss: 628Mb L: 55/459 MS: 2 ChangeByte-EraseBytes-
#445584	REDUCE cov: 563 ft: 2495 corp: 589/39Kb lim: 473 exec/s: 15913 rss: 628Mb L: 45/459 MS: 1 EraseBytes-
#445785	REDUCE cov: 563 ft: 2495 corp: 589/39Kb lim: 473 exec/s: 15920 rss: 628Mb L: 36/459 MS: 1 EraseBytes-
#446145	REDUCE cov: 563 ft: 2495 corp: 589/39Kb lim: 473 exec/s: 15933 rss: 628Mb L: 17/459 MS: 5 ChangeBit-ShuffleBytes-ShuffleBytes-InsertByte-EraseBytes-
#446156	REDUCE cov: 563 ft: 2496 corp: 590/39Kb lim: 473 exec/s: 15934 rss: 628Mb L: 415/459 MS: 1 CopyPart-
#446258	REDUCE cov: 563 ft: 2496 corp: 590/39Kb lim: 473 exec/s: 15937 rss: 628Mb L: 123/459 MS: 2 InsertByte-EraseBytes-
#446679	REDUCE cov: 563 ft: 2496 corp: 590/39Kb lim: 473 exec/s: 15952 rss: 628Mb L: 172/459 MS: 1 EraseBytes-
#446940	REDUCE cov: 563 ft: 2496 corp: 590/39Kb lim: 473 exec/s: 15962 rss: 628Mb L: 3/459 MS: 1 EraseBytes-
#447116	REDUCE cov: 563 ft: 2496 corp: 590/39Kb lim: 473 exec/s: 15968 rss: 628Mb L: 54/459 MS: 1 EraseBytes-
#447552	REDUCE cov: 563 ft: 2496 corp: 590/39Kb lim: 473 exec/s: 15984 rss: 628Mb L: 11/459 MS: 1 EraseBytes-
#447988	REDUCE cov: 563 ft: 2496 corp: 590/39Kb lim: 473 exec/s: 15999 rss: 628Mb L: 399/459 MS: 1 EraseBytes-
#448590	REDUCE cov: 563 ft: 2496 corp: 590/39Kb lim: 473 exec/s: 16021 rss: 628Mb L: 33/459 MS: 2 CopyPart-EraseBytes-
#448728	REDUCE cov: 563 ft: 2496 corp: 590/39Kb lim: 473 exec/s: 16026 rss: 628Mb L: 153/459 MS: 3 PersAutoDict-ShuffleBytes-EraseBytes- DE: "\377\377\377\377\377\377\377\013"-
#448731	NEW    cov: 563 ft: 2497 corp: 591/40Kb lim: 473 exec/s: 16026 rss: 628Mb L: 324/459 MS: 3 EraseBytes-ChangeByte-CrossOver-
#448754	REDUCE cov: 563 ft: 2497 corp: 591/40Kb lim: 473 exec/s: 16026 rss: 628Mb L: 7/459 MS: 3 InsertByte-ShuffleBytes-EraseBytes-
#449136	REDUCE cov: 563 ft: 2497 corp: 591/40Kb lim: 473 exec/s: 16040 rss: 629Mb L: 92/459 MS: 2 InsertByte-EraseBytes-
#449688	REDUCE cov: 563 ft: 2497 corp: 591/40Kb lim: 473 exec/s: 16060 rss: 629Mb L: 119/459 MS: 2 ChangeByte-EraseBytes-
#449690	REDUCE cov: 563 ft: 2497 corp: 591/40Kb lim: 473 exec/s: 16060 rss: 629Mb L: 41/459 MS: 2 ChangeBit-EraseBytes-
#450038	REDUCE cov: 563 ft: 2497 corp: 591/40Kb lim: 473 exec/s: 16072 rss: 629Mb L: 35/459 MS: 3 ChangeByte-ChangeBinInt-EraseBytes-
#450266	REDUCE cov: 563 ft: 2497 corp: 591/40Kb lim: 473 exec/s: 16080 rss: 629Mb L: 13/459 MS: 3 PersAutoDict-ShuffleBytes-EraseBytes- DE: "\377\377\376\375"-
#450377	REDUCE cov: 563 ft: 2497 corp: 591/40Kb lim: 473 exec/s: 16084 rss: 629Mb L: 362/459 MS: 1 EraseBytes-
#450530	REDUCE cov: 563 ft: 2497 corp: 591/40Kb lim: 473 exec/s: 16090 rss: 629Mb L: 33/459 MS: 3 CopyPart-CopyPart-EraseBytes-
#450795	REDUCE cov: 563 ft: 2497 corp: 591/40Kb lim: 473 exec/s: 16099 rss: 629Mb L: 90/459 MS: 5 InsertByte-ChangeBinInt-EraseBytes-CrossOver-CopyPart-
#450854	REDUCE cov: 563 ft: 2497 corp: 591/40Kb lim: 473 exec/s: 16101 rss: 629Mb L: 50/459 MS: 4 CopyPart-InsertByte-ShuffleBytes-EraseBytes-
#451786	REDUCE cov: 563 ft: 2497 corp: 591/40Kb lim: 481 exec/s: 16135 rss: 629Mb L: 37/459 MS: 2 ShuffleBytes-EraseBytes-
#451992	REDUCE cov: 563 ft: 2497 corp: 591/40Kb lim: 481 exec/s: 16142 rss: 629Mb L: 14/459 MS: 1 EraseBytes-
#452843	REDUCE cov: 563 ft: 2510 corp: 592/40Kb lim: 489 exec/s: 16172 rss: 629Mb L: 430/459 MS: 1 CopyPart-
#453094	REDUCE cov: 563 ft: 2510 corp: 592/40Kb lim: 489 exec/s: 16181 rss: 629Mb L: 58/459 MS: 1 EraseBytes-
#453206	NEW    cov: 563 ft: 2511 corp: 593/40Kb lim: 489 exec/s: 16185 rss: 629Mb L: 445/459 MS: 2 ShuffleBytes-CopyPart-
#453244	REDUCE cov: 563 ft: 2511 corp: 593/40Kb lim: 489 exec/s: 16187 rss: 629Mb L: 204/459 MS: 3 CopyPart-InsertByte-EraseBytes-
#453481	REDUCE cov: 563 ft: 2511 corp: 593/40Kb lim: 489 exec/s: 16195 rss: 629Mb L: 229/459 MS: 2 PersAutoDict-EraseBytes- DE: "\001\000\000\000\000\000\000\005"-
#453962	REDUCE cov: 563 ft: 2511 corp: 593/40Kb lim: 489 exec/s: 16212 rss: 629Mb L: 363/459 MS: 1 EraseBytes-
#454078	REDUCE cov: 563 ft: 2511 corp: 593/40Kb lim: 489 exec/s: 16217 rss: 629Mb L: 4/459 MS: 1 EraseBytes-
#454147	REDUCE cov: 563 ft: 2511 corp: 593/40Kb lim: 489 exec/s: 16219 rss: 629Mb L: 135/459 MS: 4 ChangeBinInt-ShuffleBytes-ShuffleBytes-EraseBytes-
#454471	REDUCE cov: 563 ft: 2511 corp: 593/40Kb lim: 489 exec/s: 16231 rss: 629Mb L: 293/459 MS: 4 ShuffleBytes-EraseBytes-CopyPart-EraseBytes-
#454740	REDUCE cov: 563 ft: 2511 corp: 593/40Kb lim: 489 exec/s: 16240 rss: 630Mb L: 43/459 MS: 4 PersAutoDict-ShuffleBytes-EraseBytes-CrossOver- DE: "\376\377\000\000"-
#454832	REDUCE cov: 563 ft: 2511 corp: 593/40Kb lim: 489 exec/s: 16244 rss: 630Mb L: 15/459 MS: 2 CopyPart-EraseBytes-
#455176	REDUCE cov: 563 ft: 2511 corp: 593/40Kb lim: 489 exec/s: 16256 rss: 630Mb L: 228/459 MS: 4 ShuffleBytes-ShuffleBytes-ShuffleBytes-EraseBytes-
#455319	REDUCE cov: 563 ft: 2512 corp: 594/41Kb lim: 489 exec/s: 16261 rss: 630Mb L: 440/459 MS: 3 ChangeBit-CopyPart-CopyPart-
#455616	REDUCE cov: 563 ft: 2512 corp: 594/41Kb lim: 489 exec/s: 16272 rss: 630Mb L: 410/459 MS: 2 CopyPart-EraseBytes-
#455787	REDUCE cov: 563 ft: 2512 corp: 594/41Kb lim: 489 exec/s: 16278 rss: 630Mb L: 47/459 MS: 1 EraseBytes-
#455865	REDUCE cov: 563 ft: 2512 corp: 594/41Kb lim: 489 exec/s: 16280 rss: 630Mb L: 119/459 MS: 3 ChangeByte-ChangeByte-EraseBytes-
#456051	REDUCE cov: 563 ft: 2512 corp: 594/41Kb lim: 489 exec/s: 16287 rss: 630Mb L: 88/459 MS: 1 EraseBytes-
#456183	REDUCE cov: 563 ft: 2512 corp: 594/41Kb lim: 489 exec/s: 16292 rss: 631Mb L: 33/459 MS: 2 ChangeBit-EraseBytes-
#456365	REDUCE cov: 563 ft: 2512 corp: 594/41Kb lim: 489 exec/s: 16298 rss: 631Mb L: 421/459 MS: 2 InsertByte-EraseBytes-
#457274	REDUCE cov: 563 ft: 2512 corp: 594/41Kb lim: 497 exec/s: 15768 rss: 631Mb L: 389/459 MS: 4 ChangeBit-ChangeByte-PersAutoDict-EraseBytes- DE: "\001\000\000\000\000\000\000\001"-
#458050	NEW    cov: 563 ft: 2515 corp: 595/41Kb lim: 497 exec/s: 15794 rss: 631Mb L: 453/459 MS: 1 CopyPart-
#458266	REDUCE cov: 563 ft: 2515 corp: 595/41Kb lim: 497 exec/s: 15802 rss: 631Mb L: 17/459 MS: 1 EraseBytes-
#458528	REDUCE cov: 563 ft: 2515 corp: 595/41Kb lim: 497 exec/s: 15811 rss: 631Mb L: 23/459 MS: 2 ChangeBinInt-EraseBytes-
#458967	REDUCE cov: 563 ft: 2515 corp: 595/41Kb lim: 497 exec/s: 15826 rss: 631Mb L: 383/459 MS: 4 ChangeByte-CrossOver-ShuffleBytes-CopyPart-
#459064	REDUCE cov: 563 ft: 2515 corp: 595/41Kb lim: 497 exec/s: 15829 rss: 631Mb L: 218/459 MS: 2 CopyPart-EraseBytes-
#459415	REDUCE cov: 563 ft: 2515 corp: 595/41Kb lim: 497 exec/s: 15841 rss: 631Mb L: 8/459 MS: 1 EraseBytes-
#459456	REDUCE cov: 563 ft: 2515 corp: 595/41Kb lim: 497 exec/s: 15843 rss: 631Mb L: 28/459 MS: 1 CrossOver-
#459842	REDUCE cov: 563 ft: 2515 corp: 595/41Kb lim: 497 exec/s: 15856 rss: 631Mb L: 8/459 MS: 1 EraseBytes-
#460243	REDUCE cov: 563 ft: 2515 corp: 595/41Kb lim: 497 exec/s: 15870 rss: 631Mb L: 15/459 MS: 1 EraseBytes-
#460320	REDUCE cov: 563 ft: 2515 corp: 595/41Kb lim: 497 exec/s: 15873 rss: 631Mb L: 272/459 MS: 2 PersAutoDict-EraseBytes- DE: "S\000\000\000"-
#460356	REDUCE cov: 563 ft: 2515 corp: 595/41Kb lim: 497 exec/s: 15874 rss: 631Mb L: 14/459 MS: 1 EraseBytes-
#460397	REDUCE cov: 563 ft: 2515 corp: 595/41Kb lim: 497 exec/s: 15875 rss: 631Mb L: 121/459 MS: 1 EraseBytes-
#460456	REDUCE cov: 563 ft: 2515 corp: 595/41Kb lim: 497 exec/s: 15877 rss: 631Mb L: 19/459 MS: 4 ChangeByte-ChangeBit-ShuffleBytes-EraseBytes-
#460862	REDUCE cov: 563 ft: 2515 corp: 595/41Kb lim: 497 exec/s: 15891 rss: 631Mb L: 6/459 MS: 1 EraseBytes-
#461238	REDUCE cov: 563 ft: 2515 corp: 595/41Kb lim: 497 exec/s: 15904 rss: 631Mb L: 14/459 MS: 1 EraseBytes-
#461249	REDUCE cov: 563 ft: 2515 corp: 595/41Kb lim: 497 exec/s: 15905 rss: 631Mb L: 8/459 MS: 1 EraseBytes-
#461337	REDUCE cov: 563 ft: 2515 corp: 595/41Kb lim: 497 exec/s: 15908 rss: 631Mb L: 124/459 MS: 3 InsertByte-ChangeBinInt-EraseBytes-
#461408	REDUCE cov: 563 ft: 2515 corp: 595/41Kb lim: 497 exec/s: 15910 rss: 631Mb L: 30/459 MS: 1 EraseBytes-
#461999	REDUCE cov: 563 ft: 2515 corp: 595/41Kb lim: 497 exec/s: 15931 rss: 632Mb L: 206/459 MS: 1 EraseBytes-
#462290	REDUCE cov: 563 ft: 2515 corp: 595/41Kb lim: 497 exec/s: 15941 rss: 632Mb L: 5/459 MS: 1 EraseBytes-
#463283	REDUCE cov: 563 ft: 2515 corp: 595/41Kb lim: 505 exec/s: 15975 rss: 633Mb L: 7/459 MS: 3 CrossOver-ChangeBinInt-EraseBytes-
#463639	REDUCE cov: 563 ft: 2515 corp: 595/41Kb lim: 505 exec/s: 15987 rss: 633Mb L: 356/459 MS: 1 EraseBytes-
#463715	REDUCE cov: 563 ft: 2515 corp: 595/41Kb lim: 505 exec/s: 15990 rss: 633Mb L: 51/459 MS: 1 EraseBytes-
#463937	REDUCE cov: 563 ft: 2515 corp: 595/41Kb lim: 505 exec/s: 15997 rss: 633Mb L: 41/459 MS: 2 EraseBytes-CopyPart-
#463960	REDUCE cov: 563 ft: 2515 corp: 595/41Kb lim: 505 exec/s: 15998 rss: 633Mb L: 145/459 MS: 3 ChangeBit-InsertByte-EraseBytes-
#464386	REDUCE cov: 563 ft: 2515 corp: 595/41Kb lim: 505 exec/s: 16013 rss: 633Mb L: 71/459 MS: 1 EraseBytes-
#464723	REDUCE cov: 563 ft: 2515 corp: 595/41Kb lim: 505 exec/s: 16024 rss: 633Mb L: 102/459 MS: 2 ChangeByte-EraseBytes-
#464874	REDUCE cov: 563 ft: 2515 corp: 595/41Kb lim: 505 exec/s: 16030 rss: 633Mb L: 141/459 MS: 1 EraseBytes-
#466282	REDUCE cov: 563 ft: 2515 corp: 595/41Kb lim: 513 exec/s: 16078 rss: 633Mb L: 24/459 MS: 3 ShuffleBytes-ShuffleBytes-EraseBytes-
#466296	REDUCE cov: 563 ft: 2515 corp: 595/41Kb lim: 513 exec/s: 16079 rss: 633Mb L: 31/459 MS: 4 InsertByte-ChangeBinInt-EraseBytes-ChangeByte-
#466297	REDUCE cov: 563 ft: 2517 corp: 596/41Kb lim: 513 exec/s: 16079 rss: 633Mb L: 205/459 MS: 1 CopyPart-
#466379	REDUCE cov: 563 ft: 2517 corp: 596/41Kb lim: 513 exec/s: 16082 rss: 633Mb L: 11/459 MS: 2 ChangeBit-EraseBytes-
#467410	REDUCE cov: 563 ft: 2517 corp: 596/41Kb lim: 522 exec/s: 16117 rss: 633Mb L: 8/459 MS: 1 EraseBytes-
#467684	REDUCE cov: 563 ft: 2517 corp: 596/41Kb lim: 522 exec/s: 16127 rss: 633Mb L: 152/459 MS: 4 InsertByte-ChangeBit-ChangeBit-EraseBytes-
#467736	REDUCE cov: 563 ft: 2517 corp: 596/41Kb lim: 522 exec/s: 16128 rss: 633Mb L: 100/459 MS: 2 ChangeByte-EraseBytes-
#468712	REDUCE cov: 563 ft: 2517 corp: 596/41Kb lim: 531 exec/s: 16162 rss: 634Mb L: 36/459 MS: 1 EraseBytes-
#468970	REDUCE cov: 563 ft: 2517 corp: 596/41Kb lim: 531 exec/s: 16171 rss: 634Mb L: 24/459 MS: 3 EraseBytes-ChangeBit-PersAutoDict- DE: "\000\000\000\000\000\000\000\001"-
#469994	REDUCE cov: 563 ft: 2517 corp: 596/41Kb lim: 540 exec/s: 16206 rss: 634Mb L: 28/459 MS: 4 InsertByte-EraseBytes-ChangeBit-EraseBytes-
#470482	REDUCE cov: 563 ft: 2517 corp: 596/41Kb lim: 540 exec/s: 16223 rss: 634Mb L: 359/459 MS: 3 ChangeBinInt-InsertByte-EraseBytes-
#471294	REDUCE cov: 563 ft: 2517 corp: 596/41Kb lim: 540 exec/s: 15709 rss: 635Mb L: 32/459 MS: 2 InsertRepeatedBytes-EraseBytes-
#471571	REDUCE cov: 563 ft: 2517 corp: 596/41Kb lim: 540 exec/s: 15719 rss: 635Mb L: 114/459 MS: 2 CrossOver-CopyPart-
#471582	REDUCE cov: 563 ft: 2517 corp: 596/41Kb lim: 540 exec/s: 15719 rss: 635Mb L: 31/459 MS: 1 EraseBytes-
#471655	REDUCE cov: 563 ft: 2517 corp: 596/41Kb lim: 540 exec/s: 15721 rss: 635Mb L: 5/459 MS: 3 ChangeBit-ChangeByte-EraseBytes-
#472252	REDUCE cov: 563 ft: 2517 corp: 596/41Kb lim: 540 exec/s: 15741 rss: 635Mb L: 68/459 MS: 2 ChangeBit-EraseBytes-
#472270	REDUCE cov: 563 ft: 2517 corp: 596/41Kb lim: 540 exec/s: 15742 rss: 635Mb L: 7/459 MS: 3 ShuffleBytes-CrossOver-EraseBytes-
#472413	REDUCE cov: 563 ft: 2517 corp: 596/41Kb lim: 540 exec/s: 15747 rss: 635Mb L: 12/459 MS: 3 ChangeBinInt-CrossOver-EraseBytes-
#472682	REDUCE cov: 563 ft: 2517 corp: 596/41Kb lim: 540 exec/s: 15756 rss: 635Mb L: 22/459 MS: 4 CopyPart-ChangeByte-ChangeByte-EraseBytes-
#473481	REDUCE cov: 563 ft: 2517 corp: 596/41Kb lim: 540 exec/s: 15782 rss: 635Mb L: 240/459 MS: 4 PersAutoDict-ChangeBit-CrossOver-EraseBytes- DE: "~\377\377\377\377\377\377\370"-
#473561	REDUCE cov: 563 ft: 2517 corp: 596/41Kb lim: 540 exec/s: 15785 rss: 635Mb L: 78/459 MS: 5 ShuffleBytes-ChangeByte-ChangeByte-ChangeBit-EraseBytes-
#473659	REDUCE cov: 563 ft: 2517 corp: 596/41Kb lim: 540 exec/s: 15788 rss: 635Mb L: 260/459 MS: 2 PersAutoDict-EraseBytes- DE: "\377\377\377\377\377\377\377\005"-
#474161	REDUCE cov: 563 ft: 2517 corp: 596/41Kb lim: 540 exec/s: 15805 rss: 635Mb L: 8/459 MS: 2 ChangeByte-EraseBytes-
#474323	REDUCE cov: 563 ft: 2520 corp: 597/42Kb lim: 540 exec/s: 15810 rss: 636Mb L: 523/523 MS: 2 ChangeBinInt-CopyPart-
#474336	REDUCE cov: 563 ft: 2520 corp: 597/42Kb lim: 540 exec/s: 15811 rss: 636Mb L: 29/523 MS: 3 ChangeByte-ChangeBinInt-EraseBytes-
#474527	REDUCE cov: 563 ft: 2520 corp: 597/42Kb lim: 540 exec/s: 15817 rss: 636Mb L: 6/523 MS: 1 EraseBytes-
#474763	REDUCE cov: 563 ft: 2520 corp: 597/42Kb lim: 540 exec/s: 15825 rss: 636Mb L: 45/523 MS: 1 EraseBytes-
#475305	REDUCE cov: 563 ft: 2520 corp: 597/41Kb lim: 540 exec/s: 15843 rss: 636Mb L: 94/523 MS: 2 ShuffleBytes-EraseBytes-
#475373	REDUCE cov: 563 ft: 2520 corp: 597/41Kb lim: 540 exec/s: 15845 rss: 636Mb L: 20/523 MS: 3 ChangeBit-InsertByte-EraseBytes-
#475945	REDUCE cov: 563 ft: 2520 corp: 597/41Kb lim: 540 exec/s: 15864 rss: 636Mb L: 13/523 MS: 2 CopyPart-EraseBytes-
#476476	REDUCE cov: 563 ft: 2520 corp: 597/41Kb lim: 540 exec/s: 15882 rss: 636Mb L: 209/523 MS: 1 EraseBytes-
#476632	REDUCE cov: 563 ft: 2520 corp: 597/41Kb lim: 540 exec/s: 15887 rss: 636Mb L: 11/523 MS: 1 EraseBytes-
#476646	REDUCE cov: 563 ft: 2520 corp: 597/41Kb lim: 540 exec/s: 15888 rss: 636Mb L: 92/523 MS: 4 CopyPart-EraseBytes-CopyPart-EraseBytes-
#476813	REDUCE cov: 563 ft: 2520 corp: 597/41Kb lim: 540 exec/s: 15893 rss: 636Mb L: 9/523 MS: 2 EraseBytes-CopyPart-
#476904	REDUCE cov: 563 ft: 2520 corp: 597/41Kb lim: 540 exec/s: 15896 rss: 636Mb L: 21/523 MS: 1 EraseBytes-
#477370	REDUCE cov: 563 ft: 2520 corp: 597/41Kb lim: 540 exec/s: 15912 rss: 636Mb L: 13/523 MS: 1 EraseBytes-
#477551	REDUCE cov: 563 ft: 2520 corp: 597/41Kb lim: 540 exec/s: 15918 rss: 636Mb L: 218/523 MS: 1 EraseBytes-
#478349	NEW    cov: 563 ft: 2521 corp: 598/42Kb lim: 540 exec/s: 15944 rss: 636Mb L: 363/523 MS: 3 ChangeByte-CopyPart-CopyPart-
#478675	REDUCE cov: 563 ft: 2521 corp: 598/42Kb lim: 540 exec/s: 15955 rss: 636Mb L: 11/523 MS: 1 EraseBytes-
#478746	REDUCE cov: 563 ft: 2521 corp: 598/42Kb lim: 540 exec/s: 15958 rss: 636Mb L: 83/523 MS: 1 EraseBytes-
#478837	REDUCE cov: 563 ft: 2521 corp: 598/42Kb lim: 540 exec/s: 15961 rss: 636Mb L: 108/523 MS: 1 EraseBytes-
#479144	REDUCE cov: 563 ft: 2521 corp: 598/42Kb lim: 540 exec/s: 15971 rss: 637Mb L: 354/523 MS: 2 PersAutoDict-EraseBytes- DE: "\377\377\377\007"-
#479145	REDUCE cov: 563 ft: 2521 corp: 598/42Kb lim: 540 exec/s: 15971 rss: 637Mb L: 27/523 MS: 1 EraseBytes-
#479566	REDUCE cov: 563 ft: 2521 corp: 598/42Kb lim: 540 exec/s: 15985 rss: 637Mb L: 40/523 MS: 1 EraseBytes-
#479695	REDUCE cov: 563 ft: 2521 corp: 598/42Kb lim: 540 exec/s: 15989 rss: 637Mb L: 31/523 MS: 4 ChangeByte-ShuffleBytes-ShuffleBytes-EraseBytes-
#479832	REDUCE cov: 563 ft: 2521 corp: 598/42Kb lim: 540 exec/s: 15994 rss: 637Mb L: 33/523 MS: 2 InsertByte-EraseBytes-
#480165	REDUCE cov: 563 ft: 2521 corp: 598/42Kb lim: 540 exec/s: 16005 rss: 637Mb L: 305/523 MS: 3 ChangeBit-ChangeBinInt-EraseBytes-
#481612	REDUCE cov: 563 ft: 2521 corp: 598/42Kb lim: 549 exec/s: 16053 rss: 638Mb L: 183/523 MS: 2 ChangeByte-EraseBytes-
#481683	REDUCE cov: 563 ft: 2521 corp: 598/42Kb lim: 549 exec/s: 16056 rss: 638Mb L: 102/523 MS: 1 EraseBytes-
#481729	REDUCE cov: 563 ft: 2521 corp: 598/42Kb lim: 549 exec/s: 16057 rss: 638Mb L: 228/523 MS: 1 EraseBytes-
#481762	REDUCE cov: 563 ft: 2521 corp: 598/42Kb lim: 549 exec/s: 16058 rss: 638Mb L: 56/523 MS: 3 ShuffleBytes-CMP-EraseBytes- DE: "\000\000\000\000"-
#482009	REDUCE cov: 563 ft: 2521 corp: 598/42Kb lim: 549 exec/s: 16066 rss: 638Mb L: 177/523 MS: 2 ShuffleBytes-EraseBytes-
#482199	NEW    cov: 563 ft: 2522 corp: 599/42Kb lim: 549 exec/s: 16073 rss: 638Mb L: 549/549 MS: 5 ChangeBinInt-ChangeByte-CopyPart-CopyPart-CopyPart-
#482280	REDUCE cov: 563 ft: 2522 corp: 599/42Kb lim: 549 exec/s: 16076 rss: 638Mb L: 449/549 MS: 1 EraseBytes-
#482323	REDUCE cov: 563 ft: 2522 corp: 599/42Kb lim: 549 exec/s: 16077 rss: 638Mb L: 18/549 MS: 3 ShuffleBytes-CopyPart-EraseBytes-
#482339	REDUCE cov: 563 ft: 2522 corp: 599/42Kb lim: 549 exec/s: 16077 rss: 638Mb L: 57/549 MS: 1 EraseBytes-
#482806	REDUCE cov: 563 ft: 2522 corp: 599/42Kb lim: 549 exec/s: 16093 rss: 638Mb L: 162/549 MS: 2 ShuffleBytes-EraseBytes-
#482992	REDUCE cov: 563 ft: 2522 corp: 599/42Kb lim: 549 exec/s: 16099 rss: 638Mb L: 49/549 MS: 1 EraseBytes-
#483429	REDUCE cov: 563 ft: 2522 corp: 599/42Kb lim: 549 exec/s: 16114 rss: 638Mb L: 106/549 MS: 2 ChangeBit-EraseBytes-
#483911	REDUCE cov: 563 ft: 2522 corp: 599/42Kb lim: 549 exec/s: 16130 rss: 638Mb L: 13/549 MS: 2 ChangeByte-EraseBytes-
#483977	REDUCE cov: 563 ft: 2522 corp: 599/42Kb lim: 549 exec/s: 16132 rss: 638Mb L: 231/549 MS: 1 EraseBytes-
#484038	REDUCE cov: 563 ft: 2522 corp: 599/42Kb lim: 549 exec/s: 16134 rss: 638Mb L: 7/549 MS: 1 EraseBytes-
#484226	REDUCE cov: 563 ft: 2522 corp: 599/42Kb lim: 549 exec/s: 16140 rss: 638Mb L: 41/549 MS: 3 ChangeBinInt-EraseBytes-CrossOver-
#484509	REDUCE cov: 563 ft: 2522 corp: 599/42Kb lim: 549 exec/s: 16150 rss: 638Mb L: 359/549 MS: 3 EraseBytes-InsertByte-CrossOver-
#484702	REDUCE cov: 563 ft: 2522 corp: 599/42Kb lim: 549 exec/s: 16156 rss: 638Mb L: 36/549 MS: 3 ChangeByte-ShuffleBytes-EraseBytes-
#485097	REDUCE cov: 563 ft: 2522 corp: 599/42Kb lim: 549 exec/s: 16169 rss: 638Mb L: 197/549 MS: 5 CrossOver-CopyPart-CrossOver-CopyPart-EraseBytes-
#485582	DONE   cov: 563 ft: 2522 corp: 599/42Kb lim: 549 exec/s: 15663 rss: 638Mb
###### Recommended dictionary. ######
"\377\377\377\377\377\377\377\377" # Uses: 880
"S\000\000\000" # Uses: 925
"\204\000" # Uses: 994
"\015\000\000\000\000\000\000\000" # Uses: 863
"\376\377\377\377\377\377\377\377" # Uses: 931
"\037\000\000\000\000\000\000\000" # Uses: 894
"n\000\000\000" # Uses: 965
"\033\000" # Uses: 1050
"\004\000\000\000\000\000\000\000" # Uses: 918
"\006\000\000\000\000\000\000\000" # Uses: 849
"\003\000\000\000\000\000\000\000" # Uses: 854
"\000\200" # Uses: 1003
"\001\200" # Uses: 943
"\017\000\000\000" # Uses: 866
"\001\000\377\375" # Uses: 913
"\001\000\000\000\000\000\000\000" # Uses: 851
"\000\000\000\200" # Uses: 894
"\001\000\000G" # Uses: 859
"\200\000" # Uses: 869
"\007\000\000\000" # Uses: 824
"\000\017" # Uses: 847
"\377\377\377Z" # Uses: 785
"g\000" # Uses: 818
"1\000\000\000\000\000\000\000" # Uses: 805
"\377\377\377\007" # Uses: 760
"\007\000\000\000\000\000\000\000" # Uses: 734
"\016\000" # Uses: 767
"\377\377\377\377\377\377\377\013" # Uses: 698
"\377m" # Uses: 692
"\001\000\000\000" # Uses: 644
"\377\377\377\015" # Uses: 714
"\001\000\000\000\000\000\000\012" # Uses: 642
"\005\000\000\000\000\000\000\000" # Uses: 673
"M\000\000\000" # Uses: 651
"\000\000\000P" # Uses: 658
"\015\000" # Uses: 617
"\205\000\000\000" # Uses: 624
"]\000\000\000" # Uses: 629
"\206\000" # Uses: 607
"\001I" # Uses: 539
"\377\377\377\377\377\377\377*" # Uses: 540
"\204\000\000\000" # Uses: 559
"\000\000\000\000\000\000\000\000" # Uses: 558
"\377\377\377\377\377\377\377\005" # Uses: 527
"\000\000" # Uses: 507
"\001\000\000\010" # Uses: 530
"F\000" # Uses: 469
"\027\000\000\000\000\000\000\000" # Uses: 522
"\000\000\000\000\000\000\000\005" # Uses: 468
"\201\000\000\000\000\000\000\000" # Uses: 449
"\177\000" # Uses: 486
"\377\377\376\375" # Uses: 391
"\206\000\000\000" # Uses: 363
"H\000" # Uses: 319
"i\000\000\000" # Uses: 292
"=\001\000\000\000\000\000\000" # Uses: 241
"\001\000\000\000\000\000\000\001" # Uses: 237
"~\377\377\377\377\377\377\370" # Uses: 217
"\001\000\004\233" # Uses: 221
"%\000" # Uses: 187
"\377%" # Uses: 208
"\021\000\000\000\000\000\000\000" # Uses: 184
"\377E" # Uses: 203
"\377\377\377\377\377\377\377D" # Uses: 199
"\000\000\000\000\000\000\000\001" # Uses: 182
"x\000\000\000\000\000\000\000" # Uses: 163
"\325\001\000\000\000\000\000\000" # Uses: 178
"\001\000\000\000\000\000\000\005" # Uses: 166
"\000\000\000o" # Uses: 177
"\201\000" # Uses: 155
"`\000\000\000" # Uses: 169
"\011\000\000\000\000\000\000\000" # Uses: 162
"\001\000\000\016" # Uses: 147
"$\000\000\000" # Uses: 123
"\377\377\377\377\377\377\377\003" # Uses: 135
"'\000\000\000\000\000\000\000" # Uses: 114
"\011\000" # Uses: 139
"\201\000\000\000" # Uses: 117
"\377\204" # Uses: 105
"\001\010" # Uses: 84
"\001\000\000\000\000\000\000\010" # Uses: 101
"\376\377\000\000" # Uses: 99
"\000\000\000\000\000\000\000\022" # Uses: 99
"\004\377\377\377\377\377\377\377" # Uses: 66
"\022\000" # Uses: 75
"\000\000\000\000\000\000\000\002" # Uses: 73
"\373\377" # Uses: 85
"\034\000\000\000" # Uses: 70
"\000\000\000\000" # Uses: 69
"b\000\000\000" # Uses: 56
"\000h" # Uses: 60
###### End of recommended dictionary. ######
Done 485582 runs in 31 second(s)
